scenario,repeat,policy,requests,cache_hit_rate,mean_latency_ms,p95_latency_ms,p99_latency_ms,p99_queue_ms,max_queue_ms,worker_request_cv,slo_pass
uniform-80,1,random,4113,0.2460491125699003,64.09442931170693,138.8791569062887,189.3675882557436,146.07532256426202,277.5106865374073,0.02488700162183223,true
uniform-80,1,least-loaded,4113,0.2487235594456601,43.68089879882226,71.21534196045832,83.57814375295493,10.801565752371971,25.421299532587,0.006942906841364257,true
uniform-80,1,prefix-affinity,4113,0.9965961585217603,19.22712976004534,33.05269498125563,44.34498976953182,25.319466574466787,65.5947878324223,0.053064799846443876,true
uniform-80,1,bounded-affinity,4113,0.9815220034038414,19.44759811843353,33.76164144456561,51.70465953751955,20.885081092790642,31.415318691284483,0.050604080987045545,true
uniform-80,2,random,3972,0.25075528700906347,62.88080053968072,140.5205689277027,188.5608393740622,140.7675043269919,205.64113963584532,0.044428407517973986,true
uniform-80,2,least-loaded,3972,0.26007049345417926,43.12102271375202,70.71188181301841,83.18377979526122,7.572611446033989,27.381255257772864,0.009708605698237028,true
uniform-80,2,prefix-affinity,3972,0.9984894259818731,18.904200329092554,31.581107514219184,41.21014063131588,22.980779447272653,43.836406322776384,0.028804566640648514,true
uniform-80,2,bounded-affinity,3972,0.9869083585095669,19.14523573092782,32.35369694860128,45.62701168772401,20.47212038355792,24.842257759722997,0.031194073698221983,true
uniform-80,3,random,4042,0.2429490351311232,62.28748640197245,130.84488251855146,180.17745394553276,133.8789790844603,265.0337179488706,0.03309184469468125,true
uniform-80,3,least-loaded,4042,0.2612568035625928,42.913769372416944,71.70487406657048,83.05085794129263,7.841721553088064,31.099870646106865,0.007506492868420558,true
uniform-80,3,prefix-affinity,4042,0.9975259772389906,18.818672731004273,31.043461219487654,43.12789714390237,24.206718888133764,52.530544448549335,0.05513779788116166,true
uniform-80,3,bounded-affinity,4042,0.9839188520534389,19.031706001743057,31.875601141611696,48.419195980892255,19.41280028915571,24.863445580675034,0.048946028797447645,true
uniform-80,4,random,3878,0.24729241877256317,60.66478485090632,127.79374056548477,188.49037211180257,139.08898680661514,290.6122405443457,0.04905215819728604,true
uniform-80,4,least-loaded,3878,0.2478081485301702,43.37506592026178,71.39985212715328,82.6771089053691,4.837632467319054,33.09356096486408,0.009950429854684813,true
uniform-80,4,prefix-affinity,3878,0.9987106756059825,18.876805401580718,31.84772932600754,42.77939652427085,24.24399205881491,47.1980093211605,0.024978295509051958,true
uniform-80,4,bounded-affinity,3878,0.984785972150593,19.064786243637464,32.69038197397458,47.40936973546923,19.84888395050075,24.24399205881491,0.022831208464606914,true
uniform-80,5,random,4009,0.24844100773260164,63.61407502923957,138.80508903742157,215.31427788967267,166.08699874628655,328.577551797709,0.045473057957123426,true
uniform-80,5,least-loaded,4009,0.2531803442254926,43.02861162570645,70.29336536543997,81.15729222217487,3.2879942450999806,20.195451980696816,0.011970601820847535,true
uniform-80,5,prefix-affinity,4009,0.9955101022698928,18.764859825599054,30.798073414411192,46.14343565134914,22.734337129866617,50.20218061537889,0.02722522894444939,true
uniform-80,5,bounded-affinity,4009,0.9837864804190571,18.925482981322688,31.522639737959253,47.90676348445413,19.347622682587826,24.903642229481193,0.027624673897684332,true
uniform-80,6,random,3953,0.24614217050341514,63.21842823257552,137.39766848358704,203.91163799670176,153.48157325158536,284.80119409051986,0.05859166628811594,true
uniform-80,6,least-loaded,3953,0.25828484695168225,43.214339020312565,70.44060437309963,82.42314804229682,4.7019365040250705,24.650359879913594,0.010527190193461563,true
uniform-80,6,prefix-affinity,3953,0.9956994687579054,18.93124262018534,31.785156878628186,43.42147091784318,22.3916388504731,39.23161669381079,0.030246610112605647,true
uniform-80,6,bounded-affinity,3953,0.986592461421705,19.103273605533744,32.2483567790423,45.69156734704302,19.583825420042558,24.716420159973495,0.03097877001847972,true
uniform-80,7,random,3949,0.24892377817168904,61.901050723152835,132.87176620932587,190.54348422452313,142.9017329062699,247.08656690531643,0.04521474757083773,true
uniform-80,7,least-loaded,3949,0.24082046087617118,43.932366457781086,70.98244226299721,82.96897030323817,7.554520132001926,25.946057836879845,0.007029922206962275,true
uniform-80,7,prefix-affinity,3949,0.9982273993416054,19.100144887101713,32.64258863306168,45.01323136626888,25.533222534846573,42.99350295509066,0.0423014904422821,true
uniform-80,7,bounded-affinity,3949,0.9863256520638136,19.224032739747795,33.00917888798358,48.04765182809206,20.865030086773913,24.919123324485554,0.045576348214011325,true
uniform-80,8,random,4097,0.24749816939223823,62.652592928388,137.1933781789885,200.89297023692598,159.1375101802223,247.25137204458224,0.02334276765923172,true
uniform-80,8,least-loaded,4097,0.25677324871857454,43.02578169601625,71.16827086228295,82.83522783080844,6.9273493369764765,26.851595049236494,0.00865331581705508,true
uniform-80,8,prefix-affinity,4097,0.9973151086160605,19.071965609503188,32.14574759993411,48.2911481074043,25.591966331638105,73.93844790903677,0.04135459890891837,true
uniform-80,8,bounded-affinity,4097,0.985843299975592,19.09399405858492,32.511892616759724,48.58339892105869,19.63265813596081,24.90308537346573,0.03523542342831601,true
uniform-80,9,random,4104,0.24537037037037038,63.890748037219964,141.21935934847716,201.77113845480926,169.56305098911253,363.9283323604068,0.026122572299134852,true
uniform-80,9,least-loaded,4104,0.2595029239766082,43.121044710890985,71.68635399454797,83.53864911245546,10.195293627984938,30.61304942305287,0.01027678148206478,true
uniform-80,9,prefix-affinity,4104,0.996832358674464,19.077121195067093,32.77428413800226,44.40475030132802,25.273971921906195,50.683391953523824,0.03774417991362123,true
uniform-80,9,bounded-affinity,4104,0.9809941520467836,19.34532898051478,33.85013823683403,48.550668379773924,20.344882671241066,24.692760459089186,0.03946543980479929,true
uniform-80,10,random,3915,0.248786717752235,62.23182698724419,135.74794773359827,201.24749995504317,145.58965264975996,263.17376566596795,0.02363784013725653,true
uniform-80,10,least-loaded,3915,0.254661558109834,43.16470030932256,70.44606400996418,81.27551765671524,5.2761686454105075,25.606358018849278,0.00494148465664856,true
uniform-80,10,prefix-affinity,3915,0.9982120051085568,18.874142823602185,31.23711616257424,40.84290892347053,21.53832738064375,46.48653491665755,0.035804457922504425,true
uniform-80,10,bounded-affinity,3915,0.9902937420178799,18.985227992902995,31.68890648469096,41.74731572227756,19.6178830768622,24.955205496778945,0.03732663651787329,true
uniform-80,11,random,4049,0.2556186712768585,62.79146156095687,134.4757423634146,186.46364879786415,137.7908220907193,252.0078109120659,0.031159835435560813,true
uniform-80,11,least-loaded,4049,0.25635959496171895,43.39153492686013,71.62936523359531,85.29641648886536,6.9068288501221105,25.418229074712144,0.010417708152430462,true
uniform-80,11,prefix-affinity,4049,0.996789330698938,19.11425189300246,32.70252380443708,44.81520253216513,25.65090844334918,48.93821659527748,0.04453488073455368,true
uniform-80,11,bounded-affinity,4049,0.9861694245492715,19.192584118637658,32.70252380443708,45.67565079453925,19.66351676742852,24.75396329216892,0.04312043361463157,true
uniform-80,12,random,4052,0.2475320829220138,64.3859146843183,141.22726112002783,195.37007570868445,143.79874503741303,233.3909827133357,0.03838391342521796,true
uniform-80,12,least-loaded,4052,0.24111549851924977,43.90726421098232,71.738777800776,83.34912485591121,7.610587097136886,30.516428126080427,0.01026032003941849,true
uniform-80,12,prefix-affinity,4052,0.9970384995064165,19.103141563614614,33.04442855914749,44.74544623276233,24.387712604861008,48.149702432107006,0.04733075157741257,true
uniform-80,12,bounded-affinity,4052,0.9893879565646594,19.07041366781244,32.73950253538351,43.69166973537722,20.667745806284074,24.6807997636206,0.04038326530918479,true
uniform-80,13,random,3926,0.2572592969943963,62.01979309135929,135.56247061636532,186.14879114424548,139.54052690289973,302.4413101515511,0.05073300862298707,true
uniform-80,13,least-loaded,3926,0.2618441161487519,43.10224614475872,71.92366015067455,83.47288411556656,9.212180520444235,30.41130394737411,0.010888468976030784,true
uniform-80,13,prefix-affinity,3926,0.9974528782475802,18.90774675096765,31.45919234707617,46.61662198006525,26.669565122421773,61.042031205564854,0.03356183148943109,true
uniform-80,13,bounded-affinity,3926,0.9834437086092715,19.05760857285621,31.956815798508615,50.495787968429795,20.26085330083879,24.71447642012936,0.030296909797885484,true
uniform-80,14,random,4049,0.26525067918004447,61.343986063586385,129.5953588800403,182.58522692771658,135.38166423236544,273.0775033785976,0.03981639090022743,true
uniform-80,14,least-loaded,4049,0.24005927389478884,43.70808838567353,71.09314407320198,83.37375148337014,10.318049725967285,27.85743512220506,0.006402434344437395,true
uniform-80,14,prefix-affinity,4049,0.9980242035070388,19.133527363641374,32.837407259961765,44.052873870637995,25.587785811760114,54.11274289369794,0.05112296661645378,true
uniform-80,14,bounded-affinity,4049,0.9834527043714497,19.289020506542407,33.419971818322665,49.02355303799777,20.720817289300612,24.896045913692433,0.04949850234066372,true
uniform-80,15,random,3968,0.2578125,62.35240471182955,134.1308125965661,194.86844524702974,148.08356288639516,265.01967844997125,0.02634724392227534,true
uniform-80,15,least-loaded,3968,0.25882056451612906,43.020788531937576,70.2466117041331,81.72841754316323,5.829364234341483,20.649778052167676,0.01297325903522979,true
uniform-80,15,prefix-affinity,3968,0.9954637096774194,18.892760452744454,31.753252440226788,44.335352294740005,23.68226908901488,62.69744017682933,0.0378672304314514,true
uniform-80,15,bounded-affinity,3968,0.9846270161290323,19.036186159387658,32.23935060803342,47.378361279805176,19.586903227442235,24.700900731204456,0.030390531893034117,true
uniform-80,16,random,4019,0.25429211246578753,63.765869713864575,141.81117167790944,197.5845541648887,152.23764768382534,285.625023764107,0.0410480215413264,true
uniform-80,16,least-loaded,4019,0.2634983826822593,43.0573276064509,71.15034220804228,84.34775133663788,5.9240904860635055,24.18009456479922,0.009378874229232491,true
uniform-80,16,prefix-affinity,4019,0.9975118188604131,18.952485605128853,32.17319157790189,41.34229020723615,22.3491039586861,47.89977575840021,0.039851126381547995,true
uniform-80,16,bounded-affinity,4019,0.9878079124160238,19.09304940659446,32.64053997363226,42.31669703876105,19.88520878640702,24.955168683605734,0.036192579687549346,true
uniform-80,17,random,4108,0.247809152872444,64.20587703144052,139.2502885164722,200.1205043486989,153.39488958120637,291.005290581219,0.053894698195117906,true
uniform-80,17,least-loaded,4108,0.24074975657254138,43.94139752607638,71.98778320297424,86.131519946568,12.75755370000843,25.358450171435834,0.00998526704382083,true
uniform-80,17,prefix-affinity,4108,0.9973222979552093,19.086303040077663,32.62271187099395,44.850448394714476,25.05000264084083,59.86272760893189,0.037878545984343176,true
uniform-80,17,bounded-affinity,4108,0.9888023369036028,19.070735190335387,32.42406752613897,45.27955984727305,19.73016700512744,24.59260515441565,0.032697943356766776,true
uniform-80,18,random,4049,0.2524080019757965,63.45697572294481,140.38577114064537,205.83565309963888,158.69907641407917,253.84250159574367,0.047133148906157975,true
uniform-80,18,least-loaded,4049,0.25166707829093604,43.430757640739,70.88835597815341,82.75892757286965,5.449820993249887,22.980502195263398,0.011326715802208934,true
uniform-80,18,prefix-affinity,4049,0.9992590763151395,18.835902882384733,31.24771006077208,42.11392708092171,22.59797629833338,47.830085338391655,0.048125851837598585,true
uniform-80,18,bounded-affinity,4049,0.9913558903432946,18.924157940354956,31.494733609026298,42.73685611158362,20.030776665342273,24.94324439762204,0.049482189321943836,true
uniform-80,19,random,3988,0.24448345035105315,61.1646643455217,131.5688605406067,177.93423170698952,131.30804218626872,191.78377935707977,0.03536753377704096,true
uniform-80,19,least-loaded,3988,0.25501504513540624,43.05655426975087,70.42231290966629,82.13611594792746,7.5641289559571305,49.850228938543296,0.00879547228577066,true
uniform-80,19,prefix-affinity,3988,0.9969909729187563,18.854455153170875,31.858521335787373,43.746105760437786,23.54337262259287,57.58868441522645,0.04039247601903614,true
uniform-80,19,bounded-affinity,3988,0.9882146439317954,18.958916019181917,32.25449992051108,44.59937711789826,20.22318038837693,24.762645428254473,0.036370445435706666,true
uniform-80,20,random,3962,0.25340737001514385,62.030259713189494,134.7050835831251,194.81994429751467,145.80834619058442,226.66444377843436,0.050955314514532404,true
uniform-80,20,least-loaded,3962,0.25340737001514385,43.33824972037868,70.88131239228824,83.3438081094937,8.284904627544165,23.556534912895586,0.008715882504856354,true
uniform-80,20,prefix-affinity,3962,0.9982332155477032,18.760326604892505,30.839480090657162,43.589060586033156,23.290207044228737,61.31408828805979,0.03401126618862919,true
uniform-80,20,bounded-affinity,3962,0.9904088844018173,18.79425533613862,31.048620179273712,43.18741889833109,19.79106567454437,24.46247031965686,0.03597511576056146,true
uniform-80,21,random,3999,0.24956239059764943,61.83446913816448,132.77847391086834,183.05504401949656,135.09494503139285,253.17063154546486,0.03785966059912644,true
uniform-80,21,least-loaded,3999,0.24731182795698925,43.432555031209255,70.5366814277586,82.9768377918299,6.0142333112235065,24.12498369126115,0.008844964840314579,true
uniform-80,21,prefix-affinity,3999,0.9969992498124531,18.914587376918014,31.250164424880495,42.262259091166925,23.19008349897922,68.58617535993471,0.022625200925516155,true
uniform-80,21,bounded-affinity,3999,0.9877469367341836,19.004794159702726,31.66353501755293,44.24773549972451,20.00476750441885,24.984567031573533,0.02431050087049144,true
uniform-80,22,random,3961,0.24715980812926028,62.644242023562576,138.22138101675955,193.08198402593553,152.24213946666714,348.3249339340873,0.05497773993729234,true
uniform-80,22,least-loaded,3961,0.25170411512244384,43.50367004141617,70.69012311993356,81.48586117936065,9.725579636986367,26.656676731361586,0.011720180514716823,true
uniform-80,22,prefix-affinity,3961,0.996718000504923,18.98656815519695,31.728181289799977,44.48244055127725,21.913935000628044,75.99149678776666,0.031877905937400176,true
uniform-80,22,bounded-affinity,3961,0.986872002019692,19.151558746516372,32.689976973550074,47.85966238362016,20.32269622392414,24.819365790222946,0.03432172195567966,true
uniform-80,23,random,3968,0.24319556451612903,61.27772351821393,130.48226835517562,181.05464872281664,129.69583589865942,219.97731203441072,0.05792811627638132,true
uniform-80,23,least-loaded,3968,0.24873991935483872,43.200248165026025,70.47353707765433,81.86515824936941,5.337274840741884,26.22682360381441,0.011324599366223662,true
uniform-80,23,prefix-affinity,3968,0.9979838709677419,18.75415056111226,31.28147186717615,42.830590726371156,23.41622602224379,59.331563475945586,0.030384756982794688,true
uniform-80,23,bounded-affinity,3968,0.9873991935483871,18.879649442153475,31.89726923850685,44.41045481502806,20.1465535799216,24.91711848241539,0.02584874163768365,true
uniform-80,24,random,3917,0.2575950982895073,60.12185396045589,130.35632749616343,174.99374923606229,129.24253299080374,176.85998420952455,0.033151630549815125,true
uniform-80,24,least-loaded,3917,0.2588715853969875,42.78739196383656,70.60022590443259,81.38787204599794,5.276894810995145,22.850030480651185,0.0156696841184208,true
uniform-80,24,prefix-affinity,3917,0.9977023232065356,19.015261806770233,32.09687737261265,44.91010211476896,25.061237769834406,78.9900450987625,0.03220405034192939,true
uniform-80,24,bounded-affinity,3917,0.9859586418177176,19.11783752222902,32.49072267899464,46.53374426536902,20.482102856174606,24.97755658376991,0.025562103686007025,true
uniform-80,25,random,3943,0.25513568348972865,60.252897414055944,124.34881107416004,168.23697123920283,119.93405304752014,178.54812805206166,0.03737656696700415,true
uniform-80,25,least-loaded,3943,0.23662186152675627,43.90873157823839,71.2880169012933,83.40962268323347,3.8402703173051123,25.083055789022183,0.005959753265596064,true
uniform-80,25,prefix-affinity,3943,0.9974638600050723,19.046323885084718,32.318163239186106,44.15724394326389,23.91243612553808,58.351547861610015,0.03297205699002173,true
uniform-80,25,bounded-affinity,3943,0.9868120720263759,19.139095137826796,32.77749624631542,45.485569928743644,20.349800635849533,24.879022257846373,0.03450620613474062,true
uniform-80,26,random,4044,0.23565776458951534,64.18915959513667,139.2420672330336,193.65108941525978,146.81652166407002,242.8243653073514,0.023238346463864957,true
uniform-80,26,least-loaded,4044,0.26211671612265086,42.68154361363629,69.72800783167622,81.19522254006733,3.917296266887206,18.420261172694154,0.010088948123991776,true
uniform-80,26,prefix-affinity,4044,0.9970326409495549,18.849203674541435,31.38806615249632,42.47430883386005,23.376975376730115,55.01859961712762,0.03316491470913913,true
uniform-80,26,bounded-affinity,4044,0.9856577645895154,19.039923033685305,32.106432742919424,47.16277281112707,19.6902389730094,24.919444617600675,0.02644461031319529,true
uniform-80,27,random,4041,0.2657757980697847,60.69816591829321,130.3265824935006,181.30603642423375,131.1168469832919,347.8940131058662,0.03479984724311392,true
uniform-80,27,least-loaded,4041,0.25092798812175204,43.3721092844697,69.88224117457139,81.19327844415966,8.052521516488923,31.96625009139825,0.006606110652353427,true
uniform-80,27,prefix-affinity,4041,0.9970304380103935,19.00455612390165,32.365445564864785,43.13750875844744,23.3465865716571,46.595218060749175,0.03224710848846678,true
uniform-80,27,bounded-affinity,4041,0.9883692155407078,19.094030356351393,32.66628585019498,43.44405688976258,19.71258960571504,24.9594180588756,0.0286172146179413,true
uniform-80,28,random,4032,0.25124007936507936,63.27582041233461,136.62106501325616,203.87250717554707,153.5889530833665,404.1764937143089,0.047754239819603306,true
uniform-80,28,least-loaded,4032,0.251984126984127,43.585696598674474,71.81790480693599,84.35662176345068,5.585079138276342,31.768747443711618,0.004747979434642812,true
uniform-80,28,prefix-affinity,4032,0.9975198412698413,18.98532087161733,31.530897545242624,44.42317955689214,23.495567056808795,52.48994543988374,0.026934172775123402,true
uniform-80,28,bounded-affinity,4032,0.9858630952380952,19.191788387902594,32.20563257379581,47.78971639513475,20.13838585573103,24.97567487676133,0.027275065306779842,true
uniform-80,29,random,3933,0.24154589371980675,61.743352986780565,131.41948943058378,179.4811638852625,125.5063994234988,239.30159131454275,0.03858037460744414,true
uniform-80,29,least-loaded,3933,0.2585812356979405,43.09981328343442,70.45317729788803,81.64684192063214,8.203029825694102,25.128877178976836,0.01311248925677719,true
uniform-80,29,prefix-affinity,3933,0.9977116704805492,18.835352787347745,31.379018944891868,44.6053202141411,24.326729495165637,58.39942861661984,0.02175700651124794,true
uniform-80,29,bounded-affinity,3933,0.9875413170607679,18.97755706972881,32.21099115417019,45.5265928253466,20.24920296880373,24.77673375541781,0.0225844392802279,true
uniform-80,30,random,4069,0.2455148685180634,64.27243670221301,141.14437311390066,203.90100123862067,157.93290204855293,269.58969780366897,0.0361113043033319,true
uniform-80,30,least-loaded,4069,0.26001474563774885,43.17626411836972,70.88173523746809,82.93727111334556,7.086036187334685,29.87361652863183,0.009740890314325143,true
uniform-80,30,prefix-affinity,4069,0.9980339149668224,18.85384332482206,31.699914210272254,41.83292011269077,22.97176932678485,47.98884104524768,0.03404819263093516,true
uniform-80,30,bounded-affinity,4069,0.9901695748341116,18.963190711215674,32.46942174566357,45.02864868117831,20.642508853952677,24.885500026248337,0.034087716065875864,true
uniform-80,31,random,4015,0.25155666251556663,61.762078485532825,134.84571587366736,187.25511716047185,135.84167475182767,216.59374748515984,0.04273630493937856,true
uniform-80,31,least-loaded,4015,0.25628891656288916,43.20113311117555,71.55697728372616,82.9036974161063,6.752200234455813,22.720120103556837,0.007837366395217035,true
uniform-80,31,prefix-affinity,4015,0.9965130759651307,19.008449855629763,32.73521532086306,43.720078713795374,24.166550668451237,48.31191075777315,0.04178531385522654,true
uniform-80,31,bounded-affinity,4015,0.9845579078455791,19.143784394357983,33.00789663827891,45.785403431338636,19.492960608658905,24.973561838174646,0.040836987121286465,true
uniform-80,32,random,4072,0.2480353634577603,62.40794720143693,132.6916999492605,197.07005130228936,152.01958376309267,251.63457254827517,0.046080579198646825,true
uniform-80,32,least-loaded,4072,0.24238703339882123,43.65925761724225,70.42419124599837,82.72896188043524,10.985076912087607,25.79485526040662,0.012352013442735225,true
uniform-80,32,prefix-affinity,4072,0.9977897838899804,19.031839584549097,32.4956803998939,45.12013559085062,25.328028789517703,87.85472961644155,0.05031638860838973,true
uniform-80,32,bounded-affinity,4072,0.9855108055009824,19.146214321269962,32.67263091692439,49.66976139500184,20.438558903908415,24.95295030116722,0.04682036704824705,true
uniform-80,33,random,4013,0.2541739347121854,62.06371499523507,131.89081264525157,183.48680296938255,140.36138853375815,262.0115793914647,0.055409752805157864,true
uniform-80,33,least-loaded,4013,0.2424619985048592,43.803295357311775,71.19876085330179,83.19412625931727,8.097661416213668,22.241380519193626,0.006594714271196022,true
uniform-80,33,prefix-affinity,4013,0.9970097184151507,19.285652429031213,33.11227203044109,47.158456483906775,29.45539824250409,97.3169584497009,0.03762043591568591,true
uniform-80,33,bounded-affinity,4013,0.9790680289060553,19.433383191628582,33.93871835281607,52.89251784829321,20.906348609016277,24.980361042402365,0.03593342056446314,true
uniform-80,34,random,3995,0.24405506883604505,61.57721748895097,128.47085361628706,185.7403499646607,140.47985786122445,208.90015454918466,0.04033983067711331,true
uniform-80,34,least-loaded,3995,0.2423028785982478,43.94430830633213,71.88788895594917,83.36560232027114,8.040837578726496,29.927386596747965,0.010676818806826078,true
uniform-80,34,prefix-affinity,3995,0.9974968710888611,18.95292472324528,32.02868245670834,44.96440574754524,23.61163404738909,54.99580767045154,0.03031286535605275,true
uniform-80,34,bounded-affinity,3995,0.9859824780976221,19.119022552379015,32.788843110414746,47.802800025387114,19.655675275691465,24.97853710162599,0.03687757690888001,true
uniform-80,35,random,4074,0.24717722140402554,63.29242804568172,134.3385622107744,184.47455735765834,138.86445605032714,222.1840791561699,0.04050316375643764,true
uniform-80,35,least-loaded,4074,0.25208640157093765,43.373886094244845,71.6195550679331,82.83785636247922,5.023270412933925,35.3683956941677,0.006568786270123946,true
uniform-80,35,prefix-affinity,4074,0.997545409916544,18.9949886012342,32.078504699038604,44.288972817921604,24.580909725445963,56.403442225418985,0.03412745682772281,true
uniform-80,35,bounded-affinity,4074,0.9864997545409917,19.141133632302854,33.01486475844649,46.53916145764015,20.617599530216467,24.974728713754303,0.026039024628709932,true
uniform-80,36,random,3963,0.24375473126419378,62.19365231856781,135.1371868493261,182.45634913387403,139.36887138082238,216.4242984237062,0.036749426862572196,true
uniform-80,36,least-loaded,3963,0.24451173353520061,43.67840388449217,71.24756980650272,83.3696304207624,8.468260720950639,26.445612245654047,0.009989996117590164,true
uniform-80,36,prefix-affinity,3963,0.9972243250063083,18.78044908146499,31.245345726209052,42.270953774714144,22.11976420110659,47.562621732133266,0.03050465809541814,true
uniform-80,36,bounded-affinity,3963,0.9863739591218774,18.950920594538964,31.7226773164075,43.97759469837911,18.98232620784256,24.647629774590314,0.03245726869372637,true
uniform-80,37,random,4058,0.24864465253819615,62.54458934554536,137.88355311116175,193.47719810575654,147.95249415998842,215.51204938159935,0.03388842640187311,true
uniform-80,37,least-loaded,4058,0.2562838836865451,42.83205013554062,70.19728229335306,81.809510005005,5.850924262864282,30.970807558223896,0.009135496515142824,true
uniform-80,37,prefix-affinity,4058,0.9970428782651553,18.91658324863443,32.17118012705032,44.754524086216406,25.15399171458921,64.4014706218968,0.03906698163581127,true
uniform-80,37,bounded-affinity,4058,0.9847215377033022,19.05326380112002,32.74877149855456,46.78700726914394,20.37236623202807,24.98862704596104,0.03853781836501964,true
uniform-80,38,random,3986,0.24736578023080782,63.8890231062337,142.84388385269995,201.554849255539,151.62151518278552,325.30098880047444,0.04672993900160938,true
uniform-80,38,least-loaded,3986,0.2546412443552434,43.26884010453826,70.94100971381704,82.74113163382208,9.541840404315735,30.387867042561993,0.007252743666457028,true
uniform-80,38,prefix-affinity,3986,0.997491219267436,18.92884528487226,31.329631403117673,44.27833530241696,23.569243842139258,77.54708871526782,0.0360339564520927,true
uniform-80,38,bounded-affinity,3986,0.9867034621174109,19.054128019574037,32.005551756399655,46.35985167684157,20.071413140161894,24.65594970629718,0.03256303792143249,true
uniform-80,39,random,3958,0.24658918645780697,62.59895709668114,135.77328223586846,205.73096510599862,153.40383562432544,280.68787391271326,0.04625756042350571,true
uniform-80,39,least-loaded,3958,0.2463365336028297,43.599817708837264,71.45257461982692,83.1459770673082,10.307444515674433,31.220336806349223,0.007601875704485271,true
uniform-80,39,prefix-affinity,3958,0.9969681657402729,19.131520277717524,32.66206260116451,47.26375860155531,24.93762916459673,56.614151771353136,0.03612084802127609,true
uniform-80,39,bounded-affinity,3958,0.9863567458312279,19.216920823559228,32.90168422381248,49.7180217720379,20.40422036739983,24.93762916459673,0.0364319156636917,true
uniform-80,40,random,4025,0.2529192546583851,61.86260846050691,130.55750280589564,184.99008900101398,137.83777893771185,224.1565470029018,0.03762797521499032,true
uniform-80,40,least-loaded,4025,0.253416149068323,43.45083787867102,70.81546785667888,82.25344513758318,9.475434366675472,31.751515380521596,0.013890972808939734,true
uniform-80,40,prefix-affinity,4025,0.9977639751552795,18.78632640439316,31.279263990800246,42.854203483126184,22.07966170900181,43.8591884045818,0.02946684475363119,true
uniform-80,40,bounded-affinity,4025,0.9903105590062112,18.848733084506186,31.496381680641207,43.10092808708578,19.575821501173778,24.835157280787826,0.028487013643976863,true
uniform-80,41,random,4040,0.250990099009901,63.097254022741836,135.24449744504454,200.45531391033,157.39075848304492,255.35473242873195,0.052941703858869815,true
uniform-80,41,least-loaded,4040,0.2571782178217822,43.36108913157303,70.81295893137576,82.12576584709677,6.4529352213212405,26.691992740044952,0.008996999841367636,true
uniform-80,41,prefix-affinity,4040,0.9972772277227723,19.164215596906413,32.62198690846708,43.912159759805945,24.09131577523476,59.15430970824673,0.02999335928817502,true
uniform-80,41,bounded-affinity,4040,0.9841584158415841,19.29564580184395,32.88095161202364,46.26996462323041,19.759379667288158,24.740364849902107,0.03004956088201244,true
uniform-80,42,random,4095,0.24493284493284492,62.958011005890654,132.36632382725656,195.06001407474832,146.516143241417,304.06107759563383,0.04007695113737227,true
uniform-80,42,least-loaded,4095,0.252014652014652,43.153237297603816,70.33052874135319,81.60092908139814,6.7752601236788905,31.647294464975857,0.011171373945118735,true
uniform-80,42,prefix-affinity,4095,0.9965811965811966,19.055634882578524,32.59245433723481,45.485309150477406,25.653078451294277,46.42901701127448,0.04571063725293868,true
uniform-80,42,bounded-affinity,4095,0.9829059829059829,19.204681291157765,33.12467926613317,49.23060798199731,20.363995543360943,24.65487094452692,0.050311633425361116,true
uniform-80,43,random,4038,0.2501238236750867,62.40854931554006,133.57559860639594,185.18590696657338,137.6175238704418,221.5647642423537,0.019891124073247213,true
uniform-80,43,least-loaded,4038,0.2558197127290738,43.36272650813614,70.8387854130342,83.13683498188766,7.767434146153391,27.895788141555386,0.010769372150255235,true
uniform-80,43,prefix-affinity,4038,0.9975235264982665,19.1043027480825,32.58264960574161,44.53375985889397,24.105405548187264,53.561901038103315,0.04451040469536391,true
uniform-80,43,bounded-affinity,4038,0.9863793957404656,19.212892606793854,32.81560362433811,45.234551909445145,20.36441622152779,24.531160467566224,0.04370040829523665,true
uniform-80,44,random,3975,0.24930817610062894,62.55084149604842,135.600033645429,191.82225623627892,149.64758726063155,326.37441578287326,0.0560577840587039,true
uniform-80,44,least-loaded,3975,0.24301886792452831,43.786799898019105,70.89694557562143,83.25050566126083,10.60357002892124,38.54624618600792,0.00723933959915633,true
uniform-80,44,prefix-affinity,3975,0.9979874213836478,19.008351425316125,31.98894891765667,45.87517699186719,25.88046328749988,53.29078926468355,0.044768484165186084,true
uniform-80,44,bounded-affinity,3975,0.9816352201257862,19.270912667262483,33.10350759053836,53.07314463748298,20.100774865488347,24.7597492538589,0.043769003244728044,true
uniform-80,45,random,3989,0.2577086989220356,61.87925911022769,137.088162198379,217.19556933436252,168.71269044774817,318.68116469278175,0.043325901943585814,true
uniform-80,45,least-loaded,3989,0.24567560792178492,43.27635354408377,70.50690397953258,82.14377300834167,6.640456369852473,45.93784096504169,0.010817266404751589,true
uniform-80,45,prefix-affinity,3989,0.9974931060416145,18.985054669881787,32.637409050650604,48.33679793959891,27.90553269926022,81.31154812164641,0.04259100401830943,true
uniform-80,45,bounded-affinity,3989,0.984206568062171,19.064961373390346,33.1560177175561,47.600650331776706,19.969745346999844,24.834646489496663,0.04395179923177798,true
uniform-80,46,random,4079,0.23706790880117676,63.90365597393163,138.18954323743856,183.91644902889675,135.92433006920328,207.43654333370796,0.04083806221994686,true
uniform-80,46,least-loaded,4079,0.24638391762686934,43.788541142787096,71.04578670781848,83.99990422564588,7.421135185715684,27.4659921731145,0.009003883229982594,true
uniform-80,46,prefix-affinity,4079,0.9982838931110566,19.1054429069688,31.928345642569184,42.89816764898569,22.934679120166038,61.84459377008352,0.02137997400545899,true
uniform-80,46,bounded-affinity,4079,0.9850453542534935,19.283585407544184,32.31198541979393,47.26513501294539,19.70812233804463,24.63734674767329,0.02470625678607397,true
uniform-80,47,random,3902,0.24910302409021015,60.3103245179464,128.74961237073512,189.97016425504626,139.713539092063,263.66426290916206,0.02662417979183586,true
uniform-80,47,least-loaded,3902,0.23680164018452077,43.7551575831854,70.5786365551212,84.72093065256558,8.849078166596883,26.71279618148401,0.009848473607746197,true
uniform-80,47,prefix-affinity,3902,0.9966683751922091,19.07429998437377,33.014812628352956,44.56128852035181,25.42155458497291,48.199377593176905,0.0450100220430553,true
uniform-80,47,bounded-affinity,3902,0.9810353664787289,19.3040346043952,33.43019921360974,49.25224395349869,20.64310300314537,24.35088241658559,0.04369461590253128,true
uniform-80,48,random,3981,0.25998492840994725,59.967679985083514,126.24582599849964,180.74184029649768,134.27545581663435,242.8552040428549,0.03871630096125915,true
uniform-80,48,least-loaded,3981,0.2607385079125848,43.06695477199995,71.02737946472917,83.59397627884755,11.097380070197687,37.52722390144481,0.011979144429681192,true
uniform-80,48,prefix-affinity,3981,0.9974880683245416,18.90626417078991,31.388132056228642,43.492908490399714,24.106423369437834,68.59951566720156,0.04079648950243824,true
uniform-80,48,bounded-affinity,3981,0.9851796031147952,19.07214653536963,32.14434991863527,46.621086401850334,19.817095504593453,24.908968704425206,0.04101921215000689,true
uniform-80,49,random,3934,0.24097610574478903,61.61953665938152,132.15159455568573,185.90406966812589,133.52098633901187,274.3137999891842,0.040778422561024444,true
uniform-80,49,least-loaded,3934,0.26283680732079306,42.71573624954511,70.05022043113422,81.96955094232544,9.015729471679151,30.582071855191316,0.008598683834051914,true
uniform-80,49,prefix-affinity,3934,0.9972038637519065,18.76514556136885,31.42917181528719,43.77380135485146,23.373912864874,63.100802694723825,0.04020782130713782,true
uniform-80,49,bounded-affinity,3934,0.9852567361464158,18.97773574581014,32.117017267599294,47.55774447057411,19.490105227137974,24.836108993695234,0.03861130907877002,true
uniform-80,50,random,4113,0.25309992706053974,63.29654010064375,136.02831237672217,184.70590956330852,137.46030323559535,219.95929115161925,0.04635029836432142,true
uniform-80,50,least-loaded,4113,0.25212740092389985,43.377144609057446,70.15533214451716,83.85401735919731,9.226047497795662,29.138056655872788,0.01285979481542647,true
uniform-80,50,prefix-affinity,4113,0.9958667639192803,19.20429519338556,32.963964208382095,45.42369948592386,25.70040548065299,88.83685611049805,0.04239461602446786,true
uniform-80,50,bounded-affinity,4113,0.9849258448820812,19.222317220848375,33.20083685154532,45.17961503996412,20.39943578096063,24.96156975980557,0.03947285885961939,true
uniform-80,51,random,4054,0.2434632461766157,63.19273205410363,136.69995532966277,188.30176526963623,145.08918727744458,229.0012308467376,0.0379449631403924,true
uniform-80,51,least-loaded,4054,0.246669955599408,43.553756474703135,70.91218648915674,83.0435857258708,8.288752109743655,21.863179368316196,0.007700367445620713,true
uniform-80,51,prefix-affinity,4054,0.9970399605328071,19.000263812701288,32.02276112802792,42.905233236691856,23.359547054889845,87.13881481264616,0.02389197144156781,true
uniform-80,51,bounded-affinity,4054,0.9854464726196349,19.174893293549218,32.75802802457474,46.312252220472146,20.31606181125244,24.823682244910742,0.024506297058386917,true
uniform-80,52,random,3936,0.24720528455284552,62.65609190149927,135.79403468318924,190.76532050892274,144.25860038853716,236.95756144428742,0.04053263585412005,true
uniform-80,52,least-loaded,3936,0.24415650406504066,43.67409127899084,71.07029372035322,83.81960439719842,8.807212860074287,22.000389579898183,0.011780764712413056,true
uniform-80,52,prefix-affinity,3936,0.9979674796747967,19.003810033476178,32.61816548056231,43.53330038685817,24.618901761907182,65.99855532973015,0.03179362009952475,true
uniform-80,52,bounded-affinity,3936,0.9865345528455285,19.104385010722904,32.679416496903286,46.17534294145662,19.85349179221521,24.728264240307908,0.026332657619941996,true
uniform-80,53,random,4101,0.25457205559619606,64.71050799963416,141.71842137649037,202.01916355262802,158.74667295387553,315.2677674430088,0.040436673320730324,true
uniform-80,53,least-loaded,4101,0.25091441111923923,43.49096333167982,71.47836551206274,84.88341117723758,9.086524192731304,40.82373118954638,0.01009328186213858,true
uniform-80,53,prefix-affinity,4101,0.9965861984881736,19.05928882177014,32.8462993719495,44.0359737302133,24.39952975961205,52.104346545038425,0.031153481861228505,true
uniform-80,53,bounded-affinity,4101,0.9870763228480859,19.140693587217307,33.13381823851523,44.69571236160118,19.692526755334256,24.967081492774014,0.027804413843310654,true
uniform-80,54,random,3888,0.2566872427983539,61.152148701596175,135.06734593476722,199.34672297905126,154.3675485123349,241.11633542001073,0.033610943831525034,true
uniform-80,54,least-loaded,3888,0.25025720164609055,43.650069511848095,71.75913449520522,85.19461290020627,7.869243855624518,30.34676437325834,0.014592662733489947,true
uniform-80,54,prefix-affinity,3888,0.9971707818930041,18.91799465561359,31.62152075926315,42.61524499080042,23.112306266266387,42.90082120834995,0.027856578268062874,true
uniform-80,54,bounded-affinity,3888,0.9899691358024691,18.97632445519336,31.725128347447026,43.178792450837136,19.529196019469964,24.9855693713871,0.026746093863546632,true
uniform-80,55,random,4124,0.2560620756547042,66.8041067348191,146.06835165063967,240.1596238092461,197.49868413765216,380.97208067132306,0.0358222156989712,true
uniform-80,55,least-loaded,4124,0.24951503394762367,43.757005261823636,71.1190250427644,83.39218169992819,8.561822969073546,29.976110657509707,0.009546658552892873,true
uniform-80,55,prefix-affinity,4124,0.997090203685742,19.031782661175296,31.693955191221903,43.55867940050848,24.663055643060943,43.676208594915806,0.032253713397037954,true
uniform-80,55,bounded-affinity,4124,0.9832686711930165,19.264726212869004,32.6199534666448,48.54404198715201,20.584734707997995,24.97378366078192,0.026893677214996782,true
uniform-80,56,random,3946,0.25038013177901675,63.06444403371016,138.93755990758655,191.53877478982758,146.78345399474347,312.39142904382607,0.03828329491997224,true
uniform-80,56,least-loaded,3946,0.24860618347693866,43.85238757629734,71.63679943289026,85.43521162649267,8.238386106222606,25.430647454151767,0.009531346671427769,true
uniform-80,56,prefix-affinity,3946,0.9972123669538774,19.160045903451692,32.35894578344596,45.59884917646923,25.173452270239068,57.083461722926586,0.042483712495780854,true
uniform-80,56,bounded-affinity,3946,0.984794728839331,19.308450722455266,32.81772601432385,48.22594462190864,19.97130675864173,24.84008270837512,0.03997026508602008,true
uniform-80,57,random,4061,0.23565624230485102,64.13057295843952,139.35624811650632,208.4346697453293,154.9604020734514,300.36595577664775,0.04407358169785309,true
uniform-80,57,least-loaded,4061,0.24402856439300666,43.67705458913765,71.36322515815846,83.55274840127822,6.199127763939032,25.94185172508878,0.010553801148098743,true
uniform-80,57,prefix-affinity,4061,0.9970450627924157,19.085123440713858,33.33790599879649,45.558834209032284,25.484655058380667,45.85788434202186,0.04441181594192988,true
uniform-80,57,bounded-affinity,4061,0.9847328244274809,19.2036558222737,33.4459480924088,47.879887280318144,19.91805828672659,24.511383327137082,0.041284508845746234,true
uniform-80,58,random,3935,0.24574332909783989,63.553846168589494,139.69512948526244,197.11358912732976,151.7945242219139,233.58944338547008,0.020209304814559854,true
uniform-80,58,least-loaded,3935,0.24879288437102923,43.57214350568018,71.86215308820101,83.54032151975844,8.83672135116285,28.023487582497182,0.0077426683222907855,true
uniform-80,58,prefix-affinity,3935,0.9951715374841169,19.11822783787338,32.39119324547937,46.225148565536074,25.029644144451595,85.47357617757734,0.050278803533874386,true
uniform-80,58,bounded-affinity,3935,0.9819567979669631,19.292803354010445,32.9707827855018,51.539823374730986,20.507458400839823,24.997027291115955,0.04590906350891497,true
uniform-80,59,random,4006,0.24088866699950076,63.221273101317514,133.54089173910324,187.32748908764188,145.84168954821507,255.93471229169518,0.03718160475991016,true
uniform-80,59,least-loaded,4006,0.2651023464802796,42.84209358283843,70.07327144376904,82.25311642984889,2.699952533977921,21.51164290687302,0.01040859410851231,true
uniform-80,59,prefix-affinity,4006,0.9977533699450823,18.925258722254807,31.73553889674804,43.56957236427479,23.92271199534298,41.85058990776815,0.0174413815206257,true
uniform-80,59,bounded-affinity,4006,0.9877683474787818,19.02717644713644,31.89859871270164,44.84789812855888,19.923326158619602,24.855966826711665,0.012764590780968562,true
uniform-80,60,random,3957,0.2469042203689664,61.14295451389344,128.49994637220516,177.38401156051987,129.22500280713575,211.98500239811256,0.035280287989586955,true
uniform-80,60,least-loaded,3957,0.26560525650745515,42.87219029204794,70.577788418821,79.74297635346011,5.447885820976808,16.629323056906287,0.007687282098230637,true
uniform-80,60,prefix-affinity,3957,0.9969673995451099,18.988749447779952,32.466099279867194,41.94212281354703,22.180380369703926,46.41714126061015,0.04632813770203709,true
uniform-80,60,bounded-affinity,3957,0.9876168814758656,19.142822895868647,32.869790810327686,44.71035908001795,19.49380879925957,24.589609984486742,0.044423915067708555,true
uniform-80,61,random,3930,0.2580152671755725,62.20732579718592,134.69263883113672,192.79701661959552,148.71522979244037,305.313849009417,0.02907414854087959,true
uniform-80,61,least-loaded,3930,0.2580152671755725,43.42107184036807,71.52056385670585,84.44328216065333,8.127863528065063,32.93348028496257,0.004864151267178686,true
uniform-80,61,prefix-affinity,3930,0.9974554707379135,19.009215877856693,32.173493954622245,46.942763114439,26.950883726691245,48.364973879331956,0.020073276191582893,true
uniform-80,61,bounded-affinity,3930,0.9834605597964376,19.153534747858572,32.780999959941255,50.18581561460451,19.368745327745273,24.95035321677642,0.018454271564524446,true
uniform-80,62,random,3931,0.2546425845840753,58.821450845642886,122.68437168214223,174.4862088289119,128.5621667823034,239.19543184496797,0.022884147181814776,true
uniform-80,62,least-loaded,3931,0.2526074790129738,43.20126809579125,69.99530414940818,82.07325962351752,4.468149661246571,22.245509285086882,0.005454980153364325,true
uniform-80,62,prefix-affinity,3931,0.9979648944288985,18.86713887451347,31.446758883725124,44.24367028327106,25.079726961290362,66.78878732106023,0.030166009828117978,true
uniform-80,62,bounded-affinity,3931,0.9839735436275757,19.054668383213226,32.310999321773124,48.684943252739686,19.273105806239982,24.497547412422136,0.027130796056093566,true
uniform-80,63,random,4094,0.24108451392281388,65.34944401140179,147.693350848931,210.82284172550862,161.27637807359497,271.5949072083531,0.04227065109532445,true
uniform-80,63,least-loaded,4094,0.24645823155837812,43.96351482947026,72.19887395873593,85.4999441188811,11.238632764758222,49.24535653458224,0.013577268699111918,true
uniform-80,63,prefix-affinity,4094,0.9970688812896922,19.156901066636067,32.491914584206825,46.35706054568982,26.08933940607676,55.376164124299976,0.03301774028347328,true
uniform-80,63,bounded-affinity,4094,0.9816805080605765,19.38207606550334,33.48887141013256,50.4555162724173,20.343934294287465,24.756481573960627,0.034331844637547966,true
uniform-80,64,random,4009,0.2594163132950861,61.13895329953279,132.88567762071398,179.77975485040224,131.13068412932626,272.8406066439202,0.015026195434829914,true
uniform-80,64,least-loaded,4009,0.25392866051384383,43.13405625121556,70.98901980257506,85.47483773809654,5.301729657490796,25.263598939716758,0.009968792804457399,true
uniform-80,64,prefix-affinity,4009,0.9975056123721626,18.80346808315387,31.19549546911003,42.08551644839463,22.37299624437037,58.577341346997855,0.027545548778499292,true
uniform-80,64,bounded-affinity,4009,0.9885258169119481,18.962446653470884,31.927388886291737,44.89743445321437,19.856347433975316,24.907817140867337,0.025457088230533,true
uniform-80,65,random,4046,0.2577854671280277,62.3221207508475,133.3929827128668,185.13356713369285,139.68185690226528,271.4977544357789,0.05502245945361087,true
uniform-80,65,least-loaded,4046,0.25531389026198714,43.15737076894964,70.2033816411058,83.3809918435436,7.132962934811076,36.85214540934976,0.009580356667756933,true
uniform-80,65,prefix-affinity,4046,0.995304003954523,19.039485576511428,31.80503653388587,45.225540979046855,24.993969268572982,92.39642104185987,0.05534653161820259,true
uniform-80,65,bounded-affinity,4046,0.9851705388037568,19.019923429652568,32.25903044170991,45.54047905962034,19.821623874406214,24.971233963337,0.04929240097885133,true
uniform-80,66,random,4007,0.2548040928375343,64.06785605250995,143.00092759382096,214.98335632391536,172.16144051884476,311.2645057458649,0.05782882741788928,true
uniform-80,66,least-loaded,4007,0.2617918642375842,43.09739774283162,71.19247685784285,83.79055971319758,8.84852995498295,34.33842177461702,0.012455949878232786,true
uniform-80,66,prefix-affinity,4007,0.9977539306214125,18.950798927565504,31.403719218556944,41.99228260094969,22.47375396456482,62.972107768007845,0.032645235516889734,true
uniform-80,66,bounded-affinity,4007,0.9882705265784877,19.045628797901514,32.097180929456954,43.43526124759228,19.446538790529303,24.9880438734981,0.029819962734425325,true
uniform-80,67,random,4064,0.2573818897637795,62.53480929633854,135.5475302329396,194.37439788463962,143.29028380035015,327.69393052670785,0.04435677492110339,true
uniform-80,67,least-loaded,4064,0.25541338582677164,43.179930644353185,70.6915059083185,83.14249660117639,9.076383828458347,34.94604675539449,0.00704917100113762,true
uniform-80,67,prefix-affinity,4064,0.9972933070866141,19.074063880574815,32.624618824098434,46.07382427194534,25.70932284596347,54.25693751616927,0.03844814824729611,true
uniform-80,67,bounded-affinity,4064,0.984744094488189,19.21364999497943,33.531587585159286,47.06948513365933,20.200841393412702,24.71027769628563,0.035189227541070636,true
uniform-80,68,random,3950,0.24936708860759493,61.37065529177303,132.7239624135691,188.68736299500597,138.38750081122998,229.71081180611873,0.04619303870779939,true
uniform-80,68,least-loaded,3950,0.24556962025316456,43.69394804860469,72.3932378524114,83.30940999413906,5.527854158208356,22.59771770822408,0.013110368102393664,true
uniform-80,68,prefix-affinity,3950,0.9972151898734177,18.865976590130792,31.742127935496683,43.04278742084716,22.572374058378045,43.43711655611696,0.042177804668326754,true
uniform-80,68,bounded-affinity,3950,0.9891139240506329,18.93995239966406,31.97751733415498,42.92849389505318,20.403792907163734,24.685775501318858,0.0410801961555817,true
uniform-80,69,random,4009,0.2549264155649788,61.40523579419839,133.6129612573095,189.62777566984732,138.06515925005078,206.2072226150267,0.02739969187555785,true
uniform-80,69,least-loaded,4009,0.2594163132950861,42.93857849461989,69.77316973885536,82.76831379241776,6.809613605691993,30.485188068683783,0.009989996117590164,true
uniform-80,69,prefix-affinity,4009,0.9972561736093789,18.804521558132826,31.50521163189478,39.86345662105305,21.00315452960058,49.645230665171766,0.037769809200666554,true
uniform-80,69,bounded-affinity,4009,0.9880269393863806,19.002942396126702,32.33346235115823,43.37080751359463,19.693772559914578,24.593667355286016,0.03469032438619964,true
uniform-80,70,random,4037,0.24671785979687888,63.58304151301663,141.4114177944939,199.5506145593463,151.3442442362866,250.4206755861669,0.023319978551178837,true
uniform-80,70,least-loaded,4037,0.2548922467178598,43.54742516026614,72.3728462705767,87.3946055898341,13.041458084506303,42.44012921607646,0.0076819955325208855,true
uniform-80,70,prefix-affinity,4037,0.9977706217488234,19.056321461974758,32.04882503466797,45.33697813821709,25.414722160523525,62.61582362017725,0.05257947031872647,true
uniform-80,70,bounded-affinity,4037,0.9856328957146396,19.188669616074623,32.60982873828107,47.188744364713784,19.832851064194983,24.870810163476563,0.045402891874868796,true
uniform-80,71,random,3963,0.24602573807721423,60.76269306157247,124.78642363999461,178.57362307364383,123.74145941082679,226.39324995311472,0.04755135452351428,true
uniform-80,71,least-loaded,3963,0.24930608125157708,43.35357034880357,70.1703999069432,82.14566932986781,7.836964925882057,24.209888840770873,0.009184098081162053,true
uniform-80,71,prefix-affinity,3963,0.9954579863739591,18.825048839354903,31.493559814240143,43.73368729920912,21.47553483127558,55.67412805164713,0.030501686130043545,true
uniform-80,71,bounded-affinity,3963,0.9886449659348978,18.86107966934016,31.565092365775854,44.594353498156124,19.428542420180747,24.874958313455863,0.03433482823958331,true
uniform-80,72,random,4049,0.25117312916769574,62.23315317308765,132.12684697807708,189.47070247321972,137.00302855714835,254.09101348521654,0.022442688196183298,true
uniform-80,72,least-loaded,4049,0.25463077303037784,43.283444826042505,71.15924869786977,82.05695731469677,10.144161662552506,24.751328697413555,0.008647152003179791,true
uniform-80,72,prefix-affinity,4049,0.9970363052605582,18.942625044138637,32.19282287396345,43.0390745682962,23.85690913335202,59.10339028758608,0.040650547427399084,true
uniform-80,72,bounded-affinity,4049,0.9861694245492715,19.089097602298565,32.90808133477367,46.361543097176764,20.832020082008967,24.98425259279975,0.04258898978187609,true
uniform-80,73,random,3916,0.2533197139938713,60.52368227665136,133.6748958120661,185.21365633992536,135.87207892265724,242.75486987974728,0.026268017517774862,true
uniform-80,73,least-loaded,3916,0.23748723186925433,43.75290214440099,71.60518484674685,82.86011910117668,2.8398662044855882,26.088521135192423,0.007341621591483086,true
uniform-80,73,prefix-affinity,3916,0.9966802860061287,18.820805267282253,31.686847647248214,42.12333832682634,21.18168143812727,58.50329629650514,0.03824562020706803,true
uniform-80,73,bounded-affinity,3916,0.9890194075587334,18.93293575254892,31.94912292286608,43.21729929495632,19.51528495378443,24.990189644166094,0.031137317816102846,true
uniform-80,74,random,3948,0.256838905775076,60.90104840333836,131.1213656208638,187.1710060851765,140.34572755241243,269.48173284695076,0.018392745872780333,true
uniform-80,74,least-loaded,3948,0.2429078014184397,43.33211949330922,70.04931296502036,82.19328019033128,6.246295813853067,20.751771216468114,0.011738679415278258,true
uniform-80,74,prefix-affinity,3948,0.9969604863221885,18.810634844582466,31.84938984955079,43.96535708731972,24.176192140977946,57.708639125507034,0.03449184242215854,true
uniform-80,74,bounded-affinity,3948,0.9848024316109423,18.967930636409083,32.38735484366407,46.16525530139916,20.66291444015951,24.789459265088226,0.03113103012616857,true
uniform-80,75,random,4005,0.251685393258427,62.398705474644395,133.81511118996423,190.0334484690029,143.5236386037068,253.37734807194647,0.02586031320562752,true
uniform-80,75,least-loaded,4005,0.24794007490636705,43.7190384333692,70.80257014367089,81.63579208849114,9.057697697950061,29.83087880759922,0.010076648183089787,true
uniform-80,75,prefix-affinity,4005,0.9972534332084894,18.992294359603818,32.000560087370104,42.89400106573157,22.69621014551376,53.673974882203765,0.030044055348981157,true
uniform-80,75,bounded-affinity,4005,0.9890137328339575,19.0954029975963,32.42923069142853,43.441965765843634,20.28693912995368,24.94609111045429,0.025368211533429486,true
uniform-80,76,random,3983,0.25257343710770774,63.355680466541315,134.7004970143862,194.1143254207127,152.7790983965133,224.43334523507656,0.02325948971790432,true
uniform-80,76,least-loaded,3983,0.2460456942003515,43.816636472714556,71.65021820524271,86.12397171802877,12.428576443540805,35.86428067125962,0.009065844089438033,true
uniform-80,76,prefix-affinity,3983,0.9959829274416269,19.027977490698827,32.12483626633548,44.165013856836595,24.898459586176614,47.96881686996494,0.039953433238820446,true
uniform-80,76,bounded-affinity,3983,0.984182776801406,19.151029079185136,32.46012944600079,47.08493550098865,20.12778920265555,24.941108097751567,0.033389739623777205,true
uniform-80,77,random,4025,0.24819875776397515,65.05693549118138,146.3534412161971,238.40055133176065,186.56772384440774,398.1080617726693,0.026986739809283063,true
uniform-80,77,least-loaded,4025,0.25440993788819877,43.01538119010941,69.2628247808534,82.44182276815263,7.167604510534147,22.771248426222883,0.009299894084773674,true
uniform-80,77,prefix-affinity,4025,0.9965217391304347,18.984689322546252,31.477537100072368,45.815731323520595,24.88812380100717,51.40720147005595,0.039447409634191924,true
uniform-80,77,bounded-affinity,4025,0.9853416149068323,19.068636323293926,31.90049840073334,46.08094246418477,19.927648749606306,24.88812380100717,0.03948219571646679,true
uniform-80,78,random,3877,0.2504513799329378,62.25498389089845,134.95177201391925,202.48228480078978,154.91371594178054,329.9339366757413,0.0399978659277267,true
uniform-80,78,least-loaded,3877,0.2478720660304359,43.88454900796007,72.50112023744077,84.49749666753269,6.4876698683874565,29.429234119561443,0.015078610939913441,true
uniform-80,78,prefix-affinity,3877,0.9971627547072479,19.006475031854844,31.558732920464536,43.50897434579383,24.52695772030711,54.480368808268395,0.05278946389128534,true
uniform-80,78,bounded-affinity,3877,0.9858137735362393,19.173774823867735,31.75102065425017,45.795309532728425,19.956268259371427,24.874342635870562,0.048955836049395435,true
uniform-80,79,random,3834,0.2522170057381325,61.307931854125144,128.7863131457416,181.78321176731515,132.7289676891014,247.9707719708167,0.01757283026875461,true
uniform-80,79,least-loaded,3834,0.24621804903495045,43.674103130880724,71.00085831990873,81.58259459960391,4.869864716420125,40.117823325519566,0.00888991004740228,true
uniform-80,79,prefix-affinity,3834,0.9986958789775692,18.707852955206015,30.880481666965352,41.265759363282996,22.220202809970942,47.75359697408567,0.05916720775291902,true
uniform-80,79,bounded-affinity,3834,0.9916536254564423,18.809064599879317,30.930216068736627,42.55113467344199,19.221815397271712,24.598146141775942,0.05619218100911888,true
uniform-80,80,random,3972,0.2502517623363545,61.7485866042944,129.36978648963122,183.40864910042,134.2547932803427,271.5866223938683,0.029006042673478172,true
uniform-80,80,least-loaded,3972,0.25302114803625375,43.448157875459025,70.88459571792555,83.1388989034458,9.798613876519084,24.218492621361293,0.011240211983951212,true
uniform-80,80,prefix-affinity,3972,0.9974823766364552,18.710731413622057,30.829743755690288,42.49999571655826,22.169509958232084,39.693500199660775,0.024348249490219694,true
uniform-80,80,bounded-affinity,3972,0.9889224572004028,18.8523783509243,31.319002392541734,43.232935142812494,19.188354545425682,24.91431840019868,0.023832455337296204,true
uniform-80,81,random,4002,0.2463768115942029,62.47486385975702,128.97337899476042,179.55438515176502,136.62999362033406,327.91930742946715,0.0453323622070774,true
uniform-80,81,least-loaded,4002,0.24462768615692154,43.690520524455025,71.46651086016209,82.63272365496596,8.56529201628291,33.43719109043377,0.013397762610051012,true
uniform-80,81,prefix-affinity,4002,0.9977511244377811,19.07087517153869,32.73932015423634,45.21115018407363,24.224305800198636,57.02600573643576,0.02895883903222491,true
uniform-80,81,bounded-affinity,4002,0.9867566216891555,19.193213570239575,33.12317795264971,46.394831826299196,20.78029816178605,24.968092640869145,0.025639323146654933,true
uniform-80,82,random,3949,0.24917700683717398,61.06639205034375,131.00143202299296,176.4096327050138,135.48227898760524,225.66338022452692,0.02908475642260917,true
uniform-80,82,least-loaded,3949,0.24943023550265891,43.44097306621482,72.07137517876254,84.73265604190601,5.575908293849352,27.98659536062769,0.009246795401944279,true
uniform-80,82,prefix-affinity,3949,0.9972144846796658,19.07382688545459,32.816892410832224,44.619025098600105,23.828033174861048,86.27993282946409,0.02016356555904649,true
uniform-80,82,bounded-affinity,3949,0.9891111673841478,19.083603831755894,32.902589090910624,45.11423341069167,20.813998063560575,24.540571667734184,0.019087268790732824,true
uniform-80,83,random,4023,0.2582649763857818,60.54881297486352,127.68682310096483,175.92466898836028,128.4441456524437,192.60046899473673,0.05237582455458127,true
uniform-80,83,least-loaded,4023,0.2535421327367636,43.27237552010807,69.95634142814379,83.44734627397702,5.970487023143505,24.40350161660899,0.010045850586784838,true
uniform-80,83,prefix-affinity,4023,0.9977628635346756,19.08268357576007,33.33935059005671,44.97795762804162,24.53065943337606,53.84857485869907,0.0366605662765039,true
uniform-80,83,bounded-affinity,4023,0.9880686055182699,19.100991686951094,33.187777599356195,45.08653946504637,20.096028190011566,24.53065943337606,0.03647409219712267,true
uniform-80,84,random,4076,0.25883218842001965,63.00251089780638,137.5656961999266,188.2378121667134,139.94507235304627,314.50631907197385,0.05681190584359083,true
uniform-80,84,least-loaded,4076,0.2632482826300294,42.89416042315615,70.69287119529326,82.41587284762136,8.695246633185889,27.40372463609674,0.006538896209611552,true
uniform-80,84,prefix-affinity,4076,0.9953385672227674,19.026250678573074,32.69354394511174,46.75764004591474,24.777260358914646,46.64054839405799,0.04713238601855763,true
uniform-80,84,bounded-affinity,4076,0.9835623159960746,19.19315142075187,33.36706017684264,48.83703092041833,20.107508957844402,24.914005829583402,0.04036162376156297,true
uniform-80,85,random,4075,0.25766871165644173,63.24301474356183,138.46717605149024,196.88289999117114,152.39015473508334,225.32187149040692,0.042808760833565905,true
uniform-80,85,least-loaded,4075,0.25006134969325156,43.51489602620323,71.29934503394179,83.39955271037616,7.765443007465365,21.472930192987405,0.010310400067980346,true
uniform-80,85,prefix-affinity,4075,0.996319018404908,18.979756217752936,31.93899254364078,43.95049875636323,22.28783108991047,47.934505966550205,0.03187368531766773,true
uniform-80,85,bounded-affinity,4075,0.9857668711656442,19.163158974004322,32.596615164060495,46.56088390851073,20.049615829160757,24.964217158682004,0.02784148118698544,true
uniform-80,86,random,4036,0.24727452923686818,63.23437376546502,138.31131492910936,202.04049055305222,159.46665290094097,290.7222053475052,0.05060659578428139,true
uniform-80,86,least-loaded,4036,0.25445986124876113,43.44254799286008,71.36679768544855,83.26102545516551,8.90246220445988,27.932797710636805,0.01550761004505917,true
uniform-80,86,prefix-affinity,4036,0.9985133795837463,18.952383705319516,31.700446315044246,42.25782029030597,22.54312162635324,71.58293736293854,0.028418494844890615,true
uniform-80,86,bounded-affinity,4036,0.9871159563924677,19.15830163082814,32.484446945542004,46.73698170342686,20.3101499514014,24.866507520833693,0.027439022914062465,true
uniform-80,87,random,4014,0.24838066766317887,62.32395998955458,135.1809241416995,186.00283641939677,140.93452587457432,249.007064925574,0.04795107460271934,true
uniform-80,87,least-loaded,4014,0.25311410064773293,43.29119943088252,70.62128359303824,80.48546673217788,4.3793179753520235,18.019287283528683,0.007993052538854533,true
uniform-80,87,prefix-affinity,4014,0.9975087194818136,18.975312195327522,31.69566615783515,44.764082456953474,24.272490948867926,59.2839617057798,0.03888194382429402,true
uniform-80,87,bounded-affinity,4014,0.9840558046836074,19.181371602563406,32.61612372693344,51.142390408422216,20.004642024894565,24.460616934513382,0.04010403138505322,true
uniform-80,88,random,4001,0.2516870782304424,63.02065222346021,129.46364552476007,184.8893979313798,141.60100503868307,258.10682482017,0.03412351175109245,true
uniform-80,88,least-loaded,4001,0.23544113971507125,44.25000641796278,71.3391411070279,82.66512825199425,10.01322263338443,23.681689451190323,0.0073797253011637625,true
uniform-80,88,prefix-affinity,4001,0.9977505623594102,18.961418786084856,31.694836784754443,44.07281938190499,23.07747378804197,44.301717372487474,0.018627673001748123,true
uniform-80,88,bounded-affinity,4001,0.9870032491877031,19.166490032232307,32.44917723869003,47.39391720657477,20.048071924160467,24.758042512352404,0.018290492680185257,true
uniform-80,89,random,3988,0.25150451354062187,61.13682760609139,128.64957955206773,183.79759999457747,139.09908897825517,255.1633623106245,0.032555030511098204,true
uniform-80,89,least-loaded,3988,0.25376128385155466,43.39333610955642,71.25300976153085,83.32928042502681,9.452366379067826,29.819952135223502,0.008813522158512799,true
uniform-80,89,prefix-affinity,3988,0.9969909729187563,18.97077084468099,31.71598202682071,43.178524457465755,23.20977135951034,64.25138080427132,0.04624794728288456,true
uniform-80,89,bounded-affinity,3988,0.9877131394182548,19.078119668036102,32.63984565026476,44.277977334662864,20.28775809051149,24.99807342654458,0.04206462851884296,true
uniform-80,90,random,4001,0.24243939015246188,61.89232384685454,132.82712726473255,185.87239868925826,136.66901607577893,218.72123885092878,0.032681951135156914,true
uniform-80,90,least-loaded,4001,0.2599350162459385,42.9716568947362,70.11249246031912,81.33971476892839,5.011980185758148,35.243505799204286,0.008719514879311389,true
uniform-80,90,prefix-affinity,4001,0.9960009997500625,19.01218359885078,32.29726133171789,48.09012546411759,24.965470118404482,72.97979352110997,0.04895345872821522,true
uniform-80,90,bounded-affinity,4001,0.9852536865783554,19.1298273411238,32.94247591101157,48.97451259126501,20.017127442239143,27.8252967424487,0.0450281848134485,true
uniform-80,91,random,3959,0.2442535993937863,63.20200897300845,143.427750175877,196.35685577467666,146.30819538998912,240.91254392082192,0.03432341571498225,true
uniform-80,91,least-loaded,3959,0.24652690073250821,43.219707407867794,70.71590818438744,82.21988869264896,4.740476910326834,26.982034229695273,0.007973157660224226,true
uniform-80,91,prefix-affinity,3959,0.998989643849457,18.771449712850835,31.460111355823756,43.57545878904784,25.304174095988856,58.80253824221654,0.029934662373686343,true
uniform-80,91,bounded-affinity,3959,0.9873705481182117,18.887153177721938,31.748157261488814,45.19528035487019,19.06781586199031,24.521343564309063,0.02258146417392431,true
uniform-80,92,random,3955,0.25916561314791403,61.75574794271593,131.73127877859224,184.7591502842697,142.25502862580834,249.85748736045934,0.04020690908298573,true
uniform-80,92,least-loaded,3955,0.2586599241466498,42.94622471652333,70.88515512789309,81.83539669008314,8.042328693147283,28.679230212101174,0.006555055574572813,true
uniform-80,92,prefix-affinity,3955,0.997724399494311,18.7533802487967,31.56935125905875,41.87086711965276,22.761988696845947,53.65409947081571,0.025344540063491593,true
uniform-80,92,bounded-affinity,3955,0.9893805309734514,18.882761495036473,31.85425049555488,42.422644903890614,20.888374917012698,24.475773434540315,0.02593105218371277,true
uniform-80,93,random,4020,0.26243781094527363,63.04776475807288,138.39292433601076,201.85018689914068,153.2070464159333,285.79216952017305,0.04288172693069102,true
uniform-80,93,least-loaded,4020,0.25422885572139303,43.39819124693807,70.58299969139262,83.4732435220285,7.8344495891578845,26.176190044126997,0.007185428384802152,true
uniform-80,93,prefix-affinity,4020,0.9970149253731343,19.21186289638465,33.32644102696213,45.34349070963799,25.017652891277976,58.728754595787905,0.05059164732925036,true
uniform-80,93,bounded-affinity,4020,0.9848258706467662,19.295680855305527,33.495406405156245,48.514258329691074,20.860514249143307,24.97053426362254,0.03901169130664445,true
uniform-80,94,random,4061,0.24846097020438315,61.30466888600808,132.31973893406393,179.75140296359314,128.37466596755257,231.2290220758441,0.03444882304517275,true
uniform-80,94,least-loaded,4061,0.25560206845604533,42.936817563535044,70.62973057715863,83.80236426872943,4.270959913810657,20.218765078629076,0.011105306849554837,true
uniform-80,94,prefix-affinity,4061,0.9963063284905196,19.016989422654483,32.33686671056785,46.07751998713502,27.21095537855581,45.53613380458046,0.042822214870452506,true
uniform-80,94,bounded-affinity,4061,0.9835016005909875,19.113227419331853,32.76323621196207,48.32633056551276,20.02996546668146,24.887187314521725,0.037558811445063706,true
uniform-80,95,random,3970,0.25163727959697735,63.529622784963955,138.8308297158219,197.80348603995662,145.0666228217815,366.8203320464745,0.041709357763425256,true
uniform-80,95,least-loaded,3970,0.24760705289672544,43.46673820026995,71.2080365014699,81.87719913452747,7.1289472839162045,24.857714576894068,0.006627639826117741,true
uniform-80,95,prefix-affinity,3970,0.9982367758186398,18.90386209633138,31.535967364798125,42.229697743732686,23.182150078333507,49.06265298339713,0.03575634962145462,true
uniform-80,95,bounded-affinity,3970,0.9894206549118388,19.00085187087333,32.09577656649162,44.12036147861727,20.3246450222141,24.73755918972165,0.034824363812012336,true
uniform-80,96,random,3938,0.24428643981716608,61.65703372813821,131.9998646648237,195.65071793075913,144.74842259832258,255.62395322466182,0.04357064953059459,true
uniform-80,96,least-loaded,3938,0.24784154393092941,43.36812901748787,70.35937363110497,81.84636792483798,9.147634510121861,25.363196977861662,0.00883582042122671,true
uniform-80,96,prefix-affinity,3938,0.9954291518537328,18.966332496664634,32.16088930136175,45.241192368957854,24.180483187927166,52.90154796867864,0.04062555006593986,true
uniform-80,96,bounded-affinity,3938,0.9850177755205688,19.07541896226791,32.79600918080905,47.464447386111715,20.85418347544328,24.754018025712867,0.04253020505654394,true
uniform-80,97,random,4099,0.24274213222737254,63.04476800135466,136.3121165285993,187.6951270695463,140.08089433550958,208.1028369372725,0.0487874449119251,true
uniform-80,97,least-loaded,4099,0.2498170285435472,43.47670475608285,70.60700654629181,83.50709898663627,9.864542218267161,26.61637839049945,0.008021449598285626,true
uniform-80,97,prefix-affinity,4099,0.9948767992193218,19.152759516644576,33.00410213970463,48.341269515138265,28.203272932278196,80.09321210775852,0.035496145448744534,true
uniform-80,97,bounded-affinity,4099,0.9775555013417907,19.35738614968779,33.67849464549363,53.5986444507289,20.131074741531847,24.75565538205774,0.0300835983128754,true
uniform-80,98,random,4098,0.24231332357247437,63.81898480901499,135.70750368428708,184.1769523831681,133.40716428664746,258.9263361346748,0.0481837292211928,true
uniform-80,98,least-loaded,4098,0.2525622254758419,43.448343456985356,71.01643674445222,81.48031610046746,9.174053886144975,27.428860245578107,0.01044575512339451,true
uniform-80,98,prefix-affinity,4098,0.9978038067349927,18.950877564718535,31.753504086082103,47.1306127269163,28.128298479852674,65.86170415920606,0.039853753856419115,true
uniform-80,98,bounded-affinity,4098,0.986822840409956,19.00957641894274,31.902868431570823,45.907455857170135,19.042513437780144,24.75883564711694,0.04028910250105591,true
uniform-80,99,random,4039,0.2448625897499381,60.353487229003754,127.46528087397746,172.4757384433542,126.69737020330285,233.14976852140535,0.03180624805737676,true
uniform-80,99,least-loaded,4039,0.2485763802921515,43.23015639668107,71.07272391686092,83.32797517954896,6.815167273467523,25.836185743544775,0.013392063995287907,true
uniform-80,99,prefix-affinity,4039,0.9972765536023769,18.8386942590342,31.761431796599936,42.127741604945186,22.894932094794058,36.878926627388864,0.03337436849913505,true
uniform-80,99,bounded-affinity,4039,0.9881158702649171,19.012825303966686,32.05610357594924,46.36913288618234,19.995531673421283,24.73920247499518,0.03280703512562657,true
uniform-80,100,random,4017,0.25840179238237493,62.353810288953845,137.55165046463844,199.50830946938368,149.44951062041218,329.3968574156024,0.02968871795644686,true
uniform-80,100,least-loaded,4017,0.2479462285287528,43.77104982686519,71.70401360096002,83.73436329235119,5.908668328251224,26.66303135993803,0.006339989571395669,true
uniform-80,100,prefix-affinity,4017,0.9970126960418223,18.948172726413546,31.71841675349424,41.91826204334211,22.56596769121279,44.0870428089147,0.02971187721535858,true
uniform-80,100,bounded-affinity,4017,0.9890465521533482,19.026137761778497,31.93551090253459,43.22385909345758,19.86263907522516,24.874827178755368,0.03159671254672627,true
uniform-80,101,random,3978,0.25465057817998993,62.8374710762741,135.92401924093429,191.86459616650245,143.22675267004888,302.8756632922232,0.046337887547645444,true
uniform-80,101,least-loaded,3978,0.24258421317244847,43.720821675182684,71.04188983497806,82.72097985151231,4.181661461872864,22.954886268580594,0.01115183126207047,true
uniform-80,101,prefix-affinity,3978,0.9974861739567622,18.9740100123553,32.21368093746787,44.65273398473437,24.876618476366275,51.828495141206076,0.033138973010512655,true
uniform-80,101,bounded-affinity,3978,0.9864253393665159,19.088445123705203,32.465525740342855,47.28234345890087,20.266250287728326,24.876618476366275,0.03148640397484149,true
uniform-80,102,random,4022,0.23794132272501242,64.36086026616353,141.22799951945126,189.43216645643042,142.6996113778223,213.27437574745272,0.02653651960000384,true
uniform-80,102,least-loaded,4022,0.23694679264047738,44.228500569790654,71.06779401863605,83.25821083638584,10.077272705722862,32.68760037339234,0.0070126292349079085,true
uniform-80,102,prefix-affinity,4022,0.9970164097463948,19.155385165605427,32.368641802924685,44.194664851816924,24.8791178097963,50.57122328285732,0.019487315905043958,true
uniform-80,102,bounded-affinity,4022,0.986325211337643,19.262928247412876,32.51879682170693,45.25232323234377,19.983123890331626,24.987721814060933,0.01784052326026686,true
uniform-80,103,random,4118,0.2520641087906751,63.32303778642319,136.1918833563832,187.46672505388597,145.62206894120754,245.94566939295692,0.03490402815985634,true
uniform-80,103,least-loaded,4118,0.2552209810587664,43.32650610360472,71.5522274697505,83.58227975875343,9.777931662745686,29.43501436428778,0.009872434273123351,true
uniform-80,103,prefix-affinity,4118,0.9980573093734822,18.895026584531372,31.509158352433587,42.284143757824495,23.943610919715866,50.14042568513105,0.015975166390712513,true
uniform-80,103,bounded-affinity,4118,0.9873725109276348,19.04632241075582,31.82111150991841,44.03806578843796,20.443850161838782,24.98472120624865,0.01648773135944372,true
uniform-80,104,random,3949,0.2555077234742973,60.83722059513824,128.75085551154916,182.34410732407196,131.97111500042956,265.8950747753697,0.033683741622373066,true
uniform-80,104,least-loaded,3949,0.2522157508229932,43.3567807381578,70.61244284902932,82.07686862692208,11.145177408598101,36.731891904662916,0.00752251632464185,true
uniform-80,104,prefix-affinity,3949,0.9959483413522411,19.046903581953288,32.907282012180076,48.011304316243695,27.5079019427576,63.23443927860353,0.030787224924681455,true
uniform-80,104,bounded-affinity,3949,0.9858191947328437,19.041014181119497,32.6756667584923,48.011304316243695,20.328292497215443,24.96998393101967,0.032059072418075554,true
uniform-80,105,random,4066,0.26979832759468764,61.729507932026884,136.643578368632,189.80501123997237,143.60444454042226,238.60657412940418,0.034529291221377115,true
uniform-80,105,least-loaded,4066,0.264387604525332,43.01257222702636,71.12970626563038,82.33258534027118,7.118206092100081,28.07109830214904,0.009847633230313424,true
uniform-80,105,prefix-affinity,4066,0.9982784062961141,19.049752153595918,32.102662398272514,45.14472695935547,25.72414081610259,56.34243692285236,0.058821028771853724,true
uniform-80,105,bounded-affinity,4066,0.985243482538121,19.196482283862007,33.172592978742614,46.47140226738702,21.031269911785785,24.798014424741268,0.05659969204570388,true
uniform-80,106,random,3947,0.23992906004560427,61.41470204251584,128.42403665069287,179.5436553599866,126.15443132425935,198.2915821418137,0.046632709429777486,true
uniform-80,106,least-loaded,3947,0.24550291360526982,43.32783956200038,70.58303768537007,82.36034349976399,4.544503210076073,26.606772794893914,0.009787386204710194,true
uniform-80,106,prefix-affinity,3947,0.9959462883202432,18.864336773232477,31.240784011835785,44.50535500481783,22.628767945992877,58.50424021286926,0.019632062904821574,true
uniform-80,106,bounded-affinity,3947,0.9883455789206993,18.92608815662782,31.584256164438557,45.08821645930948,18.851197903251887,24.746494137296395,0.024227203870461407,true
uniform-80,107,random,4183,0.25245039445374134,64.01863514933704,141.37391461273728,191.67978566384045,145.49389109100593,216.78471528196678,0.04321132918955334,true
uniform-80,107,least-loaded,4183,0.24910351422424098,43.87388037019227,72.16446693635226,85.2656069349323,13.912053115469462,48.45844262246101,0.014449825942155482,true
uniform-80,107,prefix-affinity,4183,0.9973703083911069,19.131094897759237,32.746559056115075,43.905366908962606,24.122918787137678,41.90883706417662,0.04214212363121495,true
uniform-80,107,bounded-affinity,4183,0.9849390389672484,19.30775541492896,33.34163044356683,47.4542732686059,20.629742676355818,24.62896597663348,0.042306086885564344,true
uniform-80,108,random,3949,0.252722208153963,61.62016979068456,131.951608102725,196.02201248297933,139.76763627117907,274.5111239089583,0.04915809405546662,true
uniform-80,108,least-loaded,3949,0.25879969612560144,43.26464944186881,70.95296626695927,84.50579593436123,9.533761010578019,26.996826091206458,0.003755046226157832,true
uniform-80,108,prefix-affinity,3949,0.9972144846796658,18.870736079676412,31.63481642959232,45.15043033943948,24.78911351489296,60.67125295136066,0.04964943431673877,true
uniform-80,108,bounded-affinity,3949,0.9873385667257534,18.95380474669452,32.17267268929572,46.54253281682759,20.30743138381513,24.90525131090908,0.047171829681693596,true
uniform-80,109,random,4002,0.24862568715642178,63.24790195589249,137.9921727485962,187.68749947052856,144.9952846818851,227.01916335733767,0.030051972846457727,true
uniform-80,109,least-loaded,4002,0.25737131434282856,43.034057727635215,70.48181699660745,81.36171800282318,9.012002864386886,26.56424406215956,0.009778362498512636,true
uniform-80,109,prefix-affinity,4002,0.9980009995002499,18.865855386532598,31.829942198808567,42.798176192904066,23.027811544263386,54.81381685819542,0.03133667390728664,true
uniform-80,109,bounded-affinity,4002,0.9862568715642179,19.043411390607297,32.23071268257627,46.18709418929939,20.3950065272511,24.273931040974276,0.026615759936631563,true
uniform-80,110,random,3942,0.247843734145104,61.40632614594844,131.5391440688254,189.03213030705228,142.2397662797157,222.45023159772973,0.053398359501816484,true
uniform-80,110,least-loaded,3942,0.24682902080162353,43.31996126202947,71.02768188129994,83.45915214397974,6.082714087129716,29.50833725141456,0.009365852916033287,true
uniform-80,110,prefix-affinity,3942,0.997716894977169,18.79626452672909,31.586799499060362,43.664224132560776,23.539291789325944,46.84099051778321,0.034392007002636414,true
uniform-80,110,bounded-affinity,3942,0.9901065449010654,18.8656238373554,31.763868152826035,43.38013993881759,20.9133270417733,24.965701748529682,0.03536992021187978,true
uniform-80,111,random,4023,0.25304499130002484,63.63842724570691,137.75539266501073,195.01180971467693,150.20256995446653,261.7570678428983,0.04131891847909124,true
uniform-80,111,least-loaded,4023,0.24409644543872733,43.702653905361124,70.79690406169175,82.24261487017793,8.719461353430233,35.898613749341166,0.008656134253379582,true
uniform-80,111,prefix-affinity,4023,0.9970171513795675,18.926458041906653,31.18469239303522,43.40795040120429,23.041961684972193,50.747775474772425,0.03157817952152838,true
uniform-80,111,bounded-affinity,4023,0.9888143176733781,19.040136822889384,31.432374470023206,44.751847014216764,20.114233195548877,24.95107214287782,0.036302948892860024,true
uniform-80,112,random,3986,0.25413948820873056,61.63697860278084,129.70234221695137,182.3167445362269,134.46461737346544,213.26274381467374,0.05375672793602059,true
uniform-80,112,least-loaded,3986,0.2579026593075765,42.99770625924404,70.22412417041778,83.07202621645774,8.257054873811285,25.034095895091014,0.008979089600543888,true
uniform-80,112,prefix-affinity,3986,0.9984947315604616,18.743804354721874,30.510357768594986,41.74849849935708,22.189745703639346,44.449952021426725,0.03672126498384136,true
uniform-80,112,bounded-affinity,3986,0.9887104867034621,18.906836365379544,31.04078459471566,43.446235687835724,19.364583203026996,24.472655044981366,0.03621812890837461,true
uniform-80,113,random,3938,0.2453021838496699,62.07155423303374,132.8340956298598,179.78685037627292,131.21661823793693,273.07842330849235,0.023982944262309205,true
uniform-80,113,least-loaded,3938,0.25622143219908583,43.400617667752435,71.67865628088475,84.25200086658879,3.8562729698314797,18.77935178660482,0.007827553770484972,true
uniform-80,113,prefix-affinity,3938,0.9966988318943626,19.039164367397717,32.90973115456654,45.743340543598606,24.879111243819352,60.17838102285168,0.03376580094271117,true
uniform-80,113,bounded-affinity,3938,0.9857795835449467,19.11217428910853,33.17565031365666,47.106728865568584,19.657567286056292,24.972414569090688,0.033204828652163995,true
uniform-80,114,random,3919,0.25184996172492985,62.76115324947565,135.4869299064212,199.9581094744135,151.649336196715,354.8903189569319,0.0203154485614715,true
uniform-80,114,least-loaded,3919,0.24521561622862975,43.604346467051,71.2397387005185,83.78466294373357,9.749372549180407,24.31078645222442,0.00587126666276287,true
uniform-80,114,prefix-affinity,3919,0.9984689971931615,18.861001339573395,31.38507051882698,42.36666493060693,23.601048495533178,52.84936583702438,0.02326877814804733,true
uniform-80,114,bounded-affinity,3919,0.9892829803521307,18.939789287604512,31.63248483928328,43.80039775740079,20.01392859753105,24.36664487186499,0.023206887846375156,true
uniform-80,115,random,3961,0.24892703862660945,63.96317909727919,138.29321890937717,216.539482257067,170.66005662900716,334.51181379919944,0.06285718381694565,true
uniform-80,115,least-loaded,3961,0.24892703862660945,43.68349275282837,71.67399800541534,84.39042834655265,10.15011519662221,32.854323409268545,0.012480183081145423,true
uniform-80,115,prefix-affinity,3961,0.9969704620045443,18.997102636842808,32.496955359856656,45.88766454061624,25.21014782928978,52.72399273997871,0.032529698312862274,true
uniform-80,115,bounded-affinity,3961,0.9856096945215854,19.078401436870582,32.81676165776116,46.43217272970651,20.166938870417653,24.775542745483108,0.035970018707148756,true
uniform-80,116,random,4012,0.24825523429710866,62.990581232805184,135.6419652829245,206.36065689297902,154.2790241955372,255.37208271464624,0.05936190193844424,true
uniform-80,116,least-loaded,4012,0.2527417746759721,43.059244066855584,69.7506921961467,82.49279726077475,7.280564269363822,24.25057628882496,0.006892477445438158,true
uniform-80,116,prefix-affinity,4012,0.9982552342971087,18.91139316223435,31.79246694469839,43.33058682717274,24.266637442837236,52.468498794944026,0.03991728745611931,true
uniform-80,116,bounded-affinity,4012,0.9882851445663011,18.992636623216388,32.15948444683272,42.89130836822369,19.83341231470331,24.511703272430168,0.03165390373946055,true
uniform-80,117,random,3987,0.24604966139954854,62.977944378895025,137.7597349353382,197.4730203416948,148.55819662749127,331.3272358397444,0.038110150789020296,true
uniform-80,117,least-loaded,3987,0.25859041886129924,43.22449702104881,71.78628405748532,82.01311626510869,9.21561983943684,23.28101958505431,0.008638773406725288,true
uniform-80,117,prefix-affinity,3987,0.9972410333584149,18.935493801986375,31.91133466957399,43.98879541725182,24.949022835229698,80.44193938333046,0.028401172189925064,true
uniform-80,117,bounded-affinity,3987,0.9859543516428392,19.055388247484036,32.33341058433507,47.18513128815539,20.242228298775444,24.999600417228066,0.027485319741105022,true
uniform-80,118,random,4048,0.24209486166007904,64.57177166155884,141.68383829519735,206.99910705195725,162.15274943372788,346.78251468217786,0.035723387492529915,true
uniform-80,118,least-loaded,4048,0.2660573122529644,42.519707109129904,70.56132383626027,81.58110677555669,3.6959307964207255,17.770605297417205,0.01281255083278992,true
uniform-80,118,prefix-affinity,4048,0.9972826086956522,18.848582931509117,32.491435460680805,43.38459221812445,24.84966443380108,37.801312503441295,0.01816730395633572,true
uniform-80,118,bounded-affinity,4048,0.9871541501976284,18.9221862103377,32.491435460680805,43.04971454000042,20.50762750962531,24.981548949635908,0.020421600203656597,true
uniform-80,119,random,4097,0.24237246765926287,64.519831502747,141.64627688568362,227.31903619239165,183.7560755108716,306.13003522075815,0.048365214602453487,true
uniform-80,119,least-loaded,4097,0.2501830607761777,43.36516958594043,70.05332235859532,82.41752177476155,6.441755115665728,27.308644429955166,0.0099193052265243,true
uniform-80,119,prefix-affinity,4097,0.997071027581157,18.987319195143684,31.950435134138388,46.16054222521052,24.962803185961093,49.68085787286691,0.03538675832956663,true
uniform-80,119,bounded-affinity,4097,0.9860873810104955,19.071656640418922,32.16087137847717,46.59463147159113,20.08238103113399,24.962803185961093,0.032514006149299904,true
uniform-80,120,random,3951,0.24879777271576817,63.97201805097395,136.91630632141823,194.65323782338237,153.73133324584705,254.05656678820378,0.04020472792828758,true
uniform-80,120,least-loaded,3951,0.24854467223487725,43.54263975676382,71.64211939690358,86.01710439502494,10.457343750986183,32.42062131995772,0.005014460410408012,true
uniform-80,120,prefix-affinity,3951,0.9987344975955454,18.904091850388884,31.837660174474877,42.347282711807566,23.88978427316033,70.66251233658477,0.050138772997123486,true
uniform-80,120,bounded-affinity,3951,0.9901290812452543,18.942023057135508,31.845345726098458,42.35732018033741,19.738963332107232,24.602163448158535,0.047688925874799296,true
uniform-80,121,random,3943,0.2500634034998732,61.6736824926188,133.76975117559414,193.0988093830747,147.20569881335177,302.01209663625923,0.029423197681919658,true
uniform-80,121,least-loaded,3943,0.2518387014963226,43.64946040063512,71.45793824537395,83.65594591019908,10.073707817689865,34.209473490609525,0.005073627429144626,true
uniform-80,121,prefix-affinity,3943,0.9979710880040579,18.85154357268833,31.64639663584967,43.52464644673273,23.95318227763346,48.09943728347571,0.032579355896841904,true
uniform-80,121,bounded-affinity,3943,0.9850367740299264,19.064018511547825,32.21605449872732,50.95763468871519,19.502407790978395,24.90617347314401,0.03445525502832499,true
uniform-80,122,random,4002,0.24737631184407796,62.79089005913075,131.8158899547343,180.53302152457036,134.91575954983273,210.12678074727228,0.024177907047889087,true
uniform-80,122,least-loaded,4002,0.24512743628185907,43.657148674831284,70.9463606703066,83.28534138991381,5.240027093379467,22.840245758594392,0.007527267438419633,true
uniform-80,122,prefix-affinity,4002,0.9970014992503748,18.96487242305,31.984416475846956,42.40584440472048,22.803598732483806,44.93889636379754,0.02983206099439033,true
uniform-80,122,bounded-affinity,4002,0.9875062468765617,19.08330301298019,32.18162398502682,43.7463793538991,20.27735249100806,24.6668140235779,0.029613212804058573,true
uniform-80,123,random,4124,0.24975751697381182,63.93367291219986,136.22811087013906,196.8929284781152,150.585910723481,245.32883659284562,0.059890879147169784,true
uniform-80,123,least-loaded,4124,0.2635790494665373,43.236058754327075,71.93752149390639,84.5916696443528,10.022228987101698,23.32325244090498,0.012019770643591027,true
uniform-80,123,prefix-affinity,4124,0.9968477206595538,19.11241287226195,32.89964165936544,46.199836279636656,26.01599073550642,59.10498910609749,0.021193998104735854,true
uniform-80,123,bounded-affinity,4124,0.9864209505334627,19.17870205639171,33.07645795636563,45.62439912747868,20.200538104476436,24.83565946348972,0.01924528701302742,true
uniform-80,124,random,4078,0.24987739087788133,61.69013601821174,132.43128669021826,178.86716078324753,132.98235338971426,241.4134981117677,0.04143846344061652,true
uniform-80,124,least-loaded,4078,0.24816086316821973,43.4478298779473,70.9093533646519,83.37987780054391,6.30234322429169,29.624726031252067,0.012007717052057179,true
uniform-80,124,prefix-affinity,4078,0.998038254046101,18.91845542423093,31.59274441588059,45.07987033185418,25.38322990562301,59.65269012269164,0.03300684070827952,true
uniform-80,124,bounded-affinity,4078,0.9852869053457577,19.006382298141247,32.324539026783896,44.91913989806562,20.329950511240895,24.98698874024558,0.03139827119963808,true
uniform-80,125,random,4017,0.24645257654966393,64.47629933477006,143.63729319217236,210.40588678470522,162.65200423276292,252.2946924983189,0.03270286853461186,true
uniform-80,125,least-loaded,4017,0.2511824744834454,43.25675696145944,70.26625384776344,83.02305341044485,7.696073937542678,25.535146300946508,0.010388537949121477,true
uniform-80,125,prefix-affinity,4017,0.9957679860592482,19.05331839813868,33.239477340190206,45.511908611068066,25.368836155408644,58.21451426458589,0.029713576605774835,true
uniform-80,125,bounded-affinity,4017,0.9860592481951705,19.118674327564516,33.366341647888476,45.91445376042793,20.055024552471878,24.924582928491873,0.020956034046245138,true
uniform-80,126,random,3931,0.24904604426354618,61.23049598364455,132.52312228811206,182.14521107905603,131.5805649008471,258.47575986889933,0.03489549021936683,true
uniform-80,126,least-loaded,3931,0.2442126685321801,43.51405172216485,70.61413752749286,80.62017411248962,3.605614411750139,35.278928745632584,0.009199737243496939,true
uniform-80,126,prefix-affinity,3931,0.9964385652505724,18.962514778071522,31.569079817483725,44.84074680228878,25.25997309161903,72.99508481364137,0.027951556357904587,true
uniform-80,126,bounded-affinity,3931,0.980412108878148,19.190369509420222,32.49026802963817,50.620494450311526,19.526681889568863,24.550657134808716,0.031534392097373735,true
uniform-80,127,random,4056,0.2593688362919132,61.57285565341393,133.203479528951,186.56157899405844,145.8266330478673,277.5117169453879,0.01693763537550729,true
uniform-80,127,least-loaded,4056,0.2467948717948718,43.3678976903855,70.58118301727154,82.88180072070827,6.9755617734990665,26.252439532348944,0.011243776659076185,true
uniform-80,127,prefix-affinity,4056,0.9982741617357002,18.938455930163396,32.65433444898372,43.08190988063143,25.08664113737177,58.00533595977504,0.03806396915499076,true
uniform-80,127,bounded-affinity,4056,0.9886587771203156,18.96982939914547,32.83240295759606,42.774992767397634,19.55829719141184,24.903747704160196,0.035465594542432075,true
uniform-80,128,random,3956,0.2403943377148635,63.64634705190654,138.8617114814333,211.743854902792,164.73346798544662,329.954449141449,0.029942281809709557,true
uniform-80,128,least-loaded,3956,0.23761375126390294,44.06141917438621,71.17902522037912,84.08896469719548,9.29660635399705,29.02798866066223,0.01351593922598248,true
uniform-80,128,prefix-affinity,3956,0.9974721941354904,19.129440409248843,32.64040227315127,45.30479675825154,25.257822076659068,63.64527861568786,0.03148640397484149,true
uniform-80,128,bounded-affinity,3956,0.9820525783619818,19.364222870153565,33.53095214314817,49.76304136854742,20.038699017371982,24.947280512984435,0.03250749275719249,true
uniform-80,129,random,4050,0.2506172839506173,62.15014655939371,136.8388208990582,196.31323990360397,145.52048241063676,236.5625892111966,0.02701885496207608,true
uniform-80,129,least-loaded,4050,0.25925925925925924,43.05400839256101,70.597988571104,81.56778101756572,5.496494716782763,31.04479753018677,0.013314675484586909,true
uniform-80,129,prefix-affinity,4050,0.9980246913580247,18.830982062743583,32.02114370923664,41.48891413677484,23.161771200888325,41.090228607634344,0.041075526277008174,true
uniform-80,129,bounded-affinity,4050,0.9883950617283951,18.993397376676636,32.79382648736646,43.99604289963463,19.83763316859404,24.999458163947565,0.03739915262374507,true
uniform-80,130,random,3981,0.24315498618437578,63.220493058719995,138.11535397324405,192.42093973168085,144.88451699097277,252.3701930396419,0.036473167709739254,true
uniform-80,130,least-loaded,3981,0.2474252700326551,43.488498918191965,71.60753902068245,86.08969977388188,6.674011935529052,27.827730409786454,0.006536040783278782,true
uniform-80,130,prefix-affinity,3981,0.9974880683245416,19.0064041968748,31.315525531394087,43.95697510740865,23.89772861214442,53.33729436842623,0.05912247044873136,true
uniform-80,130,bounded-affinity,3981,0.9854307962823411,19.24810525800957,32.152637172333925,52.18560769000214,19.515726720916064,24.797740143942065,0.06004304134452756,true
uniform-80,131,random,4023,0.2649763857817549,61.92736258561358,133.70671493923146,203.10415400119382,150.4870856876587,297.639932338614,0.03744892364412102,true
uniform-80,131,least-loaded,4023,0.251802137708178,43.60769659601793,72.28349396527483,84.99948481805768,5.8177238219213905,28.338507694257714,0.007861015334412165,true
uniform-80,131,prefix-affinity,4023,0.9957742977877206,19.216133096711573,32.9189605666179,45.71200235602009,25.57052516452859,64.17175237012998,0.024063467485274936,true
uniform-80,131,bounded-affinity,4023,0.9845886154610987,19.283088158967114,33.197339733589615,46.03753793967553,20.121269834940904,24.59494461605209,0.021530756619881512,true
uniform-80,132,random,4119,0.251760135955329,62.91069758667095,136.51224008054123,192.4772359070339,142.19879746762308,223.086375751991,0.03646564260566949,true
uniform-80,132,least-loaded,4119,0.26122845350813306,43.191381033329264,70.89537398480388,83.56955861244205,9.317421245155856,26.640424474695465,0.013259410633093072,true
uniform-80,132,prefix-affinity,4119,0.9983005583879583,19.02467118874729,31.886739862333343,43.934838878252776,24.151040111100883,59.34410807070526,0.0627531072821022,true
uniform-80,132,bounded-affinity,4119,0.9873755765962612,19.137266260150636,32.221704832954856,44.6049777476328,20.091518320805335,24.996704239318206,0.057305757317319767,true
uniform-80,133,random,3933,0.25222476481057715,61.69463661304561,130.34923198876822,180.85003548270106,135.17665518707508,225.2269488958409,0.03103045250094614,true
uniform-80,133,least-loaded,3933,0.24993643529112636,43.22141091184911,69.9576584970564,81.32842672104744,4.178861013890128,24.540031828404608,0.01229960969206939,true
uniform-80,133,prefix-affinity,3933,0.9969488939740656,18.850952722230005,31.02219416492153,43.277078346196504,21.986415860650595,60.21196926671473,0.04161966376780528,true
uniform-80,133,bounded-affinity,3933,0.9895753877447241,18.892682740278023,31.164775397257472,43.277078346196504,19.78380379043665,24.915395900825388,0.03486060770573904,true
uniform-80,134,random,4046,0.24789915966386555,62.81079752684198,136.31279160976555,197.4290412713235,146.91202197784878,271.04422931697627,0.029869434266899173,true
uniform-80,134,least-loaded,4046,0.2417202174987642,43.87259013503984,71.03676558159168,84.18485718969896,8.169221040538105,27.056998808406206,0.010939244660313142,true
uniform-80,134,prefix-affinity,4046,0.9980227385071676,19.037784837817902,31.77648847214732,41.79652313149563,23.369984618646413,51.77073871112043,0.04601916824398612,true
uniform-80,134,bounded-affinity,4046,0.9876421156697973,19.21009870694751,32.28401694652712,44.308726125058456,20.576944757187448,24.639185479631124,0.043441478404422494,true
uniform-80,135,random,3989,0.24717974429681625,64.44044546224072,139.8846841943814,196.06081410546903,152.07861229262926,377.8976526065708,0.04786342399406884,true
uniform-80,135,least-loaded,3989,0.25394835798445725,43.63426544156756,71.94081391642248,86.21648067026035,11.512967978986126,29.562921377677412,0.008033218632014606,true
uniform-80,135,prefix-affinity,3989,0.997743795437453,19.114875268724926,33.02334134244302,45.03093763266952,24.724844715587096,57.204279221463366,0.04047921599194162,true
uniform-80,135,bounded-affinity,3989,0.9872148408122337,19.24456202085732,33.36729463588381,47.07087012146803,20.619063750153146,24.909938209540996,0.03902344307276966,true
uniform-80,136,random,4042,0.23775358733300347,63.799570327175076,136.34935599527307,184.08254161365403,141.35711491763686,288.1367740136775,0.03653625843483857,true
uniform-80,136,least-loaded,4042,0.25680356259277587,43.38434055011413,70.93836222070968,83.13143748093717,6.78368425145527,23.679622956635285,0.0077292393709091495,true
uniform-80,136,prefix-affinity,4042,0.9955467590301831,18.968085794374353,31.846034396381583,43.10359574769245,24.3967602338671,64.6140306469897,0.04310457853743262,true
uniform-80,136,bounded-affinity,4042,0.9854032657100446,19.019944695620755,32.14566994577035,44.95302912475199,19.445000216379412,24.979000547165924,0.03863301040125578,true
uniform-80,137,random,3966,0.2534039334341906,64.55730127821452,147.35599614554667,216.73139471087052,170.31957466816675,320.85709468173445,0.036926538164598774,true
uniform-80,137,least-loaded,3966,0.24936964195663136,43.7428560743561,72.03819372502039,84.58408619453621,7.049150393228047,28.32847828789818,0.016378478188938717,true
uniform-80,137,prefix-affinity,3966,0.9979828542612204,19.02689943107246,32.095543577946955,44.45174701790529,23.895811661153857,58.81287847105705,0.017167749416697107,true
uniform-80,137,bounded-affinity,3966,0.9884014120020171,19.132909344166286,32.303070894071425,45.88539399522051,20.469924525656097,24.717131017419888,0.016756978213593267,true
uniform-80,138,random,4007,0.25405540304467183,61.4181813401309,133.313808821993,187.70388508676479,138.61551212011182,241.9422406562735,0.035955666806262124,true
uniform-80,138,least-loaded,4007,0.24182680309458449,43.528021529722466,70.59950454184582,82.83850058190728,10.311049524505506,24.798709415343183,0.007934355464710588,true
uniform-80,138,prefix-affinity,4007,0.9967556775642625,18.967603046540212,32.57508153575327,44.575472091652045,24.98920426297991,51.23683537115721,0.032607026749364755,true
uniform-80,138,bounded-affinity,4007,0.9840279510856001,19.12182983111863,32.92678638016514,48.37949789246704,20.59151353346897,24.85011519769614,0.029661840094177844,true
uniform-80,139,random,3963,0.2619227857683573,61.747348796386454,131.13672017171302,202.15040434912225,156.66539100583032,251.7319786144435,0.021658971043275747,true
uniform-80,139,least-loaded,3963,0.25788544032298766,43.28387215838402,71.88173637981527,82.41478980442116,7.410229769899161,22.799791844350693,0.012348407584336597,true
uniform-80,139,prefix-affinity,3963,0.9977289931869796,18.94819963469056,31.398572813141072,44.991069080228044,23.215224919782486,53.5683417842356,0.06158157196494341,true
uniform-80,139,bounded-affinity,3963,0.9876356295735554,19.055933931891417,31.664281279860006,45.35400377171027,19.763769654315183,24.99163751693777,0.057620961940358546,true
uniform-80,140,random,4023,0.25279642058165547,61.38640540984491,131.29463199216116,175.12059946379304,124.68495518490818,269.53905474255225,0.04662929993149645,true
uniform-80,140,least-loaded,4023,0.2453392990305742,43.654582956020306,71.12131108204994,82.30090378905152,11.010268995101796,31.83410625444958,0.013376345338870143,true
uniform-80,140,prefix-affinity,4023,0.9985085756897838,18.87350717983051,32.044979773650994,43.139587096869946,23.918807389665744,46.930650509260886,0.03587487986713128,true
uniform-80,140,bounded-affinity,4023,0.9835943325876212,19.109554778263032,33.03442051839011,48.17021803357056,19.98741522176715,24.888708279926504,0.033986414897175826,true
uniform-80,141,random,4011,0.2505609573672401,62.92584891873995,139.32953390231887,193.5209830188105,147.77335283473076,229.760419084967,0.030021126800825502,true
uniform-80,141,least-loaded,4011,0.23909249563699825,43.796332277194495,71.12393668805453,83.24420570636539,8.204716213833308,24.726562975098204,0.008886057770895293,true
uniform-80,141,prefix-affinity,4011,0.9970082273747195,18.91446064166984,31.853255503792752,43.09175026568482,22.918491435622855,46.28298646485928,0.023104345876740696,true
uniform-80,141,bounded-affinity,4011,0.987534280727998,19.036973819785583,32.111546465836,45.50184841745795,19.947006373222393,24.726562975098204,0.027333654733463966,true
uniform-80,142,random,4060,0.2522167487684729,62.703496351169925,140.16157609430593,192.62954138738132,153.3167883525275,255.92027020513706,0.05395841322345487,true
uniform-80,142,least-loaded,4060,0.25985221674876846,42.93408177983239,71.61408192223826,82.19108299009531,8.928014760756923,22.927437548336457,0.010919700862676247,true
uniform-80,142,prefix-affinity,4060,0.9972906403940887,18.92275498877263,32.36224836943438,44.34582453854455,23.59489427027438,68.9703188431522,0.024041307685012565,true
uniform-80,142,bounded-affinity,4060,0.9859605911330049,19.07894527331903,32.75574881389184,48.44070488450234,19.929223551940595,24.854878816993732,0.02070971939732726,true
uniform-80,143,random,4061,0.2511696626446688,65.14207004874963,146.16696120632696,215.67234018494855,169.7480632704246,341.1505695642045,0.023227096195724065,true
uniform-80,143,least-loaded,4061,0.2521546417138636,43.562493246909945,71.9581571118033,83.91869449904334,8.937450465906295,26.593398746023013,0.006559412115327976,true
uniform-80,143,prefix-affinity,4061,0.9965525732578183,19.197332533815707,32.53901836245859,46.46308365268487,25.62168988643316,59.022145959203044,0.0400456924049845,true
uniform-80,143,bounded-affinity,4061,0.9839940901255848,19.301414903573427,32.72980167130663,47.67451618607993,19.510808043742145,24.67869582350977,0.03593976641177626,true
uniform-80,144,random,3985,0.24441656210790463,63.05830718147402,138.29072288038333,193.2657585306879,150.86656737720114,233.60007772778044,0.03921286257180358,true
uniform-80,144,least-loaded,3985,0.23914680050188206,44.009595530563274,70.93994372733869,82.97094709546946,10.282047444263299,32.129747821927594,0.007566805298292607,true
uniform-80,144,prefix-affinity,3985,0.9969887076537014,19.080084580713706,32.32627665468317,44.84224850048486,25.557571713889047,53.56460352985596,0.057483244096339786,true
uniform-80,144,bounded-affinity,3985,0.9834378920953576,19.25689609365611,32.68534369285044,47.5290300831075,20.86914906747188,24.936592588261192,0.04724738423032522,true
uniform-80,145,random,3988,0.2622868605817452,60.74818856908945,130.68658101029723,199.8345322645182,150.01674534274207,214.38252386532258,0.03617937692929206,true
uniform-80,145,least-loaded,3988,0.2542627883650953,43.067283088586635,70.28377188838931,81.12747564799793,6.463774077426933,23.781483053575357,0.010554120283482515,true
uniform-80,145,prefix-affinity,3988,0.9957372116349047,18.897670658375937,32.210453277661145,44.2050764841988,22.919337886969515,52.940192080093766,0.04805968477317428,true
uniform-80,145,bounded-affinity,3988,0.984704112337011,19.07383635566176,32.76234690051933,48.484775547130994,20.154777789182845,24.882172837780672,0.04454094748532604,true
uniform-80,146,random,4092,0.24560117302052786,64.11528108502235,143.01416844810592,194.15532605618864,151.18954392268643,236.4887527912506,0.040936124335754366,true
uniform-80,146,least-loaded,4092,0.2590420332355816,43.077624368784186,70.47363566583226,83.23180880331711,10.244603089657176,28.819155269935436,0.010473682295384281,true
uniform-80,146,prefix-affinity,4092,0.9978005865102639,18.9911576140148,31.866214247842436,45.131201841428265,25.756786688561988,122.12985583418413,0.03355261568759787,true
uniform-80,146,bounded-affinity,4092,0.9865591397849462,18.963914040752986,32.006714481402014,47.05313814150577,19.010925075112027,28.14598402321826,0.033592281864520096,true
uniform-80,147,random,3968,0.25529233870967744,60.674196609324795,128.53440441608836,184.19016352263498,137.53645474879522,264.6083346238738,0.05471848451403209,true
uniform-80,147,least-loaded,3968,0.24798387096774194,43.40488714529312,70.93212767615478,82.7540764141122,7.892273939054576,24.610499675080064,0.009054040222866377,true
uniform-80,147,prefix-affinity,3968,0.9982358870967742,18.777524473375983,31.20645743512432,44.10336060557165,23.476825618905423,72.18848466869895,0.051917720388741505,true
uniform-80,147,bounded-affinity,3968,0.9866431451612904,18.912049048150383,31.70590060755785,49.54536299200117,20.236956441323855,24.99277629457356,0.05113406269488675,true
uniform-80,148,random,4073,0.2587773140191505,62.09731999183161,138.7413520014743,191.72760237860348,142.42445220592344,238.14956703457574,0.03156628064853156,true
uniform-80,148,least-loaded,4073,0.25362140928062854,43.254322725339456,70.59359959707217,83.27759403651544,9.108450731275298,24.405108356317214,0.007895697336810784,true
uniform-80,148,prefix-affinity,4073,0.9975448072673705,18.8438450562532,31.792862925547524,41.93857073669096,22.82946930344042,58.94224192773436,0.05594777952730936,true
uniform-80,148,bounded-affinity,4073,0.9891971519764301,18.939063768005507,31.934971895701892,43.428283382709196,19.25731473992346,24.973505168665724,0.054650752965524546,true
uniform-80,149,random,3986,0.24586051179126944,64.04903557635156,141.89986075190245,202.15183427614102,159.10732342568735,253.70133157705277,0.03506302873254817,true
uniform-80,149,least-loaded,3986,0.25614651279478173,43.061561884001264,70.83481707423198,82.85242409834245,7.802673987316666,26.74579690867904,0.005700695009889879,true
uniform-80,149,prefix-affinity,3986,0.9972403411941796,19.04609522367956,32.47555645137618,43.65161370259739,24.48656040213973,73.8411163881301,0.03713888956148769,true
uniform-80,149,bounded-affinity,3986,0.9821876567987958,19.303817677393205,33.48380584437109,52.7319449290826,19.860601268293976,24.943007706227945,0.031868550460269075,true
uniform-80,150,random,4063,0.2547378784149643,63.442079166994695,136.12402253078108,188.05629462938668,138.99640281278698,255.10702617860989,0.03703883288294081,true
uniform-80,150,least-loaded,4063,0.24883091311838543,43.8858570668256,72.03701738167729,83.59224663737405,9.427338705434522,33.26545708972117,0.005392279127209682,true
uniform-80,150,prefix-affinity,4063,0.9972926409057347,19.24743450068947,32.67748539512104,45.27214417840878,25.72351781913312,52.32003944057942,0.030541031510311067,true
uniform-80,150,bounded-affinity,4063,0.9790794979079498,19.540160924125868,33.88386613089824,52.67653475428233,19.628616188256274,24.826239977592195,0.03514711033656422,true
uniform-80,151,random,3951,0.25082257656289547,63.49757112866095,140.18535337650974,195.5773908087831,147.24381959107995,285.0075148754695,0.047010843994100736,true
uniform-80,151,least-loaded,3951,0.2457605669450772,43.45811084032895,70.84982817884156,80.32298401710432,3.675144016782724,23.991588454169687,0.00587688870891917,true
uniform-80,151,prefix-affinity,3951,0.9977220956719818,18.92635422354492,32.0583416259833,43.769462225147436,24.439703203701356,43.611420697241556,0.057596604399838325,true
uniform-80,151,bounded-affinity,3951,0.9870918754745635,19.06409476727717,32.31583532699551,45.477285196306184,19.57886332745693,24.828514926484786,0.05120699100154267,true
uniform-80,152,random,3942,0.2450532724505327,63.18974448114578,136.7107616476569,196.33465742284534,143.23727799335757,230.57755234365322,0.029372825070458842,true
uniform-80,152,least-loaded,3942,0.243531202435312,44.01111892056985,71.22145633379841,83.60124152303615,8.793655793360813,21.949637567719037,0.012787391296322849,true
uniform-80,152,prefix-affinity,3942,0.9954337899543378,19.117883190267698,32.42205261002891,47.08576048048053,24.23002994649687,53.609521281774505,0.018085336397725093,true
uniform-80,152,bounded-affinity,3942,0.9845256215119229,19.24738399389906,32.99089466703299,47.696562525485206,19.850746069925663,24.80227356935211,0.01636450701097086,true
uniform-80,153,random,3912,0.25383435582822084,61.98421486455477,137.84965886417194,188.4049398494135,136.3447687473672,205.6319624383632,0.03384705250821552,true
uniform-80,153,least-loaded,3912,0.22955010224948874,44.04369271530522,71.4138079075492,83.69925364336086,3.746569758885016,19.2832838257018,0.012370240481348108,true
uniform-80,153,prefix-affinity,3912,0.9971881390593047,19.040185007749145,33.052533713818775,45.54223869215639,26.468089644677093,68.86989758234449,0.022413784860733626,true
uniform-80,153,bounded-affinity,3912,0.9846625766871165,19.129990293216338,33.60821974827559,45.59627307302799,19.43163616809761,24.88835225053481,0.02223632700193753,true
uniform-80,154,random,3999,0.26281570392598147,61.57149429363195,138.09259923866193,190.4697741210548,145.4161804690957,273.3489423001811,0.03748647070410377,true
uniform-80,154,least-loaded,3999,0.2558139534883721,43.06648311300128,70.29085992524779,82.40012432283402,5.815986387220619,20.252700003387872,0.008039952260373377,true
uniform-80,154,prefix-affinity,3999,0.9982495623905977,18.793625433681996,31.16785237305885,43.354947451662156,23.864020738772524,47.57483739694362,0.03397647644511524,true
uniform-80,154,bounded-affinity,3999,0.9887471867966992,18.86539298511766,31.389730809671164,43.83795547074624,19.678379502891403,24.68333983259072,0.03158666166205662,true
uniform-80,155,random,4011,0.24731987035651956,61.17904113050331,127.55206079782874,174.77098490372737,124.94950628766128,219.57590062520467,0.03279548235747014,true
uniform-80,155,least-loaded,4011,0.2513089005235602,43.60676241651455,72.22520834740135,84.24099267426209,8.914433240424842,21.532612683942716,0.004482187225825077,true
uniform-80,155,prefix-affinity,4011,0.9965095986038395,18.89451304293742,31.764496882184176,43.215710394530106,22.903272176527025,55.53514964228452,0.03493377012607038,true
uniform-80,155,bounded-affinity,4011,0.9857890800299177,19.041289766536057,32.04834779199882,46.46926679747048,18.925240556607605,24.982200904891215,0.03041491966017211,true
uniform-80,156,random,3996,0.25125125125125125,62.916645451257665,132.72101363910042,193.34105650228594,141.1689074749538,332.1630012493988,0.03334369597907286,true
uniform-80,156,least-loaded,3996,0.24524524524524524,43.58360636268846,70.71428737588576,83.0283583876917,7.452182631313917,20.4747065705742,0.011844149439229595,true
uniform-80,156,prefix-affinity,3996,0.997997997997998,18.934300392759667,31.56402605320909,45.704674717497255,23.33763731423096,58.21052880850766,0.019716664530001583,true
uniform-80,156,bounded-affinity,3996,0.987987987987988,19.037501980025173,31.93407655695046,46.95834568806458,19.500499924921314,24.954699049398187,0.021688813677104714,true
uniform-80,157,random,4106,0.26278616658548465,60.52092142028338,127.41858282958856,176.9589737260976,131.63837405516824,233.84447718933006,0.039127865374507624,true
uniform-80,157,least-loaded,4106,0.2679006332196785,42.61612036326174,70.65744707396516,83.82587454521854,7.486931510709837,27.669299070432317,0.005430041741076856,true
uniform-80,157,prefix-affinity,4106,0.9963468095470044,18.897034623712607,32.12745698877188,43.6493081878798,22.931330932227866,47.275752491377716,0.049333489483725845,true
uniform-80,157,bounded-affinity,4106,0.9868485143692158,19.058479395853244,33.01900507877508,45.99234425558825,20.161615976561734,24.804037742258515,0.04695060120401489,true
uniform-80,158,random,4104,0.26169590643274854,63.195726266337324,137.58357274682203,208.25398438510456,157.0418430288628,250.8151318633245,0.03955919392250679,true
uniform-80,158,least-loaded,4104,0.25024366471734893,43.44785867933368,70.41020503622713,83.30311296870786,9.900909059591868,35.911866869519145,0.011279737647862465,true
uniform-80,158,prefix-affinity,4104,0.996588693957115,19.019982263516457,32.10493564332137,45.91382814708231,25.63374533502065,62.931698574224356,0.041900745619659674,true
uniform-80,158,bounded-affinity,4104,0.9836744639376218,19.187439792613016,32.49559004136245,49.371057722244586,19.98542032943078,31.936354239353022,0.0393527462292367,true
uniform-80,159,random,3961,0.24867457712698812,62.32338580469415,136.56128390149388,199.56532198462082,158.855613466847,241.88045278497157,0.0526655959101183,true
uniform-80,159,least-loaded,3961,0.2413531936379702,43.48003409129108,69.75958520538916,82.68705853640859,6.315269439057374,21.777756359289924,0.009065844089438033,true
uniform-80,159,prefix-affinity,3961,0.9964655390053017,18.791220574254833,31.45739094695091,42.72790708666071,22.98565422923275,47.23050700508793,0.048208162652628,true
uniform-80,159,bounded-affinity,3961,0.9873769250189346,18.887865218065542,31.920468364362023,43.46237454225775,20.24777878938039,24.99449219961025,0.04721695253770444,true
uniform-80,160,random,3988,0.24398194583751254,63.62883224913944,139.99489956391335,195.25821041067684,148.47497575679154,244.06235238110094,0.033999376403364506,true
uniform-80,160,least-loaded,3988,0.2597793380140421,43.26061041109111,71.38565415803896,83.00240755840605,5.211205180963589,35.77073744824156,0.006833396174602389,true
uniform-80,160,prefix-affinity,3988,0.996740220661986,19.06194919053939,31.633864237599482,43.52528677829105,21.90537404090719,60.36923280086194,0.028039320574949674,true
uniform-80,160,bounded-affinity,3988,0.9874623871614845,19.173655989229744,31.91517497800669,45.36617624555947,19.79087987227831,24.604413500997907,0.031614393978188084,true
uniform-80,161,random,4094,0.25232046897899363,62.79924553068116,136.59016582643017,187.58373680165096,139.24334426803398,250.55351278931266,0.0594612746135698,true
uniform-80,161,least-loaded,4094,0.2501221299462628,43.442035670191686,70.80082585856144,83.86611244811502,9.499307079415303,21.6612969827911,0.010434685477343355,true
uniform-80,161,prefix-affinity,4094,0.9985344406448461,18.915384621051565,32.1256771569424,44.084272705586045,23.486860783799784,45.766738458107284,0.050413263565770076,true
uniform-80,161,bounded-affinity,4094,0.9894968246213972,19.01886794130287,32.451054983108406,44.084272705586045,20.16227401042852,24.89684024734015,0.050056505899780265,true
uniform-80,162,random,3994,0.26364546820230345,59.65012696347054,126.5036530977959,168.80346337480296,127.40078911180353,219.5357989019103,0.028091729123707998,true
uniform-80,162,least-loaded,3994,0.2516274411617426,43.169582564204184,70.21369562887776,81.70529079989319,8.252972650534502,31.613663774496672,0.005528105539207251,true
uniform-80,162,prefix-affinity,3994,0.9977466199298949,18.95007998253266,32.05628348023674,45.22146306446666,24.26710276169797,78.58879418909055,0.026623602902125326,true
uniform-80,162,bounded-affinity,3994,0.9837255883825738,19.203027249692504,33.23635856094188,51.09275437502947,20.523001997404208,24.855125537003914,0.03152474586300426,true
uniform-80,163,random,4022,0.24763799104922923,60.434140048306155,127.05275733224698,167.34636887481975,122.4326004103932,199.96321844361955,0.03766190174992036,true
uniform-80,163,least-loaded,4022,0.24838388861263053,43.36421443093798,70.20266329073638,80.95971888334316,4.877572074488853,23.79471984830525,0.013887896190829557,true
uniform-80,163,prefix-affinity,4022,0.9975136747886624,18.970463946572195,31.363501602012548,42.91948073160165,23.51873326031273,73.14802349228557,0.036159376927877705,true
uniform-80,163,bounded-affinity,4022,0.9875683739433118,19.062112757127032,31.764919093169738,46.01896147116349,20.23351345340052,24.33291450553952,0.027918591601116007,true
uniform-80,164,random,4060,0.2438423645320197,62.63054994104276,134.68792402384133,188.70615820509556,145.88349141323852,275.82771518564186,0.04424187551675202,true
uniform-80,164,least-loaded,4060,0.25985221674876846,43.24341269774338,72.36968293991958,85.41079196596547,7.796851457373123,31.106110598695523,0.0055729909475146,true
uniform-80,164,prefix-affinity,4060,0.9955665024630542,19.217699076177357,33.198381129572226,46.88562285887019,24.855677796527743,57.190781181736384,0.04784904966816982,true
uniform-80,164,bounded-affinity,4060,0.984975369458128,19.275148452313207,33.243029453744384,47.83753855786563,20.89350625887164,24.871201873320388,0.039976848168184524,true
uniform-80,165,random,4021,0.2526734643123601,62.46774779118397,134.51800977832318,184.25402256443704,138.47063085489935,299.37009059078264,0.03687102975949526,true
uniform-80,165,least-loaded,4021,0.2504352151206168,43.50569238788653,71.37587745416386,82.53975281878957,8.860355957487627,21.91048523225072,0.007347263032423759,true
uniform-80,165,prefix-affinity,4021,0.9975130564536185,18.963128441547106,32.08736309446249,43.544836341508926,24.409589100498124,55.0407192332932,0.03318091913825977,true
uniform-80,165,bounded-affinity,4021,0.9858244217856255,19.08947905776485,32.320282307773596,43.93697935095406,19.617150916576065,24.944382665968078,0.033773322759242934,true
uniform-80,166,random,3988,0.24799398194583752,64.78522365511594,147.6507117067813,220.50391253336784,173.9428666862732,279.5298013925312,0.025307508335116816,true
uniform-80,166,least-loaded,3988,0.24874623871614845,43.81534839635633,71.4813715862656,84.00898718492681,14.597691253264202,36.094465140900866,0.008179655142450266,true
uniform-80,166,prefix-affinity,3988,0.9972417251755266,19.16610033831554,32.28130889338354,47.331203008761804,27.474469188695366,55.854185087038786,0.04362203467325482,true
uniform-80,166,bounded-affinity,3988,0.9839518555667001,19.284494925055895,32.689750089244626,52.178103445814486,19.870368561618307,24.762075655573426,0.0403119217599819,true
uniform-80,167,random,3946,0.2511403953370502,63.40482189895386,136.72070887809969,204.43717346405901,152.75384784361086,387.97168674140266,0.03451952903411421,true
uniform-80,167,least-loaded,3946,0.2584896097313735,43.120057956444626,70.66296828292252,82.69703144404775,6.0914946420816705,31.60335564554407,0.009883513636648703,true
uniform-80,167,prefix-affinity,3946,0.9954384186517993,19.04806644066823,32.47783190114569,45.775569678880856,24.307427759162238,63.71702428991921,0.037691837965194645,true
uniform-80,167,bounded-affinity,3946,0.9845413076533198,19.14842394844771,32.86260367957584,47.541338817092765,20.511401386471334,24.937272030425447,0.04288306451584644,true
uniform-80,168,random,3898,0.24679322729604924,65.1167875335555,148.30589235678053,222.68185756214916,168.98691771343147,286.44255746389535,0.039709980811858135,true
uniform-80,168,least-loaded,3898,0.24422780913288866,44.14590074714526,72.4371133533823,83.81251162412809,10.257458635489456,25.748392517969478,0.005655731746610925,true
uniform-80,168,prefix-affinity,3898,0.9961518727552591,19.087927887559207,32.17371662280857,46.194254251529856,25.053662630591134,51.50991726424036,0.047590794667937586,true
uniform-80,168,bounded-affinity,3898,0.9835813237557722,19.239481874295596,32.601922673144145,51.73923915517662,19.10460865493951,24.98827258570782,0.043176613306779965,true
uniform-80,169,random,3942,0.256468797564688,60.902991441164204,131.38206727170473,179.0354625684704,132.34140928255874,242.3477870724273,0.02738827604336625,true
uniform-80,169,least-loaded,3942,0.25469304921359714,42.96880506010358,70.22579638155366,83.08203153882641,6.111070663871942,24.183078194710106,0.010693790282741993,true
uniform-80,169,prefix-affinity,3942,0.9974632166412988,18.738558121029705,31.327343617507722,43.39091679455851,24.35977554965939,52.359399517807105,0.03239617719200615,true
uniform-80,169,bounded-affinity,3942,0.9852866565195332,18.894461327545905,31.805795426815166,45.61465771563962,19.74464426412669,24.99294151698996,0.034561504461123535,true
uniform-80,170,random,4070,0.23267813267813267,64.62554065114227,142.89212043531734,191.13616291293874,145.63364823662414,248.93767523338465,0.0446108451796608,true
uniform-80,170,least-loaded,4070,0.2366093366093366,44.190344536394285,71.15528279079444,83.831196622079,11.35379273669605,36.08406951397774,0.012053694151655159,true
uniform-80,170,prefix-affinity,4070,0.9980343980343981,19.217463141669235,32.97007142272196,45.2455652589706,27.199438897012442,60.98346627940009,0.030511393910373573,true
uniform-80,170,bounded-affinity,4070,0.9830466830466831,19.38827572465983,33.614898083367734,48.759631573389925,20.615314180842688,31.632356663802057,0.028210433442096453,true
uniform-80,171,random,3979,0.2558431766775572,61.25272520594698,132.45989984169137,176.84053601877895,132.79827733205457,229.64899819899802,0.016794229798072224,true
uniform-80,171,least-loaded,3979,0.24956019100276453,43.261783048361146,71.90108308393974,84.778688728009,3.840313470340334,15.156040101916005,0.006257383518783347,true
uniform-80,171,prefix-affinity,3979,0.9972354863030912,18.83515830077088,31.690372708228097,43.20452938928065,22.95824485992489,58.689671322463255,0.03766703420275964,true
uniform-80,171,bounded-affinity,3979,0.9869313897964312,19.01568177809041,32.149799671648,45.13555807046578,21.01805105602034,24.63080322503083,0.03276763368955509,true
uniform-80,172,random,3971,0.25283303953664066,61.326071716433624,131.03788103491388,182.399658758266,141.42741804740945,226.28328565202173,0.045940286642577134,true
uniform-80,172,least-loaded,3971,0.2533366910098212,43.2963262542759,71.01886812110752,82.48862223250399,8.685309227512334,36.04808642649732,0.009224124424310977,true
uniform-80,172,prefix-affinity,3971,0.9959707882145555,19.02406427358529,32.169070721669414,47.10490061988821,25.225706748584344,59.54127534609506,0.03853031197919665,true
uniform-80,172,bounded-affinity,3971,0.9831276756484513,19.18167965440294,32.63844655166395,51.75532254083373,19.633677816713316,24.84358345898363,0.03805061020481144,true
uniform-80,173,random,3975,0.25484276729559746,61.22493343156132,128.49473537594167,175.72768866002298,132.95558868919034,207.94182276968058,0.02683360286055947,true
uniform-80,173,least-loaded,3975,0.26062893081761007,43.132867935735426,70.83963021135423,84.49802718720821,7.33291973055384,20.608512872553547,0.012139131241212483,true
uniform-80,173,prefix-affinity,3975,0.9977358490566037,19.170364880068597,33.23993752969909,47.326050106090406,28.416669513870147,59.688665419504105,0.06986030796535456,true
uniform-80,173,bounded-affinity,3975,0.9838993710691823,19.24675136528969,33.55355851177592,49.16753768338094,20.913740529796996,24.848689766819007,0.06827757474362589,true
uniform-80,174,random,4038,0.24541852402179296,62.465599951984515,133.9143003874069,177.83655641302357,136.96509408284328,229.13612536034634,0.021613142030570822,true
uniform-80,174,least-loaded,4038,0.24541852402179296,43.5334314104158,71.39990854338976,82.71205708241177,8.047059481625183,25.110190235747723,0.011703107773088377,true
uniform-80,174,prefix-affinity,4038,0.9977711738484398,18.871480845245397,32.05684103449312,44.18539958119436,24.517483617360995,48.763082117679005,0.03499834356229393,true
uniform-80,174,bounded-affinity,4038,0.9871223377909857,19.014887169395532,32.371578410420625,45.75906333154853,20.48328310987563,24.761092273260147,0.03732759676799479,true
uniform-80,175,random,3990,0.2521303258145363,62.66104229563851,136.37352925082814,191.54694530260167,145.91387467049935,210.7769595957434,0.03952824967750105,true
uniform-80,175,least-loaded,3990,0.2511278195488722,43.66777888535641,71.41484983331611,85.8456100175681,7.1895567826140905,29.573891868418286,0.010740161018950777,true
uniform-80,175,prefix-affinity,3990,0.9972431077694236,19.015025348432463,32.64774527672853,43.945739962073276,24.425596490778844,50.84725991984487,0.011705685618729096,true
uniform-80,175,bounded-affinity,3990,0.9852130325814537,19.166497520311122,33.293504143322934,45.92341478037088,19.500237369640672,24.644149866748194,0.021069570515642396,true
uniform-80,176,random,3996,0.258008008008008,61.50728488834695,133.5074585388902,184.67297616716678,130.96247036368732,225.2250115708157,0.03304996153731066,true
uniform-80,176,least-loaded,3996,0.24474474474474475,43.5518517637361,71.19674519945693,83.22824200341711,10.075114143102837,37.478735503027565,0.006127404220064848,true
uniform-80,176,prefix-affinity,3996,0.9967467467467468,19.059191941045484,32.8969602889847,47.428783813491464,26.762689743984083,66.73396856479303,0.051267244919298925,true
uniform-80,176,bounded-affinity,3996,0.982982982982983,19.206239967113138,33.41941159572889,48.47808973883366,20.427215885814803,24.784752775238303,0.04954895697543701,true
uniform-80,177,random,3984,0.2507530120481928,61.40817282358711,132.25659479985188,194.37424752355582,138.46152290014652,226.86170501848392,0.02994981206748948,true
uniform-80,177,least-loaded,3984,0.2394578313253012,43.5664220571364,71.45332001453062,82.70007186954172,5.791303864512884,25.56460399734533,0.00402848278157626,true
uniform-80,177,prefix-affinity,3984,0.9972389558232931,18.65950903103397,30.996128217229852,42.67406936756379,22.00921122580621,39.19080985869368,0.04501481771728515,true
uniform-80,177,bounded-affinity,3984,0.9861947791164659,18.855382732748037,31.94317865807534,44.16501279253498,19.499834763882973,24.949636161596572,0.04271812968375378,true
uniform-80,178,random,4055,0.24636251541307028,62.6742613262514,134.43060815839272,179.87137557920505,135.58792661409825,310.663001323941,0.03661368781708077,true
uniform-80,178,least-loaded,4055,0.2409371146732429,43.96100537376674,71.0019449775773,85.33415431230969,9.419150743742648,30.713710747604637,0.011816611915367883,true
uniform-80,178,prefix-affinity,4055,0.9975339087546239,18.91586079800633,31.72717163956986,43.12973408792459,23.31500352956209,59.16384991617815,0.03064172974842428,true
uniform-80,178,bounded-affinity,4055,0.98865598027127,19.02523963853654,32.07532287076174,44.80156778287346,19.302212630405847,24.956232107469987,0.02907497228634507,true
uniform-80,179,random,4081,0.24724332271502084,63.26414224713075,136.95927373375343,189.08642178356604,141.5190729948008,264.70655649754553,0.04227489476060032,true
uniform-80,179,least-loaded,4081,0.2543494241607449,43.67838780188035,72.2844759601503,83.54108660209386,7.766022795503886,29.114261470407655,0.012047953454646432,true
uniform-80,179,prefix-affinity,4081,0.9977946581720166,18.844490224229872,31.23871142192729,42.317450956939865,22.377135569389793,53.589346621738514,0.029108780323329315,true
uniform-80,179,bounded-affinity,4081,0.9899534427836315,18.939594383025813,31.80050357357686,44.03768592997221,19.35611092135514,24.86499289828498,0.03489153571708216,true
uniform-80,180,random,4009,0.2569219256672487,62.05876907136024,133.70969862581842,188.9852289084447,144.23258642697328,254.45706217684346,0.03893650707089186,true
uniform-80,180,least-loaded,4009,0.2541780992766276,43.117553512348316,70.50268072081963,83.21444420867556,9.570915123771556,22.554140504449606,0.006093258066624821,true
uniform-80,180,prefix-affinity,4009,0.995260663507109,18.943126465428975,31.955641933047445,42.90614745108542,22.61226369252472,55.42601610959355,0.034328758780239554,true
uniform-80,180,bounded-affinity,4009,0.9880269393863806,19.007104297750313,32.23197918266669,43.499589372870105,19.788448603365396,24.969368194002527,0.031158033545698068,true
uniform-80,181,random,4062,0.2572624322993599,61.912533093716604,136.19619773123122,188.39780091652574,145.8163711147572,311.0681809718226,0.03447730801301409,true
uniform-80,181,least-loaded,4062,0.2572624322993599,42.95365157642071,70.87583753238505,82.26669139850492,6.746338240584009,28.664704231821815,0.006534446368474532,true
uniform-80,181,prefix-affinity,4062,0.9963072378138847,19.030472152221176,32.81112036950253,45.73988832016039,26.408168130241393,46.15940428461363,0.03613533785407011,true
uniform-80,181,bounded-affinity,4062,0.9842442146725751,19.094006654024792,32.81112036950253,46.90022852526454,20.175066483407136,24.876880602641904,0.03280895834152829,true
uniform-80,182,random,4008,0.2597305389221557,62.22934899168355,135.0497757801204,193.2501390539328,143.5254666650835,287.1627895470301,0.030799256033901566,true
uniform-80,182,least-loaded,4008,0.24575848303393213,43.75425805849834,70.77956963545876,82.68989895907725,9.181800911239407,26.358556403793045,0.008762997423570458,true
uniform-80,182,prefix-affinity,4008,0.9975049900199601,19.126163122350178,32.56970489195737,44.26943347508313,24.229885059474327,49.66567271621534,0.040642032493194265,true
uniform-80,182,bounded-affinity,4008,0.9885229540918163,19.17849886179353,32.56970489195737,46.24880557328288,20.698177739832317,24.66666127306962,0.035897628501750586,true
uniform-80,183,random,4029,0.2491933482253661,61.786757267183326,129.53784418925352,178.9530485575524,131.22923683372937,227.73338974766375,0.02248864586616005,true
uniform-80,183,least-loaded,4029,0.2506825515016133,43.27051379877007,70.8041537501922,82.90898903350171,2.339278307346831,17.83911853020254,0.00664761635945877,true
uniform-80,183,prefix-affinity,4029,0.9960287912633408,19.169326114864063,33.84296147526766,45.296473838774546,26.558083350173547,65.16800871388659,0.04395189870486407,true
uniform-80,183,bounded-affinity,4029,0.9811367585008687,19.338000600489774,34.38625959831552,51.34232657238863,20.725725164986216,24.899585097497038,0.04053116794828429,true
uniform-80,184,random,3953,0.26132051606374906,60.03377561392198,130.98718762438511,179.89906750913724,128.2756321096458,256.0101977946324,0.031415297617548715,true
uniform-80,184,least-loaded,3953,0.25094864659752086,43.2234316265601,70.85235296874453,82.44672506720963,4.36089053672913,26.05207877366047,0.005731934576885472,true
uniform-80,184,prefix-affinity,3953,0.9967113584619276,18.970802183252278,32.15507500622334,44.193403754958126,23.942974669909745,56.68747173646989,0.037387246719619655,true
uniform-80,184,bounded-affinity,3953,0.9853275992916772,19.087309818056557,32.73298528601299,47.732948929973645,20.33052677282103,24.270884527093585,0.03137070328535966,true
uniform-80,185,random,3992,0.2532565130260521,62.55640378487898,137.7841946204244,194.4713490229151,149.6844690584403,296.8695690240784,0.05059302177747886,true
uniform-80,185,least-loaded,3992,0.2595190380761523,43.364601798635825,71.69323378472473,84.18269377760589,10.056708096250077,29.287482391753656,0.008595588536539616,true
uniform-80,185,prefix-affinity,3992,0.9979959919839679,18.974294951093086,31.84352911512542,44.80310075599118,23.86895529505273,59.83566765431169,0.04265775928842465,true
uniform-80,185,bounded-affinity,3992,0.9864729458917836,19.144994652885185,32.57923755206866,46.46062919682299,20.678246806051902,24.88427020652307,0.041611617599769626,true
uniform-80,186,random,3979,0.25257602412666497,60.931375430703454,129.1208588595764,178.38596489181327,130.1494459848618,201.37600632440444,0.04173389555658963,true
uniform-80,186,least-loaded,3979,0.2581050515204825,42.872130616055045,70.62324859429646,81.82915100365062,8.018927168166556,32.835237837156455,0.007585948875018509,true
uniform-80,186,prefix-affinity,3979,0.9969841668760995,18.88224291107927,32.08177406189134,42.5087647304681,24.55186650721589,48.96978854048939,0.036161888801116836,true
uniform-80,186,bounded-affinity,3979,0.985423473234481,19.064863957903476,32.500273197569186,46.16781921401707,20.256752677480108,24.88695510006073,0.03483634411623075,true
uniform-80,187,random,4043,0.25649270343804104,62.92843972749372,135.86130325516933,185.25113247982517,132.7882533442753,211.17507508114795,0.037150914207074906,true
uniform-80,187,least-loaded,4043,0.24486767252040564,43.57442363559736,70.72408579027251,84.31087495470638,7.75370015036242,17.457964155582886,0.013122668671551504,true
uniform-80,187,prefix-affinity,4043,0.9977739302498145,18.929074875659417,32.07813907577656,42.11550130178148,23.944377457177325,56.431656582819414,0.035653593339984246,true
uniform-80,187,bounded-affinity,4043,0.9876329458323028,19.030964594620155,32.52160244786137,43.95518549561166,20.50835640222067,24.743852506282565,0.03274495915832709,true
uniform-80,188,random,3999,0.2515628907226807,61.80974060383695,135.31029007706456,201.89624241428828,155.09159880016523,321.1101689084753,0.04242095017061104,true
uniform-80,188,least-loaded,3999,0.2530632658164541,42.90896500867682,70.74489992587769,86.08264143829729,6.618913436104776,21.673058153617603,0.007317124001188252,true
uniform-80,188,prefix-affinity,3999,0.9962490622655664,18.735932476535346,31.250010669391486,42.373089811721,22.894312254422402,45.80529591836057,0.03973586269616997,true
uniform-80,188,bounded-affinity,3999,0.9852463115778944,18.883612906904833,31.809533492982155,46.95226826726321,20.143373049606453,24.89672811431774,0.04030101561487558,true
uniform-80,189,random,3993,0.24818432256448786,63.97765579571563,139.34576863607072,216.07239703740925,167.67646547206095,333.01042462055193,0.030079681791468645,true
uniform-80,189,least-loaded,3993,0.25870272977710995,43.15052810308872,71.51068531715282,83.91089624814049,6.954425776602875,35.72280483450595,0.0072727455583170226,true
uniform-80,189,prefix-affinity,3993,0.9984973703981969,19.090321415101698,33.202952258894584,45.1686900661789,26.564714441734395,51.911190811388224,0.05364528704790558,true
uniform-80,189,bounded-affinity,3993,0.9837215126471325,19.264399209496354,33.95453604857539,46.97993277637579,20.657328204564692,24.821112258507128,0.048727741479343556,true
uniform-80,190,random,4043,0.25649270343804104,65.18661254258174,145.4992856946701,214.26183872195907,164.14662685589792,245.73811179939003,0.03154870240980481,true
uniform-80,190,least-loaded,4043,0.25352461043779373,43.666141756291,71.48253999052758,83.28756136191078,10.470852845803165,24.938926514783816,0.010842141964186936,true
uniform-80,190,prefix-affinity,4043,0.9967845659163987,19.05219677145944,31.67547540993837,44.19616652116383,23.404321074602194,43.73944753042997,0.023410182265709553,true
uniform-80,190,bounded-affinity,4043,0.9876329458323028,19.179005983116078,32.23449124605759,46.59686549715116,19.569737270830956,24.963746782628732,0.02439128850731246,true
uniform-80,191,random,3980,0.25025125628140704,62.58139750473074,133.13836049643578,194.16993750465554,147.1247531876288,326.7102275557554,0.04395475269608275,true
uniform-80,191,least-loaded,3980,0.25301507537688445,43.406042453836015,70.67761609408626,82.76305072133255,8.85833472532613,25.627350778544496,0.00983980483023215,true
uniform-80,191,prefix-affinity,3980,0.9982412060301508,18.965380949433015,31.720204444900446,42.07918148529643,22.821394086258806,56.70631818783295,0.05969084538617864,true
uniform-80,191,bounded-affinity,3980,0.9891959798994975,19.09276092713812,32.32768149141339,44.63910335772016,20.597096820587467,24.84759635433511,0.05884118378069642,true
uniform-80,192,random,4061,0.2578182713617336,63.66388493813165,140.630640564872,195.872837219933,147.29115163225651,225.23024108725076,0.05692779918784411,true
uniform-80,192,least-loaded,4061,0.255848313223344,43.31339522519622,70.59482429359923,82.7042516558613,6.466881927481154,21.8205488114545,0.00788597524199324,true
uniform-80,192,prefix-affinity,4061,0.997537552327013,19.031630831599603,32.17174701439217,43.49980657053675,23.749922086683,52.82235074907658,0.04144654358925767,true
uniform-80,192,bounded-affinity,4061,0.9852253139620784,19.21038022916134,32.942705609908444,46.46392397111413,19.98314882570412,24.811709688729024,0.045165412484525554,true
uniform-80,193,random,4101,0.260424286759327,61.4522035529742,131.1579113143962,183.4547953500878,134.82385742253973,211.2740019302728,0.03714848478982531,true
uniform-80,193,least-loaded,4101,0.25725432821263106,43.10994270828618,71.65066799356282,82.1886425904886,10.360744533019897,25.268122672445315,0.010138828351357623,true
uniform-80,193,prefix-affinity,4101,0.9970738844184345,19.017898305480113,32.73706862079416,45.915326301976165,25.63559498635732,69.8904990242354,0.028910405135732956,true
uniform-80,193,bounded-affinity,4101,0.9870763228480859,19.046787451837737,32.83365709026839,44.13099039201916,20.124912237570243,24.844086318385962,0.029783584938273308,true
uniform-80,194,random,3976,0.24974849094567406,60.33163428341206,125.03225648192165,167.56878454401522,122.86681334613604,201.89871036968907,0.023938356715196934,true
uniform-80,194,least-loaded,3976,0.26332997987927564,42.986061269085994,70.17788082235347,82.3730346690354,3.960181036269205,21.63464166862832,0.010554676125064333,true
uniform-80,194,prefix-affinity,3976,0.9972334004024145,18.972835092159606,32.44801946628286,48.15394198855029,25.8165075952802,58.64501972994913,0.04334946262812073,true
uniform-80,194,bounded-affinity,3976,0.9854124748490946,19.084891874267875,32.675291072526306,49.01550411009521,20.364067658458225,24.814877433655056,0.04104407495202779,true
uniform-80,195,random,3969,0.26656588561350464,61.0605972087509,128.76295558240236,179.20688228426297,133.10248692125242,236.33551164749224,0.06070092708415856,true
uniform-80,195,least-loaded,3969,0.24288233812043336,43.72544259027621,71.56143871146924,83.82185507413305,6.881853535902337,28.344366750054178,0.012158816059546645,true
uniform-80,195,prefix-affinity,3969,0.9974804736709498,18.850878429760968,31.819374740829517,42.65259387757396,22.953237087349407,41.67473811439413,0.047128429692588396,true
uniform-80,195,bounded-affinity,3969,0.9866465104560342,19.018729119350454,32.33742516764687,45.58502185119869,19.85864115045115,24.77372266441307,0.04820430573896417,true
uniform-80,196,random,4017,0.2536718944485935,61.5248222389878,129.59330521093943,180.8805150781336,133.94040265345393,209.54725768189383,0.05049828101422219,true
uniform-80,196,least-loaded,4017,0.2377396066716455,43.90534819304824,71.0290184869009,84.38123028958944,10.281700691431979,30.98171228728461,0.010475790568120529,true
uniform-80,196,prefix-affinity,4017,0.9977595220313666,18.917653324508503,31.847486276448763,43.28509320683952,24.127257694257423,48.48317555646463,0.04608485844213709,true
uniform-80,196,bounded-affinity,4017,0.9808314662683595,19.265785327843336,32.83465968824021,49.89431132941536,19.91422982107906,24.53847018311717,0.047268133062054025,true
uniform-80,197,random,4072,0.24926326129666013,63.425916073447745,132.36590369279656,197.39230344351745,148.41387690051852,389.5654640611465,0.036671118939453684,true
uniform-80,197,least-loaded,4072,0.2556483300589391,43.294937861738475,71.26121808627431,81.85735161460616,6.856790090385402,24.78386443413183,0.010641610342213236,true
uniform-80,197,prefix-affinity,4072,0.9963163064833006,19.132971903055008,32.996500960885896,44.86346236452664,23.93646600763168,47.613991551683284,0.03389124374474597,true
uniform-80,197,bounded-affinity,4072,0.9864931237721022,19.268974558440615,33.277439928213425,48.13918575370917,20.73666012218746,24.945321290693755,0.03715503612146063,true
uniform-80,198,random,3816,0.2562893081761006,61.23758487350094,132.2782163635784,192.12000021180393,143.5695557942381,283.53136747080134,0.027810155334906807,true
uniform-80,198,least-loaded,3816,0.24790356394129978,43.097666413242166,70.62272038706578,82.48662569815497,2.4180451083411754,18.324340094150102,0.010113825314571664,true
uniform-80,198,prefix-affinity,3816,0.9971174004192872,18.70845025366284,31.3846116394634,42.47867771265737,23.927302835658338,53.136885533924215,0.04498534625659359,true
uniform-80,198,bounded-affinity,3816,0.9882075471698113,18.78251581352804,31.552933922408556,42.1162458332401,18.874873624599786,24.784562371027278,0.04542824919924183,true
uniform-80,199,random,4045,0.24252163164400495,64.59601767369469,140.2657840091706,204.83442067087162,157.95249601604155,302.5825150955716,0.028775989541007706,true
uniform-80,199,least-loaded,4045,0.25784919653893695,43.42201812232521,71.18290866066673,84.17692851332686,10.539649572259805,26.390000486448116,0.014791812508721604,true
uniform-80,199,prefix-affinity,4045,0.9977750309023485,19.053427979137833,32.752773293701466,44.218751582191544,25.18542237359361,49.78294707056193,0.038033915258280496,true
uniform-80,199,bounded-affinity,4045,0.984672435105068,19.235631768000815,33.44136674101901,46.48615273764153,20.32077940365707,24.96852210995712,0.03577535027326079,true
uniform-80,200,random,4028,0.24329692154915591,64.15283721615924,139.8990269854403,202.95033705900278,152.05880333093955,312.0041438429362,0.033954951713744685,true
uniform-80,200,least-loaded,4028,0.26266137040714993,42.98376834669894,70.61371878492355,81.57845654261291,6.0804089075973025,32.7344921080512,0.009566299161595385,true
uniform-80,200,prefix-affinity,4028,0.9965243296921549,19.125985805678383,32.898056827569235,46.02244781348418,25.880537084058233,60.97978138548751,0.024502812605432408,true
uniform-80,200,bounded-affinity,4028,0.9811320754716981,19.31494796649252,33.37849398331309,51.89970244070719,19.500364708575944,24.678539370979706,0.03239812898974807,true
moderate-hot-120,1,random,5991,0.5872141545651811,50.6770082771674,124.40109747138376,184.47909985491606,145.71263405557693,304.6436135303247,0.029902630613573396,true
moderate-hot-120,1,least-loaded,5991,0.5827073944249708,31.922625992818972,66.75367667235696,81.35395233637246,10.099977654157556,35.058900244803226,0.010289866346725535,true
moderate-hot-120,1,prefix-affinity,5991,0.9964947421131698,1560.9445007840025,4007.5907077733864,4136.062587256449,4118.389236922725,4208.439507998657,1.1843763183331546,false
moderate-hot-120,1,bounded-affinity,5991,0.9751293607077283,22.61940230267989,40.54712130457847,54.99747718398794,24.20464945115964,24.91899971672683,0.7937834207765944,true
moderate-hot-120,2,random,6006,0.5915750915750916,48.870193758011105,116.52349136429984,160.54679905853118,122.95696494361619,239.95267315211095,0.022512101153365046,true
moderate-hot-120,2,least-loaded,6006,0.5905760905760906,31.398365046004603,65.43090034535999,78.70440888117446,6.55957985582063,19.3684790615589,0.01576093231583178,true
moderate-hot-120,2,prefix-affinity,6006,0.9976689976689976,1714.3773501091405,4885.462616346478,5297.396857372238,5282.033642997012,5437.798255778114,1.2025804879436879,false
moderate-hot-120,2,bounded-affinity,6006,0.9790209790209791,22.706166796125416,40.96934747429623,51.2363662014759,24.396656026416167,31.35330372781027,0.7919415858744351,true
moderate-hot-120,3,random,5993,0.5885199399299182,51.78733804016418,127.95440514932488,179.16232595377005,137.466447153005,233.97306075060442,0.03972753248989757,true
moderate-hot-120,3,least-loaded,5993,0.5876856332387785,31.70581389291449,65.95376453228164,77.8208830118565,11.570214554569247,26.067267175130837,0.015810378443332905,true
moderate-hot-120,3,prefix-affinity,5993,0.9969964959118972,1740.5140267479776,4395.192250831358,4698.209497736083,4683.44978809818,4772.699929577182,1.1873922593720971,false
moderate-hot-120,3,bounded-affinity,5993,0.9751376606040381,22.607998064226383,40.978601998242084,55.39414421874244,24.26169918775122,24.999801130208652,0.7767518005668913,true
moderate-hot-120,4,random,5863,0.5884359542896128,48.03477126479691,111.92900952191849,158.8765170657116,119.05437766290197,225.09483540403016,0.026421078498948564,true
moderate-hot-120,4,least-loaded,5863,0.5800784581272386,31.83113468768996,66.15332766983192,77.70579113920394,7.237896110447764,26.55417507357197,0.014992808654921598,true
moderate-hot-120,4,prefix-affinity,5863,0.9971004605150947,1043.3100279060159,2396.7319949641314,2778.8446158764273,2762.701944013068,2900.235672386196,1.18133322420654,false
moderate-hot-120,4,bounded-affinity,5863,0.9790209790209791,22.42561102987561,40.42621632889495,52.716140548749536,24.202813367588533,24.99911844887538,0.8101863056035191,true
moderate-hot-120,5,random,5831,0.5914937403532842,48.335751101923634,116.33605798200733,171.07386188913915,129.87067009304155,278.9232362084367,0.03353415924249883,true
moderate-hot-120,5,least-loaded,5831,0.5889212827988338,31.555461568783375,65.39161443850753,77.49165667114357,7.944345254651125,28.295783632776875,0.011536414618633797,true
moderate-hot-120,5,prefix-affinity,5831,0.9963985594237695,1324.390773874187,3472.9932510611106,3846.4642836884523,3829.099391906173,3890.602476489985,1.1888677664585763,false
moderate-hot-120,5,bounded-affinity,5831,0.973417938604013,22.67509156004908,41.33240735565778,55.782521634349905,24.331554834992858,33.65468822328694,0.812672046922305,true
moderate-hot-120,6,random,6119,0.5863703219480307,50.93554818200214,124.72335334162926,188.36603776084667,151.20949291412762,241.0821355403823,0.03055105102348171,true
moderate-hot-120,6,least-loaded,6119,0.5880045759110966,31.591076444992964,65.23130301862693,76.64511726128694,7.219491136580473,31.218755384114047,0.008865814413719055,true
moderate-hot-120,6,prefix-affinity,6119,0.9957509396960288,1797.2794071925227,4693.2873450300685,5139.53129262638,5123.317676054314,5221.235988444598,1.1919361530256507,false
moderate-hot-120,6,bounded-affinity,6119,0.9777741461023043,22.62560966802422,40.6918626850711,52.091777175999596,24.342187658061448,24.99261281103827,0.7794272067516159,true
moderate-hot-120,7,random,5988,0.593186372745491,50.10168152888214,122.61722395187098,179.97979049250716,142.1897461273329,300.5246332003808,0.030471753529984682,true
moderate-hot-120,7,least-loaded,5988,0.6005344021376086,31.308573816853954,65.85736873744099,78.53814818232058,8.323317975577083,22.71576375449513,0.008866729058356665,true
moderate-hot-120,7,prefix-affinity,5988,0.9968269873079493,1990.991546352431,5392.974088560288,5504.137701218322,5490.475838210703,5672.44749458741,1.2114423110213763,false
moderate-hot-120,7,bounded-affinity,5988,0.9767869071476286,22.82802719763377,41.43798139758292,54.09517282010347,24.442249440722662,24.99303043105101,0.8005120591613841,true
moderate-hot-120,8,random,5896,0.580393487109905,50.687621538034094,122.4948421715435,192.2057991419788,155.17313878994173,278.16890391250854,0.03274523770449619,true
moderate-hot-120,8,least-loaded,5896,0.5851424694708277,31.684186615984846,66.15093348380105,79.14322459378309,8.152967221547442,25.3047368309999,0.012523539001649146,true
moderate-hot-120,8,prefix-affinity,5896,0.9971166892808684,1453.945301697338,3662.702248290727,3749.558865269377,3734.194400338296,3810.4040508603575,1.1886207398119881,false
moderate-hot-120,8,bounded-affinity,5896,0.9759158751696065,22.58999061766628,40.581090466414025,54.090559271891834,24.287883885113843,24.98379169668624,0.7949526061333203,true
moderate-hot-120,9,random,5978,0.5844764135162261,48.989888721640554,116.04793498436993,159.26541216082842,121.79067967665469,193.66409347478475,0.03731063100726601,true
moderate-hot-120,9,least-loaded,5978,0.5894948143191703,31.618566356170426,65.79925876567359,78.71019589251955,9.338179217065772,40.02769117771095,0.00965770216948397,true
moderate-hot-120,9,prefix-affinity,5978,0.9948143191702911,1163.7550002422868,3469.587020939427,3799.4236136344334,3783.6582685506437,3919.6007249491668,1.1865665177555278,false
moderate-hot-120,9,bounded-affinity,5978,0.9722315155570425,22.740134821193198,41.50904149890266,55.99629651643045,24.314478797648917,24.991443048267683,0.7864750996509863,true
moderate-hot-120,10,random,6013,0.5933810078163978,49.70891485560082,124.9549542159366,180.55752026522168,144.27968605794013,270.18013299327504,0.031150593212456824,true
moderate-hot-120,10,least-loaded,6013,0.5885581240645269,31.60686420477748,66.22239521052688,78.64690628654353,8.64113005515901,31.523607419527252,0.015078107509692778,true
moderate-hot-120,10,prefix-affinity,6013,0.9966738732745718,2028.5781078289249,5028.713393272679,5235.800866226207,5222.07869171982,5306.127246932083,1.2110399018626137,false
moderate-hot-120,10,bounded-affinity,6013,0.9740562115416598,22.771297253282214,41.2483134422655,54.6203161143676,24.27639760562306,26.610882063501776,0.8092078941949005,true
moderate-hot-120,11,random,5977,0.5864145892588255,50.12209424138071,120.34688550481224,174.85971468784555,139.84494724877732,271.0040223635697,0.027506356462352017,true
moderate-hot-120,11,least-loaded,5977,0.5834030450058558,31.905353828240177,66.53554451264245,79.35301121763769,9.889691150492581,36.28936903774229,0.01080701627557113,true
moderate-hot-120,11,prefix-affinity,5977,0.9963192236908148,1474.77383164499,4007.928035491939,4122.016283665267,4105.336761860082,4226.5355645691525,1.190444906432793,false
moderate-hot-120,11,bounded-affinity,5977,0.9744018738497574,22.71695064019017,41.126413238562236,54.2583471396465,24.37423705463516,25.039396264299285,0.7944125421266266,true
moderate-hot-120,12,random,5913,0.5897175714527313,50.69166768282465,124.2273522763262,191.44725445166114,152.05700221917505,363.0312282702798,0.030870760280023193,true
moderate-hot-120,12,least-loaded,5913,0.5875190258751902,31.61578472740285,65.8937527032831,78.77082378149134,8.583746006337606,22.48458241881599,0.013083623385075245,true
moderate-hot-120,12,prefix-affinity,5913,0.9972940977507188,1263.7509790110366,2854.368610896985,3181.183231361516,3167.4151236521648,3242.81547647377,1.1723865946928922,false
moderate-hot-120,12,bounded-affinity,5913,0.9724336208354473,22.599759479895262,40.79899255003693,54.86054166450958,24.173844002878468,24.971768839608558,0.786303883341493,true
moderate-hot-120,13,random,5874,0.5760980592441267,49.287130585090075,116.96574639087703,165.88743298270856,126.12888459768874,260.88749397517677,0.03481583431225288,true
moderate-hot-120,13,least-loaded,5874,0.5789921688798093,31.804103453310134,65.47344043795601,77.55727490505524,8.717316502137692,25.831205967500864,0.007227667269368458,true
moderate-hot-120,13,prefix-affinity,5874,0.9964249233912156,835.7418409702333,2513.7766725971596,2798.5937976923524,2780.9719742564776,2911.608705964114,1.1743309806156441,false
moderate-hot-120,13,bounded-affinity,5874,0.977357848144365,22.46546397036741,40.774730187091336,55.1269326262227,24.282090330234496,24.982181686784315,0.7862672080739977,true
moderate-hot-120,14,random,5862,0.5844421699078812,49.56062842852715,121.19050239259377,183.25921707368616,140.3158474639131,230.6033072181981,0.01173502276329064,true
moderate-hot-120,14,least-loaded,5862,0.5885363357215967,31.606248715394496,65.58340051865889,78.36994331640744,7.906793175781786,25.53770760037878,0.005434369998088067,true
moderate-hot-120,14,prefix-affinity,5862,0.9969293756397134,1450.15805016798,3504.807421694015,3673.139764089392,3656.6037902279204,3731.2219404896314,1.2004403635766439,false
moderate-hot-120,14,bounded-affinity,5862,0.9745820539065165,22.7763837312262,41.224255262732186,55.859813328297605,24.37413804559037,25.749579651928798,0.811585808481596,true
moderate-hot-120,15,random,5946,0.587958291288261,52.55588888032375,130.45955119206337,200.35518349756967,163.61857792358933,290.01935270258764,0.0379751154333665,true
moderate-hot-120,15,least-loaded,5946,0.5889673730238816,31.698206789104535,66.59109136342886,78.81584801011195,10.489504807857884,23.169031592271494,0.005455920209306084,true
moderate-hot-120,15,prefix-affinity,5946,0.9979818365287588,1440.3062665028735,3633.1126467923095,3770.905722996584,3751.2417511876556,3837.0942603754593,1.1689507868996418,false
moderate-hot-120,15,bounded-affinity,5946,0.9778002018163471,22.565995516634572,40.66317847713799,53.324181850512105,24.235737881572277,24.998188929639582,0.7878885485268616,true
moderate-hot-120,16,random,5969,0.5791589881052103,50.52915040578285,120.97707220541633,174.71305149939144,134.06672172155595,225.3889422121938,0.02245906105639438,true
moderate-hot-120,16,least-loaded,5969,0.5843524878539119,31.964730632099837,66.75577769069059,80.68068017781479,10.616763204503513,34.760696627803554,0.007541274943936555,true
moderate-hot-120,16,prefix-affinity,5969,0.997151951750712,1732.8387805488333,4616.897772474091,4788.6818104861595,4771.667251333041,4958.526248627466,1.1937509894397282,false
moderate-hot-120,16,bounded-affinity,5969,0.9775506785056123,22.493983542196833,41.12195649397836,52.73218971753522,24.269609418035543,24.976266204193962,0.7913607796728193,true
moderate-hot-120,17,random,5980,0.5816053511705686,48.29102139096209,111.2567859143528,152.83710152301137,120.67877357923135,233.16247010109873,0.03098414121038751,true
moderate-hot-120,17,least-loaded,5980,0.5732441471571906,32.167543682835934,66.73254655249912,78.76807725941035,7.521457857677888,19.884813974582357,0.015975661882379005,true
moderate-hot-120,17,prefix-affinity,5980,0.9974916387959866,1592.5278522463907,4020.952665501689,4284.658688271731,4267.227300728235,4322.800859744806,1.1785690608529398,false
moderate-hot-120,17,bounded-affinity,5980,0.9797658862876254,22.50683001841487,40.24518569443535,51.56553018918203,24.336544431571383,24.996896251948783,0.7890492271840205,true
moderate-hot-120,18,random,6074,0.5884096147513994,50.72061900959697,120.80010445242078,179.45401732298342,135.4913526795499,268.86832141460036,0.02135242057416913,true
moderate-hot-120,18,least-loaded,6074,0.5884096147513994,31.92375304706438,66.84669914115511,79.18797867375542,11.112045116984518,32.13155047615146,0.011298370419590203,true
moderate-hot-120,18,prefix-affinity,6074,0.9965426407639117,2146.629029511982,6107.864407924702,6371.216129465996,6352.727976538306,6553.74455960068,1.2169387701595398,false
moderate-hot-120,18,bounded-affinity,6074,0.9733289430358907,23.01749827045818,41.29385457277931,52.65586544974758,24.314351525837992,24.992083863668086,0.7867747536269433,true
moderate-hot-120,19,random,6004,0.5807794803464357,52.59773213310883,131.6254822352712,185.80634900141013,149.9286183700533,219.63838527743064,0.026364162852346378,true
moderate-hot-120,19,least-loaded,6004,0.5856095936042638,31.60395890754445,65.7744334395029,79.01850377089431,7.63313043290691,23.101726075847182,0.011871462626439979,true
moderate-hot-120,19,prefix-affinity,6004,0.9968354430379747,1024.3149202894883,3723.2333488887816,3959.2940270469408,3942.2743462392027,4001.3919096182,1.1789765295253387,false
moderate-hot-120,19,bounded-affinity,6004,0.980346435709527,22.366554289519605,40.50137840400566,51.21782743485164,24.258184238055037,27.38950224772998,0.7952418426791366,true
moderate-hot-120,20,random,5936,0.5832210242587601,50.08386301970529,122.4399952527674,173.13459279655217,135.14757422018738,232.42670953494962,0.037532307474062346,true
moderate-hot-120,20,least-loaded,5936,0.5835579514824798,31.57981211169203,66.02266016099748,77.811217944487,7.03490647925355,19.289298476267504,0.010783473380324935,true
moderate-hot-120,20,prefix-affinity,5936,0.9971361185983828,1537.6736363760454,3950.367948298299,4169.127808038014,4154.091634816345,4237.639935703766,1.184769128300227,false
moderate-hot-120,20,bounded-affinity,5936,0.9821428571428571,22.408117107825348,40.506465948692494,51.073944014868175,24.294995240346907,24.98488904750775,0.787762598118245,true
moderate-hot-120,21,random,5971,0.5930329927985262,51.038276268819054,125.95531522219972,180.95065291841456,140.71271603433343,304.8860584712929,0.04062007536863212,true
moderate-hot-120,21,least-loaded,5971,0.5878412326243511,31.72470818117897,66.06996975093716,80.5266655721498,6.068396305781789,18.53875998287549,0.012977337255368473,true
moderate-hot-120,21,prefix-affinity,5971,0.995478144364428,2138.083789719657,5318.527154330179,5451.752351421739,5436.334346984651,5499.665504174962,1.2001690565932375,false
moderate-hot-120,21,bounded-affinity,5971,0.9745436275330766,22.72883800255275,41.3697773102067,54.43139683346817,24.544543125010023,24.992727764089068,0.7732982523445645,true
moderate-hot-120,22,random,5957,0.5811650159476246,51.51222517255679,124.88233174746347,180.31266708933254,140.62544162672202,221.8032141344538,0.03262055645256936,true
moderate-hot-120,22,least-loaded,5957,0.592412288064462,31.609341405439952,65.77912179686973,78.6292956856123,9.117716467422724,26.89312131220504,0.009151829285189747,true
moderate-hot-120,22,prefix-affinity,5957,0.9969783448044318,1706.3565393683587,4111.886098261435,4525.118381413311,4507.792222798889,4594.592235754761,1.193705994359946,false
moderate-hot-120,22,bounded-affinity,5957,0.9763303676347155,22.6874418495648,40.77742046256026,55.25095231913656,24.239117258239276,24.99776792490593,0.8010361086301587,true
moderate-hot-120,23,random,6054,0.5806078625702015,52.19971447648353,126.8419048728465,189.56437666805869,153.93300150801952,284.2545498343352,0.027575848110675632,true
moderate-hot-120,23,least-loaded,6054,0.5761480013214404,32.30939952473363,66.67282476049513,79.10265912124305,9.463398422216414,28.033942391175515,0.009804753012088155,true
moderate-hot-120,23,prefix-affinity,6054,0.9970267591674926,1927.5152079385487,4622.264987833987,4927.715359764785,4909.454806323134,5114.007441151676,1.164413248798936,false
moderate-hot-120,23,bounded-affinity,6054,0.9714238519986785,22.83815795649279,41.60693366338819,57.3220139188561,24.47944173088763,32.933412114944076,0.7654671953285997,true
moderate-hot-120,24,random,5942,0.5893638505553686,50.51824577543008,120.09200175345177,182.40990068792962,140.51930959607853,413.7397019952041,0.03536098509079594,true
moderate-hot-120,24,least-loaded,5942,0.5859979804779536,31.848593560503343,66.18518629560276,79.41458119367235,7.616290412421222,22.667685483836976,0.011685196939612907,true
moderate-hot-120,24,prefix-affinity,5942,0.995960955907102,1666.4522018111231,4070.8662299030766,4229.258680933519,4211.047892390205,4320.343127295659,1.1784160563313049,false
moderate-hot-120,24,bounded-affinity,5942,0.9752608549309997,22.729209389191208,41.25033658595203,53.024710255500395,24.288748014459998,24.998041984170413,0.7761822566447641,true
moderate-hot-120,25,random,5979,0.5922395049339354,50.12859906696625,123.2416423550676,181.83986431548692,143.0029827674225,291.4315859811759,0.030507595846783635,true
moderate-hot-120,25,least-loaded,5979,0.5878909516641578,31.69334471897383,66.11634382079501,78.4187689702776,9.122319345871801,25.789390843325236,0.00942963143626703,true
moderate-hot-120,25,prefix-affinity,5979,0.9966549590232481,1294.3861245692303,3562.927216310629,4024.399504808498,4010.6896178185925,4150.971892319634,1.1879559886153326,false
moderate-hot-120,25,bounded-affinity,5979,0.9755812008697107,22.66658506975627,41.06313147224864,55.15936042081739,24.29854920308935,29.33475811277458,0.7989248333433145,true
moderate-hot-120,26,random,6034,0.5823665893271461,50.318146075622344,124.88920834440069,171.49924562238266,135.53948761554784,220.43334576402412,0.017405417667208156,true
moderate-hot-120,26,least-loaded,6034,0.5873384156446801,31.73426778205267,66.19184206051068,80.1633240621668,11.730933130609628,39.4388988251776,0.00992386783659867,true
moderate-hot-120,26,prefix-affinity,6034,0.9960225389459728,1858.4301039541692,4842.443263829584,4943.867722360912,4925.309966275614,4978.828981256622,1.1902774248452506,false
moderate-hot-120,26,bounded-affinity,6034,0.9714948624461386,22.803375932751674,41.36289624715755,55.616645413618244,24.311494084016886,32.61169543782307,0.7904736992434991,true
moderate-hot-120,27,random,5964,0.5885311871227364,51.317054033532706,121.91133139692829,188.31952127053955,149.13508993152936,537.9020975569292,0.029860634607151236,true
moderate-hot-120,27,least-loaded,5964,0.5890342052313883,31.62555130181119,66.30574228854675,78.78212091090245,7.277748354434152,30.0564358242882,0.007587093061160026,true
moderate-hot-120,27,prefix-affinity,5964,0.9964788732394366,1980.8662031311815,4929.302280661475,5112.010111250544,5090.547820529631,5234.151838879552,1.2057095426421356,false
moderate-hot-120,27,bounded-affinity,5964,0.9735077129443327,22.808371002573264,40.75440779992641,53.749990549076756,24.162421032669954,26.806232039009046,0.8082025886055445,true
moderate-hot-120,28,random,5943,0.5850580514891469,49.886763439500044,118.4551638105113,175.3703479912292,129.08550134570396,273.92257688469545,0.0317834210675208,true
moderate-hot-120,28,least-loaded,5943,0.5931347804139323,31.422477759042234,65.77275607908086,79.16071130661294,6.582552816791576,20.160671334338986,0.00795691252366498,true
moderate-hot-120,28,prefix-affinity,5943,0.9959616355376073,1847.189343896107,4771.001175002995,5155.97019927323,5137.021695192925,5301.2781691024065,1.2135318074961108,false
moderate-hot-120,28,bounded-affinity,5943,0.9764428739693758,22.667628876726926,40.93090306089289,53.419177334581036,24.540099926765834,24.99889204894862,0.7940813544357964,true
moderate-hot-120,29,random,6010,0.5971713810316139,50.55295105863817,123.07458206265437,178.68963817666918,141.10358238250046,277.26458326811553,0.03223998351055769,true
moderate-hot-120,29,least-loaded,6010,0.5866888519134775,31.9102060978847,66.60265771999548,78.24530073322967,10.66544171237183,33.03259418340531,0.009656904982587608,true
moderate-hot-120,29,prefix-affinity,6010,0.9970049916805325,2015.786436705296,5218.675723215019,5475.412220047794,5459.4362830103855,5573.711375534542,1.1973349077453406,false
moderate-hot-120,29,bounded-affinity,6010,0.9757071547420965,22.785189022384674,41.1090094247229,53.8427006624006,24.378562866808352,24.978033160554332,0.7745876182125917,true
moderate-hot-120,30,random,5980,0.5785953177257525,51.07674667141076,122.44977648555687,172.66842447001545,136.28697587333227,271.29311474701535,0.027850077588377736,true
moderate-hot-120,30,least-loaded,5980,0.5827759197324415,31.941002926438358,65.99471923515739,79.90787087328499,8.627408730608295,32.82132071710657,0.010249391523264805,true
moderate-hot-120,30,prefix-affinity,5980,0.9973244147157191,1590.3031955539968,3984.0103305724842,4232.712712741704,4216.455375769008,4272.546108293536,1.1890908913706368,false
moderate-hot-120,30,bounded-affinity,5980,0.9797658862876254,22.47930961487727,40.59418041429308,51.663272541640254,24.453274169347424,28.282977553819364,0.7871184797814402,true
moderate-hot-120,31,random,6016,0.5841090425531915,52.6733189608756,129.80834254534057,194.00791353973182,149.18195396856754,298.0394266777821,0.0406665453605061,true
moderate-hot-120,31,least-loaded,6016,0.5925864361702128,31.717443226634686,66.54975673125591,80.02397146296789,9.746524848160334,26.15098046091225,0.016877899076131547,true
moderate-hot-120,31,prefix-affinity,6016,0.996841755319149,1923.2442843639017,4856.008990825991,5111.219251558192,5094.36310963452,5183.630343348923,1.192311270402598,false
moderate-hot-120,31,bounded-affinity,6016,0.9739029255319149,22.752623404977665,41.15107411354984,56.60030009741968,24.34647870284971,35.670727506912954,0.7781379946020702,true
moderate-hot-120,32,random,5754,0.5813347236704901,49.87026642433786,117.77252821350703,173.33899324243248,133.65382843707994,295.8585443560514,0.03931206819554065,true
moderate-hot-120,32,least-loaded,5754,0.586722280152937,31.647710310991116,65.87924239443964,79.58174879607759,7.429280371779896,28.968433579029806,0.006270430964837498,true
moderate-hot-120,32,prefix-affinity,5754,0.9966979492526937,1213.0662155692378,2759.2626371297265,2894.10811043204,2876.1540678062156,3030.7661574145022,1.1772440174757035,false
moderate-hot-120,32,bounded-affinity,5754,0.9794925269377824,22.38797623419231,40.43170869984169,54.42354941149824,24.24887282087002,24.998446362751565,0.7953218397493276,true
moderate-hot-120,33,random,5906,0.5860142228242465,49.26186221832286,118.68837070185691,161.90050267182414,127.7538680976686,184.4642180101364,0.036269326282039,true
moderate-hot-120,33,least-loaded,5906,0.5966813410091433,31.469478125207573,66.35980370842299,77.96758492470326,9.582970603203648,32.77063827558959,0.011203482323770912,true
moderate-hot-120,33,prefix-affinity,5906,0.9966136132746359,2109.891077000034,5257.67736076982,5689.0158099216715,5671.430542008406,5795.998692079716,1.21288476127715,false
moderate-hot-120,33,bounded-affinity,5906,0.9764646122587199,22.78662233422791,41.19576471966866,54.57984963992203,24.33946373724757,30.013315047704964,0.7878420163082,true
moderate-hot-120,34,random,6028,0.5859323158593231,52.063183724380124,130.9463772322615,191.79595831461302,150.93830226870705,274.0462881983185,0.040225726289416265,true
moderate-hot-120,34,least-loaded,6028,0.5920703384207033,31.46588058713979,66.04872992967285,78.06150770232489,7.0408118258019385,19.894121775032545,0.00979130916444329,true
moderate-hot-120,34,prefix-affinity,6028,0.9960185799601858,1594.427856304217,4629.703695967211,4824.819538452684,4810.321287435698,4941.698397487955,1.1923047179144928,false
moderate-hot-120,34,bounded-affinity,6028,0.9772727272727273,22.783251996190216,41.01039684556599,55.39856230525038,24.47396911875694,24.984179619917995,0.7983464509639204,true
moderate-hot-120,35,random,6166,0.5883879338306844,50.25455276357802,121.61774836085351,186.85524585960957,152.2999790144895,279.4277008917488,0.013420380263293574,true
moderate-hot-120,35,least-loaded,6166,0.5906584495621148,31.341581186989323,65.85330479349432,78.32540398644414,7.680321220243059,21.139712303011038,0.01345308635630481,true
moderate-hot-120,35,prefix-affinity,6166,0.9975673045734674,2144.9516220400833,5643.753492158947,5931.328329687021,5913.5579121931005,6133.453517030328,1.1883961191595962,false
moderate-hot-120,35,bounded-affinity,6166,0.9711320142718132,22.83082890087037,41.36024321115838,55.201633481352474,24.41592869266242,33.43902301808703,0.7698291648768761,true
moderate-hot-120,36,random,6105,0.5816543816543817,50.85938186921873,118.64377239981695,162.43367052406757,124.06405797523257,221.6119810266391,0.024006032942772537,true
moderate-hot-120,36,least-loaded,6105,0.5787059787059787,31.917906054209155,66.2638811778088,78.25266406881929,8.688015378607815,25.55266356847278,0.01959314967041326,true
moderate-hot-120,36,prefix-affinity,6105,0.9970515970515971,1769.3855627131645,4610.447041356441,4797.871524673843,4782.818717168731,4901.816376176823,1.1830195131924561,false
moderate-hot-120,36,bounded-affinity,6105,0.975921375921376,22.67829347068491,40.65709358222375,53.30931520537706,24.28432720821729,34.39037962202565,0.786223481635741,true
moderate-hot-120,37,random,5955,0.5808564231738035,50.60480502386819,125.48506641257154,179.56888914115189,143.97725378218456,227.1380788959941,0.031926710014083884,true
moderate-hot-120,37,least-loaded,5955,0.5855583543240974,31.780878686868995,66.39550966936076,80.06218957386227,7.419571689773875,20.890474562758754,0.010942747927132922,true
moderate-hot-120,37,prefix-affinity,5955,0.9964735516372796,841.9565042862176,2695.4252983274782,2953.326259581314,2936.9898164602564,3063.3417949956056,1.1699572203569455,false
moderate-hot-120,37,bounded-affinity,5955,0.9753148614609571,22.774777822819296,41.16885934990569,56.76208409564242,24.30586293628221,27.048522855744523,0.7890541664173975,true
moderate-hot-120,38,random,6025,0.5819087136929461,52.11574641414601,131.14680019375373,187.74943610191985,151.0404164276879,227.66470408454188,0.02276975901480108,true
moderate-hot-120,38,least-loaded,6025,0.5853941908713693,31.73086122259493,66.32975389038256,79.52032960810902,9.06686671787611,29.962362245591066,0.011580482900301607,true
moderate-hot-120,38,prefix-affinity,6025,0.9971784232365145,1649.6872783312579,4013.3007486494826,4201.659264924725,4186.278498056803,4348.389986904309,1.1907248686135552,false
moderate-hot-120,38,bounded-affinity,6025,0.9752697095435685,22.371171610064557,40.86699669946938,52.795967690690304,24.22333109481042,24.9991522614946,0.7907082304719288,true
moderate-hot-120,39,random,5961,0.5799362523066599,50.32116240151049,121.61144361808692,179.14155950185523,137.59515465174627,286.4530771403806,0.02552917562180307,true
moderate-hot-120,39,least-loaded,5961,0.5822848515349773,32.05599322192671,66.88616076746985,79.93677559175558,10.161546870374877,36.37597779070711,0.011501849777604508,true
moderate-hot-120,39,prefix-affinity,5961,0.9966448582452608,1303.6997148344515,3699.8729800199217,3796.5466915197394,3780.0223887874454,3905.2640706826496,1.1708339608924418,false
moderate-hot-120,39,bounded-affinity,5961,0.9738298943130347,22.875438144698307,41.125653414885164,55.21679960945039,24.278600389159692,24.995710513285303,0.7893957559963208,true
moderate-hot-120,40,random,6096,0.5812007874015748,52.71747475406247,131.50320946909778,185.80214307166898,148.95196715414932,243.0827266555716,0.02947598253275109,true
moderate-hot-120,40,least-loaded,6096,0.583989501312336,31.732433090055068,66.43951051055956,79.06562270937138,7.832146740947792,22.484117039519333,0.016771060584865955,true
moderate-hot-120,40,prefix-affinity,6096,0.9972112860892388,1743.0691488064288,4460.66636792753,5075.278109187246,5059.894857936692,5156.523623822788,1.1772762220188229,false
moderate-hot-120,40,bounded-affinity,6096,0.9781824146981627,22.63179970595212,40.76944683851798,51.32131344503068,24.22462319440092,24.998855187190202,0.7691694971567095,true
moderate-hot-120,41,random,5838,0.5976361767728674,48.39733798556865,117.66260548642458,158.9122984800797,125.0274710962185,204.82621085770734,0.03609647690922714,true
moderate-hot-120,41,least-loaded,5838,0.5885577252483727,31.680366793065026,66.13974360602879,78.72130014975119,4.512780525317794,23.735119051561924,0.011430164873559216,true
moderate-hot-120,41,prefix-affinity,5838,0.9958890030832477,1241.3815404126271,3492.277045986637,3613.2434609013944,3596.61569903115,3658.40385305728,1.1973997245539736,false
moderate-hot-120,41,bounded-affinity,5838,0.9782459746488523,22.71222493354166,40.89347593232378,52.53974685179128,24.449176961468766,24.997606179218565,0.8213161781600183,true
moderate-hot-120,42,random,5983,0.5878321912084239,48.00822672370529,113.13361454987898,158.47516588630242,123.30646216688547,213.56742324753577,0.02705192968393408,true
moderate-hot-120,42,least-loaded,5983,0.5824837038275112,31.765775843144922,66.14970773213463,80.1524342327466,5.809445495251566,28.778329731765552,0.013515327889383439,true
moderate-hot-120,42,prefix-affinity,5983,0.9958214942336621,735.2774927132238,2414.9887313516665,2619.9843533196326,2604.043444508141,2777.6096423419585,1.156748906424858,false
moderate-hot-120,42,bounded-affinity,5983,0.9750961056326257,22.609466239209485,40.904859035836125,56.244214337286394,24.46729306609268,34.45242334390059,0.7740795744197425,true
moderate-hot-120,43,random,6133,0.5822599054296429,52.67736731204276,131.68824826202763,181.77683379606788,148.69954421780858,243.1138521568937,0.03298890882627593,true
moderate-hot-120,43,least-loaded,6133,0.5786727539540193,32.100411233839516,66.07838780165912,79.55646903799425,9.669396540561138,34.83055492339736,0.0075343219455522555,true
moderate-hot-120,43,prefix-affinity,6133,0.9965759008641774,1123.4733662438866,3889.2421052532372,4208.239512414839,4190.414894290865,4276.512586683173,1.1678564223707233,false
moderate-hot-120,43,bounded-affinity,6133,0.9755421490298386,22.729118882020522,41.005808222529595,53.076044077057304,24.222329198331863,24.991947284099297,0.783749219301494,true
moderate-hot-120,44,random,5968,0.590985254691689,48.228392221443464,110.5908423478104,173.06569127440525,127.46337668487831,229.59681958027795,0.024415798815330604,true
moderate-hot-120,44,least-loaded,5968,0.5879691689008043,31.58447452325774,65.53793859168218,79.58484027213854,9.899112971957948,25.112212518550223,0.01105711961229673,true
moderate-hot-120,44,prefix-affinity,5968,0.9964812332439679,1355.3865199936638,3538.404137452293,3680.5782339919606,3663.7092622809287,3825.020674989828,1.1831100233502418,false
moderate-hot-120,44,bounded-affinity,5968,0.975201072386059,22.58141690443647,40.820460886126966,53.670803436483766,24.303512181671977,28.112574718463293,0.7926389606208236,true
moderate-hot-120,45,random,6013,0.5837352403126559,52.09674404486945,127.32009828827358,186.2612589251039,145.89465217437464,253.36149165152892,0.027843581559546707,true
moderate-hot-120,45,least-loaded,6013,0.5812406452685848,32.25064732849307,66.85820428547595,79.02553265052484,12.675569675833685,29.510243027925753,0.015869726359796676,true
moderate-hot-120,45,prefix-affinity,6013,0.9970064859471146,1540.038368318375,4503.822973858514,4722.921217205534,4701.612748453495,4830.052364170551,1.185177714990386,false
moderate-hot-120,45,bounded-affinity,6013,0.9755529685681025,22.953316802986183,41.655934774447815,52.2620298878428,24.494202773523284,24.99718822235991,0.7798093928535919,true
moderate-hot-120,46,random,5946,0.5847628657921292,49.8804605471337,120.4941949398708,169.90043201320077,137.65089146188984,243.6500864642876,0.03831579359689124,true
moderate-hot-120,46,least-loaded,5946,0.5813992600067273,31.881261425318716,66.25664385215714,77.93804578506388,8.8956480224806,34.45359118516717,0.010028284610757108,true
moderate-hot-120,46,prefix-affinity,5946,0.9973091153716784,1607.8416582764078,4078.2517100549085,4436.029731229923,4414.716150803542,4601.041612039378,1.1933355611947587,false
moderate-hot-120,46,bounded-affinity,5946,0.9756138580558359,22.92192124054557,41.15591432030487,53.57241531230102,24.32236108565121,31.804793754996354,0.8087434539435479,true
moderate-hot-120,47,random,6008,0.5912117177097204,49.93175310928071,119.2336604836637,176.07469622074132,139.12861615251313,231.7507308305103,0.016556227885770238,true
moderate-hot-120,47,least-loaded,6008,0.5967043941411452,31.216170403944798,65.19610585457121,77.48045433377774,8.211049624143925,28.841696200608567,0.010076359796187002,true
moderate-hot-120,47,prefix-affinity,6008,0.997503328894807,1586.2384958417892,4433.927107061623,5098.345846750912,5086.551790966099,5359.550020039162,1.1970786093726984,false
moderate-hot-120,47,bounded-affinity,6008,0.9770306258322237,22.52558582409031,40.64350405006553,53.651014526738436,24.23486429523291,24.995938072090212,0.7888237240409135,true
moderate-hot-120,48,random,5932,0.5935603506405934,51.037562632412936,128.81957745258114,190.29849040489353,157.92931372026942,268.0946999470907,0.024959984538230236,true
moderate-hot-120,48,least-loaded,5932,0.5856372218476062,31.60838455743427,65.69246476365515,76.89697294593498,7.979455535889429,33.36575398102286,0.012944579776124588,true
moderate-hot-120,48,prefix-affinity,5932,0.9959541469993257,1769.5561363054294,4900.201452676243,5149.7409119861695,5132.746548566487,5242.892242302274,1.2297108228403975,false
moderate-hot-120,48,bounded-affinity,5932,0.9735333782872556,22.798511612333467,41.14956196332787,56.01085567427435,24.516214319151914,31.256768567887775,0.8204281019688124,true
moderate-hot-120,49,random,6029,0.5858351302040139,50.52235537258278,121.27655437471549,168.5519435877286,130.8166969625854,244.11021241342678,0.019104750319605457,true
moderate-hot-120,49,least-loaded,6029,0.5942942444849892,31.60942602472213,66.37447451132903,78.55321839337921,8.974966291338205,31.772956691202126,0.00969661039408211,true
moderate-hot-120,49,prefix-affinity,6029,0.9975120252114779,1915.9435690094392,5144.833887622255,5310.791901434699,5294.913943388485,5365.176931081485,1.201089214398265,false
moderate-hot-120,49,bounded-affinity,6029,0.9754519820865816,22.781586893077957,40.77853427099399,53.25629241155184,24.250450837804237,29.952956581699254,0.7939435575771663,true
moderate-hot-120,50,random,5979,0.5832078942967052,50.41789997854239,121.39499583662109,169.31480935296713,137.43021970077098,235.42934556043474,0.01806750343629268,true
moderate-hot-120,50,least-loaded,5979,0.5917377487874227,31.386718558884336,65.24480996946659,76.80637837498216,8.421274581274702,28.10528171077749,0.010367115256531301,true
moderate-hot-120,50,prefix-affinity,5979,0.9976584713162736,1364.8019837455397,3448.412535209689,3552.284110466222,3532.420756609259,3600.8937539245235,1.1625519501503694,false
moderate-hot-120,50,bounded-affinity,5979,0.9782572336511123,22.526853896036688,40.2193176108849,52.47368327136428,24.18842696126012,24.97411664851097,0.786993055420774,true
moderate-hot-120,51,random,6016,0.574468085106383,49.875509005090244,117.21688731798713,166.07441078780175,127.66091251026592,252.788035906633,0.03337700866758088,true
moderate-hot-120,51,least-loaded,6016,0.5772938829787234,32.023282365173706,65.91521459489013,80.59017507066164,8.745572966050531,24.437858997400326,0.01746877393268142,true
moderate-hot-120,51,prefix-affinity,6016,0.9966755319148937,1705.5085315214933,4320.65418407759,4379.505186236609,4362.772915411806,4449.103123967099,1.1723262546735311,false
moderate-hot-120,51,bounded-affinity,6016,0.977061170212766,22.471705264709563,41.25505331068416,53.933669995574746,24.25004198400711,24.98868490933819,0.7624186973884236,true
moderate-hot-120,52,random,6109,0.5871664756916025,49.55328024042916,119.65566022094572,165.34133856945118,130.45911912739393,217.78484481201303,0.037200874327950294,true
moderate-hot-120,52,least-loaded,6109,0.5868390898674087,31.61288275412439,65.43655185377065,77.27314328339708,7.197805412026355,22.243446631789993,0.012574505861236597,true
moderate-hot-120,52,prefix-affinity,6109,0.9967261417580618,2056.6996744132234,5359.837809483848,5647.954303813734,5628.576184525089,5709.952900857941,1.1865316835735185,false
moderate-hot-120,52,bounded-affinity,6109,0.9761008348338517,22.685698316573202,41.11860300765329,56.13739080250161,24.30013892095667,24.994066110426502,0.7772388406993487,true
moderate-hot-120,53,random,6034,0.5924759695061319,48.24214321684498,115.57003165548667,159.75263182002163,123.66779885700817,174.6185210182739,0.03181784695140341,true
moderate-hot-120,53,least-loaded,6034,0.5954590652966523,31.411873205115395,65.7977616125936,78.72166437832493,10.051931195712314,31.716110040251806,0.007324892887775721,true
moderate-hot-120,53,prefix-affinity,6034,0.9965197215777262,2007.2026375860971,5208.793571769194,5345.135283235308,5324.16189226009,5458.104652287249,1.1963887786767724,false
moderate-hot-120,53,bounded-affinity,6034,0.9751408684123302,22.637515874871195,41.1918718195011,53.819035826891195,24.346750065451488,24.996558948896563,0.7937397470903288,true
moderate-hot-120,54,random,6003,0.5833749791770781,50.75331546548232,121.72680770507577,187.07499081526475,146.02104152393258,253.37821241112397,0.03181230469565611,true
moderate-hot-120,54,least-loaded,6003,0.5862068965517241,31.622501597952866,65.55876868014457,79.04135008266167,10.159618933263118,28.27469342223776,0.006446373725360982,true
moderate-hot-120,54,prefix-affinity,6003,0.9963351657504581,883.5071767499653,2275.431614099012,2900.3758455491115,2882.5790531118764,2980.9422661761273,1.1701989094515244,false
moderate-hot-120,54,bounded-affinity,6003,0.9778444111277694,22.434562454188303,40.46570338332094,51.652558246903936,24.344953848663863,24.981849406241963,0.8004268790891074,true
moderate-hot-120,55,random,5952,0.5799731182795699,50.87400414613068,125.59698846449464,180.4405253682653,145.57186515758804,277.890677282001,0.027884428375698014,true
moderate-hot-120,55,least-loaded,5952,0.5841733870967742,31.955790355019847,66.32247755767457,80.25821746280235,8.807185848141671,32.88921464749728,0.00861026852102365,true
moderate-hot-120,55,prefix-affinity,5952,0.9964717741935484,1522.3061421111731,4089.4282290370465,4273.642998701856,4258.050953491213,4335.576000517925,1.174692953968184,false
moderate-hot-120,55,bounded-affinity,5952,0.9744623655913979,22.75771555854443,41.138736347915255,54.8924388346295,24.377538351531257,28.447277026665688,0.7721998659773686,true
moderate-hot-120,56,random,5902,0.5914944086750255,51.3244442485222,126.0528063499005,201.14134191944322,160.05872944823022,244.4012389911113,0.029498117541003073,true
moderate-hot-120,56,least-loaded,5902,0.5967468654693324,31.471992505034674,66.4070673180322,79.95841919672421,6.680844180173153,23.032364475431677,0.006674264767873473,true
moderate-hot-120,56,prefix-affinity,5902,0.9957641477465266,1212.8694747043482,3739.9186089638824,3955.7335371536174,3936.7227613100767,4044.033229108689,1.2028500145744876,false
moderate-hot-120,56,bounded-affinity,5902,0.9769569637411047,22.713743086200957,41.039205655048136,55.58752678438759,24.400250170780055,24.990889122032968,0.7941190150444362,true
moderate-hot-120,57,random,5983,0.580143740598362,51.21713552497691,126.12463317289621,190.284350952752,150.73328108496207,273.93670617361204,0.030368686564736874,true
moderate-hot-120,57,least-loaded,5983,0.5841551061340464,31.614557445189234,66.24519244995463,77.37109125934512,7.823867407632861,36.49611426645424,0.012255243369855028,true
moderate-hot-120,57,prefix-affinity,5983,0.9949857930803945,1383.7884699807917,3697.395077938185,3936.766698827436,3920.147443496491,4051.7618528092935,1.1797809716626906,false
moderate-hot-120,57,bounded-affinity,5983,0.9749289654019723,22.75598569530103,41.16819606984063,58.35705869108642,24.26317963260226,24.98395101456481,0.7954991201931904,true
moderate-hot-120,58,random,6195,0.5924132364810331,52.99225570953894,131.44563404143264,200.20693436497095,165.95920175645006,306.24663190670253,0.04781732330913094,true
moderate-hot-120,58,least-loaded,6195,0.5822437449556094,32.02213524519332,66.46519355579221,79.15132887668005,8.554036371286202,34.02740950584848,0.009635309092996118,true
moderate-hot-120,58,prefix-affinity,6195,0.9974172719935431,1713.947834565439,4846.86948194493,5218.915803671422,5206.492688790226,5584.779431745665,1.1783459844438366,false
moderate-hot-120,58,bounded-affinity,6195,0.9770782889426958,22.75208396637975,40.733682989721274,52.764767797325476,24.298718179037678,24.99405608116649,0.7807686905766477,true
moderate-hot-120,59,random,5975,0.5988284518828452,49.827440512057805,121.76352832505654,165.43220664611,134.13859320393385,240.9942904314521,0.04695639575724773,true
moderate-hot-120,59,least-loaded,5975,0.5856066945606695,31.97175983388618,65.99806525387248,78.89274515344732,10.516193591734918,30.722791855070682,0.014281021142483037,true
moderate-hot-120,59,prefix-affinity,5975,0.9971548117154811,2160.8101930629673,6061.754565051517,6264.517263354552,6247.190320019152,6411.716058504615,1.2030641351676825,false
moderate-hot-120,59,bounded-affinity,5975,0.9760669456066946,23.00215144880568,41.327189276140416,54.65148713748931,24.28440488205524,24.999142429151107,0.7808530935102199,true
moderate-hot-120,60,random,5963,0.5849404662082844,50.27415842850972,122.2484841864025,178.84279263448843,138.93509228918265,280.01535896313,0.014854453408165732,true
moderate-hot-120,60,least-loaded,5963,0.5827603555257421,31.97135099438104,65.93785728192233,80.11604653840914,9.896894466990489,29.048209884684184,0.008726535950733692,true
moderate-hot-120,60,prefix-affinity,5963,0.9979875901391917,1665.1274213562226,3980.467773211647,4468.831236516919,4450.9621152858235,4573.581909600929,1.1838324966688312,false
moderate-hot-120,60,bounded-affinity,5963,0.9776957907093745,22.64014623929924,40.80460031021721,56.62235581683126,24.32234334070381,24.994907464941207,0.7847394381374205,true
moderate-hot-120,61,random,5985,0.5878028404344193,49.50153287806563,116.23193250801705,166.29469751650686,128.76211226441228,335.9780057536718,0.027226588625181788,true
moderate-hot-120,61,least-loaded,5985,0.5822890559732665,31.892649712314544,66.37217549834168,78.50753281083598,8.587101476397947,25.867178478019923,0.011776109450161842,true
moderate-hot-120,61,prefix-affinity,5985,0.9968253968253968,1945.7044519836934,4351.716656112847,4794.379590191442,4773.403957291033,4974.634995623739,1.1931299156016428,false
moderate-hot-120,61,bounded-affinity,5985,0.9774436090225563,22.612533217327307,40.85287530256028,53.058186429676425,24.320020032449975,24.997428781229246,0.7920791805963304,true
moderate-hot-120,62,random,6062,0.5875948531837677,52.03317171674886,123.28547099588468,185.83134232363955,148.2473947714534,372.6258994746313,0.030974606992227243,true
moderate-hot-120,62,least-loaded,6062,0.5955130320026394,31.432342456625296,65.95211603259668,77.95767123509722,9.92015624972555,25.036144826415693,0.01427914960896013,true
moderate-hot-120,62,prefix-affinity,6062,0.9976905311778291,2218.6240647305754,5695.421385097288,5844.0809721151745,5825.963412897545,5932.181101789982,1.1983644625154322,false
moderate-hot-120,62,bounded-affinity,6062,0.9755856153084791,22.79871422381299,40.97404824248224,55.229492855007265,24.251557943058287,29.144185584780644,0.7856107901277574,true
moderate-hot-120,63,random,5994,0.5844177510844177,50.87559053585998,124.40986889415944,187.20170498364314,144.15041872214715,248.09939839335857,0.018547600852242628,true
moderate-hot-120,63,least-loaded,5994,0.5899232565899233,31.488153803535887,65.56789625443344,79.47325277396158,8.760393516022305,32.60490795149235,0.013386074268944281,true
moderate-hot-120,63,prefix-affinity,5994,0.995995995995996,1234.9243955169566,3771.1385495264694,3885.2415621015534,3870.127787517413,3980.9045681937714,1.186810852651506,false
moderate-hot-120,63,bounded-affinity,5994,0.9748081414748081,22.447977184253272,40.58037927869009,53.77970770646243,24.22504834776919,25.088980709959287,0.7820665132636538,true
moderate-hot-120,64,random,5966,0.5878310425745893,49.319918549785406,122.9450654498196,177.0847654365425,138.1781670273922,206.78560198663763,0.02100312735013367,true
moderate-hot-120,64,least-loaded,5966,0.5900100569896077,31.374016287150674,65.6879434222028,80.0372129560019,7.486667682838743,18.07858063277672,0.013135833220435532,true
moderate-hot-120,64,prefix-affinity,5966,0.9963124371438149,1343.8302051247747,3459.869261838947,3691.4580031220466,3674.961781168953,3864.583446550736,1.175509354516137,false
moderate-hot-120,64,bounded-affinity,5966,0.976701307408649,22.44834109706918,40.76355646828233,53.52284941702965,24.320743501775723,24.997645575145725,0.7823518124796467,true
moderate-hot-120,65,random,6051,0.5770946950917204,50.16469363379799,122.08161124373873,164.5625852922185,131.17441057670112,278.58768327045254,0.03412832254636692,true
moderate-hot-120,65,least-loaded,6051,0.5810609816559247,31.942308516310327,66.1945396244555,79.25235972524388,9.428972674970282,23.712096772143923,0.011107841093739551,true
moderate-hot-120,65,prefix-affinity,6051,0.9973558089571971,1239.190111642695,3193.477822631401,3728.478611116334,3708.1368015444386,3849.875865745351,1.160148758342465,false
moderate-hot-120,65,bounded-affinity,6051,0.9760370186745992,22.514143312288105,40.49761057971409,53.105026620622084,24.13785207404726,31.6851417941798,0.7763072658728201,true
moderate-hot-120,66,random,6136,0.5933833116036505,51.21328341657701,126.29092541306454,180.88449361567837,147.1080078134837,279.7334941781737,0.027649468463729784,true
moderate-hot-120,66,least-loaded,6136,0.5849087353324641,31.76015811956178,65.6982590649859,76.48303929706162,9.2180538448265,23.449003405408803,0.011989941505390934,true
moderate-hot-120,66,prefix-affinity,6136,0.996903520208605,1885.007064814459,5558.097808517923,5722.855873338296,5705.335142967102,5835.804764767556,1.192265904333934,false
moderate-hot-120,66,bounded-affinity,6136,0.9763689700130378,22.859945330572003,40.7279929151191,52.6061327009902,24.38806544569161,25.240764861548087,0.7925577481110812,true
moderate-hot-120,67,random,5997,0.5846256461564115,50.75530504331447,123.6968169956017,172.60675183069543,132.51591374080454,245.14252357391888,0.02965627351227,true
moderate-hot-120,67,least-loaded,5997,0.5719526429881607,32.161068960047764,66.05255618025694,79.59904284336517,10.124746501976915,26.952631981417653,0.007260478614462242,true
moderate-hot-120,67,prefix-affinity,5997,0.9963314990828748,1377.3340056877828,3378.3258521452954,3932.910679001441,3916.7852589578833,4021.2875597924576,1.1749908761533188,false
moderate-hot-120,67,bounded-affinity,5997,0.9756544939136235,22.4539421000279,40.71088267010782,55.3464502964307,24.209981811596663,27.65472221791424,0.7876387936464495,true
moderate-hot-120,68,random,5964,0.5912139503688799,50.76171548274918,119.44884509347685,176.39775448757428,136.11788238514782,258.41988258057245,0.030302670579167277,true
moderate-hot-120,68,least-loaded,5964,0.5881958417169685,31.755203881492875,65.78911346937457,79.0667630804237,8.236466347232636,27.27115021994541,0.012640225897709427,true
moderate-hot-120,68,prefix-affinity,5964,0.9968142186452046,1401.818663065701,4003.3137525710627,4225.217670596634,4208.364776563343,4359.946413646401,1.1977566467058436,false
moderate-hot-120,68,bounded-affinity,5964,0.9760228034875922,22.714091877921998,41.02411327097616,54.4620515624556,24.30621243326459,24.998632857568737,0.7935700201058953,true
moderate-hot-120,69,random,5910,0.5807106598984771,50.980288842886665,124.16679391874641,183.62761243059504,142.73439782473724,269.3203868968412,0.020972184492611165,true
moderate-hot-120,69,least-loaded,5910,0.5812182741116751,31.971740367367264,66.36477872705836,81.06978496440206,9.438375091936905,35.59018058580841,0.007520566700539433,true
moderate-hot-120,69,prefix-affinity,5910,0.9957698815566836,1417.5553646433993,3411.7337787082797,3552.4549520460205,3537.8322358755977,3653.8114998063247,1.171435191290954,false
moderate-hot-120,69,bounded-affinity,5910,0.9754653130287648,22.599705595111878,40.78770423745664,55.4570406574021,24.378472409938695,24.998485396281467,0.798042285197117,true
moderate-hot-120,70,random,6047,0.5857449975194311,50.227015483942694,122.09918062204633,179.2948268526925,136.2273747604322,210.42568266146554,0.034680247624119316,true
moderate-hot-120,70,least-loaded,6047,0.5728460393583595,32.21726984231527,67.08385149578498,78.65931509546863,7.014021691327798,21.864646514950437,0.012851614662184499,true
moderate-hot-120,70,prefix-affinity,6047,0.9971886886059202,1819.7542155480858,4757.451348521812,4880.5564904535495,4865.42677644697,4977.318371337744,1.1643145778966573,false
moderate-hot-120,70,bounded-affinity,6047,0.9723829998346287,22.96891279596723,41.44580697645506,58.133487905906804,24.16006537812609,25.460847683596512,0.7781597115086312,true
moderate-hot-120,71,random,5961,0.5817815802717665,49.67132288131401,117.67300948371121,171.93955697987076,136.70531873990694,248.3174037462013,0.036197817952194844,true
moderate-hot-120,71,least-loaded,5961,0.5802717664821339,31.73638671636748,65.4333657224197,77.17636443107403,8.873857195329037,31.50324309595453,0.019359640865963194,true
moderate-hot-120,71,prefix-affinity,5961,0.9984901862103673,1207.4981502392611,3136.996299997787,3431.1822827036303,3417.359508871945,3580.956791169323,1.1634430266883098,false
moderate-hot-120,71,bounded-affinity,5961,0.9828887770508304,22.2189567991618,40.007698911154876,48.67384993208725,24.25046022242168,27.643772559593344,0.7917056595919447,true
moderate-hot-120,72,random,5895,0.5838846480067854,51.22241126502995,125.94752727170271,176.95644503894073,141.1212035908502,218.33486658009133,0.03207703066425492,true
moderate-hot-120,72,least-loaded,5895,0.5898218829516539,31.541894968104025,65.17551032405026,78.27197843558315,7.055132768913609,20.048622886053636,0.007947717354257191,true
moderate-hot-120,72,prefix-affinity,5895,0.9979643765903308,1368.8977625255482,3728.7987698818906,3903.9155180811795,3886.252478338378,3994.685440068097,1.1969466034854443,false
moderate-hot-120,72,bounded-affinity,5895,0.973027989821883,22.766220116552386,41.47201898356434,54.59193179823342,24.301325220661965,25.26522925676545,0.7821481809624529,true
moderate-hot-120,73,random,5980,0.5734113712374582,51.7942545508622,123.82092111511156,192.84098843973334,158.94337968753825,320.0957955908707,0.026736860578703867,true
moderate-hot-120,73,least-loaded,5980,0.5837792642140468,31.88585259442996,65.94116981151456,79.1142395394345,9.51979341378319,32.041549795190804,0.01278658641122656,true
moderate-hot-120,73,prefix-affinity,5980,0.9971571906354515,1193.7288861909633,3248.2445421318334,3523.008520520758,3507.7928451246917,3642.131791286578,1.1665861106577142,false
moderate-hot-120,73,bounded-affinity,5980,0.9750836120401338,22.535822660148956,40.75470476219198,54.717471258409205,24.246239677013364,30.645461337000597,0.7810136799655978,true
moderate-hot-120,74,random,6139,0.5737090731389477,53.10444458291845,132.26384375378257,188.61947489972226,148.66974496601324,325.6167037796549,0.03299711971449776,true
moderate-hot-120,74,least-loaded,6139,0.5812021501873269,31.861535131431356,66.69349610334757,79.99158058910689,7.65045924369042,26.20088993155514,0.009047927005752536,true
moderate-hot-120,74,prefix-affinity,6139,0.9975566053103111,1047.5242734340543,3383.974592282175,3972.105946373056,3953.356349022113,4050.800780388541,1.1536003167783135,false
moderate-hot-120,74,bounded-affinity,6139,0.9778465548134876,22.49282812760849,40.90603101906163,53.82739639378997,24.284510557175963,24.983231510785117,0.7579882579223687,true
moderate-hot-120,75,random,6140,0.5737785016286645,52.69815824887179,128.32853043396972,195.9190267480517,151.44466221197217,319.94431122986134,0.03950985057960685,true
moderate-hot-120,75,least-loaded,6140,0.5833876221498371,31.8331349231146,66.58964145242498,79.54939761623245,9.772515754360938,34.50350972956039,0.011190218141784667,true
moderate-hot-120,75,prefix-affinity,6140,0.996742671009772,1543.1679399123389,4198.06019228197,4316.3270235409145,4299.890240269204,4354.532685986589,1.1552239410737928,false
moderate-hot-120,75,bounded-affinity,6140,0.9741042345276874,22.708554503290962,40.95256206320482,56.89145408188779,24.410145339439623,39.66320796398759,0.760356085930348,true
moderate-hot-120,76,random,5988,0.58249832999332,50.228358304450836,117.8704596493044,170.8102513652775,131.8782343688399,220.1397356708021,0.011511303647825039,true
moderate-hot-120,76,least-loaded,5988,0.5794923179692719,31.90568644616614,65.97918657786795,79.21643158605002,9.153159081823105,20.457877478489536,0.010596765197992191,true
moderate-hot-120,76,prefix-affinity,5988,0.9961589846359385,1027.696258223891,2830.1020982318805,3045.8559130040812,3028.5999592974913,3175.1477926041116,1.163512328552717,false
moderate-hot-120,76,bounded-affinity,5988,0.9764529058116233,22.607610928189523,40.443912643473595,53.80809411703376,23.930793064115278,24.985091738293704,0.7836161981115768,true
moderate-hot-120,77,random,5945,0.5850294365012616,52.176543138053304,127.87132270872826,204.590627715741,165.48167859276145,360.15051229903474,0.02922637137315513,true
moderate-hot-120,77,least-loaded,5945,0.5830109335576115,31.85329311245512,65.75798226457846,79.0443480525355,10.745890129663167,35.33634951667045,0.009186427250644157,true
moderate-hot-120,77,prefix-affinity,5945,0.9969722455845248,1498.8696709566257,3690.349852788713,4304.474888988792,4285.346460442495,4381.49408951497,1.1977635725523708,false
moderate-hot-120,77,bounded-affinity,5945,0.9724137931034482,22.644404647423197,41.05953972656425,56.828346898542804,24.149755004418694,33.788102187609184,0.7852559920528126,true
moderate-hot-120,78,random,6093,0.5869030034465781,50.964474075348065,121.96769788549136,185.78052308964834,144.8356543843911,302.39200664545933,0.02997549474725269,true
moderate-hot-120,78,least-loaded,6093,0.5773838831445921,32.01531796758758,66.15370390976022,78.80974944623085,8.363279734590833,29.518470200178854,0.011681605924946967,true
moderate-hot-120,78,prefix-affinity,6093,0.9967175447234532,2016.7972160821657,4947.698812918141,5090.09066734599,5072.202175791252,5182.438354537502,1.1757305568749312,false
moderate-hot-120,78,bounded-affinity,6093,0.9750533398982438,22.790126908735125,41.26271186377926,55.988623857731,24.32175669836215,25.706769051699666,0.7825325223007604,true
moderate-hot-120,79,random,5867,0.5977501278336458,48.604854208793746,118.16677539021475,165.67509462439193,127.25709160466067,348.76912211107265,0.01849335332411703,true
moderate-hot-120,79,least-loaded,5867,0.5948525651951594,31.315029797471986,65.2724160649359,76.87254460643453,6.997014766584471,20.8295112034466,0.01075052580634239,true
moderate-hot-120,79,prefix-affinity,5867,0.9971024373615136,1487.190686405386,3409.561402893625,3587.616608849181,3572.3256337716957,3677.5250601434454,1.1887300339815108,false
moderate-hot-120,79,bounded-affinity,5867,0.9819328447247315,22.32050190516347,40.73049424336932,49.84436401941275,24.360826785108657,24.99442913132225,0.8012805891556241,true
moderate-hot-120,80,random,5977,0.5869165133009872,50.97242690502819,123.63665132847382,173.3662442798377,131.97247534929375,238.5822832237718,0.03380564966133126,true
moderate-hot-120,80,least-loaded,5977,0.58574535720261,31.604388400119387,66.0962216578173,78.83777296948392,9.681199379600002,23.176746821747656,0.005231919419769582,true
moderate-hot-120,80,prefix-affinity,5977,0.9966538397189225,1651.3240977448054,4200.041921575648,4626.2584435953395,4609.0876008292325,4728.665176096751,1.1804434691971735,false
moderate-hot-120,80,bounded-affinity,5977,0.9777480341308349,22.62698319295664,40.808308619540185,52.137004092237476,24.307569359836634,24.9905403011835,0.7807937611837256,true
moderate-hot-120,81,random,5955,0.5895885810243493,49.15533064428424,118.54220774107671,167.70008852183673,127.90390934487368,250.35409399696073,0.021427666864596084,true
moderate-hot-120,81,least-loaded,5955,0.5917716204869857,31.52554773290608,65.82586554860791,79.09189103585413,7.257161023364461,27.575061970059323,0.012341483455725923,true
moderate-hot-120,81,prefix-affinity,5955,0.9961376994122586,2205.0811393193208,5456.672547512309,5691.541616051152,5675.19721007796,5838.769875355276,1.2090428278095233,false
moderate-hot-120,81,bounded-affinity,5955,0.9699412258606214,22.95661108363991,41.71950020928489,57.600502684937965,24.301824566813593,24.942006752142333,0.7958009145076526,true
moderate-hot-120,82,random,6147,0.581421831787864,52.15379403590994,128.57942034580628,179.7128003226935,141.16700599284377,254.76567061876995,0.03355174802153237,true
moderate-hot-120,82,least-loaded,6147,0.5749145924841386,32.241443259495135,66.51937674119108,78.42243491114641,12.477228661246045,31.22747091457859,0.018005218151128558,true
moderate-hot-120,82,prefix-affinity,6147,0.9960956564177648,1794.7954593202185,5014.4030534062185,5240.736758220883,5221.3305734131645,5335.778005835411,1.1733478419001748,false
moderate-hot-120,82,bounded-affinity,6147,0.9689279323247112,22.962339701751898,41.644887252627086,55.7248629869282,24.39062170955731,31.876609571751032,0.7678286152731404,true
moderate-hot-120,83,random,5924,0.5832207967589467,49.773827562592615,120.78106205545919,174.5057359992279,132.75384357542498,196.96530920870282,0.029987140482955078,true
moderate-hot-120,83,least-loaded,5924,0.5855840648210668,31.59188199233057,65.50038951577153,77.50375942248502,7.526339391180954,19.996948509695358,0.0112768256019184,true
moderate-hot-120,83,prefix-affinity,5924,0.9964550979068197,1317.4049889394546,3246.1319915731,3376.329925401231,3360.3518043535587,3424.3246757133893,1.1589760000188405,false
moderate-hot-120,83,bounded-affinity,5924,0.9785617825793382,22.522308164772312,40.39694586486439,54.2675038019388,24.276725205410912,24.99505266311462,0.7931253971721566,true
moderate-hot-120,84,random,5938,0.5860559110811722,50.581250653712665,125.63757467913092,178.3848855953329,140.09383196743147,271.0224733772011,0.03657198124967078,true
moderate-hot-120,84,least-loaded,5938,0.5823509599191647,31.937195364484367,66.74003211331001,78.38906944634073,8.352929663778923,21.822352557421254,0.01660065809487284,true
moderate-hot-120,84,prefix-affinity,5938,0.9968002694509936,1507.664102230202,4133.605156324222,4611.150980864193,4594.928967243388,4707.799142428812,1.2097996369153154,false
moderate-hot-120,84,bounded-affinity,5938,0.9738969349949478,22.72801848817383,41.27223964151199,56.91737847047261,24.349622103211004,24.999035114757135,0.8093502194756766,true
moderate-hot-120,85,random,6027,0.5837066533930645,50.12806833793561,121.35380917710427,176.91634834494835,137.8921639287728,282.26785867148647,0.022724535235215094,true
moderate-hot-120,85,least-loaded,6027,0.5797245727559316,31.77261092592446,65.9344568365268,79.37761047884487,8.600092184631649,32.62428416343755,0.011753307994490517,true
moderate-hot-120,85,prefix-affinity,6027,0.9968475194956031,2053.5549452182054,5343.58265658153,5459.599127967733,5445.390834131475,5498.9277450065565,1.1955580082431987,false
moderate-hot-120,85,bounded-affinity,6027,0.9769371163099386,22.546829661605347,40.631028261619576,53.02373803574301,24.15952446436131,24.9990228635761,0.7872632168350576,true
moderate-hot-120,86,random,5886,0.5961603805640503,48.32442202771171,114.2794719212252,166.7808628963503,126.6985621481872,205.47714461537544,0.017807216563188847,true
moderate-hot-120,86,least-loaded,5886,0.5891946992864424,31.82083700877366,66.88501313827146,79.36678055030643,10.055041607640305,38.060701169248205,0.007685766027180202,true
moderate-hot-120,86,prefix-affinity,5886,0.9964322120285423,1390.828932624202,3806.8288942044237,4167.287548523185,4151.826571740312,4379.730454670331,1.208202328173042,false
moderate-hot-120,86,bounded-affinity,5886,0.9748555895344886,22.738990758594884,41.06262200427591,55.026531316638284,24.14711651736434,24.990399994912877,0.802482826482739,true
moderate-hot-120,87,random,5968,0.5745643431635389,49.47200399814981,118.18433957470552,158.73307882349764,120.51616399703926,185.3792247200763,0.020571437125976283,true
moderate-hot-120,87,least-loaded,5968,0.5797587131367292,31.98426655400778,66.28597839352005,78.93324631614814,10.974113658572605,32.22604950796813,0.014324356571777044,true
moderate-hot-120,87,prefix-affinity,5968,0.9968163538873994,1189.1174250349632,3031.472450469657,3161.7805436865965,3143.4116097867955,3244.2945012126947,1.1550188324574624,false
moderate-hot-120,87,bounded-affinity,5968,0.9772117962466488,22.572151537087347,40.90622413517849,55.46264244721897,24.320510689693037,24.99791768832074,0.7758972237160869,true
moderate-hot-120,88,random,5948,0.5785137861466039,51.30133281537962,126.48190421666004,182.5792976702869,145.8069229808516,294.0087670222201,0.03641956687515024,true
moderate-hot-120,88,least-loaded,5948,0.5798587760591796,31.787120694959487,65.73548116539314,78.4511164646974,7.080529324659437,22.40723492487632,0.006466331286676196,true
moderate-hot-120,88,prefix-affinity,5948,0.9969737726967047,1404.7932755979932,3653.1674762390103,4050.729573437071,4034.278415086759,4083.308026808547,1.186393319190884,false
moderate-hot-120,88,bounded-affinity,5948,0.9769670477471419,22.516859920055335,40.77831335904193,53.8841982958329,24.32216394115676,24.989569902631047,0.8043378357228467,true
moderate-hot-120,89,random,5995,0.5868223519599667,50.03829825435602,119.37495055070576,172.8565118616716,133.15256876179774,220.73080047201074,0.022681136583375023,true
moderate-hot-120,89,least-loaded,5995,0.5814845704753961,31.80568977140591,65.69805968863511,77.46599038295244,8.866580529964267,27.612972275877837,0.010078744066085988,true
moderate-hot-120,89,prefix-affinity,5995,0.996163469557965,1335.1116466467017,3916.621394334732,4204.0466595305625,4190.226713734737,4308.382849879257,1.1956469823214773,false
moderate-hot-120,89,bounded-affinity,5995,0.97581317764804,22.617879716770606,40.9718895079277,55.060793962438765,24.308270550587622,26.950296883376723,0.7863098401319105,true
moderate-hot-120,90,random,6041,0.5826849859294819,50.84914735126661,120.46275288761535,172.62853156920028,135.9398684283442,229.53843846366362,0.03379313782406618,true
moderate-hot-120,90,least-loaded,6041,0.5941069359377587,31.481603440733437,66.04632353221677,78.56385902143666,8.007496824284317,27.06177004813435,0.005000237968794895,true
moderate-hot-120,90,prefix-affinity,6041,0.9976825028968713,2407.0815655113456,6403.430523724273,6588.584377386207,6570.906436630059,6729.2233389753965,1.2149643581132141,false
moderate-hot-120,90,bounded-affinity,6041,0.9764939579539811,22.80317117254489,41.254894812627754,53.42281937296502,24.268745786637737,24.99486221004554,0.7922224204635964,true
moderate-hot-120,91,random,5907,0.5835449466734383,49.89481650525956,122.25871615653887,169.89720411325106,137.26470493592205,353.3911469142258,0.02479449772497549,true
moderate-hot-120,91,least-loaded,5907,0.5847299813780261,31.817227771222598,66.16020907830534,80.48876050255058,9.804272481087537,28.287237391799863,0.010420407694503841,true
moderate-hot-120,91,prefix-affinity,5907,0.9972913492466565,1175.849390842207,2895.418608966087,2986.093494723573,2969.2593032920486,3058.228473043484,1.1815969381225135,false
moderate-hot-120,91,bounded-affinity,5907,0.978500084645336,22.348934710362908,40.072453068329196,51.17889322941119,24.302898232206644,39.065173538343515,0.7954771025027293,true
moderate-hot-120,92,random,5958,0.5862705605908023,49.13517841201974,119.28542295900115,170.29390950659217,133.17747905474243,237.36581244037734,0.02710305196244996,true
moderate-hot-120,92,least-loaded,5958,0.584927828130245,31.625542612496822,65.33257107000827,78.64019167556035,9.009632095639972,26.9990981159317,0.010176678265649915,true
moderate-hot-120,92,prefix-affinity,5958,0.9963074857334676,1444.186641863209,3839.363996303786,4031.740830908013,4013.582191335052,4179.454959588853,1.1878637308062048,false
moderate-hot-120,92,bounded-affinity,5958,0.974320241691843,22.58423995545247,41.05607606341073,52.41618295599619,24.286682545851363,24.999598148671794,0.7942995608495704,true
moderate-hot-120,93,random,5873,0.5896475395879448,50.30035683091755,123.89507358444098,179.03196366018528,139.1588300052972,281.5563095346479,0.033260833054148176,true
moderate-hot-120,93,least-loaded,5873,0.5828367103694875,32.030182217108624,66.82133202443947,78.6673368743941,10.719954111118568,32.626611484447494,0.007727855822453196,true
moderate-hot-120,93,prefix-affinity,5873,0.9974459390430785,1336.6444999532685,3094.195783622272,3525.1642281251115,3509.3245578711358,3632.478665983901,1.1800936717555128,false
moderate-hot-120,93,bounded-affinity,5873,0.9742891197003235,22.638802440051723,41.099463159174775,54.136711860539435,24.372716512029,25.002860253829567,0.782398748046219,true
moderate-hot-120,94,random,6016,0.5867686170212766,50.10502167939366,121.0073774721568,174.3635530701431,134.68478222710837,237.12951273378712,0.028882440788158183,true
moderate-hot-120,94,least-loaded,6016,0.5787898936170213,31.86875098380662,65.66068353308947,77.6759142919982,8.061681504208536,18.278997531640925,0.01676615912430601,true
moderate-hot-120,94,prefix-affinity,6016,0.9971742021276596,1539.831851519366,4119.2371968347725,4521.8354510883,4507.496622800078,4567.606543569098,1.1728735039569578,false
moderate-hot-120,94,bounded-affinity,6016,0.9740691489361702,22.77052048728481,41.774628991584905,56.3547208452801,24.461879513273743,24.98177213533927,0.7757695103661917,true
moderate-hot-120,95,random,5989,0.5755551845049257,50.98055418273899,122.51671340318353,182.71375197047018,136.42511560409184,314.4473758588065,0.03524300738308576,true
moderate-hot-120,95,least-loaded,5989,0.5852396059442311,31.682326420856164,65.37462932935523,77.39281813985144,9.440353210258763,31.1725664061305,0.012556873044573695,true
moderate-hot-120,95,prefix-affinity,5989,0.9971614626815829,1206.0423637032827,3596.422343468723,3798.147530361748,3781.336230452478,3861.3354462460775,1.1725625145392857,false
moderate-hot-120,95,bounded-affinity,5989,0.9787944565035899,22.569791904544104,40.865149705037766,53.60124227742199,24.248295739860623,25.309685092426662,0.7988844708247722,true
moderate-hot-120,96,random,6143,0.58814911281133,50.651552371629684,122.46519050148345,172.09383499102842,137.37469451726793,217.6445120749122,0.020034509625391776,true
moderate-hot-120,96,least-loaded,6143,0.5866840306039395,31.668252353619067,66.4897951997009,79.28285666137526,7.9567616508720675,32.17680893305078,0.01117872299890995,true
moderate-hot-120,96,prefix-affinity,6143,0.9972326224971513,1859.0802729408945,5242.735411027919,5439.6396187651335,5424.423576575595,5526.69032645999,1.186924025461812,false
moderate-hot-120,96,bounded-affinity,6143,0.9763958977698193,22.78988960078592,40.98057217978385,57.14045973510656,24.373293559585363,24.99317894611886,0.7855386082125885,true
moderate-hot-120,97,random,5969,0.5806667783548333,50.317190231734976,117.44760434938507,177.3404586771685,135.7913988814762,306.528360207325,0.023235452856868802,true
moderate-hot-120,97,least-loaded,5969,0.5727927626068018,32.22231945435454,66.1364513725348,78.94392919135862,10.298396128793684,25.170785225789587,0.00857055681428082,true
moderate-hot-120,97,prefix-affinity,5969,0.9968168872507958,1454.8902751362114,3741.722320583016,3874.5266326445126,3859.9907633208277,4053.3711716063117,1.1692416066841251,false
moderate-hot-120,97,bounded-affinity,5969,0.97420003350645,22.66449870444755,41.07729690666747,55.99368930408673,24.367310048393847,24.99813597798675,0.7777038944961848,true
moderate-hot-120,98,random,5976,0.5893574297188755,50.14269684488401,123.64609939406364,175.99844702822156,137.78075678093956,197.9111584909624,0.028763935673674242,true
moderate-hot-120,98,least-loaded,5976,0.6020749665327979,31.16145323814844,65.60706236496117,77.13516407741554,7.509565249238221,27.291751734193895,0.012242555391479483,true
moderate-hot-120,98,prefix-affinity,5976,0.9971552878179384,2092.8451239458514,5140.113045995189,5336.014032636303,5319.092744583606,5376.593239749367,1.2052700262172242,false
moderate-hot-120,98,bounded-affinity,5976,0.9769076305220884,22.67789907975869,40.97343939786515,52.59718919239094,24.25928167321399,28.636610105488217,0.7958880469418188,true
moderate-hot-120,99,random,6040,0.5826158940397351,52.038503407529895,124.00215077877874,177.24062938141287,145.43566918223223,351.3107300290867,0.027156510023489164,true
moderate-hot-120,99,least-loaded,6040,0.5751655629139073,32.166584646815075,66.22694339965528,78.77845620216976,8.066407914840966,21.3139878472939,0.010708591771540595,true
moderate-hot-120,99,prefix-affinity,6040,0.9973509933774835,1617.1262155317954,4810.217719662942,5101.017263117734,5084.911838707296,5165.8243423423555,1.1999509508902277,false
moderate-hot-120,99,bounded-affinity,6040,0.9773178807947019,22.6448513677437,40.893305608522496,53.72683764113026,24.43304485925546,24.984420321059588,0.774660901691039,true
moderate-hot-120,100,random,6011,0.5801031442355681,50.85328431899905,121.41033824620536,170.90043440802037,137.7082441185703,250.30014763720828,0.02779955515012337,true
moderate-hot-120,100,least-loaded,6011,0.5734486774247214,32.399120978742005,66.83376357844645,80.88735010811797,8.094981547146745,33.719488480204745,0.011646572179957416,true
moderate-hot-120,100,prefix-affinity,6011,0.997005489935119,1284.402425663844,3314.949621117281,3434.057719071483,3417.9391523807863,3499.166967978301,1.1538245360370363,false
moderate-hot-120,100,bounded-affinity,6011,0.979371152886375,22.631607650573503,40.820592361022136,51.95939057469877,24.206018799854064,24.99193314248805,0.7683587300778955,true
moderate-hot-120,101,random,5923,0.5878777646462942,49.829768558478904,119.40157014587749,175.99795001677558,138.4968417344062,312.4773148940367,0.031055553744320168,true
moderate-hot-120,101,least-loaded,5923,0.5912544318757387,31.574564008969148,66.31009409110993,78.04031231678164,9.051124723475368,28.53724955929647,0.013727833828603658,true
moderate-hot-120,101,prefix-affinity,5923,0.9957791659631944,1888.810541061065,5283.207819322532,5409.475832561402,5393.490169846162,5466.969437771935,1.2339553876514695,false
moderate-hot-120,101,bounded-affinity,5923,0.9767009961168327,22.764665458119595,41.28354746874538,55.15426933777417,24.33764907742443,24.9995916098851,0.8003687240762272,true
moderate-hot-120,102,random,5966,0.5727455581629233,50.905267388358496,122.68652281630057,169.96360454714159,134.14669558202877,242.99839876637816,0.03853820739675274,true
moderate-hot-120,102,least-loaded,5966,0.5787797519275897,31.8948166730122,65.96480290489853,78.4520992907128,6.452771878621206,28.963559531479405,0.009005292319622915,true
moderate-hot-120,102,prefix-affinity,5966,0.9966476701307408,1518.2985447871615,3603.5253673882544,3730.7138752433966,3712.3269371611095,3771.407898843696,1.1651177704302877,false
moderate-hot-120,102,bounded-affinity,5966,0.9761984579282601,22.50791386627613,41.0221552589901,53.80729796949163,24.322813556122128,24.987455940463406,0.7805490338818404,true
moderate-hot-120,103,random,6002,0.5813062312562479,51.36286969369234,126.21669001388364,174.32361638955626,142.80664449550022,256.669417245932,0.0338217533739788,true
moderate-hot-120,103,least-loaded,6002,0.5851382872375874,31.610348246368293,66.51786139179603,80.0605334536267,7.010561782059085,21.756519314432808,0.014019045810412393,true
moderate-hot-120,103,prefix-affinity,6002,0.9976674441852715,1900.1562488259342,4445.3379629747,4704.903975807909,4687.7822170946165,4799.627890328949,1.1834153898698005,false
moderate-hot-120,103,bounded-affinity,6002,0.9760079973342219,22.483595348521003,40.72817397502149,54.65744041605103,24.20004880509805,28.43860117294753,0.7697559991459949,true
moderate-hot-120,104,random,5959,0.5824802819264977,51.39092316834368,126.08050324681244,189.34990397118236,149.98846719522408,360.758448296845,0.02542369626646721,true
moderate-hot-120,104,least-loaded,5959,0.5782849471387816,32.094496130984176,66.14214014228855,77.97943665127241,11.410153021410224,32.59794121640152,0.020241698155192257,true
moderate-hot-120,104,prefix-affinity,5959,0.9954690384292667,1018.9533654073261,2655.9288302017085,2963.4729806667456,2946.470523825963,3053.863596481584,1.155295500067837,false
moderate-hot-120,104,bounded-affinity,5959,0.9704648430944789,22.6859537566487,41.1262161792838,56.31490173718339,24.272053484950447,25.50827144494542,0.767159767604094,true
moderate-hot-120,105,random,6045,0.5819685690653432,51.58677660835694,126.19435986856115,189.23360925133238,147.14095334771264,298.85602164982265,0.02232523381162366,true
moderate-hot-120,105,least-loaded,6045,0.5849462365591398,31.750545643787365,65.9976243505771,78.93610360414459,7.209806137609121,17.6506979969854,0.00993674856012574,true
moderate-hot-120,105,prefix-affinity,6045,0.9981803143093466,1793.2996248895067,4356.951324292255,4503.87726645299,4487.400849052188,4554.5109321431955,1.1730357971759635,false
moderate-hot-120,105,bounded-affinity,6045,0.9788254755996691,22.47515623889518,41.12540940072722,54.04764381345012,24.34173158492922,24.972552788021858,0.7759961472940565,true
moderate-hot-120,106,random,6045,0.5910669975186105,50.639779944591744,124.53188167713961,192.15647853085102,159.59495303327276,317.7474968233146,0.021665455175562,true
moderate-hot-120,106,least-loaded,6045,0.5890818858560795,31.775638443511287,66.26126683386246,80.85778865137763,11.509216882754117,24.022032808432414,0.010280286231072447,true
moderate-hot-120,106,prefix-affinity,6045,0.9956989247311828,1791.133604877458,4864.541218023434,5513.747823416546,5495.733325456342,5682.307987766624,1.2103857891742942,false
moderate-hot-120,106,bounded-affinity,6045,0.9732009925558313,22.90540431398232,41.176494811152224,56.34178884868743,24.31015027617832,24.99260920847155,0.7882349750251026,true
moderate-hot-120,107,random,5971,0.581644615642271,51.26311012808953,123.09175043522919,188.49966604015572,150.71753200128296,233.90687839995007,0.02580545111536789,true
moderate-hot-120,107,least-loaded,5971,0.590520850778764,31.4953343568857,65.53997294232613,78.01881850920472,7.134765541071829,35.300763215673214,0.011009221761293002,true
moderate-hot-120,107,prefix-affinity,5971,0.9963155250376822,1733.6544187684638,4347.619574507633,4584.920385353107,4569.121076462179,4639.597330266952,1.173924154968617,false
moderate-hot-120,107,bounded-affinity,5971,0.9740411991291241,22.770898590047125,41.11571271696448,55.800342444708804,24.339267983290483,24.981463035663182,0.7804524163372913,true
moderate-hot-120,108,random,6156,0.5680636777128005,53.65280651113091,128.23695258745647,180.22005210512725,145.87662598088355,234.04241820178868,0.0328416131649336,true
moderate-hot-120,108,least-loaded,6156,0.5760233918128655,32.342024688797586,66.25255436528096,79.64677843228128,11.127753842782113,33.0159229035271,0.012251160822178246,true
moderate-hot-120,108,prefix-affinity,6156,0.9964262508122157,1511.1104929874355,4393.224886501674,5161.7270173618235,5145.077624524893,5255.476861214338,1.1584083996817,false
moderate-hot-120,108,bounded-affinity,6156,0.9736842105263158,22.815051670425113,41.54957238065981,55.79143115998886,24.3137650395729,26.269803052469797,0.7660297862552422,true
moderate-hot-120,109,random,5981,0.5938806219695703,49.35333885951734,116.03310547576984,178.89821270189714,143.61633271694154,287.831748775734,0.046857792790388215,true
moderate-hot-120,109,least-loaded,5981,0.5950509948169203,31.51953141008031,65.94366842984891,78.95892022119006,8.882398518646369,40.262652477409574,0.012226491360465382,true
moderate-hot-120,109,prefix-affinity,5981,0.9969904698211002,2114.519372922298,5639.809013515704,5755.882526220383,5738.595195652306,5902.676934384792,1.20404096016816,false
moderate-hot-120,109,bounded-affinity,5981,0.9732486206320013,22.89019586339677,41.3976934208622,55.45694677860956,24.191962189852347,24.99901793005847,0.7761361847452645,true
moderate-hot-120,110,random,5981,0.5676308309647217,52.56606167199025,129.27568588180293,187.3622188457448,150.35986641357158,372.3473408009522,0.030971337644660674,true
moderate-hot-120,110,least-loaded,5981,0.5769938137435211,31.985879030390745,66.21811535645975,78.90118286701545,8.433441116125323,17.63915363248816,0.009865438116899737,true
moderate-hot-120,110,prefix-affinity,5981,0.9963216853369001,1314.8490298450306,3422.2147753577738,3580.3228515169903,3565.7914506739035,3655.754427249929,1.1823467966989794,false
moderate-hot-120,110,bounded-affinity,5981,0.9765925430530011,22.575636096363326,40.78865861828672,52.16088995931932,24.40115363679797,27.94920037148404,0.8053244808422823,true
moderate-hot-120,111,random,5893,0.5837434244018327,50.129394972338865,120.51119358438518,176.80516250604705,132.69814143521944,256.4572187989979,0.027270966996767614,true
moderate-hot-120,111,least-loaded,5893,0.5854403529611404,31.96321206908795,66.42055782739044,80.75071104497329,8.583534794452135,30.146428398227727,0.01052609905563943,true
moderate-hot-120,111,prefix-affinity,5893,0.9979636857288308,931.470157160131,2527.4700499277315,2692.5837522193324,2673.425734905257,2885.1989845381686,1.176149370650651,false
moderate-hot-120,111,bounded-affinity,5893,0.980485321567962,22.512964730444438,40.40794329106211,49.71145994166727,24.38506777560724,25.52686532536609,0.7935747297698093,true
moderate-hot-120,112,random,6034,0.5818694066953928,52.88857512248405,130.53791816229932,195.19082689275092,158.89049368427004,250.7205969954848,0.02621319173119409,true
moderate-hot-120,112,least-loaded,6034,0.5831952270467352,31.931676785317688,66.6309553960964,79.734356135079,9.072569322819618,38.06231772280444,0.009595978137271598,true
moderate-hot-120,112,prefix-affinity,6034,0.996685449121644,2158.859061535936,5314.041686212047,5447.917472852867,5425.796863389398,5535.2941177594475,1.1857899365274036,false
moderate-hot-120,112,bounded-affinity,6034,0.9748094133244946,22.687841940820963,41.23528005756816,54.58432965838438,24.27268619150709,24.999589478429698,0.7788834494559781,true
moderate-hot-120,113,random,6077,0.5775876254730953,52.13113757667886,126.56759704307478,183.18389822384415,144.3563403022781,234.4867369175372,0.029548417575516447,true
moderate-hot-120,113,least-loaded,6077,0.5761066315616258,32.079127771749725,66.19852367015483,79.34806521063729,9.337858501883602,46.92954791908414,0.009793825342425387,true
moderate-hot-120,113,prefix-affinity,6077,0.9976962316932697,1668.614315898268,4149.624269305787,4315.950479085506,4300.34655056116,4392.217254621013,1.1599829787538594,false
moderate-hot-120,113,bounded-affinity,6077,0.9781142010860622,22.553799115539576,40.70977580574254,54.061679157261096,24.39444709965028,24.986232969502453,0.7815600177123391,true
moderate-hot-120,114,random,6011,0.5832640159707203,51.00962121864014,124.09593077953468,167.6504246715922,129.55504121056583,229.13734976924025,0.024397263264101132,true
moderate-hot-120,114,least-loaded,6011,0.5832640159707203,31.880155865512165,65.84524272853741,79.55620182810526,9.039955931271834,25.07698328659899,0.011391198615802109,true
moderate-hot-120,114,prefix-affinity,6011,0.9965064049243054,1910.2536598897714,4694.118892912535,4873.289073913802,4857.073814377611,4893.708873082403,1.1847632390959753,false
moderate-hot-120,114,bounded-affinity,6011,0.9760439194809516,22.674494742667775,40.97036664084226,53.192642747188074,24.2056967325625,24.99475623472972,0.7953476710281048,true
moderate-hot-120,115,random,5877,0.5889059043729794,50.64951741666813,125.00281086524774,178.84868910678597,143.73370913982217,261.81350880893297,0.033199923431337985,true
moderate-hot-120,115,least-loaded,5877,0.5887357495320742,31.873535764274212,66.93782520784589,80.12783214234514,9.241900338005507,34.529138246769435,0.00844617920264998,true
moderate-hot-120,115,prefix-affinity,5877,0.996937212863706,1423.8469093208982,3611.002077630117,3858.391235017749,3845.249597417853,4008.2871111318527,1.2019293293639557,false
moderate-hot-120,115,bounded-affinity,5877,0.975667857750553,22.704482643355906,41.53523291493184,55.43803716921684,24.380089769478218,24.993514437817794,0.7983480551232452,true
moderate-hot-120,116,random,5905,0.5796782387806944,50.44813882246718,121.78507445158903,173.2525030696197,134.110480396992,228.98473549545815,0.0221263905763486,true
moderate-hot-120,116,least-loaded,5905,0.5856054191363251,31.64613534020822,65.77997387731739,77.68510533582958,8.978350361659977,20.31647301339035,0.010399937346072067,true
moderate-hot-120,116,prefix-affinity,5905,0.9966130397967824,1476.2463077093728,3584.596314026916,3688.546509274631,3671.7298509808606,3847.03832373325,1.184440684315288,false
moderate-hot-120,116,bounded-affinity,5905,0.9745977984758679,22.56384004286085,40.854985527352255,54.08235268412682,24.333463656957974,24.99230492095012,0.780085428538667,true
moderate-hot-120,117,random,6015,0.5758935993349958,51.89002102455122,125.12661843168462,172.14691680444957,137.2044001202521,261.815178823912,0.04936037295035189,true
moderate-hot-120,117,least-loaded,6015,0.5798836242726517,32.010960886981906,66.63376461828557,80.0080787424231,7.826009541116946,25.382204295296106,0.00840778900774532,true
moderate-hot-120,117,prefix-affinity,6015,0.997339983374896,1104.8965575955,2757.5604972513247,3221.3803732071465,3204.3911865079936,3376.458691529151,1.1688498151779672,false
moderate-hot-120,117,bounded-affinity,6015,0.9758935993349959,22.73868839819247,41.10925952226171,55.99861797364247,24.403275987078814,24.9983437982919,0.7797917427510876,true
moderate-hot-120,118,random,6046,0.5881574594773404,49.6753442635238,117.77239306124102,171.90209795702503,136.44182823380834,232.50493900179936,0.024778467799705342,true
moderate-hot-120,118,least-loaded,6046,0.5874958650347337,31.53468810790157,65.25504488190927,77.84096827587928,8.554863245342858,20.964095956769597,0.013845240485539291,true
moderate-hot-120,118,prefix-affinity,6046,0.996526629176315,1901.9901175387984,4719.847640490625,4811.444035664921,4795.25066148433,4910.585412471664,1.1902421012081563,false
moderate-hot-120,118,bounded-affinity,6046,0.9758518028448561,22.648231356757467,40.76071672062062,51.8552392742713,24.372957803938334,24.992550770635717,0.7808811264593744,true
moderate-hot-120,119,random,6042,0.5868917576961271,50.50828269205439,120.68096481599059,168.24414846888249,130.72296672212542,241.7047550009338,0.0212629817865878,true
moderate-hot-120,119,least-loaded,6042,0.5938430983118173,31.489206870659103,66.33559425976273,79.37662057339912,8.265154148612055,28.991986824690684,0.01170011749692126,true
moderate-hot-120,119,prefix-affinity,6042,0.9965243296921549,1722.2984711494034,4706.225998438538,4804.880187205978,4788.161695901712,4935.7504543754985,1.1927240585887688,false
moderate-hot-120,119,bounded-affinity,6042,0.974180734856008,22.62357852736319,41.029740207228315,54.49400710982445,24.193054585186474,24.996011591378192,0.7931115097499788,true
moderate-hot-120,120,random,5996,0.5927284856571048,49.604067894303306,120.98859644623008,181.4906565060919,135.51217471707787,290.0335960978846,0.033623328055816915,true
moderate-hot-120,120,least-loaded,5996,0.5910607071380921,31.52456034618938,65.48967736953637,78.25802685521194,7.929619818751235,28.68618945678827,0.013326172935920408,true
moderate-hot-120,120,prefix-affinity,5996,0.9964976651100734,1411.3569579798534,3403.736403185452,4042.7617669190295,4029.6769194506196,4175.224378196959,1.1836451902057592,false
moderate-hot-120,120,bounded-affinity,5996,0.9754836557705137,22.571479782277628,40.78573353079264,51.84743512690329,24.155564916982257,24.966768584206875,0.7906130058979624,true
moderate-hot-120,121,random,6038,0.5824776416031798,51.62070888877116,128.11309138061915,181.08014710895077,142.05017364371452,239.07402545127115,0.02473565735031934,true
moderate-hot-120,121,least-loaded,6038,0.5816495528320635,31.932346227095493,66.3671694566874,78.64349813363879,8.923299950096407,24.110645380365895,0.010770254021711393,true
moderate-hot-120,121,prefix-affinity,6038,0.9963564094070885,1725.4334052375762,4804.644188790669,4952.141532879061,4935.669829637489,4990.429774695716,1.1969258742044468,false
moderate-hot-120,121,bounded-affinity,6038,0.9730043060616098,22.83158508938075,41.215029643277376,54.310121057133074,24.332471515997895,26.682758839349844,0.7910422256973236,true
moderate-hot-120,122,random,5993,0.5846821291506757,51.99353961267813,130.2393370703503,201.4959799699136,164.88677693689533,347.0095644622852,0.016851610189779015,true
moderate-hot-120,122,least-loaded,5993,0.581678625062573,31.826136378091686,66.0115705309945,79.49693544565889,8.229217522668478,20.615244910404726,0.005970938360113367,true
moderate-hot-120,122,prefix-affinity,5993,0.9958284665443017,1100.3966083214398,3010.2500434520334,3342.5517247509124,3327.7273436271134,3417.743962985929,1.171459389651079,false
moderate-hot-120,122,bounded-affinity,5993,0.9721341565159353,22.829832410257456,40.81646538709174,56.00637079072658,24.305561054461577,25.050176800228655,0.7910410255089014,true
moderate-hot-120,123,random,6050,0.5975206611570248,50.34628582553496,123.32618940470275,191.57760011884602,155.3888227701973,310.6137226910432,0.023179371841578776,true
moderate-hot-120,123,least-loaded,6050,0.5920661157024794,31.536459747903017,66.56108961348218,79.98694857551163,5.866712245486269,25.221070925781532,0.0063935032237485015,true
moderate-hot-120,123,prefix-affinity,6050,0.9948760330578512,1594.3525663540627,4736.273399770798,5064.273049380172,5046.874229795634,5111.969377054127,1.2073333720531045,false
moderate-hot-120,123,bounded-affinity,6050,0.9776859504132231,22.664727386462957,41.28711852995184,52.68170946531973,24.366708723511692,24.993982807180146,0.8094718490903906,true
moderate-hot-120,124,random,6092,0.5925804333552199,51.63672822037963,125.5679541352074,184.70098151005368,146.99252070544753,265.91108564574097,0.035870940699804135,true
moderate-hot-120,124,least-loaded,6092,0.5937294812869337,31.664990624194488,66.52696802114224,81.50403131687926,10.598574039737287,34.38804723200883,0.01348210905116225,true
moderate-hot-120,124,prefix-affinity,6092,0.9962245567957978,1734.618573804992,4665.58521331771,4899.717407511744,4881.925678827545,5038.41918695686,1.1820955568903149,false
moderate-hot-120,124,bounded-affinity,6092,0.9732435981615233,22.8644306829856,41.41161817557804,56.36703370415489,24.455414537351317,29.915029774288996,0.7688739755658586,true
moderate-hot-120,125,random,6113,0.584328480287911,50.15672631452357,117.44671305435077,163.98823261359212,122.59113113752937,194.5232325396646,0.03178209824806702,true
moderate-hot-120,125,least-loaded,6113,0.5854735808931785,31.790614461811913,66.27916925776663,78.13653558575425,6.7236080406783,21.308626597587136,0.006805100163832033,true
moderate-hot-120,125,prefix-affinity,6113,0.9972190413872076,2382.7569496124393,5751.015694189919,6042.138964768899,6024.683702014037,6238.048436760771,1.1829825146525441,false
moderate-hot-120,125,bounded-affinity,6113,0.9752985440863733,22.743590901071688,40.94036335288547,53.71073184047418,24.216427506675245,24.98833435241977,0.7696299762405436,true
moderate-hot-120,126,random,5989,0.5865753882117215,49.60200906667894,118.35975248111208,178.08478547760024,131.05451100201753,280.90813541931493,0.040921728568791844,true
moderate-hot-120,126,least-loaded,5989,0.5839038236767407,31.869315680396397,65.83054016732058,78.07887510275759,10.701926018853555,38.1989718195764,0.006058877848508475,true
moderate-hot-120,126,prefix-affinity,5989,0.9958256804140925,2001.448807550125,5047.528317847617,5494.768918166112,5478.401598435863,5577.948659215152,1.1945868113187939,false
moderate-hot-120,126,bounded-affinity,5989,0.973284354650192,22.778591283588426,40.99874713103782,55.48248533415608,24.22284390702407,26.51026004103005,0.785745397221291,true
moderate-hot-120,127,random,5852,0.5700615174299385,51.470621223500096,124.15440354204475,179.33386627182335,137.76871993050008,229.48948710958757,0.0263635056697589,true
moderate-hot-120,127,least-loaded,5852,0.5798017771701982,32.08706287141701,66.82488553131043,81.27683018764947,7.889934152059141,21.4615893117807,0.012508725468664493,true
moderate-hot-120,127,prefix-affinity,5852,0.9964114832535885,1102.4203044610795,2646.221514374891,2816.6893772480616,2800.9716626245645,2932.3886573499185,1.1789211450884043,false
moderate-hot-120,127,bounded-affinity,5852,0.9757347915242652,22.68392555750623,41.20314809502452,53.82353151147254,24.221329685777164,24.96509659473668,0.8090924647895481,true
moderate-hot-120,128,random,6067,0.5826602933904731,51.65145807621819,124.67685824824002,184.75454153499595,147.18849345152557,349.9541792907821,0.02866996718980216,true
moderate-hot-120,128,least-loaded,6067,0.5922202076808967,31.6343862660821,65.91342276162322,78.37764911897102,10.107004458688607,31.631383860105416,0.006984984387676873,true
moderate-hot-120,128,prefix-affinity,6067,0.9960441733970661,1838.6345270777908,5078.183296332354,5348.293354201545,5331.495200583093,5418.300506335763,1.1737142483675032,false
moderate-hot-120,128,bounded-affinity,6067,0.9749464315147519,22.69579756123512,40.70461610586062,55.864794071690994,24.219618610346515,31.279949801837574,0.7784116042157544,true
moderate-hot-120,129,random,6020,0.5830564784053156,49.37527343062926,117.01436132369417,167.25937642123608,129.83354526922267,237.5660784405154,0.028649756131520366,true
moderate-hot-120,129,least-loaded,6020,0.5935215946843854,31.505002110871647,65.53821244120627,79.20533596065798,8.563400498067494,25.05397957920286,0.0126214434646904,true
moderate-hot-120,129,prefix-affinity,6020,0.9973421926910299,1761.8502898892423,4265.948716362102,4378.378218211306,4362.650085292167,4426.460733149128,1.1794091979345773,false
moderate-hot-120,129,bounded-affinity,6020,0.9745847176079734,22.720459955135528,41.36400329730532,54.71838458784623,24.186667610956647,24.994367404484365,0.7863233115171866,true
moderate-hot-120,130,random,6147,0.5895558809175208,52.2952723839861,132.56470202411583,191.30707511563378,150.2922674429883,273.81419294809893,0.01752546603874237,true
moderate-hot-120,130,least-loaded,6147,0.589881242882707,31.72759351470489,65.85846848356596,78.9412772588621,9.53991042610869,22.859627108415225,0.01286073634759016,true
moderate-hot-120,130,prefix-affinity,6147,0.9967463803481373,1726.745621387113,4865.107070863029,5128.913272217018,5111.211436069156,5210.240988610349,1.1889102672407104,false
moderate-hot-120,130,bounded-affinity,6147,0.9733203188547259,22.82766684766568,41.6335006204572,54.88940641727095,24.352885693166172,30.274241323408205,0.7767276409108564,true
moderate-hot-120,131,random,5875,0.5805957446808511,50.08158479361527,117.77108354950542,174.57210031329305,137.0065095417849,273.7201271990052,0.02499492243339592,true
moderate-hot-120,131,least-loaded,5875,0.5736170212765958,32.119170044572606,65.81106550918776,79.76821974842824,7.540499043832824,17.669490717620647,0.012206149839263615,true
moderate-hot-120,131,prefix-affinity,5875,0.9967659574468085,1043.75683496664,3144.252106464439,3422.318198574554,3401.7295315750234,3517.858728853964,1.178584546490029,false
moderate-hot-120,131,bounded-affinity,5875,0.9765106382978723,22.462329255352145,40.70297788300377,53.1466273337428,24.165539721107052,24.97151070734253,0.797291656568464,true
moderate-hot-120,132,random,5968,0.5738941018766756,51.787944061521316,126.15559816517998,171.3939449951722,136.28932379937942,218.19844487828232,0.019033550276176734,true
moderate-hot-120,132,least-loaded,5968,0.5750670241286864,32.04517299965612,66.485986690539,79.37418845901993,7.72317406190632,22.733903083728364,0.016265266960254383,true
moderate-hot-120,132,prefix-affinity,5968,0.9969839142091153,1130.5411247203892,3141.346373782857,3278.047310260954,3262.172258098588,3381.6775481227014,1.1770215356778038,false
moderate-hot-120,132,bounded-affinity,5968,0.9792225201072386,22.3547124617867,40.35085634089046,52.02196418696258,24.320580156243523,24.9969594374561,0.7884322799030763,true
moderate-hot-120,133,random,5968,0.5879691689008043,50.1193397101153,119.45660716524435,177.3728855773952,138.61989164228726,227.03263574250377,0.029830859135696844,true
moderate-hot-120,133,least-loaded,5968,0.5888069705093834,31.550910455831886,66.39646602882567,78.60860961715662,7.420197511492006,32.06965665056123,0.012971020601219354,true
moderate-hot-120,133,prefix-affinity,5968,0.9974865951742627,1574.27999823544,3821.9456718506117,3920.882588135406,3903.735125080937,3952.5284670315814,1.186626791907502,false
moderate-hot-120,133,bounded-affinity,5968,0.9760388739946381,22.46195115905191,40.949350104689074,53.279249968836666,24.46988731656893,24.986061582763796,0.7872347525377607,true
moderate-hot-120,134,random,5982,0.5797392176529589,50.2303885291345,118.92157468095684,174.59861130689387,139.2563862149691,265.44471766080824,0.032382368865045634,true
moderate-hot-120,134,least-loaded,5982,0.5820795720494818,31.823733598562853,66.29204859126548,80.10196372568316,7.23750245694464,22.684472113156517,0.010631637231022993,true
moderate-hot-120,134,prefix-affinity,5982,0.9954864593781344,1432.8649367758937,3625.7880580974015,3912.3804788094276,3895.898212413864,4041.5137875842047,1.1851721393212071,false
moderate-hot-120,134,bounded-affinity,5982,0.9732530926111669,22.74218652959105,41.37257988529018,55.449766625366465,24.44045958647257,24.96765062218401,0.7912343397689443,true
moderate-hot-120,135,random,5980,0.5901337792642141,50.52344801711823,121.52296564826975,173.2509424106429,135.7205614175473,367.1522042761462,0.03414440380799724,true
moderate-hot-120,135,least-loaded,5980,0.5861204013377926,31.925988790257673,66.92470348330244,79.54406999331695,10.926692676555831,50.29471003130311,0.007406460392067894,true
moderate-hot-120,135,prefix-affinity,5980,0.9961538461538462,1923.3015580326019,5370.650901006964,5545.433457196843,5528.923883419397,5633.062695876113,1.2143478770065255,false
moderate-hot-120,135,bounded-affinity,5980,0.9737458193979933,22.871092773171508,41.24275319629851,55.65097039274406,24.267004937391903,24.997941166970122,0.8031491762265877,true
moderate-hot-120,136,random,6027,0.5820474531275925,51.24200393742851,123.92041546341352,184.73218208921026,152.08090721466579,258.3300303852884,0.046099889508827645,true
moderate-hot-120,136,least-loaded,6027,0.5906752945080471,31.72134985411683,65.9653606170832,78.31114563411757,8.48624336838111,36.14792377842605,0.010792510206917908,true
moderate-hot-120,136,prefix-affinity,6027,0.9966815994690559,1420.0759899701582,3935.0009162582937,4166.4653804831905,4148.920563040265,4295.338196249504,1.185130764660261,false
moderate-hot-120,136,bounded-affinity,6027,0.978098556495769,22.755171560879926,40.522280757824774,52.393805252344464,24.290864961600164,27.2695418915755,0.7860958654394611,true
moderate-hot-120,137,random,6138,0.5778755294884327,51.50939388373166,123.8482578381736,179.28223998275826,142.50979806281612,244.3644031129479,0.037926087755320914,true
moderate-hot-120,137,least-loaded,6138,0.5874877810361682,31.619189228519623,66.05839900697174,78.33259967453705,9.250244808317802,29.78948355121247,0.011413439889754929,true
moderate-hot-120,137,prefix-affinity,6138,0.9972303681981102,2529.545161758167,5734.992914695835,6054.236915739588,6036.819243315804,6195.75738011708,1.2005918053523348,false
moderate-hot-120,137,bounded-affinity,6138,0.9780058651026393,22.783965160701666,40.89349837077316,53.04076336212893,24.344260465448315,24.985162480690633,0.7826769882733995,true
moderate-hot-120,138,random,5958,0.5808996307485733,52.002218694945185,124.50080391650772,186.27875768959348,143.26444947733398,292.2440207868931,0.024767039440179415,true
moderate-hot-120,138,least-loaded,5958,0.5790533736153072,32.22832138018564,67.04154160706821,81.0238128790661,10.113321944627387,34.879572292862576,0.015569838554266722,true
moderate-hot-120,138,prefix-affinity,5958,0.9968110104061766,1600.0626459441964,3894.4730849790503,3991.757708893121,3973.164180718886,4106.214531883124,1.176398105523701,false
moderate-hot-120,138,bounded-affinity,5958,0.977173548170527,22.595985922363283,40.84313259555711,55.763848689624865,24.182790889888565,24.988311921866625,0.7969936271291113,true
moderate-hot-120,139,random,5982,0.5819124038783016,53.51072319268618,132.83568822217785,200.9701747329309,167.49110610743082,375.16080363201763,0.05292838293840501,true
moderate-hot-120,139,least-loaded,5982,0.5887662988966901,31.583977854232447,65.75953349155316,79.69125916391204,8.902220610783843,22.949827192343946,0.009636045093841117,true
moderate-hot-120,139,prefix-affinity,5982,0.995987963891675,1476.6926782386656,3753.5555336301622,4122.719319735079,4103.851144225671,4219.5262857907655,1.2037272281904532,false
moderate-hot-120,139,bounded-affinity,5982,0.9727515880976262,22.886163106239277,40.790426774947264,54.98628665512297,24.21038780275012,27.62081524063251,0.8109650041461478,true
moderate-hot-120,140,random,5963,0.5768908267650511,52.26895121797263,129.1462429904568,200.56667544914308,165.3778646382998,340.08396249862926,0.03691511886736187,true
moderate-hot-120,140,least-loaded,5963,0.582592654704008,31.965274757444025,66.16787409982862,79.39046602621238,10.545224001878523,35.34149375580455,0.0115239934554389,true
moderate-hot-120,140,prefix-affinity,5963,0.9974844876739896,1360.681947056176,3478.0499967543947,3656.558018325799,3641.85156318175,3744.057470238775,1.1675981834354747,false
moderate-hot-120,140,bounded-affinity,5963,0.9787019956397787,22.47588177162998,40.62177765592787,51.71043137351808,24.408777412703785,24.995628671684244,0.7816357199514828,true
moderate-hot-120,141,random,6114,0.5893032384690874,52.186886623628034,127.7942473259609,191.7602248910407,150.78463905018725,298.86946555022223,0.0341395607956848,true
moderate-hot-120,141,least-loaded,6114,0.5858684985279686,31.727088166539367,66.07597245185025,79.82941514032791,9.756162374535052,31.98133888094526,0.010275139068682047,true
moderate-hot-120,141,prefix-affinity,6114,0.9959110238796205,1629.0563125638912,4522.4958568844595,4965.132303518389,4945.156001270283,5105.107247034226,1.1980479838063196,false
moderate-hot-120,141,bounded-affinity,6114,0.9699051357540072,22.919488251051334,41.63824204281991,56.22464805164054,24.282046275693574,24.99453176287352,0.7943921406089349,true
moderate-hot-120,142,random,6151,0.5907982441879369,51.56457268576495,128.27598259901424,191.19195909446717,153.46371291058313,309.25025923757494,0.02026742371326195,true
moderate-hot-120,142,least-loaded,6151,0.5909608193789627,31.592064757213166,65.3379250648104,80.16171706034584,10.930853033743915,34.03771531742859,0.016850651496129194,true
moderate-hot-120,142,prefix-affinity,6151,0.9975613721346123,2102.530244080412,6022.267066516324,6314.933205556801,6301.300619783535,6435.756701881881,1.1992713397830317,false
moderate-hot-120,142,bounded-affinity,6151,0.9749634205820192,22.818818040861416,40.98803307230992,54.72961003571254,24.352130328796193,29.120122916927357,0.7832150970547868,true
moderate-hot-120,143,random,6026,0.6017258546299369,50.15398529861066,126.59774269256377,181.75153399082046,142.67579364850099,235.79836808716027,0.029925416876284812,true
moderate-hot-120,143,least-loaded,6026,0.5989047461002324,31.285830049855836,66.96371214118335,79.16127733528992,7.289509678706963,27.601405239147425,0.010637574763010147,true
moderate-hot-120,143,prefix-affinity,6026,0.9961832061068703,1690.9385597089233,4463.633703889944,5120.565888423138,5102.519279048436,5310.169786600556,1.2140030253298815,false
moderate-hot-120,143,bounded-affinity,6026,0.9784268171257883,22.647290374329167,40.79893671584432,51.408401592660084,24.12310755290673,24.984378217086487,0.810223662118307,true
moderate-hot-120,144,random,5980,0.5857859531772576,51.49337687701629,125.24842866851031,191.05044033675222,153.7681241008395,251.328864495139,0.025376077004730865,true
moderate-hot-120,144,least-loaded,5980,0.5876254180602006,31.721068098783636,66.03440864795266,80.6300241124809,8.960466246047872,25.53252910216179,0.011297785741878529,true
moderate-hot-120,144,prefix-affinity,5980,0.9948160535117057,999.6361974798972,2672.4290630475225,3091.6284476761793,3070.2559335638143,3206.6419387261776,1.1715438690661715,false
moderate-hot-120,144,bounded-affinity,5980,0.975752508361204,22.724377810070024,41.02088582324359,53.53974744311199,24.31438314800471,24.964729025858105,0.7875771089924855,true
moderate-hot-120,145,random,5977,0.584406893090179,50.48896639654862,120.18662167516595,186.87356900094164,148.2082174760435,245.2204006751017,0.030546028829156937,true
moderate-hot-120,145,least-loaded,5977,0.5823991969215325,31.89128073449441,66.775167620297,80.08294153449242,9.495321066278848,26.7210676134182,0.01916632739803908,true
moderate-hot-120,145,prefix-affinity,5977,0.9988288439016229,1408.518234223684,3891.2144587298535,4237.047585420347,4223.404932836398,4399.656558969989,1.192635539236472,false
moderate-hot-120,145,bounded-affinity,5977,0.9774134181027271,22.601553338495403,41.20380227412534,52.29045445632073,24.26384552993113,24.934720564728195,0.7929485778098168,true
moderate-hot-120,146,random,6005,0.5806827643630308,49.981606046984524,120.09864570888385,164.02026640949043,131.46474511875203,198.8977508770422,0.047885957604734276,true
moderate-hot-120,146,least-loaded,6005,0.5866777685262281,31.68585400332383,66.2794736687465,79.74394265329465,9.972696528435335,27.514313571853563,0.012521422829346644,true
moderate-hot-120,146,prefix-affinity,6005,0.9973355537052456,1081.2601652213416,2948.984713567428,3341.080037690852,3321.905127440965,3442.0285239740624,1.1522037036257027,false
moderate-hot-120,146,bounded-affinity,6005,0.9765195670274771,22.680841596594863,40.99397710234916,53.80571251170841,24.404033415823505,24.999428645351145,0.7794301529078042,true
moderate-hot-120,147,random,5975,0.5887866108786611,51.08189822896355,122.75384658145776,176.59036050813302,136.8592858154807,347.2049103933896,0.028523110064431416,true
moderate-hot-120,147,least-loaded,5975,0.5857740585774058,31.63953795846839,65.4525941222746,79.48658168216934,7.743798818417417,27.687694428190298,0.012757755968898747,true
moderate-hot-120,147,prefix-affinity,5975,0.9966527196652719,1589.9366273117116,4153.262857010748,4311.9729723686105,4296.313546646903,4434.291220140338,1.199721616218666,false
moderate-hot-120,147,bounded-affinity,5975,0.9762343096234309,22.68337632525263,40.716659188728954,54.19564119109418,24.319391521115904,24.98180073814001,0.8045545329236067,true
moderate-hot-120,148,random,6105,0.5857493857493857,51.602110388342034,126.01442528397456,174.35351130418712,133.5341676118842,208.2548751156537,0.033104215708894234,true
moderate-hot-120,148,least-loaded,6105,0.5859131859131859,31.810417055151873,66.71001310119027,78.43378612281231,9.333960599353304,25.99919117452555,0.01606064668978786,true
moderate-hot-120,148,prefix-affinity,6105,0.9963963963963964,1999.4647984820538,5100.597837752102,5706.01850996296,5687.546485844876,5777.458379554766,1.1929302980003402,false
moderate-hot-120,148,bounded-affinity,6105,0.9773955773955774,22.5730942955039,40.46763010563882,52.918895258408156,24.19863410338803,24.997826262318995,0.7779422336319813,true
moderate-hot-120,149,random,5978,0.5759451321512211,51.50013272444086,125.09559675346827,177.70077581812075,145.02422223253052,291.9936763236401,0.03646573571364414,true
moderate-hot-120,149,least-loaded,5978,0.5844764135162261,31.929841751175967,66.93596156101921,78.62900093167991,9.264034805470146,21.922415096094483,0.013359752029579258,true
moderate-hot-120,149,prefix-affinity,5978,0.9956507193041151,842.5269685070747,2925.159632144794,3099.1963061277856,3082.9098280030958,3180.0280807302697,1.1725139409382872,false
moderate-hot-120,149,bounded-affinity,5978,0.9750752760120441,22.66619825062197,40.909524100625276,56.08372191324452,24.25062958530907,28.929616837998765,0.7780748566894019,true
moderate-hot-120,150,random,5942,0.5945809491753619,49.34281795774861,118.02470682479179,158.79693941980804,128.8984069029175,225.11417849854115,0.017269422057653017,true
moderate-hot-120,150,least-loaded,5942,0.5910467855940761,31.619027104417196,65.92503027628118,79.51772344132769,8.411511279911792,26.514726980269188,0.008832268574353822,true
moderate-hot-120,150,prefix-affinity,5942,0.9971390104341973,1861.5633249631765,4754.405119169802,4885.90698691865,4869.2908172788375,5013.795570282025,1.2060779417364058,false
moderate-hot-120,150,bounded-affinity,5942,0.9767754964658364,22.73115245990657,41.00007230195479,53.758963451680756,24.172544646782626,24.99758914659469,0.805685311804975,true
moderate-hot-120,151,random,6080,0.5917763157894737,49.86324134725554,120.83017650853981,167.1397786229645,138.35325176557308,222.4164691924234,0.016843681005117676,true
moderate-hot-120,151,least-loaded,6080,0.5955592105263158,31.30210628792166,65.10558120864152,78.80409543875794,9.465670744255476,24.447364645231573,0.009816980979091141,true
moderate-hot-120,151,prefix-affinity,6080,0.9967105263157895,1812.204767339235,5446.446615832654,5809.042390059469,5788.383845632692,6012.389274217108,1.2019947500940393,false
moderate-hot-120,151,bounded-affinity,6080,0.975,22.83682937415527,41.1977905649037,52.36523187507555,24.4590342928459,24.97971949743078,0.7795604594623069,true
moderate-hot-120,152,random,5731,0.5908218461001571,48.36727291976732,115.80534734179673,165.64513389060812,130.20776594190102,242.37158367657685,0.025514697781999707,true
moderate-hot-120,152,least-loaded,5731,0.5923922526609666,31.301695471390236,65.67967615624366,77.10685826021654,7.672213838697644,24.87206250555755,0.01004597456098346,true
moderate-hot-120,152,prefix-affinity,5731,0.9968591868783807,739.2060500015468,1843.6489212019442,2055.314476184074,2037.386930509143,2111.2794641211804,1.1784829426355314,false
moderate-hot-120,152,bounded-affinity,5731,0.9781887977665329,22.358385627699317,40.37335669923414,51.97799389796637,24.367756985331653,24.99380103862495,0.8114984863786701,true
moderate-hot-120,153,random,6035,0.5912178956089478,49.680222710203374,120.4701175280934,174.56483915264107,135.27756897908694,270.7628832258051,0.03541199924337239,true
moderate-hot-120,153,least-loaded,6035,0.5860811930405965,31.61046297059682,65.4824794764827,78.70519601916021,7.718878217732708,21.103285494398733,0.014150885867958407,true
moderate-hot-120,153,prefix-affinity,6035,0.9968516984258492,1539.6271325696766,3936.194988231793,4039.3110645534543,4024.6046632196158,4116.928474276887,1.1826277610957454,false
moderate-hot-120,153,bounded-affinity,6035,0.9779618889809445,22.49090247804512,40.66801181182382,50.621599391382915,24.283793748782045,24.999811015477462,0.7998782414114313,true
moderate-hot-120,154,random,5981,0.5853536197960207,48.668748859458304,114.16175349889272,163.5402036653104,122.96458496408741,244.32732790718728,0.021810977772020745,true
moderate-hot-120,154,least-loaded,5981,0.5853536197960207,31.640449259952643,65.59592360653187,78.70800338593108,7.565572082727158,28.99693883565851,0.014872911035909596,true
moderate-hot-120,154,prefix-affinity,5981,0.9971576659421502,1379.3953951874603,3206.929045247205,3877.261871110997,3856.839725686288,4060.080076465085,1.181042053329222,false
moderate-hot-120,154,bounded-affinity,5981,0.9724126400267514,22.703903109762454,41.39205189094355,55.71342288109372,24.388346251020266,24.98761078811731,0.78466857616634,true
moderate-hot-120,155,random,5976,0.5771419009370816,52.70717057244847,132.00187112778076,210.87124715322352,174.55064053952083,302.802146898448,0.03375415741169025,true
moderate-hot-120,155,least-loaded,5976,0.5876840696117804,31.80349122593898,65.9345163253929,78.58440046682517,7.310126331060019,22.718993479938945,0.01482497479163109,true
moderate-hot-120,155,prefix-affinity,5976,0.9959839357429718,1321.5143150460824,3451.809804819117,3581.3459760883707,3564.231609027738,3699.8822927858128,1.167425635332728,false
moderate-hot-120,155,bounded-affinity,5976,0.9774096385542169,22.629333724839743,40.987722533500346,53.85712686084116,24.29805996410323,24.999700116430176,0.7786761426446887,true
moderate-hot-120,156,random,6011,0.5854267176842456,49.75071031767088,118.92592408721248,175.21925173397176,133.76360084020416,303.60063900040404,0.04318132207235428,true
moderate-hot-120,156,least-loaded,6011,0.5870903343869572,31.683975261434863,65.79934340252657,79.02892237178094,8.98590147530922,22.877633473784954,0.010699838180514109,true
moderate-hot-120,156,prefix-affinity,6011,0.9971718516053901,1862.982828149988,4549.598094090674,4634.051215081112,4615.800347885728,4688.8081602158345,1.1867696829499994,false
moderate-hot-120,156,bounded-affinity,6011,0.9790384295458326,22.519787503852747,40.39496236152809,50.241991638875334,24.165288765612786,27.948635829790874,0.7796718633410916,true
moderate-hot-120,157,random,5987,0.5951227659929847,49.2925908503097,118.54121585102257,173.43112993599425,138.7189525636495,268.0199305713504,0.023027042074801298,true
moderate-hot-120,157,least-loaded,5987,0.5844329380324036,31.83285627526861,66.14573691800615,79.05554420316912,11.478601751361566,28.74256917852108,0.009269705746075822,true
moderate-hot-120,157,prefix-affinity,5987,0.9964924002004343,1459.4253864518453,4250.392986455423,4688.135266735364,4673.2139666848525,4747.1447586300055,1.2007588339896764,false
moderate-hot-120,157,bounded-affinity,5987,0.9752797728411559,22.866923077872677,41.420260826191225,54.124019138464064,24.38058888328669,29.136545061599463,0.7982379134671609,true
moderate-hot-120,158,random,6051,0.5889935547843331,50.87866423592389,125.49109398785913,179.90181071681218,146.28675106378068,267.0093926468908,0.044787938154668507,true
moderate-hot-120,158,least-loaded,6051,0.5843662204594282,31.845938980309207,66.5519975149291,78.9022148080985,10.7176384067061,29.033762318744266,0.007056308914334536,true
moderate-hot-120,158,prefix-affinity,6051,0.997190547017022,1623.9682282977114,4014.6181863770544,4306.183024530699,4287.469888023275,4388.9732702784895,1.1817317165877215,false
moderate-hot-120,158,bounded-affinity,6051,0.9728970418112709,22.583837742470838,40.81051151626343,55.28157266812195,24.37484438240972,24.98977338113764,0.7828367177715247,true
moderate-hot-120,159,random,6037,0.5915189663740268,51.27437939234735,123.94461440887244,179.7226445244014,140.55990121311333,339.42244631948415,0.01883317405863365,true
moderate-hot-120,159,least-loaded,6037,0.582408481033626,31.930785929872126,66.24947727312974,79.66010519919655,8.354743012663675,33.27346234458673,0.008328423748168166,true
moderate-hot-120,159,prefix-affinity,6037,0.996521451051847,2025.2426792317,5029.67553179145,5116.6619276311685,5100.687113307409,5173.533130723561,1.1856937184586442,false
moderate-hot-120,159,bounded-affinity,6037,0.9761470929269505,22.607771421229454,40.96820717204537,53.92027901421898,24.34582115381636,24.996752508606733,0.7834807706031984,true
moderate-hot-120,160,random,6100,0.5781967213114754,52.43557814912403,127.09429303758952,183.7168897478041,152.77352531855286,261.36354748736267,0.04309513490327875,true
moderate-hot-120,160,least-loaded,6100,0.5837704918032787,31.96770525351115,66.26282517568325,79.61278547533584,8.924831671087304,26.731414255955315,0.009033357188100595,true
moderate-hot-120,160,prefix-affinity,6100,0.9973770491803279,1452.3203691018032,4134.965244650855,4485.972818810951,4468.637527893545,4545.154094684549,1.1667690706685578,false
moderate-hot-120,160,bounded-affinity,6100,0.9714754098360656,22.886397866106357,41.563851620088826,58.75740113825668,24.27399330434855,24.963851677928687,0.7581688470244681,true
moderate-hot-120,161,random,5887,0.5873959571938169,49.5300080457054,119.7626308937397,167.28110448183725,130.22375085579188,222.49524240712344,0.022452473758433053,true
moderate-hot-120,161,least-loaded,5887,0.5952097842704264,31.48593199235893,65.50203927071925,78.42678747918399,7.345043708795856,31.37937486134979,0.013743160056603216,true
moderate-hot-120,161,prefix-affinity,5887,0.9959232206556821,1737.3916484758995,4337.515963710313,4781.042510872496,4765.848685856719,4949.9483452159475,1.2208118311914056,false
moderate-hot-120,161,bounded-affinity,5887,0.9719721420078138,22.873549797675224,41.348687094920024,57.545443126917235,24.32621359189943,33.200033881745185,0.8185583926312238,true
moderate-hot-120,162,random,6169,0.5918301183336035,50.91200505429714,124.35598910947738,180.09725090654683,138.90858269026648,259.12855155434227,0.03211516005850826,true
moderate-hot-120,162,least-loaded,6169,0.590695412546604,31.623878140669923,65.81608430881897,78.5267577193008,9.029344721711823,21.819714554352686,0.014677470969019396,true
moderate-hot-120,162,prefix-affinity,6169,0.9956232776787162,1755.2753229916927,4950.586061358474,5147.257090706029,5128.078908498916,5329.588982609552,1.177941622783895,false
moderate-hot-120,162,bounded-affinity,6169,0.9758469768195818,22.640525048563607,40.97399947649683,52.89936607363779,24.26700132671249,24.99553049437054,0.7795788554905059,true
moderate-hot-120,163,random,5965,0.5834031852472757,49.86864967287248,120.85068592638709,167.71388185205433,128.96547574995202,209.33090364858072,0.0270582383166148,true
moderate-hot-120,163,least-loaded,5965,0.5859178541492037,31.575694483740644,65.3312207462277,76.62365974861314,9.213693725068879,22.194104825903196,0.011525437808121004,true
moderate-hot-120,163,prefix-affinity,5965,0.996311818943839,1640.3263146588356,4348.380525372537,4659.22057859545,4641.908168909344,4697.298303740536,1.1922069351351015,false
moderate-hot-120,163,bounded-affinity,5965,0.9721709974853311,22.76714784134565,41.28958773568411,56.166078088434006,24.377493620238965,27.025303133417765,0.7829696596191785,true
moderate-hot-120,164,random,6082,0.5878000657678395,51.20050147040444,123.22347707295194,181.4632617866664,147.93282916058888,323.2097450007568,0.04257446964303966,true
moderate-hot-120,164,least-loaded,6082,0.5845116737915159,31.836807477962758,66.25149698639143,79.11452510425443,8.631282439928327,28.07936172260088,0.01290372248606066,true
moderate-hot-120,164,prefix-affinity,6082,0.9973692864189412,1900.1761858218088,5049.922731242841,5231.773817062705,5215.570190257153,5452.068222611895,1.1879345155101773,false
moderate-hot-120,164,bounded-affinity,6082,0.9761591581716541,22.779857402342333,41.127158925788535,54.892791623839,24.26741438596946,26.266195870328374,0.7858459184950507,true
moderate-hot-120,165,random,5956,0.5894895903290799,50.727018327816864,121.71257548371796,197.25145428341784,156.85380728655582,361.7851438163907,0.03507309131046892,true
moderate-hot-120,165,least-loaded,5956,0.5841168569509738,31.916123066277315,66.04270332689703,78.29839968747547,8.878703328413394,27.035710923853912,0.008753548827538914,true
moderate-hot-120,165,prefix-affinity,5956,0.9983210208193418,1600.9470191715493,3767.702280794816,4072.5943728506318,4055.8072167109713,4248.0319561564465,1.1762785123662989,false
moderate-hot-120,165,bounded-affinity,5956,0.977165883143049,22.55880812702754,40.75327444895083,52.77748868757044,24.229628525557928,32.9172522205954,0.770619188637626,true
moderate-hot-120,166,random,5951,0.5857839018652328,51.88316973228396,127.96003553726769,197.22030684639685,161.7147000266341,255.03006449118038,0.031772993831464084,true
moderate-hot-120,166,least-loaded,5951,0.5745252898672492,32.26384276222501,66.61651904799146,79.14351953492223,6.6270852744200965,20.390195787033008,0.00735212210059581,true
moderate-hot-120,166,prefix-affinity,5951,0.9956309863888422,2483.967989418952,6233.077200837368,6549.494686623089,6532.328662925829,6619.794525240337,1.2316410133531974,false
moderate-hot-120,166,bounded-affinity,5951,0.9734498403629642,22.972360310656384,41.1416133911589,56.8501684206567,24.283835236899904,24.97701345506357,0.8022319834419607,true
moderate-hot-120,167,random,5991,0.5795359706226005,52.054744141756956,128.5217485972462,198.89958052103975,156.55145320898555,376.3519496359804,0.026897823928734133,true
moderate-hot-120,167,least-loaded,5991,0.5736938741445502,32.37257970659457,67.06009741543676,79.50577286544285,10.319141540807323,35.717233226088865,0.01720835086958412,true
moderate-hot-120,167,prefix-affinity,5991,0.9981639125354699,1716.5171293076867,3850.2176919610356,4052.964490274091,4037.4806774780664,4164.450916848007,1.159204819010338,false
moderate-hot-120,167,bounded-affinity,5991,0.9741278584543482,22.60147928608036,41.35327783938919,53.654829696348315,24.293006216117647,24.995352814792568,0.774892341431875,true
moderate-hot-120,168,random,5913,0.5903940470150516,49.53167809090648,119.54791804223169,164.25201376925543,128.45882124848504,291.31738992481405,0.04088484546895,true
moderate-hot-120,168,least-loaded,5913,0.5924234737020125,31.609578308723677,66.91757306044383,79.9539393417217,6.331076458431198,22.768705160091486,0.01850436365816666,true
moderate-hot-120,168,prefix-affinity,5913,0.9971249788601386,1259.1775881189205,3244.307264995092,3424.4544098274637,3407.502055636054,3510.8601959860825,1.1746276080759044,false
moderate-hot-120,168,bounded-affinity,5913,0.9768307119905293,22.58486073640184,41.15351381383516,54.36568545859336,24.176357160216867,24.993152762879618,0.7743739908580101,true
moderate-hot-120,169,random,5918,0.591753970936127,50.1420595306881,124.76961190975999,173.48041738956817,140.56563583781463,340.01946613532346,0.030354707093746384,true
moderate-hot-120,169,least-loaded,5918,0.585839810746874,31.86884809529747,66.18291781214793,78.19819043653843,12.843690730158414,36.69363233702461,0.010095669695544637,true
moderate-hot-120,169,prefix-affinity,5918,0.9972963839134843,1854.9857160050067,4716.666971128565,4921.406053993385,4903.760130782815,4974.31061638322,1.2098280029112742,false
moderate-hot-120,169,bounded-affinity,5918,0.9734707671510645,22.83978963234029,41.48252782706004,56.618763365047926,24.32634603374754,33.03133845733282,0.802388926764622,true
moderate-hot-120,170,random,5982,0.5832497492477432,50.30514470039434,122.0518363823212,176.58039850080968,140.1533357266071,226.23807044707064,0.023635315348316324,true
moderate-hot-120,170,least-loaded,5982,0.5757271815446339,32.25529393241769,66.63889352914703,80.88732484680804,11.017482265076978,26.58379221431096,0.014569694030325537,true
moderate-hot-120,170,prefix-affinity,5982,0.9969909729187563,1344.9119095589322,3312.3017989361106,3507.6682541756454,3490.1786549823228,3557.5616872063547,1.1530679191969238,false
moderate-hot-120,170,bounded-affinity,5982,0.9749247743229689,22.682475742270775,41.13602202038601,52.0854231503381,24.231279437241028,30.56843330313859,0.7676654700507931,true
moderate-hot-120,171,random,6117,0.5814941965015531,51.66848739658802,124.53559102322106,178.85865190082404,145.49383938263054,219.9938914837694,0.04381592175142944,true
moderate-hot-120,171,least-loaded,6117,0.5775707045937551,32.16488800961403,66.34133503757766,79.92239919042186,9.201298470834445,22.71902756683994,0.012463699370932854,true
moderate-hot-120,171,prefix-affinity,6117,0.99689390223966,1986.4534142395712,5300.857965968011,5478.574338116981,5463.540067872564,5566.52213663522,1.1646849628555949,false
moderate-hot-120,171,bounded-affinity,6117,0.9699198953735492,22.912887957006557,41.78950238827383,57.46900964486849,24.248255530117603,24.996239372361742,0.7594615494415611,true
moderate-hot-120,172,random,6010,0.5752079866888519,52.424557381934335,130.41434134984593,195.80933248785368,160.66733571029908,311.79443083638034,0.03560549383099309,true
moderate-hot-120,172,least-loaded,6010,0.5772046589018303,32.07888769790434,66.5116399241524,80.04015471142338,6.985138286025176,27.65771730272536,0.010223659749695772,true
moderate-hot-120,172,prefix-affinity,6010,0.9965058236272879,1419.6490623257087,3780.916956271365,3956.79499604147,3942.8837993878915,4078.154854622182,1.1698468699395301,false
moderate-hot-120,172,bounded-affinity,6010,0.9763727121464226,22.601736224828045,41.126416601364326,54.256067001711926,24.31111105770833,28.943629558209068,0.7752667393257823,true
moderate-hot-120,173,random,6054,0.5895275850677238,50.32330966335339,122.44597247406637,175.22179927367688,140.7280539198182,271.8147313584268,0.021560676050741977,true
moderate-hot-120,173,least-loaded,6054,0.5991080277502477,31.177796657085512,65.59681151730547,79.08535651637794,7.722455822084157,22.51595659578379,0.014609664350845692,true
moderate-hot-120,173,prefix-affinity,6054,0.9965312190287413,2075.09084133044,5172.233273905789,5354.399880259152,5339.405199697023,5455.223216302838,1.1987962340062237,false
moderate-hot-120,173,bounded-affinity,6054,0.9742319127849356,22.73601289402337,41.347314369806554,55.167452281864826,24.25902358476742,24.99134085538026,0.7922452664456738,true
moderate-hot-120,174,random,6083,0.583758014137761,50.583702835225374,119.99445963224935,171.80206639350217,131.6217535378055,214.12353579508635,0.03969179872993252,true
moderate-hot-120,174,least-loaded,6083,0.5761959559427914,31.978636247684495,66.3056085578828,78.3649423551833,8.496594622323755,20.394209436681194,0.012359486077084147,true
moderate-hot-120,174,prefix-affinity,6083,0.9962189709025152,1321.1495546888502,3744.9798576529647,3838.736528255926,3821.744273869932,3932.4444349591504,1.1655544093600054,false
moderate-hot-120,174,bounded-affinity,6083,0.9733684037481506,22.600608778169015,41.14323913818407,54.93493922315247,24.33930112408052,24.976194465230947,0.7760264678674245,true
moderate-hot-120,175,random,5881,0.5980275463356572,47.30251419110575,112.22923420983352,161.90207077534433,123.24024735166313,207.45546524465317,0.039697273565770075,true
moderate-hot-120,175,least-loaded,5881,0.5970073116816867,31.212699196643975,65.62724251443433,78.993261208896,8.792627279250155,23.298992913893017,0.007016296959584601,true
moderate-hot-120,175,prefix-affinity,5881,0.995238904948138,1296.8568364888788,3237.7322749369996,3600.3675911032115,3586.0239336798404,3867.568842951856,1.1983757203637522,false
moderate-hot-120,175,bounded-affinity,5881,0.9705832341438531,22.770938196925993,41.768556821363745,57.35856229699857,24.40585034518881,28.322973855556484,0.795407023047298,true
moderate-hot-120,176,random,5944,0.5851278600269179,49.83245304034397,119.78410762673593,172.29755909975574,131.94812262352207,204.5001130967139,0.03559787819385978,true
moderate-hot-120,176,least-loaded,5944,0.5878196500672948,31.710603462888567,65.96824385075888,78.85552998477942,7.639250163832912,22.64370874867018,0.018132029491108804,true
moderate-hot-120,176,prefix-affinity,5944,0.9962987886944819,1305.1440018375902,3630.7160603792217,3832.4254135379524,3817.075385714874,4076.3502737178496,1.1991712565688686,false
moderate-hot-120,176,bounded-affinity,5944,0.9757738896366084,22.745753991884,41.110052123440255,52.76141162377826,24.24833745372598,24.997393976686,0.7943802170795767,true
moderate-hot-120,177,random,5949,0.5841317868549336,50.08409713429168,120.32333716550238,173.6687541098745,141.64497583538468,246.56193958982476,0.024101647538529596,true
moderate-hot-120,177,least-loaded,5949,0.5811060682467641,31.842585096283404,65.4506419677491,79.05666290460067,10.236231957627751,33.7854974365473,0.00851676419237027,true
moderate-hot-120,177,prefix-affinity,5949,0.9966380904353673,1336.516321639062,3301.663124572515,3406.13117904697,3388.2594767431438,3460.215521499231,1.169775122723897,false
moderate-hot-120,177,bounded-affinity,5949,0.9774752059169608,22.400612428478908,40.534030539682135,51.30035976332147,24.247598308309534,24.95627402923128,0.7843525613312645,true
moderate-hot-120,178,random,6168,0.5928988326848249,52.13797381532877,133.1886868081674,189.40181981305068,156.96193214156665,217.88765744318516,0.020699076977344424,true
moderate-hot-120,178,least-loaded,6168,0.5881971465629053,31.83647790191968,66.1111910765685,77.8763561930682,11.748848479866865,36.248177794899675,0.0100959650244326,true
moderate-hot-120,178,prefix-affinity,6168,0.9957846952010376,2273.277725965835,6411.742530848496,6581.226854110289,6563.0042627410585,6674.930237254506,1.191503096248912,false
moderate-hot-120,178,bounded-affinity,6168,0.9708171206225681,22.89492375420629,41.05216377401848,57.68862265637654,24.37616837587848,24.99257589204717,0.7742733455472551,true
moderate-hot-120,179,random,5925,0.589704641350211,50.74201852790575,126.29685046586746,190.8376204829474,149.15291666701523,259.9636276722413,0.037504450655528106,true
moderate-hot-120,179,least-loaded,5925,0.5826160337552743,31.818786628302,66.3459484634368,79.0922043984101,8.506903444605996,26.396677037046175,0.009955725250552815,true
moderate-hot-120,179,prefix-affinity,5925,0.9974683544303797,1778.5521739991068,4448.348008775378,4709.464079278863,4689.975524392859,4878.529545245925,1.1942198414727723,false
moderate-hot-120,179,bounded-affinity,5925,0.9782278481012658,22.54946132571809,40.71495887089259,51.59300405090289,24.21242531534881,24.993620955698134,0.786773451788537,true
moderate-hot-120,180,random,6020,0.5774086378737542,51.45302120169959,127.53067419664148,198.40050579921808,162.6147191431519,345.16493756075215,0.02836171838951615,true
moderate-hot-120,180,least-loaded,6020,0.5822259136212624,31.730752109872853,65.57366668645773,78.24489287927645,8.348156092157296,20.036711006723635,0.013616938270235749,true
moderate-hot-120,180,prefix-affinity,6020,0.9953488372093023,1716.8284756170256,4497.47736497056,4599.517661061342,4579.86313982508,4696.010054214938,1.1987551223117672,false
moderate-hot-120,180,bounded-affinity,6020,0.9745847176079734,22.6423253480827,40.862518254281895,53.95182507865684,24.091717491144664,25.697812589753084,0.7912012257273675,true
moderate-hot-120,181,random,5905,0.5850973751058425,50.56537262672668,128.27263650389068,178.50705136106262,143.9382972948879,217.0608129989232,0.02786524417355442,true
moderate-hot-120,181,least-loaded,5905,0.5888230313293819,31.541538508304257,66.13824315816055,79.94573087166646,7.375807204891316,20.920076470574713,0.017393885177901726,true
moderate-hot-120,181,prefix-affinity,5905,0.9959356477561389,1441.9576784886442,3360.9880259214187,3930.7318056459553,3915.5745094662125,4113.062334543029,1.204669544135423,false
moderate-hot-120,181,bounded-affinity,5905,0.9742591024555461,22.62639801894696,40.97777157677774,54.72807162711979,24.314820034838704,24.997669823555043,0.8188779074245633,true
moderate-hot-120,182,random,6100,0.5881967213114754,51.82261541417795,126.22605243051294,183.82608614363926,148.7334949434662,270.3734431464327,0.0321897144465873,true
moderate-hot-120,182,least-loaded,6100,0.5859016393442623,31.73062215532881,65.81527524082048,77.95389471413364,10.136755015191738,28.603456388096674,0.011195690277676062,true
moderate-hot-120,182,prefix-affinity,6100,0.9967213114754099,2111.095206645925,5344.710289912953,5784.2525972062795,5766.054178749917,5978.700389628706,1.1978694326261783,false
moderate-hot-120,182,bounded-affinity,6100,0.978688524590164,22.725355733069954,40.686392103241815,52.470409024239416,24.290740237629507,24.99354290368501,0.7899220352409929,true
moderate-hot-120,183,random,5887,0.5746560217428232,50.03589678045341,117.10500152884924,164.70038496776397,127.18403027728345,226.85336535023816,0.026408062836202936,true
moderate-hot-120,183,least-loaded,5887,0.5789026668931544,32.11491271517927,66.67121835764192,80.04588982948917,7.710973659726733,29.94956623028702,0.011570120673078678,true
moderate-hot-120,183,prefix-affinity,5887,0.9964328180737217,1195.337203721502,2577.20567450409,2653.8648421266626,2634.2451060088133,2718.682720941113,1.1653226316545664,false
moderate-hot-120,183,bounded-affinity,5887,0.9780873110242908,22.425765974211867,40.63972468522843,53.438261653125664,24.110173111854238,24.96597747413216,0.7787950728880709,true
moderate-hot-120,184,random,5967,0.5848835260599966,51.58918789432013,126.78501940317801,183.6949884337664,145.10700169065967,282.4477296314726,0.02699879257529443,true
moderate-hot-120,184,least-loaded,5967,0.5909167085637674,31.513647458096774,65.5075172356228,81.29938899300032,7.6334794548747595,26.590562773497368,0.012094614160767686,true
moderate-hot-120,184,prefix-affinity,5967,0.9973185855538796,2416.9551498265446,5834.005848905239,5967.291550938149,5949.686711114613,6060.107203215848,1.2162402287835608,false
moderate-hot-120,184,bounded-affinity,5967,0.9777107424166248,22.600830729268804,40.88130274172727,53.71756593116879,24.465666828506073,30.66824590334727,0.7823920984653887,true
moderate-hot-120,185,random,6042,0.5839126117179742,51.974225568952214,130.11851270254192,210.42980699347027,170.43147524826054,436.602701533222,0.012244376737262449,true
moderate-hot-120,185,least-loaded,6042,0.5920225091029461,31.475426672945897,65.9476238651223,78.82180496335059,8.390262615987012,25.034633265338925,0.009670126908401428,true
moderate-hot-120,185,prefix-affinity,6042,0.9958622972525654,1544.1498299511823,4702.670018379089,4838.8984106994685,4822.955368129209,4946.619339723693,1.187601799164841,false
moderate-hot-120,185,bounded-affinity,6042,0.9736842105263158,22.659356130239225,41.33333533011319,56.62044720487211,24.274329251104064,27.965991301101894,0.7862518130382803,true
moderate-hot-120,186,random,5984,0.5833890374331551,49.6466943854964,120.82902950211428,172.6576195262969,139.96363031732471,225.5527686731657,0.024181784786663038,true
moderate-hot-120,186,least-loaded,5984,0.5768716577540107,31.9392815734144,66.00963529667933,77.89800428175658,9.588861676194938,21.166475747355435,0.00946827987444427,true
moderate-hot-120,186,prefix-affinity,5984,0.9973262032085561,1069.969131155804,2864.085503652743,3046.001250011119,3030.0864316794614,3136.2584366995943,1.1514688291472974,false
moderate-hot-120,186,bounded-affinity,5984,0.9767713903743316,22.438265319335162,40.45562445073665,52.778057380468454,24.253479311901174,24.999057254484796,0.7780736408608943,true
moderate-hot-120,187,random,5991,0.5775329661158404,51.92231628628145,126.27195791488339,182.99946861820717,146.2682083928521,282.92018829765584,0.03798595960439983,true
moderate-hot-120,187,least-loaded,5991,0.584877315973961,31.84965765740368,66.08259311068105,78.87256054901081,8.296777507304796,25.446802379970904,0.008705868244855792,true
moderate-hot-120,187,prefix-affinity,5991,0.9963278250709398,1493.7675447417505,3455.347397922109,3557.6110059214407,3542.206546326408,3669.959280387753,1.1821636479377746,false
moderate-hot-120,187,bounded-affinity,5991,0.9779669504256384,22.491274324470712,40.39266537646108,52.7255378404152,24.241998977711773,24.998259375241105,0.7908742904846838,true
moderate-hot-120,188,random,6118,0.579274272638117,52.169744367795644,128.69243278930298,180.77993137010344,143.33718015613704,286.2922297762925,0.027826701542065735,true
moderate-hot-120,188,least-loaded,6118,0.5823798627002288,31.88162641141407,66.06864864823729,79.11229528119293,10.221329020314442,23.18486330766609,0.01724510846370108,true
moderate-hot-120,188,prefix-affinity,6118,0.9972213141549526,1499.4008523078096,4313.376952992592,4433.1961988650655,4417.116447216642,4506.350966988968,1.1643459276714019,false
moderate-hot-120,188,bounded-affinity,6118,0.9767898005884276,22.594381723725586,40.77762812117726,52.10752023585519,24.355625402502483,24.993450391310034,0.7856780064745543,true
moderate-hot-120,189,random,5853,0.5896121647018623,50.052739747544265,121.2860641588668,178.8890038436948,136.94202744979702,248.39378743145062,0.02263182777782486,true
moderate-hot-120,189,least-loaded,5853,0.5928583632325303,31.542636822923747,65.84449442515324,79.0134854531425,10.539838950833655,40.2351711900119,0.012134216699761087,true
moderate-hot-120,189,prefix-affinity,5853,0.9970955065778233,1689.8736888791284,4192.874425630485,4458.939898819852,4441.072716426133,4623.129582084352,1.2097373534863238,false
moderate-hot-120,189,bounded-affinity,5853,0.9776183153938152,22.655178307718344,40.391750833936385,52.85881809952116,24.337964196605753,26.299572008247196,0.8068925901818219,true
moderate-hot-120,190,random,5944,0.5864737550471063,51.228492966650364,124.64106542453374,196.06008326979645,158.1477021353985,296.45225094155467,0.018477557915670784,true
moderate-hot-120,190,least-loaded,5944,0.5856325706594886,31.571736673003237,65.56749501226295,78.86513620630285,7.486959683423265,19.583388849921903,0.009816488334703433,true
moderate-hot-120,190,prefix-affinity,5944,0.9979811574697174,1491.2309860288112,3646.4725118860442,3762.480814414477,3745.9358522476978,3820.1738399232927,1.1670039086233917,false
moderate-hot-120,190,bounded-affinity,5944,0.9756056527590848,22.545090681775438,40.94014509602857,54.86557985242325,24.333932903115056,24.99979424205594,0.7637937049398481,true
moderate-hot-120,191,random,6021,0.5856170071416709,49.488754367962436,121.42133593451581,170.50446933738567,135.51406926269556,246.18147219525054,0.020929325584204683,true
moderate-hot-120,191,least-loaded,6021,0.5824613851519681,31.745609142045854,65.3773595080711,78.97447916316378,8.948109035183734,23.808198250215355,0.005402997960149959,true
moderate-hot-120,191,prefix-affinity,6021,0.9978408902175718,1707.6563612000011,4440.42124345075,4836.044621626024,4814.978335936532,4934.365566638822,1.1887552135736756,false
moderate-hot-120,191,bounded-affinity,6021,0.9757515362896528,22.644710574341325,40.84658078055509,55.620118516493676,24.399642217373184,31.82582728109992,0.7860018688109319,true
moderate-hot-120,192,random,6108,0.5789129011132941,52.33982464439871,127.23737256263121,193.11324650752795,152.45450652316504,292.88061129163543,0.04172202374599781,true
moderate-hot-120,192,least-loaded,6108,0.5859528487229863,31.862221361153125,65.85809785390302,78.00467099271918,11.364962228792137,38.12528574960743,0.013746631586070196,true
moderate-hot-120,192,prefix-affinity,6108,0.9967256057629339,2091.8801373883307,5072.808419009016,5784.440658028354,5764.107194256903,6068.690431636824,1.1944086650973489,false
moderate-hot-120,192,bounded-affinity,6108,0.9764243614931237,22.507058325068723,40.68055791634106,53.78257886147185,24.198338200825674,34.063543276457494,0.7590068495784904,true
moderate-hot-120,193,random,6023,0.5842603353810394,51.64528168944701,127.0556710947858,188.68714761203591,152.39877599057945,276.58841751262844,0.026069997998256437,true
moderate-hot-120,193,least-loaded,6023,0.5812717914660468,31.998278744704727,66.09718212351072,79.24148438735574,10.247885606215277,29.172691399602627,0.006466321329244274,true
moderate-hot-120,193,prefix-affinity,6023,0.997177486302507,1358.2045934067887,3736.4782472200386,4243.854689392734,4226.41229936976,4308.471132970641,1.1838932938154951,false
moderate-hot-120,193,bounded-affinity,6023,0.9744313465050639,22.783150029976312,41.269254973005445,56.36934192278568,24.276590411656798,27.830220786705468,0.7957875879846151,true
moderate-hot-120,194,random,6026,0.5935944241619648,50.26603159786983,118.12980922174756,167.3175501733058,134.4018533637136,227.29343514609718,0.020269108768242665,true
moderate-hot-120,194,least-loaded,6026,0.5804845668768669,32.23468667929495,66.898797031703,80.1145913684777,11.477781284978846,26.622343025177543,0.009030734457530503,true
moderate-hot-120,194,prefix-affinity,6026,0.9968469963491536,1826.0683734276947,5208.386442352625,5432.944065459706,5412.781170311049,5483.782932441922,1.203184888853803,false
moderate-hot-120,194,bounded-affinity,6026,0.9719548622635247,23.051760175574888,41.42934562170558,55.0400148112567,24.370198328899278,30.22330826297548,0.7884085628288934,true
moderate-hot-120,195,random,6077,0.5828533816027646,50.98436017245152,124.07550523390455,185.7837822914098,146.16524776121514,296.07499035264846,0.013828237090691062,true
moderate-hot-120,195,least-loaded,6077,0.5869672535790686,31.48667144999395,65.15270091619459,78.38709605470649,7.59054368345096,31.332051538898668,0.01166070093066437,true
moderate-hot-120,195,prefix-affinity,6077,0.9958861280236959,1541.9015970563448,4375.602331098169,4468.091009890952,4452.915686017361,4583.3488317435185,1.1708927306791663,false
moderate-hot-120,195,bounded-affinity,6077,0.9763040974164884,22.620451296553156,40.68786436193477,54.41525998136058,24.258447034837445,30.912216959684883,0.7823383631831067,true
moderate-hot-120,196,random,5970,0.5882747068676717,51.08848540003178,126.27846986667282,183.4261420169787,147.14351021350376,249.26711975096987,0.04427874278549552,true
moderate-hot-120,196,least-loaded,5970,0.5891122278056952,31.676591331524616,65.77459544573139,79.79996365692932,8.652274412990664,31.946605002041906,0.003993222137525855,true
moderate-hot-120,196,prefix-affinity,5970,0.9971524288107203,2243.27166030113,5888.075963429466,5990.440145886991,5973.48700583457,6064.072854179911,1.2163023257984384,false
moderate-hot-120,196,bounded-affinity,5970,0.9738693467336683,22.865477670354117,41.456811797310365,54.742231167425416,24.455492223056353,43.39531191535207,0.7983114333999605,true
moderate-hot-120,197,random,6011,0.5840958243220762,50.39590027794038,124.03063137338904,175.57470355113765,138.90193317039666,312.486940586914,0.028730712022352584,true
moderate-hot-120,197,least-loaded,6011,0.5902512061221095,31.656765386863277,66.15155841530213,79.38383960031933,9.807993488415377,29.205539604656224,0.009078404448710177,true
moderate-hot-120,197,prefix-affinity,6011,0.9985027449675594,2087.5076991076285,4952.054957289241,5142.502472404907,5125.238478904532,5189.767931561895,1.185836551942768,false
moderate-hot-120,197,bounded-affinity,6011,0.9785393445350191,22.769069000047534,40.97404341069341,53.15906156662095,24.35891707906194,24.993131464907492,0.7926663754941994,true
moderate-hot-120,198,random,5947,0.5910543130990416,49.809668798849295,118.99542462679528,186.09372664841067,140.15663031777513,289.5688883587791,0.025059621876088303,true
moderate-hot-120,198,least-loaded,5947,0.5910543130990416,31.701137458986366,66.29506541246519,78.80927240871824,7.141076853760751,27.29006075317011,0.016002018978257704,true
moderate-hot-120,198,prefix-affinity,5947,0.9974777198587523,1335.199845369009,3809.200840360005,4017.0394171161606,3999.763686854574,4139.253881939112,1.1775017415360756,false
moderate-hot-120,198,bounded-affinity,5947,0.9774676307381873,22.668734450728447,40.91239068759751,54.839907523506554,24.21837599665014,24.989643508459267,0.7801708242058051,true
moderate-hot-120,199,random,6093,0.5923190546528804,51.81091661732953,127.37071386734169,192.87793059857358,150.98106908648333,314.55887913238985,0.042362224023313196,true
moderate-hot-120,199,least-loaded,6093,0.592647300180535,31.62292675357891,66.2897854469411,78.62638504618371,8.319651056008297,22.803687871521106,0.012841955483208543,true
moderate-hot-120,199,prefix-affinity,6093,0.9967175447234532,2474.0409846148927,6418.311025823095,6811.660679063731,6798.191267408911,6909.784453502871,1.216014643351313,false
moderate-hot-120,199,bounded-affinity,6093,0.9762021992450353,22.798872147569462,40.86251263137092,53.82860004276881,24.38011958092102,24.994639285963785,0.7782234727826507,true
moderate-hot-120,200,random,6048,0.5823412698412699,51.677300101640135,124.38013378862524,188.67813745648527,157.01873019746563,294.5463723809589,0.04695994574123565,true
moderate-hot-120,200,least-loaded,6048,0.5844907407407407,31.912705383159466,66.04365491738281,79.94325954472879,11.71093685618689,32.979110068350565,0.012064025235017374,true
moderate-hot-120,200,prefix-affinity,6048,0.9976851851851852,1546.7100307683177,4245.120271902044,4954.895631828134,4940.746131557462,5104.131133291579,1.1764922981550132,false
moderate-hot-120,200,bounded-affinity,6048,0.9745370370370371,22.61329421857042,40.83294037838641,56.29662825626838,24.361185573819967,35.85665806734687,0.7722998718989216,true
extreme-hot-180,1,random,8955,0.7745393634840871,46.15035042701747,118.03627540984598,183.04169309256395,150.0351886025819,299.3042348674153,0.020883867344982737,true
extreme-hot-180,1,least-loaded,8955,0.7724176437744277,25.432551458914272,60.48266186073306,74.95681789971422,12.841051816627441,36.00502142697951,0.013950546447112555,true
extreme-hot-180,1,prefix-affinity,8955,0.9964265773311,32140.67659840223,70422.75390323621,73785.31236495802,73764.75454711766,74617.94622709008,1.826180884451522,false
extreme-hot-180,1,bounded-affinity,8955,0.975321049692909,24.090705274835113,43.014733592846824,55.91130775606507,24.779960915060656,40.92357213546347,0.5816270753832623,true
extreme-hot-180,2,random,8942,0.7776783717289197,46.37720240264726,116.68420133044856,177.2172425681565,149.12332152913586,341.82822742564895,0.03051276664349778,true
extreme-hot-180,2,least-loaded,8942,0.781480653097741,24.930969429523355,59.798399133265775,74.08983090438414,8.76285030847066,24.75820265946095,0.012219170196786009,true
extreme-hot-180,2,prefix-affinity,8942,0.9966450458510401,33406.700870458735,71933.44808406883,75462.86629924721,75435.98386350293,76244.63256182041,1.8648244406789254,false
extreme-hot-180,2,bounded-affinity,8942,0.9768508163721763,23.930685226038726,43.152341824010364,55.127253164871945,24.78270616519694,32.680340754024655,0.5836790566331325,true
extreme-hot-180,3,random,9045,0.7768933112216694,47.208216955134766,122.2629644566623,182.81401321343947,151.0926020911138,288.790461475146,0.03166874636931279,true
extreme-hot-180,3,least-loaded,9045,0.7743504698728579,25.48958547858435,61.290418922806566,74.38814566811561,11.494412692256446,28.824027134551216,0.011843409477556775,true
extreme-hot-180,3,prefix-affinity,9045,0.9977888336097291,33105.36617302528,72226.54023326165,75458.05345670889,75443.99632453024,76196.6883128573,1.841744522713641,false
extreme-hot-180,3,bounded-affinity,9045,0.9777777777777777,23.91099362119282,42.92353710617317,54.244741049435106,24.735029333089187,42.87424483315408,0.568993524564671,true
extreme-hot-180,4,random,8977,0.776874234153949,46.25333571202751,117.62786967661123,163.19262850499945,136.73827499281106,226.8445899083963,0.02843933055419681,true
extreme-hot-180,4,least-loaded,8977,0.7757602762615573,25.30782143002768,60.67963394043181,74.87164230796043,9.837348846966051,19.850485083086824,0.008666882039727788,true
extreme-hot-180,4,prefix-affinity,8977,0.9967695221120642,33741.06939477542,72810.6738260581,76141.53427530853,76122.60775695216,76871.9005017303,1.8642044631379786,false
extreme-hot-180,4,bounded-affinity,8977,0.9761613011028183,23.916232223251082,42.97710241461027,53.51914427207521,24.759357318140246,37.104709654395265,0.5736760603154442,true
extreme-hot-180,5,random,8970,0.7677814938684504,47.63973367777639,124.96282812684876,178.21828693423595,149.7332621267633,287.62175813184876,0.019746277120656044,true
extreme-hot-180,5,least-loaded,8970,0.7687848383500557,25.46773433127521,60.35025386304915,73.59791839566606,9.952263278966711,26.669877502557938,0.011148525361837431,true
extreme-hot-180,5,prefix-affinity,8970,0.9967670011148272,32696.929766573736,71163.21140763801,74511.4225547555,74498.41588044201,75222.18232423466,1.837142615704798,false
extreme-hot-180,5,bounded-affinity,8970,0.9793756967670011,23.91910940427998,42.69416565283609,53.96695344190812,24.773620629872312,34.319193771450955,0.5792800413378565,true
extreme-hot-180,6,random,8921,0.7777155027463288,47.047360079915165,119.57720691667055,185.85470800572875,153.44536642631283,288.53040313645033,0.01985688315644655,true
extreme-hot-180,6,least-loaded,8921,0.778163882972761,25.408425682615594,60.740180939512356,75.52166749381286,12.556059360096697,32.57046062912559,0.01055843634509825,true
extreme-hot-180,6,prefix-affinity,8921,0.997421813698016,34164.899512872405,73216.38604610649,76437.81052685066,76421.601861236,77082.4765321532,1.8624560349095556,false
extreme-hot-180,6,bounded-affinity,8921,0.9808317453200314,23.981083048396165,42.919391793609975,53.45314181558933,24.764451699404162,30.79767332616757,0.5782170717572284,true
extreme-hot-180,7,random,8977,0.7727525899520998,47.547124819526985,126.02417553886335,188.4690210233639,158.96002721942568,289.651147123237,0.03085870645828812,true
extreme-hot-180,7,least-loaded,8977,0.7700790910103598,25.67205004486299,60.58632386422687,74.82649457728257,14.755846702744748,33.54159415876347,0.012708870630702942,true
extreme-hot-180,7,prefix-affinity,8977,0.9971037094797817,32750.483318686172,70684.1493877339,74128.77533209109,74107.76807430209,74978.58253951071,1.8391378368223283,false
extreme-hot-180,7,bounded-affinity,8977,0.9780550295198841,23.964503062254312,42.57370797437761,53.75195105104285,24.796231085292675,37.07411644497188,0.5741279941286669,true
extreme-hot-180,8,random,8936,0.7742837958818263,47.18178789530054,122.7117722984949,187.56832764415594,157.29081729617064,287.53029044644063,0.02054237071969807,true
extreme-hot-180,8,least-loaded,8936,0.7794315129811996,25.309939946341935,60.85149871656904,74.99838068885583,10.510536625653913,30.750641168408038,0.008793880683883978,true
extreme-hot-180,8,prefix-affinity,8936,0.9960832587287377,33479.51278471694,72133.06561287411,75681.66413265045,75665.77196642951,76449.40165160815,1.8526105856592445,false
extreme-hot-180,8,bounded-affinity,8936,0.9776186213070726,24.16388173523415,43.20378110293859,54.90964269488177,24.788127960055135,31.766853777739016,0.5809507571934976,true
extreme-hot-180,9,random,8914,0.7644155261386583,49.27884549717632,126.56689717087283,203.43323285361112,175.78766564824764,292.2896816364664,0.021233285816560445,true
extreme-hot-180,9,least-loaded,8914,0.7675566524568095,25.62171787781427,61.39102612713759,75.56898857473607,10.241644734143847,20.20498264969865,0.01121333734239411,true
extreme-hot-180,9,prefix-affinity,8914,0.9967466905990576,31748.956942804543,69289.96026092081,72449.29121615976,72428.85708530227,73362.90844784764,1.8245250704130118,false
extreme-hot-180,9,bounded-affinity,8914,0.9792461296836437,23.904586700990727,42.76217431486293,52.77977118412309,24.764989158291428,41.0533811551868,0.5868611340626188,true
extreme-hot-180,10,random,8978,0.7724437513922923,47.10712568960944,121.26792182163263,170.40764225827297,142.0818844677633,238.96608892249787,0.024827917102976427,true
extreme-hot-180,10,least-loaded,8978,0.7735575852082869,25.43693101996359,60.66729495552863,75.51087287189875,10.949415422692255,23.611783955722785,0.01223883806105002,true
extreme-hot-180,10,prefix-affinity,8978,0.9969926486968145,32620.39264953469,70964.91284034902,74523.90555450821,74503.31257544228,75314.59369674855,1.832327982672758,false
extreme-hot-180,10,bounded-affinity,8978,0.9773891735353085,23.895911449516657,42.86648571078513,54.64904096824466,24.767439561102947,31.02828463159676,0.573685153586854,true
extreme-hot-180,11,random,8880,0.7681306306306306,49.41359432595451,133.57163086112269,193.62102806211624,165.34633647107694,260.31938147011533,0.022390729640737,true
extreme-hot-180,11,least-loaded,8880,0.7699324324324325,25.570323899488166,60.982628807665606,75.0357821157013,10.98353674099053,28.69638606776425,0.009433253506567332,true
extreme-hot-180,11,prefix-affinity,8880,0.9966216216216216,32550.02828380669,70601.90304031209,73884.692103851,73873.90003182672,74632.67562068156,1.8369768730424232,false
extreme-hot-180,11,bounded-affinity,8880,0.9772522522522522,23.991405163265856,42.5636764453011,53.90738440018686,24.74638385259459,32.75057844672119,0.5778299416908029,true
extreme-hot-180,12,random,8858,0.7745540754120569,44.37495308785255,113.90396195288486,168.11025549032638,134.379311964949,285.47693768364843,0.026692476729522914,true
extreme-hot-180,12,least-loaded,8858,0.774666967712802,25.438171092200065,61.310142098212964,76.12470052971184,12.470781520845776,34.623637222372054,0.012826256939655644,true
extreme-hot-180,12,prefix-affinity,8858,0.9958229848724317,31515.99147422867,69088.80894586493,72145.58154799661,72131.91655953365,73035.38315899609,1.8518252490284153,false
extreme-hot-180,12,bounded-affinity,8858,0.977195755249492,24.077678486137707,42.80701465761376,53.442279906594194,24.7539282785292,34.48312219070431,0.5993607298119101,true
extreme-hot-180,13,random,8877,0.7797679396192407,45.10440324718402,117.17413262954506,166.8165884118098,135.72798586012505,234.5354027657122,0.02297516894516414,true
extreme-hot-180,13,least-loaded,8877,0.7748113101272952,25.378772952771623,60.52228956177714,74.51080566389282,12.093702327809297,38.62219300409197,0.012302656187580962,true
extreme-hot-180,13,prefix-affinity,8877,0.9959445758702264,32880.97595201594,71055.47780781912,74266.74020451195,74253.5543657118,75089.35615585925,1.8593405506452219,false
extreme-hot-180,13,bounded-affinity,8877,0.9739776951672863,24.229655304836513,43.35152946492599,57.24523851088816,24.795558047866507,33.67617461113696,0.5878819842463766,true
extreme-hot-180,14,random,9011,0.7693929641549218,48.62858815992824,128.46571673815924,179.49642223192495,151.575696069689,266.5072676359414,0.023658056711632867,true
extreme-hot-180,14,least-loaded,9011,0.7744978359782488,25.405473799617635,60.81786382762948,74.99449180463125,9.223180041542946,19.625577275714022,0.0075493339599900615,true
extreme-hot-180,14,prefix-affinity,9011,0.9967817112418156,34505.677732479344,74185.54415280017,77453.18187954265,77437.42960982808,78391.61570839692,1.8504281609846966,false
extreme-hot-180,14,bounded-affinity,9011,0.9778049051159694,24.04284429190021,43.04686800408672,54.694671008175646,24.745192159742146,31.199093069300943,0.56400124466204,true
extreme-hot-180,15,random,8880,0.7740990990990991,45.22111359995676,113.93837055718905,162.2578430530939,130.23734314630383,247.1789833894145,0.023961950731620156,true
extreme-hot-180,15,least-loaded,8880,0.7724099099099099,25.4217973059653,60.88100080453296,74.9265887468282,13.101074368205445,37.85024968290236,0.010232033867093624,true
extreme-hot-180,15,prefix-affinity,8880,0.996509009009009,32306.253751482305,69697.2323724885,73183.63555950875,73161.41914017746,74025.48227681576,1.8451837170420444,false
extreme-hot-180,15,bounded-affinity,8880,0.9763513513513513,23.98025640881917,42.88321243608516,54.84291695684078,24.732760843780852,31.823372439683226,0.5844137691890743,true
extreme-hot-180,16,random,9068,0.7681958535509484,48.65681524857293,127.26857788790221,187.5329698172227,161.7851209571818,335.95226182622355,0.024363014656212822,true
extreme-hot-180,16,least-loaded,9068,0.7669827966475519,25.943339079407252,60.988982975439285,75.66937746637632,14.297738376975758,31.055657038185018,0.01037841708697096,true
extreme-hot-180,16,prefix-affinity,9068,0.9968019408910455,33387.492154649,72460.18236653165,75974.47124033514,75957.31728007359,76837.02394062738,1.8374754841965646,false
extreme-hot-180,16,bounded-affinity,9068,0.9772827525363917,23.992883832384063,42.951863442989634,54.655155398413626,24.83730172792275,36.18923663265741,0.5679042601649323,true
extreme-hot-180,17,random,8980,0.7805122494432071,47.43394389220614,124.05496032634255,189.11596542331972,155.04757517167673,310.23154538891686,0.024060072918972348,true
extreme-hot-180,17,least-loaded,8980,0.7787305122494432,25.20692664743891,60.408473296382,74.20481848609779,9.636543878899829,26.61418787805451,0.008292795839621477,true
extreme-hot-180,17,prefix-affinity,8980,0.9967706013363029,33032.731515636995,71781.17246271696,75240.47732571611,75217.38790673128,76114.74527422612,1.8480538492867684,false
extreme-hot-180,17,bounded-affinity,8980,0.9770601336302895,24.078155623451345,43.1077260271486,55.49947972978407,24.772332543403536,32.542842484341236,0.5696289440417798,true
extreme-hot-180,18,random,9034,0.7719725481514279,46.84062397360897,123.35975453849824,174.58706036577132,148.36164197992912,328.39095223820914,0.010199002280664742,true
extreme-hot-180,18,least-loaded,9034,0.7721939340270091,25.596247767597713,61.032781963298476,74.2279792371337,12.5127419807759,31.52218355469813,0.012487285695340338,true
extreme-hot-180,18,prefix-affinity,9034,0.9962364401151207,33892.23512994663,73287.00511051946,76728.40366952235,76711.54432939482,77671.80046190052,1.8547534238709926,false
extreme-hot-180,18,bounded-affinity,9034,0.9765330971883994,24.004444661351958,43.13103361347021,54.89824166097242,24.802544943318935,31.94462172580097,0.5671416597428003,true
extreme-hot-180,19,random,9104,0.7754833040421792,47.98982976066017,126.11713933600913,184.92427878283343,158.35559501951502,324.55594890157226,0.024821284853813682,true
extreme-hot-180,19,least-loaded,9104,0.7766915641476274,25.45445839919992,61.524975597523735,74.74038265222771,12.525533661573718,32.81358003699279,0.015695611685619573,true
extreme-hot-180,19,prefix-affinity,9104,0.9962653778558875,33760.040052453274,73155.63678262552,76742.33452425564,76725.70393180208,77723.71600380194,1.8605978715692981,false
extreme-hot-180,19,bounded-affinity,9104,0.977043057996485,23.91663421157097,42.861649402846524,54.44358905088302,24.73655409098137,36.71637898828703,0.5699549719949206,true
extreme-hot-180,20,random,9043,0.7744111467433374,46.3724086010332,116.187338702126,179.77994459596084,149.47290923188848,310.5948098176668,0.03080546523215261,true
extreme-hot-180,20,least-loaded,9043,0.7762910538538096,25.35679040702433,60.203570353589384,74.34519226580232,12.393955175317387,25.915670158512512,0.010391243284036521,true
extreme-hot-180,20,prefix-affinity,9043,0.9970142651774854,32821.6991605896,72001.79130464123,75487.40874907441,75466.13963169156,76244.13569916078,1.8566557495933254,false
extreme-hot-180,20,bounded-affinity,9043,0.9800951011832356,23.889186988148712,42.96181018801144,52.460636207510106,24.804229201901762,31.08130044356949,0.5835854161445335,true
extreme-hot-180,21,random,9088,0.7711267605633803,46.842300597015324,120.32209593688458,168.60312662223077,138.33243890884114,321.5180579873013,0.028624000822000208,true
extreme-hot-180,21,least-loaded,9088,0.7694762323943662,25.505682562890634,61.26054505124921,74.99327749238364,11.278748224227456,24.257788748542225,0.01359829730817512,true
extreme-hot-180,21,prefix-affinity,9088,0.9964788732394366,33745.64915060892,73322.48792533469,76778.48787514443,76755.20422031294,77618.99471559346,1.8432235055425965,false
extreme-hot-180,21,bounded-affinity,9088,0.9781029929577465,23.942510205770997,42.81098163104616,54.209660468797665,24.77172001227882,27.58958163307034,0.5599147513135259,true
extreme-hot-180,22,random,9103,0.7704053608700429,47.02213592909891,120.38220438294411,176.13711540205986,144.93811157230812,268.8671721529172,0.023681099978287684,true
extreme-hot-180,22,least-loaded,9103,0.77578820169175,25.329826062185976,60.458410326362355,74.25307643909036,10.780627424763225,24.417838577355724,0.0069870056549043835,true
extreme-hot-180,22,prefix-affinity,9103,0.9973635065363067,33877.48593500558,73766.90001863614,77245.94147492659,77223.79744045054,78038.87605156965,1.8439957837937,false
extreme-hot-180,22,bounded-affinity,9103,0.9776996594529276,23.924659756459967,43.06616753403432,54.657530807715375,24.79035502950137,37.17002571570629,0.5619568499639211,true
extreme-hot-180,23,random,8896,0.770908273381295,45.48780594710058,118.46894814274128,177.72462435951638,148.6470300156434,293.3747553225112,0.0298067091143291,true
extreme-hot-180,23,least-loaded,8896,0.7680980215827338,25.515532373267902,60.837992985012534,75.94220117058285,11.616917148930952,29.848552936891792,0.016360428850092135,true
extreme-hot-180,23,prefix-affinity,8896,0.9964028776978417,32563.213782368035,70502.65616541525,73825.74750384656,73808.54995034014,74597.29765305144,1.8445828085284792,false
extreme-hot-180,23,bounded-affinity,8896,0.9758318345323741,23.923590442121167,42.91026357310329,55.48905048419692,24.718973407769226,35.60078782878736,0.5807185170031204,true
extreme-hot-180,24,random,9104,0.7707601054481547,47.67815199379931,125.06822096450924,191.35693753771739,163.908176240413,304.7302329915983,0.020479903884375,true
extreme-hot-180,24,least-loaded,9104,0.7744947275922671,25.481318383317955,60.38308916625101,74.63453453263355,11.09066363749298,36.48335036224671,0.011163945406792502,true
extreme-hot-180,24,prefix-affinity,9104,0.9963752196836555,33003.44928505115,72276.75472169886,75733.6147296897,75720.56082825316,76650.09034278919,1.8349343224109285,false
extreme-hot-180,24,bounded-affinity,9104,0.9742970123022847,24.225228037993233,43.49887074424623,57.137703662072454,24.81198067414516,51.34286124847495,0.5682624343206132,true
extreme-hot-180,25,random,9038,0.7737331267979641,48.3855807933063,130.63136562291766,197.43707444309985,171.13459676775528,322.78057968166104,0.027133766094604807,true
extreme-hot-180,25,least-loaded,9038,0.7724053994246515,25.77522765714645,61.7825036011709,75.90110101654136,16.578554272200563,35.61426600902996,0.010424288543708955,true
extreme-hot-180,25,prefix-affinity,9038,0.9965700376189423,34021.66317139859,73478.97259439292,76896.54128318318,76881.50278924603,77737.28559913786,1.8631544355979783,false
extreme-hot-180,25,bounded-affinity,9038,0.9769860588625802,23.953404706692744,43.08446986768831,55.124589504317555,24.85604687610612,32.237072698859265,0.569858131264845,true
extreme-hot-180,26,random,8947,0.7724376886107075,47.922017883061365,126.12336977612722,185.00131215606234,154.2086282288219,244.5552139304782,0.033038779331300165,true
extreme-hot-180,26,least-loaded,8947,0.7716553034536716,25.394228564886742,60.71708262939137,73.80451841024478,11.039562991358252,26.378159477542795,0.007738508153901057,true
extreme-hot-180,26,prefix-affinity,8947,0.9972057672963004,32664.16509975298,70818.1207279595,74382.73224877298,74368.26450211261,75238.88936517743,1.836502748319015,false
extreme-hot-180,26,bounded-affinity,8947,0.9773108304459596,23.975269974290878,42.97280482816859,53.48490810716794,24.773081656414433,33.62581111594409,0.5716159755040983,true
extreme-hot-180,27,random,9126,0.7804076265614727,46.01858676994955,116.62007346782048,163.08965527751934,133.81515448171558,240.49709883860305,0.027462626661130286,true
extreme-hot-180,27,least-loaded,9126,0.7751479289940828,25.410249215532247,60.30454167375137,74.91413213317719,11.000926714237721,23.631377993115166,0.006663565172471996,true
extreme-hot-180,27,prefix-affinity,9126,0.9969318430856893,34947.40894849112,75568.38122815336,79314.1092935952,79295.13993426236,80239.79293812838,1.8613481589259258,false
extreme-hot-180,27,bounded-affinity,9126,0.9761122068814376,24.019661971203636,43.31646187365186,54.1327861610589,24.727118988324946,39.46714888946008,0.5558162319755382,true
extreme-hot-180,28,random,8977,0.7716386320597082,48.51886458991236,126.95401063501777,198.3297183910836,166.59594664080942,324.10829390330036,0.018185987033745597,true
extreme-hot-180,28,least-loaded,8977,0.7725297983736215,25.567562666955677,61.16202319250442,75.0065381238237,11.441204338312673,22.93421510522603,0.010954648632569695,true
extreme-hot-180,28,prefix-affinity,8977,0.9957669600089116,33051.51214930711,72114.2292815508,75445.73835980087,75435.16463734786,76314.88069477418,1.8554451250906947,false
extreme-hot-180,28,bounded-affinity,8977,0.97593850952434,24.180294397462905,43.235276503335626,55.04880441925343,24.73786745801044,34.24079697130219,0.5821461347704986,true
extreme-hot-180,29,random,8973,0.7821241502284632,46.394079190748165,121.49598451696511,182.9471178776039,151.17312626480998,250.007075911617,0.03135152798855531,true
extreme-hot-180,29,least-loaded,8973,0.7795609049370333,25.262602477557916,60.4882078787341,73.87113700635382,11.967533387694857,36.887141406979936,0.0107674261069021,true
extreme-hot-180,29,prefix-affinity,8973,0.9972138638136632,34082.03788824274,73274.77854016089,77102.18531633308,77082.17864787715,77941.53205229185,1.8642971577268936,false
extreme-hot-180,29,bounded-affinity,8973,0.9788253649838404,23.971775284556035,43.02268751434167,54.977892162780336,24.78634860245984,34.92861312988134,0.5708789250391497,true
extreme-hot-180,30,random,8973,0.7759946506185222,47.2667517554319,122.49359250995985,185.25359110772115,155.83601978988008,290.95544624796094,0.038200417645817525,true
extreme-hot-180,30,least-loaded,8973,0.7763289869608826,25.53103733518503,62.24087438535207,75.4213885673671,13.343664885527687,37.12837600548664,0.017051888957816744,true
extreme-hot-180,30,prefix-affinity,8973,0.996210854786582,31720.6127955276,70428.46237295258,73496.93138251844,73483.30640450807,74400.55783921084,1.8354856787800866,false
extreme-hot-180,30,bounded-affinity,8973,0.9773765741669452,24.058664851804078,42.97874182131636,54.47926495743559,24.73514285224519,33.91571282024961,0.5873931989596909,true
extreme-hot-180,31,random,9050,0.7769060773480663,45.73373844706974,118.14718504256598,174.77942204800638,145.05073717489722,308.6541704985211,0.03247792069495014,true
extreme-hot-180,31,least-loaded,9050,0.7748066298342542,25.32218220678258,60.33371858182727,73.87466579099964,11.026326866740419,23.992224774410715,0.014589491742729109,true
extreme-hot-180,31,prefix-affinity,9050,0.9955801104972376,32322.75199527083,71220.32091618933,74717.33071927598,74700.76105724744,75650.54477085805,1.8426110957609956,false
extreme-hot-180,31,bounded-affinity,9050,0.976243093922652,23.95903459698103,43.13831389724146,55.46682356761812,24.81664720011031,31.870843884644273,0.5744469274131254,true
extreme-hot-180,32,random,9017,0.7717644449373405,47.936034756841664,125.24526777235587,182.8069637537992,154.65473628608743,284.0855070928337,0.02224309777586591,true
extreme-hot-180,32,least-loaded,9017,0.7692137074414994,25.67673278285659,61.42506512195541,75.99715881247903,12.284828316245694,47.57877119969635,0.00930458286864444,true
extreme-hot-180,32,prefix-affinity,9017,0.9975601641344127,32978.84008972341,72067.3040675316,75363.56497199072,75339.22796573078,76264.91832523257,1.8305936193617167,false
extreme-hot-180,32,bounded-affinity,9017,0.9758234446046357,24.019171118797253,43.21217215949582,56.731789012823356,24.84346741601985,39.88341441803641,0.5717037054026166,true
extreme-hot-180,33,random,8988,0.7734757454383623,47.66622413914589,120.925174420634,177.0247214140436,148.36938096650556,318.3848392955897,0.02670821801874106,true
extreme-hot-180,33,least-loaded,8988,0.7753671562082777,25.696333107307115,61.48734844857972,75.0289133856495,14.890528671900029,28.81736567439839,0.013494589866378399,true
extreme-hot-180,33,prefix-affinity,8988,0.9962171784601691,33153.55136735286,72790.61368509338,75965.59451627565,75945.88520899892,76823.22859801564,1.8496119046202038,false
extreme-hot-180,33,bounded-affinity,8988,0.9753004005340454,24.136515417000485,43.123470393060416,55.49464228782381,24.787234370742226,31.429095249455713,0.5673670827072428,true
extreme-hot-180,34,random,9014,0.7754603949412026,46.33251493769188,119.2912500548191,173.91138476596825,145.01133573672632,281.6564136899324,0.02998277011993644,true
extreme-hot-180,34,least-loaded,9014,0.7756822720213002,25.332721232285802,60.663814899693534,75.2879696133532,11.393249061438837,27.567606850316224,0.007086507733900226,true
extreme-hot-180,34,prefix-affinity,9014,0.9967827823385844,34569.05516331706,73924.12112414447,77401.49567079668,77383.24531452825,78196.82048594719,1.8585506847157447,false
extreme-hot-180,34,bounded-affinity,9014,0.9796982471710672,23.954904813864815,42.687268778572616,52.89809670949762,24.700127425021492,31.689987745456165,0.5669469082882377,true
extreme-hot-180,35,random,8957,0.7802835770905437,46.107545991527644,121.8514193592273,181.64912168840965,149.06841652671574,264.12488325902086,0.021604770233925607,true
extreme-hot-180,35,least-loaded,8957,0.77637601875628,25.36736941860759,61.481436017595115,75.1904817175855,11.930342370316794,30.789947468172613,0.011634899771358133,true
extreme-hot-180,35,prefix-affinity,8957,0.9960924416657363,32811.837579775616,71138.04140681631,74661.29215722949,74640.34194778556,75540.47587387843,1.8665772049262968,false
extreme-hot-180,35,bounded-affinity,8957,0.9782293178519593,24.03439784800016,42.99783942429349,53.894581296186516,24.78074741646742,31.64436310473684,0.5925095246610472,true
extreme-hot-180,36,random,9037,0.7740400575412194,46.704051975343965,117.84256677814119,178.13744784683513,148.29629944045155,314.1898749593274,0.027609328310675155,true
extreme-hot-180,36,least-loaded,9037,0.7749253070709307,25.481609352810597,60.478266041704046,74.68854571162956,14.949230549755157,41.23828482886893,0.010718844371502011,true
extreme-hot-180,36,prefix-affinity,9037,0.9964590018811552,32749.499559435037,71722.12836237387,75183.42931156696,75166.39082400533,76061.63619236014,1.854736593156828,false
extreme-hot-180,36,bounded-affinity,9037,0.9797499170078566,23.83787143646153,42.91860269381141,53.02017146707658,24.787737482816738,39.232367021755636,0.5805595783431239,true
extreme-hot-180,37,random,9027,0.7706879361914257,48.91442592168456,131.40257509233197,204.55979426783233,169.67940257456212,313.72519814678526,0.027454599006484313,true
extreme-hot-180,37,least-loaded,9027,0.7690262545696245,25.555325839488837,60.77842235635762,74.09696487676047,11.090732432814548,27.910237460975623,0.009169245198191787,true
extreme-hot-180,37,prefix-affinity,9027,0.9962335216572504,33240.338006696235,72506.458957664,75492.33894043107,75479.35235209634,76358.08427517371,1.840907743192574,false
extreme-hot-180,37,bounded-affinity,9027,0.9736346516007532,24.075081103908243,43.3491817746617,55.409880964634795,24.802385116530786,37.383744866599955,0.5699070868450068,true
extreme-hot-180,38,random,9080,0.7835903083700441,45.97560297445175,117.08128203040542,185.73979300072824,153.74624779252918,420.79415857551794,0.030760822642423302,true
extreme-hot-180,38,least-loaded,9080,0.7829295154185022,25.031872401309364,59.93604471384606,74.39140189476893,11.415458639034114,35.36086871575026,0.007437043400855727,true
extreme-hot-180,38,prefix-affinity,9080,0.9963656387665198,34386.48689277191,74757.8892351249,78003.06488282501,77987.53724161227,78736.70808862307,1.874238443427393,false
extreme-hot-180,38,bounded-affinity,9080,0.9772026431718062,23.89558963406596,43.02142274898506,53.2461667644493,24.764275278874265,30.561051023887558,0.5644715364868518,true
extreme-hot-180,39,random,8955,0.773534338358459,45.06471962143669,112.91426562905326,170.1303855030419,137.54386990085186,213.2725784137656,0.017592660465641986,true
extreme-hot-180,39,least-loaded,8955,0.7748743718592965,25.318641832908174,60.3865259318045,74.08996101962111,10.782234296464594,24.635175106392126,0.007627317651963918,true
extreme-hot-180,39,prefix-affinity,8955,0.9962032384142937,33913.543623526995,72742.14244746737,76296.00777917201,76280.84655725278,77169.10431455329,1.857428578685781,false
extreme-hot-180,39,bounded-affinity,8955,0.9761027359017309,24.08989035145715,43.16411675739255,54.600693468870304,24.710007996640343,33.84457711838331,0.5774762847787921,true
extreme-hot-180,40,random,8997,0.7759253084361454,49.12979964557437,129.8681304373422,187.80034945446823,158.0034026395806,263.202301994781,0.012473944889972404,true
extreme-hot-180,40,least-loaded,8997,0.7718128264977214,25.539670551544642,61.11213272193345,74.32505148167184,11.906370063821669,31.109493490985187,0.011508743009227397,true
extreme-hot-180,40,prefix-affinity,8997,0.9964432588640658,33289.949231101346,72225.74905659328,75643.56526545956,75628.3789752959,76432.13130954496,1.8501281676711165,false
extreme-hot-180,40,bounded-affinity,8997,0.9773257752584195,24.13667557839173,43.09351574652101,56.315416829100286,24.773337268336036,29.61895520120379,0.5721759455196637,true
extreme-hot-180,41,random,8954,0.7749609113245477,46.426202595191796,120.38389239374919,171.52166101463808,143.63206901608646,247.15964139240532,0.02694233060840987,true
extreme-hot-180,41,least-loaded,8954,0.7790931427295064,25.21915602739309,60.08441345184474,74.82473024946376,11.783815251656051,33.10870446500485,0.012614723934626725,true
extreme-hot-180,41,prefix-affinity,8954,0.9967612240339513,32607.95822373551,71455.97840572157,74728.07349052085,74709.3573082535,75432.46136532679,1.8439094202650657,false
extreme-hot-180,41,bounded-affinity,8954,0.9746482019209292,24.10517180366439,43.25056782220781,56.5914130766032,24.78969548328314,31.444041500231833,0.5781108647555606,true
extreme-hot-180,42,random,9125,0.7694246575342466,50.32967890925761,133.96981365085958,194.88716056599515,168.11838689145225,278.31547440579743,0.02512297172085311,true
extreme-hot-180,42,least-loaded,9125,0.7717260273972603,25.646544885182244,60.5312507417766,74.98763958982454,12.260725327505497,29.500772423176386,0.007489028681414239,true
extreme-hot-180,42,prefix-affinity,9125,0.997041095890411,33139.54509468184,72597.84677514617,76259.15160095779,76242.05981534664,77158.84591613404,1.8323240645179217,false
extreme-hot-180,42,bounded-affinity,9125,0.9762191780821918,24.014319026773382,43.09816080866585,55.25480350844009,24.75895113824845,34.16780980922704,0.564820555390374,true
extreme-hot-180,43,random,8894,0.7723184169102766,47.003681002483674,121.42961165145243,174.19210059141915,144.5373357880817,213.3076029040094,0.027829930209342896,true
extreme-hot-180,43,least-loaded,8894,0.7713064987632111,25.473433201595128,60.19955355424463,73.86342751954362,12.356655617837532,28.996347400170635,0.013629429223891714,true
extreme-hot-180,43,prefix-affinity,8894,0.9967393748594559,32618.58634460706,70937.8157028147,74006.48175036533,73990.88749219348,74819.63626476041,1.8354097397830418,false
extreme-hot-180,43,bounded-affinity,8894,0.9791994603103216,23.896551994541564,42.98765295105113,54.02861883452715,24.808034457691974,29.639110977339442,0.5785606375400858,true
extreme-hot-180,44,random,9046,0.7685164713685607,50.3794546462688,135.619578073929,207.8074137473959,174.33424906758592,302.12617043540376,0.012023907877743701,true
extreme-hot-180,44,least-loaded,9046,0.7700641167366792,25.753131125267966,61.34287662636416,75.61512978436804,13.180386432832165,27.890585985682264,0.010657747490948267,true
extreme-hot-180,44,prefix-affinity,9046,0.9966836170683175,33428.56487415113,72638.05909369688,75893.66121462699,75879.4897337542,76660.88640482444,1.831381629162487,false
extreme-hot-180,44,bounded-affinity,9046,0.9749060358169357,24.125198036235133,43.31238211755408,55.47501842528436,24.782502723253856,34.64701384575892,0.5631295429171094,true
extreme-hot-180,45,random,9162,0.7817070508622571,46.78368090112493,123.04819967657386,178.04648754899245,148.4297879986334,245.3610702745209,0.02732509449930694,true
extreme-hot-180,45,least-loaded,9162,0.777668631303209,25.37310583049359,60.710831064527156,75.09106296755635,12.150912605091435,32.14321932464736,0.012546414234231739,true
extreme-hot-180,45,prefix-affinity,9162,0.9971621916612093,33830.1487441839,73956.52270393402,77607.50594122487,77590.6990510134,78461.20277669758,1.861173513386681,false
extreme-hot-180,45,bounded-affinity,9162,0.9760969220694171,24.002349295108605,43.26667495439324,55.77386273028242,24.74027310123347,35.97483160177944,0.5681027890949846,true
extreme-hot-180,46,random,9145,0.7823947512301804,46.11314692349839,117.20143499130063,177.04899242558895,144.06470972093666,273.4437332129455,0.01801215096994922,true
extreme-hot-180,46,least-loaded,9145,0.7778020776380535,25.370851342881007,60.69768814843701,74.24159848030104,12.39720660994135,43.53737954812823,0.011264856459955376,true
extreme-hot-180,46,prefix-affinity,9145,0.9973756150902132,34657.016324273056,75024.65071641511,78608.30543880026,78594.21585232105,79580.27780821215,1.8574836077546648,false
extreme-hot-180,46,bounded-affinity,9145,0.9770366320393657,23.981132637155902,42.960277635887905,54.09687714795655,24.8073273596965,31.977586955230436,0.5526028194053393,true
extreme-hot-180,47,random,8913,0.7850330977224279,44.08054338783726,113.68762733527547,165.8386149052676,140.2602689130581,242.9186119295082,0.02846786809501623,true
extreme-hot-180,47,least-loaded,8913,0.7754964658364187,25.188170413430782,59.95214641397979,73.30733422424237,9.213617660709133,19.31585376012663,0.01593000122020176,true
extreme-hot-180,47,prefix-affinity,8913,0.995287781891619,34286.66123774173,73157.07031847618,76614.57676172108,76592.86508056172,77397.63432156693,1.8735687199077082,false
extreme-hot-180,47,bounded-affinity,8913,0.9774486704813194,23.993043533367025,43.39187804824542,54.90689031268266,24.758541241251805,31.604942726327863,0.5751331264376086,true
extreme-hot-180,48,random,8919,0.7734050902567552,46.8901124801625,123.97206303908752,189.27473037221898,159.7720520235889,277.6347078808467,0.021867656295123595,true
extreme-hot-180,48,least-loaded,8919,0.7710505662069739,25.523481620531424,61.419250970993744,75.14011763342751,12.710879720205412,29.278827177235144,0.00495459047015841,true
extreme-hot-180,48,prefix-affinity,8919,0.9956273124789775,32502.938038370175,70718.9291219096,73825.12725565833,73808.19849527537,74765.63781594875,1.8570227339294159,false
extreme-hot-180,48,bounded-affinity,8919,0.9771274806592667,24.056395109192298,43.05817445983121,54.81075954918924,24.80965669641955,34.53906793914939,0.5965710206708033,true
extreme-hot-180,49,random,9020,0.7746119733924612,47.48420082034468,122.28665721468133,178.81810817759833,146.25049889733054,317.39070445383913,0.02611378091789054,true
extreme-hot-180,49,least-loaded,9020,0.775609756097561,25.486608742260117,61.20987790192885,75.27946824058017,13.995475880867161,34.50511561998428,0.01582076888303986,true
extreme-hot-180,49,prefix-affinity,9020,0.996119733924612,32724.383080364965,71328.95523537,74941.77615914702,74924.38339207631,75628.51627161878,1.8547015531673512,false
extreme-hot-180,49,bounded-affinity,9020,0.975609756097561,24.08025236183609,43.14825773377379,55.47234173569268,24.78004780619085,51.48953127716595,0.5823646149496928,true
extreme-hot-180,50,random,9069,0.7767118756202448,47.408173657767335,125.0817105156093,177.24953054565412,149.32690843143791,226.76137436886893,0.0182487269790322,true
extreme-hot-180,50,least-loaded,9069,0.7730731061859081,25.394254682038074,60.93407337764802,74.90604102669022,9.753700547291373,26.918738550230046,0.012942649143734632,true
extreme-hot-180,50,prefix-affinity,9069,0.9972433564891389,32957.31630664086,72079.60938191171,75506.02082147643,75491.53333686663,76141.24507869089,1.8275443159248046,false
extreme-hot-180,50,bounded-affinity,9069,0.9791597750578895,23.798003246738176,42.81696524107974,53.99989986606124,24.7692677932464,31.578881628294766,0.561163175891992,true
extreme-hot-180,51,random,9001,0.7672480835462726,49.147241117797755,127.34109001404249,190.50807845012605,160.45143474233373,286.8660867209328,0.032339447394311126,true
extreme-hot-180,51,least-loaded,9001,0.7714698366848128,25.688416314063296,60.87840218403835,75.55201121378195,12.211251878994517,33.21804973070175,0.008463814578607181,true
extreme-hot-180,51,prefix-affinity,9001,0.996444839462282,32562.940973048488,71298.67444029206,74874.92427027301,74860.54790402029,75722.98330257137,1.8406558027787197,false
extreme-hot-180,51,bounded-affinity,9001,0.9755582713031885,24.12155860505806,43.35326998990422,55.498920651218214,24.77625042379077,33.92079141499562,0.5773295570488857,true
extreme-hot-180,52,random,8866,0.7691179787953981,46.80130536515587,120.45272669711994,172.60961877969385,141.43078582674207,260.91603249032414,0.023475875250913568,true
extreme-hot-180,52,least-loaded,8866,0.7705842544552222,25.489302695831753,61.27177580226271,75.16718299285094,10.357309882914706,29.71320141684555,0.007979880347975326,true
extreme-hot-180,52,prefix-affinity,8866,0.9970674486803519,31515.674456585166,69082.31908235677,72276.4190549693,72259.19786011826,72998.79970926078,1.8313047346315547,false
extreme-hot-180,52,bounded-affinity,8866,0.9800360929393187,23.970119765848075,42.67744600309197,52.30225968033483,24.741097757665557,30.662047501451525,0.5930373273846299,true
extreme-hot-180,53,random,8923,0.7666704023310545,46.956132379523694,119.2948487882677,170.5981933951989,140.41395844785438,301.7308645926314,0.03554245613229746,true
extreme-hot-180,53,least-loaded,8923,0.7693600806903508,25.64180745648375,61.22790386998531,74.31980917330293,11.75922689649451,35.05477963393787,0.005716924110065364,true
extreme-hot-180,53,prefix-affinity,8923,0.9969741118457918,31421.551297987095,69282.24603021491,72444.05510918028,72426.34459790628,73130.99655021954,1.8233549508104978,false
extreme-hot-180,53,bounded-affinity,8923,0.9783705031939931,23.91438511587185,43.03403221834742,52.43651108434642,24.796268665699245,32.830087300531886,0.5817428436813613,true
extreme-hot-180,54,random,9027,0.7874155311842251,45.14745063887981,115.16162824964704,158.72727630372538,132.41893658917252,237.37181201486965,0.010977947014383352,true
extreme-hot-180,54,least-loaded,9027,0.7799933532735128,25.16588852653999,60.66491008865705,73.60941371406079,11.289754516077664,26.38229417009279,0.010213023880436769,true
extreme-hot-180,54,prefix-affinity,9027,0.9966766367563975,34303.690621975926,73962.4661707251,77542.71728829827,77527.11909060695,78394.57785760528,1.873810843615926,false
extreme-hot-180,54,bounded-affinity,9027,0.9765148997452088,24.049555769053242,43.29575353157634,57.677479668207525,24.775194857273164,32.06326869328768,0.5698447735190989,true
extreme-hot-180,55,random,8985,0.7777406789092932,46.34354859530799,122.86746360958205,190.9863315442417,160.3916049819818,249.23765706879203,0.018158293061655218,true
extreme-hot-180,55,least-loaded,8985,0.781858653311074,24.964287594943134,59.682762186923355,74.91300502229569,11.333072537272528,25.957879797846545,0.007439266588869577,true
extreme-hot-180,55,prefix-affinity,8985,0.9964385086254869,32890.52106329273,71251.81012870677,74763.23360502458,74747.03675823404,75512.47259205664,1.859857764123636,false
extreme-hot-180,55,bounded-affinity,8985,0.9769616026711185,24.023872130019072,43.11856083081511,55.25655994872068,24.772600096694077,35.443512262740114,0.5923284188164684,true
extreme-hot-180,56,random,9114,0.7707921878428791,48.76012935750981,128.55497384681803,188.48388352344045,157.52413453289773,245.45724104773763,0.030663929800688248,true
extreme-hot-180,56,least-loaded,9114,0.7734254992319508,25.695391475319013,61.16470876950916,75.83621590626717,14.416518036701746,32.73059568696044,0.010788239407859878,true
extreme-hot-180,56,prefix-affinity,9114,0.9973666886109283,33491.097276189204,73245.82356908488,76829.0801244984,76811.42730219569,77692.87367779549,1.8350815952086763,false
extreme-hot-180,56,bounded-affinity,9114,0.9769585253456221,23.99706829389866,43.18925305641824,54.85949898454055,24.789823690975027,32.067648587049916,0.5555400746699719,true
extreme-hot-180,57,random,9007,0.776840235372488,45.534229679769666,116.5591607737515,164.98615839382546,136.67223310282498,258.4113626783801,0.03249567213190286,true
extreme-hot-180,57,least-loaded,9007,0.7759520373043188,25.342112269258998,61.215673739407066,75.12076756346505,10.961616832086293,31.1611046484486,0.011853285883714114,true
extreme-hot-180,57,prefix-affinity,9007,0.9966692572443655,33385.252707251195,72262.62243305946,75703.5389064106,75688.32715406487,76707.0408974844,1.8527090351853472,false
extreme-hot-180,57,bounded-affinity,9007,0.9756855778838681,24.0573393772752,43.263208736147135,53.953351699943596,24.815205203049118,35.218780020259146,0.5661283742827384,true
extreme-hot-180,58,random,8979,0.7859449827374986,47.10516361341552,126.67649682005867,190.09212039221165,162.258406537665,309.63629342949935,0.02222972387805669,true
extreme-hot-180,58,least-loaded,8979,0.7821583695289007,25.197118693382016,60.530501860273944,75.3440031349528,10.955790466901817,27.84926459920098,0.009905208675517444,true
extreme-hot-180,58,prefix-affinity,8979,0.9974384675353603,34423.28121892566,73890.74087874343,77173.51228299827,77157.91112260873,78125.07456918474,1.8773269115380544,false
extreme-hot-180,58,bounded-affinity,8979,0.9796191112596058,23.891162783423432,42.83587895510391,54.503440734319156,24.77752748223429,33.863246736662404,0.5712297756567479,true
extreme-hot-180,59,random,9039,0.7686691005642217,48.23162451129117,124.47439295504773,176.81239194349473,146.42341937948368,239.6617137815956,0.014607831924825593,true
extreme-hot-180,59,least-loaded,9039,0.7667883615444187,25.683721218553345,61.188790695829084,74.54475397602073,11.41676227049902,29.376214827236254,0.008561666294668584,true
extreme-hot-180,59,prefix-affinity,9039,0.9970129439097245,33259.872013751075,72538.7702672375,75858.94077179948,75838.31008409911,76767.8614008725,1.848387176224088,false
extreme-hot-180,59,bounded-affinity,9039,0.9779842902975993,23.98098556021022,42.88234737658786,54.87437099636736,24.74722098350321,31.407127533489984,0.5715143917134847,true
extreme-hot-180,60,random,9031,0.7767689070977744,48.09670973481505,127.44787014590474,187.13046699130064,160.7724582958581,233.92226792458496,0.02214321654866802,true
extreme-hot-180,60,least-loaded,9031,0.7767689070977744,25.509369244388388,61.23833570481656,75.46663907854236,13.491630631673615,27.034437111717125,0.009456458617622069,true
extreme-hot-180,60,prefix-affinity,9031,0.9973424869892592,33604.68140936839,72948.32098956322,76203.12818916111,76188.96428507747,77072.0115086606,1.8437101629674228,false
extreme-hot-180,60,bounded-affinity,9031,0.9787398959140737,23.93105643548033,42.896289666703524,55.12966351518844,24.768095779389114,33.23431886311664,0.5691490535730406,true
extreme-hot-180,61,random,9149,0.778008525521915,47.14814003761554,120.80802000190306,187.62945779634902,154.71275043217247,344.0181695791889,0.010897382079645393,true
extreme-hot-180,61,least-loaded,9149,0.7765876052027544,25.16521384685674,60.2048179421472,73.86424579862796,10.34306315680442,32.397460680156655,0.005585194849057354,true
extreme-hot-180,61,prefix-affinity,9149,0.995627937479506,33915.950908281615,73950.24224989496,77200.7226899362,77184.91644761356,78045.89378273039,1.8558736625612997,false
extreme-hot-180,61,bounded-affinity,9149,0.977921084271505,23.88314772031882,42.89293702621217,54.50481900768318,24.786349426431116,33.373246284696506,0.5661682084240698,true
extreme-hot-180,62,random,8966,0.764108855677002,48.31282761976052,126.55753014412767,186.4938824368728,158.74403113449807,297.48290864703813,0.03690597870304246,true
extreme-hot-180,62,least-loaded,8966,0.7633281284853892,25.796118422209478,61.027319799073666,75.12280516212923,10.69474723541498,26.237990186076786,0.007184408829071996,true
extreme-hot-180,62,prefix-affinity,8966,0.9966540263216596,32402.77327595183,70508.87388907917,73971.42203878316,73958.14971469117,74893.1839967051,1.8304981652838976,false
extreme-hot-180,62,bounded-affinity,8966,0.9782511710907874,23.866817884533397,42.46110993861657,53.24234881110897,24.804851079301443,32.09318806999363,0.5802465972542763,true
extreme-hot-180,63,random,8971,0.7776167651320923,47.53780300899616,128.79084035496635,188.68325059674316,160.9570847305622,257.5444502479222,0.018990359042659666,true
extreme-hot-180,63,least-loaded,8971,0.7748300078029206,25.37642755597721,60.70899101713985,74.88439105750513,9.51959562060074,27.032390816586485,0.011871446430899726,true
extreme-hot-180,63,prefix-affinity,8971,0.9964329506186601,33066.38636216919,71917.37009055106,75365.94576172554,75342.55268856921,76106.37458347864,1.8536204202679942,false
extreme-hot-180,63,bounded-affinity,8971,0.9765912384349571,24.01782977055398,42.65497507856344,54.468702942824166,24.795019325822068,35.74009740907786,0.5776633811850963,true
extreme-hot-180,64,random,8831,0.7791869550447288,45.41785154059768,118.52587961118843,168.6372772935938,142.15798305714452,288.280871534007,0.0287933733254563,true
extreme-hot-180,64,least-loaded,8831,0.7770354433246518,25.290079496836203,60.836671864046366,75.2982237073702,9.836688654999307,30.648601701312145,0.012259304630125097,true
extreme-hot-180,64,prefix-affinity,8831,0.9972823009851659,33014.15471384401,71384.93090305134,74301.47270646761,74282.31913999247,75077.53953101678,1.8541521793887463,false
extreme-hot-180,64,bounded-affinity,8831,0.9779186955044729,24.09449902647765,42.93492697751935,52.13311595380583,24.806034160907075,33.68486963793839,0.5903984423450047,true
extreme-hot-180,65,random,9070,0.7705622932745314,48.71833212673949,132.22605031686544,203.17667273760526,172.74874798069504,255.93060077101472,0.02507679946516549,true
extreme-hot-180,65,least-loaded,9070,0.7723263506063948,25.532770325771317,61.01856993386173,74.08518670129342,11.97560155616884,31.788211121122004,0.014669322579085403,true
extreme-hot-180,65,prefix-affinity,9070,0.9968026460859978,32724.964759390128,72103.16292330355,75669.28339740903,75649.9545433758,76540.1796972424,1.8489116349228847,false
extreme-hot-180,65,bounded-affinity,9070,0.9769570011025358,23.997344315364185,42.868922078730975,56.2811198327654,24.77217019102318,33.282103269440995,0.569044100446719,true
extreme-hot-180,66,random,8909,0.7706813334829947,47.57764212922996,124.53520622326141,174.62654239206313,146.9312204287562,279.5707805697093,0.02218815617408555,true
extreme-hot-180,66,least-loaded,8909,0.7721405320462453,25.40665250016007,60.43162666281569,75.89568310953837,9.166984652991232,31.06974901846843,0.011684057290759163,true
extreme-hot-180,66,prefix-affinity,8909,0.9968571107868448,33639.38951961542,72241.70319457186,75770.87477386647,75754.84587180591,76419.20930187011,1.8452779306327387,false
extreme-hot-180,66,bounded-affinity,8909,0.9785610057245482,24.060686061755273,42.940187742817216,54.919677844649414,24.72499410446835,31.499479095502465,0.573648469943968,true
extreme-hot-180,67,random,9120,0.7769736842105263,46.14115318940865,116.20546575246408,170.35155413782195,141.44109873130947,279.0737086274221,0.024777865646649716,true
extreme-hot-180,67,least-loaded,9120,0.7760964912280702,25.37499526473119,60.36439501825225,74.05810911312437,12.37178400490302,33.67682932081152,0.008843153987452,true
extreme-hot-180,67,prefix-affinity,9120,0.9972587719298246,33346.22668130976,72771.04392287236,75914.06319185236,75891.63321679994,76862.68008790218,1.8371731464244783,false
extreme-hot-180,67,bounded-affinity,9120,0.9744517543859649,24.060969008578038,43.151079133145686,56.95322133705122,24.799781667328716,58.88880413119114,0.5663956176551491,true
extreme-hot-180,68,random,9069,0.7704267284154813,49.56745802590646,130.94747546844883,193.756822929201,168.25072278804146,387.2647139573419,0.023978142952835773,true
extreme-hot-180,68,least-loaded,9069,0.7702061969346125,25.84386393670672,61.82776510055919,75.21130552908289,15.937177387153497,30.628864733058435,0.015580801493439968,true
extreme-hot-180,68,prefix-affinity,9069,0.9964714963060977,32940.40353057003,72230.17841125991,75852.71131034987,75838.25167690209,76734.01127774085,1.8302288457940754,false
extreme-hot-180,68,bounded-affinity,9069,0.976072334325725,24.17275631683522,43.01310588351407,56.4716103402734,24.764040386275155,32.94273151640846,0.5712632647004148,true
extreme-hot-180,69,random,8982,0.7655310621242485,48.210403592896874,122.9085599049431,191.03587421105112,158.11476342973947,327.61568509813696,0.017891565207064697,true
extreme-hot-180,69,least-loaded,8982,0.7690937430416388,25.526992870670956,60.534112576664484,73.77284760104521,9.777534915287106,27.040035981808614,0.005882710402698402,true
extreme-hot-180,69,prefix-affinity,8982,0.995769316410599,32430.976155925655,70849.96464978158,74310.68146182282,74285.25787729885,75127.58678180221,1.8398473147423213,false
extreme-hot-180,69,bounded-affinity,8982,0.9769539078156313,23.974204272613523,43.13258762849728,53.533265059493715,24.725041960591625,35.6235693415656,0.5804844545606196,true
extreme-hot-180,70,random,9063,0.7747986317996248,48.176837761004755,123.13086870714324,193.89796094270423,166.2687819137609,380.10075671170125,0.02255652012137558,true
extreme-hot-180,70,least-loaded,9063,0.7724815182610615,25.553120855321218,60.912694624625146,76.1160547743566,11.959018882485907,32.652450499594124,0.013286235776037514,true
extreme-hot-180,70,prefix-affinity,9063,0.995696789142668,32162.857484968383,71283.65071085934,74597.1651052899,74580.22109117622,75321.35060019161,1.8324923303129617,false
extreme-hot-180,70,bounded-affinity,9063,0.9766081871345029,24.02412715187835,42.93447668234148,55.62727197870845,24.784428832339472,38.649235940181825,0.5777345372647095,true
extreme-hot-180,71,random,9004,0.7773211905819636,45.99083074785717,116.48803238072651,166.01054115701845,133.36075191282362,249.2243144245731,0.035448860758182654,true
extreme-hot-180,71,least-loaded,9004,0.7796534873389604,25.179676527753696,60.420454704071744,73.66979329858441,10.89516942390037,22.18019367764282,0.007481952596561969,true
extreme-hot-180,71,prefix-affinity,9004,0.9963349622390049,34729.24921475754,74581.79931985117,77874.23094052769,77859.29388312451,78752.8216664682,1.8786135154162134,false
extreme-hot-180,71,bounded-affinity,9004,0.9763438471790316,23.989990699446015,43.539638546364586,54.73322793879015,24.754083362153324,31.94990402523763,0.5651066213910488,true
extreme-hot-180,72,random,9148,0.7644293834717971,51.93088441800109,137.55624612416068,216.99113580810808,184.95336310061612,386.9451075025645,0.016511612470566026,true
extreme-hot-180,72,least-loaded,9148,0.7643200699606472,26.053268847201277,61.82817008397251,76.7475324071711,12.455456459338166,28.730776776807033,0.015307552826055313,true
extreme-hot-180,72,prefix-affinity,9148,0.9965019676432006,32974.546370975804,73056.47887779892,76383.22547203786,76370.76786673622,77354.0245955538,1.8280843187963969,false
extreme-hot-180,72,bounded-affinity,9148,0.9760603410581548,24.089902122194875,42.87641018116119,56.58781956122766,24.743649883792386,35.62958843257002,0.5597694919521131,true
extreme-hot-180,73,random,9103,0.7790838185213665,46.57288435331003,120.82449229276244,177.183614280053,146.62506258339272,338.6424792952639,0.016652893588310885,true
extreme-hot-180,73,least-loaded,9103,0.7786444029440843,25.204279679962053,59.97691924768151,75.26946354715437,9.982077799082617,30.29826142470847,0.010208210617372974,true
extreme-hot-180,73,prefix-affinity,9103,0.9965945292760628,33569.38085988013,73088.97218521079,77125.34381878204,77110.63741169311,77974.57052789419,1.8473957771978313,false
extreme-hot-180,73,bounded-affinity,9103,0.9781390750302098,23.994354116679045,43.24103003990058,53.80117607411739,24.799325056868838,34.29616648713636,0.5601515846722972,true
extreme-hot-180,74,random,8888,0.7848784878487849,46.69439851683478,127.63252796856614,204.4912680477828,171.45408502980354,341.9807309702337,0.029496743641910177,true
extreme-hot-180,74,least-loaded,8888,0.7806030603060305,25.19323040933929,60.67155376475421,75.06610217887282,12.25371278874809,31.004929639460897,0.006608704009361022,true
extreme-hot-180,74,prefix-affinity,8888,0.9972997299729973,32466.738192371744,70538.23828578561,74108.36468140522,74089.95842036177,74889.08551943631,1.860130476432628,false
extreme-hot-180,74,bounded-affinity,8888,0.9774977497749775,24.046657262112987,43.28880515033961,54.175874061938885,24.763786644045467,34.091516258009506,0.5912279001220055,true
extreme-hot-180,75,random,8942,0.7748825766047864,47.541982239294136,122.09245582010772,173.9620358351458,148.54972430121416,263.0142266095172,0.030439252220384242,true
extreme-hot-180,75,least-loaded,8942,0.7782375307537464,25.505818651547955,61.52809718791468,74.94372316453337,13.264498006101348,36.33910852667759,0.011103269685120019,true
extreme-hot-180,75,prefix-affinity,8942,0.9964213822411093,33275.01236682995,72127.34370705356,75701.40538255946,75686.05980912282,76559.0123784504,1.8645669606193107,false
extreme-hot-180,75,bounded-affinity,8942,0.977074479982107,24.077731232493086,43.317677140694286,56.50501691507816,24.81333827848721,40.246910413492515,0.577819138973442,true
extreme-hot-180,76,random,9080,0.7786343612334802,48.17071541108509,129.09873334085933,201.92426673964655,171.34588072927,273.7384510644915,0.022216577511337068,true
extreme-hot-180,76,least-loaded,9080,0.7784140969162996,25.219483443704,60.68190375369886,74.88006842591858,11.046070554868493,27.966427787374414,0.00458562269212594,true
extreme-hot-180,76,prefix-affinity,9080,0.9964757709251101,34670.158906004515,74538.62403163483,78199.44131803373,78180.71525177316,79091.88908792412,1.865358225654751,false
extreme-hot-180,76,bounded-affinity,9080,0.9783039647577092,23.910046111403762,42.76501732973338,54.11859842797821,24.755531755738048,32.622624265160994,0.5597383146940135,true
extreme-hot-180,77,random,9138,0.7716130444298533,47.59783029321842,126.20189656162984,185.70586663932772,156.72434537510708,303.12238150747726,0.030368345273255538,true
extreme-hot-180,77,least-loaded,9138,0.7720507769752681,25.760285700461296,61.635109414455655,76.15302588482155,14.765989536812413,38.46513496780972,0.01385816388974461,true
extreme-hot-180,77,prefix-affinity,9138,0.9972641715911578,33445.04710801405,73217.14364736616,76578.29141233215,76560.81234015935,77317.0542120717,1.829520528133329,false
extreme-hot-180,77,bounded-affinity,9138,0.9774567739111403,24.03362662277424,42.93403324300016,54.29643878778006,24.757197667917353,32.080784925230546,0.5591750395010907,true
extreme-hot-180,78,random,8938,0.7794808682031774,47.260698550089266,127.53134975914509,194.09672297618454,164.98762941959285,273.6275220889729,0.024743661100988874,true
extreme-hot-180,78,least-loaded,8938,0.7764600581785635,25.310672826762193,60.556919504691905,74.81946536983924,13.132661390278372,37.012636800005566,0.0137497073613508,true
extreme-hot-180,78,prefix-affinity,8938,0.996531662564332,32920.33547783507,71593.86419267271,74818.81286213282,74796.02514019373,75669.79679229573,1.8474784916890399,false
extreme-hot-180,78,bounded-affinity,8938,0.9782949205638846,23.97312925385463,42.89068047276669,55.6179476671241,24.813233661298,34.10066750994156,0.576214648415999,true
extreme-hot-180,79,random,8994,0.7760729375138982,47.48063415635039,125.65622971454286,197.99509717611727,167.57467542118684,304.69752023141336,0.03419672331972176,true
extreme-hot-180,79,least-loaded,8994,0.7760729375138982,25.509490959821573,61.110975704330485,75.80448472098215,13.144542699910744,27.8532368758315,0.008481494305119916,true
extreme-hot-180,79,prefix-affinity,8994,0.9966644429619747,33111.02928802694,72443.9332273687,76007.5866131232,75987.65670393842,76745.4030467673,1.8592585018256622,false
extreme-hot-180,79,bounded-affinity,8994,0.9754280631532133,24.16734859100152,43.227323400671594,55.990223112032254,24.797730786194734,34.08503953273612,0.5737264146275117,true
extreme-hot-180,80,random,9047,0.7667735160826793,48.513859289517725,125.3289549635956,180.98249765990477,150.10434617437932,272.639816109433,0.023642379841057312,true
extreme-hot-180,80,least-loaded,9047,0.7707527357134962,25.657498063964372,60.96186361463333,74.89508574134379,11.841260842336851,28.310353720842613,0.012471563637187297,true
extreme-hot-180,80,prefix-affinity,9047,0.9964629158837184,34317.86410392805,73597.04695635209,77282.84269589875,77266.27773760408,78193.5267286572,1.8419148036287762,false
extreme-hot-180,80,bounded-affinity,9047,0.9780037581518736,24.11003983075562,42.98003491914642,54.59969886850922,24.773425031486113,33.61361193093762,0.561010457368412,true
extreme-hot-180,81,random,8935,0.770341354224958,46.313052288761035,118.592579769429,187.20111193378398,155.7830196640134,349.68330836070527,0.013020361506911724,true
extreme-hot-180,81,least-loaded,8935,0.7701175153889199,25.395429524812407,60.318473320192425,75.0404183088176,11.502117491778336,37.91572453737899,0.008608138076829459,true
extreme-hot-180,81,prefix-affinity,8935,0.9970900951315053,32547.773849743575,70975.95692493301,74096.23964622003,74077.60165830754,74901.6616359817,1.833852122857016,false
extreme-hot-180,81,bounded-affinity,8935,0.9777280358142137,23.951713598736855,42.735766781413986,54.158318403369776,24.740874644321593,31.635234991277684,0.5830679366078262,true
extreme-hot-180,82,random,9026,0.7781963217372037,45.542276113106304,117.33889736063429,173.18590755119658,143.49246590007897,277.8605004322235,0.023588251096198734,true
extreme-hot-180,82,least-loaded,9026,0.7804121426988699,25.088091536842324,59.75514951763034,73.90299314937147,10.703517281077438,29.255858033568074,0.014724230491483721,true
extreme-hot-180,82,prefix-affinity,9026,0.9972302237979171,33431.31718335915,73075.36459188371,76490.54062150576,76467.41597158171,77377.71577473244,1.8677900732865016,false
extreme-hot-180,82,bounded-affinity,9026,0.9783957456237536,23.994443954906252,43.2789450987766,54.377960461439216,24.770356018161692,29.89615388504899,0.574134107858817,true
extreme-hot-180,83,random,8954,0.7660263569354478,47.52481244756404,124.59541625992279,177.00479239919514,150.923092591569,289.2198731867611,0.03105429197755229,true
extreme-hot-180,83,least-loaded,8954,0.7709403618494528,25.53071796490729,60.436041929759085,74.36957150775561,11.439466700219782,29.99980214329844,0.009553489092788891,true
extreme-hot-180,83,prefix-affinity,8954,0.9967612240339513,32069.989822497148,70668.80302628328,74061.94196408305,74040.11157685179,74911.08640048122,1.8343471158067937,false
extreme-hot-180,83,bounded-affinity,8954,0.9822425731516641,23.77862822150785,42.5965677113054,51.370639643973846,24.768188748650573,35.57360146156134,0.5750115451059022,true
extreme-hot-180,84,random,8963,0.7821042061809662,46.89658486803162,122.04773337935694,185.4177104108967,153.22138678868941,343.37679688782737,0.022368403533525396,true
extreme-hot-180,84,least-loaded,8963,0.7781992636394065,25.431161517050285,60.815988786784146,75.2396289070457,13.860645313819987,28.6793489755255,0.008487358716612223,true
extreme-hot-180,84,prefix-affinity,8963,0.9959834876715385,33547.33901146112,73006.61656525936,76321.21229750989,76303.28991911639,77135.80729356044,1.8720946114029084,false
extreme-hot-180,84,bounded-affinity,8963,0.976012495816133,24.183628675053242,43.34117657659954,54.846979950380046,24.79050537688454,37.55408531452122,0.5832321014767365,true
extreme-hot-180,85,random,8903,0.7720992923733573,46.62570898610688,121.23716421127392,175.59767345883301,141.16709734669712,245.95651628923224,0.023839613847481976,true
extreme-hot-180,85,least-loaded,8903,0.7673817814219925,25.700473873224897,61.55035879614297,75.16560749728887,10.590485129330773,31.33028081784505,0.007506382617492767,true
extreme-hot-180,85,prefix-affinity,8903,0.9962933842524991,33074.485761457785,71498.84914627971,75025.21278363597,75009.79149273544,75760.49463156548,1.8520762768145875,false
extreme-hot-180,85,bounded-affinity,8903,0.9758508367965855,24.12583640816075,42.89780491714555,55.71960419345123,24.725502112272807,38.698155032951036,0.579322111163091,true
extreme-hot-180,86,random,9020,0.7707317073170732,48.191740212564234,123.6835688540159,177.29225793303704,151.30793937412454,269.83567217967357,0.02907061022324511,true
extreme-hot-180,86,least-loaded,9020,0.7709534368070954,25.600526738170068,61.52805102417187,75.73838907701975,11.64053941387101,30.271611976371787,0.00824837487368294,true
extreme-hot-180,86,prefix-affinity,9020,0.9975609756097561,33238.786060070874,72517.98009352584,75767.3900086933,75753.74598576254,76541.18301029973,1.8407248462584949,false
extreme-hot-180,86,bounded-affinity,9020,0.9777161862527716,24.08284556537783,42.741432133821945,52.71962562533372,24.787688775475544,31.31244579809936,0.574669588778596,true
extreme-hot-180,87,random,9056,0.7670053003533569,49.50820790266769,129.57874047720543,202.07211128323252,171.45068433070264,355.3973736895132,0.03690377002811302,true
extreme-hot-180,87,least-loaded,9056,0.7712014134275619,25.570340388342437,60.911707245097205,76.36379899142776,11.075150934353587,25.822503086426877,0.008356641392373486,true
extreme-hot-180,87,prefix-affinity,9056,0.9961351590106007,33238.37218167105,72262.38652373166,75517.00373462468,75500.33159982046,76426.38279662553,1.837185145053258,false
extreme-hot-180,87,bounded-affinity,9056,0.9769213780918727,24.068558552259507,42.90981063184336,53.284620181348146,24.79245895283384,32.4427738585382,0.5727904066002323,true
extreme-hot-180,88,random,8897,0.7702596380802518,48.70267040671336,126.95842456325772,197.60333905842708,164.89982766587127,267.35354762549105,0.03286593697337972,true
extreme-hot-180,88,least-loaded,8897,0.770596830392267,25.503296377633056,61.014753234954696,74.45020586663304,10.469128307748178,33.10401677744085,0.01217900095526955,true
extreme-hot-180,88,prefix-affinity,8897,0.9961784871304934,32043.296292950694,69875.22238715322,73423.74632898124,73408.60908414325,74215.20950527053,1.853896332605362,false
extreme-hot-180,88,bounded-affinity,8897,0.9778577048443295,23.90746519349036,42.91041796523314,53.05564850577866,24.710025397333084,31.56509798742445,0.5885098416030926,true
extreme-hot-180,89,random,9018,0.779441117764471,47.746415777114784,128.45152653015975,200.04743366142793,169.19888254714897,332.9872630575337,0.019364073431946575,true
extreme-hot-180,89,least-loaded,9018,0.7806609004213795,25.107035793513603,60.24738418462948,74.51899554732518,10.049113573237264,26.64430824648298,0.012081342641282019,true
extreme-hot-180,89,prefix-affinity,9018,0.9971168773563983,34045.67012859957,73267.48449260453,76726.22095795925,76708.61027311833,77503.50287447282,1.859026567394031,false
extreme-hot-180,89,bounded-affinity,9018,0.980705256154358,23.867501981271925,42.4644512260511,51.01396023869347,24.735509049067332,30.628343897078594,0.569867540161297,true
extreme-hot-180,90,random,8967,0.7737258837961414,47.41670561962021,119.56745141831016,172.69600105845166,143.16124016264075,333.9637054171908,0.012693832024430068,true
extreme-hot-180,90,least-loaded,8967,0.7778521244563399,25.330549282669214,61.296834741868224,75.09777535390822,9.34582248537481,22.291012380474058,0.013025612957937869,true
extreme-hot-180,90,prefix-affinity,8967,0.9963198394111743,33098.93600865283,71733.86167829367,75267.27977608843,75249.72087136825,76194.33745326135,1.8507089768755611,false
extreme-hot-180,90,bounded-affinity,8967,0.9770268763243002,23.997721693658367,43.05238460923647,54.97003216750454,24.70927607900012,29.00574139958553,0.572767573062854,true
extreme-hot-180,91,random,9074,0.7768349129380648,47.39945437310042,123.3015887101792,188.79866527127888,161.60371441709867,301.47092725604307,0.031842972176242046,true
extreme-hot-180,91,least-loaded,9074,0.7794798324884284,25.11438458922642,60.63615382336866,74.19593275335683,9.734186832523847,32.17371939552686,0.008193557525262617,true
extreme-hot-180,91,prefix-affinity,9074,0.9969142605245757,35149.2529808603,75335.26184630473,79029.71300555948,79012.4784314235,79855.50304387714,1.8736133931941423,false
extreme-hot-180,91,bounded-affinity,9074,0.9775181838219088,23.98532239448629,43.1597662234708,54.76312027364838,24.743171148707916,33.07955673850665,0.5581899734572715,true
extreme-hot-180,92,random,9069,0.7783658617267615,48.67505138194528,128.07881149229797,189.3274492855562,160.24549071112415,248.78554042650103,0.02494003240970975,true
extreme-hot-180,92,least-loaded,9069,0.7803506450545815,25.331957167696036,60.501012741391605,74.61016385466064,14.014093776517257,41.8119667277133,0.008187329878177954,true
extreme-hot-180,92,prefix-affinity,9069,0.9962509648252288,33933.09928338717,73435.70217490318,77031.8241271013,77006.29261163423,77844.61034163192,1.8666058520784783,false
extreme-hot-180,92,bounded-affinity,9069,0.9749696769213805,24.186382233119602,43.49127328048053,55.80181734933649,24.808933511674695,33.18483680221834,0.5747178032952304,true
extreme-hot-180,93,random,9030,0.7741971207087486,47.70363118991343,125.69832137067715,202.41880293834038,170.74855971796933,292.408186593093,0.024521055090151903,true
extreme-hot-180,93,least-loaded,9030,0.7705426356589147,25.60733065251571,61.2987512789914,75.04457856170848,12.913675022025927,31.450435848462803,0.009072538940859534,true
extreme-hot-180,93,prefix-affinity,9030,0.9964562569213732,32044.25537392377,70630.6168986002,73888.81650820018,73874.54260354428,74671.55708725029,1.8355375020281643,false
extreme-hot-180,93,bounded-affinity,9030,0.9794019933554817,23.984835076952827,42.74221259475598,53.428294902594644,24.788283431909804,34.62727864165936,0.5826811045175975,true
extreme-hot-180,94,random,8946,0.774871450927789,46.86110502659647,121.90894220976406,178.36106200882932,151.22524150703248,248.53026511011922,0.022982466684087127,true
extreme-hot-180,94,least-loaded,8946,0.7719651240778002,25.60928107643149,61.143348007775785,73.95120692412456,13.654783650858008,28.090496143453493,0.006449051670938462,true
extreme-hot-180,94,prefix-affinity,8946,0.9972054549519338,32074.547414905563,70189.69139323689,73507.5689283752,73476.28909009838,74368.75678694551,1.8357349680460706,false
extreme-hot-180,94,bounded-affinity,8946,0.9785378940308518,24.00092586860976,42.59732802678627,54.314436908985954,24.768907781566668,29.62282608859823,0.5837439776854595,true
extreme-hot-180,95,random,9044,0.7726669615214506,48.399338126806036,125.40533441770094,181.99602249985037,151.2440951979006,275.89157081901067,0.02582880307581387,true
extreme-hot-180,95,least-loaded,9044,0.7726669615214506,25.41047745978957,60.85878669902377,74.3218920622785,11.300003829419438,26.426473039056873,0.016218906721146273,true
extreme-hot-180,95,prefix-affinity,9044,0.9969040247678018,33052.91796185415,71978.52403631072,75505.37163190224,75486.68596226859,76505.2890199983,1.8389060976980698,false
extreme-hot-180,95,bounded-affinity,9044,0.9775541795665634,23.969752790105964,42.78894813925217,54.962680848915625,24.68693317824909,35.50394357211917,0.5730678249413331,true
extreme-hot-180,96,random,9097,0.777618995273167,46.62691330951735,119.90369091841421,171.83642520518333,140.5245722465188,281.5421083748952,0.019318104652550298,true
extreme-hot-180,96,least-loaded,9097,0.7761899527316698,25.38560653982452,60.88474480437435,74.31745000833325,12.908285404984781,29.58269381198079,0.009221545655746163,true
extreme-hot-180,96,prefix-affinity,9097,0.9965922831702759,33547.929802392406,73172.98964730681,76273.49849905458,76253.37206583013,77058.37108284995,1.8551102453321817,false
extreme-hot-180,96,bounded-affinity,9097,0.9763658348906232,23.946945019462078,43.2402392533113,54.715748821006855,24.810233092255658,34.54472972861549,0.5697369178465659,true
extreme-hot-180,97,random,9146,0.7782637218456155,47.42538270460263,123.00512823987447,181.04676708127954,151.19400528819097,272.5813049913413,0.019784314743672517,true
extreme-hot-180,97,least-loaded,9146,0.7782637218456155,25.555960689152435,60.66110485017998,74.82326439263852,14.319907929566398,39.19681491616211,0.015873450082824144,true
extreme-hot-180,97,prefix-affinity,9146,0.9967198775420949,34960.551722622906,75678.11102041756,79283.10449529912,79268.59772206745,80234.4296881918,1.8746253592421338,false
extreme-hot-180,97,bounded-affinity,9146,0.9776951672862454,23.99647082039465,43.25074959336416,53.33837459071947,24.795333620575548,36.4246997247501,0.559474478375349,true
extreme-hot-180,98,random,9042,0.7746073877460738,46.34662778740659,120.48095194686175,175.01706642011413,149.0987656049001,223.13771956447454,0.024161340873442436,true
extreme-hot-180,98,least-loaded,9042,0.7754921477549215,25.286149284662017,60.83057981338061,74.6257776336206,10.098619375974522,21.563746702966455,0.010618445028330982,true
extreme-hot-180,98,prefix-affinity,9042,0.9950232249502322,33557.61625394271,72576.66721328926,75952.95591519892,75934.49960444018,76865.99215988419,1.8583679795591224,false
extreme-hot-180,98,bounded-affinity,9042,0.9743419597434196,24.09039646973294,43.26739543792064,55.43213939804809,24.742911202913092,29.54306231429655,0.5779042096854388,true
extreme-hot-180,99,random,9106,0.7768504282890402,46.675439359839054,120.44562423989191,172.01995504770457,140.6284995296519,318.5272280654099,0.01065418486212796,true
extreme-hot-180,99,least-loaded,9106,0.7758620689655172,25.25834499957498,60.768361932670814,73.24750715467235,11.69776055321563,26.86410453543067,0.012340487465889057,true
extreme-hot-180,99,prefix-affinity,9106,0.9973643751372722,34325.41888199219,74204.44320250588,77663.94737890946,77650.79333669574,78552.37506132715,1.8618490383911097,false
extreme-hot-180,99,bounded-affinity,9106,0.9793542719086317,23.95600508112334,43.195384191356425,52.80086118517647,24.80114239719842,31.87235076183424,0.5666293456173965,true
extreme-hot-180,100,random,9114,0.7772657450076805,47.109355781629375,122.6390796279411,175.41764860658805,147.23746893867792,314.4529800339078,0.037416321215880725,true
extreme-hot-180,100,least-loaded,9114,0.7767171384682905,25.318380343438463,60.539045637560776,73.3248123800513,11.544824458696894,27.949421481658646,0.009907778574335384,true
extreme-hot-180,100,prefix-affinity,9114,0.9967083607636603,33843.662255484494,73396.32265374038,76865.43942116655,76849.68275838741,77710.67331947648,1.8502255890811068,false
extreme-hot-180,100,bounded-affinity,9114,0.979372394118938,23.965555057754365,42.86191973204404,53.067190612475315,24.796691665356775,35.21411550663106,0.5643065150801927,true
extreme-hot-180,101,random,8913,0.7744867048131943,45.80213669186985,119.08600826519614,172.0456541589956,143.0087699552405,268.14704870356945,0.025339024506955066,true
extreme-hot-180,101,least-loaded,8913,0.7768428138673847,25.332495206836803,60.38136708625825,74.81838954361228,10.795088834805938,29.861895583548176,0.011198641727997454,true
extreme-hot-180,101,prefix-affinity,8913,0.9969707169303265,32872.583092063556,71267.54463646875,74614.58882539728,74601.61747818373,75328.29931518537,1.850082222993274,false
extreme-hot-180,101,bounded-affinity,8913,0.9782340401660496,23.933478970969652,43.00291905993436,53.81315268913022,24.768571925684228,30.344210006383946,0.577409429905857,true
extreme-hot-180,102,random,8982,0.772099755065687,48.558529358271755,128.0581162373419,190.64162452239543,157.7299158149981,338.1445406079074,0.02487212202545754,true
extreme-hot-180,102,least-loaded,8982,0.7784457804497885,25.309027760258186,61.039657848421484,75.854170490471,11.166373078107426,30.383043387089856,0.007396715472793368,true
extreme-hot-180,102,prefix-affinity,8982,0.9975506568692941,33631.72887525023,72689.61987910286,75913.6985203687,75900.7550622179,76683.16461853159,1.8588806639862148,false
extreme-hot-180,102,bounded-affinity,8982,0.9781785793809842,24.020896372949384,43.19276768797863,54.195727747028286,24.730527869531215,37.296928559444495,0.5707481985082302,true
extreme-hot-180,103,random,8939,0.7755901107506432,45.81506396159013,118.55048662879562,172.7387105773778,144.54080316286127,256.20944202334795,0.021987205142540482,true
extreme-hot-180,103,least-loaded,8939,0.7784987135026289,25.379617832282765,61.03068322605759,75.69235713156013,12.27649134688545,31.971400361646374,0.014494612900876605,true
extreme-hot-180,103,prefix-affinity,8939,0.9957489652086363,33051.98172076902,71894.4592229951,75192.78027654065,75177.30209571352,75953.623393193,1.8553078030953636,false
extreme-hot-180,103,bounded-affinity,8939,0.9732632285490547,24.240458989407784,43.425626963220566,55.88727731610379,24.762958728999365,31.144249186916568,0.5854279010348675,true
extreme-hot-180,104,random,8879,0.7764387881518189,46.156433318990665,118.75435937965995,177.06780856956175,144.652748644854,246.2311061933524,0.02740575385267504,true
extreme-hot-180,104,least-loaded,8879,0.7748620340128393,25.317684072941773,60.140821384055016,73.90851322666276,11.07376993305661,26.115279637997446,0.014122251490305139,true
extreme-hot-180,104,prefix-affinity,8879,0.9965086158351165,33404.31075262415,71534.02073882523,74940.52870060131,74922.84849402079,75812.29076263212,1.86364510739024,false
extreme-hot-180,104,bounded-affinity,8879,0.9788264444194166,23.90120546964131,42.56069109819509,53.32812312515307,24.75959574583976,27.927340810048918,0.5829861903138125,true
extreme-hot-180,105,random,8977,0.7687423415394898,47.60029111806667,122.91259242403612,172.77563000706505,145.8084527757128,281.228439151957,0.030858583071102213,true
extreme-hot-180,105,least-loaded,8977,0.7646206973376406,25.71553751187153,60.85901170051511,74.29696630648323,11.731160225164786,23.884543166706862,0.010179255395691955,true
extreme-hot-180,105,prefix-affinity,8977,0.9969923136905425,31990.721450454515,70117.4444623497,73532.04356840605,73516.01930347885,74357.73968204003,1.8349833829082818,false
extreme-hot-180,105,bounded-affinity,8977,0.9771638632059708,24.005142102445692,43.07006981433733,53.05155526049566,24.799068029045884,34.26607693295955,0.5790613508990495,true
extreme-hot-180,106,random,9083,0.7761752724870637,50.19415909947272,135.74078052418918,214.90144492870604,189.51741105812107,401.8013415450332,0.017159575498061297,true
extreme-hot-180,106,least-loaded,9083,0.7718815369371353,25.74463335741227,61.51781404778012,75.90855501220358,14.315724880158086,39.350393834254646,0.013319802738177226,true
extreme-hot-180,106,prefix-affinity,9083,0.9968072222833866,34929.805153611145,75526.22307687486,79070.49723601795,79052.57207039316,79874.30826940513,1.865150736310689,false
extreme-hot-180,106,bounded-affinity,9083,0.9778707475503688,24.019929404875796,43.220629671886854,54.86827435428859,24.759237786987796,30.900083508451644,0.558972454828919,true
extreme-hot-180,107,random,8906,0.777902537615091,45.88087955523016,118.13066595543205,171.99963257886702,143.3825768752904,241.72335672673216,0.019215705769539824,true
extreme-hot-180,107,least-loaded,8906,0.7726251964967438,25.3614812899702,60.51484994265047,73.32174082650818,11.285229167120633,22.876294265344768,0.010785685554339704,true
extreme-hot-180,107,prefix-affinity,8906,0.9971929036604537,32644.430068365735,70571.71406098292,74002.95441567265,73990.08887826088,74836.95690525373,1.8365102265749467,false
extreme-hot-180,107,bounded-affinity,8906,0.9793397709409387,23.893860702522378,42.84921722850413,52.55363477200444,24.760525328812946,28.72611544106985,0.5766918981683633,true
extreme-hot-180,108,random,9018,0.7760035484586383,47.62590436319436,123.54602173758758,187.827496803111,159.3727615573698,249.98554856509872,0.016343125103795143,true
extreme-hot-180,108,least-loaded,9018,0.7821024617431803,25.116342319196466,60.411690619825094,73.8934805298195,10.565686257854395,26.9232741934793,0.010568487512930784,true
extreme-hot-180,108,prefix-affinity,9018,0.9961188733643823,33626.98504886548,72627.25280219805,76319.30057801284,76305.93308938468,77198.23905205447,1.8567856825015006,false
extreme-hot-180,108,bounded-affinity,9018,0.9733865602129075,24.103743741044983,43.29504817778434,57.29915833507039,24.72925741495419,32.351096770311415,0.5745562057302449,true
extreme-hot-180,109,random,9098,0.7792921521213454,47.975020253467896,128.61679150012424,198.23577892915273,169.48251607571547,316.33451471929584,0.02306596374361586,true
extreme-hot-180,109,least-loaded,9098,0.7766542097164212,25.232940700476973,60.316900131845614,74.45597756400093,11.235434566015101,32.768962627607834,0.010293142803845674,true
extreme-hot-180,109,prefix-affinity,9098,0.9962629149263574,34962.036924681495,74451.08787046961,77929.11280904664,77914.54906744362,78926.82638769256,1.8655243219402151,false
extreme-hot-180,109,bounded-affinity,9098,0.9770279182237854,23.925264568728835,43.11491036580264,53.52710697500697,24.793182293236896,35.05224721304694,0.5658201171387736,true
extreme-hot-180,110,random,9103,0.77183346149621,46.77617955394629,120.47059653616452,183.87300632557162,154.80322498827445,290.92006052496436,0.014626087620907774,true
extreme-hot-180,110,least-loaded,9103,0.7699659452927606,25.40857632500409,60.67362516103458,74.84641250799177,9.214828731124726,30.304883333079488,0.01091810064204014,true
extreme-hot-180,110,prefix-affinity,9103,0.9956058442271779,33541.201303193906,73351.37739486939,76721.29033498102,76709.36375360456,77752.42349568999,1.8582607439220877,false
extreme-hot-180,110,bounded-affinity,9103,0.9775898055586071,23.934993521302673,42.88561553393811,54.17188329115015,24.720144112072376,33.73925037637673,0.5668744030269947,true
extreme-hot-180,111,random,9020,0.7716186252771619,47.604521493379664,127.21299216194893,179.83223717745022,152.78631467654486,305.3971547568981,0.026136552820027997,true
extreme-hot-180,111,least-loaded,9020,0.7767184035476719,25.31198404813241,60.62890435373629,74.80731445686979,11.771809072051838,28.259234992674465,0.013631489580734648,true
extreme-hot-180,111,prefix-affinity,9020,0.9967849223946785,33547.042962894455,72465.69806616599,76219.19980759578,76197.04602912141,77202.45950423954,1.84647661960743,false
extreme-hot-180,111,bounded-affinity,9020,0.978159645232816,23.892596824349624,43.00984043947392,54.563867237695376,24.77475943513673,35.699237720249585,0.5648587465556353,true
extreme-hot-180,112,random,9134,0.7711845850667834,48.49379794758648,123.14104592586227,198.65090764081833,163.65384303259634,414.9449588658608,0.024728447039633707,true
extreme-hot-180,112,least-loaded,9134,0.7741405736807532,25.36069672368914,59.97657756136323,74.54258884838782,9.920161156329414,25.557155186914315,0.00973290187124765,true
extreme-hot-180,112,prefix-affinity,9134,0.9966060871469236,33858.730003357705,74206.53661521926,77460.39120933555,77438.10479307063,78355.30298100767,1.8553608049253723,false
extreme-hot-180,112,bounded-affinity,9134,0.9770089774469017,23.99918556812164,43.203500238625566,54.77468400143334,24.750687111856678,36.19503116341366,0.5642862735754826,true
extreme-hot-180,113,random,9013,0.7738821701986021,46.94513609277856,120.21365431896993,176.3552730063093,143.4255603633137,296.321207296156,0.01819071740683047,true
extreme-hot-180,113,least-loaded,9013,0.773993121047376,25.612675013438636,60.78654424967135,74.21382310722402,11.016540168973734,40.27467929932027,0.009214108320251909,true
extreme-hot-180,113,prefix-affinity,9013,0.9972262287806501,32958.09185143746,72208.63151568623,75665.73021820583,75651.3523378122,76491.71354812293,1.8362126681165536,false
extreme-hot-180,113,bounded-affinity,9013,0.9781426827915234,24.00865749319429,43.11400267850877,55.05130301801182,24.80814873624695,34.19176785499985,0.5726601085593245,true
extreme-hot-180,114,random,8962,0.7760544521312207,46.30346270501285,117.89825665229364,177.93498707546678,144.39751702927606,392.47311844497744,0.014168360343815318,true
extreme-hot-180,114,least-loaded,8962,0.7762776166034367,25.357510509472064,61.648290940338484,75.36293814424789,12.398540142887214,38.967914975881285,0.014197306162304834,true
extreme-hot-180,114,prefix-affinity,8962,0.9966525329167597,33824.05620853745,72487.94853332001,76049.11031848303,76033.58861067935,76962.33991070543,1.8583500488723665,false
extreme-hot-180,114,bounded-affinity,8962,0.9776835527783977,23.994644281020374,42.90754777597613,53.90835887479261,24.757428350305418,32.62232024229161,0.5720729682426319,true
extreme-hot-180,115,random,8943,0.7722240858772224,47.927410321300684,123.74767488087673,183.24612610035547,156.03944437826794,282.0872402312525,0.026635449880459447,true
extreme-hot-180,115,least-loaded,8943,0.7768086771776809,25.113730690635606,60.44836750668037,74.29017481178016,9.674065741317463,32.14396416220188,0.009418890551467383,true
extreme-hot-180,115,prefix-affinity,8943,0.9965336016996533,32529.436963345033,70921.8703540584,73955.18624764847,73940.83696592494,74723.04898513277,1.8381386594351996,false
extreme-hot-180,115,bounded-affinity,8943,0.9785306943978531,23.84816681124816,42.879349504164566,52.9216022854489,24.72890490921418,30.89664571990579,0.5785197515057708,true
extreme-hot-180,116,random,9075,0.7755371900826447,47.19298193859521,120.82072228521793,190.1962795348736,157.3969256326418,369.9728390014934,0.014031914857539745,true
extreme-hot-180,116,least-loaded,9075,0.7789531680440771,25.285880622281454,60.75004718042328,75.70309673876181,12.278372272310662,25.72098686060781,0.009491846971177552,true
extreme-hot-180,116,prefix-affinity,9075,0.996473829201102,33078.47615368178,72453.38728389528,75756.03656285565,75741.02555198898,76625.20796313428,1.8317640697037627,false
extreme-hot-180,116,bounded-affinity,9075,0.980495867768595,23.870451745580024,42.71708486905118,52.2962921215767,24.720419906123425,35.245264612600295,0.5654610491833749,true
extreme-hot-180,117,random,8908,0.7798607992815447,46.2874604934317,121.9405237587489,168.36801181280316,142.28312153515435,298.55641242404454,0.026866758507664245,true
extreme-hot-180,117,least-loaded,8908,0.7800853165693759,25.090419830911536,60.480034982185316,74.5303515445994,10.145716659273603,31.102443578944076,0.01450255007590614,true
extreme-hot-180,117,prefix-affinity,8908,0.9960709474629547,32134.877733759018,70234.63271623448,73370.7784633646,73350.99672936775,74353.92224157785,1.862471858577816,false
extreme-hot-180,117,bounded-affinity,8908,0.9787831162999551,23.87721246021833,42.72192154387449,54.67013945835788,24.756710235393257,30.64198284624581,0.5931129599562524,true
extreme-hot-180,118,random,8857,0.7673026984306198,46.210750321903014,119.17690856307308,176.74266500368685,151.42790667611553,270.6918064040219,0.030437364496530006,true
extreme-hot-180,118,least-loaded,8857,0.7728350457265439,25.31890815959909,60.18982211319235,73.92805978023353,10.895171071013465,25.097850790043594,0.010319075699170222,true
extreme-hot-180,118,prefix-affinity,8857,0.9969515637348989,32519.456695825127,70742.3539877267,73833.97829278054,73806.189479014,74630.99646866761,1.8497918109650224,false
extreme-hot-180,118,bounded-affinity,8857,0.9769673704414588,23.924648664601957,43.26909884845372,55.01733467552185,24.783115272264695,37.56972986547771,0.5805382511579312,true
extreme-hot-180,119,random,9063,0.7681783074037295,49.12362650842244,125.72485434907139,181.36368032465543,153.68595454376555,356.73253584496706,0.0244578161341191,true
extreme-hot-180,119,least-loaded,9063,0.770164404722498,25.62130690687891,60.57310854410389,75.42562440891197,12.95370698413899,33.608118689026014,0.009324295853975364,true
extreme-hot-180,119,prefix-affinity,9063,0.9966898378020523,33037.37145246118,72069.50690928365,75476.73826023158,75462.71399830829,76258.22692810072,1.8333828601879774,false
extreme-hot-180,119,bounded-affinity,9063,0.9744014123358711,24.021592911822548,43.43063344445909,55.72010029643934,24.78660370430589,32.06334317664914,0.5636238485802962,true
extreme-hot-180,120,random,8883,0.764381402679275,47.74341837674533,122.52706848660455,177.67797152338244,151.03837522143294,223.9221537155354,0.0272119023420633,true
extreme-hot-180,120,least-loaded,8883,0.7707981537768772,25.472129899329175,60.483401289115136,73.1441702696975,10.311665144588915,22.405806674622,0.014987301061994807,true
extreme-hot-180,120,prefix-affinity,8883,0.99639761341889,31642.145287861356,69379.1075388338,72741.69247396018,72724.46358452941,73521.14240701462,1.8364414070871171,false
extreme-hot-180,120,bounded-affinity,8883,0.974445570190251,24.20863023795041,43.353947839685134,56.59215884299738,24.852276601704943,33.06507047403102,0.5922747383024127,true
extreme-hot-180,121,random,8996,0.7643397065362383,48.19998530847466,128.4329467045318,178.85999329160404,151.7445885911875,239.11654029807323,0.015021224349725115,true
extreme-hot-180,121,least-loaded,8996,0.7668963983992886,25.65508034112778,61.45455843509808,75.57575024524704,11.721017326693982,29.49090108022392,0.014617600427294335,true
extreme-hot-180,121,prefix-affinity,8996,0.996776345042241,32207.630804542205,70474.69261112454,73833.14996252565,73821.24480472073,74633.5334819302,1.8323265175543688,false
extreme-hot-180,121,bounded-affinity,8996,0.9772120942641174,23.971670206736665,42.80977047369743,53.77278970653424,24.792806146091607,32.446858942787,0.5794645742590001,true
extreme-hot-180,122,random,8990,0.7774193548387097,46.8164195064148,119.82042286985961,186.8607720193595,156.04366913272315,305.44221994371765,0.030464380347856788,true
extreme-hot-180,122,least-loaded,8990,0.7765294771968855,25.40229858195993,60.754186849546386,74.73771308820324,11.763604497813503,22.37940903445633,0.013376518475211246,true
extreme-hot-180,122,prefix-affinity,8990,0.9967741935483871,33696.98758910926,72886.08313995885,76469.59974984021,76450.43838021444,77314.43945369487,1.851447330464632,false
extreme-hot-180,122,bounded-affinity,8990,0.9760845383759733,24.10533619962615,43.24187604423787,55.26508142732928,24.828522972224164,32.118070053562406,0.5705797571110556,true
extreme-hot-180,123,random,8988,0.7691366266132621,48.941704949100924,125.47122480268263,186.45023329212563,155.19381247796264,312.05719298144686,0.02519606423286138,true
extreme-hot-180,123,least-loaded,8988,0.7656875834445928,25.748580687121333,60.83495153766489,75.25470763316116,12.680382255246514,36.57528403948527,0.003604895061778134,true
extreme-hot-180,123,prefix-affinity,8988,0.9963284379172229,32979.70717039526,71654.1323149881,74979.41445781867,74958.518848012,75928.19906684165,1.8398762543606175,false
extreme-hot-180,123,bounded-affinity,8988,0.9786381842456608,23.836707622953444,42.98340201473184,53.0103819558899,24.79329358610994,29.920997254106624,0.5754846583916453,true
extreme-hot-180,124,random,8997,0.7778148271646105,45.626464857588346,118.24059664488595,170.19019317883794,141.59460043755826,282.1869624100291,0.025511305384781066,true
extreme-hot-180,124,least-loaded,8997,0.7731466044236968,25.411791336113527,60.33496503186325,75.05372604339209,10.873302932486695,21.972118593315827,0.0116580538624816,true
extreme-hot-180,124,prefix-affinity,8997,0.9971101478270534,33718.24411834584,73314.70781348422,76640.24413727317,76623.53417463301,77410.53189436308,1.8599878803713157,false
extreme-hot-180,124,bounded-affinity,8997,0.9767700344559298,24.10156190094367,43.11038646876841,55.630463577799674,24.77010240756499,32.65952544501488,0.5779725468655477,true
extreme-hot-180,125,random,8977,0.7667372173331848,47.50087334034845,118.51068018950173,179.11549642052705,151.09991265252756,300.10785460406623,0.03148851180858613,true
extreme-hot-180,125,least-loaded,8977,0.7700790910103598,25.340931534526,60.25890055431228,74.3921600817448,8.892215548119566,21.839252831305203,0.01002010852861643,true
extreme-hot-180,125,prefix-affinity,8977,0.9971037094797817,33390.89369509318,71943.60794251825,75448.79856156584,75427.90296779003,76228.86249964757,1.8394348908041038,false
extreme-hot-180,125,bounded-affinity,8977,0.97460176005347,24.06818631738232,43.19411092365044,54.66150580584144,24.728348939228454,34.38674364409235,0.5713829439829302,true
extreme-hot-180,126,random,8957,0.7690074801830971,47.44945967685078,122.07153106178885,176.96191111647204,144.62068840267602,230.19066972211112,0.020299407051465858,true
extreme-hot-180,126,least-loaded,8957,0.7684492575639165,25.891330827354608,61.581645418415064,76.1460058726152,14.141454465314382,47.123881708597764,0.013669162841637644,true
extreme-hot-180,126,prefix-affinity,8957,0.9962040861895723,32515.54413444316,70896.05953779578,74258.45059263939,74243.7505375124,75047.0393914659,1.8446553845837002,false
extreme-hot-180,126,bounded-affinity,8957,0.9765546499944178,24.041877582870583,43.2853100261018,53.15752815234009,24.75919780445838,33.58363119151909,0.5793699076720906,true
extreme-hot-180,127,random,9072,0.7709435626102292,50.153495334829486,135.11888299148995,197.319863306795,170.42313754914358,373.8221935156762,0.02146508179906454,true
extreme-hot-180,127,least-loaded,9072,0.7763447971781305,25.49985527101754,60.93947000772823,75.37879690568298,14.136640991702734,33.02988635894144,0.010374496565552387,true
extreme-hot-180,127,prefix-affinity,9072,0.9966931216931217,33950.407451559586,73694.26454319296,77059.38276674839,77042.27573447302,77901.09666887016,1.853252747228713,false
extreme-hot-180,127,bounded-affinity,9072,0.9748677248677249,24.088151346935824,43.38919304729279,55.75814080469354,24.813634460933827,34.97247526992578,0.5650116041255964,true
extreme-hot-180,128,random,8773,0.7772711729169042,45.604987800470404,115.224268355385,175.41293870336085,146.5276733822975,263.2383884506853,0.03318239551983151,true
extreme-hot-180,128,least-loaded,8773,0.7772711729169042,25.252120200047226,60.60405357142736,72.5248857384504,10.005995297502523,25.371578848644276,0.013585172717015419,true
extreme-hot-180,128,prefix-affinity,8773,0.9971503476575858,32438.05597723786,70106.68172790241,73407.69073220843,73388.83080340899,74177.68396650025,1.8539761862747612,false
extreme-hot-180,128,bounded-affinity,8773,0.978570614385045,24.1042078502009,42.88431208777911,54.340246188177844,24.709684430048583,28.79603424218294,0.5945070292347494,true
extreme-hot-180,129,random,9044,0.7748783724015922,48.1534787027805,125.34457137675781,189.76669472744834,163.05296238069423,351.06832591715647,0.024951810364001997,true
extreme-hot-180,129,least-loaded,9044,0.7681335692171606,26.06129525066194,61.81792853601655,75.05436627296876,15.84253523931693,38.835413724584214,0.011256092218339737,true
extreme-hot-180,129,prefix-affinity,9044,0.995687748783724,32501.65355403503,71988.58900054243,75424.16120611077,75404.44067819863,76175.4457831099,1.8486106723359865,false
extreme-hot-180,129,bounded-affinity,9044,0.9760061919504643,24.10637313697654,43.08179918069072,56.47895523566331,24.78409933560397,32.5406495498537,0.5763078580487709,true
extreme-hot-180,130,random,9108,0.7692138779095301,48.69883096083707,128.89906239617267,196.99589418186224,164.36336811724686,322.2321033585213,0.040829101828005136,true
extreme-hot-180,130,least-loaded,9108,0.7683355292050944,25.581302829638485,60.8502118951219,75.24715545103027,11.679080103494925,32.5918652600958,0.0072550347648308285,true
extreme-hot-180,130,prefix-affinity,9108,0.9968159859464207,33844.524477730985,73493.82726983535,76718.36986205714,76706.12588086816,77635.04717499271,1.849414405188704,false
extreme-hot-180,130,bounded-affinity,9108,0.9773825208607817,23.905126047480508,42.830341988632426,52.88133980150451,24.750520861322002,33.091152353685175,0.5611361631209584,true
extreme-hot-180,131,random,8896,0.7769784172661871,46.14470231296063,117.75747152869735,172.54510369631316,141.2297141536401,278.98877168634135,0.02408330919640145,true
extreme-hot-180,131,least-loaded,8896,0.7763039568345323,25.223455309616053,60.80830688698188,72.88092576480994,11.790551803151175,34.996412855596645,0.010042221455837379,true
extreme-hot-180,131,prefix-affinity,8896,0.9964028776978417,33035.58574552858,71370.10414527333,74734.27019520206,74715.79630324352,75471.60207609131,1.8615570424866876,false
extreme-hot-180,131,bounded-affinity,8896,0.976056654676259,23.967695059409607,43.27268198413367,55.43506371428521,24.783039176538296,34.918515195802684,0.579137594927278,true
extreme-hot-180,132,random,9075,0.7730027548209366,47.86246396588046,123.92514324243166,181.97290501640964,154.1160703730675,276.53264850275445,0.019354395954624255,true
extreme-hot-180,132,least-loaded,9075,0.7731129476584022,25.498144535012305,60.929265374030365,74.2336681197703,10.95306391325721,24.732900884155242,0.012972226961812602,true
extreme-hot-180,132,prefix-affinity,9075,0.9954820936639118,33618.29717920241,73142.02203796469,76641.89446806553,76627.91145305234,77574.5403224772,1.8563975383593887,false
extreme-hot-180,132,bounded-affinity,9075,0.9755371900826446,24.213977443012002,43.207449545403506,55.009054306905455,24.819788154796697,31.923208985681413,0.5731661963252879,true
extreme-hot-180,133,random,9020,0.7696230598669623,49.95185662542627,131.7093528017358,217.13351532529487,189.63603656176565,344.33530015386714,0.019938018128575746,true
extreme-hot-180,133,least-loaded,9020,0.7688470066518847,25.781197841790352,61.96924068350927,76.0980121563698,11.606023305903364,28.879224875992804,0.013752870682664415,true
extreme-hot-180,133,prefix-affinity,9020,0.9975609756097561,33271.721547442015,72344.4661046883,75788.91862251479,75770.39247975426,76549.04974548647,1.8465746675775658,false
extreme-hot-180,133,bounded-affinity,9020,0.9777161862527716,24.020239780898763,42.88267127869767,53.38949317508377,24.784435435223713,29.109959937544772,0.5709548025168959,true
extreme-hot-180,134,random,9053,0.7715674362089915,49.450875810761886,130.64772109563637,189.91512593574225,165.34396603967252,269.43094591849876,0.026422181556553112,true
extreme-hot-180,134,least-loaded,9053,0.7728929636584557,25.677041778001616,61.72507206350747,76.91262241760342,13.064501753993682,28.480902159950347,0.01081453183751954,true
extreme-hot-180,134,prefix-affinity,9053,0.9956920357892411,32437.1068588792,71395.0431808685,74766.7918842035,74750.62295185948,75577.86511051722,1.835782795390744,false
extreme-hot-180,134,bounded-affinity,9053,0.9747045178393903,24.07840642686167,42.97095519681898,55.57436624664115,24.730354802217335,34.120559203624,0.5780996949361815,true
extreme-hot-180,135,random,9055,0.771507454445058,49.577012683671256,129.57638946918814,200.41486115888983,171.94122779876488,369.09166923793236,0.015344999049826382,true
extreme-hot-180,135,least-loaded,9055,0.7764770844837107,25.368983678224872,60.888557598067564,73.58738256130164,10.22920839202925,24.144716481197975,0.01176841661236916,true
extreme-hot-180,135,prefix-affinity,9055,0.9966869133075649,33507.46200208532,73047.40462590783,76340.89851166203,76324.38833568501,77130.30335146925,1.854322690814858,false
extreme-hot-180,135,bounded-affinity,9055,0.97923799006074,23.95418448380624,43.09931418279666,54.09334388663592,24.757873869948526,30.041639812785434,0.5715218118807629,true
extreme-hot-180,136,random,8836,0.773766410140335,45.46188130192907,112.09571398200933,164.09512116832047,127.62958377170435,275.4680485331428,0.024799328062719332,true
extreme-hot-180,136,least-loaded,8836,0.7717292892711635,25.513954809632867,60.543011716450565,76.09381705841224,10.026689203943533,26.477532553471974,0.008926870216482072,true
extreme-hot-180,136,prefix-affinity,8836,0.9969443186962427,32223.76479819011,70102.99493840407,73322.60472313894,73308.76708824802,74178.32422138908,1.8409742340181108,false
extreme-hot-180,136,bounded-affinity,8836,0.9786102308736985,23.979053406589127,43.04400797577546,54.122494503066264,24.751158794897492,30.545811415657226,0.5794391811166176,true
extreme-hot-180,137,random,9014,0.7741291324606168,46.5037815275491,119.64842207593028,179.4847242919277,148.6751630994986,286.6435825430599,0.024430476140686882,true
extreme-hot-180,137,least-loaded,9014,0.7777901042822276,25.33681533066179,60.68835872451018,74.35322507920864,11.779604998293507,28.721367614773044,0.011173332019419863,true
extreme-hot-180,137,prefix-affinity,9014,0.9960062125582427,32776.109639602124,71537.34990432867,74716.1458955057,74704.86763569899,75514.51652888057,1.8442956597363365,false
extreme-hot-180,137,bounded-affinity,9014,0.9768138451297981,24.102830333833516,43.11356358148623,54.64084822026416,24.784829804626497,34.456354329246096,0.5816739854383128,true
extreme-hot-180,138,random,8861,0.771696196817515,48.42399275445967,127.26048928378441,191.47657937990152,163.27627873599704,297.5057403681931,0.026897371183771897,true
extreme-hot-180,138,least-loaded,8861,0.7733890080126397,25.538823585943774,60.70141419756692,75.0056737179475,11.878758938801184,27.09425180969629,0.013962718550930793,true
extreme-hot-180,138,prefix-affinity,8861,0.9965015235300756,33621.08476931172,72195.82996635765,75525.6689895965,75504.72750430678,76369.2620103056,1.8607844178275323,false
extreme-hot-180,138,bounded-affinity,8861,0.9756235187902043,24.081102374352263,43.33072372172319,55.81020211027317,24.78069995964688,31.567715556840994,0.5799651743522716,true
extreme-hot-180,139,random,9003,0.7752971231811618,47.149881680411,122.26545749685101,175.85383676804486,147.40514436778176,300.1190670959695,0.01964580519477975,true
extreme-hot-180,139,least-loaded,9003,0.7836276796623348,25.05041902139453,60.026968784422934,74.67612938755337,11.356955406019551,23.54781100114633,0.00919141782739958,true
extreme-hot-180,139,prefix-affinity,9003,0.9965567033211152,33212.79163200532,72186.55977466158,75527.2793733601,75513.97041870616,76396.29115932665,1.8605309447205034,false
extreme-hot-180,139,bounded-affinity,9003,0.9780073308897035,23.964759958449857,42.863426606996654,53.07212368841283,24.79427844654856,32.741347749913984,0.5732624099344674,true
extreme-hot-180,140,random,9062,0.7698079894063121,51.42472025112929,141.0656905499054,227.85247161783627,202.0734599885909,363.89893246896827,0.03010876930915186,true
extreme-hot-180,140,least-loaded,9062,0.7668285146766718,25.798249499257434,61.463605222923434,75.16590905205885,11.516669832446496,31.94968288668315,0.015464358986118896,true
extreme-hot-180,140,prefix-affinity,9062,0.9961377179430589,33290.91938738933,72892.61402526242,76142.13399018381,76126.37177383473,76940.54582323984,1.8478559222257003,false
extreme-hot-180,140,bounded-affinity,9062,0.9775987640697418,23.90312478852689,42.747386824310524,53.4509904817678,24.7695466433579,30.791793356278504,0.5712412921620347,true
extreme-hot-180,141,random,9007,0.780504052403686,47.22761667572591,122.95073274103197,189.94767513997795,161.34166903526966,317.6337577055747,0.013860924569816437,true
extreme-hot-180,141,least-loaded,9007,0.779060730542911,25.344649919504754,60.69595227250102,73.8062219778949,12.514664249978523,35.49422612560738,0.01316300295432869,true
extreme-hot-180,141,prefix-affinity,9007,0.996336182968802,34116.89566301601,73486.86652903177,76902.7966252126,76887.63328075579,77697.06798185017,1.859699643477392,false
extreme-hot-180,141,bounded-affinity,9007,0.9776840235372488,23.962302596948522,43.008938283790485,53.91563607367607,24.78929914087348,29.91149084486824,0.5710340928867549,true
extreme-hot-180,142,random,9093,0.7741119542505224,46.885673225008006,122.01627535768785,185.63015782400907,156.4022507456175,266.86667304888033,0.026666315511789416,true
extreme-hot-180,142,least-loaded,9093,0.7789508413064995,25.437577264905222,60.891666983901814,76.00484140709887,12.722443949278386,29.181168704890297,0.0159986078631054,true
extreme-hot-180,142,prefix-affinity,9093,0.9971406576487408,33394.66590874694,72802.50413282131,76403.56019729217,76385.1157358432,77337.2765813266,1.8452825479322885,false
extreme-hot-180,142,bounded-affinity,9093,0.977235235895744,23.91056191666712,42.92090804462532,55.18805517499277,24.76172474787745,34.24141580251671,0.5656617752661394,true
extreme-hot-180,143,random,9036,0.7816511730854361,48.17330036866928,128.1438812931683,201.31309932847216,168.8906015085122,278.8016546080107,0.03512588731112086,true
extreme-hot-180,143,least-loaded,9036,0.7788844621513944,25.335689136648345,60.983789649682876,75.44324504164251,11.053190571677987,33.13628271259586,0.00780447383799384,true
extreme-hot-180,143,prefix-affinity,9036,0.9972332890659584,34008.19850959375,73851.4738218009,77445.41014588135,77431.39990795331,78304.20822381592,1.8693502764349992,false
extreme-hot-180,143,bounded-affinity,9036,0.979858344400177,23.941987240292473,43.159493053470214,52.98032484858413,24.778603140075575,29.48396801276249,0.5646309628967985,true
extreme-hot-180,144,random,9015,0.7773710482529118,45.763658688592166,115.11972517266258,167.072593239056,134.51313273239066,246.69616858033987,0.017186745016418318,true
extreme-hot-180,144,least-loaded,9015,0.776483638380477,25.49782889953767,61.033314030995825,76.45620098208019,11.283879031536344,33.28651863354753,0.010403889387861277,true
extreme-hot-180,144,prefix-affinity,9015,0.9961175818080976,34393.07802532789,73887.37715515774,77211.96779966693,77191.84485944333,78079.56650525233,1.8680382709672962,false
extreme-hot-180,144,bounded-affinity,9015,0.9773710482529118,24.09168280414886,43.061258129557245,53.378521962418745,24.765309431924834,30.63963439363215,0.5752192298153919,true
extreme-hot-180,145,random,9189,0.7738600500598541,50.474966594265055,131.42366525395482,214.79861810018338,182.40380175002065,346.3743478904289,0.011951801046325766,true
extreme-hot-180,145,least-loaded,9189,0.7722276635107194,25.73540015767398,61.991732792390394,74.96320069664216,12.37517801631111,24.90529865452845,0.01085875255734729,true
extreme-hot-180,145,prefix-affinity,9189,0.9973881815213843,35029.25850304208,75228.10951341856,79078.9237137878,79063.03863402276,80065.98990857415,1.8438644519590583,false
extreme-hot-180,145,bounded-affinity,9189,0.9773642398519969,24.0975751347121,43.112631964017055,55.18207804248232,24.805380939596944,32.66463461128296,0.5510337659201632,true
extreme-hot-180,146,random,9130,0.7728368017524644,48.83923081280547,128.10376755585094,196.0046881790331,163.33869589765527,325.5359753329976,0.02262730416158371,true
extreme-hot-180,146,least-loaded,9130,0.7725082146768893,25.511645250803085,60.80712869803028,75.51164967454679,13.800143213600677,31.220586817882577,0.009013482688552185,true
extreme-hot-180,146,prefix-affinity,9130,0.9971522453450165,33282.133924728485,73000.42432593986,76450.53027530498,76433.69946638981,77328.42099635063,1.8418061280577194,false
extreme-hot-180,146,bounded-affinity,9130,0.975355969331873,24.037458900355997,43.370885949196236,55.14920354438436,24.81699226119963,39.606010648760275,0.5635160184081806,true
extreme-hot-180,147,random,8905,0.7705783267827063,46.96705604502056,119.56992161207381,186.00251511895112,155.9323539157558,484.3431537340002,0.014726009944394169,true
extreme-hot-180,147,least-loaded,8905,0.7703537338573835,25.584093218595026,60.99929004709156,75.42317381077737,13.56773784890538,29.780216579209082,0.00910236910884545,true
extreme-hot-180,147,prefix-affinity,8905,0.9959573273441886,32665.422626762607,70690.54951402637,74162.89392793532,74147.93525487634,75084.53139241507,1.8527085071851914,false
extreme-hot-180,147,bounded-affinity,8905,0.9758562605277934,24.20274019061668,42.99178651614784,54.340525364572386,24.75779536360642,33.985838574531954,0.5854516623250714,true
extreme-hot-180,148,random,9080,0.7741189427312776,46.983411394680154,125.2185350526197,182.891710472235,155.8154880594957,301.9621933843009,0.03998540549820659,true
extreme-hot-180,148,least-loaded,9080,0.7672907488986784,25.536652502008643,60.7885057751555,73.80626722260058,10.41297499940265,36.8304704119364,0.01670520134455837,true
extreme-hot-180,148,prefix-affinity,9080,0.997136563876652,33496.49098233206,72994.95787730344,76315.69406826302,76299.02929477487,77118.03909146987,1.8330852215171485,false
extreme-hot-180,148,bounded-affinity,9080,0.9791850220264318,23.828304471153476,42.84741383589426,53.78591735919326,24.706742705224315,31.00420494514401,0.5604936865970541,true
extreme-hot-180,149,random,8969,0.7727728843795295,47.03497552834707,125.13362096354831,179.29295422614814,154.77392906923342,258.6082716073797,0.02341354830011932,true
extreme-hot-180,149,least-loaded,8969,0.7762292340283198,25.405479081022634,60.43754021653149,74.4943548883457,12.019305197231006,45.949238658129616,0.014471922357093677,true
extreme-hot-180,149,prefix-affinity,8969,0.9962091649013268,33633.23202209714,72939.1461826017,76509.61003490548,76494.24345517263,77184.40586527795,1.8648290855770293,false
extreme-hot-180,149,bounded-affinity,8969,0.9742446203590144,24.272550330789105,43.840563506124454,57.02384215807979,24.750059352300013,32.30243213003996,0.5762048911881087,true
extreme-hot-180,150,random,8929,0.7781386493448315,45.40741588075625,114.11923996718542,168.75179883336205,138.67625099635188,247.7160794169613,0.026661608747375394,true
extreme-hot-180,150,least-loaded,8929,0.7772426923507672,25.307728748679683,60.83536732902576,72.89627630423274,11.489061289186793,24.793868598622794,0.010788092842185439,true
extreme-hot-180,150,prefix-affinity,8929,0.9973121290178072,33799.870127567905,72638.0805567986,76077.20562288475,76061.85185961424,77034.78661860418,1.8721813935531983,false
extreme-hot-180,150,bounded-affinity,8929,0.9764811289058125,23.981644254786694,43.54762925720206,55.40299978254188,24.768258278505527,32.48023570148871,0.5762621659333174,true
extreme-hot-180,151,random,9060,0.7699779249448123,47.643550047048464,124.54351573961503,177.37908479583712,146.9079210927921,298.659574949299,0.011238527279535858,true
extreme-hot-180,151,least-loaded,9060,0.766887417218543,25.661024915113448,61.10940570404637,76.01145987860582,11.911421259821509,38.7779994264165,0.009936547909669706,true
extreme-hot-180,151,prefix-affinity,9060,0.9966887417218543,33123.70355343748,72295.57768787295,75684.19157158432,75667.76540653192,76563.94488444048,1.8299618403863347,false
extreme-hot-180,151,bounded-affinity,9060,0.9763796909492274,23.98540317699591,43.013395709996985,54.64049037708901,24.74539194897079,32.41836500462341,0.5612004071713957,true
extreme-hot-180,152,random,9041,0.7686096670722266,47.06247100921029,119.31728668541837,178.58948938339745,143.95774258843448,281.94126506302564,0.01963505197222142,true
extreme-hot-180,152,least-loaded,9041,0.7701581683442097,25.629223432225626,61.22662571185356,75.91955883711125,11.342967920078081,24.941585224125447,0.01126807191886863,true
extreme-hot-180,152,prefix-affinity,9041,0.9965711757548944,33318.69503394841,72525.79622310752,75853.56560026364,75834.87193526336,76646.461043491,1.838303682954372,false
extreme-hot-180,152,bounded-affinity,9041,0.9773255170888177,23.94872421224886,42.8764979116022,54.6449754573332,24.760337988591345,35.37853529435233,0.5696791491839638,true
extreme-hot-180,153,random,8938,0.7706422018348624,48.371250533021275,124.1783112956764,190.43919035697763,163.22514650675294,314.87400839992915,0.007757072442921831,true
extreme-hot-180,153,least-loaded,8938,0.7708659655403893,25.595237317115238,61.08914299812386,75.15313608338329,12.085586829762178,28.281044601579197,0.011054860905671341,true
extreme-hot-180,153,prefix-affinity,8938,0.99742671738644,32675.243712821597,70708.56959034558,74177.24208499992,74164.20991969015,74993.85325283282,1.8324640733638615,false
extreme-hot-180,153,bounded-affinity,8938,0.9777355113000671,23.996305518684125,42.702436105682864,54.144172410613464,24.781528618703305,29.628766458667087,0.5750490030709835,true
extreme-hot-180,154,random,9044,0.7766475011057055,47.06495335964731,121.90726274257395,171.88609044737677,143.34199656780766,272.83166820595216,0.029243626957941176,true
extreme-hot-180,154,least-loaded,9044,0.7758735072976559,25.26395493084944,60.472996361415426,73.16175685546477,10.578157153626307,28.86338569389045,0.00575996589840548,true
extreme-hot-180,154,prefix-affinity,9044,0.9967934542237947,34400.46546346632,74114.85726917506,77760.76481045003,77738.90476496078,78553.39665640732,1.860177223492757,false
extreme-hot-180,154,bounded-affinity,9044,0.9782176028306059,23.900121259048774,42.84134968875151,53.554777564095275,24.765766784839798,32.4444858932693,0.5598421097236355,true
extreme-hot-180,155,random,9175,0.7734059945504087,49.85105348078456,132.202421629132,194.23148115293952,167.303713045123,280.5064532879114,0.020773869937222713,true
extreme-hot-180,155,least-loaded,9175,0.7674114441416894,26.04821670444022,62.11493161697581,76.4233367475972,15.10315159282618,35.87694361626927,0.007280040399773364,true
extreme-hot-180,155,prefix-affinity,9175,0.99574931880109,33736.408833189904,74182.05248631278,77739.66132847889,77721.98523112826,78506.60970491428,1.8486740970920446,false
extreme-hot-180,155,bounded-affinity,9175,0.9755858310626703,24.07674592058918,43.218094637770264,55.44161356711993,24.764183023791702,35.03026017177763,0.5534482247904075,true
extreme-hot-180,156,random,9076,0.7661965623622742,48.74560397914351,129.06291716859414,190.2627197544134,161.40010655433616,293.7390079648212,0.02172554654927405,true
extreme-hot-180,156,least-loaded,9076,0.7686205376817982,25.86451108077503,61.57936486355902,75.7023910028438,13.421445535248495,35.40060333996371,0.009839778782539015,true
extreme-hot-180,156,prefix-affinity,9076,0.997465843984134,32518.34395979511,71764.83732057957,75187.27088310919,75172.9730314021,76130.98440636476,1.8173824734842634,false
extreme-hot-180,156,bounded-affinity,9076,0.9781842221242838,23.94307243696569,43.19141681315523,54.39142193094449,24.76872332853236,32.28923152121206,0.5631046302232848,true
extreme-hot-180,157,random,9072,0.7777777777777778,48.6359646857011,127.65624758559716,196.6501656153705,170.35677429022326,374.24541617630894,0.03453166135228793,true
extreme-hot-180,157,least-loaded,9072,0.7767857142857143,25.384892837240585,60.53357302581571,74.7354665155799,10.337160688370204,24.12994874492142,0.013879486731314084,true
extreme-hot-180,157,prefix-affinity,9072,0.9958112874779541,32241.570964607414,71489.00536421876,75004.23333534307,74992.21990017791,75845.6007654769,1.8488716306049537,false
extreme-hot-180,157,bounded-affinity,9072,0.9763007054673721,24.016047084407095,43.10857079921698,55.15539165739392,24.801788108008623,31.545203693007352,0.5808262797733181,true
extreme-hot-180,158,random,8915,0.7790241166573191,46.702166674503104,118.34105797720986,186.738327274099,157.0643590296313,307.17286684651845,0.02011398454316585,true
extreme-hot-180,158,least-loaded,8915,0.7725182277061133,25.62525420946263,61.65735338691593,76.70098417892586,13.250428771538282,30.528282480947382,0.00970480447369207,true
extreme-hot-180,158,prefix-affinity,8915,0.9970835670218733,33391.85514916714,72170.08052000368,75448.42290827096,75428.26783954262,76210.59507926207,1.8569507030632526,false
extreme-hot-180,158,bounded-affinity,8915,0.9795849691531128,23.959597184805574,42.63019814068684,52.302906852957676,24.753257975593442,32.99260742945626,0.5797733844531762,true
extreme-hot-180,159,random,8860,0.771331828442438,47.34913993302541,122.63654508419131,184.48208560149942,154.6459029969701,304.701786411013,0.025689487022799672,true
extreme-hot-180,159,least-loaded,8860,0.7724604966139955,25.545454766110215,61.00876881131262,75.03582136990735,11.444682708846813,36.45498525354196,0.0032692540724214374,true
extreme-hot-180,159,prefix-affinity,8860,0.9965011286681715,31522.303745885256,69029.49198670872,72578.62699701733,72565.30390387587,73511.98930024607,1.836758414202185,false
extreme-hot-180,159,bounded-affinity,8860,0.9744920993227991,24.21459372849862,43.501075420535926,56.07153876221855,24.778975933149923,33.180284201524046,0.5829225778064655,true
extreme-hot-180,160,random,9088,0.7791593309859155,45.122887923595776,117.50032294629636,167.9600304646956,141.40445989666478,237.70227474765852,0.023284685620866503,true
extreme-hot-180,160,least-loaded,9088,0.7673855633802817,25.52991303456269,60.19765396429284,73.24591449604486,11.629025791840832,36.48617881145765,0.009188979101320304,true
extreme-hot-180,160,prefix-affinity,9088,0.9975792253521126,33064.889280291376,72311.33257117265,75470.13837371377,75457.87692008854,76305.82326768857,1.8377078487055114,false
extreme-hot-180,160,bounded-affinity,9088,0.9785431338028169,23.806529782682183,42.64812508983596,52.267752164043486,24.74386749838959,34.79323428625503,0.5719189234016216,true
extreme-hot-180,161,random,9187,0.7729400239468814,49.683696103767474,134.1366274887405,194.5858129167318,163.9403925271763,345.4496197901208,0.03992417230252762,true
extreme-hot-180,161,least-loaded,9187,0.770654185261783,25.711257973528134,61.63702046996332,75.5814817675564,12.303366267944511,25.354166744109534,0.010542309698347335,true
extreme-hot-180,161,prefix-affinity,9187,0.9961902688581692,33824.902214079426,73678.39568511595,77344.64532929499,77325.00054880042,78215.92884047361,1.845396276822623,false
extreme-hot-180,161,bounded-affinity,9187,0.9761619679982584,23.980048432627918,42.97436219299561,56.595820087808534,24.78773956879013,34.72308138025437,0.5579173103750121,true
extreme-hot-180,162,random,8780,0.7763097949886105,46.80784613706031,123.5817380042572,191.49899354647823,158.9262302907482,283.1511278179314,0.04220706191137831,true
extreme-hot-180,162,least-loaded,8780,0.776879271070615,25.294471906081434,60.324850784320006,77.20485384434869,14.946386713003449,38.20838806476968,0.0071207640970873155,true
extreme-hot-180,162,prefix-affinity,8780,0.9963553530751709,33037.10053134362,70388.71935193439,73705.20722109349,73691.81840603084,74624.87152876906,1.861481487248731,false
extreme-hot-180,162,bounded-affinity,8780,0.9782460136674259,23.92174346778856,42.87615679037117,53.51374466736161,24.744146854127393,31.308081710627448,0.5884623778202163,true
extreme-hot-180,163,random,8980,0.7749443207126949,47.63285247074417,122.9330483002559,196.48700034419016,163.3555224832562,286.88211707492883,0.029209764297086056,true
extreme-hot-180,163,least-loaded,8980,0.7739420935412027,25.593298011549127,61.06830513859677,76.33622339795693,12.076040560808906,21.93124080983398,0.01604825805591208,true
extreme-hot-180,163,prefix-affinity,8980,0.9965478841870824,33632.97349479017,72575.17841757918,75777.95576602189,75765.5855371624,76629.36229783975,1.8403211452817023,false
extreme-hot-180,163,bounded-affinity,8980,0.9791759465478842,23.98760714780602,42.91741933313824,55.20059142113314,24.80462519644425,32.3007601148347,0.5720446872095426,true
extreme-hot-180,164,random,8949,0.7739412224829589,45.95323534942011,115.95542178820688,168.79379277788394,135.48537047385616,246.6219585192557,0.012265042422622377,true
extreme-hot-180,164,least-loaded,8949,0.7753938987596379,25.367248640264535,60.854341974889394,74.28363509013434,11.166933099699236,29.287106254545506,0.008347256897143218,true
extreme-hot-180,164,prefix-affinity,8949,0.9976533690915186,33066.71200026281,71731.72416263504,75065.595311565,75051.52426498389,75843.17959775773,1.8389207870381346,false
extreme-hot-180,164,bounded-affinity,8949,0.9782098558498156,24.011657232539534,43.03749122883892,54.89205469945591,24.783637720363913,31.397938209131098,0.57089961281818,true
extreme-hot-180,165,random,8867,0.7791812337882035,46.27679728999761,119.75255115316759,180.53648952487856,149.17411306929353,315.9878073279833,0.020759192770512365,true
extreme-hot-180,165,least-loaded,8867,0.7780534566369686,25.315911008568904,60.32710258784209,74.93948188848299,11.468425389201002,25.574976429499657,0.010763140062309193,true
extreme-hot-180,165,prefix-affinity,8867,0.9961655576858013,32737.494529889558,70842.15024864598,74357.74958042189,74343.87473013476,75244.05094775058,1.866694737078586,false
extreme-hot-180,165,bounded-affinity,8867,0.9783466786962897,24.01634423183971,42.96045720377515,53.00552622208488,24.772402284270356,37.98074185927908,0.5857269204338851,true
extreme-hot-180,166,random,9023,0.7710295910451069,47.411970041478526,119.92707993290969,175.96085367410342,149.88566206151881,343.2179461686155,0.013164621492212553,true
extreme-hot-180,166,least-loaded,9023,0.7704754516236285,25.67024141770933,60.97508553592343,75.09209555661073,13.229078823977034,33.239917292381506,0.010497990991330374,true
extreme-hot-180,166,prefix-affinity,9023,0.9954560567438767,32446.880996978838,71345.28620473156,74647.92962253292,74629.33452555333,75480.73441682712,1.837054495714824,false
extreme-hot-180,166,bounded-affinity,9023,0.9758395212235399,24.13659260989892,43.106060376554524,55.43121249930118,24.81776872881892,31.992709684112924,0.5815127161725218,true
extreme-hot-180,167,random,9083,0.7703401959704943,47.48293971845691,121.20773624680805,176.59142744320707,147.8200700207999,307.51731501217,0.02275519182998454,true
extreme-hot-180,167,least-loaded,9083,0.7705603875371573,25.618485064047004,60.61882481424982,74.72016965144576,12.900243527255952,26.11180438977317,0.010434636889098228,true
extreme-hot-180,167,prefix-affinity,9083,0.997137509633381,32980.199099048914,72281.67793044014,75822.46827862808,75804.74674412771,76758.57711173914,1.8464177986156929,false
extreme-hot-180,167,bounded-affinity,9083,0.9762193108003964,24.01621742425579,42.801936709089205,55.05740871587295,24.70373930349524,31.05352152355954,0.5749579353549613,true
extreme-hot-180,168,random,8886,0.7697501688048616,49.87237877832713,134.0726922306858,199.96563780260476,168.44861712763668,346.6057112801136,0.030670058371799085,true
extreme-hot-180,168,least-loaded,8886,0.7718883637182085,25.580511425925703,61.228458149314974,75.85009932410685,11.704607637308072,28.655619349578046,0.01200643028885343,true
extreme-hot-180,168,prefix-affinity,8886,0.995160927301373,32569.556677774202,70666.47260119935,73989.26549265077,73968.8912310666,74821.13664326642,1.8538625029610403,false
extreme-hot-180,168,bounded-affinity,8886,0.975016880486158,24.182812832358078,43.29785323198303,55.972201374708675,24.75648004042887,32.543600169829006,0.5946762039027065,true
extreme-hot-180,169,random,8982,0.7738810955243821,49.59032321640487,131.08952683857206,216.6488961752384,186.98604848360264,317.9303394417457,0.017213841017702826,true
extreme-hot-180,169,least-loaded,8982,0.7736584279670452,25.447557482086633,60.950450918819115,74.46053966946783,10.066402830918378,26.301844074447217,0.0072742594560004205,true
extreme-hot-180,169,prefix-affinity,8982,0.9964373190826097,33472.586809081324,72533.55633559788,75651.03246955117,75638.57374415797,76546.53340022496,1.8497178192298502,false
extreme-hot-180,169,bounded-affinity,8982,0.9771765753729682,24.004891751086383,43.13072543020826,53.30534714284295,24.782504515002074,31.38736186245842,0.5724688210112506,true
extreme-hot-180,170,random,9007,0.7714000222049517,47.61215257577554,125.67513986717495,192.48840902714437,160.63576824829215,262.6594341427044,0.016034995200577322,true
extreme-hot-180,170,least-loaded,9007,0.7741756411679804,25.341056154239,60.512157941877376,75.79036142653786,11.387547435373563,22.433630993349652,0.01169266996377133,true
extreme-hot-180,170,prefix-affinity,9007,0.9958920839347174,32605.940876984325,71437.67166022732,74946.0472810246,74927.80424629766,75722.32878125014,1.8436080065018234,false
extreme-hot-180,170,bounded-affinity,9007,0.9736871322304874,24.037139384493376,43.44050904713367,56.592562896970776,24.751042869400408,39.265183333809546,0.5710072789133354,true
extreme-hot-180,171,random,8966,0.7758197635511934,46.181214002657775,118.16346761344903,168.96385759620898,138.39990188423326,301.25834884152937,0.0341646920661157,true
extreme-hot-180,171,least-loaded,8966,0.7774927503903636,25.19515190910322,60.318704320256074,74.8651014044517,11.063449594155827,24.356167207472026,0.015010593125963378,true
extreme-hot-180,171,prefix-affinity,8966,0.9960963640419362,32716.779701489104,71156.36712554781,74523.21778065356,74506.85428706738,75458.30490580303,1.8570787443123187,false
extreme-hot-180,171,bounded-affinity,8966,0.9765781842516172,23.89099202928484,42.99143607843871,54.80016089232413,24.833513415618654,34.577420654663,0.5835589613785767,true
extreme-hot-180,172,random,8934,0.7740094022834116,46.341874354679604,119.70210935470095,181.12841413698698,151.83635092563782,321.42364752692083,0.03683357608132685,true
extreme-hot-180,172,least-loaded,8934,0.7684128050145511,25.550409239965255,60.72596492101002,74.0597094880577,12.077712694976071,28.85339486425073,0.015250679594494825,true
extreme-hot-180,172,prefix-affinity,8934,0.9960823819117977,32321.854658862834,70211.1913393162,73526.27572167266,73511.64866151792,74454.29598135139,1.8265096602886184,false
extreme-hot-180,172,bounded-affinity,8934,0.980859637340497,23.78240324958915,42.48860001145658,52.667282101905585,24.727369433559943,34.66934981276245,0.5787487841680281,true
extreme-hot-180,173,random,9037,0.7742613699236472,46.68983224559993,118.20569526128384,182.79826147422864,151.10319672647893,393.9628091747654,0.014641541705901972,true
extreme-hot-180,173,least-loaded,9037,0.774593338497289,25.34336057520244,60.19715986170195,75.21301106526334,11.285713421064429,21.691096229231334,0.008450274510833727,true
extreme-hot-180,173,prefix-affinity,9037,0.9966803142635831,33678.486522337145,72805.37993363303,76250.58203145089,76230.16147685064,77027.4746505218,1.8565719083081824,false
extreme-hot-180,173,bounded-affinity,9037,0.9767621998450813,23.937121843788475,42.86868320621579,55.254803245032235,24.75803755432753,29.49879912560573,0.5762254580707421,true
extreme-hot-180,174,random,9061,0.774859287054409,47.515289027739954,123.89599875443673,178.42647638609196,154.45183723550144,272.456200944951,0.02895728897638035,true
extreme-hot-180,174,least-loaded,9061,0.7750800132435713,25.38476645527977,60.58552897407935,74.29593122201004,12.689033846829261,27.156765611882292,0.01181606236375263,true
extreme-hot-180,174,prefix-affinity,9061,0.99812382739212,34592.66830607493,74902.39050352857,78180.64309989002,78159.75058568492,78848.62068710294,1.8648666486487717,false
extreme-hot-180,174,bounded-affinity,9061,0.9784791965566715,23.931063093018842,43.10744366244762,53.09887979625637,24.771491701663763,31.573117159321555,0.560046782457939,true
extreme-hot-180,175,random,9041,0.7687202743059396,47.30498721820954,120.67805318829778,174.57863899353833,146.61102929538356,249.84368152378738,0.023247690910783242,true
extreme-hot-180,175,least-loaded,9041,0.7687202743059396,25.529825464621055,60.107517475997156,74.12852140935865,11.725106716628943,24.631926818285137,0.009496854848444829,true
extreme-hot-180,175,prefix-affinity,9041,0.9964605685211813,32244.65229645789,70816.94347859657,74128.52439234617,74113.36730503869,74998.05480444572,1.8246018864062412,false
extreme-hot-180,175,bounded-affinity,9041,0.9774361243225307,23.9534823992487,43.024896920574975,54.82766911868384,24.751531854693894,33.312415192742264,0.5727154638195211,true
extreme-hot-180,176,random,9076,0.7724768620537682,48.98676297759503,127.88999154502744,200.51758192214766,164.49286340301478,301.8887955284372,0.03045177723132296,true
extreme-hot-180,176,least-loaded,9076,0.7714852357866901,25.64582991390536,61.7867865648077,76.29320091812406,12.859994654434558,43.05433772982724,0.007135122690231114,true
extreme-hot-180,176,prefix-affinity,9076,0.996474217717056,33326.70699645803,72833.97822831587,76135.7445812973,76122.31175204847,76928.09032549293,1.850117015867538,false
extreme-hot-180,176,bounded-affinity,9076,0.9775231379462318,24.008145678628516,43.28116233133915,54.620139210157504,24.777407377565396,29.865508911476354,0.5729484634647091,true
extreme-hot-180,177,random,8981,0.7718516868945552,47.48151098161172,122.31778498821222,185.22085196791886,157.095469199965,257.93521478804905,0.019887278991822903,true
extreme-hot-180,177,least-loaded,8981,0.7707382251419663,25.60840654655785,61.1908299900133,74.68172471324942,12.580736065778183,29.611216227465775,0.007567229100097031,true
extreme-hot-180,177,prefix-affinity,8981,0.996325576216457,32548.247867259346,71436.92060877272,74755.52778263783,74741.31534613151,75561.84553874328,1.847204970458092,false
extreme-hot-180,177,bounded-affinity,8981,0.9772853802471885,23.92121807276955,42.76415153204471,53.209445378990495,24.713908927195007,30.205056622136908,0.5791335155042324,true
extreme-hot-180,178,random,8972,0.7749665626393223,46.30643880417314,116.35025307628894,180.55386621880461,145.11334830900887,295.1210298746082,0.020807378490227547,true
extreme-hot-180,178,least-loaded,8972,0.7724030316540348,25.53558910246821,60.51197146839331,73.998640171656,14.107648249650083,32.81775442399157,0.008914886626939086,true
extreme-hot-180,178,prefix-affinity,8972,0.9965448060633081,34246.76629447966,73184.00427915702,76441.92044472697,76421.67898550961,77371.64961519635,1.8537248243540583,false
extreme-hot-180,178,bounded-affinity,8972,0.9781542576905929,23.93510165217308,43.03087966709427,53.11987948902424,24.7300845337013,31.758209807150706,0.571741220218491,true
extreme-hot-180,179,random,8998,0.7695043342965103,49.53362348216763,128.69892296911712,202.0215421336252,173.48505291243055,465.23041122266295,0.03011907244850987,true
extreme-hot-180,179,least-loaded,8998,0.7680595687930651,25.746723732276077,61.443777462192884,74.41135731426402,11.826339643805113,29.790256098371174,0.011755856703053808,true
extreme-hot-180,179,prefix-affinity,8998,0.9961102467214936,32867.60046224414,71631.34788648736,74937.32924670822,74917.98558330517,75765.59600565404,1.8461532120080306,false
extreme-hot-180,179,bounded-affinity,8998,0.9764392087130473,24.046798352695774,43.42465816004551,53.517377257820044,24.72111269684683,31.642496619468147,0.5776020469823021,true
extreme-hot-180,180,random,9126,0.7686828840674994,49.40868476495706,126.55692950871162,192.78221210966876,161.23200853748858,318.1691973370689,0.026353648800263113,true
extreme-hot-180,180,least-loaded,9126,0.7683541529695376,25.64580707867682,60.72721116705361,75.50690925547315,11.778999842332269,24.399704315481358,0.010894592353715652,true
extreme-hot-180,180,prefix-affinity,9126,0.9971509971509972,33738.19587300634,73742.41222144215,77402.85399323431,77387.32185048948,78300.26263101379,1.8416992356438182,false
extreme-hot-180,180,bounded-affinity,9126,0.9793995178610563,23.916654396244297,43.0666118658155,52.905746553922654,24.758658023536555,30.54192689735646,0.5554051770874591,true
extreme-hot-180,181,random,9082,0.7707553402334287,46.821143634817076,119.48870778877608,177.63703949108822,147.48482067402801,241.83688676326528,0.02179394839527384,true
extreme-hot-180,181,least-loaded,9082,0.7740585774058577,25.262733376028624,60.57913958944846,73.9414835887219,9.089575974889158,25.479612930976145,0.015994673021560733,true
extreme-hot-180,181,prefix-affinity,9082,0.9971371944505616,32938.59963908106,72180.36524324326,75614.33264504252,75594.84731448413,76380.99290161218,1.8405502251485473,false
extreme-hot-180,181,bounded-affinity,9082,0.9778683109447258,23.86165711980581,42.783880316063005,54.7497700230233,24.778420892838767,35.51250945485663,0.5652869469368825,true
extreme-hot-180,182,random,9002,0.7724950011108642,48.41171233577258,126.3567216622032,179.555511053808,149.87567850797495,346.009059096119,0.016628451925101845,true
extreme-hot-180,182,least-loaded,9002,0.7734947789380138,25.574859400128165,60.716394750408654,74.12510027911776,13.62580509239342,30.42503052835309,0.00993226477089642,true
extreme-hot-180,182,prefix-affinity,9002,0.9956676294156854,32574.008584090025,71198.51210478361,74545.84717445166,74523.75908697466,75374.69989468451,1.8460269828799698,false
extreme-hot-180,182,bounded-affinity,9002,0.9748944678960231,24.151104459861948,43.19155151768791,57.24833181823851,24.750098502532637,30.37581330485409,0.5805612692816053,true
extreme-hot-180,183,random,9095,0.7749312809235844,46.91302721133645,123.58741114340228,171.7132639322299,140.14009737462402,196.08465021134361,0.008320078480855702,true
extreme-hot-180,183,least-loaded,9095,0.7748213304013194,25.64899463667213,61.943018460660824,75.80942965035501,12.403106982410463,31.249153302400373,0.00722597327438074,true
extreme-hot-180,183,prefix-affinity,9095,0.9959318306761957,33729.16276607642,73745.7325779094,77267.61947193119,77250.15180923394,78208.50540380305,1.8334293424548447,false
extreme-hot-180,183,bounded-affinity,9095,0.9733919736118747,24.166051277662962,43.45906532875233,56.726112435419054,24.77539407187578,31.61109709095581,0.554333421467655,true
extreme-hot-180,184,random,8903,0.7728855441985848,46.59672367892761,121.23719714921754,181.6766550698303,151.54820163665136,250.0390519386201,0.019839834952757943,true
extreme-hot-180,184,least-loaded,8903,0.7718746489947209,25.429713053778006,60.86645823789877,74.5801369493347,11.113314355505281,30.355946741925436,0.014377177115477044,true
extreme-hot-180,184,prefix-affinity,8903,0.9969673143884084,31589.14882971045,69600.2265628966,72690.0707730685,72673.40963510779,73404.46967481336,1.8306643880249271,false
extreme-hot-180,184,bounded-affinity,8903,0.9791081657868135,23.883624763517197,42.61824209626502,53.66784060412465,24.77075176973449,28.73781716962185,0.5913976404881183,true
extreme-hot-180,185,random,9124,0.7809074967119685,46.46988904996651,121.21696386633994,189.320609023016,158.2266222099006,337.1391542905112,0.017952203969654416,true
extreme-hot-180,185,least-loaded,9124,0.7823323103901797,25.085658587385772,60.37481492464212,75.16618623147588,10.265692533139372,22.946131030308607,0.007425309713911321,true
extreme-hot-180,185,prefix-affinity,9124,0.9953967558088558,34163.677685035174,74045.44517735805,77394.13644625703,77377.89402100362,78209.80386781182,1.8614599676570047,false
extreme-hot-180,185,bounded-affinity,9124,0.9767645769399387,24.015472437232514,43.00167009200959,55.379498468995735,24.79470903224319,30.82601229667125,0.5647314121207266,true
extreme-hot-180,186,random,9013,0.7758792854765338,45.59535193057413,116.29606051152223,165.26079044929793,135.57543139845802,277.0732695276456,0.014128553298211548,true
extreme-hot-180,186,least-loaded,9013,0.7758792854765338,25.24529257981156,60.13064867119829,74.60806756046804,11.643636579581653,22.342621797608444,0.007607205951324097,true
extreme-hot-180,186,prefix-affinity,9013,0.9965605236880062,34011.17759462931,73326.3829033608,76693.39313186647,76678.33468236463,77500.87452114007,1.8558303870683066,false
extreme-hot-180,186,bounded-affinity,9013,0.9792521912792633,23.871790658954883,42.850473395272275,53.16830566945282,24.781285571370972,30.966808438523003,0.5657796533945996,true
extreme-hot-180,187,random,8956,0.7708798570790532,48.439296179788236,129.20216093595445,182.74314243967092,155.28679580617063,342.0102963974714,0.03553183567419423,true
extreme-hot-180,187,least-loaded,8956,0.7772443054935239,25.33514188899679,60.588738406135235,73.95760144881933,10.637360911710857,37.21324265716248,0.008913288625612604,true
extreme-hot-180,187,prefix-affinity,8956,0.9957570343903528,32293.824692778973,70800.1232803255,74576.10402601675,74561.83335212967,75472.93872325475,1.8423955673370231,false
extreme-hot-180,187,bounded-affinity,8956,0.9765520321572131,24.13523594774617,43.15489558164336,55.32244537470251,24.736466252361424,33.07606881324682,0.5802344778131958,true
extreme-hot-180,188,random,8975,0.7792757660167131,46.28150118837826,120.72014472032606,193.3193561099397,164.33962403596888,381.18316705529287,0.023524515904961924,true
extreme-hot-180,188,least-loaded,8975,0.7737047353760446,25.609677505520008,61.3649716485088,74.8124243700695,12.902877946165972,25.72342497570571,0.012863410810648936,true
extreme-hot-180,188,prefix-affinity,8975,0.9964345403899721,32259.76955573673,70980.83768186299,74436.9623026138,74418.90329268205,75185.75562975765,1.8531172629478774,false
extreme-hot-180,188,bounded-affinity,8975,0.9776044568245126,24.04956476269857,43.167966609420546,54.60826249987258,24.771102221289766,31.892699899563013,0.5821258474040387,true
extreme-hot-180,189,random,8960,0.7728794642857143,48.64553560434696,126.63552495726435,206.62078844155621,179.10970464390994,333.4045678643597,0.023895438241294413,true
extreme-hot-180,189,least-loaded,8960,0.77578125,25.441701687942587,61.88035492589188,75.50842151365941,11.205647329799831,27.602265047244146,0.011484240662551187,true
extreme-hot-180,189,prefix-affinity,8960,0.9964285714285714,33066.771058689585,71537.19932498601,74882.24592979805,74864.74495275706,75793.99502302633,1.8502389371627368,false
extreme-hot-180,189,bounded-affinity,8960,0.978125,23.947604662920824,42.65367368565785,54.55049866948502,24.741179266784457,36.05419431364862,0.5757911223625615,true
extreme-hot-180,190,random,8796,0.770918599363347,46.50776427661038,118.69580392557691,176.34673376037972,145.90589620298488,263.5140050221562,0.025491518452137343,true
extreme-hot-180,190,least-loaded,8796,0.7722828558435653,25.553544788152,61.304739268762205,74.77502105118765,11.958956847402078,24.28850334460003,0.007447829125555881,true
extreme-hot-180,190,prefix-affinity,8796,0.9963619827194179,31704.804174849207,68940.07984754803,72463.23058106418,72447.26322562613,73354.02530262427,1.845075734614551,false
extreme-hot-180,190,bounded-affinity,8796,0.9771487039563438,24.017490644388566,42.863882127945544,55.426962137733426,24.748892807387165,29.12332195862109,0.5945049197853947,true
extreme-hot-180,191,random,8883,0.7709107283575368,47.56703453008518,123.52275618613567,176.01924518462147,146.52006474519476,266.3195292648561,0.025659713425728904,true
extreme-hot-180,191,least-loaded,8883,0.7745131149386468,25.322738215979648,60.517573065641045,75.79776539457634,10.027230274339672,22.468042033258826,0.008769594658612167,true
extreme-hot-180,191,prefix-affinity,8883,0.9958347405155916,32182.13254152829,70357.67355358272,73695.27394829282,73674.37927590903,74532.26509433074,1.835548640823683,false
extreme-hot-180,191,bounded-affinity,8883,0.9766970618034447,24.126715411240436,43.1733999826065,55.07129058231658,24.767342382183415,32.721482551634836,0.5802299747437941,true
extreme-hot-180,192,random,8951,0.7726511004357055,47.1844656052147,120.59909500115646,189.70850806912313,163.53989411798102,293.1362936315054,0.014543188844626697,true
extreme-hot-180,192,least-loaded,8951,0.7675120098313037,25.718966090007168,61.18401498007006,75.15870227715095,13.108516454340133,33.68373501298629,0.012853662384236299,true
extreme-hot-180,192,prefix-affinity,8951,0.9974304546977991,32771.16196779539,71270.56603695794,74359.55862746299,74335.49205251383,75186.77971760125,1.8317731643093924,false
extreme-hot-180,192,bounded-affinity,8951,0.9770975310021227,24.123318596118214,43.33117977830989,55.379609629906554,24.822524198323663,39.55497000260948,0.5699095674295244,true
extreme-hot-180,193,random,8998,0.7706156923760836,49.56647226462129,128.82323528446432,197.0704127301724,166.6750145952101,291.84792710304464,0.025156668967222462,true
extreme-hot-180,193,least-loaded,8998,0.777617248277395,25.378561435790097,60.136808221384854,73.96521107795343,12.462396548886318,25.077364784636302,0.013917548787589395,true
extreme-hot-180,193,prefix-affinity,8998,0.9973327406090242,32381.047969737712,71055.2339463015,74435.56060438915,74420.06953747204,75224.96104499363,1.8280205485581824,false
extreme-hot-180,193,bounded-affinity,8998,0.9788841964881084,23.98230325980303,43.276323102421884,52.88732325800083,24.80083322012797,34.42298840988951,0.5708298593350463,true
extreme-hot-180,194,random,9012,0.7717487794052375,47.581417943654756,125.25828595125495,183.264011896812,152.75762170581947,283.48170833588665,0.033230501772675725,true
extreme-hot-180,194,least-loaded,9012,0.7724145583666223,25.554937086127133,61.036144752688415,74.47801568586874,12.545049767824821,30.905582823892473,0.00453105760781202,true
extreme-hot-180,194,prefix-affinity,9012,0.996560142032845,32960.37963862836,72005.20937060987,75328.89536684865,75314.46889689504,76246.2890897695,1.845132299430277,false
extreme-hot-180,194,bounded-affinity,9012,0.977474478473147,23.903975749399677,43.12581666699407,53.34882353658031,24.743832948850468,30.17774854745221,0.5681684873339363,true
extreme-hot-180,195,random,9190,0.7709466811751904,48.742297206429534,125.92456449519523,180.35077803758395,152.21353836090566,294.24064778452885,0.027063951553207313,true
extreme-hot-180,195,least-loaded,9190,0.7692056583242655,25.685972843665752,61.02829666239995,75.96058486559923,10.81298874172353,24.762930780721945,0.012705244977140177,true
extreme-hot-180,195,prefix-affinity,9190,0.9957562568008705,33189.44932198113,72763.88863211828,76210.71151606152,76197.98666911414,77011.30652097103,1.8355069003327582,false
extreme-hot-180,195,bounded-affinity,9190,0.9757344940152339,24.046901082757653,43.08440898814297,54.823170397110516,24.799129961567814,32.56921194739698,0.5683327962158986,true
extreme-hot-180,196,random,8964,0.7796742525658188,44.68467533817056,112.9189982177777,159.94436809031322,130.0980356126238,220.273135747404,0.0187479840613816,true
extreme-hot-180,196,least-loaded,8964,0.7730923694779116,25.55043603017348,60.714041125113,75.1501006786566,12.483166758216612,35.63975278500584,0.013583864327538655,true
extreme-hot-180,196,prefix-affinity,8964,0.9959839357429718,33954.33178208113,72875.99668201889,76336.06994586317,76310.79607820079,77331.6602215448,1.8674615554037146,false
extreme-hot-180,196,bounded-affinity,8964,0.9771307452030343,24.017864302550368,43.18310055996699,53.70883658957973,24.764405638132303,30.315341386602086,0.5779776361594977,true
extreme-hot-180,197,random,8936,0.7722694717994628,48.90897060139369,132.82805798673508,199.64000369331188,173.52962114886031,269.5163124141618,0.03328851692050863,true
extreme-hot-180,197,least-loaded,8936,0.7713742166517458,25.70951224802867,61.56505650383042,75.64027919928776,12.520849458975135,28.72392585616035,0.008159134331834423,true
extreme-hot-180,197,prefix-affinity,8936,0.9965308863025962,32068.866177760177,70443.69537556187,73863.56870172458,73847.33855698368,74660.49332896451,1.8271974267487368,false
extreme-hot-180,197,bounded-affinity,8936,0.9770590868397493,24.07061277980391,43.08885662801549,55.29580420516868,24.76986046219099,35.98783575368725,0.5711199358933363,true
extreme-hot-180,198,random,9060,0.7767108167770419,47.36507773298789,122.5052704055779,178.7099280887851,149.63860118834418,268.4459370878212,0.02570553819982358,true
extreme-hot-180,198,least-loaded,9060,0.7788079470198676,25.479454796635622,60.850017010292504,75.65755592773348,14.63364200576325,33.28417231975618,0.01106754016311736,true
extreme-hot-180,198,prefix-affinity,9060,0.9960264900662251,33459.78075574554,73001.92003943582,76515.92731828676,76499.06830201735,77491.00387052819,1.8601506101932417,false
extreme-hot-180,198,bounded-affinity,9060,0.976710816777042,24.146392355180236,43.036179408358294,55.237778242830245,24.799183530671144,42.12333241268789,0.5791397543065714,true
extreme-hot-180,199,random,9017,0.7695464123322613,47.366328064810666,121.8789974884312,181.05124989085016,153.18213694612496,245.66377637449477,0.028998481456432253,true
extreme-hot-180,199,least-loaded,9017,0.7746478873239436,25.424278088108963,60.716145895908994,75.45858849843353,10.539481725090809,25.131541344278958,0.010713557732990415,true
extreme-hot-180,199,prefix-affinity,9017,0.9975601641344127,32575.50061638665,71514.88740739843,74818.64252458233,74804.45342483374,75633.31538506417,1.829737290162265,false
extreme-hot-180,199,bounded-affinity,9017,0.9785959853609848,23.986378148368445,43.116098151615006,54.386650815104076,24.755068003054475,34.13095795048139,0.5733145782955678,true
extreme-hot-180,200,random,9121,0.7727222892226729,47.10285642507259,122.01913354651333,172.47818630885013,143.12461665804767,289.9655928936045,0.015999867663166942,true
extreme-hot-180,200,least-loaded,9121,0.777546321675255,25.30500742513987,60.59551099483724,73.77341565358074,12.878434435202507,26.17653059875738,0.009723891301811415,true
extreme-hot-180,200,prefix-affinity,9121,0.9956145159521982,32399.158959894867,71438.51447267347,75319.18131845382,75304.29617055201,76248.96261799545,1.8524315734192258,false
extreme-hot-180,200,bounded-affinity,9121,0.975112378028725,23.895391273524865,42.94127302116249,56.326897151411686,24.802882947384205,34.72325698320492,0.5696624938486827,true
cache-disabled-120,1,random,5991,0,142.82120728296965,347.20592973168823,535.652993491909,486.175590063649,862.9944350482565,0.029902630613573396,false
cache-disabled-120,1,least-loaded,5991,0,57.86242459424733,87.60795836112811,106.77898672759329,45.87735370680457,78.7208530435164,0.007784990271483121,true
cache-disabled-120,1,prefix-affinity,5991,0,40109.70612726684,121963.5128490013,130375.06410715159,130330.71828169236,132555.82320479452,1.1843763183331546,false
cache-disabled-120,1,bounded-affinity,5991,0,61.51317967257964,95.14611556139425,112.87719293201371,55.159887336340034,95.90036264047376,0.08945952070167659,true
cache-disabled-120,2,random,6006,0,144.10147611443426,351.28863036214534,488.5659416032795,434.8467585309918,842.0427307447517,0.022512101153365046,false
cache-disabled-120,2,least-loaded,6006,0,58.58231920081041,90.12868720743427,114.67648672792711,60.350818498300214,93.60932620412495,0.006813007321377976,true
cache-disabled-120,2,prefix-affinity,6006,0,41758.390141778225,125441.93655696273,134525.7065407985,134468.86742181226,136717.24133618167,1.2025804879436879,false
cache-disabled-120,2,bounded-affinity,6006,0,62.20924007554017,96.77254883280693,124.28964093559262,65.64279639495362,107.61641766272078,0.08620593219666638,true
cache-disabled-120,3,random,5993,0,162.29404534165764,422.27810487961506,681.453296011583,620.504689978312,974.1016030813553,0.03972753248989757,false
cache-disabled-120,3,least-loaded,5993,0,59.7539229542576,95.31867769302335,126.18167479399199,72.97738948734332,98.04600713953914,0.009226598638603272,true
cache-disabled-120,3,prefix-affinity,5993,0,40520.17888101307,122897.03629353743,131640.1771179213,131599.1592795663,133530.7313240962,1.1873922593720971,false
cache-disabled-120,3,bounded-affinity,5993,0,63.4539387170773,102.28376228662091,128.1376153473393,74.65869134011155,110.88142083322236,0.08201063614697496,true
cache-disabled-120,4,random,5863,0,133.17287035523395,316.0956197940541,491.8158870116022,440.4716189315186,962.402704344342,0.026421078498948564,false
cache-disabled-120,4,least-loaded,5863,0,56.763597936992745,85.05630673922133,99.98290288087446,40.255536466342164,53.63642818968219,0.0060778868468234475,true
cache-disabled-120,4,prefix-affinity,5863,0,38943.83914157702,118220.66439361556,126641.87236544228,126592.91853860606,128722.415505844,1.18133322420654,false
cache-disabled-120,4,bounded-affinity,5863,0,60.57737311436178,92.51511928997206,109.72781597263383,51.392578864812094,79.02396435456285,0.09437113337970165,true
cache-disabled-120,5,random,5831,0,137.79440997566317,337.0478136125821,480.6331796970262,423.320355502452,654.3652774850088,0.03353415924249883,false
cache-disabled-120,5,least-loaded,5831,0,57.320643924124354,85.77801193810592,103.96058142939728,46.154531756161305,85.4668659911913,0.00792207895972315,true
cache-disabled-120,5,prefix-affinity,5831,0,39660.018158851715,120259.77607140286,128270.58556725166,128209.92904269666,130076.59503893499,1.1888677664585763,false
cache-disabled-120,5,bounded-affinity,5831,0,61.17193756531292,93.53839824107308,115.69190048575183,54.39443070613925,113.826659549748,0.096184756716903,true
cache-disabled-120,6,random,6119,0,148.69283722269446,385.96961718040984,524.7907502418238,476.7670604643099,659.1881395239798,0.03055105102348171,false
cache-disabled-120,6,least-loaded,6119,0,59.28446947522693,93.31905991712847,115.17595577345492,57.08382181659181,84.18769329241331,0.006017492547675934,true
cache-disabled-120,6,prefix-affinity,6119,0,40882.57649906945,124305.75971224174,133564.21504167753,133499.0131853389,135699.64993291372,1.1919361530256507,false
cache-disabled-120,6,bounded-affinity,6119,0,63.35038392969932,100.07607990722317,122.33623184148564,64.03400920744753,92.364155257128,0.08559327139018547,true
cache-disabled-120,7,random,5988,0,147.0065086899292,373.62757454556413,523.3489405218425,470.35161463330587,683.2678684759303,0.030471753529984682,false
cache-disabled-120,7,least-loaded,5988,0,58.76492440006355,90.0711440808991,106.13175369606688,49.914201229126775,72.37902164896514,0.007871854784026008,true
cache-disabled-120,7,prefix-affinity,5988,0,42023.426541436136,126319.07162516002,134604.05615099243,134562.07470438472,136525.1626747108,1.2114423110213763,false
cache-disabled-120,7,bounded-affinity,5988,0,62.26897100752953,96.80323057842543,115.5943227828102,57.14694959695771,86.87501923007949,0.08772001828090355,true
cache-disabled-120,8,random,5896,0,140.6436629937256,355.84798187445995,592.5011847907226,532.5988271428432,958.9807762524542,0.03274523770449619,false
cache-disabled-120,8,least-loaded,5896,0,57.69668849634968,88.07006294463645,106.04164856778516,48.30518947124801,73.93645174420817,0.007521744217756493,true
cache-disabled-120,8,prefix-affinity,5896,0,40019.42463867149,121104.40813391947,129678.83684219091,129631.66401268812,131856.18729369427,1.1886207398119881,false
cache-disabled-120,8,bounded-affinity,5896,0,61.15561031358829,95.13922553202428,112.39294466582942,54.43856305357258,95.10724902008224,0.08634963541536239,true
cache-disabled-120,9,random,5978,0,155.98113178086297,418.72708521179084,735.311537529924,682.3161486639947,909.7084233107016,0.03731063100726601,false
cache-disabled-120,9,least-loaded,5978,0,58.5364705004313,90.11649175992716,110.02561912665988,52.062647025733895,71.96360323304543,0.004579811880011548,true
cache-disabled-120,9,prefix-affinity,5978,0,39217.641026772464,121001.03623343565,129495.58285805062,129450.96838661854,131542.84738337036,1.1865665177555278,false
cache-disabled-120,9,bounded-affinity,5978,0,62.32059638045196,97.27824049743504,118.5225233424353,59.577035476053425,85.77094426216354,0.09159699156427653,true
cache-disabled-120,10,random,6013,0,155.23118333737904,409.3364012867096,691.317116865248,631.4505950834136,1226.8226140664628,0.031150593212456824,false
cache-disabled-120,10,least-loaded,6013,0,59.7109975782681,96.40392732961118,124.11347527326143,66.75226165489948,98.23735447047147,0.004004312432490442,true
cache-disabled-120,10,prefix-affinity,6013,0,41675.998601965504,125115.32275389376,133814.9228962897,133759.87587338142,135848.66833491396,1.2110399018626137,false
cache-disabled-120,10,bounded-affinity,6013,0,63.56015017368283,102.58682304843387,131.7416086211415,73.9518522513099,116.87545616872012,0.0935611294155982,true
cache-disabled-120,11,random,5977,0,142.65173269933425,352.205312152495,573.2326601865207,516.9023387929865,698.2245141632538,0.027506356462352017,false
cache-disabled-120,11,least-loaded,5977,0,58.28249454527131,88.47464565536211,109.40509523424407,52.39239034227285,72.6265408893305,0.004967321396389266,true
cache-disabled-120,11,prefix-affinity,5977,0,40125.056101058035,121921.97859345928,130208.16210728929,130160.37953393623,132301.9874318421,1.190444906432793,false
cache-disabled-120,11,bounded-affinity,5977,0,61.95596629985448,96.5043771800265,114.21477755242813,59.71877705465886,89.27387532329885,0.091676225850234,true
cache-disabled-120,12,random,5913,0,144.8141933080995,359.89341650433926,500.1610446932573,445.45915737701944,647.7365151941012,0.030870760280023193,false
cache-disabled-120,12,least-loaded,5913,0,57.320819251362074,86.40815567223763,105.7680199174356,46.12960443201155,73.94955171744368,0.007433861192058148,true
cache-disabled-120,12,prefix-affinity,5913,0,39051.030936865915,119019.90487742348,127632.98533752351,127591.73508462819,129534.97228899675,1.1723865946928922,false
cache-disabled-120,12,bounded-affinity,5913,0,60.983810246611675,93.02298672940742,114.92013568257971,53.933653773216065,84.92321058135713,0.09051635584789007,true
cache-disabled-120,13,random,5874,0,136.42176267091068,336.45384696945257,586.557702164173,535.8662021360142,844.3507141113496,0.03481583431225288,false
cache-disabled-120,13,least-loaded,5874,0,57.63035020140972,87.19800196477809,106.9599256403526,46.805626140514505,82.92027153227536,0.006246450880181715,true
cache-disabled-120,13,prefix-affinity,5874,0,38239.36590337534,118098.000311995,126764.85492574103,126708.38743438147,128779.72651357873,1.1743309806156441,false
cache-disabled-120,13,bounded-affinity,5874,0,61.18766548090768,94.50457085317612,115.0631154234652,56.72584314342748,93.18839289147218,0.0908379450917544,true
cache-disabled-120,14,random,5862,0,134.60635180913476,330.2234687893433,434.1868336899006,384.26254681676073,605.0871162277253,0.01173502276329064,false
cache-disabled-120,14,least-loaded,5862,0,58.05549798747498,88.41817494907446,107.07592899712472,48.88547495072271,73.1449166661805,0.008795566400147323,true
cache-disabled-120,14,prefix-affinity,5862,0,40082.12332367225,120620.54334705844,129148.05457787734,129075.1776470773,131182.3087780023,1.2004403635766439,false
cache-disabled-120,14,bounded-affinity,5862,0,61.81268117643037,95.90609978092834,113.29334168328205,56.48442860145951,84.71115514756093,0.09845160651042208,true
cache-disabled-120,15,random,5946,0,149.36666457144037,377.2611655589026,622.7859040121766,564.1849312267441,936.2175323025731,0.0379751154333665,false
cache-disabled-120,15,least-loaded,5946,0,59.32429039245201,95.13998228101264,127.31980835652939,74.4376926100449,107.4044716584358,0.006913630759764285,true
cache-disabled-120,15,prefix-affinity,5946,0,39582.54906215248,120398.89529723201,129043.63945626086,129002.58075573458,130919.99905833977,1.1689507868996418,false
cache-disabled-120,15,bounded-affinity,5946,0,63.051158571762734,102.23984431101417,131.21141329894454,79.85438315723513,127.07285439448242,0.08716954273452016,true
cache-disabled-120,16,random,5969,0,149.72321122370286,399.6476054549512,632.0502542975919,578.3778758982407,907.2569909116537,0.02245906105639438,false
cache-disabled-120,16,least-loaded,5969,0,58.50615348922829,87.99116636455437,111.84017306980058,59.16985533006664,128.14087510543322,0.0034181378935867895,true
cache-disabled-120,16,prefix-affinity,5969,0,41018.3072987961,124420.12934962865,132746.2973097438,132698.69377635632,134800.15693525228,1.1937509894397282,false
cache-disabled-120,16,bounded-affinity,5969,0,62.05685571360861,95.51911209600075,119.85418089217274,63.34603701584274,127.34069273420755,0.08726509770771929,true
cache-disabled-120,17,random,5980,0,132.7528947314741,315.0307030281074,413.43520397341854,359.71111188299255,513.4008471498673,0.03098414121038751,false
cache-disabled-120,17,least-loaded,5980,0,57.15164688621295,83.93615476727427,99.74359983370232,37.1448040862997,59.74271227190911,0.008244800986209742,true
cache-disabled-120,17,prefix-affinity,5980,0,40150.74449085822,122645.85522681383,131286.28510401153,131229.38817854825,133356.66715215537,1.1785690608529398,false
cache-disabled-120,17,bounded-affinity,5980,0,61.01077275593288,92.89554278850119,107.63448496062483,48.26864386239322,75.94088277682022,0.08857625030368912,true
cache-disabled-120,18,random,6074,0,146.41656396777367,345.96802180996747,492.71599177810276,442.8234018434523,668.2144354077464,0.02135242057416913,false
cache-disabled-120,18,least-loaded,6074,0,60.001434560013536,95.09266835730523,117.374653388164,58.39132578666249,90.39569268423656,0.004793967277755222,true
cache-disabled-120,18,prefix-affinity,6074,0,42659.84684396512,128615.73344260833,137476.08722784976,137437.97475702854,139496.30128585073,1.2169387701595398,false
cache-disabled-120,18,bounded-affinity,6074,0,63.58070183960772,100.88383120693106,122.49245440438972,64.62863345671212,106.72640462454729,0.08424684950670575,true
cache-disabled-120,19,random,6004,0,158.82246216767632,393.75267960150813,620.6145855013747,552.6652576810884,984.1874599019211,0.026364162852346378,false
cache-disabled-120,19,least-loaded,6004,0,57.740317551159514,88.26137038683737,104.12899124684918,45.91479586379137,66.47308330980377,0.004534519550163818,true
cache-disabled-120,19,prefix-affinity,6004,0,38974.25403223592,120826.38099546146,129458.91482802268,129420.04231540594,131195.44673773507,1.1789765295253387,false
cache-disabled-120,19,bounded-affinity,6004,0,61.5659729665155,94.7386935984141,115.92028506065253,55.396923565618636,90.40826068438764,0.09082428614017839,true
cache-disabled-120,20,random,5936,0,137.64659999893829,337.24066932941787,441.87821189036185,385.5493641564899,574.2154447612847,0.037532307474062346,false
cache-disabled-120,20,least-loaded,5936,0,58.557363516985326,90.89776826714296,110.5077891496112,53.591529801698925,78.34165641540312,0.005047781120934525,true
cache-disabled-120,20,prefix-affinity,5936,0,40339.00682436224,122338.24787197734,130877.59316395395,130833.2664926826,132936.0257778421,1.184769128300227,false
cache-disabled-120,20,bounded-affinity,5936,0,62.197182913371876,97.57505114404921,117.71799583467146,61.77869721387469,94.20858847803538,0.0891728168949281,true
cache-disabled-120,21,random,5971,0,158.72127761667608,432.28290469066997,626.0503145210605,575.5936747519427,808.0040234031039,0.04062007536863212,false
cache-disabled-120,21,least-loaded,5971,0,58.137720507547755,87.22489184440201,108.43115300292993,49.69522209819115,107.31640463985968,0.0040458423967961385,true
cache-disabled-120,21,prefix-affinity,5971,0,42229.713776298864,126062.07158525477,134838.00438720832,134786.62558184352,136816.1442750838,1.2001690565932375,false
cache-disabled-120,21,bounded-affinity,5971,0,61.934752650800505,95.37032379103039,115.62955265992059,60.72871411145752,120.45307848209995,0.08521324660725373,true
cache-disabled-120,22,random,5957,0,142.85410432526774,347.3795126470941,486.6671409801129,434.4036035653917,758.3986227643854,0.03262055645256936,false
cache-disabled-120,22,least-loaded,5957,0,60.18922725077865,94.06488277637254,171.6903997142017,125.50459532499372,178.39929365714488,0.011357722422895651,true
cache-disabled-120,22,prefix-affinity,5957,0,40756.21512007592,123138.33086735645,131967.27368650105,131907.22471429987,134022.12545003646,1.193705994359946,false
cache-disabled-120,22,bounded-affinity,5957,0,63.757448368350545,100.90898686277069,174.37875992690897,126.17655774589184,195.69519940653845,0.08930215999810617,true
cache-disabled-120,23,random,6054,0,144.62274608974428,354.3812272228133,459.8352850155261,408.9579418885187,782.3003305157035,0.027575848110675632,false
cache-disabled-120,23,least-loaded,6054,0,59.32816382617436,91.05557679279445,110.0300021886651,51.43811350332544,77.46362353838413,0.006664556728034701,true
cache-disabled-120,23,prefix-affinity,6054,0,40907.264852862165,124730.26116363732,133419.1148844667,133375.9398743887,135675.54456291976,1.164413248798936,false
cache-disabled-120,23,bounded-affinity,6054,0,62.98020328720512,97.91428050132527,117.3182338956758,59.03033960582616,89.09140054862655,0.07529915615139932,true
cache-disabled-120,24,random,5942,0,142.9403998487229,368.16325391812643,538.3431322689576,480.12685896985204,731.6897778703024,0.03536098509079594,false
cache-disabled-120,24,least-loaded,5942,0,58.188361322018814,88.55935249662434,109.5848305528998,50.9582044441413,71.88192297522801,0.008195322861078625,true
cache-disabled-120,24,prefix-affinity,5942,0,39989.94649502668,121957.86857801469,130344.12314669866,130298.77576779242,132089.02519806827,1.1784160563313049,false
cache-disabled-120,24,bounded-affinity,5942,0,61.93446782896567,96.94975128110309,119.38005247625733,59.49437799057705,90.90425009630417,0.08137888419909259,true
cache-disabled-120,25,random,5979,0,142.30564688201918,329.9803922407118,508.3911081094702,454.8375882490727,634.9418416296794,0.030507595846783635,false
cache-disabled-120,25,least-loaded,5979,0,57.318694010318914,86.26099598002838,105.08573379354493,43.68851851902582,92.57537750859046,0.004353128397043356,true
cache-disabled-120,25,prefix-affinity,5979,0,39771.60168528651,121394.80115562564,130259.50895317119,130208.6121249881,132245.18197441622,1.1879559886153326,false
cache-disabled-120,25,bounded-affinity,5979,0,61.181825610847255,94.05817386048511,113.83259755533072,56.01461325392302,99.71972545482276,0.08907686528934525,true
cache-disabled-120,26,random,6034,0,142.683604903261,341.34438399873034,432.5883878516397,381.1152019473993,521.6028518543317,0.017405417667208156,false
cache-disabled-120,26,least-loaded,6034,0,59.560466047312325,92.32850914955452,109.49357946076634,53.80834884259821,71.21949445185965,0.005182570953027716,true
cache-disabled-120,26,prefix-affinity,6034,0,40844.47272171246,124271.08086864334,132520.85388889685,132473.202128658,134510.46208413798,1.1902774248452506,false
cache-disabled-120,26,bounded-affinity,6034,0,63.2638851458407,99.0670475926745,118.54347295222396,61.95661103650855,88.49678289685835,0.08940558111768622,true
cache-disabled-120,27,random,5964,0,140.30749936605514,343.0111573454833,515.7261396806061,459.76132058699295,905.7070100566416,0.029860634607151236,false
cache-disabled-120,27,least-loaded,5964,0,58.47382624329964,88.61224916177525,110.83419979259634,53.263504311549696,85.28294869605088,0.004350671858252832,true
cache-disabled-120,27,prefix-affinity,5964,0,41560.44751894875,124353.11418371192,132615.84331853944,132572.9811176743,134798.5580720153,1.2057095426421356,false
cache-disabled-120,27,bounded-affinity,5964,0,62.1852505081962,96.83257191416487,117.18693780606554,58.73996952948983,103.84628557025098,0.09197252435507909,true
cache-disabled-120,28,random,5943,0,140.7341063975106,351.50578304992814,553.3498260760098,503.2271312587618,609.0687350243861,0.0317834210675208,false
cache-disabled-120,28,least-loaded,5943,0,58.49175552937027,91.6816431615589,118.87965870253538,67.18925163071981,90.30035945484997,0.005625524587354415,true
cache-disabled-120,28,prefix-affinity,5943,0,42047.108769456674,125236.4844846192,133969.4216226091,133925.38399102073,136155.62222348643,1.2135318074961108,false
cache-disabled-120,28,bounded-affinity,5943,0,62.08633194294925,98.67045963287092,124.73930466758975,69.23528134690059,112.17007365874815,0.08482686791281387,true
cache-disabled-120,29,random,6010,0,150.5366584801521,371.96570136380615,536.8853019592207,482.1931664173717,784.6008905159579,0.03223998351055769,false
cache-disabled-120,29,least-loaded,6010,0,59.48798120643457,91.58568443268814,116.7733219984475,60.58269397219192,108.4133849690661,0.006982271839857413,true
cache-disabled-120,29,prefix-affinity,6010,0,41892.25212211585,126620.65624535932,134952.70856078272,134916.42487494086,137406.41259587,1.1973349077453406,false
cache-disabled-120,29,bounded-affinity,6010,0,63.20733532076878,99.21038422517813,123.78801117082548,64.09234443598325,122.69748508404882,0.08128502554912509,true
cache-disabled-120,30,random,5980,0,136.2378596574766,323.9076226037014,468.7532955863535,421.0166407275465,695.482732679222,0.027850077588377736,false
cache-disabled-120,30,least-loaded,5980,0,59.20299147070864,94.74814553576653,119.19426261173066,63.475848997164576,88.58176577015547,0.006751924290852809,true
cache-disabled-120,30,prefix-affinity,5980,0,40250.96552033349,122178.97203095542,130706.10812423083,130632.52102134102,132744.7623376819,1.1890908913706368,false
cache-disabled-120,30,bounded-affinity,5980,0,62.92905045836936,100.2319291133681,125.59142175673333,69.75206564583823,101.07763701305521,0.09080742975308653,true
cache-disabled-120,31,random,6016,0,166.2536183234151,456.813621311092,829.723056352861,776.8328480391101,1040.2511972844186,0.0406665453605061,false
cache-disabled-120,31,least-loaded,6016,0,60.1564030307417,95.5027016726599,123.36995801321609,65.04698920973169,104.44065486328691,0.007177297028849667,true
cache-disabled-120,31,prefix-affinity,6016,0,41224.00871986176,125013.10268969304,133503.92148204273,133451.71634294692,135668.76193901987,1.192311270402598,false
cache-disabled-120,31,bounded-affinity,6016,0,63.685984957451126,101.64958837223821,128.81620691961143,71.09698313536501,121.26071701686851,0.08129489179466672,true
cache-disabled-120,32,random,5754,0,135.4359493538806,344.0557101779523,510.75106315830635,458.3760811313987,877.37048408798,0.03931206819554065,false
cache-disabled-120,32,least-loaded,5754,0,57.14278928445759,86.55110006454925,104.54069741523563,47.78649798385595,72.1609059082075,0.007063770231597306,true
cache-disabled-120,32,prefix-affinity,5754,0,38484.99148933588,116517.83804224143,124079.79237628222,124023.77431625649,126193.16033603765,1.1772440174757035,false
cache-disabled-120,32,bounded-affinity,5754,0,61.01314449448735,93.7735954468626,114.56931861846897,56.36290378824924,96.12909112846683,0.09546930365052472,true
cache-disabled-120,33,random,5906,0,136.43136180803378,334.14663481847674,433.14657849967625,379.60747546137463,531.4583677096671,0.036269326282039,false
cache-disabled-120,33,least-loaded,5906,0,58.981792821325605,91.58599565346958,117.18075896538176,55.18732089970581,116.19502071628813,0.006228967429909727,true
cache-disabled-120,33,prefix-affinity,5906,0,42663.079043195205,126676.28915590524,135541.8333748857,135468.4572751419,137409.92504538875,1.21288476127715,false
cache-disabled-120,33,bounded-affinity,5906,0,62.65150902821544,98.30907538809697,126.41769423117876,65.5866057151361,123.69800787159693,0.08737444345506186,true
cache-disabled-120,34,random,6028,0,150.60376107743397,377.27120129605464,619.3530897015225,567.1854658174634,955.4424036468481,0.040225726289416265,false
cache-disabled-120,34,least-loaded,6028,0,58.09322264808928,87.94610312683653,113.59159544729482,54.78721295957803,109.40581421292882,0.006368694730086506,true
cache-disabled-120,34,prefix-affinity,6028,0,40703.79008113217,123900.64815678724,132757.37293695082,132664.24663975864,134756.72461970476,1.1923047179144928,false
cache-disabled-120,34,bounded-affinity,6028,0,61.98387270545503,95.77376844513492,119.59160099524888,63.37102623424289,132.0654287559155,0.0878756098229545,true
cache-disabled-120,35,random,6166,0,167.5814341882036,464.51472284940246,712.4238438026005,657.7637755185042,866.9133789721964,0.013420380263293574,false
cache-disabled-120,35,least-loaded,6166,0,59.455011648995296,93.92665064042376,121.51133938988642,64.13072950665082,90.03262703694782,0.008060228747948813,true
cache-disabled-120,35,prefix-affinity,6166,0,42056.85671450012,127441.51359175029,136282.106931303,136232.85656949575,138230.79672930378,1.1883961191595962,false
cache-disabled-120,35,bounded-affinity,6166,0,63.265669591164084,99.7123377476164,130.63875647357054,71.77687012106617,98.73542461459147,0.0757988566139428,true
cache-disabled-120,36,random,6105,0,147.66900684425443,350.37712290212585,485.32509311880494,439.52216758397117,705.6426664355131,0.024006032942772537,false
cache-disabled-120,36,least-loaded,6105,0,59.19239232532049,93.41314939383301,123.66924557676975,68.50163452495326,115.90837143835597,0.0064041206972490945,true
cache-disabled-120,36,prefix-affinity,6105,0,40488.68337556098,123770.82310575136,132296.76668355375,132254.21447191134,134489.25965528365,1.1830195131924561,false
cache-disabled-120,36,bounded-affinity,6105,0,62.80607158660017,100.17322612088174,128.07647958635062,73.35695615044096,131.15702018782758,0.08411662214971824,true
cache-disabled-120,37,random,5955,0,145.09557579327165,386.5674633362869,560.8282359118093,499.7136626494612,623.7811070335811,0.031926710014083884,false
cache-disabled-120,37,least-loaded,5955,0,58.68475721872927,90.81158925968703,109.18755096453242,51.94029026415228,78.16591747773782,0.005168886499645368,true
cache-disabled-120,37,prefix-affinity,5955,0,38064.83018407569,117999.62348268797,126758.40897390596,126713.34470660155,128687.19439993172,1.1699572203569455,false
cache-disabled-120,37,bounded-affinity,5955,0,62.409116435247725,97.89734529082125,120.0970926377995,58.13347228108614,96.76862051180797,0.09708523239211828,true
cache-disabled-120,38,random,6025,0,147.24273921890017,389.90647899404576,588.1450469919619,544.5085681594574,776.2575910810465,0.02276975901480108,false
cache-disabled-120,38,least-loaded,6025,0,58.04800496410306,89.61172520621767,109.50095094321296,52.4448597906412,77.63428751317406,0.004571529473244746,true
cache-disabled-120,38,prefix-affinity,6025,0,40348.50953256978,122493.57720006141,130836.30164975821,130801.70932823018,132984.58325472678,1.1907248686135552,false
cache-disabled-120,38,bounded-affinity,6025,0,61.803836899689976,96.18623928203306,117.59314124870434,57.91868905151205,94.45220046379109,0.09066447413712893,true
cache-disabled-120,39,random,5961,0,141.86997019844688,345.34777184616905,495.41136453004947,449.85428331975345,691.4870675909588,0.02552917562180307,false
cache-disabled-120,39,least-loaded,5961,0,58.79672955762949,88.88701491464599,110.3018659215304,52.30467692103048,93.1086003829987,0.005001560095069098,true
cache-disabled-120,39,prefix-affinity,5961,0,39220.66555618981,120707.75913353384,129436.69513446404,129383.24331049935,131460.84241357874,1.1708339608924418,false
cache-disabled-120,39,bounded-affinity,5961,0,62.489577428818535,96.66118572783307,119.58156874819542,60.9191525253118,93.87619745684788,0.08874679783054557,true
cache-disabled-120,40,random,6096,0,164.89051196691722,420.00840166523994,939.516295757112,882.9180256070103,1184.1996321227343,0.02947598253275109,false
cache-disabled-120,40,least-loaded,6096,0,59.75965865484927,94.21138353392598,124.62478500028737,68.06956151260238,110.54577835568125,0.0059545371804780095,true
cache-disabled-120,40,prefix-affinity,6096,0,40782.23438457137,124251.19942774283,133536.45112427959,133483.91142336465,135646.72148816267,1.1772762220188229,false
cache-disabled-120,40,bounded-affinity,6096,0,63.21263414853328,99.06412718619322,129.51102487310345,74.90146969235138,133.83081007469445,0.07719892310499646,true
cache-disabled-120,41,random,5838,0,142.65645967822402,360.94603194308,547.2003451646251,493.0390660790781,785.8134926486819,0.03609647690922714,false
cache-disabled-120,41,least-loaded,5838,0,57.29108062836193,85.21241505342186,101.24410399298722,39.41542884584487,61.171866786698956,0.005493121651463263,true
cache-disabled-120,41,prefix-affinity,5838,0,40037.595138471304,120871.29454526876,129071.55191232808,129022.03214712249,131007.78529732753,1.1973997245539736,false
cache-disabled-120,41,bounded-affinity,5838,0,60.88084083892962,92.37925832625479,107.85652564593329,49.239745609564125,76.48787023483601,0.09409023380095585,true
cache-disabled-120,42,random,5983,0,143.47081483153718,385.15383280994683,541.6884976346773,480.2938030940095,667.8428890772047,0.02705192968393408,false
cache-disabled-120,42,least-loaded,5983,0,57.594219419297985,85.87370159164857,101.31923777491102,40.31607601205178,63.80815759345569,0.005816691970299826,true
cache-disabled-120,42,prefix-affinity,5983,0,37606.674043109,117753.03860841738,126197.34841121337,126143.652675172,128366.48654605789,1.156748906424858,false
cache-disabled-120,42,bounded-affinity,5983,0,61.198947521396754,93.77582499758137,111.40761243245106,51.49099760592071,82.35247623448959,0.08014508920955166,true
cache-disabled-120,43,random,6133,0,159.43425452121548,397.990938440882,543.9699639316677,491.9421799146148,654.1348301594189,0.03298890882627593,false
cache-disabled-120,43,least-loaded,6133,0,61.87792659012763,101.87017624796135,151.3088808790053,94.90651355252339,137.79186777464201,0.005313306204403832,true
cache-disabled-120,43,prefix-affinity,6133,0,38785.0709488305,121743.56319652032,130710.41484155782,130641.33776733853,132945.03417254478,1.1678564223707233,false
cache-disabled-120,43,bounded-affinity,6133,0,65.55125566804551,108.39380820107908,154.62808940696232,100.46981580999272,148.77755461924244,0.08285372996264281,true
cache-disabled-120,44,random,5968,0,139.1134004504063,349.14709538198076,519.7767518075016,470.64637979416875,715.6392253828162,0.024415798815330604,false
cache-disabled-120,44,least-loaded,5968,0,58.17182634630111,89.72290214068198,112.70429544529907,55.47817300759925,101.89912156538776,0.003655094804652393,true
cache-disabled-120,44,prefix-affinity,5968,0,39819.3025533427,120901.63288394024,129259.3652260555,129214.57289542802,131342.10256917131,1.1831100233502418,false
cache-disabled-120,44,bounded-affinity,5968,0,62.0403091435169,97.68207971190895,121.14041743950656,62.946885286775796,112.66343792124098,0.0938632832504389,true
cache-disabled-120,45,random,6013,0,161.19393315978965,404.8457172813396,544.6759363739402,487.17695620220184,685.6625601017004,0.027843581559546707,false
cache-disabled-120,45,least-loaded,6013,0,60.4708998820121,96.11260153718467,121.00590240100792,63.118908846983686,98.19685357656635,0.006272533495557254,true
cache-disabled-120,45,prefix-affinity,6013,0,40438.34170096691,123853.39570283314,132506.645996059,132452.57221545483,134647.28561965152,1.185177714990386,false
cache-disabled-120,45,bounded-affinity,6013,0,64.11159845349833,102.89417525695899,130.39442298358335,72.49691154229004,109.41600744688913,0.09191214356536911,true
cache-disabled-120,46,random,5946,0,149.3189899743342,402.94254918598017,594.2593730862172,544.66939076157,883.186458465425,0.03831579359689124,false
cache-disabled-120,46,least-loaded,5946,0,58.29229317948443,89.22327691335886,110.74985455978458,53.37531269885949,84.23891862712117,0.007090383949087289,true
cache-disabled-120,46,prefix-affinity,5946,0,40852.983501793766,122724.1286499138,131414.69138585104,131359.24796082254,133511.69854296738,1.1933355611947587,false
cache-disabled-120,46,bounded-affinity,5946,0,62.05491602628222,98.17909417724877,119.59591138433825,63.53724075454011,104.385522912964,0.08309269007423883,true
cache-disabled-120,47,random,6008,0,137.59076066195072,324.50122983068286,457.55054739174375,405.0562505878843,578.0576287690274,0.016556227885770238,false
cache-disabled-120,47,least-loaded,6008,0,58.56815604928288,90.31983227843739,109.19658796409931,51.815262346375675,74.74708281486528,0.006295833379895847,true
cache-disabled-120,47,prefix-affinity,6008,0,41483.46847109906,125233.70463621014,134203.37719217036,134167.3012568286,136604.83872036755,1.1970786093726984,false
cache-disabled-120,47,bounded-affinity,6008,0,62.41382181779439,96.58974117671642,116.50595355376572,59.363004030929005,90.54139714430494,0.09090551514658901,true
cache-disabled-120,48,random,5932,0,145.930131171357,378.07062962590135,521.9678130811517,468.79702326185725,751.1614806480866,0.024959984538230236,false
cache-disabled-120,48,least-loaded,5932,0,58.9353819963477,91.92506611179851,115.39644855904044,57.414081950628315,104.20559002100345,0.008559619991613672,true
cache-disabled-120,48,prefix-affinity,5932,0,41760.65105623577,124787.43141332045,133561.65494670157,133512.4325026903,135349.69487765012,1.2297108228403975,false
cache-disabled-120,48,bounded-affinity,5932,0,62.639922596490344,99.76210198195804,124.87191012782569,67.51552391239238,122.0210170133505,0.09228674706610208,true
cache-disabled-120,49,random,6029,0,142.75646254048567,342.43421421355015,465.3513940977173,413.2727565150344,590.7838560315358,0.019104750319605457,false
cache-disabled-120,49,least-loaded,6029,0,58.85741943363042,89.77762368313415,113.7005879753251,57.625616972078205,85.01853242813013,0.00669218100941847,true
cache-disabled-120,49,prefix-affinity,6029,0,41605.85900636689,125799.38298221884,134087.3820832547,134055.15049161785,136148.4737043293,1.201089214398265,false
cache-disabled-120,49,bounded-affinity,6029,0,62.508467449477195,96.92618457922799,121.09300827265179,62.51888865163892,102.59082039850182,0.08761749305813209,true
cache-disabled-120,50,random,5979,0,143.7440331340098,360.8175630437472,543.5814459536523,490.7994936310315,835.6430267049327,0.01806750343629268,false
cache-disabled-120,50,least-loaded,5979,0,58.65878929687562,91.33764770453308,116.86435578239252,62.16785444577545,100.78122009702929,0.007256768496460611,true
cache-disabled-120,50,prefix-affinity,5979,0,39147.47957866492,119673.73839559662,127876.82332080214,127829.57184270448,129874.3888034799,1.1625519501503694,false
cache-disabled-120,50,bounded-affinity,5979,0,62.57578053930077,99.51295282190404,125.48847355343969,68.66787687100077,123.07793500264233,0.08538849892527572,true
cache-disabled-120,51,random,6016,0,146.40745253237253,371.0120389407748,498.19823084431846,439.0841267164724,616.3805462686068,0.03337700866758088,false
cache-disabled-120,51,least-loaded,6016,0,60.327004342654384,96.68837565356807,135.19370878337213,83.60747023561999,119.19257039232616,0.005428093813746332,true
cache-disabled-120,51,prefix-affinity,6016,0,39835.0371485064,122063.14190658859,130599.66365099102,130536.30187344193,132574.9526502246,1.1723262546735311,false
cache-disabled-120,51,bounded-affinity,6016,0,63.743380455773895,103.47483854620805,139.54598495060054,83.23595177541574,153.83917910068703,0.07992895548131454,true
cache-disabled-120,52,random,6109,0,149.73078273817998,357.5804586640734,526.3777939457905,478.87145689526005,799.9939303249557,0.037200874327950294,false
cache-disabled-120,52,least-loaded,6109,0,59.616550380615045,92.59568943739578,111.32511726109442,53.940778842348664,69.55540231247869,0.0060159918394266125,true
cache-disabled-120,52,prefix-affinity,6109,0,41723.75314447957,126649.85978761845,135554.3889374707,135492.0580089382,137532.82313602458,1.1865316835735185,false
cache-disabled-120,52,bounded-affinity,6109,0,63.28943257658162,98.28478864021235,118.89734182759275,61.16077747858799,89.72671838910901,0.08284777445378635,true
cache-disabled-120,53,random,6034,0,145.4715329062277,361.6964196061017,529.9627428643798,480.1002120317862,738.866180494937,0.03181784695140341,false
cache-disabled-120,53,least-loaded,6034,0,58.0726191855547,89.34119308391018,111.32302752111718,51.9372355174346,104.33050253541296,0.006065587569270943,true
cache-disabled-120,53,prefix-affinity,6034,0,41455.23495734533,125333.23934599462,133540.08899575227,133484.3869755035,135332.9770900927,1.1963887786767724,false
cache-disabled-120,53,bounded-affinity,6034,0,61.77216830577558,95.87068779546826,119.77517964114668,60.651950688383295,118.96420695837878,0.08875780735809001,true
cache-disabled-120,54,random,6003,0,156.8539497444812,441.12265971732995,677.9834831035332,625.878662474559,892.4024161397319,0.03181230469565611,false
cache-disabled-120,54,least-loaded,6003,0,57.83779905947843,87.0000091645561,107.95403219359287,48.564463329188584,98.52971941344003,0.00713647028217088,true
cache-disabled-120,54,prefix-affinity,6003,0,38132.07508513054,117892.5471825957,127074.35861376172,127021.11802548313,129185.28980703684,1.1701989094515244,false
cache-disabled-120,54,bounded-affinity,6003,0,61.610877274865,94.69542591583013,115.25470122402476,56.35143279706972,104.91824090673254,0.09334991279213968,true
cache-disabled-120,55,random,5952,0,148.22063163899676,362.7947219060079,693.6259314767194,630.5920715034554,1017.7799438379625,0.027884428375698014,false
cache-disabled-120,55,least-loaded,5952,0,58.40781152993332,89.2012958206833,108.85884737010929,50.021530907964916,77.65831308248744,0.00617541092170637,true
cache-disabled-120,55,prefix-affinity,5952,0,39991.87615872115,122742.49172780919,131124.99750871668,131040.06735535344,133257.6911434619,1.174692953968184,false
cache-disabled-120,55,bounded-affinity,5952,0,61.992801157519125,95.53312185886898,116.4456592486058,57.47505376389745,97.6067610705868,0.08133037835302771,true
cache-disabled-120,56,random,5902,0,147.7199182726876,376.43221321553574,612.5755196915688,551.5841410959401,963.6951624416688,0.029498117541003073,false
cache-disabled-120,56,least-loaded,5902,0,58.4668608859778,90.44811775832932,110.58176085408195,51.92759627484338,86.11421797094226,0.003539920272388039,true
cache-disabled-120,56,prefix-affinity,5902,0,39649.69306112579,120949.22200754768,129722.9179440368,129662.07394615759,131404.08253864778,1.2028500145744876,false
cache-disabled-120,56,bounded-affinity,5902,0,62.256418402835386,97.34142420663011,116.0792116137527,58.754741952434415,108.97814525845388,0.09787301870179867,true
cache-disabled-120,57,random,5983,0,150.24880966160566,410.5687859253885,626.7571824079059,575.2276560551327,804.2059441220626,0.030368686564736874,false
cache-disabled-120,57,least-loaded,5983,0,57.187595021085606,86.19747280386946,104.18544772750465,45.16035667424876,67.1157487646633,0.006072199430793393,true
cache-disabled-120,57,prefix-affinity,5983,0,39648.58145245181,120959.04047711482,129369.90361093957,129322.6750522865,131226.00423016894,1.1797809716626906,false
cache-disabled-120,57,bounded-affinity,5983,0,60.90319710439903,93.26656698762235,110.064895555166,51.979142781943665,96.78885779596021,0.09072339701467921,true
cache-disabled-120,58,random,6195,0,173.26317375886313,456.04484066676014,591.5331721338152,545.6099800793709,660.379521169165,0.04781732330913094,false
cache-disabled-120,58,least-loaded,6195,0,61.01842695433801,96.2106372152266,130.05143234820935,75.87765324539942,133.1262855910536,0.008143322475570033,true
cache-disabled-120,58,prefix-affinity,6195,0,40859.613144006464,125567.36174237444,134563.27465211373,134514.00089541933,136994.57238960313,1.1783459844438366,false
cache-disabled-120,58,bounded-affinity,6195,0,64.76225399343322,102.17712152554304,136.2836821027522,81.91771550106205,154.36917410747265,0.08604049538157803,true
cache-disabled-120,59,random,5975,0,150.03590856078455,390.32576656749734,519.6882811682153,466.4598129046717,638.6816600865932,0.04695639575724773,false
cache-disabled-120,59,least-loaded,5975,0,59.19978141992092,91.23655117827002,111.17339594630903,51.55043084623867,97.18963615400571,0.005935945623606675,true
cache-disabled-120,59,prefix-affinity,5975,0,43230.25592351056,128620.77546190989,137299.91520319477,137248.42540237756,139453.1588197224,1.2030641351676825,false
cache-disabled-120,59,bounded-affinity,5975,0,62.90107838453087,97.74742146965582,118.739392412077,60.996017683406535,108.23433624090103,0.08335975573230914,true
cache-disabled-120,60,random,5963,0,140.80732817745366,356.99959010720704,504.8026114688437,452.0295376010654,684.6373761659743,0.014854453408165732,false
cache-disabled-120,60,least-loaded,5963,0,59.19827445889391,91.59065970811935,114.11621773237857,54.85323732284451,90.74593035624275,0.005058874378847719,true
cache-disabled-120,60,prefix-affinity,5963,0,40449.01431380358,122358.2758620713,131360.23641317,131333.52413589382,133433.24108530718,1.1838324966688312,false
cache-disabled-120,60,bounded-affinity,5963,0,62.84044606445469,99.64212607985974,119.6548699077066,60.11271300397493,105.24108892879303,0.07948682195232362,true
cache-disabled-120,61,random,5985,0,146.11790966747805,383.21584201418955,573.3678987849671,521.4203296096275,862.0632119590991,0.027226588625181788,false
cache-disabled-120,61,least-loaded,5985,0,58.20492196310387,88.32680273158621,107.71802115997707,47.28846472850637,76.2213066853401,0.008577376234790867,true
cache-disabled-120,61,prefix-affinity,5985,0,41358.69896224108,123667.66109181297,132676.76398459158,132634.11023840838,134869.63767219166,1.1931299156016428,false
cache-disabled-120,61,bounded-affinity,5985,0,61.97272175277131,96.8587137839204,119.70708818792627,58.49384461500449,102.14534947878201,0.0819578928580303,true
cache-disabled-120,62,random,6062,0,158.64347395213886,423.07860658939535,639.1595801990843,585.8698288635424,773.4815787382031,0.030974606992227243,false
cache-disabled-120,62,least-loaded,6062,0,59.54309368964748,92.94825025385217,113.13680995644245,54.922380415278894,90.12658931114493,0.007219686585056256,true
cache-disabled-120,62,prefix-affinity,6062,0,42498.681650390936,127169.12008958601,135837.63044176812,135784.37651290212,137981.84321718093,1.1983644625154322,false
cache-disabled-120,62,bounded-affinity,6062,0,63.130824353268636,98.85565342434711,120.27863483210967,61.7480248142856,100.05393746007758,0.07708956202219756,true
cache-disabled-120,63,random,5994,0,145.91124406208468,377.6821792316405,604.0931048329003,552.9441900168531,785.5157458546237,0.018547600852242628,false
cache-disabled-120,63,least-loaded,5994,0,59.87731719894879,97.21672596174903,117.27355150900257,60.75923188874003,80.82242551127274,0.005288398888255314,true
cache-disabled-120,63,prefix-affinity,5994,0,39732.250989645945,121371.48439189611,129794.53256881781,129746.98924675895,132085.9099771523,1.186810852651506,false
cache-disabled-120,63,bounded-affinity,5994,0,63.44341071584326,102.23549095351518,123.75583196098887,66.46588795878051,100.9320504847783,0.08758018694590833,true
cache-disabled-120,64,random,5966,0,144.09412770856116,382.0225730732709,557.0300830814958,500.3333583651911,795.4205717319455,0.02100312735013367,false
cache-disabled-120,64,least-loaded,5966,0,58.87308599513197,92.8974978235783,116.38278100019306,60.49018801817874,92.98132827467089,0.007302062918069565,true
cache-disabled-120,64,prefix-affinity,5966,0,39247.70257218339,120050.30713283857,128532.28534968675,128475.55087429628,130366.12117889477,1.175509354516137,false
cache-disabled-120,64,bounded-affinity,5966,0,62.67093118437936,100.10998020724946,123.4894576793231,66.4430388584351,99.16980954338396,0.08521569339386036,true
cache-disabled-120,65,random,6051,0,154.39939097362114,422.17439068343447,690.2320179776216,643.7455734688156,1050.1123978962714,0.03412832254636692,false
cache-disabled-120,65,least-loaded,6051,0,58.88952888400895,90.48765451283543,110.59253440834254,52.4291703354138,77.77522545045213,0.0076516488881635345,true
cache-disabled-120,65,prefix-affinity,6051,0,38985.69540029221,120971.61728547336,129728.87545712,129685.73182176663,131902.5341017015,1.160148758342465,false
cache-disabled-120,65,bounded-affinity,6051,0,62.59258843400854,98.2078832593761,118.6261904783023,60.318367380103155,99.37765491447499,0.07990613457119121,true
cache-disabled-120,66,random,6136,0,156.4699332294071,391.64762310633523,578.3564656970593,532.0287281908313,722.6836373108126,0.027649468463729784,false
cache-disabled-120,66,least-loaded,6136,0,60.69369357959023,99.93903163188224,134.35186815046836,78.33728677050749,126.43265166674973,0.005718292218914697,true
cache-disabled-120,66,prefix-affinity,6136,0,41536.20265809069,126769.54482753265,135567.48193741136,135514.39666125196,138003.81620555784,1.192265904333934,false
cache-disabled-120,66,bounded-affinity,6136,0,64.1910744194025,106.46417794339504,136.99823132449092,82.15074122387887,135.5191503800579,0.07971640187578406,true
cache-disabled-120,67,random,5997,0,142.39029348804962,359.65137500615674,539.9329392990912,488.85541670337443,664.9176613259297,0.02965627351227,false
cache-disabled-120,67,least-loaded,5997,0,58.38808031215392,89.13255738229782,107.71430878758838,50.69756577854059,85.58455955663158,0.0070009949649440335,true
cache-disabled-120,67,prefix-affinity,5997,0,39659.29295135081,121350.38365501405,130097.25338308621,130048.2703563254,132046.14473005946,1.1749908761533188,false
cache-disabled-120,67,bounded-affinity,5997,0,62.14868339296704,95.95717458558647,115.32687864141553,57.121053652201226,107.58617825901456,0.08823179703499615,true
cache-disabled-120,68,random,5964,0,152.34164426056827,397.32361207807116,605.1787940384856,552.8558084458564,915.3716558276938,0.030302670579167277,false
cache-disabled-120,68,least-loaded,5964,0,58.226017025324104,88.51861652560183,111.25330000967733,51.249846053335204,98.9452415011474,0.007822945513625551,true
cache-disabled-120,68,prefix-affinity,5964,0,40471.85655582992,122777.2732786529,131289.99631494447,131243.78720357124,133503.6929993913,1.1977566467058436,false
cache-disabled-120,68,bounded-affinity,5964,0,61.87138892225897,95.57753836656047,119.15858556677267,57.73101567774938,100.98203160988487,0.08786026137331023,true
cache-disabled-120,69,random,5910,0,143.90575383387971,353.25179926749115,556.5812574332995,505.97581155310763,805.9148583977221,0.020972184492611165,false
cache-disabled-120,69,least-loaded,5910,0,57.915115441453565,88.07584975071404,114.84338147980452,57.54062371555483,92.78093399392674,0.00648260966535739,true
cache-disabled-120,69,prefix-affinity,5910,0,39110.642387786414,119630.5624838367,127935.10039392111,127884.77628497494,129899.80003702102,1.171435191290954,false
cache-disabled-120,69,bounded-affinity,5910,0,61.616643981513974,96.12097293485567,120.45574927913549,65.1902281089715,107.47665105485066,0.08726167855315173,true
cache-disabled-120,70,random,6047,0,150.54873236395488,388.59231950706453,518.5952921520511,463.82269250190075,829.4226659792512,0.034680247624119316,false
cache-disabled-120,70,least-loaded,6047,0,57.90215182820928,87.49554375036678,108.47829925855694,46.902042489768064,88.51596485628033,0.004406167679217378,true
cache-disabled-120,70,prefix-affinity,6047,0,40285.909346860506,123871.15140576498,132284.11622568892,132224.50185570953,134345.64935625327,1.1643145778966573,false
cache-disabled-120,70,bounded-affinity,6047,0,61.65778898772086,94.75315485529427,115.66900459607677,54.854507309977635,109.64540008561016,0.07739894543247736,true
cache-disabled-120,71,random,5961,0,137.17014368519645,332.5981573573299,462.82036700720346,403.0974213785121,642.2618073031554,0.036197817952194844,false
cache-disabled-120,71,least-loaded,5961,0,57.753825409195194,87.8153776014442,113.66212383439415,53.01613409685524,106.25615627324441,0.007595538305692602,true
cache-disabled-120,71,prefix-affinity,5961,0,38877.97660601558,119810.60480485181,128363.81196000442,128293.80709394065,130376.0221890371,1.1634430266883098,false
cache-disabled-120,71,bounded-affinity,5961,0,61.60494784647623,95.78898510598447,120.21728829702624,61.10721427694807,122.1571444825895,0.08605987392832708,true
cache-disabled-120,72,random,5895,0,143.60279802837337,357.24091725839935,591.2235866698029,539.7584943147012,721.7496350741676,0.03207703066425492,false
cache-disabled-120,72,least-loaded,5895,0,58.8089756723213,91.6045907262378,115.79676149877923,58.069240733580955,78.37296418259211,0.005158795911180237,true
cache-disabled-120,72,prefix-affinity,5895,0,40067.823634674765,121476.37518832425,129386.77394965192,129349.65835446154,131553.26836388352,1.1969466034854443,false
cache-disabled-120,72,bounded-affinity,5895,0,62.489578257974436,98.45044122420222,124.85023672448006,64.63169457935874,102.37007295842704,0.08922548452487208,true
cache-disabled-120,73,random,5980,0,144.29383317226697,366.2470341277003,572.6716139147975,529.077433917264,895.6743325151256,0.026736860578703867,false
cache-disabled-120,73,least-loaded,5980,0,58.082006721835874,89.25992595892603,109.533625454289,50.82775777334609,83.15076969093934,0.005787103399298189,true
cache-disabled-120,73,prefix-affinity,5980,0,38845.9828034414,119742.75963656433,128434.19025680458,128390.06314782763,130190.17715460241,1.1665861106577142,false
cache-disabled-120,73,bounded-affinity,5980,0,61.65244943074274,96.43833554918456,117.40792377582693,60.418986449512886,95.39561917612446,0.08423237903952745,true
cache-disabled-120,74,random,6139,0,161.90739342443305,427.0716977459233,590.7693870972071,539.7468701153848,722.4288622252025,0.03299711971449776,false
cache-disabled-120,74,least-loaded,6139,0,60.780169381321876,99.83299528916541,128.09574283935217,70.90813947564311,108.26355608877566,0.006790181796265586,true
cache-disabled-120,74,prefix-affinity,6139,0,38374.69049450508,120581.46349403574,129943.75423257845,129890.64930927771,131962.7637574872,1.1536003167783135,false
cache-disabled-120,74,bounded-affinity,6139,0,64.55250471060347,106.2572149134503,135.23106796654974,79.41466014597245,127.97340890575651,0.07644263891660699,true
cache-disabled-120,75,random,6140,0,151.93532698145947,351.3454430483107,569.8976462156606,507.3802974198843,839.0830268133395,0.03950985057960685,false
cache-disabled-120,75,least-loaded,6140,0,58.621550985206845,89.96298010665487,108.5518921487328,50.62278229932417,80.40950086219527,0.007381039563489057,true
cache-disabled-120,75,prefix-affinity,6140,0,38971.828658011436,121503.10599239588,130297.46411648358,130240.43504525334,132447.03858498536,1.1552239410737928,false
cache-disabled-120,75,bounded-affinity,6140,0,62.295711552605844,95.97998554529477,115.42859207907168,58.90735957532888,98.76674099916636,0.081646112262883,true
cache-disabled-120,76,random,5988,0,151.10814198929918,399.42565750058384,530.2297477501706,475.94223411182975,654.7245902334835,0.011511303647825039,false
cache-disabled-120,76,least-loaded,5988,0,58.84670962667216,92.6966360864808,115.24724508790678,57.20991133025018,86.03215284414182,0.004210727515488427,true
cache-disabled-120,76,prefix-affinity,5988,0,38394.95799520952,118942.04963919208,127529.22426461232,127475.669397646,129599.0728019102,1.163512328552717,false
cache-disabled-120,76,bounded-affinity,5988,0,62.67607766500428,98.88530668416206,125.28493368321506,64.66024595732597,95.30136729031801,0.09161632659623455,true
cache-disabled-120,77,random,5945,0,143.97548305148808,372.25708712897904,540.9097721464568,490.81424380023964,679.7800717393948,0.02922637137315513,false
cache-disabled-120,77,least-loaded,5945,0,58.084864205844006,88.71335105790786,110.10872954781371,51.48887828435545,80.26966735391761,0.006579144041602453,true
cache-disabled-120,77,prefix-affinity,5945,0,40714.66273460236,122505.90911862774,131390.11941179278,131328.9018096033,133355.07869502046,1.1977635725523708,false
cache-disabled-120,77,bounded-affinity,5945,0,61.67893908659327,95.73555875492093,116.13107252337795,58.58968374327378,100.96492467259668,0.08629910009921118,true
cache-disabled-120,78,random,6093,0,151.9049215384361,402.72555701072633,584.5185613722715,527.6042565478929,824.1505665301156,0.02997549474725269,false
cache-disabled-120,78,least-loaded,6093,0,58.88994550676726,89.90573009733635,106.27015979558564,47.378266033312684,80.7356783443247,0.008838366581456649,true
cache-disabled-120,78,prefix-affinity,6093,0,40603.38182905701,124206.87237731359,132667.9230530417,132612.8487013438,134697.01387149128,1.1757305568749312,false
cache-disabled-120,78,bounded-affinity,6093,0,62.73550678632708,96.76107585089994,113.77772141739297,58.55024973861873,93.32444341592054,0.08260370313686989,true
cache-disabled-120,79,random,5867,0,145.3939445167518,392.1396685748914,592.320970716446,542.7880854075338,795.8345798509399,0.01849335332411703,false
cache-disabled-120,79,least-loaded,5867,0,58.110642586958825,91.27005468363495,120.45955809000225,64.15652905798925,96.8418166019328,0.004825886667887544,true
cache-disabled-120,79,prefix-affinity,5867,0,39899.82377201074,120526.76499927533,128843.07104760568,128794.86938584855,130893.03663679276,1.1887300339815108,false
cache-disabled-120,79,bounded-affinity,5867,0,61.69064522287252,98.18532701067306,125.42886148753314,69.68463726412665,97.3919105863315,0.09464215958640831,true
cache-disabled-120,80,random,5977,0,168.0300982037676,487.76417427134584,715.2086079003748,666.239896728559,859.0828726932923,0.03380564966133126,false
cache-disabled-120,80,least-loaded,5977,0,58.55800306782585,90.14188493516849,111.46165454474249,51.32238091940235,113.4892954363313,0.007946350724358621,true
cache-disabled-120,80,prefix-affinity,5977,0,40281.68046498199,123145.05745664713,131798.6829869018,131756.9451632519,133769.32170498726,1.1804434691971735,false
cache-disabled-120,80,bounded-affinity,5977,0,62.3770240713981,97.78729058959289,119.83308044614387,61.95504777465612,136.3801174936525,0.08523884130354782,true
cache-disabled-120,81,random,5955,0,136.46106442171586,331.3551192366358,449.7982748702052,399.9090312541739,558.8907548018105,0.021427666864596084,false
cache-disabled-120,81,least-loaded,5955,0,58.35242116146646,88.50337982651399,111.82051286632486,54.541949278554966,97.09543041578581,0.007998849294642178,true
cache-disabled-120,81,prefix-affinity,5955,0,42610.96743582388,126682.53022903885,135251.58141717192,135186.61440222646,137317.25947449333,1.2090428278095233,false
cache-disabled-120,81,bounded-affinity,5955,0,61.902991266888506,96.10242452090824,117.5739957362457,60.26066180172347,120.18084134150558,0.08136893306291561,true
cache-disabled-120,82,random,6147,0,158.42453522873663,411.78968658958183,594.8591928302121,538.704500859687,762.0383602498696,0.03355174802153237,false
cache-disabled-120,82,least-loaded,6147,0,60.16932208483025,94.07137728812086,113.01623069310881,55.89822206412646,83.10210754547734,0.006548791140574797,true
cache-disabled-120,82,prefix-affinity,6147,0,40929.58347178648,125303.34281431073,133996.274776112,133937.03629999014,136013.14540152618,1.1733478419001748,false
cache-disabled-120,82,bounded-affinity,6147,0,63.91682930501716,100.89172504495946,121.70459736158227,64.42953702725208,104.74980178344231,0.0799326616636053,true
cache-disabled-120,83,random,5924,0,138.48164482316895,354.78984131897596,475.3899492401324,419.8333500629378,536.2822530693375,0.029987140482955078,false
cache-disabled-120,83,least-loaded,5924,0,57.051133191225745,86.60283127458388,107.38342928675411,50.023578610467666,77.50830865330863,0.008695555721690356,true
cache-disabled-120,83,prefix-affinity,5924,0,38908.60243219569,119284.00322786909,127624.17829031618,127572.6258254753,129576.68991035534,1.1589760000188405,false
cache-disabled-120,83,bounded-affinity,5924,0,60.83397105390543,93.79779580598552,114.66535308073799,55.679438220045995,93.64459960054955,0.08719417793126565,true
cache-disabled-120,84,random,5938,0,146.84616033630087,393.0381481453005,594.3249696965722,541.1553552189616,780.1775102476313,0.03657198124967078,false
cache-disabled-120,84,least-loaded,5938,0,57.459768402718126,87.28428626481764,106.4685448899545,48.023883682231826,79.3217713336744,0.004652155801426767,true
cache-disabled-120,84,prefix-affinity,5938,0,40832.793748590804,123341.75373855329,132293.4802814564,132240.67851430966,134238.49048051093,1.2097996369153154,false
cache-disabled-120,84,bounded-affinity,5938,0,61.007339481285015,94.25642097162199,112.57367209459335,54.06418523136381,96.86485637294027,0.0902786238155942,true
cache-disabled-120,85,random,6027,0,139.7169534414284,331.6798300009832,478.41067080128414,422.13371573915356,634.0516987739902,0.022724535235215094,false
cache-disabled-120,85,least-loaded,6027,0,59.251664109617145,93.93335698446026,118.51393377203567,61.90809613551755,84.261117396185,0.00971178700397642,true
cache-disabled-120,85,prefix-affinity,6027,0,41318.44991015239,125350.69586446563,133729.40013253543,133653.91709379276,135493.4932954233,1.1955580082431987,false
cache-disabled-120,85,bounded-affinity,6027,0,62.9127728810198,99.83025267325866,127.76372528851789,68.71705603422015,101.99154104211993,0.08412033593021699,true
cache-disabled-120,86,random,5886,0,131.70780095051126,314.7055375790151,429.1457420360384,380.78911459541996,526.7172547087284,0.017807216563188847,false
cache-disabled-120,86,least-loaded,5886,0,57.923169131013466,88.93575291698653,108.61873175226356,49.75439374548296,75.31764328719146,0.004514763761004046,true
cache-disabled-120,86,prefix-affinity,5886,0,40689.22997684255,122572.00823966324,130856.44468049158,130809.89929496145,133172.83368784224,1.208202328173042,false
cache-disabled-120,86,bounded-affinity,5886,0,61.441799293407946,94.77875464579847,116.2132598979224,56.792663459717005,94.0872510710833,0.09703004797506885,true
cache-disabled-120,87,random,5968,0,140.94698567765798,359.29537287848143,540.4386712524501,482.98345754638285,895.6389542113611,0.020571437125976283,false
cache-disabled-120,87,least-loaded,5968,0,58.88104279807009,91.58877840133209,110.18525070475152,54.4754935448218,79.46552601137228,0.006864689325580897,true
cache-disabled-120,87,prefix-affinity,5968,0,38176.315208653665,118752.32630961278,126640.52321951595,126600.72382176359,128756.76050165447,1.1550188324574624,false
cache-disabled-120,87,bounded-affinity,5968,0,62.472063837130534,97.49309109792375,117.98322830824327,59.033496172229206,102.18137078989821,0.08758666277042947,true
cache-disabled-120,88,random,5948,0,141.45991786509072,356.265927836881,522.8289759721738,468.23480330948223,657.4513164060627,0.03641956687515024,false
cache-disabled-120,88,least-loaded,5948,0,57.30509483734627,86.41919662588407,103.76853423268221,43.86615581128717,63.92676250231307,0.005803896978481044,true
cache-disabled-120,88,prefix-affinity,5948,0,40048.12658298411,121482.87795320334,130277.29210263572,130228.1391462952,132341.2673164498,1.186393319190884,false
cache-disabled-120,88,bounded-affinity,5948,0,61.149991856077534,93.37569691098906,111.20570501635666,53.43304774661374,83.81802858447918,0.0934659445256032,true
cache-disabled-120,89,random,5995,0,147.7197898876054,380.1638083833059,516.306393315419,467.842796111152,733.119334662093,0.022681136583375023,false
cache-disabled-120,89,least-loaded,5995,0,57.926321696634396,87.15041642794677,103.98915516924171,45.576348447804776,81.41563804701764,0.005340742698820189,true
cache-disabled-120,89,prefix-affinity,5995,0,40224.408935017615,122500.33375605165,131176.62221885432,131133.6010631526,133245.28303696378,1.1956469823214773,false
cache-disabled-120,89,bounded-affinity,5995,0,61.4532365256699,92.97047753920924,113.42463027307531,55.21778028681365,113.38348964228499,0.08913390518147467,true
cache-disabled-120,90,random,6041,0,148.24887459114973,353.7643785653636,483.6664112699218,434.003474123645,655.1739639500374,0.03379313782406618,false
cache-disabled-120,90,least-loaded,6041,0,58.415225287132614,90.29006668640068,109.92828017879219,49.30027135432465,96.49273613560217,0.0060870123525847515,true
cache-disabled-120,90,prefix-affinity,6041,0,43196.12725261898,129164.87206800852,137853.05986067213,137796.07257685935,139948.56968231214,1.2149643581132141,false
cache-disabled-120,90,bounded-affinity,6041,0,62.11171057228132,95.95058591321867,118.74294363542867,59.887220679884194,118.74528904765612,0.07783577563660082,true
cache-disabled-120,91,random,5907,0,139.53743447029055,351.341428946831,497.5977088305008,443.36528250386255,785.0240044067614,0.02479449772497549,false
cache-disabled-120,91,least-loaded,5907,0,58.79878844397789,91.58768879354466,119.96318704020814,63.68767902020045,102.03916553089584,0.010312241126929135,true
cache-disabled-120,91,prefix-affinity,5907,0,38753.00920047434,118472.76672914805,126634.04910043193,126569.50922105764,128504.75712787462,1.1815969381225135,false
cache-disabled-120,91,bounded-affinity,5907,0,62.336717353904156,99.30410178553575,124.62424558234488,69.24905632943046,121.3743890862279,0.09380416323396662,true
cache-disabled-120,92,random,5958,0,139.5372333365984,350.6556566794825,613.8698335024928,564.8815032297571,792.8952839957419,0.02710305196244996,false
cache-disabled-120,92,least-loaded,5958,0,57.03019978883949,84.76597740389843,104.62768108329328,43.32089302845088,95.30101064452174,0.004639043625111731,true
cache-disabled-120,92,prefix-affinity,5958,0,39646.499246744745,121406.17593977577,129722.78139329246,129673.405951988,131698.66361407292,1.1878637308062048,false
cache-disabled-120,92,bounded-affinity,5958,0,60.841893496409654,92.82845434598858,113.61228065838804,54.00149204068293,103.19210348663182,0.08572319768051306,true
cache-disabled-120,93,random,5873,0,135.60812040068782,327.11720374341166,488.4283115796279,433.67693767337187,605.4676614221753,0.033260833054148176,false
cache-disabled-120,93,least-loaded,5873,0,58.058412135647174,87.90670520280037,106.08928498968453,43.96624068172241,77.91867718562571,0.007871213495665087,true
cache-disabled-120,93,prefix-affinity,5873,0,39463.94445001968,119575.0678299488,128145.22480011865,128104.86310962323,130157.4588647421,1.1800936717555128,false
cache-disabled-120,93,bounded-affinity,5873,0,61.75830614304411,95.9474253453518,116.2238049560874,56.35327067532489,96.40877979956713,0.08981513958779773,true
cache-disabled-120,94,random,6016,0,150.48058985046683,390.9784304449131,556.3443304044176,503.1206888746128,707.9401921658919,0.028882440788158183,false
cache-disabled-120,94,least-loaded,6016,0,59.79982456105146,92.7405058320146,114.80392811539787,58.453594896767754,80.26399875370407,0.007437010784582162,true
cache-disabled-120,94,prefix-affinity,6016,0,40222.50029859875,123016.2574399942,131536.08880896607,131488.64433145514,133594.216096492,1.1728735039569578,false
cache-disabled-120,94,bounded-affinity,6016,0,63.280254079093325,100.08275173238508,121.80619438418216,62.58614496522205,97.17791683514952,0.08161372091629719,true
cache-disabled-120,95,random,5989,0,146.11647171080807,373.6248432848224,503.60436256260436,452.28330330782046,647.064406966434,0.03524300738308576,false
cache-disabled-120,95,least-loaded,5989,0,60.18793717862609,98.24229430440027,129.59011472755083,68.87201455415925,103.89005635044305,0.0028277769755063304,true
cache-disabled-120,95,prefix-affinity,5989,0,39084.18861592538,121159.10615683257,129603.83593790221,129550.21445570167,131511.61412215678,1.1725625145392857,false
cache-disabled-120,95,bounded-affinity,5989,0,63.92469139807814,104.6549754950538,132.7186016806736,73.8677277561801,128.32828041005996,0.08874196096916086,true
cache-disabled-120,96,random,6143,0,154.02900426985494,392.3770860192526,571.7907948760039,520.3186230262982,851.2104101363948,0.020034509625391776,false
cache-disabled-120,96,least-loaded,6143,0,58.805894908067955,90.93025727919303,111.56058757071878,53.32838776152494,79.2700723816015,0.007241639813975865,true
cache-disabled-120,96,prefix-affinity,6143,0,41017.83494233965,125787.95792420788,134316.9504198703,134271.4945595146,136285.0436671366,1.186924025461812,false
cache-disabled-120,96,bounded-affinity,6143,0,62.606519389493656,98.30863463370042,119.78283080427354,61.544688581547234,92.4634431753293,0.07951892774716454,true
cache-disabled-120,97,random,5969,0,139.99432373889945,348.8421532388529,443.0442323286261,395.36154009923484,520.5497426889451,0.023235452856868802,false
cache-disabled-120,97,least-loaded,5969,0,59.52232682978776,94.37524269467394,121.47918409687554,66.42193082504309,98.16379714259892,0.004890152237771485,true
cache-disabled-120,97,prefix-affinity,5969,0,39214.73358347037,120615.63269490366,128862.5378181794,128809.6194937252,130822.36516415811,1.1692416066841251,false
cache-disabled-120,97,bounded-affinity,5969,0,63.285417441414616,100.79952494778263,128.76878402853617,72.061632681216,113.4832008274825,0.08385282457353874,true
cache-disabled-120,98,random,5976,0,149.9513143971634,377.5573863454756,504.68692038169684,447.7975751123249,705.0445030537885,0.028763935673674242,false
cache-disabled-120,98,least-loaded,5976,0,59.340612141985936,93.18612306105933,113.42751046358535,56.76393783810454,76.26450412849954,0.00687521345714059,true
cache-disabled-120,98,prefix-affinity,5976,0,41905.07722133807,125574.37800320271,134010.393306718,133945.83816182593,135974.7758872267,1.2052700262172242,false
cache-disabled-120,98,bounded-affinity,5976,0,63.16984232864687,99.52030309122893,121.14094413853309,63.56683356499525,101.9230940509442,0.08902696084708805,true
cache-disabled-120,99,random,6040,0,156.14337310640545,393.9353567086582,528.5810463987291,476.5115617358824,685.4920759471061,0.027156510023489164,false
cache-disabled-120,99,least-loaded,6040,0,58.650320351525025,89.77058325530015,106.40208780800458,47.66860735787486,67.56750053212454,0.0044691688251683095,true
cache-disabled-120,99,prefix-affinity,6040,0,40724.63187811278,124678.32077716925,133365.4881558474,133319.99821900224,135570.46389587026,1.1999509508902277,false
cache-disabled-120,99,bounded-affinity,6040,0,62.380270549344964,96.88129422049133,115.6734273356924,56.07079545505985,83.62316602970532,0.08575825573081494,true
cache-disabled-120,100,random,6011,0,146.7673094958668,357.11381446007,518.8890719737719,464.7057182433746,680.4102712414024,0.02779955515012337,false
cache-disabled-120,100,least-loaded,6011,0,59.57844283617694,94.46875731761975,123.05181109689511,71.97613709631696,110.3694550538712,0.005208505419848538,true
cache-disabled-120,100,prefix-affinity,6011,0,38509.440325001975,119672.95820888308,128293.33751592306,128237.2393680766,130520.13529557761,1.1538245360370363,false
cache-disabled-120,100,bounded-affinity,6011,0,63.252362462448886,101.06802549488202,129.72237537396722,76.4862413759256,124.58375772192085,0.08339125116469638,true
cache-disabled-120,101,random,5923,0,148.58881311473584,390.36719528877256,626.2054475962341,576.0925808688935,826.146077689853,0.031055553744320168,false
cache-disabled-120,101,least-loaded,5923,0,57.879027185809655,89.72264988318057,110.97342740706154,55.98059091072355,92.09972202113568,0.005362386401142035,true
cache-disabled-120,101,prefix-affinity,5923,0,42483.38333280301,126401.55391411381,134432.08602983743,134372.87574907276,136718.63626887725,1.2339553876514695,false
cache-disabled-120,101,bounded-affinity,5923,0,61.816178707097166,96.5285779310907,118.2757550940587,60.528047170941136,106.68562487450981,0.09407035051626259,true
cache-disabled-120,102,random,5966,0,146.61857449390766,362.59275502156015,572.714822897251,517.091050773628,757.8062010337926,0.03853820739675274,false
cache-disabled-120,102,least-loaded,5966,0,58.365944648240756,88.91998309252085,109.22540249968733,49.255758223309385,72.30002012564728,0.007138377076290801,true
cache-disabled-120,102,prefix-affinity,5966,0,39236.6675326462,120658.70396765506,129009.79887791167,128966.49442806788,130940.43507611094,1.1651177704302877,false
cache-disabled-120,102,bounded-affinity,5966,0,62.01406867148311,96.71506158546617,116.0433940426883,56.71771348764014,94.27006552232342,0.08630375577686468,true
cache-disabled-120,103,random,6002,0,144.5275623179013,370.8395862437683,508.83044544766017,455.4928675882402,658.6895116622618,0.0338217533739788,false
cache-disabled-120,103,least-loaded,6002,0,58.03458830144037,89.21960953472444,107.06467886474275,51.02862971682771,64.59776372500346,0.005543229796536619,true
cache-disabled-120,103,prefix-affinity,6002,0,40868.56400971817,123318.0096150573,132036.0803823359,131986.02516132264,133961.18569515552,1.1834153898698005,false
cache-disabled-120,103,bounded-affinity,6002,0,61.67153482103561,96.73808467348135,117.30201920379477,56.84680604296591,83.18414714605751,0.08308256068814027,true
cache-disabled-120,104,random,5959,0,143.56063736375953,362.8194150920117,502.7071166834794,449.8632301463549,591.1490128118239,0.02542369626646721,false
cache-disabled-120,104,least-loaded,5959,0,59.48519362364534,94.46107247763575,118.6355762085077,62.72321577261755,105.21830886616954,0.0028728822183549563,true
cache-disabled-120,104,prefix-affinity,5959,0,38221.42848567271,118504.76584514003,127054.47054373755,126995.21182621084,129227.90347129299,1.155295500067837,false
cache-disabled-120,104,bounded-affinity,5959,0,63.303740489338686,101.73321273549664,126.43498507401091,71.22934541385621,129.38482894413028,0.08628545509228351,true
cache-disabled-120,105,random,6045,0,153.73868195174225,392.8355035178429,637.9356346798595,590.1877649827038,771.7668650582018,0.02232523381162366,false
cache-disabled-120,105,least-loaded,6045,0,57.95983098696822,87.1229220404166,104.18647407493336,46.66811845576922,65.9232002202225,0.0057538233078165074,true
cache-disabled-120,105,prefix-affinity,6045,0,39603.09254414459,121096.70898377884,129677.72445086241,129626.80952915188,131643.5497226102,1.1730357971759635,false
cache-disabled-120,105,bounded-affinity,6045,0,61.655834352946606,95.2770584846512,113.25107459689389,53.698452456043015,77.29980371058627,0.08619787571583405,true
cache-disabled-120,106,random,6045,0,150.43015399906986,390.4703768471809,607.2969296995798,559.1849233604662,854.335827566676,0.021665455175562,false
cache-disabled-120,106,least-loaded,6045,0,58.76601082900029,89.33310050931323,109.14702072061482,47.26341974874231,75.16560244637003,0.004496056207437442,true
cache-disabled-120,106,prefix-affinity,6045,0,41806.81773313898,125809.64438733066,135091.54867647754,135022.56832005703,137370.18132470088,1.2103857891742942,false
cache-disabled-120,106,bounded-affinity,6045,0,62.49141908548974,97.18227208239841,117.2238056722017,56.913891524411156,86.76965431839199,0.08342766241708383,true
cache-disabled-120,107,random,5971,0,151.82944931253405,404.0472456941952,672.712447789323,617.2152091201278,878.5140254201178,0.02580545111536789,false
cache-disabled-120,107,least-loaded,5971,0,58.91393797568336,92.03695565706948,111.20661872102391,54.194805329840165,82.2166248898393,0.00752836213925541,true
cache-disabled-120,107,prefix-affinity,5971,0,39361.81209487228,120482.38704919326,128190.43712969775,128130.6007842546,130334.52835217665,1.173924154968617,false
cache-disabled-120,107,bounded-affinity,5971,0,62.59169741248878,98.75947701134646,119.0766196625882,61.640973813853634,99.8574875956183,0.08912017805780906,true
cache-disabled-120,108,random,6156,0,172.2954023654313,442.8858247924363,718.036926039953,674.3805332313932,830.3895983217299,0.0328416131649336,false
cache-disabled-120,108,least-loaded,6156,0,60.6958917310582,96.00932193306653,123.73611215273559,66.96474915061299,95.05563905996496,0.00618098973373044,true
cache-disabled-120,108,prefix-affinity,6156,0,40031.515759213435,124216.70278680342,133654.40160147683,133607.31934620018,135582.50919683982,1.1584083996817,false
cache-disabled-120,108,bounded-affinity,6156,0,64.48679328180383,104.06252635449346,129.86487391027185,75.21795713030588,116.9058120006157,0.07606189430053184,true
cache-disabled-120,109,random,5981,0,153.689616158421,406.03150154917967,609.2929372029466,564.9558808537913,989.9714221340764,0.046857792790388215,false
cache-disabled-120,109,least-loaded,5981,0,59.445539470530605,94.20485015647137,124.45161721538898,71.98604944058752,120.30150356942613,0.004614656877335998,true
cache-disabled-120,109,prefix-affinity,5981,0,42191.28596945091,126946.08290484524,135402.68963084853,135351.4701992921,137686.39368372082,1.20404096016816,false
cache-disabled-120,109,bounded-affinity,5981,0,63.01243797069985,99.99007671398613,129.39948579506017,75.31187596080417,130.21269601516542,0.08326974894953253,true
cache-disabled-120,110,random,5981,0,149.2196807959098,383.9429722997811,537.7388887114794,484.07485178478964,745.2304989316763,0.030971337644660674,false
cache-disabled-120,110,least-loaded,5981,0,58.13657349064699,88.58849017644206,106.08520039541327,46.94979965908715,71.0476450637725,0.004963160529306979,true
cache-disabled-120,110,prefix-affinity,5981,0,39110.50715545431,120300.32273544502,128718.07846868329,128672.01771665804,130637.87560807302,1.1823467966989794,false
cache-disabled-120,110,bounded-affinity,5981,0,61.80820602051448,95.64318086582352,114.76259265165572,55.07181416082676,97.24541419848538,0.09227485657317502,true
cache-disabled-120,111,random,5893,0,144.97260204885688,391.27273753801273,600.3841404288723,546.5944641288006,704.4127188681305,0.027270966996767614,false
cache-disabled-120,111,least-loaded,5893,0,58.42663615819939,89.33568263756752,108.64610211528998,48.82323335247929,93.3729276735321,0.007610715912679734,true
cache-disabled-120,111,prefix-affinity,5893,0,38409.630973432606,117901.2238302487,126260.4902869892,126220.40357098143,128647.55547045916,1.176149370650651,false
cache-disabled-120,111,bounded-affinity,5893,0,62.01899020219915,96.33822660253645,116.82780871674186,57.77797284382541,113.21784113018657,0.09028355097257956,true
cache-disabled-120,112,random,6034,0,169.6180468515706,468.02888532147335,805.0241363424902,759.848702872725,1341.4642589550276,0.02621319173119409,false
cache-disabled-120,112,least-loaded,6034,0,59.65474994426944,93.75637963558984,121.32870721223298,62.93438041990885,102.7080993604759,0.004103216376807459,true
cache-disabled-120,112,prefix-affinity,6034,0,41804.84839993425,125618.01934536212,134041.31094278637,133987.54229250987,135931.4705822239,1.1857899365274036,false
cache-disabled-120,112,bounded-affinity,6034,0,63.35057134923741,99.66574923258304,127.57104711259308,69.54783427534858,119.24170320559642,0.08518829805630948,true
cache-disabled-120,113,random,6077,0,162.96058750859615,434.77246206653217,700.2358711852503,648.7584338457527,971.3266578971052,0.029548417575516447,false
cache-disabled-120,113,least-loaded,6077,0,59.52388807924296,93.05311974506185,123.30691495214342,63.06424978738869,116.27182847728909,0.008524430792244606,true
cache-disabled-120,113,prefix-affinity,6077,0,40004.12216608869,122721.92871124866,130747.29679393333,130710.08921477433,132760.2761732382,1.1599829787538594,false
cache-disabled-120,113,bounded-affinity,6077,0,63.226590673392444,101.04171630231576,129.63477867486654,71.91207083612971,123.56206597416895,0.07680337597079456,true
cache-disabled-120,114,random,6011,0,145.0488767517027,359.3688936744293,471.5506347093542,417.62394084945845,631.6924435866458,0.024397263264101132,false
cache-disabled-120,114,least-loaded,6011,0,58.51690636237198,91.06760539924107,111.66212968606123,57.20667833889274,99.78704228914285,0.006060364432598891,true
cache-disabled-120,114,prefix-affinity,6011,0,40360.15870381084,123063.23841633482,130777.65519004897,130742.88153290065,132760.480830434,1.1847632390959753,false
cache-disabled-120,114,bounded-affinity,6011,0,62.228646216238545,98.30166090954663,119.3599315884785,63.27866138671743,112.84946175691584,0.0849541094534651,true
cache-disabled-120,115,random,5877,0,140.47344193387482,345.5317934352406,470.70916187531475,422.01913286501076,626.9698755466052,0.033199923431337985,false
cache-disabled-120,115,least-loaded,5877,0,58.17365354948977,88.14538970683498,105.64417645594222,44.401638257189916,83.87586862072203,0.010466838031033526,true
cache-disabled-120,115,prefix-affinity,5877,0,40257.467887715306,121237.16003991874,129831.09879161595,129790.946616712,131931.30640849413,1.2019293293639557,false
cache-disabled-120,115,bounded-affinity,5877,0,61.83770735845277,94.61394173136796,115.08915686514229,54.34483229907892,94.99298352054029,0.09240959884886803,true
cache-disabled-120,116,random,5905,0,144.77091483502193,371.29800508329936,489.8154728475347,443.3657424946359,563.9576828894642,0.0221263905763486,false
cache-disabled-120,116,least-loaded,5905,0,58.09914944046325,89.84174202493159,113.11773376844212,53.21515250260927,92.8796492728361,0.005861424052686556,true
cache-disabled-120,116,prefix-affinity,5905,0,39805.32954945804,120814.61463768264,129075.57103741704,129033.04676910592,131221.41549737361,1.184440684315288,false
cache-disabled-120,116,bounded-affinity,5905,0,61.75604887223471,96.52959728394671,120.66682500415482,59.9493343527065,108.04601938879568,0.08719837375316344,true
cache-disabled-120,117,random,6015,0,151.87392813036746,376.8575785166686,703.5716048438371,663.9871419049232,943.6345305734212,0.04936037295035189,false
cache-disabled-120,117,least-loaded,6015,0,59.13395540718552,93.19751315768735,118.4837454082226,62.68362686619366,90.12638681976387,0.0042345317477927415,true
cache-disabled-120,117,prefix-affinity,6015,0,38433.54772659536,118557.63850280207,127384.40473469494,127336.3134505645,129667.26041143344,1.1688498151779672,false
cache-disabled-120,117,bounded-affinity,6015,0,62.80393177261038,100.40127839829802,126.28257903015037,68.91140211634047,106.06769071516464,0.08808477743553392,true
cache-disabled-120,118,random,6046,0,145.61944782896586,355.01737068812145,466.1869588477384,410.8101985387875,622.2813890628968,0.024778467799705342,false
cache-disabled-120,118,least-loaded,6046,0,59.012613681698916,92.17056374698222,118.7341039634266,62.16318128633793,96.97728643479422,0.005289611809958589,true
cache-disabled-120,118,prefix-affinity,6046,0,40853.43685417614,123712.80421178631,132289.98885454814,132248.57541335846,134539.01598706207,1.1902421012081563,false
cache-disabled-120,118,bounded-affinity,6046,0,62.68170861749305,99.15954281883751,128.2536259164408,69.49819788005698,114.37319501980528,0.08567667627950325,true
cache-disabled-120,119,random,6042,0,156.30575477150802,401.3018526162123,575.905485190402,519.0900399549319,797.8391234476439,0.0212629817865878,false
cache-disabled-120,119,least-loaded,6042,0,59.049410383579,91.1998682031699,112.38634146071854,58.30346970113169,89.40241002519178,0.002714116058485516,true
cache-disabled-120,119,prefix-affinity,6042,0,40806.47593506193,123998.42989906896,132545.7441989951,132496.5411027759,134814.8589977342,1.1927240585887688,false
cache-disabled-120,119,bounded-affinity,6042,0,62.742762701400245,97.73716193270957,119.04492061833116,61.881899387844896,99.32845819861541,0.08934795588175738,true
cache-disabled-120,120,random,5996,0,135.5776176466741,321.64269604655055,412.3627117842152,362.84909105281986,537.65185609115,0.033623328055816915,false
cache-disabled-120,120,least-loaded,5996,0,59.246363968631435,93.34633712439245,123.60343093648044,70.83554443860339,107.57969926053192,0.0032742905828722284,true
cache-disabled-120,120,prefix-affinity,5996,0,39967.2946334777,121162.99892946609,130454.32434470602,130394.2578476055,132540.2560677549,1.1836451902057592,false
cache-disabled-120,120,bounded-affinity,5996,0,63.12755469841989,101.32578293923143,131.24922073914786,76.17398790291918,128.65660199223203,0.08657959731364806,true
cache-disabled-120,121,random,6038,0,138.4293848961445,343.2706124267497,468.75490888272907,409.62178315451456,574.467389526355,0.02473565735031934,false
cache-disabled-120,121,least-loaded,6038,0,58.87924682848861,91.59541153846294,117.76095505749981,63.775255573931645,93.44581827695947,0.006604194709142334,true
cache-disabled-120,121,prefix-affinity,6038,0,40574.93875920803,123668.76212370687,132107.00035189278,132030.27473805158,134004.83106352863,1.1969258742044468,false
cache-disabled-120,121,bounded-affinity,6038,0,62.74364666544766,97.92253499170329,123.32159357068304,68.53486085265467,112.46370780235156,0.0864219213627027,true
cache-disabled-120,122,random,5993,0,147.36429577197424,370.26560908277315,562.1001613120679,511.42902536296606,744.5895260347315,0.016851610189779015,false
cache-disabled-120,122,least-loaded,5993,0,58.5322403055828,89.60533922437025,106.43250102581078,50.637467473676224,70.41920464025316,0.007064909543680134,true
cache-disabled-120,122,prefix-affinity,5993,0,38779.49525148348,119651.7475960625,128422.67086527657,128367.48382069462,130319.28483925574,1.171459389651079,false
cache-disabled-120,122,bounded-affinity,5993,0,62.027359507828784,96.34342688329707,114.86732446918177,58.60349690755538,78.56250915092824,0.08195453950153105,true
cache-disabled-120,123,random,6050,0,148.22376353747103,405.70569943285227,578.8605308683254,524.8886554556848,795.5490457035339,0.023179371841578776,false
cache-disabled-120,123,least-loaded,6050,0,58.030363056364784,88.25430711986155,109.78083726022305,48.0631041963843,86.38085061755191,0.00788950855801771,true
cache-disabled-120,123,prefix-affinity,6050,0,40977.21121401602,124636.85379945999,133306.49540975777,133253.09028576937,135500.01211332713,1.2073333720531045,false
cache-disabled-120,123,bounded-affinity,6050,0,61.52372101548508,95.78347689598559,116.28820381894911,55.342995738665195,95.80085582834363,0.08782388267708546,true
cache-disabled-120,124,random,6092,0,161.18035970285544,413.9674473286577,594.3023307654512,541.3773614428355,758.7411927922585,0.035870940699804135,false
cache-disabled-120,124,least-loaded,6092,0,61.64607740262693,101.05765338015044,125.93891449215516,67.88661068782312,110.6046443548039,0.007444854269835684,true
cache-disabled-120,124,prefix-affinity,6092,0,40298.4814170272,123915.06063709827,132650.64276498122,132607.49236595663,134926.93398496092,1.1820955568903149,false
cache-disabled-120,124,bounded-affinity,6092,0,65.44044409290227,106.4213314735789,133.7418850021677,74.70728582741503,123.69829695871886,0.0828780589237162,true
cache-disabled-120,125,random,6113,0,160.67067985054643,417.911185724839,660.3798777789343,605.5699931279269,965.3858308159615,0.03178209824806702,false
cache-disabled-120,125,least-loaded,6113,0,59.9112612090231,95.73044072592165,117.47373207367491,62.0918578683486,83.51837957431053,0.005905426861022672,true
cache-disabled-120,125,prefix-affinity,6113,0,42310.36393046489,127981.92696396913,136789.3152625896,136745.1698703118,139137.21697434844,1.1829825146525441,false
cache-disabled-120,125,bounded-affinity,6113,0,63.54602523707654,101.33407247388459,124.32471490791795,66.75459138579026,107.06735360763923,0.07746917542270564,true
cache-disabled-120,126,random,5989,0,139.8075482463086,348.8458122600314,474.06189209606964,420.099614840874,589.7044164525287,0.040921728568791844,false
cache-disabled-120,126,least-loaded,5989,0,58.9017791339389,90.08648274189909,111.75654051410311,50.87006287147051,99.77089649375921,0.007358481579452472,true
cache-disabled-120,126,prefix-affinity,5989,0,41677.60602269136,125429.22681472704,134194.82366461295,134132.68731847472,136176.86004966893,1.1945868113187939,false
cache-disabled-120,126,bounded-affinity,5989,0,62.68312229898812,96.69644420237091,117.85200343558245,59.915908391842095,117.69988279416975,0.08051319335958125,true
cache-disabled-120,127,random,5852,0,129.65631824901283,305.60274891056906,420.17126675235704,365.7782862626045,478.91485422541336,0.0263635056697589,false
cache-disabled-120,127,least-loaded,5852,0,57.930717162664266,88.1063887795899,108.7803359387035,47.70917734528484,74.78803332938696,0.005557793680153583,true
cache-disabled-120,127,prefix-affinity,5852,0,38677.210880909675,118298.82862213209,126635.34130506961,126557.91044502727,128720.52901713496,1.1789211450884043,false
cache-disabled-120,127,bounded-affinity,5852,0,61.517773789130466,95.18976991974705,115.17893962317976,56.12540075076322,101.08519292718483,0.09370511284483601,true
cache-disabled-120,128,random,6067,0,149.90126363257008,367.6174763331219,518.1248084634099,466.7234544494331,669.1448030842948,0.02866996718980216,false
cache-disabled-120,128,least-loaded,6067,0,59.35080619765557,92.17221179521584,112.6661171472224,54.921888353484974,86.55108237518289,0.006474871134812912,true
cache-disabled-120,128,prefix-affinity,6067,0,40851.05203034469,124991.39944361971,133949.83680702833,133896.80601552592,135893.85625292503,1.1737142483675032,false
cache-disabled-120,128,bounded-affinity,6067,0,63.37439080952948,100.00100926368032,120.83862269097153,63.741120203492756,111.96152816145332,0.07870136827761255,true
cache-disabled-120,129,random,6020,0,136.44435880176428,327.20284585580157,511.5773458541644,462.70342693982093,836.7998962886486,0.028649756131520366,false
cache-disabled-120,129,least-loaded,6020,0,58.420000698429114,91.78800834668073,115.64519785459561,58.53357944209711,101.72074579927539,0.006515822581060553,true
cache-disabled-120,129,prefix-affinity,6020,0,40560.675235654904,122916.1080997262,131599.59877280006,131555.59610995266,133629.93848332623,1.1794091979345773,false
cache-disabled-120,129,bounded-affinity,6020,0,62.10910789968837,97.75542919660074,121.88481922134815,63.43621420553063,107.26304524604348,0.08836572320208307,true
cache-disabled-120,130,random,6147,0,167.63130218586275,453.78067233860565,631.1211128475188,578.1516790983078,845.4940524244084,0.01752546603874237,false
cache-disabled-120,130,least-loaded,6147,0,62.222656396039255,101.52710121841301,128.347900739569,69.84006709421737,100.61677904749013,0.007198888917387387,true
cache-disabled-120,130,prefix-affinity,6147,0,40664.74517494068,124867.77181202747,133802.80131524708,133737.47649464698,135811.84976332585,1.1889102672407104,false
cache-disabled-120,130,bounded-affinity,6147,0,65.83588720907848,107.48735537026369,136.16635014915664,77.47891631148377,130.23530278016915,0.08431860688313926,true
cache-disabled-120,131,random,5875,0,141.15764266482907,374.8485225006807,541.6261726772354,490.449709111228,644.2095491715045,0.02499492243339592,false
cache-disabled-120,131,least-loaded,5875,0,58.07576694118378,90.49891317653237,115.0234247965127,58.53484552750524,97.0585630820351,0.009292863690583974,true
cache-disabled-120,131,prefix-affinity,5875,0,39078.54310272962,119792.55740207684,128338.84912832055,128294.92620129252,130269.54149384098,1.178584546490029,false
cache-disabled-120,131,bounded-affinity,5875,0,61.958639350252035,97.20598341071673,122.12659506302589,66.93824149894499,120.39024382529169,0.09430388045078734,true
cache-disabled-120,132,random,5968,0,144.88032015674338,386.843089882761,546.0398303991751,499.13887266105303,698.9592699587447,0.019033550276176734,false
cache-disabled-120,132,least-loaded,5968,0,57.92796453797462,88.71999575770315,108.32558224004606,49.00740434013278,76.23113885851126,0.005198216645457233,true
cache-disabled-120,132,prefix-affinity,5968,0,38953.14434151491,119321.30869278108,128049.81505857967,128002.23987560935,130317.0067190637,1.1770215356778038,false
cache-disabled-120,132,bounded-affinity,5968,0,61.68340398866089,96.28651621640529,115.3924455744127,55.92150924415182,91.72761247019298,0.08784188514930268,true
cache-disabled-120,133,random,5968,0,143.29356684724436,355.96878566142914,487.0939549123723,433.83810626560444,557.9855658534871,0.029830859135696844,false
cache-disabled-120,133,least-loaded,5968,0,59.67993250877894,95.843496810121,124.94720078875253,65.07857631357729,127.45664255651536,0.0032742905828722284,true
cache-disabled-120,133,prefix-affinity,5968,0,40095.46334647513,121861.50926494328,130210.97575447176,130145.97013831788,132234.22855327712,1.186626791907502,false
cache-disabled-120,133,bounded-affinity,5968,0,63.17618040165513,101.40443830386357,130.44823562172496,73.3116582961593,137.83473380769465,0.09200120927413466,true
cache-disabled-120,134,random,5982,0,140.65921639866664,349.3410763120628,494.1291737120446,442.8451142422782,759.8562624104234,0.032382368865045634,false
cache-disabled-120,134,least-loaded,5982,0,57.10883518438565,85.12733497358022,102.0255899753538,39.44718720627134,64.2624368515917,0.00781152294259886,true
cache-disabled-120,134,prefix-affinity,5982,0,39655.70722197442,121081.9630450918,130129.31571026612,130045.82900995822,132138.42357633272,1.1851721393212071,false
cache-disabled-120,134,bounded-affinity,5982,0,60.86060851045676,93.48597422519015,110.9435137628825,51.378747699993255,77.87189016817865,0.08574789210025752,true
cache-disabled-120,135,random,5980,0,154.48920657989316,409.1497877681977,581.32501802148,525.3049988143812,737.542294822957,0.03414440380799724,false
cache-disabled-120,135,least-loaded,5980,0,59.3592775180484,91.94492098466435,115.83679475329154,56.143899280206824,94.91917512538203,0.0037665378621557382,true
cache-disabled-120,135,prefix-affinity,5980,0,41525.44633993163,125341.92139209407,133087.26338300167,133041.78387792688,135079.3147248791,1.2143478770065255,false
cache-disabled-120,135,bounded-affinity,5980,0,63.14378318648963,100.01853820211545,120.78289501876498,61.85495231236928,114.92562388093211,0.09215838940076061,true
cache-disabled-120,136,random,6027,0,148.1138251515686,355.7930730836961,493.57757070130174,444.69310287569533,859.1589337559744,0.046099889508827645,false
cache-disabled-120,136,least-loaded,6027,0,59.00069005763703,92.52167009983532,112.55313163221945,55.81822787147394,86.46868710289345,0.004674865124122605,true
cache-disabled-120,136,prefix-affinity,6027,0,39941.62058988593,122514.10440972369,130871.99697406919,130814.52598119876,133032.36437824156,1.185130764660261,false
cache-disabled-120,136,bounded-affinity,6027,0,62.80765212007178,99.54944379471999,121.25204782466608,61.6918288288507,116.92754220493225,0.08444260850949985,true
cache-disabled-120,137,random,6138,0,146.41717252196872,367.39689178067783,511.94764576734815,458.35084675082,585.2559935179088,0.037926087755320914,false
cache-disabled-120,137,least-loaded,6138,0,60.34917718858403,96.70381744263432,121.49495331336766,66.17648635408477,97.25090009738778,0.005942456863491526,true
cache-disabled-120,137,prefix-affinity,6138,0,42682.3001053675,127520.26106216115,136603.53920153232,136544.37312017687,138836.47269264923,1.2005918053523348,false
cache-disabled-120,137,bounded-affinity,6138,0,64.18993634027734,103.52843521420073,129.71711570818297,72.62487009518736,112.29547838696999,0.0767425697039494,true
cache-disabled-120,138,random,5958,0,148.50207046156726,394.43509773861297,606.4165385076631,557.5506287970638,689.712918607147,0.024767039440179415,false
cache-disabled-120,138,least-loaded,5958,0,59.668601646616835,95.51935105926532,121.16353883354168,65.5058509789742,87.18220499331073,0.006792805023880331,true
cache-disabled-120,138,prefix-affinity,5958,0,39886.44865708819,121420.95238958944,129277.5281180577,129235.23765629047,131311.75839209312,1.176398105523701,false
cache-disabled-120,138,bounded-affinity,5958,0,63.16106308124475,101.47552124824142,128.19598534917168,69.67009937348485,113.01594139987719,0.0863642440577861,true
cache-disabled-120,139,random,5982,0,153.9423608882026,423.53796578790207,615.9328441094549,563.9243542088589,784.4506325606853,0.05292838293840501,false
cache-disabled-120,139,least-loaded,5982,0,58.619903308624714,89.84482370633486,107.41831212368561,50.28087639914884,77.65259940129181,0.008491769844261308,true
cache-disabled-120,139,prefix-affinity,5982,0,40491.4115695907,122353.32113314753,130805.56792067623,130739.30038578139,132901.04937800753,1.2037272281904532,false
cache-disabled-120,139,bounded-affinity,5982,0,62.14843338697199,97.21259020519574,115.07185917213064,57.22911179192306,100.50841350568226,0.0921382294440079,true
cache-disabled-120,140,random,5963,0,153.5871453222412,406.2882555186188,652.0470879017812,594.0960761653405,805.495852328997,0.03691511886736187,false
cache-disabled-120,140,least-loaded,5963,0,58.686310111038736,90.97924086212879,112.14538336891201,57.61970184058737,76.80546757630509,0.0038593339740534078,true
cache-disabled-120,140,prefix-affinity,5963,0,39252.83319767426,120816.11088263226,128737.28288077911,128696.81208838998,131028.60282420382,1.1675981834354747,false
cache-disabled-120,140,bounded-affinity,5963,0,62.427079530695764,97.57537926665464,120.0669755895724,62.15784109580272,98.86507275508484,0.08855710821743501,true
cache-disabled-120,141,random,6114,0,165.0077871319438,454.9155529501004,691.1749340855822,631.4501088038305,1023.1145033559151,0.0341395607956848,false
cache-disabled-120,141,least-loaded,6114,0,60.090964337699674,94.63637934084181,119.14934546443692,60.68847254233697,130.41673168835405,0.00721241586815219,true
cache-disabled-120,141,prefix-affinity,6114,0,40810.17229262946,124400.66674752437,133387.01411781384,133332.06889792188,135511.29399692663,1.1980479838063196,false
cache-disabled-120,141,bounded-affinity,6114,0,63.891362565303055,101.42476389086733,129.71386622007049,74.11652184340346,152.01741315448453,0.08336995014286691,true
cache-disabled-120,142,random,6151,0,165.1121342424721,444.5430024073139,718.4531594589862,669.7927292909153,974.2820336443838,0.02026742371326195,false
cache-disabled-120,142,least-loaded,6151,0,60.5090297857467,96.7633473958449,122.1603401462562,63.07749852442794,102.96637378091509,0.007044684641831857,true
cache-disabled-120,142,prefix-affinity,6151,0,42601.23271329829,128638.02340687731,137324.89994515758,137245.8340106577,139551.5400908814,1.1992713397830317,false
cache-disabled-120,142,bounded-affinity,6151,0,64.2488504685951,103.22285930216094,128.23963829794957,69.42853040485352,126.91076809415244,0.07619655170066837,true
cache-disabled-120,143,random,6026,0,141.67455637759997,346.3999219562611,527.5754217574722,481.94925345043885,720.2076750511042,0.029925416876284812,false
cache-disabled-120,143,least-loaded,6026,0,59.69020301134462,96.09595590507524,127.797622403079,73.27184059097272,102.46566659001837,0.005661515619631732,true
cache-disabled-120,143,prefix-affinity,6026,0,41679.00730127901,125089.52620654265,134226.29468502555,134179.94927897435,136438.42466246983,1.2140030253298815,false
cache-disabled-120,143,bounded-affinity,6026,0,63.294232430333054,102.4025932774166,133.46088341317954,79.74998198722824,124.25338722804372,0.09490348317010137,true
cache-disabled-120,144,random,5980,0,138.7292214546442,331.4276174884071,460.9940081669556,405.6140017971411,617.6442515129747,0.025376077004730865,false
cache-disabled-120,144,least-loaded,5980,0,57.86912278648525,88.6642374364601,109.97009742185764,50.83319111572746,77.95213971829799,0.010230253147265998,true
cache-disabled-120,144,prefix-affinity,5980,0,38503.50322099494,118822.47410814259,127619.38262136343,127530.50315381934,129696.33586168388,1.1715438690661715,false
cache-disabled-120,144,bounded-affinity,5980,0,61.6984075917994,96.0684540807124,116.37702233139134,58.93469497497426,102.03581524797482,0.09262284490737187,true
cache-disabled-120,145,random,5977,0,142.5547074912318,354.19728814564587,504.1441632390415,453.5338622339659,620.1772854756018,0.030546028829156937,false
cache-disabled-120,145,least-loaded,5977,0,59.308529808632215,91.75414197749342,125.94443386258354,72.2482984581693,115.77997047393728,0.007687108449274728,true
cache-disabled-120,145,prefix-affinity,5977,0,40138.358175070214,122321.65338862473,131148.58862350282,131102.23500767048,133045.58790150087,1.192635539236472,false
cache-disabled-120,145,bounded-affinity,5977,0,63.16966608539169,98.87385459032521,133.64679306442486,77.29993515054048,131.1775008929526,0.08880270806685588,true
cache-disabled-120,146,random,6005,0,144.87839074210714,347.3204743280294,498.46468232588086,445.8788964753803,711.7980022003758,0.047885957604734276,false
cache-disabled-120,146,least-loaded,6005,0,58.393350446849674,90.3114031255318,113.82176532620542,55.672187832598865,89.71215244180348,0.0092005192760982,true
cache-disabled-120,146,prefix-affinity,6005,0,38560.90876037744,119244.18215387398,128092.95344158504,128031.51016696083,130112.25204330459,1.1522037036257027,false
cache-disabled-120,146,bounded-affinity,6005,0,62.15461654770915,96.6567948812808,119.29860591303805,60.07040108723595,112.16374486402492,0.0842428934173322,true
cache-disabled-120,147,random,5975,0,141.22803608767208,357.1200994031751,494.9791195705111,440.66689269176277,602.7743478189986,0.028523110064431416,false
cache-disabled-120,147,least-loaded,5975,0,57.30970630130834,86.58284199089576,108.91612232277112,49.14590700020926,89.58863030043722,0.006038678976373633,true
cache-disabled-120,147,prefix-affinity,5975,0,40542.37711098311,122635.81956571834,131126.86694099347,131083.3130896506,133260.18818547658,1.199721616218666,false
cache-disabled-120,147,bounded-affinity,5975,0,60.83310350399253,93.85285551337438,118.41367301799073,58.141372320082155,105.1128432464684,0.0916990315797335,true
cache-disabled-120,148,random,6105,0,152.27984029283812,378.67399637826384,590.6683534023396,537.441976633243,879.2109549570523,0.033104215708894234,false
cache-disabled-120,148,least-loaded,6105,0,60.882655309235766,100.98472263973235,127.82339505759956,70.42434011465593,103.14252871565259,0.004708442948572866,true
cache-disabled-120,148,prefix-affinity,6105,0,41614.07946946581,126069.31047322442,135468.53021760896,135425.33723520816,137446.8396285012,1.1929302980003402,false
cache-disabled-120,148,bounded-affinity,6105,0,64.7002025318433,107.19345948588307,135.34206859143887,79.7544216779097,125.3433027341016,0.08293862897430822,true
cache-disabled-120,149,random,5978,0,141.9076462749536,353.7304594749585,520.3126347019424,472.30258188846346,699.474846002955,0.03646573571364414,false
cache-disabled-120,149,least-loaded,5978,0,59.230517462508566,92.97940177478449,118.3788999020635,68.34432188484061,107.6315448494206,0.0073721491370222735,true
cache-disabled-120,149,prefix-affinity,5978,0,38193.317002141004,118945.15269360661,127406.08146729143,127358.47931614635,129569.05993919777,1.1725139409382872,false
cache-disabled-120,149,bounded-affinity,5978,0,63.04916498464735,99.6915414838295,127.95699654130294,73.63992896591117,133.51012842252385,0.08579864876330533,true
cache-disabled-120,150,random,5942,0,141.94120531852727,341.4069131137803,512.9046085739737,453.8436629142052,619.4801536094674,0.017269422057653017,false
cache-disabled-120,150,least-loaded,5942,0,58.39840512983944,89.08097339305095,105.7915125638101,46.37690617480257,69.8951027717485,0.003963687096788556,true
cache-disabled-120,150,prefix-affinity,5942,0,41492.28235154229,124407.43400942635,132916.68471143313,132875.03584855428,135207.9254423684,1.2060779417364058,false
cache-disabled-120,150,bounded-affinity,5942,0,61.94553748588906,95.8603150266863,115.64528477233398,53.96126340877527,85.55933486268077,0.08689998196210992,true
cache-disabled-120,151,random,6080,0,153.32870673227066,376.5212654771367,482.8393802764258,431.5520198749073,624.7019708378466,0.016843681005117676,false
cache-disabled-120,151,least-loaded,6080,0,60.01963650636216,95.35931789729875,119.67597303218281,60.69213907045196,90.72475560968451,0.007551783200820985,true
cache-disabled-120,151,prefix-affinity,6080,0,41771.73109354685,126894.43859237191,136005.48551203686,135955.5198892532,138065.59411388898,1.2019947500940393,false
cache-disabled-120,151,bounded-affinity,6080,0,63.761035303341956,102.04310176250692,125.2284292035256,68.34777323890012,106.379958916943,0.08084195260029907,true
cache-disabled-120,152,random,5731,0,136.73963812442005,339.9790103075429,497.46480090000114,447.3006235501598,605.279090635413,0.025514697781999707,false
cache-disabled-120,152,least-loaded,5731,0,56.678867307673556,85.66990349758271,105.41277595958672,50.49427893974644,80.67795888257024,0.005441412664199053,true
cache-disabled-120,152,prefix-affinity,5731,0,37808.54476230857,114827.30014588797,122689.66171910887,122633.04898817916,124485.94413064598,1.1784829426355314,false
cache-disabled-120,152,bounded-affinity,5731,0,60.30576450142313,93.04866367549403,111.420305377771,56.863547735283646,87.44098855414268,0.10293979362639669,true
cache-disabled-120,153,random,6035,0,149.82083279774005,388.7006034119986,559.1581837557169,507.3686152141672,836.2302315127017,0.03541199924337239,false
cache-disabled-120,153,least-loaded,6035,0,57.636072123110345,87.32587536500796,107.213831007095,49.87044173543836,82.30013388828957,0.004345086608336009,true
cache-disabled-120,153,prefix-affinity,6035,0,40310.570764495606,122604.34704533665,130785.5350518412,130732.905712659,132992.70253005816,1.1826277610957454,false
cache-disabled-120,153,bounded-affinity,6035,0,61.34179917240321,94.42917526676683,116.66571042543364,57.75487442225494,96.50811368459472,0.08862089835168742,true
cache-disabled-120,154,random,5981,0,145.32403896680808,345.2341784069831,563.5507230527401,515.8799811559747,829.224240788004,0.021810977772020745,false
cache-disabled-120,154,least-loaded,5981,0,58.13767742590768,87.83716271899902,110.93915702956292,52.41883986325047,76.88453199336436,0.006309271245775272,true
cache-disabled-120,154,prefix-affinity,5981,0,39784.546347045856,120835.39197710782,130185.12472723308,130122.65698828691,132303.16076793868,1.181042053329222,false
cache-disabled-120,154,bounded-affinity,5981,0,61.671368962319775,95.27419366900722,115.30689591128612,58.89469039656251,93.86160947035387,0.08601364643886385,true
cache-disabled-120,155,random,5976,0,145.8695533053535,379.53283262610057,530.6047285940185,479.2434938141814,692.2135193252907,0.03375415741169025,false
cache-disabled-120,155,least-loaded,5976,0,58.944508006761865,91.94692270964879,117.03600697637012,58.81955965149973,119.78226481132879,0.007820381567994078,true
cache-disabled-120,155,prefix-affinity,5976,0,38681.286494083644,119689.39266381384,128094.2019669461,128041.7500385475,129907.63829567641,1.167425635332728,false
cache-disabled-120,155,bounded-affinity,5976,0,62.63337827272246,99.01929619155635,123.35535719074323,65.95990733827784,131.6996798432374,0.08532022496205632,true
cache-disabled-120,156,random,6011,0,159.10175831565002,422.481470377621,626.375547042946,573.768346396886,817.2921249516148,0.04318132207235428,false
cache-disabled-120,156,least-loaded,6011,0,58.58662580068364,90.5120614055304,107.69539621550939,48.5207659370717,82.92270349434693,0.0044666247913011355,true
cache-disabled-120,156,prefix-affinity,6011,0,40809.401819334525,123722.03340289,132086.13844521553,132032.15096642816,134426.14904013215,1.1867696829499994,false
cache-disabled-120,156,bounded-affinity,6011,0,62.115310967675725,96.74042076833757,115.23278675522306,57.63220266264034,93.51304819118377,0.08370235943384757,true
cache-disabled-120,157,random,5987,0,153.33534557233014,401.4402628424432,577.5932041722408,532.6924135904737,882.5232915986562,0.023027042074801298,false
cache-disabled-120,157,least-loaded,5987,0,58.417128293975914,90.36143602686934,112.98224958556966,58.7139543590456,87.26036751105858,0.006729123759002684,true
cache-disabled-120,157,prefix-affinity,5987,0,40857.53954798512,123940.45239159322,132816.01861316504,132769.48791445297,134761.3950654946,1.2007588339896764,false
cache-disabled-120,157,bounded-affinity,5987,0,61.94008766938373,96.37307617100669,119.99966037168633,61.98897903988109,97.6538426859479,0.08564787595557005,true
cache-disabled-120,158,random,6051,0,159.2178123852301,430.9491988207883,670.2522015823997,620.9999057658206,891.7267986502557,0.044787938154668507,false
cache-disabled-120,158,least-loaded,6051,0,59.42992914436417,93.74747919856418,116.85964947910543,59.09191551166441,99.11756519596747,0.006702019839702438,true
cache-disabled-120,158,prefix-affinity,6051,0,40037.83688142954,122120.7026927056,131232.10246410518,131200.77853970646,133415.3742406913,1.1817317165877215,false
cache-disabled-120,158,bounded-affinity,6051,0,62.91942568717889,100.10429460586602,122.63166071534943,65.46056466299342,117.89923101800014,0.08906372400511765,true
cache-disabled-120,159,random,6037,0,146.9422980676024,359.7423726565976,528.9002069633862,474.00326245430915,1049.5001975987834,0.01883317405863365,false
cache-disabled-120,159,least-loaded,6037,0,59.098480688969424,91.39417058974323,114.22706438767273,56.76686774582777,79.74340955085972,0.00544826358646762,true
cache-disabled-120,159,prefix-affinity,6037,0,41259.783195376716,124785.5103388571,133263.15928052872,133179.93856021765,135151.49146694617,1.1856937184586442,false
cache-disabled-120,159,bounded-affinity,6037,0,62.88431493571177,98.54009218712963,119.52063691349576,61.74907573169912,91.54820075414136,0.08570043658699716,true
cache-disabled-120,160,random,6100,0,157.77564539625965,403.8491181820282,568.4827431188169,520.5519391980051,692.526967708658,0.04309513490327875,false
cache-disabled-120,160,least-loaded,6100,0,60.56241698453843,94.39559270391328,118.6199013447258,61.42201856215979,88.97667304053539,0.00725173499630177,true
cache-disabled-120,160,prefix-affinity,6100,0,39632.03171300984,122425.69802278308,131498.7483460096,131447.25874711582,133542.1953740466,1.1667690706685578,false
cache-disabled-120,160,bounded-affinity,6100,0,64.35138057807734,101.90147869847715,126.83332732300187,68.78381293775601,105.82417812964559,0.07692608751934824,true
cache-disabled-120,161,random,5887,0,140.18000978183335,357.8028753136314,478.8778104934536,423.2968460223383,751.8179839998993,0.022452473758433053,false
cache-disabled-120,161,least-loaded,5887,0,58.26768391980591,90.10584976352766,114.42586763982035,60.21838933519757,122.8190821512544,0.009188457367685556,true
cache-disabled-120,161,prefix-affinity,5887,0,41927.56058599787,124296.24715987385,133037.66936242403,132965.82846010348,135187.58317927006,1.2208118311914056,false
cache-disabled-120,161,bounded-affinity,5887,0,62.15181146718454,96.56696170931173,125.49187467080264,69.1076280549969,140.64496612135554,0.09802236592445117,true
cache-disabled-120,162,random,6169,0,164.73976568003502,433.8578404088694,876.7041979365749,832.4379783743134,1282.5040775907655,0.03211516005850826,false
cache-disabled-120,162,least-loaded,6169,0,60.43099903129421,96.72880807484762,116.86068883783446,60.557120185141684,85.04799810803524,0.005870736969566507,true
cache-disabled-120,162,prefix-affinity,6169,0,40795.55690922263,125259.64910211612,134130.36589332478,134083.52325555668,136372.88641600206,1.177941622783895,false
cache-disabled-120,162,bounded-affinity,6169,0,64.04885741350289,102.06450506232068,124.43326438403892,67.471820869785,92.55306428667245,0.08175952391530664,true
cache-disabled-120,163,random,5965,0,150.57585968661363,390.5422227721647,679.1614623071364,628.1599918988795,847.9498853256591,0.0270582383166148,false
cache-disabled-120,163,least-loaded,5965,0,58.7403482500787,90.90653689257124,109.4809863915616,51.77381667492591,69.30169726251916,0.006128133704735376,true
cache-disabled-120,163,prefix-affinity,5965,0,40777.868032702514,123426.1304112461,132034.42101807144,131970.33534050867,134077.98051395774,1.1922069351351015,false
cache-disabled-120,163,bounded-affinity,5965,0,62.439068680103226,97.44291963987416,117.05695847398238,59.58030306980618,96.3032999327188,0.09236829283665822,true
cache-disabled-120,164,random,6082,0,159.51813249520637,402.362444520797,616.9896783172662,569.7492170615442,950.608734473888,0.04257446964303966,false
cache-disabled-120,164,least-loaded,6082,0,58.54793356452544,89.74519628502458,113.8700614305344,56.147205185945495,89.56432478634088,0.006565820523027405,true
cache-disabled-120,164,prefix-affinity,6082,0,41391.0288688278,125481.31206989824,134063.64671599746,134014.42579363918,136484.11141237468,1.1879345155101773,false
cache-disabled-120,164,bounded-affinity,6082,0,62.242621621621,97.91949101008504,120.28036011215954,61.390026790933916,109.12442539642507,0.07726199057183906,true
cache-disabled-120,165,random,5956,0,142.85280347686611,359.1365003276878,542.6018216061348,490.72392679935,664.4013568373557,0.03507309131046892,false
cache-disabled-120,165,least-loaded,5956,0,59.13410554166977,90.65310938791663,114.98826939144055,56.67841822881746,89.83164423613198,0.006707017492188415,true
cache-disabled-120,165,prefix-affinity,5956,0,40224.345051209246,121835.45171809441,130541.24386888009,130499.63991633966,132727.5098065709,1.1762785123662989,false
cache-disabled-120,165,bounded-affinity,5956,0,62.67947280690887,97.42439480098255,122.24470650696094,62.20280302867104,108.8328876208252,0.08411495883159453,true
cache-disabled-120,166,random,5951,0,147.32071893176789,371.3569189379723,582.1761629540852,529.5991903149661,805.4477732872147,0.031772993831464084,false
cache-disabled-120,166,least-loaded,5951,0,58.012625757307646,87.08246561583655,104.58249827424879,44.23153550746065,61.14568947927182,0.009116549150531074,true
cache-disabled-120,166,prefix-affinity,5951,0,43447.8571319897,128650.2767315476,136935.735743421,136876.7972496167,138734.94368172035,1.2316410133531974,false
cache-disabled-120,166,bounded-affinity,5951,0,61.58371969982788,94.74870288462262,113.49850003750907,54.60732646067845,76.59589043649612,0.08508860808535731,true
cache-disabled-120,167,random,5991,0,146.62564711697607,383.87281610730133,545.7726240559059,495.9946788866728,683.4340508102214,0.026897823928734133,false
cache-disabled-120,167,least-loaded,5991,0,58.980873079135925,92.28692664156551,115.6134826203197,57.467033107590396,88.65170720107017,0.006306280006079303,true
cache-disabled-120,167,prefix-affinity,5991,0,39707.404953415484,121537.37755904745,129945.99808532355,129897.38357795172,132108.56481419475,1.159204819010338,false
cache-disabled-120,167,bounded-affinity,5991,0,62.825159097881524,100.44189836480655,123.32126090220663,65.6345784612513,108.59912283204903,0.07970169207018343,true
cache-disabled-120,168,random,5913,0,135.45548413594904,327.10318460887356,439.5651785233895,390.93545619153156,567.906235967348,0.04088484546895,false
cache-disabled-120,168,least-loaded,5913,0,58.25730241359676,89.98973965210826,109.20334161653045,49.93752411454625,91.98842926794896,0.008233578967338414,true
cache-disabled-120,168,prefix-affinity,5913,0,39393.94364977863,120246.00969012044,128720.97086786946,128652.18071544818,130919.66187610774,1.1746276080759044,false
cache-disabled-120,168,bounded-affinity,5913,0,62.03740150665354,96.62673397658727,120.49898118077544,60.14793677027046,102.53705761118181,0.08755103494846331,true
cache-disabled-120,169,random,5918,0,144.91676746152393,382.38924576973113,516.1199530475569,462.2690790159904,637.4142267334828,0.030354707093746384,false
cache-disabled-120,169,least-loaded,5918,0,59.577055566502324,93.62703166828032,121.5717364094744,68.52815570423991,109.3359754571211,0.0066193981395840104,true
cache-disabled-120,169,prefix-affinity,5918,0,41381.99927522724,123505.87532035013,132016.17498290932,131969.37564148134,134145.22671284602,1.2098280029112742,false
cache-disabled-120,169,bounded-affinity,5918,0,63.33386294614106,99.568757687799,130.1357854839007,72.51821749001829,128.2858800108952,0.0911646326306028,true
cache-disabled-120,170,random,5982,0,149.66136559980583,362.61218626889604,494.51774725181895,444.3284836205985,625.8492279134389,0.023635315348316324,false
cache-disabled-120,170,least-loaded,5982,0,58.372679740123985,88.8805198042246,109.25860767519771,49.12814722432813,78.04878959359121,0.00647171517436807,true
cache-disabled-120,170,prefix-affinity,5982,0,38631.08079586393,119090.05122036052,127422.32643581444,127383.88696657724,129503.0826741244,1.1530679191969238,false
cache-disabled-120,170,bounded-affinity,5982,0,62.021858793146386,95.56723814625002,115.07878527849971,56.96008293034538,87.31952171519879,0.08264427351522656,true
cache-disabled-120,171,random,6117,0,154.18055004260853,399.2765281144457,578.2299594043725,517.6909414007278,758.5128235149677,0.04381592175142944,false
cache-disabled-120,171,least-loaded,6117,0,60.32220371677282,95.72489672978554,118.93338131579367,60.46913783575292,94.38982471796771,0.0053631419625767476,true
cache-disabled-120,171,prefix-affinity,6117,0,41044.52145726315,125465.65655643772,134428.03989520902,134373.8676312657,136504.01737020788,1.1646849628555949,false
cache-disabled-120,171,bounded-affinity,6117,0,64.0168246107172,102.37232893341934,127.51087962300517,68.60666458642663,115.69185356669914,0.07717906377608316,true
cache-disabled-120,172,random,6010,0,168.95134441911878,501.66520569228487,798.4124638276771,744.8595418322402,1021.8137884171647,0.03560549383099309,false
cache-disabled-120,172,least-loaded,6010,0,58.60324773736636,89.46259144874784,111.67106098462682,54.28203834907981,100.07177390673314,0.006731516269554717,true
cache-disabled-120,172,prefix-affinity,6010,0,39592.97014643772,121621.00363911892,130255.7016649759,130214.94917974391,132512.06326994157,1.1698468699395301,false
cache-disabled-120,172,bounded-affinity,6010,0,62.297090059219435,97.9088539913464,118.87567578648304,60.3162473726843,107.72313190474961,0.08000704223824005,true
cache-disabled-120,173,random,6054,0,147.13059369172356,359.579075429996,501.9465598812021,446.51797109732615,744.5870262461103,0.021560676050741977,false
cache-disabled-120,173,least-loaded,6054,0,57.9876245356832,88.26879138131335,106.67865641205572,45.493128102818446,84.89747195195378,0.005472511995121174,true
cache-disabled-120,173,prefix-affinity,6054,0,41567.448363669915,125361.28326380832,133738.24494661135,133687.16179629718,135973.62918018157,1.1987962340062237,false
cache-disabled-120,173,bounded-affinity,6054,0,61.670277247036466,95.61191076153045,114.30553754322682,54.21984456667269,91.97125880827662,0.0858792004118969,true
cache-disabled-120,174,random,6083,0,162.71660590933894,431.0299088991087,597.1945963225517,544.4905497220898,811.6597282428847,0.03969179872993252,false
cache-disabled-120,174,least-loaded,6083,0,59.33025729092782,93.89138164824544,111.43539865480125,53.03464509145124,73.8570533990569,0.00609903976653079,true
cache-disabled-120,174,prefix-affinity,6083,0,39019.83600020706,120987.40743668529,129565.62386944258,129513.78909888136,131597.8065446449,1.1655544093600054,false
cache-disabled-120,174,bounded-affinity,6083,0,62.9655627887004,100.55923914354935,120.38610259015695,60.69548812747962,85.97623821422894,0.0856236900650161,true
cache-disabled-120,175,random,5881,0,136.24987108440283,343.47122994464735,534.5241664379537,481.2351666767827,828.1925567914477,0.039697273565770075,false
cache-disabled-120,175,least-loaded,5881,0,57.71279635457394,86.5866387802671,103.82245945312752,41.466275286984455,80.05675864079603,0.009149453001014022,true
cache-disabled-120,175,prefix-affinity,5881,0,39950.362958688114,120941.15098010736,129538.44138110752,129484.85972246341,131875.8902876614,1.1983757203637522,false
cache-disabled-120,175,bounded-affinity,5881,0,61.25411299632571,93.99632831469353,112.18578784367492,51.16081206000308,88.34456299354133,0.08990757207776139,true
cache-disabled-120,176,random,5944,0,143.28929000585998,363.122591711086,499.540680114711,438.39202943082637,639.1422259422034,0.03559787819385978,false
cache-disabled-120,176,least-loaded,5944,0,58.40142836708258,89.34869792700192,110.35681896481037,52.14688992172887,94.49125978119991,0.005311926313094934,true
cache-disabled-120,176,prefix-affinity,5944,0,40213.122358424705,122256.87171160908,130430.332343206,130390.36797372885,132718.71313149048,1.1991712565688686,false
cache-disabled-120,176,bounded-affinity,5944,0,62.27157299952017,97.31337233125669,119.58894568074902,62.260985052678734,109.53883229514031,0.09004432959438875,true
cache-disabled-120,177,random,5949,0,145.17649735522497,387.081609608349,594.7082713125528,546.3371008171162,810.2229611919574,0.024101647538529596,false
cache-disabled-120,177,least-loaded,5949,0,58.94803743784787,93.44079803804925,117.17544201472629,60.48987759685042,96.01992126631012,0.006515192057274951,true
cache-disabled-120,177,prefix-affinity,5949,0,38974.66927109404,119622.93450923156,127603.39356048126,127537.1199299873,129677.56391803973,1.169775122723897,false
cache-disabled-120,177,bounded-affinity,5949,0,62.421870398865394,100.07960670715329,123.80771812634339,67.60265145107405,115.02085356732641,0.08860469749385692,true
cache-disabled-120,178,random,6168,0,173.88800201981567,492.71089764548015,709.0448595142188,650.8009257194099,955.0573297149349,0.020699076977344424,false
cache-disabled-120,178,least-loaded,6168,0,60.363704751494126,95.52077395538072,118.07955706892972,61.81204958289891,83.93840942002862,0.004414851831252838,true
cache-disabled-120,178,prefix-affinity,6168,0,42236.39340666554,128732.144056233,137508.71847241034,137446.1886682422,139331.91982189327,1.191503096248912,false
cache-disabled-120,178,bounded-affinity,6168,0,64.01150087639087,101.8889415934027,124.48581946603736,67.83428532382095,106.13107509911788,0.07800428282295073,true
cache-disabled-120,179,random,5925,0,151.79809700891357,390.2374913928652,760.9184107461406,707.6916714770705,918.9660522457052,0.037504450655528106,false
cache-disabled-120,179,least-loaded,5925,0,58.178178587300515,88.48781678631713,110.8767129344269,51.395848756503256,80.09372787870234,0.006256952151795889,true
cache-disabled-120,179,prefix-affinity,5925,0,40959.30221113875,123647.7590211255,132433.4037433123,132392.75924050924,134398.23370380775,1.1942198414727723,false
cache-disabled-120,179,bounded-affinity,5925,0,62.08747849536472,96.58519094487929,119.61245696858896,59.429639321151626,93.00432758860552,0.07867829297306389,true
cache-disabled-120,180,random,6020,0,151.4151470087474,395.5034451924439,572.278849268936,525.9486015720158,863.9386798559135,0.02836171838951615,false
cache-disabled-120,180,least-loaded,6020,0,60.620418571076684,100.2891094296574,160.7352492932332,101.79703351032367,159.5955742615115,0.00805026553603335,true
cache-disabled-120,180,prefix-affinity,6020,0,40516.10635693695,122706.7158496127,131277.86516431803,131241.37571892538,133656.37529785017,1.1987551223117672,false
cache-disabled-120,180,bounded-affinity,6020,0,64.29285368123716,106.99715258471406,165.84695006399852,109.49773282007664,183.10994494217448,0.09318741120675288,true
cache-disabled-120,181,random,5905,0,142.54577858975867,361.4878676252338,547.9530017389479,497.1190040251968,881.2115759066219,0.02786524417355442,false
cache-disabled-120,181,least-loaded,5905,0,56.68837807855196,84.72935130714177,99.51252231295075,39.42765644484098,67.83967220054183,0.006983721074422554,true
cache-disabled-120,181,prefix-affinity,5905,0,40575.70104984679,121324.65358240611,130066.36127746418,130031.24804148627,132183.06993199862,1.204669544135423,false
cache-disabled-120,181,bounded-affinity,5905,0,60.57276780229507,92.14242905633546,110.29424084474886,48.77619019427948,81.34471995979584,0.0941031093353058,true
cache-disabled-120,182,random,6100,0,148.8709479840274,364.1096448847602,481.8887332684244,434.3705218108007,760.5685829202266,0.0321897144465873,false
cache-disabled-120,182,least-loaded,6100,0,61.000917713102986,96.11529362034344,150.86975328082917,92.51623964147439,140.148014626262,0.006106088072966459,true
cache-disabled-120,182,prefix-affinity,6100,0,42168.56788742798,126641.24261550241,135728.6692840503,135680.32023581708,137995.1333352192,1.1978694326261783,false
cache-disabled-120,182,bounded-affinity,6100,0,64.68726797718527,103.7022896242197,152.57922310564027,98.19945622360683,152.20697308238596,0.08091806303194346,true
cache-disabled-120,183,random,5887,0,136.38402915469473,329.2228012287014,482.76031077754305,431.05218538436384,630.5428335075085,0.026408062836202936,false
cache-disabled-120,183,least-loaded,5887,0,58.22232356843249,88.77970074443874,106.33361530792354,48.48299309448339,72.74846312014779,0.006144214543357404,true
cache-disabled-120,183,prefix-affinity,5887,0,37942.394266986674,116737.2930315806,125501.8604586921,125448.78286932726,127455.84115381306,1.1653226316545664,false
cache-disabled-120,183,bounded-affinity,5887,0,62.0156972555783,96.66468602392706,114.49226473505769,56.18891877874012,91.65164308897329,0.09319855127970772,true
cache-disabled-120,184,random,5967,0,142.8764464713601,369.89745134673285,479.0567378809883,417.13003857334115,636.1456862350387,0.02699879257529443,false
cache-disabled-120,184,least-loaded,5967,0,58.82477883552902,90.70235393788607,110.45441468545687,50.23959293825101,88.12469145280193,0.005205788856629778,true
cache-disabled-120,184,prefix-affinity,5967,0,43052.3492513785,127397.81858992117,135881.31409735992,135829.79468521598,138014.92058400338,1.2162402287835608,false
cache-disabled-120,184,bounded-affinity,5967,0,62.503629973440496,97.78122976945815,119.40556814036245,57.635438907760545,106.31085487582095,0.0847640873185828,true
cache-disabled-120,185,random,6042,0,154.44963679245603,388.6803504569325,581.91189789075,527.4158544818565,875.2858050582727,0.012244376737262449,false
cache-disabled-120,185,least-loaded,6042,0,58.60803853819166,90.2370882332907,108.63991485062797,49.373383992147865,95.22181355349312,0.007047575892224726,true
cache-disabled-120,185,prefix-affinity,6042,0,40551.53625707519,124108.79355469538,132465.7473297327,132413.93908839652,134886.1850306162,1.187601799164841,false
cache-disabled-120,185,bounded-affinity,6042,0,62.35009310828167,96.98273982499086,118.89036887672046,58.80163753634406,102.04739976464043,0.08122944347414895,true
cache-disabled-120,186,random,5984,0,134.38042128053422,315.8159878070164,449.18688569065307,399.8200326803744,644.7372677510793,0.024181784786663038,false
cache-disabled-120,186,least-loaded,5984,0,58.65073300859061,91.19520668681798,116.00056833256531,57.45094800970037,104.35625845673349,0.006659754395422275,true
cache-disabled-120,186,prefix-affinity,5984,0,37709.91188993338,117617.33635275702,125625.59459195641,125565.19830813122,127645.18715834407,1.1514688291472974,false
cache-disabled-120,186,bounded-affinity,5984,0,62.45792442245217,97.73180109001078,124.06171267978789,66.65521654550685,122.78742935691116,0.08866615003649173,true
cache-disabled-120,187,random,5991,0,146.39193272106266,371.55955904855364,516.7925795872143,463.08403099646966,735.36517401522,0.03798595960439983,false
cache-disabled-120,187,least-loaded,5991,0,58.177004076098605,88.97982941650116,111.78937822432272,52.815660719936204,81.92455214983056,0.00758095880860824,true
cache-disabled-120,187,prefix-affinity,5991,0,39391.89400484437,120833.94339089197,128998.2294898031,128941.91364002925,131325.87893664528,1.1821636479377746,false
cache-disabled-120,187,bounded-affinity,5991,0,61.71018998498478,95.49720706528933,116.72737003752991,58.234645017044386,90.0887850162253,0.09261288975317065,true
cache-disabled-120,188,random,6118,0,150.11361240934175,368.88665467230385,542.0642344853695,488.9268074528991,803.9525818556285,0.027826701542065735,false
cache-disabled-120,188,least-loaded,6118,0,59.314561881658584,92.13425423559238,114.35317675648548,52.48585734052904,80.11865374763147,0.006123141641648736,true
cache-disabled-120,188,prefix-affinity,6118,0,39764.47400065069,122815.58640536366,131172.85417852204,131138.69037168688,133415.76186605298,1.1643459276714019,false
cache-disabled-120,188,bounded-affinity,6118,0,62.87130125036458,98.62787283743455,119.68753899592957,62.34832392560929,93.9715336065492,0.08341677984949018,true
cache-disabled-120,189,random,5853,0,143.4803139836249,366.86985629783885,605.0755427035037,552.3360521386567,898.3243632011145,0.02263182777782486,false
cache-disabled-120,189,least-loaded,5853,0,58.17972520392548,89.91456973701861,119.43817933752143,60.1085798297936,120.28340170687443,0.006981956361909181,true
cache-disabled-120,189,prefix-affinity,5853,0,41380.45486124867,122982.1222442129,131416.80836588473,131358.6958583984,133429.1266620744,1.2097373534863238,false
cache-disabled-120,189,bounded-affinity,5853,0,61.89478309612484,97.52795660225092,125.74014122465451,68.23108845783281,140.92392394564376,0.09016027756167669,true
cache-disabled-120,190,random,5944,0,147.89698200474749,384.05226609336387,528.5030384048823,478.47927844842343,703.8628734075028,0.018477557915670784,false
cache-disabled-120,190,least-loaded,5944,0,58.35726990589192,90.30583069584827,107.92816288452013,51.50444778653764,82.70336525469611,0.006708244803333243,true
cache-disabled-120,190,prefix-affinity,5944,0,39582.44084543138,120477.59886133813,128464.96725113167,128413.42858564381,130723.2975946179,1.1670039086233917,false
cache-disabled-120,190,bounded-affinity,5944,0,62.06605819012378,97.85680978048549,116.30819247704494,60.47096945944941,99.2827595052513,0.08960895489617783,true
cache-disabled-120,191,random,6021,0,142.41445226855748,358.54733212727115,482.0753145782728,429.41349018332403,629.5388923499158,0.020929325584204683,false
cache-disabled-120,191,least-loaded,6021,0,58.2290186176255,90.70695003466972,118.24236534893134,65.74255058673953,88.72144289493008,0.005056839505499029,true
cache-disabled-120,191,prefix-affinity,6021,0,40949.713766565845,123914.83858573055,132907.01747522247,132871.5081749399,134968.00753014066,1.1887552135736756,false
cache-disabled-120,191,bounded-affinity,6021,0,61.88765181399278,96.58196486806992,123.4593343674751,69.0044167472588,107.9267111473273,0.08204218176096484,true
cache-disabled-120,192,random,6108,0,164.0135960911473,427.1545616643707,739.0670269873444,682.7409559866719,912.6289954792446,0.04172202374599781,false
cache-disabled-120,192,least-loaded,6108,0,60.28345903013012,97.27394177217502,124.06610379268022,65.82720070445794,99.93115590995876,0.006599120005606515,true
cache-disabled-120,192,prefix-affinity,6108,0,42080.02930546551,126897.63455741953,136228.3105478204,136149.66216710446,138494.64112894892,1.1944086650973489,false
cache-disabled-120,192,bounded-affinity,6108,0,63.98149426583786,102.31029060844594,129.31974550817904,73.02571916886518,120.41624421927918,0.07860603048387516,true
cache-disabled-120,193,random,6023,0,144.26071719546604,348.3599404454799,490.52704033104965,440.772228705011,690.8074063821186,0.026069997998256437,false
cache-disabled-120,193,least-loaded,6023,0,59.7891562597383,94.7185688719037,135.78292485660495,83.12304888714425,124.12855311940802,0.007359512253896155,true
cache-disabled-120,193,prefix-affinity,6023,0,39964.940591369064,122365.80005423113,131185.43214648537,131133.14949584898,133092.77897917596,1.1838932938154951,false
cache-disabled-120,193,bounded-affinity,6023,0,63.39031244324626,101.65473260331783,141.73122407397022,85.40401892302907,131.43675589733903,0.08797692416568446,true
cache-disabled-120,194,random,6026,0,151.39975433432394,384.04515969965723,591.2420089485277,539.3369654764901,823.3096040060846,0.020269108768242665,false
cache-disabled-120,194,least-loaded,6026,0,59.74588634708049,93.69937788453535,116.36441549003212,56.93595725530031,86.88380222474734,0.006781533064183771,true
cache-disabled-120,194,prefix-affinity,6026,0,41558.366790350396,126053.0330683703,134720.66637600062,134661.55824684314,136714.64798102414,1.203184888853803,false
cache-disabled-120,194,bounded-affinity,6026,0,63.339153342359154,100.21234781983367,123.18946399779088,64.88447562189685,94.55797232313489,0.08097426884813104,true
cache-disabled-120,195,random,6077,0,147.607731818687,356.5597660332169,611.6778407264792,554.4470453168997,753.6993854019238,0.013828237090691062,false
cache-disabled-120,195,least-loaded,6077,0,58.44237768634128,88.68120141832333,107.34220286834898,45.98090853782924,88.03370516977157,0.005047331622794625,true
cache-disabled-120,195,prefix-affinity,6077,0,39595.50626821279,122405.06053120506,130748.33408013164,130701.23899345376,132653.90045236197,1.1708927306791663,false
cache-disabled-120,195,bounded-affinity,6077,0,62.0479868861075,96.08280040389218,115.03582585874756,55.43412337845439,108.14204605302803,0.07496440634511436,true
cache-disabled-120,196,random,5970,0,146.0506134598397,367.021713710772,566.927442170876,509.8298320480535,727.9174559215971,0.04427874278549552,false
cache-disabled-120,196,least-loaded,5970,0,58.84643350013596,91.73554167868133,111.0400879327317,54.88387131996569,82.81527526475111,0.003915582220557576,true
cache-disabled-120,196,prefix-affinity,5970,0,42967.90195709851,127422.94821687829,136003.080082595,135936.70215151957,137853.51758327527,1.2163023257984384,false
cache-disabled-120,196,bounded-affinity,5970,0,62.50779414386238,98.39288139902419,118.42700890458946,61.53844146674601,100.82590622127464,0.08612888555793341,true
cache-disabled-120,197,random,6011,0,148.11340626369218,383.9292822041025,560.0139620354312,506.44037736904284,772.6381850258149,0.028730712022352584,false
cache-disabled-120,197,least-loaded,6011,0,58.1706366296523,88.35970886651194,105.28478726986759,46.90123927612876,91.47177855957125,0.006177410287625625,true
cache-disabled-120,197,prefix-affinity,6011,0,41651.69744322955,125047.0340283067,133774.40323131852,133727.75976570422,135869.7669073549,1.185836551942768,false
cache-disabled-120,197,bounded-affinity,6011,0,61.86802128436218,95.11518242501916,114.77753817961275,57.28580806580976,116.90728461808249,0.08068782533364584,true
cache-disabled-120,198,random,5947,0,144.001556402506,352.25777609127545,506.03882259510283,454.25532262372144,708.8658545543149,0.025059621876088303,false
cache-disabled-120,198,least-loaded,5947,0,58.765111508220485,89.88733687037893,111.6048455443306,52.85486257199773,76.1836984661204,0.0069623341558430595,true
cache-disabled-120,198,prefix-affinity,5947,0,39808.98254289853,121540.28855104299,130273.09427980239,130220.5624261159,132243.89004971422,1.1775017415360756,false
cache-disabled-120,198,bounded-affinity,5947,0,62.550337765830754,97.25561180396471,119.64190812730521,61.88879233803891,87.71959271009109,0.07936174690936755,true
cache-disabled-120,199,random,6093,0,151.90369533958383,421.10841900483865,604.6349115777994,558.1978398457904,789.2540639843137,0.042362224023313196,false
cache-disabled-120,199,least-loaded,6093,0,58.992072732046374,91.00302460322928,110.0105717272927,49.967280320532154,85.14279820382217,0.008019554346720774,true
cache-disabled-120,199,prefix-affinity,6093,0,43305.78836634952,129729.45851738223,138587.76886581603,138539.07186667863,140805.99171686324,1.216014643351313,false
cache-disabled-120,199,bounded-affinity,6093,0,62.88920879351596,97.76605060067959,117.13789909057232,58.42574220996903,107.34581723842348,0.07938871509185565,true
cache-disabled-120,200,random,6048,0,144.18938248794285,347.4364859848938,518.4991969231414,463.25538540624984,953.5383056570281,0.04695994574123565,false
cache-disabled-120,200,least-loaded,6048,0,58.73475578656024,90.32200041673786,113.55206628270389,57.12572554486542,86.57697690941495,0.006238343475265014,true
cache-disabled-120,200,prefix-affinity,6048,0,40473.101583499905,123750.1362396969,132963.81605147524,132917.181124521,134832.05005695607,1.1764922981550132,false
cache-disabled-120,200,bounded-affinity,6048,0,62.451065194464334,98.1728037871435,122.17362002109803,63.4778515351245,98.34537044154422,0.07736077779783676,true
