repeat,scenario,mode,offered_rps,issued_requests,completed_by_window_end,achieved_rps,p50_ms,p95_ms,p99_ms,max_ms,slo_pass
1,no-pause-80,open_loop,80,4017,4016,80.34,16.29239563782903,50.607381134650495,74.87893160519161,121.10896748653249,true
1,no-pause-80,closed_loop,80,3960,3959,79.2,9.9754400312886,20.67743367170624,28.45788423135673,47.45118970585463,true
2,no-pause-80,open_loop,80,4002,4001,80.04,16.68810148486955,51.64247824946142,77.62238639113639,102.45125872987046,true
2,no-pause-80,closed_loop,80,3956,3955,79.12,10.10968977714947,21.03121570598887,28.298353743775806,41.78393584376681,true
3,no-pause-80,open_loop,80,4042,4040,80.84,16.504546959113213,50.583028085602564,76.2108183763412,105.53380387825746,true
3,no-pause-80,closed_loop,80,3961,3961,79.22,9.876291063024837,20.395689327353466,27.254002074023447,41.57433414216939,true
4,no-pause-80,open_loop,80,4042,4039,80.84,17.121447727382474,52.04186025638592,75.07234614663685,104.04388638713135,true
4,no-pause-80,closed_loop,80,3956,3954,79.12,10.141691860066203,21.13404188890854,27.843191454725456,42.074550746958266,true
5,no-pause-80,open_loop,80,4043,4038,80.86,17.214243271228042,60.40804827238753,90.42033906925644,135.81469641159492,true
5,no-pause-80,closed_loop,80,3964,3963,79.28,9.738775728676046,20.422967205016903,26.894672607530083,42.740092017549614,true
6,no-pause-80,open_loop,80,4072,4072,81.44,17.941774967242964,59.26717959689631,82.61032839873587,115.5502134110211,true
6,no-pause-80,closed_loop,80,3950,3950,79,10.2980693556201,22.050509711589257,29.623909520152665,53.72356695163762,true
7,no-pause-80,open_loop,80,3940,3940,78.8,15.235318587074289,46.82053213578911,62.78266294523928,87.60029906034833,true
7,no-pause-80,closed_loop,80,3959,3958,79.18,9.885987317480613,20.970321662513015,27.783670259676,42.177175263637764,true
8,no-pause-80,open_loop,80,3930,3930,78.6,16.518506174990762,50.89006428629364,70.97021617850987,100.29190653129626,true
8,no-pause-80,closed_loop,80,3956,3954,79.12,9.973926419072086,21.605803183818352,29.314166565716732,54.99404368885007,true
9,no-pause-80,open_loop,80,4072,4071,81.44,17.390666646468162,58.92275728897948,81.94023141127764,102.29002894670339,true
9,no-pause-80,closed_loop,80,3957,3956,79.14,10.050149551309005,20.674828528353828,26.719187688773673,39.229189385041536,true
10,no-pause-80,open_loop,80,4020,4015,80.4,16.628578646937967,49.41329908944317,67.49748969473148,101.91925604707285,true
10,no-pause-80,closed_loop,80,3955,3954,79.1,9.956495703005203,21.36428350242204,30.044865608009786,55.99915195594076,true
11,no-pause-80,open_loop,80,4031,4031,80.62,18.016783972583653,58.66342458235158,86.81231724567988,115.59693708927443,true
11,no-pause-80,closed_loop,80,3953,3953,79.06,10.169384446722688,21.537414162587083,29.318508355674567,40.377314100278454,true
12,no-pause-80,open_loop,80,4018,4014,80.36,17.487510604583804,58.781552419670334,93.31391304718272,164.39020319913834,true
12,no-pause-80,closed_loop,80,3957,3957,79.14,10.026772118482768,21.36130670842249,28.611434909638774,40.65273623642497,true
13,no-pause-80,open_loop,80,4076,4075,81.52,17.218747673001417,58.61435567009903,81.74171710609517,106.44938708986592,true
13,no-pause-80,closed_loop,80,3955,3954,79.1,10.052752787327336,21.61588418842075,28.02266494210926,40.91768625834811,true
14,no-pause-80,open_loop,80,3870,3869,77.4,16.006229175698536,47.856318115693284,73.36544504173798,95.3776971184925,true
14,no-pause-80,closed_loop,80,3954,3954,79.08,10.03564939795433,21.794826111574366,31.9119546435104,44.37023951307856,true
15,no-pause-80,open_loop,80,3983,3982,79.66,17.124873615168326,55.178196636283246,106.27977199607267,135.4467466408496,false
15,no-pause-80,closed_loop,80,3959,3958,79.18,10.0579881356025,20.41011186823016,26.983244775743515,38.399553566239774,true
16,no-pause-80,open_loop,80,3933,3928,78.66,16.996192514838185,56.3194754778815,79.59464313704666,108.08161610744719,true
16,no-pause-80,closed_loop,80,3954,3954,79.08,10.131699126184685,21.587953139227466,31.801406761213002,52.40002038795501,true
17,no-pause-80,open_loop,80,3992,3991,79.84,17.451743190838897,58.70709965748392,82.74699066412359,105.85302916895125,true
17,no-pause-80,closed_loop,80,3957,3957,79.14,9.991990517999511,21.387169939400337,28.659953164387844,44.75675051428698,true
18,no-pause-80,open_loop,80,3958,3952,79.16,16.663030377552786,47.824650700327766,63.65876132047197,79.64328105666937,true
18,no-pause-80,closed_loop,80,3955,3954,79.1,10.186423686631315,21.667929018778523,29.3843927854723,48.24957355265724,true
19,no-pause-80,open_loop,80,4091,4085,81.82,18.057844370581734,57.7966203577671,77.29969427247852,105.57496628694207,true
19,no-pause-80,closed_loop,80,3957,3955,79.14,9.993327205927926,21.04609576245639,29.75064393403227,45.60944068636309,true
20,no-pause-80,open_loop,80,4015,4015,80.3,17.34581899945624,58.286993622474256,94.20226756890406,134.91720814429755,true
20,no-pause-80,closed_loop,80,3955,3954,79.1,10.177947363416024,21.519900239243725,28.348231484564167,42.02457163681538,true
21,no-pause-80,open_loop,80,4002,4001,80.04,17.882633181099663,56.92478841544289,85.28875112300011,111.47571283750585,true
21,no-pause-80,closed_loop,80,3952,3951,79.04,10.258159907272784,21.52565556989066,29.360767191348714,43.20460852981341,true
22,no-pause-80,open_loop,80,4042,4042,80.84,18.379089684589417,61.95947957653698,86.98264294782712,125.66116793648325,true
22,no-pause-80,closed_loop,80,3947,3947,78.94,10.385885618168686,22.343583168931218,29.71716948156609,56.50609479003833,true
23,no-pause-80,open_loop,80,3982,3981,79.64,16.64047560972176,60.34248745564037,86.14373691619767,114.90354304142966,true
23,no-pause-80,closed_loop,80,3957,3955,79.14,10.24846693634754,20.72496047274035,26.166944965756556,34.39924296357458,true
24,no-pause-80,open_loop,80,4001,3998,80.02,17.281786346273293,55.374946016225294,77.1571591071679,104.92550706687143,true
24,no-pause-80,closed_loop,80,3953,3952,79.06,10.117697263194714,21.51098217850813,28.262578658373968,45.5831334808463,true
25,no-pause-80,open_loop,80,4026,4024,80.52,16.711680030122807,51.178063291095896,72.06168699079535,93.16147808057212,true
25,no-pause-80,closed_loop,80,3958,3958,79.16,10.02950334356865,20.364924909055844,27.497667754942086,38.829959877140936,true
26,no-pause-80,open_loop,80,3899,3890,77.98,16.08037001306002,52.47780197121028,83.64725735803586,117.05628163640722,true
26,no-pause-80,closed_loop,80,3959,3958,79.18,10.124548967894953,20.434299730133716,25.465305923913547,33.99000685965075,true
27,no-pause-80,open_loop,80,4086,4086,81.72,17.963748449437844,62.09288693856797,86.24482186964451,119.9207379838299,true
27,no-pause-80,closed_loop,80,3953,3952,79.06,10.192241036616906,20.577762077802618,28.414516929326055,45.761272574316536,true
28,no-pause-80,open_loop,80,4096,4095,81.92,17.584458322584396,59.70241959440682,99.06719748233081,132.19549651928537,true
28,no-pause-80,closed_loop,80,3956,3955,79.12,9.953621027423651,21.499448599402967,27.589271555814776,41.79354071656235,true
29,no-pause-80,open_loop,80,4113,4110,82.26,17.60396699249395,58.68505108457248,84.66947282693582,115.43603068449738,true
29,no-pause-80,closed_loop,80,3951,3950,79.02,10.34978559013689,21.593230603939446,28.9281061399779,41.12570675355528,true
30,no-pause-80,open_loop,80,4092,4091,81.84,18.15396749931824,63.298403812492325,97.49086879414244,126.39034869120223,true
30,no-pause-80,closed_loop,80,3955,3954,79.1,10.225369991516345,21.163657758828776,27.01393247839951,58.059344474409954,true
31,no-pause-80,open_loop,80,3939,3936,78.78,16.624421782034915,52.17319204063824,74.01366471750225,92.10861287947773,true
31,no-pause-80,closed_loop,80,3954,3953,79.08,10.102481233836443,21.569686738599557,29.60000252516329,47.777602385254795,true
32,no-pause-80,open_loop,80,4076,4070,81.52,16.220989668792754,50.802962127952924,72.70677690111552,133.92019079507736,true
32,no-pause-80,closed_loop,80,3952,3949,79.04,10.284169589387602,21.243475527451665,27.81041870117224,41.45331413757958,true
33,no-pause-80,open_loop,80,3986,3982,79.72,17.52262451545539,60.40693247942181,103.8007470277953,168.86943035860895,false
33,no-pause-80,closed_loop,80,3958,3957,79.16,10.021494089683983,20.54858170051739,28.497879455295333,49.85524834909302,true
34,no-pause-80,open_loop,80,3972,3970,79.44,17.399416097223366,59.09479669888242,86.39063033339335,137.5990316278694,true
34,no-pause-80,closed_loop,80,3960,3958,79.2,9.916978301507697,20.858849275376997,27.907105909325765,39.202694879466435,true
35,no-pause-80,open_loop,80,4010,4008,80.2,15.990810893650632,56.66358434593349,89.06812144838477,118.7237295408122,true
35,no-pause-80,closed_loop,80,3952,3951,79.04,10.20610557650798,21.242165296018356,27.479439042650483,46.15630610583139,true
36,no-pause-80,open_loop,80,4011,4009,80.22,17.25649628983956,58.94036311501986,89.56922053500602,128.9664296618139,true
36,no-pause-80,closed_loop,80,3959,3959,79.18,10.034631563496077,20.494599900477624,26.820374798575358,37.77494531720731,true
37,no-pause-80,open_loop,80,3899,3897,77.98,16.678744828865092,55.239674162570736,83.14267045319139,120.66854159229115,true
37,no-pause-80,closed_loop,80,3953,3952,79.06,10.188686764100567,21.641628741104796,28.86200661435214,48.06980419279353,true
38,no-pause-80,open_loop,80,3909,3908,78.18,16.17625916171164,53.040311534612556,77.41543914682188,105.00372500219237,true
38,no-pause-80,closed_loop,80,3962,3962,79.24,10.046560584858526,19.976134780426946,25.26050719916384,39.07590407972384,true
39,no-pause-80,open_loop,80,3964,3964,79.28,16.809098126694153,47.43841241156042,65.21186788977502,93.3055914023571,true
39,no-pause-80,closed_loop,80,3958,3957,79.16,10.020844258975558,20.917881758023213,28.58828479155636,46.17161336085701,true
40,no-pause-80,open_loop,80,4082,4080,81.64,17.846762508706888,59.45669050596189,82.85070576315411,113.47887343861657,true
40,no-pause-80,closed_loop,80,3957,3956,79.14,10.104060065379599,21.149851806098013,29.357252676705684,38.972557536224485,true
41,no-pause-80,open_loop,80,4022,4020,80.44,17.333566510227683,57.23839031864918,74.3784481873954,92.01953696669807,true
41,no-pause-80,closed_loop,80,3958,3957,79.16,10.148080325438059,20.719299971293367,26.408951334084122,41.46451900587272,true
42,no-pause-80,open_loop,80,3960,3958,79.2,16.60167519067545,53.97995308430836,72.48754070481664,100.81729182740673,true
42,no-pause-80,closed_loop,80,3956,3955,79.12,10.026429827157699,21.1760953125995,29.31558871278139,41.9259971349602,true
43,no-pause-80,open_loop,80,3969,3968,79.38,16.32427140519212,61.45277509131847,87.18767446836864,114.06255887245061,true
43,no-pause-80,closed_loop,80,3957,3956,79.14,9.92715577603667,21.54560030479115,30.822703251065832,43.609962485934375,true
44,no-pause-80,open_loop,80,4061,4061,81.22,17.62522533244919,56.888810101623676,92.84457298889538,130.01404027405806,true
44,no-pause-80,closed_loop,80,3957,3956,79.14,9.97759061641409,21.03848352376008,28.366364569490543,45.48443122236495,true
45,no-pause-80,open_loop,80,3937,3935,78.74,15.996915121428174,53.536294283898314,72.10241189762746,94.94947202878393,true
45,no-pause-80,closed_loop,80,3950,3950,79,10.34791651705018,21.691173833802168,29.081625451006403,51.666474853733234,true
46,no-pause-80,open_loop,80,4033,4032,80.66,17.01005848510613,57.14608551931815,106.13963400068315,145.9402306655902,false
46,no-pause-80,closed_loop,80,3957,3957,79.14,10.017272218154176,21.100781495249976,27.30322299834006,42.14481045387947,true
47,no-pause-80,open_loop,80,4115,4114,82.3,17.01022044297133,54.34907533456135,80.25987074602017,125.61944527460582,true
47,no-pause-80,closed_loop,80,3953,3951,79.06,10.206733232071201,21.383427066328295,29.5188809441388,42.604776119704184,true
48,no-pause-80,open_loop,80,3965,3965,79.3,17.303405312071845,58.30589541666268,91.4365003241328,136.17987835578606,true
48,no-pause-80,closed_loop,80,3954,3951,79.08,10.165776752779493,21.957381393091055,31.87109527040957,50.00805163480254,true
49,no-pause-80,open_loop,80,4045,4043,80.9,16.467034934405092,61.83585235577266,87.00587788329722,128.33686515202135,true
49,no-pause-80,closed_loop,80,3960,3960,79.2,9.947385668230709,20.106501744237903,26.788791579967437,59.56907849308482,true
50,no-pause-80,open_loop,80,4031,4028,80.62,16.997446998168016,54.312507306265616,82.91249566643819,115.00709529111555,true
50,no-pause-80,closed_loop,80,3956,3955,79.12,10.04361687306664,21.150516010511637,28.841089375804586,42.83211035402201,true
51,no-pause-80,open_loop,80,4021,4019,80.42,16.964910425387643,55.85833604796608,89.61446808551045,141.82340150957316,true
51,no-pause-80,closed_loop,80,3958,3957,79.16,9.93219633508852,20.89715227457782,28.439556408637145,46.09702438436943,true
52,no-pause-80,open_loop,80,4072,4071,81.44,18.712628808447334,58.32588293871231,82.85508910600038,110.67419140896527,true
52,no-pause-80,closed_loop,80,3955,3954,79.1,10.290843009555829,21.359116557297966,27.767719167488394,48.19639530576751,true
53,no-pause-80,open_loop,80,4055,4050,81.1,18.004272034748283,62.28409954167546,86.36641767439141,112.57457291414175,true
53,no-pause-80,closed_loop,80,3959,3959,79.18,9.91595376278201,20.61166165873874,25.928563150828268,52.58814989509847,true
54,no-pause-80,open_loop,80,4132,4132,82.64,17.857142081920756,53.65883019567991,79.76501441027358,120.46881952604599,true
54,no-pause-80,closed_loop,80,3955,3954,79.1,10.168948887574516,21.224680826333497,27.386842131600133,38.522123906026536,true
55,no-pause-80,open_loop,80,3899,3899,77.98,15.686921704469569,53.01137595677574,77.52736867851854,120.2828710825379,true
55,no-pause-80,closed_loop,80,3957,3956,79.14,10.048030024045147,21.060790121542595,27.6125618514925,36.421007122975425,true
56,no-pause-80,open_loop,80,3942,3942,78.84,16.540141644254618,52.30653795755643,72.23861349809158,99.73454706615303,true
56,no-pause-80,closed_loop,80,3957,3957,79.14,9.988625167177815,20.83361637165217,26.742604625927925,44.244696433102945,true
57,no-pause-80,open_loop,80,3984,3982,79.68,16.628361689792655,53.82891631907842,77.02079196367049,106.69830581970018,true
57,no-pause-80,closed_loop,80,3961,3961,79.22,10.054361599955882,20.468973037217438,27.98104041726765,38.08560841068174,true
58,no-pause-80,open_loop,80,3930,3926,78.6,16.09721200867716,46.66994938951393,63.25992584833148,93.81182012565841,true
58,no-pause-80,closed_loop,80,3956,3956,79.12,9.910397337327595,21.319379610151373,28.16094103985597,47.16864503688703,true
59,no-pause-80,open_loop,80,3920,3920,78.4,16.33048920629153,51.08493806434126,72.57016296908478,96.21654384361682,true
59,no-pause-80,closed_loop,80,3965,3965,79.3,9.782170652819332,19.17381855341955,25.236943838914158,36.376509333702415,true
60,no-pause-80,open_loop,80,4031,4028,80.62,17.9796209697015,55.571050749887945,79.12252227033969,108.77902538689887,true
60,no-pause-80,closed_loop,80,3952,3952,79.04,10.192399385337922,21.803819248030777,29.379492657906667,39.68670553357151,true
61,no-pause-80,open_loop,80,4058,4055,81.16,17.52405907956563,52.8448394508232,70.55488697578403,130.13460761991337,true
61,no-pause-80,closed_loop,80,3951,3950,79.02,10.218938544865523,21.856364515402674,30.697084159604856,43.63138440131297,true
62,no-pause-80,open_loop,80,4062,4062,81.24,17.387320025074587,56.574511954186164,78.26889418444625,109.36033654992207,true
62,no-pause-80,closed_loop,80,3963,3962,79.26,9.893315387631446,20.46408525529114,26.703634736855747,35.88917187118932,true
63,no-pause-80,open_loop,80,4121,4116,82.42,18.501539301563753,55.866552193088864,79.93287919594877,111.20660226338441,true
63,no-pause-80,closed_loop,80,3950,3949,79,10.248406063241418,22.357560311895213,29.057371278933715,42.456642771005136,true
64,no-pause-80,open_loop,80,4052,4051,81.04,18.75302445127454,56.28679151424876,76.10885871256323,94.20488491695505,true
64,no-pause-80,closed_loop,80,3957,3955,79.14,10.032751639431808,21.444718423332233,27.92275393046657,49.167708551787655,true
65,no-pause-80,open_loop,80,3946,3946,78.92,16.990441533915146,57.452475829231844,104.61129928441369,138.55540744099562,false
65,no-pause-80,closed_loop,80,3960,3960,79.2,9.943456227156275,20.82486229812639,26.742909963140846,33.7359229680078,true
66,no-pause-80,open_loop,80,3995,3992,79.9,16.917107500252314,56.85573049262166,106.33752731978893,170.46993780264893,false
66,no-pause-80,closed_loop,80,3958,3957,79.16,9.979001531435642,20.805943825696886,28.12131417022465,42.561196842107165,true
67,no-pause-80,open_loop,80,4013,4013,80.26,17.264212565351045,53.98884307296976,72.18614256877481,119.47535934741609,true
67,no-pause-80,closed_loop,80,3950,3949,79,10.264127250557067,21.821141841206554,28.804345916832972,45.48171512041881,true
68,no-pause-80,open_loop,80,4009,4008,80.18,16.7963842027184,63.713985206712096,92.38080701406216,148.27714008929615,true
68,no-pause-80,closed_loop,80,3950,3949,79,10.321615233180637,21.47867313176903,28.856138055522024,45.25337363973813,true
69,no-pause-80,open_loop,80,4037,4037,80.74,17.232421826462087,54.74072186825288,90.81366896607506,143.8976252435059,true
69,no-pause-80,closed_loop,80,3956,3956,79.12,9.96365666845304,22.124474449068657,29.143167112859373,49.91967373384614,true
70,no-pause-80,open_loop,80,3989,3988,79.78,17.630352681077056,53.75683303434562,73.57269798692323,92.90662648993748,true
70,no-pause-80,closed_loop,80,3956,3956,79.12,10.007401091592328,21.4427032260719,28.179435550162452,47.91704563128587,true
71,no-pause-80,open_loop,80,3975,3975,79.5,16.58328400037135,58.74140041870487,84.18989940933534,107.41859898911207,true
71,no-pause-80,closed_loop,80,3951,3950,79.02,10.207098776802013,21.958989639133506,30.827978935329156,43.327353135679004,true
72,no-pause-80,open_loop,80,4085,4085,81.7,18.766809220978757,63.41698981861555,93.38729014615274,127.12342764754794,true
72,no-pause-80,closed_loop,80,3951,3951,79.02,10.151865790008742,21.50930026511196,30.5696748287628,51.62022554944815,true
73,no-pause-80,open_loop,80,3952,3950,79.04,16.66648082575557,50.77456717992027,72.76150796909496,107.81384203393463,true
73,no-pause-80,closed_loop,80,3956,3955,79.12,10.050298313013627,21.40235716598545,29.13738744564762,41.915999157299666,true
74,no-pause-80,open_loop,80,3955,3953,79.1,15.78874024072502,48.156774907707586,64.1489557097666,95.47898319709202,true
74,no-pause-80,closed_loop,80,3958,3956,79.16,9.981800801400823,21.01875413750895,27.384918190226017,40.3794541425159,true
75,no-pause-80,open_loop,80,3958,3958,79.16,16.661425418325962,58.76187678187125,90.41678441658587,120.47959849092149,true
75,no-pause-80,closed_loop,80,3956,3955,79.12,10.148879365464381,20.873583712433174,28.278328251602943,39.1460907792989,true
76,no-pause-80,open_loop,80,4053,4051,81.06,16.544008012177073,48.54929591993641,67.49045520757318,106.70409930507594,true
76,no-pause-80,closed_loop,80,3960,3959,79.2,10.024346604914172,20.82653581285558,27.47290004578099,43.03636033570365,true
77,no-pause-80,open_loop,80,3909,3908,78.18,16.833235888458148,58.66674614846124,104.43867060906632,142.55724508132698,false
77,no-pause-80,closed_loop,80,3956,3955,79.12,10.03416399717753,21.83615563494095,29.08798053186183,44.338584349141456,true
78,no-pause-80,open_loop,80,3956,3953,79.12,17.147041558815545,59.77551403069083,92.41847049066928,145.55192155948316,true
78,no-pause-80,closed_loop,80,3955,3954,79.1,10.066282280211453,22.227960185284246,28.82761219337408,42.51513779615925,true
79,no-pause-80,open_loop,80,3970,3970,79.4,17.114811290739453,59.82181808704627,89.48635591307539,129.26037759361498,true
79,no-pause-80,closed_loop,80,3947,3946,78.94,10.233101029101817,22.172649258391175,30.63101111760625,60.741676197663764,true
80,no-pause-80,open_loop,80,3911,3910,78.22,17.042368903354145,55.19494451166611,86.32124045425007,131.27170925627797,true
80,no-pause-80,closed_loop,80,3955,3955,79.1,10.127649775486134,21.179090076402645,26.63629426141415,39.18259581114762,true
81,no-pause-80,open_loop,80,4062,4062,81.24,18.594055672168906,61.41523536235036,90.92437758550841,157.54853751016344,true
81,no-pause-80,closed_loop,80,3954,3954,79.08,10.251806417240005,20.995357600200805,27.507556465207017,48.95420511471457,true
82,no-pause-80,open_loop,80,3927,3927,78.54,17.381461777651566,55.08311136125121,84.24096334761998,110.85897382863914,true
82,no-pause-80,closed_loop,80,3950,3949,79,10.373991379085055,21.395803567367693,30.876974169323148,55.60104616782337,true
83,no-pause-80,open_loop,80,4016,4013,80.32,17.464597963597043,55.864267520144494,76.420381741038,122.3010344597642,true
83,no-pause-80,closed_loop,80,3960,3958,79.2,10.00626398903114,20.45120267339371,27.96930906081252,43.09432512992498,true
84,no-pause-80,open_loop,80,3992,3990,79.84,16.67016497084478,55.15946734800673,75.2388404038793,94.73264887498226,true
84,no-pause-80,closed_loop,80,3953,3952,79.06,10.171755123199546,21.352344922393968,28.802776264186832,41.91835137621456,true
85,no-pause-80,open_loop,80,3978,3978,79.56,17.754905168232654,62.16912813308045,98.24406781915968,146.90393012522873,true
85,no-pause-80,closed_loop,80,3957,3956,79.14,9.999214931456663,21.519322518041008,29.515837807521166,41.998382805461006,true
86,no-pause-80,open_loop,80,4028,4025,80.56,17.0091900269872,53.650140298159386,78.40314947957086,130.32420506418566,true
86,no-pause-80,closed_loop,80,3949,3949,78.98,10.434820006761583,22.262341182213277,29.87629325027956,47.710945509265,true
87,no-pause-80,open_loop,80,3935,3932,78.7,16.309426563086163,54.15546943304798,91.7196326251651,120.97292388470305,true
87,no-pause-80,closed_loop,80,3955,3955,79.1,10.061861015172326,21.203433416769258,28.94356180050454,45.178640957703465,true
88,no-pause-80,open_loop,80,3985,3984,79.7,16.519187617850548,49.60511927079642,67.71782677099691,117.75289323506149,true
88,no-pause-80,closed_loop,80,3947,3946,78.94,10.362669492453279,22.597336884728065,28.79111029715932,39.03816067365551,true
89,no-pause-80,open_loop,80,4117,4117,82.34,17.845385024440475,55.82153500221102,79.0215208725167,112.31713531087371,true
89,no-pause-80,closed_loop,80,3951,3951,79.02,10.281332122161984,21.887097803888537,28.634948092621926,43.13791798964485,true
90,no-pause-80,open_loop,80,3969,3964,79.38,16.695991499535012,55.80777440419479,86.21353315152373,132.61709656933817,true
90,no-pause-80,closed_loop,80,3959,3956,79.18,9.989148306543939,21.418968543061055,28.599675132503762,45.40309052075827,true
91,no-pause-80,open_loop,80,4083,4081,81.66,17.590496067383356,54.81424066346517,76.76514647039221,129.98930851944897,true
91,no-pause-80,closed_loop,80,3959,3959,79.18,9.884537290134176,20.39997246825442,26.73589141849334,44.1364188145526,true
92,no-pause-80,open_loop,80,3928,3926,78.56,17.233354998501454,58.905826757541945,94.28466438165924,112.5031393299505,true
92,no-pause-80,closed_loop,80,3953,3951,79.06,10.21517466932346,22.092299162763084,28.786073021976335,49.667060293060786,true
93,no-pause-80,open_loop,80,4036,4036,80.72,17.517991964818066,63.695830662789376,83.08888593134907,108.60628261334205,true
93,no-pause-80,closed_loop,80,3957,3956,79.14,10.046448864828562,21.096489164061495,30.762876406588475,40.87613073843386,true
94,no-pause-80,open_loop,80,3983,3981,79.66,16.79263526428622,55.52234670407779,91.53416921135067,134.75418025209365,true
94,no-pause-80,closed_loop,80,3959,3958,79.18,9.97176846331422,20.371796144831023,27.287057664121676,40.39996409321611,true
95,no-pause-80,open_loop,80,3974,3974,79.48,15.856500216053973,52.767704238132865,74.26708630457142,110.26138436773545,true
95,no-pause-80,closed_loop,80,3959,3957,79.18,9.95021555061976,21.214320049963135,28.550691289026872,45.08000144644757,true
96,no-pause-80,open_loop,80,3991,3988,79.82,16.506172457899083,50.88012302519928,67.39983478353679,107.25700161996792,true
96,no-pause-80,closed_loop,80,3958,3957,79.16,10.152196621056646,20.427496249638352,25.496106046357454,37.8059230623694,true
97,no-pause-80,open_loop,80,3951,3951,79.02,16.843405783922208,54.723135103871755,74.82287959577661,105.4527423028594,true
97,no-pause-80,closed_loop,80,3954,3953,79.08,10.195351279740862,21.597156812807953,28.331271087223286,38.97413104365114,true
98,no-pause-80,open_loop,80,3913,3912,78.26,16.540009056530835,53.70540544544929,73.56415814807042,99.36236892967281,true
98,no-pause-80,closed_loop,80,3954,3953,79.08,10.133446173571429,21.553183523134066,27.6749037569316,42.614605056482105,true
99,no-pause-80,open_loop,80,3926,3926,78.52,16.608209881502262,53.22647644970857,74.8093168661544,106.27567446073226,true
99,no-pause-80,closed_loop,80,3953,3953,79.06,10.257292135618627,21.76777816876711,29.192765981562843,38.24523057249462,true
100,no-pause-80,open_loop,80,4013,4013,80.26,16.666812467876298,50.391815421353385,71.19378273274924,89.15093649696064,true
100,no-pause-80,closed_loop,80,3962,3961,79.24,10.025133285598713,19.91203658271843,27.392754076834535,37.220730217748496,true
101,no-pause-80,open_loop,80,3870,3869,77.4,16.229476061300375,50.0179345260367,67.25271300358145,89.46305594417208,true
101,no-pause-80,closed_loop,80,3944,3942,78.88,10.382973057749041,23.59171960074673,32.0852428010985,46.84431319023133,true
102,no-pause-80,open_loop,80,3930,3930,78.6,15.945382621990575,53.77075277883705,76.73992969264691,105.18427019083538,true
102,no-pause-80,closed_loop,80,3947,3947,78.94,10.172577189019648,23.17568406375358,32.32809360610918,47.48078283592258,true
103,no-pause-80,open_loop,80,3969,3968,79.38,16.731179657079338,55.19300486776774,85.10661326062109,136.82824072866788,true
103,no-pause-80,closed_loop,80,3955,3954,79.1,10.172598136166926,20.939782752204337,29.323373086561332,56.61399912365232,true
104,no-pause-80,open_loop,80,4050,4050,81,17.195503573057067,54.6029141110339,78.47161390837937,103.24829421787581,true
104,no-pause-80,closed_loop,80,3957,3955,79.14,9.949451156222494,21.254051427233208,28.522755835008866,44.15795041258025,true
105,no-pause-80,open_loop,80,4104,4102,82.08,17.70157297028345,56.670662074502616,87.55233226556447,134.57744848664515,true
105,no-pause-80,closed_loop,80,3952,3950,79.04,10.228734471369535,21.68811501131131,30.410645648589707,40.83438733982621,true
106,no-pause-80,open_loop,80,3997,3996,79.94,17.06232875202477,59.664724278249196,79.14215937774861,104.25016157852588,true
106,no-pause-80,closed_loop,80,3954,3954,79.08,10.02587588877941,21.69456059870936,28.775877929125272,45.89401210628421,true
107,no-pause-80,open_loop,80,4141,4140,82.82,18.34342248836765,71.44392331978452,99.2940441815881,124.56989879343746,true
107,no-pause-80,closed_loop,80,3957,3956,79.14,9.988057523809402,21.207565823155164,28.485857452629716,41.48659224977018,true
108,no-pause-80,open_loop,80,3878,3878,77.56,15.231600171307946,49.071822313540906,70.07021880628963,107.1731316511432,true
108,no-pause-80,closed_loop,80,3952,3952,79.04,10.183134494865953,21.82789297806994,28.677326443626953,43.06151086005411,true
109,no-pause-80,open_loop,80,3977,3971,79.54,16.621990856247066,54.205453857975954,84.97062260490202,112.33138650181354,true
109,no-pause-80,closed_loop,80,3954,3953,79.08,10.149711928461329,21.44019728593412,28.618284427233448,39.43758724750114,true
110,no-pause-80,open_loop,80,4033,4032,80.66,17.151310251283576,52.85637268636856,70.70178568639676,113.33897325522412,true
110,no-pause-80,closed_loop,80,3953,3952,79.06,10.165970668182126,21.270247097585525,28.96476345588235,41.05871105353799,true
111,no-pause-80,open_loop,80,4070,4068,81.4,17.089763290419796,62.988914432775346,80.43362211392014,102.77722341122717,true
111,no-pause-80,closed_loop,80,3956,3956,79.12,10.114242314921285,21.837944813392824,30.175929660676047,43.917258825364115,true
112,no-pause-80,open_loop,80,4052,4047,81.04,17.04136574430595,55.28801051314076,73.00833156943554,103.70752375415759,true
112,no-pause-80,closed_loop,80,3951,3951,79.02,10.036378033042638,22.47504908379051,31.78593954968528,57.18920543057902,true
113,no-pause-80,open_loop,80,3953,3944,79.06,16.067416510337353,50.19830148839537,69.15074733115762,98.17682331629476,true
113,no-pause-80,closed_loop,80,3953,3953,79.06,10.253513942065183,21.43476033297702,28.88840016588074,37.22136076079914,true
114,no-pause-80,open_loop,80,4047,4047,80.94,17.682349214192072,69.2957783784259,98.92034339099337,127.07158057424385,true
114,no-pause-80,closed_loop,80,3954,3954,79.08,10.14557384773434,21.23545399036084,29.322578015991894,43.024128351222316,true
115,no-pause-80,open_loop,80,3975,3975,79.5,16.690219028649153,57.22877431996312,94.44758678942162,133.02353156176832,true
115,no-pause-80,closed_loop,80,3958,3957,79.16,10.08353313931002,20.913343518148395,27.57029427170346,40.589142529061064,true
116,no-pause-80,open_loop,80,3948,3947,78.96,16.27293135959917,52.705437764845556,76.48335425456025,114.80954463829039,true
116,no-pause-80,closed_loop,80,3958,3958,79.16,10.04941142937605,21.18247782434628,28.474347526251222,42.02974978639759,true
117,no-pause-80,open_loop,80,4012,4010,80.24,17.555930202441232,56.09624271753273,78.10996671717658,125.80627731965797,true
117,no-pause-80,closed_loop,80,3958,3957,79.16,9.888860524974007,21.160193874427932,27.153731499907735,37.35261128374259,true
118,no-pause-80,open_loop,80,4000,4000,80,17.278609589107873,53.13411328200891,75.00602699820229,101.05062700307462,true
118,no-pause-80,closed_loop,80,3959,3959,79.18,9.936603115158505,20.876818061406084,28.38860422462494,38.554309439608915,true
119,no-pause-80,open_loop,80,4069,4068,81.38,17.877211892802734,60.981773141898884,91.30498505241121,123.70941431817482,true
119,no-pause-80,closed_loop,80,3958,3957,79.16,10.00122601044859,21.149702764229005,27.421791280292382,38.3329069936899,true
120,no-pause-80,open_loop,80,4020,4019,80.4,16.190272593608825,48.36473842502892,63.983519153400266,99.02573505115652,true
120,no-pause-80,closed_loop,80,3955,3954,79.1,10.125317074740451,20.90176857082406,27.633491605709423,46.53889791553593,true
121,no-pause-80,open_loop,80,3966,3965,79.32,16.386415834153013,57.307774260065344,84.02708868536502,118.33588565425089,true
121,no-pause-80,closed_loop,80,3958,3957,79.16,10.078405473483144,20.639651643643447,27.179905338089156,42.66432274002,true
122,no-pause-80,open_loop,80,4076,4065,81.52,16.967478073253005,50.006459494927185,68.412436099763,124.2905702077478,true
122,no-pause-80,closed_loop,80,3950,3949,79,10.187496640863174,22.25052945252901,31.30925338031375,49.445822369205416,true
123,no-pause-80,open_loop,80,4040,4038,80.8,16.47820475302433,53.44312059152435,75.57974651330733,100.53492192130943,true
123,no-pause-80,closed_loop,80,3958,3957,79.16,10.138285416973304,20.826155123599165,27.377399515375146,36.44265634794283,true
124,no-pause-80,open_loop,80,4076,4074,81.52,17.16248582161643,52.239939026068896,71.72946699158638,93.9150048739175,true
124,no-pause-80,closed_loop,80,3956,3955,79.12,10.164696339750662,20.767858958843135,26.467469099548907,37.370714219345246,true
125,no-pause-80,open_loop,80,3964,3962,79.28,16.325718450534623,53.03890142149612,75.44201544864336,120.5255628795785,true
125,no-pause-80,closed_loop,80,3953,3952,79.06,10.159836154758523,21.9754806656274,28.314530829899013,39.866327831783565,true
126,no-pause-80,open_loop,80,4031,4029,80.62,16.38182832505845,56.250433174827776,90.89952531024392,129.87016538927855,true
126,no-pause-80,closed_loop,80,3964,3963,79.28,9.91659757650632,19.77930263838789,25.679633685882436,36.394120047778415,true
127,no-pause-80,open_loop,80,4001,3998,80.02,16.788269156910246,56.06843734420545,80.60852320429694,118.65143533126138,true
127,no-pause-80,closed_loop,80,3952,3951,79.04,10.143601230505737,21.980932089922135,29.02337233430444,41.82055829082674,true
128,no-pause-80,open_loop,80,4054,4052,81.08,17.269827088133752,53.17253102716131,78.27175074085972,125.46792273824394,true
128,no-pause-80,closed_loop,80,3955,3955,79.1,10.202731217726978,21.354614158106415,28.667789739531145,41.27458761223534,true
129,no-pause-80,open_loop,80,4032,4031,80.64,17.330256981003913,56.1000069903821,85.4480770759692,117.79802385392395,true
129,no-pause-80,closed_loop,80,3960,3958,79.2,9.885913881036686,20.119325790139555,27.695837649080204,51.401767204246426,true
130,no-pause-80,open_loop,80,4085,4084,81.7,16.660128413510392,54.005352832216886,86.57713515829528,114.64395076998335,true
130,no-pause-80,closed_loop,80,3951,3950,79.02,10.299318978155497,21.403741675861966,29.66795850921335,48.448703785410544,true
131,no-pause-80,open_loop,80,4005,4004,80.1,16.959002960604266,50.30408478846584,88.84033178003665,151.5133291741222,true
131,no-pause-80,closed_loop,80,3960,3959,79.2,10.061934108405694,20.50222882986418,27.71392043268861,40.98421096348466,true
132,no-pause-80,open_loop,80,4042,4033,80.84,18.056688722903345,57.25950745830778,81.25519341731706,104.43135666491435,true
132,no-pause-80,closed_loop,80,3961,3959,79.22,9.953815532086082,20.72725913521026,26.609647296441835,39.10380496250582,true
133,no-pause-80,open_loop,80,3930,3930,78.6,16.590251699839428,50.06045082311175,88.28036370536574,149.77812437955436,true
133,no-pause-80,closed_loop,80,3957,3956,79.14,10.08887606956705,21.208361133507424,26.727475736508495,34.62230705056572,true
134,no-pause-80,open_loop,80,4041,4041,80.82,16.604637058622757,59.31481499194706,82.3057288126729,110.68441666656145,true
134,no-pause-80,closed_loop,80,3952,3951,79.04,10.180871355931231,21.95465329669969,29.574395397481567,54.36304993162776,true
135,no-pause-80,open_loop,80,4001,4001,80.02,16.78926596407473,51.920498427141865,81.59014819533331,126.17578411187424,true
135,no-pause-80,closed_loop,80,3956,3955,79.12,10.056843207268685,20.86190090083437,28.37618261710304,43.841974030656274,true
136,no-pause-80,open_loop,80,4054,4049,81.08,17.167576889609336,52.9694994182355,79.61678361993108,111.52970353328055,true
136,no-pause-80,closed_loop,80,3955,3955,79.1,9.993915064431349,21.32978081454712,30.775878730659315,42.96249703508511,true
137,no-pause-80,open_loop,80,4001,4001,80.02,16.979781950300094,53.422080814321816,75.58684677293058,93.7576950024959,true
137,no-pause-80,closed_loop,80,3953,3952,79.06,10.061190061023808,21.620098278304795,29.406749633220898,46.066565048395205,true
138,no-pause-80,open_loop,80,3965,3965,79.3,17.500217505643377,48.609736007601896,69.1662425887589,121.80095043880829,true
138,no-pause-80,closed_loop,80,3954,3953,79.08,10.17396550077683,21.355395222060906,28.884417478933756,40.708787970368576,true
139,no-pause-80,open_loop,80,3986,3985,79.72,18.127258482072648,64.32881690239083,88.96768355831591,111.85154085631075,true
139,no-pause-80,closed_loop,80,3949,3948,78.98,10.25029976539372,22.355792377566104,30.15820479337708,43.998396233793756,true
140,no-pause-80,open_loop,80,4026,4024,80.52,17.17598726601136,55.83401544541266,84.50578559367568,111.12679172906064,true
140,no-pause-80,closed_loop,80,3961,3961,79.22,10.00519633119984,20.533487595130282,26.981518039530783,36.0432426286643,true
141,no-pause-80,open_loop,80,4025,4023,80.5,17.409191573815406,58.62396459446609,87.36711500970705,152.02750803725212,true
141,no-pause-80,closed_loop,80,3955,3954,79.1,10.021605657580949,21.50934808207967,28.934939167360426,48.351361553279276,true
142,no-pause-80,open_loop,80,4026,4026,80.52,16.827485174268077,55.84541484705551,81.21361029102991,107.85794864837226,true
142,no-pause-80,closed_loop,80,3954,3953,79.08,10.102914406146738,21.70108660641199,29.19775192627276,45.842217938712565,true
143,no-pause-80,open_loop,80,3969,3963,79.38,17.92219842045597,66.69193305435329,91.47306436452345,122.88236862073245,true
143,no-pause-80,closed_loop,80,3959,3958,79.18,10.109433230078139,20.585941582881787,27.52216451563072,44.51390817016363,true
144,no-pause-80,open_loop,80,3980,3976,79.6,16.6548225839324,54.785759360616794,73.82496166800411,95.54158401854511,true
144,no-pause-80,closed_loop,80,3953,3953,79.06,10.205031305042212,21.25192228857486,28.51262837401009,47.61865911030327,true
145,no-pause-80,open_loop,80,3890,3888,77.8,16.863132178805245,54.807043964123295,75.811569403475,97.55421797265808,true
145,no-pause-80,closed_loop,80,3959,3958,79.18,9.996925030700368,20.912936942891974,28.57968403407176,41.58124805877014,true
146,no-pause-80,open_loop,80,3988,3986,79.76,16.381090231298003,59.08649727664306,102.69714256681982,173.7620040100046,false
146,no-pause-80,closed_loop,80,3955,3955,79.1,10.059789467344672,20.963248750093044,28.26435037884403,44.46056867081643,true
147,no-pause-80,open_loop,80,4095,4093,81.9,18.453706661210163,59.10577293035021,91.40618408735463,119.915869499775,true
147,no-pause-80,closed_loop,80,3959,3958,79.18,9.933018654028274,20.5370170501119,27.262879794827313,45.719245035950735,true
148,no-pause-80,open_loop,80,4025,4023,80.5,17.037714887688708,53.753539565317624,96.10558420146845,151.81814906773798,true
148,no-pause-80,closed_loop,80,3963,3962,79.26,9.813345293743623,19.934924394721747,26.276166073083004,39.9343813789601,true
149,no-pause-80,open_loop,80,4142,4140,82.84,18.115183793226606,55.97386020158956,81.25418992104096,107.8679969204859,true
149,no-pause-80,closed_loop,80,3965,3965,79.3,9.87656926195632,19.360277639621927,25.616217403781775,42.07224393036449,true
150,no-pause-80,open_loop,80,3976,3975,79.52,15.786200194299454,49.67232864580728,67.39762591223916,98.24702602626348,true
150,no-pause-80,closed_loop,80,3953,3952,79.06,10.041720421460923,22.045024622922938,30.81406880938448,45.9744898958088,true
151,no-pause-80,open_loop,80,3924,3921,78.48,16.154116083265762,47.64321838957403,66.17728170594637,97.71737902591849,true
151,no-pause-80,closed_loop,80,3954,3953,79.08,10.169025372881151,21.944009327497042,29.464883265754906,47.284842084780394,true
152,no-pause-80,open_loop,80,4012,4012,80.24,16.784382576955977,50.96984106996388,68.15145385613687,90.78076805648016,true
152,no-pause-80,closed_loop,80,3962,3962,79.24,9.835873346353765,20.495013812098478,27.72665743433754,39.97782763031137,true
153,no-pause-80,open_loop,80,3908,3907,78.16,16.181513796218496,46.87708160411421,65.39420987405902,92.78747963464411,true
153,no-pause-80,closed_loop,80,3953,3952,79.06,10.155775543789787,21.357914690677717,28.57605720382162,47.99410425501992,true
154,no-pause-80,open_loop,80,3911,3911,78.22,16.57620171662711,52.77995282970733,69.7730264156562,95.71020245485124,true
154,no-pause-80,closed_loop,80,3956,3956,79.12,9.93804667580116,21.20582172684226,28.321803745762736,42.495387049340934,true
155,no-pause-80,open_loop,80,3910,3908,78.2,15.847349573399697,47.90685335685339,69.38859192411473,103.39216200373994,true
155,no-pause-80,closed_loop,80,3951,3949,79.02,10.223498465755256,21.741051401084405,28.372669118562044,38.5332832509157,true
156,no-pause-80,open_loop,80,3932,3931,78.64,16.5047820225991,55.49109143584792,78.11778430371851,111.02951522413059,true
156,no-pause-80,closed_loop,80,3955,3953,79.1,10.03726078911859,21.650000657362398,29.74881216940412,51.372109457151964,true
157,no-pause-80,open_loop,80,3973,3973,79.46,17.027117728714074,53.31654620725749,77.421349847893,112.7833324426174,true
157,no-pause-80,closed_loop,80,3959,3959,79.18,9.96663786553836,20.796933398589317,25.936036847982905,35.31490263996238,true
158,no-pause-80,open_loop,80,4125,4125,82.5,17.838170257087768,53.490540060924104,79.65479731785308,148.4148762961995,true
158,no-pause-80,closed_loop,80,3958,3957,79.16,10.109212460403796,20.53696472266165,26.704611084256612,36.129313869307225,true
159,no-pause-80,open_loop,80,4048,4047,80.96,17.032487524942553,51.879442583274795,71.31160811935843,97.43475628471788,true
159,no-pause-80,closed_loop,80,3953,3951,79.06,10.192080509859807,22.626154074849183,31.42664985270676,45.15454502031389,true
160,no-pause-80,open_loop,80,4008,4002,80.16,15.749284551362507,48.47686351950688,74.05372904950855,105.90744358680604,true
160,no-pause-80,closed_loop,80,3953,3952,79.06,10.298875553846301,21.261904298848094,30.262618834894965,43.36236220932915,true
161,no-pause-80,open_loop,80,3976,3972,79.52,16.81743552365515,52.83220974038704,79.04744333495182,139.22427338898706,true
161,no-pause-80,closed_loop,80,3954,3954,79.08,9.994878612880711,21.83893183258988,29.30798926690477,45.84095450966561,true
162,no-pause-80,open_loop,80,4007,4007,80.14,16.85284368491557,58.169440951205615,84.95506327944167,118.7305157124938,true
162,no-pause-80,closed_loop,80,3960,3959,79.2,9.89136072502697,20.38986470042437,28.078532189792895,40.745214287575436,true
163,no-pause-80,open_loop,80,3888,3885,77.76,16.04804197788326,50.905177285079844,71.40614557875597,99.46645140070905,true
163,no-pause-80,closed_loop,80,3954,3953,79.08,10.068972913933976,21.796319868823048,28.5960884117776,51.77089699338103,true
164,no-pause-80,open_loop,80,4004,4004,80.08,16.52011219852284,50.927974967060436,69.11086546835577,101.10013668359898,true
164,no-pause-80,closed_loop,80,3958,3957,79.16,10.107151102258285,20.498633196868468,27.81757432907034,40.033617637524,true
165,no-pause-80,open_loop,80,4051,4049,81.02,16.130967984121526,49.10795844801032,69.21546003498952,111.06854277489037,true
165,no-pause-80,closed_loop,80,3954,3953,79.08,10.150849173762253,21.777257697634923,28.329529369992088,38.21296612791775,true
166,no-pause-80,open_loop,80,4006,4003,80.12,16.910040638576902,50.723523186425155,74.31488509724295,111.25020997180582,true
166,no-pause-80,closed_loop,80,3960,3960,79.2,9.900336532351503,20.6598553175063,26.864362513304513,53.550021595969156,true
167,no-pause-80,open_loop,80,4033,4030,80.66,17.80283034126478,57.03128086122888,81.11355177142832,101.88272662814416,true
167,no-pause-80,closed_loop,80,3951,3950,79.02,10.224094228145987,22.705852885745117,29.02679874700334,54.55741237747134,true
168,no-pause-80,open_loop,80,4021,4018,80.42,16.853813597146655,51.56535532619455,80.22801927212276,108.95894197940652,true
168,no-pause-80,closed_loop,80,3950,3949,79,10.35675999202067,22.269815701365587,29.012821997388528,37.741017110514804,true
169,no-pause-80,open_loop,80,4028,4027,80.56,16.091361998100183,50.76535606732432,77.47291791166936,131.1727020366452,true
169,no-pause-80,closed_loop,80,3958,3957,79.16,10.029845352364646,20.534193995008536,26.371117763505026,35.613869539705775,true
170,no-pause-80,open_loop,80,4058,4056,81.16,17.017765281267202,52.076899628478714,70.96893755369456,87.49358057394056,true
170,no-pause-80,closed_loop,80,3953,3952,79.06,10.01359783398948,21.87771220337163,29.20717804787273,46.3570322453088,true
171,no-pause-80,open_loop,80,4011,4009,80.22,17.102487339203435,54.395064887645276,74.90887863444004,125.91336765471351,true
171,no-pause-80,closed_loop,80,3955,3954,79.1,10.13913045021036,21.59400848651785,28.973923377147003,43.5900038500331,true
172,no-pause-80,open_loop,80,3997,3996,79.94,17.254024284273328,53.67721086812526,72.00288738341987,97.32588861964723,true
172,no-pause-80,closed_loop,80,3956,3955,79.12,9.961883647538343,21.793529519214644,29.284163325795816,45.562306680069014,true
173,no-pause-80,open_loop,80,4033,4030,80.66,17.012843805743614,55.643530066987296,84.92220010701567,136.35911724306789,true
173,no-pause-80,closed_loop,80,3951,3951,79.02,10.21971115226188,21.82113635745918,29.430844373764558,50.58215018923511,true
174,no-pause-80,open_loop,80,4027,4025,80.54,18.364796117453807,57.94071696496576,82.06651796447841,118.28344319843018,true
174,no-pause-80,closed_loop,80,3954,3954,79.08,10.074581445885997,21.084011440118047,28.75724949659343,42.810230519244215,true
175,no-pause-80,open_loop,80,3995,3992,79.9,17.204993324583484,61.01102717586036,85.2135366664952,102.94127360871062,true
175,no-pause-80,closed_loop,80,3957,3957,79.14,9.929087581323984,20.933168682066025,28.81091394985924,52.70785191626055,true
176,no-pause-80,open_loop,80,3993,3992,79.86,16.48823714540049,49.411860849570076,77.02623624918124,114.51717586709674,true
176,no-pause-80,closed_loop,80,3949,3948,78.98,10.28266796173557,22.299853091608384,29.278161415670183,46.886779370877775,true
177,no-pause-80,open_loop,80,3902,3899,78.04,16.081441625115986,51.04326599189517,68.56114854537736,98.84335173372529,true
177,no-pause-80,closed_loop,80,3959,3958,79.18,9.910543708741898,20.572426968166837,27.16064282433217,39.214036534129264,true
178,no-pause-80,open_loop,80,3969,3967,79.38,16.896600191372272,51.254811030696146,74.44763669002714,104.85977198786713,true
178,no-pause-80,closed_loop,80,3962,3960,79.24,9.960820883206907,20.14573467415903,27.21423754022544,42.36862871955236,true
179,no-pause-80,open_loop,80,4001,3999,80.02,17.382054308443912,57.19261091860244,121.080830856994,164.21294327209762,false
179,no-pause-80,closed_loop,80,3955,3954,79.1,10.09136656724877,21.389665482181954,28.993324674022006,47.05008048743912,true
180,no-pause-80,open_loop,80,4015,4013,80.3,17.135449678582518,52.55513863969827,88.11843934925855,121.61574524414755,true
180,no-pause-80,closed_loop,80,3955,3955,79.1,10.140294753531634,21.762818627103115,29.331201094832068,38.59281425976951,true
181,no-pause-80,open_loop,80,3957,3955,79.14,17.062463001682772,55.373145945392025,93.08468323204579,130.57978685211856,true
181,no-pause-80,closed_loop,80,3957,3957,79.14,10.080311202640587,21.111817722281558,27.80819534444163,40.257219905328384,true
182,no-pause-80,open_loop,80,4028,4028,80.56,16.620653545238383,52.02469059994837,72.98910372614046,106.82775003175266,true
182,no-pause-80,closed_loop,80,3958,3956,79.16,10.235438000308932,21.251944377523614,27.76099113390046,35.293570206114964,true
183,no-pause-80,open_loop,80,3869,3869,77.38,15.279303401104698,45.43195261587243,58.270579802945576,107.2560000575395,true
183,no-pause-80,closed_loop,80,3958,3957,79.16,10.013250857711682,20.858537096733926,28.080530418708804,40.21352590814786,true
184,no-pause-80,open_loop,80,3948,3947,78.96,16.38607769617738,49.134636928141845,83.19569361132017,108.47313040294466,true
184,no-pause-80,closed_loop,80,3959,3959,79.18,9.905623266517068,20.678327812083808,28.10780927306041,41.14550385771145,true
185,no-pause-80,open_loop,80,4029,4029,80.58,16.545974279519214,51.44361196832324,76.42915354307479,114.18160962042384,true
185,no-pause-80,closed_loop,80,3951,3951,79.02,10.203759313175397,22.10679437163708,30.599993901971175,51.48817469120695,true
186,no-pause-80,open_loop,80,4081,4081,81.62,17.669735448191204,58.497685809779796,98.19854382672929,122.31538193015876,true
186,no-pause-80,closed_loop,80,3965,3964,79.3,9.97366148790752,19.250996303460852,24.61058338679868,38.49034585256595,true
187,no-pause-80,open_loop,80,4065,4065,81.3,17.202726439187245,57.6936847833731,81.05464100521203,107.12534591638541,true
187,no-pause-80,closed_loop,80,3954,3953,79.08,10.22074316209546,21.32931731176359,28.146496949062566,43.72075460933411,true
188,no-pause-80,open_loop,80,4027,4027,80.54,16.887777054645994,52.00630635939888,73.35217662148352,100.328271437691,true
188,no-pause-80,closed_loop,80,3955,3954,79.1,10.189375508707599,21.665284120619617,29.747312823797984,42.927323499969134,true
189,no-pause-80,open_loop,80,3955,3952,79.1,16.630227053716226,53.6384173082115,80.51516601307958,125.39925558312825,true
189,no-pause-80,closed_loop,80,3952,3952,79.04,10.111180706138839,22.270805255364394,29.075450054844623,46.57762836643087,true
190,no-pause-80,open_loop,80,3975,3974,79.5,16.71584720003011,49.55068816978746,68.04795256401849,115.69643214726239,true
190,no-pause-80,closed_loop,80,3952,3951,79.04,10.191258160928555,21.023695737148955,28.554685326520485,43.18596245378285,true
191,no-pause-80,open_loop,80,3973,3973,79.46,16.418267814318824,52.67782312532654,72.9695928325309,136.44597576915112,true
191,no-pause-80,closed_loop,80,3957,3956,79.14,10.011871112175868,20.803270957665518,28.544589725373953,43.36938561133866,true
192,no-pause-80,open_loop,80,3994,3991,79.88,16.746660336808418,50.38900725085114,76.42759448445031,136.95436371727374,true
192,no-pause-80,closed_loop,80,3956,3956,79.12,10.089920999602327,21.213546474391478,29.159182883428002,41.71264179369609,true
193,no-pause-80,open_loop,80,4090,4089,81.8,17.547217809955328,54.90963127461873,79.07521834468935,146.6106770323604,true
193,no-pause-80,closed_loop,80,3953,3953,79.06,10.189846449902689,21.63827681940893,27.671235879366577,35.78600342779828,true
194,no-pause-80,open_loop,80,4016,4011,80.32,17.756704599947625,76.89663158699113,111.86810505792528,182.12893038306356,false
194,no-pause-80,closed_loop,80,3954,3952,79.08,10.276192694756901,21.50011665765487,27.605000311130425,38.517271338807404,true
195,no-pause-80,open_loop,80,4097,4097,81.94,18.587945953855524,61.382126675096515,92.56922560792009,128.23305185804202,true
195,no-pause-80,closed_loop,80,3956,3956,79.12,10.162207643064903,21.098725337797077,27.00225992326523,44.59486182132241,true
196,no-pause-80,open_loop,80,3945,3945,78.9,16.650324073147203,51.40716584463007,73.88083713872402,115.90406427262496,true
196,no-pause-80,closed_loop,80,3956,3956,79.12,10.098006892807462,21.3793978538597,28.754467128759643,49.75187315190669,true
197,no-pause-80,open_loop,80,3945,3944,78.9,16.937398744510574,59.19759522111053,105.02102772161743,179.7806424698647,false
197,no-pause-80,closed_loop,80,3950,3948,79,10.235181659802038,21.9304536480995,29.153084762110666,48.936470913904486,true
198,no-pause-80,open_loop,80,3911,3908,78.22,15.74714939777914,54.12072240316047,72.02670732198021,101.7270669710997,true
198,no-pause-80,closed_loop,80,3960,3960,79.2,10.023697452888882,20.49107997520332,26.887638259417145,41.103469734494865,true
199,no-pause-80,open_loop,80,3963,3962,79.26,17.091045624118124,58.71229983093508,84.74518554395763,108.6109526781438,true
199,no-pause-80,closed_loop,80,3955,3954,79.1,10.138419796792732,20.761163899525855,28.06764571397798,45.963060007910826,true
200,no-pause-80,open_loop,80,4091,4091,81.82,18.080278645262297,63.426418967992504,92.90172019365127,126.17120907965,true
200,no-pause-80,closed_loop,80,3956,3955,79.12,10.07104945355968,21.420042068044495,28.224367899143544,42.742006507724,true
201,no-pause-80,open_loop,80,3968,3965,79.36,17.04817850021209,51.108933068340775,71.58416975662112,115.64816008183698,true
201,no-pause-80,closed_loop,80,3955,3955,79.1,10.147593987850996,20.728482321115735,27.594760592975945,48.15065480420526,true
202,no-pause-80,open_loop,80,3965,3963,79.3,16.3426442544951,54.04705087693583,76.22924862961736,122.49133238615104,true
202,no-pause-80,closed_loop,80,3949,3949,78.98,10.320891860839765,21.610755731966492,29.49968506465484,51.37414391049606,true
203,no-pause-80,open_loop,80,3986,3985,79.72,17.017564701087394,54.684938504957245,79.00240197619496,114.57256271432561,true
203,no-pause-80,closed_loop,80,3948,3946,78.96,10.314673005741497,22.385713114674218,30.681403298382065,50.34269426288665,true
204,no-pause-80,open_loop,80,3959,3958,79.18,16.959785416656814,55.70565500448356,71.67324565539457,117.00742136123517,true
204,no-pause-80,closed_loop,80,3948,3946,78.96,10.330236775764206,23.029021141883277,32.86718318425119,52.06896465665341,true
205,no-pause-80,open_loop,80,3879,3879,77.58,15.274558187127695,47.10113865456515,68.76680588318777,94.43431062976379,true
205,no-pause-80,closed_loop,80,3961,3959,79.22,9.952147478590632,20.36405455737986,27.53726410764284,42.18034946536136,true
206,no-pause-80,open_loop,80,3991,3991,79.82,16.498579698509275,59.52314367998042,96.85322227147844,123.62659863737827,true
206,no-pause-80,closed_loop,80,3949,3948,78.98,10.214252832432976,22.811098796504666,31.86652201974357,50.46660030861676,true
207,no-pause-80,open_loop,80,4075,4072,81.5,19.350540239825932,65.00057135177485,93.43101152794407,114.24085785726493,true
207,no-pause-80,closed_loop,80,3950,3950,79,10.229566928206623,21.86015177336958,30.52883731237671,40.64336389728123,true
208,no-pause-80,open_loop,80,4107,4106,82.14,17.713989799791307,61.1714647502813,92.36451192083769,139.17632695383145,true
208,no-pause-80,closed_loop,80,3951,3951,79.02,10.153006322951114,21.82981264218688,31.331306727013725,43.213028830476105,true
209,no-pause-80,open_loop,80,3965,3963,79.3,16.455240298921126,54.40040875030536,84.68623938821838,144.7404192373142,true
209,no-pause-80,closed_loop,80,3955,3954,79.1,10.131034121841367,21.237601401882785,30.70693177681096,44.93597415078693,true
210,no-pause-80,open_loop,80,3973,3970,79.46,15.33271000379682,49.33055775536195,65.92442692807526,102.89217158881365,true
210,no-pause-80,closed_loop,80,3957,3955,79.14,10.139245676131395,20.46667229490413,27.708654321766517,40.10786560956694,true
211,no-pause-80,open_loop,80,3951,3945,79.02,16.059125411105924,55.61725433715401,84.58112005339353,130.52278021470556,true
211,no-pause-80,closed_loop,80,3952,3952,79.04,10.168334018882888,21.93372011405154,29.476192547095707,44.06160700444525,true
212,no-pause-80,open_loop,80,4092,4090,81.84,17.73881123931642,57.68645084389573,87.67152590806654,114.12314493951271,true
212,no-pause-80,closed_loop,80,3960,3959,79.2,10.06467103392788,20.992182425361534,26.67828855740663,40.098290672394796,true
213,no-pause-80,open_loop,80,3887,3886,77.74,16.38225281441555,56.53532639655168,81.43681816495155,119.29919944624999,true
213,no-pause-80,closed_loop,80,3957,3956,79.14,10.131323238631012,20.870832393324235,27.548844292708964,44.88628794275428,true
214,no-pause-80,open_loop,80,4026,4025,80.52,16.749155093839363,51.283606386328756,78.84990421274415,101.14874766592402,true
214,no-pause-80,closed_loop,80,3959,3958,79.18,9.932563922164263,20.818377037321625,28.448579357507697,45.793250538859866,true
215,no-pause-80,open_loop,80,4161,4159,83.22,18.00633376398764,59.592913204549404,80.9690089311589,119.13919926177186,true
215,no-pause-80,closed_loop,80,3951,3950,79.02,10.195933517376034,21.570582554290013,28.071896642708452,44.79982185155677,true
216,no-pause-80,open_loop,80,3981,3977,79.62,17.461396303559013,57.40983019954001,89.91567393099103,115.38732668571902,true
216,no-pause-80,closed_loop,80,3961,3960,79.22,9.881775778889278,20.52342916350608,26.88921324966941,41.312927987381045,true
217,no-pause-80,open_loop,80,4007,4006,80.14,16.34275241812429,54.1441441190982,73.6595808360471,142.33944441359927,true
217,no-pause-80,closed_loop,80,3953,3952,79.06,10.097735973380622,22.696277949944488,30.44632281964732,38.688101277293754,true
218,no-pause-80,open_loop,80,4106,4106,82.12,17.70813509171421,52.055621672239795,78.14713817380834,108.25213948300006,true
218,no-pause-80,closed_loop,80,3952,3951,79.04,10.299510243985424,21.769005133155588,30.553262380475644,43.22203838772111,true
219,no-pause-80,open_loop,80,4025,4023,80.5,17.020070299433428,53.251069593272405,69.85910945709475,93.51566135839676,true
219,no-pause-80,closed_loop,80,3952,3951,79.04,10.162547123582044,21.842749159026425,29.981527319721863,50.44636573731259,true
220,no-pause-80,open_loop,80,3982,3981,79.64,16.323695612078154,55.89975423133001,97.11353232114925,130.47221362462733,true
220,no-pause-80,closed_loop,80,3955,3955,79.1,10.179064948912128,21.376439202416805,27.617935568578105,44.57212259605876,true
221,no-pause-80,open_loop,80,3965,3964,79.3,16.83086077295593,52.70770551794703,72.35259279639286,108.94125978587545,true
221,no-pause-80,closed_loop,80,3952,3951,79.04,10.263591074013675,21.564815673764315,29.06287201003397,50.6947289549862,true
222,no-pause-80,open_loop,80,4044,4042,80.88,17.120695261630317,63.34408726302354,106.356965420895,157.7510589657395,false
222,no-pause-80,closed_loop,80,3952,3949,79.04,10.11964088366949,21.954883456586685,29.525939867693523,52.272621852382144,true
223,no-pause-80,open_loop,80,4031,4030,80.62,17.490830120157625,57.59292683385138,80.10941378241114,166.76251780561688,true
223,no-pause-80,closed_loop,80,3956,3955,79.12,10.148595375583682,21.302363009905093,27.95613753534417,39.381173592024425,true
224,no-pause-80,open_loop,80,3997,3995,79.94,16.85670542862499,54.67912999096734,76.29444742304622,101.49466709482294,true
224,no-pause-80,closed_loop,80,3952,3952,79.04,10.331838027530466,21.38819532118214,30.86190328572411,52.573525516763766,true
225,no-pause-80,open_loop,80,3989,3985,79.78,16.393383395938145,49.98260069778917,71.0939634032693,100.13526640960117,true
225,no-pause-80,closed_loop,80,3944,3944,78.88,10.445854642268387,22.834224512531364,30.880799136357382,44.00406857001508,true
226,no-pause-80,open_loop,80,3941,3941,78.82,15.967598400933639,52.32168771663419,69.71630577733231,97.93864929124902,true
226,no-pause-80,closed_loop,80,3954,3954,79.08,10.137971827356523,21.408342881361023,28.53864553261519,43.01441695740505,true
227,no-pause-80,open_loop,80,3982,3980,79.64,17.188889048473357,59.3211619888898,93.262334874933,172.6059728941982,true
227,no-pause-80,closed_loop,80,3956,3956,79.12,10.045382852651528,21.28950411949336,29.554993601108436,38.281654596146836,true
228,no-pause-80,open_loop,80,4141,4140,82.82,18.038931408209464,54.787531081463385,87.46874956261308,133.29842315915448,true
228,no-pause-80,closed_loop,80,3952,3951,79.04,10.266171151066374,22.174605673426413,29.837057382588682,48.124489222318516,true
229,no-pause-80,open_loop,80,4048,4048,80.96,16.633133034789353,56.13484383468676,104.05708548409893,142.2004817415218,false
229,no-pause-80,closed_loop,80,3951,3950,79.02,10.283431147683586,22.126233631506693,30.10556521849503,43.1858143623831,true
230,no-pause-80,open_loop,80,3992,3992,79.84,16.51437134409207,60.85180700958881,89.73427094108047,119.76530151339102,true
230,no-pause-80,closed_loop,80,3950,3949,79,10.311744507493131,21.870243561621464,28.689731328053313,37.64542220203657,true
231,no-pause-80,open_loop,80,3977,3976,79.54,15.648844125382311,50.21816525540635,70.99400681230327,100.37977384813712,true
231,no-pause-80,closed_loop,80,3952,3951,79.04,10.312313465188709,21.32700378691152,28.35988956712754,41.94273952630465,true
232,no-pause-80,open_loop,80,4016,4016,80.32,16.966303105764382,58.83848003150342,105.58134018744022,181.6345325371003,false
232,no-pause-80,closed_loop,80,3960,3959,79.2,10.04255419979745,20.051562230572017,26.32519811711245,35.383593495120294,true
233,no-pause-80,open_loop,80,4086,4086,81.72,18.401890940385783,57.299225638656935,80.5254145856743,151.12333161963033,true
233,no-pause-80,closed_loop,80,3952,3952,79.04,10.40341841701229,21.6779535702226,28.153353401119602,42.931680200315895,true
234,no-pause-80,open_loop,80,3941,3940,78.82,16.828292865440744,58.377468390266586,97.95913055007986,144.1556230682836,true
234,no-pause-80,closed_loop,80,3960,3959,79.2,9.972690944559872,20.34386935236398,26.21909469421371,46.26068437365757,true
235,no-pause-80,open_loop,80,4040,4039,80.8,17.04392234671832,52.48256193063571,82.86443666940067,120.21692181471735,true
235,no-pause-80,closed_loop,80,3956,3954,79.12,9.94565548189712,21.46881206864782,28.258417863697105,44.053858153321926,true
236,no-pause-80,open_loop,80,3965,3962,79.3,16.682766829915636,52.30124616172543,71.07994688536564,92.24946583774727,true
236,no-pause-80,closed_loop,80,3958,3958,79.16,9.959532990651496,20.95907469145459,27.524804202344967,43.88671611063546,true
237,no-pause-80,open_loop,80,3954,3953,79.08,17.096001191646792,55.250486864686536,96.38802372109785,145.9147347992257,true
237,no-pause-80,closed_loop,80,3953,3952,79.06,10.028436030377634,21.702906918289955,28.523930764960824,36.397710638579156,true
238,no-pause-80,open_loop,80,3994,3993,79.88,16.466074705400388,51.340582290878956,76.52566306610242,117.78740719808411,true
238,no-pause-80,closed_loop,80,3955,3954,79.1,10.191806550436013,20.988591640096274,27.682756063244597,46.26042876675638,true
239,no-pause-80,open_loop,80,3851,3851,77.02,15.930004319361615,49.994376949907746,77.52145201102394,105.72750220393937,true
239,no-pause-80,closed_loop,80,3958,3958,79.16,9.952688620309345,20.924958634997893,27.91758387491791,36.242049326418055,true
240,no-pause-80,open_loop,80,4115,4107,82.3,18.27414946472709,60.212306668072415,82.18846682914955,102.96614812419284,true
240,no-pause-80,closed_loop,80,3954,3953,79.08,10.115976449320442,21.49056896138063,29.328541924449382,47.985148811523686,true
241,no-pause-80,open_loop,80,4132,4126,82.64,17.918352548891562,60.92646138830605,86.28230502153747,139.4915392683415,true
241,no-pause-80,closed_loop,80,3963,3961,79.26,9.816897442080517,20.177810044026046,27.622077982334304,43.647598159972404,true
242,no-pause-80,open_loop,80,4041,4040,80.82,16.512143326253863,51.71852798461259,76.68533308721817,117.52458743620082,true
242,no-pause-80,closed_loop,80,3963,3962,79.26,9.850451266473101,20.051873096163035,26.719076370529365,50.13869170155522,true
243,no-pause-80,open_loop,80,3967,3964,79.34,15.968622688873438,51.61527018054039,77.92024891127221,124.69775766862585,true
243,no-pause-80,closed_loop,80,3954,3953,79.08,10.09618678386687,21.32233685247047,27.630844733099366,37.91399922020355,true
244,no-pause-80,open_loop,80,4101,4101,82.02,18.32918272329698,70.80120579508366,108.5081876708573,140.33389754503878,false
244,no-pause-80,closed_loop,80,3956,3956,79.12,10.225043876100244,20.86673394697209,27.91740558231686,39.29093127773376,true
245,no-pause-80,open_loop,80,4007,4006,80.14,17.015886561501247,49.14291761878121,66.6852423018172,85.59351423759654,true
245,no-pause-80,closed_loop,80,3960,3959,79.2,9.92215681743619,20.602949652478856,28.342628498896374,50.22395001255063,true
246,no-pause-80,open_loop,80,3896,3893,77.92,16.13064334830233,51.635810139872774,85.58102199019777,115.13642656198135,true
246,no-pause-80,closed_loop,80,3950,3949,79,10.324497959496512,21.96984178855928,27.19500902418804,39.971760827156686,true
247,no-pause-80,open_loop,80,4024,4024,80.48,16.89490140647831,56.503668983732496,78.47761398624061,146.29864488068415,true
247,no-pause-80,closed_loop,80,3961,3961,79.22,9.926230732511613,20.149704425042728,25.51681115043175,37.34695113058115,true
248,no-pause-80,open_loop,80,3909,3905,78.18,15.914052839565556,50.075986928299244,67.75423501488876,86.37004669960152,true
248,no-pause-80,closed_loop,80,3955,3953,79.1,10.162633608095348,21.157148102392966,28.086598765235976,45.648933540214784,true
249,no-pause-80,open_loop,80,4089,4087,81.78,17.712521350069437,55.858540117122175,81.87062665468693,117.52041637674847,true
249,no-pause-80,closed_loop,80,3959,3959,79.18,10.162283449608367,20.4905238032934,26.792528376146947,48.71557025183574,true
250,no-pause-80,open_loop,80,3845,3844,76.9,15.582162870610773,45.07498418237083,60.61876588132873,83.14198020705226,true
250,no-pause-80,closed_loop,80,3957,3956,79.14,10.183338380975329,21.22509067946521,27.745338028718834,48.45220999438607,true
251,no-pause-80,open_loop,80,4017,4017,80.34,16.176203526581958,52.80216949516762,71.11201491453903,97.41114563937299,true
251,no-pause-80,closed_loop,80,3952,3950,79.04,10.278515394427814,21.619292556013534,29.185118449378933,53.10332971593016,true
252,no-pause-80,open_loop,80,3928,3927,78.56,16.521184229291975,55.023236238943355,79.19456304160849,99.24835039956452,true
252,no-pause-80,closed_loop,80,3956,3955,79.12,10.114138217562868,20.804158574246685,27.080344880763732,42.03897085384233,true
253,no-pause-80,open_loop,80,3996,3994,79.92,17.080497341274167,51.020401620357006,79.52086631895509,111.29366931231198,true
253,no-pause-80,closed_loop,80,3953,3952,79.06,10.142442828138883,21.442859786802728,28.54305672695773,48.155638886397355,true
254,no-pause-80,open_loop,80,3979,3978,79.58,16.18463018100738,50.99393816649899,77.00121327240777,118.36641583191522,true
254,no-pause-80,closed_loop,80,3951,3950,79.02,10.263840601481206,21.98175498533783,28.115273725350562,39.97764283440483,true
255,no-pause-80,open_loop,80,4031,4029,80.62,17.177888765647367,67.00074029885218,91.52512974687852,141.31208808733027,true
255,no-pause-80,closed_loop,80,3960,3959,79.2,9.934985515232256,20.87106980085082,27.110816855871235,41.27095671836287,true
256,no-pause-80,open_loop,80,3998,3998,79.96,16.91198293029447,50.96405116269307,68.18409507202159,102.84572005894006,true
256,no-pause-80,closed_loop,80,3958,3957,79.16,10.05676858654624,20.566161454145913,28.219734185746347,48.26356797509652,true
257,no-pause-80,open_loop,80,3913,3913,78.26,15.66158358110988,52.185835467113066,77.40589932727016,105.60783806055042,true
257,no-pause-80,closed_loop,80,3954,3953,79.08,10.293057456721726,21.457195934945048,27.897648277481494,38.75500654993084,true
258,no-pause-80,open_loop,80,4083,4083,81.66,17.594659247588424,57.212421241551056,81.1000602968561,137.33001641040573,true
258,no-pause-80,closed_loop,80,3958,3957,79.16,9.929557188883336,20.888578076577687,28.610955929027114,52.52829030438261,true
259,no-pause-80,open_loop,80,4023,4020,80.46,18.085600303238607,65.39245336071326,96.80334224807302,119.09019495175744,true
259,no-pause-80,closed_loop,80,3955,3954,79.1,10.219012304623902,21.60832909653982,26.84129039922118,36.56251462635555,true
260,no-pause-80,open_loop,80,3871,3870,77.42,15.790745308373516,54.43407203615061,78.72561290649173,114.80855826949119,true
260,no-pause-80,closed_loop,80,3959,3958,79.18,10.011317065438561,20.58416327302257,27.640184705272986,40.61022948376922,true
261,no-pause-80,open_loop,80,3945,3944,78.9,15.462871995565365,47.6456766789488,76.8137976702692,104.54916813639102,true
261,no-pause-80,closed_loop,80,3961,3961,79.22,9.827842539983976,20.450963385461364,26.396688371260097,34.495358952874085,true
262,no-pause-80,open_loop,80,4071,4070,81.42,18.168539104575757,57.47026839123282,100.04519237625937,158.68184388995724,false
262,no-pause-80,closed_loop,80,3957,3955,79.14,10.13772933493965,21.139544495312293,27.394547011735995,46.95062404651253,true
263,no-pause-80,open_loop,80,3970,3968,79.4,16.176464970489178,45.59012027246354,75.62721968372352,117.96656130974588,true
263,no-pause-80,closed_loop,80,3955,3955,79.1,10.222294251361745,21.349396455436363,28.473568364875973,40.542134655072005,true
264,no-pause-80,open_loop,80,4060,4058,81.2,17.559475405600097,56.135672184485884,78.79851554783818,112.99902979632316,true
264,no-pause-80,closed_loop,80,3952,3952,79.04,10.382061485081067,21.76068341304199,27.88108361909508,42.014017322377185,true
265,no-pause-80,open_loop,80,3941,3939,78.82,17.599569140824315,62.83519457300281,93.81534373242175,134.9216196191701,true
265,no-pause-80,closed_loop,80,3953,3952,79.06,10.066896282114612,22.488794516058988,29.298964256318868,40.38619749544887,true
266,no-pause-80,open_loop,80,3982,3978,79.64,16.963209651741636,53.85846885299361,73.97101602335897,100.97433871144312,true
266,no-pause-80,closed_loop,80,3954,3954,79.08,10.043917808901824,21.350252752396045,28.5835256330829,45.84650905548915,true
267,no-pause-80,open_loop,80,3984,3984,79.68,16.874549205676885,54.59793345052094,83.2522424919589,126.71087013010037,true
267,no-pause-80,closed_loop,80,3959,3959,79.18,10.06133746534033,20.293053687739302,26.92730824582395,42.61410832346155,true
268,no-pause-80,open_loop,80,3920,3918,78.4,16.335543096422043,49.870875939806865,69.46764817955409,95.7871162927404,true
268,no-pause-80,closed_loop,80,3954,3953,79.08,10.169992021219514,21.622377657498873,27.58392301169806,39.88399401737115,true
269,no-pause-80,open_loop,80,4041,4041,80.82,17.07030315436714,54.31726253027591,77.45375571947079,110.03474291128805,true
269,no-pause-80,closed_loop,80,3960,3958,79.2,10.159533470017777,19.94330711465591,25.851012252074725,37.77868226485225,true
270,no-pause-80,open_loop,80,4003,3995,80.06,16.091182628450042,50.22023731421723,69.51917964287713,93.9125546632713,true
270,no-pause-80,closed_loop,80,3956,3956,79.12,10.037806521948369,21.645927190103976,29.55011679204472,40.90632009757246,true
271,no-pause-80,open_loop,80,4019,4017,80.38,16.252912471527452,51.578125383424776,89.54256419738886,157.73694189734852,true
271,no-pause-80,closed_loop,80,3954,3953,79.08,10.180685147548502,21.412116636362043,27.000398092637624,36.95857548455024,true
272,no-pause-80,open_loop,80,4008,4006,80.16,16.551109666263073,50.20572277410611,77.34663022027235,119.56688740572281,true
272,no-pause-80,closed_loop,80,3961,3959,79.22,10.037759650273074,20.279317397529667,26.59274208568968,37.4866745555737,true
273,no-pause-80,open_loop,80,3983,3982,79.66,16.309586103823676,50.79187826726775,69.82248784560943,101.412534363335,true
273,no-pause-80,closed_loop,80,3954,3953,79.08,10.217387052256527,21.6855780775295,27.36958306505403,39.01882385608042,true
274,no-pause-80,open_loop,80,3882,3880,77.64,16.287763469888887,50.98286368930712,72.91108673316194,95.16616640556822,true
274,no-pause-80,closed_loop,80,3954,3953,79.08,10.179583708115388,21.49958668900217,28.5401112539912,43.35092685148993,true
275,no-pause-80,open_loop,80,4008,4008,80.16,17.166157247658703,62.96398488217528,96.45602696084461,146.95292658633116,true
275,no-pause-80,closed_loop,80,3958,3956,79.16,10.072737758378935,20.679729230287194,26.479101844815887,38.87021157608979,true
276,no-pause-80,open_loop,80,4027,4027,80.54,17.804784821288195,58.23975325693391,86.90887883831965,120.16670982732103,true
276,no-pause-80,closed_loop,80,3951,3950,79.02,10.310169953256263,21.873283243483456,28.773173577828857,48.34544415228447,true
277,no-pause-80,open_loop,80,3924,3924,78.48,17.32797924010083,60.42414086403005,95.41822400606907,120.07387785281753,true
277,no-pause-80,closed_loop,80,3959,3959,79.18,9.850519383893698,20.49185864890387,27.83237232893225,39.522551963054866,true
278,no-pause-80,open_loop,80,4062,4059,81.24,17.643067177159537,67.04685720870111,100.68848921702738,173.77805547920798,false
278,no-pause-80,closed_loop,80,3948,3947,78.96,10.22137189856221,22.823729458847083,29.98223636613693,49.54294993398071,true
279,no-pause-80,open_loop,80,4042,4042,80.84,17.389063802183955,52.26572675324496,79.38167957530823,127.90825034064073,true
279,no-pause-80,closed_loop,80,3961,3960,79.22,9.890665282178816,20.61019313982979,26.475599518093077,38.62933278807759,true
280,no-pause-80,open_loop,80,3959,3959,79.18,16.914910055205837,52.62462199048605,74.6836986079361,101.84417070228847,true
280,no-pause-80,closed_loop,80,3951,3950,79.02,10.458600544807268,21.796423141247942,27.78594139888446,40.644198803885956,true
281,no-pause-80,open_loop,80,4051,4049,81.02,17.39676802858594,64.8217127984608,95.90868804238198,140.22875392479546,true
281,no-pause-80,closed_loop,80,3960,3958,79.2,9.973478455496661,20.771256128940877,27.925195130432257,51.61516977089195,true
282,no-pause-80,open_loop,80,4045,4045,80.9,17.74572393282324,64.48485986946616,98.69276483631984,131.1756406436034,true
282,no-pause-80,closed_loop,80,3954,3953,79.08,10.17601897604618,21.35168725087169,28.83346106038516,41.8121368611246,true
283,no-pause-80,open_loop,80,3926,3922,78.52,16.83455914374099,58.440637935404084,87.0173951018296,131.9199692152324,true
283,no-pause-80,closed_loop,80,3956,3955,79.12,10.022767012946133,21.656206469531753,29.752922575440607,42.15836754858174,true
284,no-pause-80,open_loop,80,4043,4040,80.86,16.359068644276704,55.98393874368776,90.98531974754587,116.0038106760112,true
284,no-pause-80,closed_loop,80,3952,3951,79.04,9.992320823082991,21.825574230715574,30.10513490629819,40.5949423753118,true
285,no-pause-80,open_loop,80,3962,3962,79.24,17.768059356043523,61.788400807748985,86.81646454399743,121.07094012897869,true
285,no-pause-80,closed_loop,80,3955,3954,79.1,10.140596944635035,21.116011174170126,27.566340573030175,42.736508145419066,true
286,no-pause-80,open_loop,80,3948,3947,78.96,15.99304878714247,48.262037811822665,69.98367361464261,93.08553529897108,true
286,no-pause-80,closed_loop,80,3948,3948,78.96,10.306168281676946,22.69868418322585,32.795857867353334,57.463685150723904,true
287,no-pause-80,open_loop,80,4015,4015,80.3,17.30967270613837,54.52552045624179,73.99766038063171,135.181048117538,true
287,no-pause-80,closed_loop,80,3950,3947,79,10.290818752910127,22.492643245008367,29.625265986476734,40.704204169982404,true
288,no-pause-80,open_loop,80,3932,3930,78.64,16.041172033641487,50.1289399265188,68.80005336452814,90.14656636200016,true
288,no-pause-80,closed_loop,80,3955,3954,79.1,10.169005019666656,21.09104292214579,27.796238919625466,50.94153327938693,true
289,no-pause-80,open_loop,80,4115,4115,82.3,17.37640611110328,53.14151954951376,73.26162188717535,97.75576281602844,true
289,no-pause-80,closed_loop,80,3950,3949,79,10.260950668358419,21.873498155782727,28.836225660219498,38.539292683541134,true
290,no-pause-80,open_loop,80,3948,3945,78.96,16.86166534414224,62.483846049050044,101.87564111784741,133.9605140263884,false
290,no-pause-80,closed_loop,80,3955,3954,79.1,10.14010818089082,21.385150871770747,29.73369940183693,48.290732283028774,true
291,no-pause-80,open_loop,80,4099,4097,81.98,18.309495919609617,54.21383974444325,81.8823048633385,141.1534357447872,true
291,no-pause-80,closed_loop,80,3956,3956,79.12,10.042769073013915,21.236527925822884,28.907922300568316,39.31421642271016,true
292,no-pause-80,open_loop,80,3995,3994,79.9,16.40718501086667,52.94667312360252,75.11196870996719,114.81838661481015,true
292,no-pause-80,closed_loop,80,3955,3955,79.1,10.148448495790944,20.80428819311419,27.13458018782694,42.26716257915541,true
293,no-pause-80,open_loop,80,4070,4070,81.4,17.209583637755713,52.637686325580944,74.8203061375898,108.5529066451636,true
293,no-pause-80,closed_loop,80,3955,3955,79.1,10.10742927649153,21.4101738367317,27.67931041378324,45.02207441184146,true
294,no-pause-80,open_loop,80,4067,4067,81.34,17.23180320877691,53.6089410932982,73.62983595068908,95.32963059697795,true
294,no-pause-80,closed_loop,80,3956,3955,79.12,10.120112100739789,21.29759733418905,28.575922025929685,37.734497606965306,true
295,no-pause-80,open_loop,80,4033,4032,80.66,17.466605291432643,58.72814973651475,75.00426097249147,105.21818164873912,true
295,no-pause-80,closed_loop,80,3957,3957,79.14,10.033844024284917,21.314074898886247,28.78822727035913,51.533149431892525,true
296,no-pause-80,open_loop,80,3924,3921,78.48,16.655825990925223,53.681445801594236,75.7574374655087,98.57900707530644,true
296,no-pause-80,closed_loop,80,3953,3952,79.06,10.203310203876754,21.266809291704703,28.276480644984986,45.12711790117828,true
297,no-pause-80,open_loop,80,3977,3977,79.54,16.82561219678246,55.7760588201636,81.63168945906364,105.19265405015176,true
297,no-pause-80,closed_loop,80,3955,3953,79.1,10.197040666957037,21.530163296289174,27.537976053194143,43.36439943403457,true
298,no-pause-80,open_loop,80,4087,4086,81.74,18.121875750664913,59.17788870484219,84.6836099245993,118.38733580748521,true
298,no-pause-80,closed_loop,80,3957,3956,79.14,10.125144201248986,21.04137957905914,28.129831077249037,42.34377881414548,true
299,no-pause-80,open_loop,80,4030,4029,80.6,17.284424659628712,54.056834227825675,78.20228497619792,109.96887355730723,true
299,no-pause-80,closed_loop,80,3953,3953,79.06,10.288004864913091,21.186225243014633,29.3310864805826,39.167273243328964,true
300,no-pause-80,open_loop,80,4064,4064,81.28,18.222167652082135,58.808801993203815,89.87117486719217,141.94071570654341,true
300,no-pause-80,closed_loop,80,3956,3955,79.12,10.136658216739306,20.937263420113595,27.208566867739137,40.02111106988741,true
301,no-pause-80,open_loop,80,3997,3992,79.94,16.669921765824256,52.36879818268062,86.21158249224754,111.99184430981404,true
301,no-pause-80,closed_loop,80,3954,3953,79.08,10.214272178782267,20.98697075016389,28.574910859115334,44.988235121742036,true
302,no-pause-80,open_loop,80,4023,4023,80.46,18.028399426242686,56.0743968022507,71.78972945774876,102.16493441971761,true
302,no-pause-80,closed_loop,80,3954,3953,79.08,10.018220202990051,22.20451296421379,29.35389728703194,42.72196551595698,true
303,no-pause-80,open_loop,80,3964,3964,79.28,16.45902976221987,55.643125146954844,82.69921595910273,149.43330069856893,true
303,no-pause-80,closed_loop,80,3953,3952,79.06,10.193781527614192,21.67581136631634,30.744055824849056,52.15467563258062,true
304,no-pause-80,open_loop,80,4041,4040,80.82,18.401212621683953,60.23616358994332,97.29000104668376,186.19333332198948,true
304,no-pause-80,closed_loop,80,3960,3958,79.2,10.160475764831062,20.289832801952798,27.29863999222289,44.04684389457543,true
305,no-pause-80,open_loop,80,4007,4005,80.14,17.156618212473404,52.081487465919054,68.92559493123554,107.37424444594217,true
305,no-pause-80,closed_loop,80,3950,3950,79,10.213509968682047,21.567215190087154,28.757533431509728,44.38299798469234,true
306,no-pause-80,open_loop,80,4020,4018,80.4,17.69239274829306,55.01190452824085,71.91657659161501,99.25566559511572,true
306,no-pause-80,closed_loop,80,3960,3958,79.2,10.166192408509232,20.67893101401387,26.355315848224564,43.51969109081983,true
307,no-pause-80,open_loop,80,3994,3994,79.88,17.0137573185566,54.09645431233366,81.58179606554586,107.70200747604758,true
307,no-pause-80,closed_loop,80,3954,3954,79.08,10.03502914832643,21.413212156527152,27.90148915786267,40.716802029179235,true
308,no-pause-80,open_loop,80,4060,4060,81.2,16.393999911742867,54.7381559212954,80.2405471819111,122.86577774472971,true
308,no-pause-80,closed_loop,80,3964,3963,79.28,9.888837294616678,19.81633223091194,25.790387486864347,39.362886396891554,true
309,no-pause-80,open_loop,80,3880,3874,77.6,16.465682390909933,50.44054085035168,69.680625291061,106.44273138798235,true
309,no-pause-80,closed_loop,80,3953,3953,79.06,10.079365534133103,21.960661098972196,27.935432867212512,39.91862140167359,true
310,no-pause-80,open_loop,80,3961,3959,79.22,16.06856969315413,47.24638739235161,65.12342861014622,83.36472248212522,true
310,no-pause-80,closed_loop,80,3958,3957,79.16,9.985154201640398,20.96926043035637,28.33037159423111,42.46148069168703,true
311,no-pause-80,open_loop,80,4011,4007,80.22,18.46138390897977,63.69542157804244,100.21130901906145,155.16962091672394,false
311,no-pause-80,closed_loop,80,3955,3954,79.1,10.162290594602382,20.66292955177778,28.306342828596826,39.2878111071841,true
312,no-pause-80,open_loop,80,3960,3959,79.2,16.756744473481376,58.139282586518675,102.64559692134208,161.38920760209658,false
312,no-pause-80,closed_loop,80,3956,3956,79.12,10.105831717322872,21.242665801481053,28.945801928864967,42.830133109582675,true
313,no-pause-80,open_loop,80,3951,3949,79.02,16.302524033959344,54.696889919385285,77.65888117500435,104.99019515814143,true
313,no-pause-80,closed_loop,80,3960,3959,79.2,10.078010416109464,20.145121813882724,26.387995160479477,38.484342252719216,true
314,no-pause-80,open_loop,80,3916,3916,78.32,16.260264288321196,53.8742584382926,75.54460221857153,108.66407949357017,true
314,no-pause-80,closed_loop,80,3963,3961,79.26,9.878560098986782,20.241549550075433,27.386177653628692,33.99405702341028,true
315,no-pause-80,open_loop,80,3921,3920,78.42,16.261989983806416,54.92622107802163,73.68029842070246,115.81813927752228,true
315,no-pause-80,closed_loop,80,3954,3954,79.08,10.207865615331684,21.538694249724358,28.766813458074466,44.98657502476999,true
316,no-pause-80,open_loop,80,4041,4041,80.82,17.74405502812442,59.51465202196414,83.27784983014863,120.70113083603064,true
316,no-pause-80,closed_loop,80,3947,3946,78.94,10.432616292519015,22.507361654701526,28.49660995072918,65.24439023821105,true
317,no-pause-80,open_loop,80,4007,4006,80.14,16.414183665139717,64.52935556307057,94.30495057592634,127.27553891811112,true
317,no-pause-80,closed_loop,80,3958,3956,79.16,9.971425370582438,20.96036167418788,27.81286162167089,42.035053321755186,true
318,no-pause-80,open_loop,80,4076,4076,81.52,17.51370198820223,65.00696653799241,107.11375365996355,142.314781103727,false
318,no-pause-80,closed_loop,80,3950,3950,79,10.245290854487394,22.502906913468905,29.941350743238218,50.05754479501411,true
319,no-pause-80,open_loop,80,3914,3914,78.28,16.330615387480066,50.939914136550215,68.78547827586954,101.6223775448234,true
319,no-pause-80,closed_loop,80,3953,3952,79.06,10.113193757315457,22.105472124330845,30.21510369401949,45.46108523861767,true
320,no-pause-80,open_loop,80,4026,4024,80.52,17.062813478391035,55.31664868517328,87.49641750054434,117.31805358884594,true
320,no-pause-80,closed_loop,80,3960,3959,79.2,9.852893214498181,21.020342649604572,28.766338766356057,46.414361808510876,true
1,sparse-pause-80,open_loop,80,4017,4016,80.34,20.11262180081394,219.72772883942525,268.6665796480502,322.251115791536,false
1,sparse-pause-80,closed_loop,80,3771,3770,75.42,10.562614605471026,31.850210761709604,257.8051977662617,277.0611956855246,false
2,sparse-pause-80,open_loop,80,4002,4001,80.04,20.814959978146362,218.06547210476856,282.43519001079767,343.0459457261495,false
2,sparse-pause-80,closed_loop,80,3773,3772,75.46,10.861680300069565,30.88461633395491,249.65643693311358,273.57990939780575,false
3,sparse-pause-80,open_loop,80,4042,4040,80.84,20.724740509969706,208.44448158911837,271.2855725161826,302.7707117581522,false
3,sparse-pause-80,closed_loop,80,3785,3784,75.7,10.531610930924217,29.378442250177613,244.55423228277505,266.30337463830074,false
4,sparse-pause-80,open_loop,80,4042,4029,80.84,22.71889051172002,219.39796942147223,268.6973748311066,296.93226311847684,false
4,sparse-pause-80,closed_loop,80,3753,3752,75.06,10.475498498417437,33.72581995080691,258.5461674112157,283.667608695916,false
5,sparse-pause-80,open_loop,80,4043,4017,80.86,22.101941861496016,209.52090819941805,269.453049867534,315.09037456793885,false
5,sparse-pause-80,closed_loop,80,3767,3758,75.34,10.419514597873786,34.420588334025524,251.95686992524134,270.8629530097169,false
6,sparse-pause-80,open_loop,80,4072,4059,81.44,23.239470032658573,242.3504626281374,285.69507690724276,336.8651940444033,false
6,sparse-pause-80,closed_loop,80,3762,3749,75.24,10.926188732701121,40.60396024184229,253.6133644669244,281.73695570438576,false
7,sparse-pause-80,open_loop,80,3940,3940,78.8,18.481575067582526,193.6246343038547,263.16546468507295,282.4075357025067,false
7,sparse-pause-80,closed_loop,80,3788,3787,75.76,10.524210094939917,30.415469416897395,251.79594267799803,274.67362588392643,false
8,sparse-pause-80,open_loop,80,3930,3925,78.6,20.625074879040767,218.22898437517142,273.10229616691504,296.6973325136569,false
8,sparse-pause-80,closed_loop,80,3763,3756,75.26,10.495204046106664,36.20879119271558,255.9035161333959,285.87625774864136,false
9,sparse-pause-80,open_loop,80,4072,4071,81.44,22.232395593200636,235.99140151830943,290.36362477716466,319.7477048092114,false
9,sparse-pause-80,closed_loop,80,3768,3767,75.36,10.626302376855165,34.6820392140944,250.96225807390147,277.12124117709755,false
10,sparse-pause-80,open_loop,80,4020,4012,80.4,20.22673978111561,214.63480436273676,283.2168155051222,351.91925604707285,false
10,sparse-pause-80,closed_loop,80,3772,3772,75.44,10.48156138819104,34.09362796817004,249.59702337082126,269.5546183596325,false
11,sparse-pause-80,open_loop,80,4031,4031,80.62,21.562682242365554,180.78897225121182,283.2113990419439,365.59693708927443,false
11,sparse-pause-80,closed_loop,80,3767,3765,75.34,10.652885819479707,33.35600479718414,250.4417913223515,265.17985261687863,false
12,sparse-pause-80,open_loop,80,4018,4014,80.36,21.41493417690799,223.48392483541465,269.02692608812504,323.7606342167128,false
12,sparse-pause-80,closed_loop,80,3771,3771,75.42,10.636525725494721,30.13394102345046,258.32816328961235,286.4973615841591,false
13,sparse-pause-80,open_loop,80,4076,4075,81.52,22.46923728891852,230.71934056175087,276.9946439590931,328.47317811231187,false
13,sparse-pause-80,closed_loop,80,3775,3774,75.5,10.464195038795879,29.049304143854897,245.19046263226846,275.47278001977975,false
14,sparse-pause-80,open_loop,80,3870,3869,77.4,18.831098668208142,203.6041349984207,275.2637911001875,312.3062013016752,false
14,sparse-pause-80,closed_loop,80,3771,3770,75.42,10.576475854504679,33.31657290272415,247.62740855554148,279.5403551515483,false
15,sparse-pause-80,open_loop,80,3983,3982,79.66,20.69418509516254,205.45457359075954,269.08607913025844,319.8156266746155,false
15,sparse-pause-80,closed_loop,80,3771,3769,75.42,10.49774606390929,28.660231971778558,252.23356792487175,273.42024210710224,false
16,sparse-pause-80,open_loop,80,3933,3928,78.66,21.153618400989217,220.94855904718133,262.9474914642615,287.7217692872582,false
16,sparse-pause-80,closed_loop,80,3768,3768,75.36,10.660330370890733,34.83752361477673,251.1055966371132,279.4729750255701,false
17,sparse-pause-80,open_loop,80,3992,3991,79.84,20.77243395106052,221.24209250680724,271.4365839369693,324.7909387756299,false
17,sparse-pause-80,closed_loop,80,3792,3792,75.84,10.386659486510325,29.2997816961215,247.73077429901605,271.780502036323,false
18,sparse-pause-80,open_loop,80,3958,3936,79.16,20.050953941012267,208.8206398683542,278.6425314065091,302.22444980077125,false
18,sparse-pause-80,closed_loop,80,3771,3759,75.42,10.850037708420132,32.74629990495487,243.02204618792894,273.6350844274202,false
19,sparse-pause-80,open_loop,80,4091,4064,81.82,22.913172457789187,181.75420678470982,259.9322405126841,304.76775996274955,false
19,sparse-pause-80,closed_loop,80,3762,3754,75.24,10.452980207730434,32.1955612146412,250.77971921959397,275.9445641623752,false
20,sparse-pause-80,open_loop,80,4015,4015,80.3,21.788322171032632,221.9796794580834,273.26299873243624,339.9644645942535,false
20,sparse-pause-80,closed_loop,80,3765,3764,75.3,10.942871140665375,33.240308718479355,255.76024136761407,278.4120288321501,false
21,sparse-pause-80,open_loop,80,4002,3979,80.04,21.446327676610963,211.1295270329647,277.4787234386022,322.9601776812997,false
21,sparse-pause-80,closed_loop,80,3761,3754,75.22,10.764813941055763,37.776389249680506,253.5882330677341,279.08487639417217,false
22,sparse-pause-80,open_loop,80,4042,4039,80.84,23.149184680449252,261.96946249225584,323.12472828570753,362.0308204432513,false
22,sparse-pause-80,closed_loop,80,3767,3759,75.34,10.781535629466816,37.80290096101089,255.08342896626345,303.5803313791039,false
23,sparse-pause-80,open_loop,80,3982,3981,79.64,20.37082551955973,220.89700727484887,271.65355513141185,322.1348806380556,false
23,sparse-pause-80,closed_loop,80,3765,3765,75.3,10.861427951138467,30.876089520650567,252.541968133497,269.3976503506856,false
24,sparse-pause-80,open_loop,80,4001,3998,80.02,21.587206177606276,223.0016462608619,278.8058255593496,324.78907303610686,false
24,sparse-pause-80,closed_loop,80,3781,3781,75.62,10.358442460448714,29.403102404838137,255.29545482073445,291.449214704975,false
25,sparse-pause-80,open_loop,80,4026,4006,80.52,20.77199034692603,216.66783946914074,279.0975900548183,321.6096313994567,false
25,sparse-pause-80,closed_loop,80,3765,3755,75.3,10.85478060994501,37.18402324914496,246.6810405369979,270.5872812564339,false
26,sparse-pause-80,open_loop,80,3899,3873,77.98,19.640475484546187,189.00012650441204,265.97757751997415,360.27665037503175,false
26,sparse-pause-80,closed_loop,80,3769,3755,75.38,10.848793550663686,30.44726041688409,256.1877925017325,272.6193702222663,false
27,sparse-pause-80,open_loop,80,4086,4069,81.72,22.088870996543847,197.31696491273033,268.8004039669813,325.1425997856277,false
27,sparse-pause-80,closed_loop,80,3768,3758,75.36,10.948608853177575,32.25473781789333,249.86169081759726,294.0833341612524,false
28,sparse-pause-80,open_loop,80,4096,4088,81.92,22.411384766175615,223.08521610244497,259.66147281461235,282.10038954093034,false
28,sparse-pause-80,closed_loop,80,3771,3764,75.42,10.497756874865445,31.485683210135903,248.8179059353788,285.80959525043727,false
29,sparse-pause-80,open_loop,80,4113,4110,82.26,22.55507199397107,199.64730972162943,270.23023834660125,296.55804026616534,false
29,sparse-pause-80,closed_loop,80,3769,3768,75.38,10.970456933479,32.88650626625531,239.89282540792192,262.5082473109869,false
30,sparse-pause-80,open_loop,80,4092,4086,81.84,23.15892568385607,237.2059166553954,288.8964261791698,319.31915244045376,false
30,sparse-pause-80,closed_loop,80,3772,3770,75.44,10.697794229996362,31.509048417197846,250.6711312002517,274.0180727171901,false
31,sparse-pause-80,open_loop,80,3939,3936,78.78,19.637171426147688,233.8066756623848,288.13884424474236,329.2469893353482,false
31,sparse-pause-80,closed_loop,80,3781,3780,75.62,10.455136339121964,27.824879987856548,247.90163776005647,268.73384319278557,false
32,sparse-pause-80,open_loop,80,4076,4061,81.52,19.7897645437115,223.67202251165145,281.183529105263,316.631747107087,false
32,sparse-pause-80,closed_loop,80,3786,3776,75.72,10.55451858046581,32.0708418712602,251.83483970237285,277.0919125006694,false
33,sparse-pause-80,open_loop,80,3986,3982,79.72,21.338801728772523,174.5067491421505,251.5184065344074,310.4069324794218,false
33,sparse-pause-80,closed_loop,80,3780,3779,75.6,10.80493169994952,28.255336782232916,256.29912266117026,277.5119272302145,false
34,sparse-pause-80,open_loop,80,3972,3956,79.44,22.312048286548816,229.31537590716835,296.9870714662611,387.2542543776108,false
34,sparse-pause-80,closed_loop,80,3772,3757,75.44,10.554574627960392,35.431342376405155,251.4566517411149,276.6236136633979,false
35,sparse-pause-80,open_loop,80,4010,3992,80.2,19.293448333970446,219.4250890586154,294.4282279929248,368.7237295408122,false
35,sparse-pause-80,closed_loop,80,3760,3748,75.2,10.761112421983853,32.287565140584775,250.3339013428922,280.694417040002,false
36,sparse-pause-80,open_loop,80,4011,4000,80.22,21.36292190909444,235.53024952005217,289.80037662950053,329.98415979788115,false
36,sparse-pause-80,closed_loop,80,3769,3757,75.38,10.678780749305588,34.32590058817004,252.3592894543981,271.06113310683577,false
37,sparse-pause-80,open_loop,80,3899,3883,77.98,20.550146231071267,214.4919078526218,285.7979840603457,351.9026927519408,false
37,sparse-pause-80,closed_loop,80,3758,3756,75.16,11.034846139977162,33.10133383185166,252.19434998750512,270.96367401772295,false
38,sparse-pause-80,open_loop,80,3909,3890,78.18,20.178545876289718,215.06463295861613,280.8072934431839,318.1345370729432,false
38,sparse-pause-80,closed_loop,80,3776,3775,75.52,10.609856599803607,29.57522604402766,249.32681391905135,270.94507953116045,false
39,sparse-pause-80,open_loop,80,3964,3964,79.28,19.909026153811283,198.19312978785456,266.95470712437964,305.09427589619736,false
39,sparse-pause-80,closed_loop,80,3770,3769,75.4,10.513409434614005,30.284772976347085,253.26037758299935,287.9342126505835,false
40,sparse-pause-80,open_loop,80,4082,4062,81.64,22.958619401062606,231.78073120245244,288.9883616302759,334.42253830618574,false
40,sparse-pause-80,closed_loop,80,3767,3766,75.34,10.59544707826717,35.74891961450339,252.53556391983875,278.0552243968923,false
41,sparse-pause-80,open_loop,80,4022,4011,80.44,22.10296145110624,218.91929697595333,270.64968226546625,312.02843131278496,false
41,sparse-pause-80,closed_loop,80,3768,3760,75.36,10.971991211561544,30.725718195368245,249.60290256387816,265.5956030937814,false
42,sparse-pause-80,open_loop,80,3960,3958,79.2,20.307296670169308,226.63498746584082,276.5737073398559,306.73855835850554,false
42,sparse-pause-80,closed_loop,80,3772,3771,75.44,10.450543673518041,30.997919944720707,250.82000515045365,267.4992960771706,false
43,sparse-pause-80,open_loop,80,3969,3961,79.38,20.216182694952295,207.0073950282749,301.95051700158183,357.18247304171746,false
43,sparse-pause-80,closed_loop,80,3769,3759,75.38,10.669669621493085,36.00101116593942,252.49638484820025,289.90181892070905,false
44,sparse-pause-80,open_loop,80,4061,4061,81.22,22.272264864288445,255.4831042643218,342.8445729888954,380.01404027405806,false
44,sparse-pause-80,closed_loop,80,3780,3778,75.6,10.363077898829943,31.188146937325655,246.2031989596435,276.2349080430795,false
45,sparse-pause-80,open_loop,80,3937,3914,78.74,20.04783665400464,225.28661085376189,288.66321666595104,336.547250665928,false
45,sparse-pause-80,closed_loop,80,3756,3748,75.12,10.88956231280281,39.16536676589749,254.1243076312894,271.1446331898296,false
46,sparse-pause-80,open_loop,80,4033,4012,80.66,21.65805773851025,206.82872673655947,255.6144895500911,326.1929382584276,false
46,sparse-pause-80,closed_loop,80,3767,3751,75.34,10.589030567192822,31.34595912153236,251.62150799946357,271.8756418905032,false
47,sparse-pause-80,open_loop,80,4115,4114,82.3,20.315450269721623,216.53593852772974,262.37300949512974,296.2035238808385,false
47,sparse-pause-80,closed_loop,80,3780,3779,75.6,10.721262165616281,33.07006207093582,252.63328665435256,290.3516811059526,false
48,sparse-pause-80,open_loop,80,3965,3943,79.3,21.877197280387918,233.21015473105217,273.70701182618177,298.9406061803711,false
48,sparse-pause-80,closed_loop,80,3765,3751,75.3,10.684875822593312,37.6950568586326,248.47237538491754,271.8555515807857,false
49,sparse-pause-80,open_loop,80,4045,4043,80.9,20.0420790387725,179.5907988582985,261.8387524718055,301.8841306360191,false
49,sparse-pause-80,closed_loop,80,3774,3774,75.48,10.762633269088838,28.268974664293637,248.73965085045347,271.37853052314676,false
50,sparse-pause-80,open_loop,80,4031,4028,80.62,21.09537871527573,192.1132790755728,270.118158197125,305.76444862398057,false
50,sparse-pause-80,closed_loop,80,3772,3771,75.44,10.830656268131861,31.681942217370306,248.27385938251246,277.8533035942819,false
51,sparse-pause-80,open_loop,80,4021,4019,80.42,20.321467627956736,201.08699405281368,276.8720300037894,324.7512486578835,false
51,sparse-pause-80,closed_loop,80,3772,3771,75.44,10.469390932012175,32.60500794185646,255.10072750541804,271.973200538112,false
52,sparse-pause-80,open_loop,80,4072,4058,81.44,23.205245917790307,220.40836069630313,283.9948673289837,330.2374578129966,false
52,sparse-pause-80,closed_loop,80,3757,3752,75.14,10.851139872531348,35.41257206422415,249.29553813963867,276.7865199463886,false
53,sparse-pause-80,open_loop,80,4055,4044,81.1,22.142468230253144,232.10061915359256,319.06714903582906,360.16358880982807,false
53,sparse-pause-80,closed_loop,80,3784,3778,75.68,10.433077205409063,30.447603545491802,256.4023232919935,278.82321630036313,false
54,sparse-pause-80,open_loop,80,4132,4132,82.64,23.324170463158225,231.575106235985,271.0821613541084,315.96216569708486,false
54,sparse-pause-80,closed_loop,80,3770,3769,75.4,10.799783900194598,37.713760370337695,245.60757655685484,272.38706513340003,false
55,sparse-pause-80,open_loop,80,3899,3899,77.98,18.28230315811379,216.34816590334958,266.4483741251788,326.17563845639233,false
55,sparse-pause-80,closed_loop,80,3774,3773,75.48,10.594566652962385,29.207416292985727,248.9581662469427,264.92142475810397,false
56,sparse-pause-80,open_loop,80,3942,3929,78.84,19.67762854492321,179.44484372617808,272.7443725079356,299.39781806748033,false
56,sparse-pause-80,closed_loop,80,3776,3764,75.52,10.408163489177241,34.80520062042342,254.3713220971331,279.7658734451761,false
57,sparse-pause-80,open_loop,80,3984,3982,79.68,20.002627506873978,215.69666654426328,281.66147178705796,339.1458813604404,false
57,sparse-pause-80,closed_loop,80,3778,3777,75.56,10.437310272051036,31.78383330910583,252.1691453471576,270.34920456186956,false
58,sparse-pause-80,open_loop,80,3930,3926,78.6,18.988667978101148,220.5932799007569,281.41088218158256,343.8118201256584,false
58,sparse-pause-80,closed_loop,80,3769,3768,75.38,10.753714724651218,32.802825706163276,256.11872863846656,296.8156080411936,false
59,sparse-pause-80,open_loop,80,3920,3920,78.4,19.478724349555705,202.471301554222,257.1076345675974,290.0654895895932,false
59,sparse-pause-80,closed_loop,80,3782,3780,75.64,10.543056651411462,28.104518124862807,249.87105425341724,272.7785410274955,false
60,sparse-pause-80,open_loop,80,4031,4028,80.62,22.018433481440297,180.70730322630152,268.11838430451826,312.33468186858954,false
60,sparse-pause-80,closed_loop,80,3761,3761,75.22,10.978666446215357,32.979112363784225,255.1251004255828,283.4439579441423,false
61,sparse-pause-80,open_loop,80,4058,4055,81.16,22.038322504535245,215.4408030068771,273.72457349284014,350.88999114169746,false
61,sparse-pause-80,closed_loop,80,3764,3764,75.28,10.816899507626658,32.847061750493594,252.37715412287253,270.9158176233541,false
62,sparse-pause-80,open_loop,80,4062,4062,81.24,21.349085361216567,219.66439097974217,303.11663347582544,340.8777995507626,false
62,sparse-pause-80,closed_loop,80,3777,3776,75.54,10.520323109987658,29.369614610761346,251.85457574771863,272.54625348063564,false
63,sparse-pause-80,open_loop,80,4121,4116,82.42,24.66188176835567,244.71281089158038,290.9346798910774,361.2066022633844,false
63,sparse-pause-80,closed_loop,80,3763,3762,75.26,10.797897256343276,34.820945448300336,252.04822486819648,275.07075327748316,false
64,sparse-pause-80,open_loop,80,4052,4051,81.04,26.110189195536805,235.89594088512604,284.9634072163317,324.3594604264654,false
64,sparse-pause-80,closed_loop,80,3772,3769,75.44,10.618345687325927,31.627168809871364,253.3503685800497,276.1210707305836,false
65,sparse-pause-80,open_loop,80,3946,3932,78.92,23.13144306425238,234.4499570930202,299.7135990756142,325.5095614851707,false
65,sparse-pause-80,closed_loop,80,3761,3754,75.22,10.641156522942765,37.076756160033256,253.8058636866008,273.6873781644972,false
66,sparse-pause-80,open_loop,80,3995,3992,79.9,20.17405031457747,201.27428180551578,269.8188343384645,320.64353487336666,false
66,sparse-pause-80,closed_loop,80,3775,3774,75.5,10.461449415204697,31.57106297599239,251.925346103395,270.96803053299664,false
67,sparse-pause-80,open_loop,80,4013,4013,80.26,22.41025690127026,236.65462602840853,273.94967189775343,296.00941517158935,false
67,sparse-pause-80,closed_loop,80,3765,3764,75.3,10.681942514434922,36.21631719500874,251.24043331936264,275.3270297240924,false
68,sparse-pause-80,open_loop,80,4009,4008,80.18,20.647058853319322,235.5644218708985,276.27459338242625,303.0328639036816,false
68,sparse-pause-80,closed_loop,80,3767,3767,75.34,10.895434812930034,30.531285031480365,255.5078699512669,270.7991844287899,false
69,sparse-pause-80,open_loop,80,4037,4037,80.74,21.728293344192934,222.34370269497595,283.22147783934633,343.3596305693645,false
69,sparse-pause-80,closed_loop,80,3785,3784,75.7,10.382995194526302,31.126820794450396,255.3056644786957,282.72418189472955,false
70,sparse-pause-80,open_loop,80,3989,3960,79.78,22.087797218337073,255.41388101138728,300.6014329962836,341.67181846646054,false
70,sparse-pause-80,closed_loop,80,3752,3752,75.04,10.821247133266297,34.603753265881096,252.29473837832847,265.8209244519312,false
71,sparse-pause-80,open_loop,80,3975,3975,79.5,20.535419321437075,204.78061803388118,287.77060204836016,342.22033028175065,false
71,sparse-pause-80,closed_loop,80,3766,3764,75.32,11.063459019242146,31.701898873587197,247.5108084501444,263.7837014634424,false
72,sparse-pause-80,open_loop,80,4085,4085,81.7,23.494863885989616,240.28860640156927,322.92584570439067,360.23897593860056,false
72,sparse-pause-80,closed_loop,80,3769,3768,75.38,10.629482651351282,35.09182827358018,256.8422001442086,274.8758913397942,false
73,sparse-pause-80,open_loop,80,3952,3937,79.04,20.171701421444595,220.2085907174187,266.0046122318963,297.8279744182073,false
73,sparse-pause-80,closed_loop,80,3768,3752,75.36,10.565760430512455,38.61275891944388,254.66979075507697,273.75296173180686,false
74,sparse-pause-80,open_loop,80,3955,3953,79.1,18.96133999949052,248.21264241311292,295.537650533759,320.95766449579605,false
74,sparse-pause-80,closed_loop,80,3776,3774,75.52,10.50340877063718,34.780390706861,252.73064474652347,271.11063001739967,false
75,sparse-pause-80,open_loop,80,3958,3958,79.16,20.69456195584644,219.9609623508877,286.78373642072984,335.709396700011,false
75,sparse-pause-80,closed_loop,80,3772,3771,75.44,10.600370198470046,31.228631961759675,248.46165163702244,267.75983232276485,false
76,sparse-pause-80,open_loop,80,4053,4051,81.06,19.677426913403906,243.43448023632664,275.66057936194557,303.5597068599891,false
76,sparse-pause-80,closed_loop,80,3770,3770,75.4,10.573825148279866,31.464398957898084,250.47146880472428,266.3565561559153,false
77,sparse-pause-80,open_loop,80,3909,3908,78.18,20.430380646997946,228.23284619063634,286.53167209201274,319.98032116457034,false
77,sparse-pause-80,closed_loop,80,3773,3772,75.46,10.725807351358526,33.02684004164621,239.75344477972249,266.6970443044047,false
78,sparse-pause-80,open_loop,80,3956,3937,79.12,21.67943775315507,214.50055355910445,267.2776762897338,371.0904976837701,false
78,sparse-pause-80,closed_loop,80,3763,3751,75.26,10.779212295106845,35.905970555799286,249.65766447186252,274.48005238914993,false
79,sparse-pause-80,open_loop,80,3970,3970,79.4,21.872048314275162,227.45443703480123,278.3816930214998,318.7068378548938,false
79,sparse-pause-80,closed_loop,80,3764,3763,75.28,10.805493513478723,37.224263528834854,252.17775258456095,271.6741530733925,false
80,sparse-pause-80,open_loop,80,3911,3894,78.22,20.71835090107197,225.4956072244422,282.04397805259396,309.595883574515,false
80,sparse-pause-80,closed_loop,80,3769,3757,75.38,10.900782350581721,38.540137239015166,249.61350370293803,271.10966190015824,false
81,sparse-pause-80,open_loop,80,4062,4062,81.24,23.47264844840538,237.95730908380938,284.0362474739086,336.246288776063,false
81,sparse-pause-80,closed_loop,80,3764,3763,75.28,10.789191510993987,34.784099031858204,256.0272827926674,282.33674925923697,false
82,sparse-pause-80,open_loop,80,3927,3927,78.54,21.186818250775104,233.42527843964308,272.27268018802715,360.85897382863914,false
82,sparse-pause-80,closed_loop,80,3763,3763,75.26,10.794611635821639,36.25201120896236,253.45490794305988,273.27468141116697,false
83,sparse-pause-80,open_loop,80,4016,4013,80.32,21.0773692689545,219.74780729573104,279.01912010617707,312.388699364732,false
83,sparse-pause-80,closed_loop,80,3773,3772,75.46,10.731746682398807,32.97504057391052,250.54442949648364,275.68276294846873,false
84,sparse-pause-80,open_loop,80,3992,3990,79.84,20.637938943124027,207.02603727951646,272.71969826515124,326.92157076094736,false
84,sparse-pause-80,closed_loop,80,3775,3773,75.5,10.814529440736806,30.704725236293598,255.10056669419282,281.78814488254466,false
85,sparse-pause-80,open_loop,80,3978,3974,79.56,21.377615569765112,190.22205530323117,275.12618698253937,321.28498290711286,false
85,sparse-pause-80,closed_loop,80,3786,3781,75.72,10.454731986101251,33.440537615460926,255.3859688074408,270.6012247314502,false
86,sparse-pause-80,open_loop,80,4028,4008,80.56,20.87309904013091,255.06886795653554,294.7259246398753,328.92983235631255,false
86,sparse-pause-80,closed_loop,80,3767,3755,75.34,10.895660391208366,36.20339477606103,258.42602436197376,273.1881107318186,false
87,sparse-pause-80,open_loop,80,3935,3917,78.7,20.854441686993596,225.8737427976448,275.9969957490357,322.92763479139103,false
87,sparse-pause-80,closed_loop,80,3770,3758,75.4,10.613396518368972,39.86357025246252,251.41714909300208,279.2883766183877,false
88,sparse-pause-80,open_loop,80,3985,3982,79.7,20.506397595177987,212.18006073273864,268.6513600983526,311.12067793247115,false
88,sparse-pause-80,closed_loop,80,3769,3764,75.38,10.796667345632159,32.52352252633682,246.88123259607892,274.01604574804514,false
89,sparse-pause-80,open_loop,80,4117,4100,82.34,23.012341958950856,213.08665499014205,279.3144815416963,313.8163901639491,false
89,sparse-pause-80,closed_loop,80,3767,3752,75.34,10.830542177071038,36.02535329491366,257.84863067024344,273.68086619094174,false
90,sparse-pause-80,open_loop,80,3969,3944,79.38,20.74449449952226,202.97496648548258,272.42410398494394,294.7893517882985,false
90,sparse-pause-80,closed_loop,80,3766,3766,75.32,10.625865840622282,33.00607207313442,247.81131135622127,274.1831745633099,false
91,sparse-pause-80,open_loop,80,4083,4081,81.66,22.216754410601425,207.93871004829816,264.0482940947986,301.6258728459288,false
91,sparse-pause-80,closed_loop,80,3786,3784,75.72,10.65459498108612,29.404282361290825,249.08332937776868,265.6257579037483,false
92,sparse-pause-80,open_loop,80,3928,3912,78.56,20.40108622018306,214.24064441948576,281.2354821833287,322.1318529896889,false
92,sparse-pause-80,closed_loop,80,3764,3748,75.28,11.003263578671977,36.3147684616888,255.40981261384877,283.2567318463334,false
93,sparse-pause-80,open_loop,80,4036,4036,80.72,22.671147868735716,228.8890332925548,265.6265727300488,319.4004601743236,false
93,sparse-pause-80,closed_loop,80,3771,3770,75.42,10.45430830942496,31.40922030912043,248.46563069472904,273.708920041463,false
94,sparse-pause-80,open_loop,80,3983,3981,79.66,19.910282569253468,247.87001091048114,341.5341692113507,384.75418025209365,false
94,sparse-pause-80,closed_loop,80,3768,3767,75.36,10.643511353075155,32.8215393019218,254.03179013548652,272.31025319662876,false
95,sparse-pause-80,open_loop,80,3974,3974,79.48,19.344024577963864,207.35776298237397,262.53846734454964,319.31946568456624,false
95,sparse-pause-80,closed_loop,80,3777,3774,75.54,10.537367763106886,35.81767974318791,247.99401751961705,273.8049599995211,false
96,sparse-pause-80,open_loop,80,3991,3962,79.82,19.941977480040805,240.96120239084485,288.6854278425453,317.49035189300776,false
96,sparse-pause-80,closed_loop,80,3768,3763,75.36,10.66107485962857,30.811701331971562,250.9367243830893,279.05669704869797,false
97,sparse-pause-80,open_loop,80,3951,3951,79.02,21.327004312839563,244.49408072707593,291.0797286212837,342.04069327930483,false
97,sparse-pause-80,closed_loop,80,3763,3762,75.26,10.864244056712778,34.79380613051762,251.48842111678096,271.8033210838985,false
98,sparse-pause-80,open_loop,80,3913,3912,78.26,20.71109423686721,228.91125976589683,263.00255185175774,303.9869964573081,false
98,sparse-pause-80,closed_loop,80,3771,3770,75.42,10.78050087709562,32.6110446101593,244.71867118743103,265.20758099118393,false
99,sparse-pause-80,open_loop,80,3926,3908,78.52,21.190197383959458,228.31209743714135,282.27104852336197,317.4312830298004,false
99,sparse-pause-80,closed_loop,80,3764,3756,75.28,10.741934779762232,32.18965849366941,253.42504367025685,273.9931775840232,false
100,sparse-pause-80,open_loop,80,4013,4013,80.26,20.14133697784564,222.75160214774405,279.2440977143051,339.0867559034268,false
100,sparse-pause-80,closed_loop,80,3771,3771,75.42,10.71323946022676,32.31379542277136,251.01625847041578,285.3574413989736,false
101,sparse-pause-80,open_loop,80,3870,3855,77.4,19.572894621116575,199.42066297522433,258.4788157771836,304.86228847431994,false
101,sparse-pause-80,closed_loop,80,3754,3738,75.08,10.89580564454809,38.35596570412599,257.1482048179678,286.2772285136889,false
102,sparse-pause-80,open_loop,80,3930,3923,78.6,18.463062595059455,210.4265570646021,265.889617059589,315.1195273594385,false
102,sparse-pause-80,closed_loop,80,3758,3747,75.16,10.819888547026494,40.82136567079215,252.22266371007572,273.717013061716,false
103,sparse-pause-80,open_loop,80,3969,3951,79.38,21.57702831561255,243.97450262762868,313.0128910584608,386.8282407286679,false
103,sparse-pause-80,closed_loop,80,3773,3757,75.46,10.852582925726892,32.71893667664699,249.47029419454338,263.98611855518175,false
104,sparse-pause-80,open_loop,80,4050,4037,81,21.837053234350606,203.0626521242957,261.8189958205803,296.59540441487843,false
104,sparse-pause-80,closed_loop,80,3755,3755,75.1,10.601627265208663,35.857152972210315,252.0123937619428,269.9417106080873,false
105,sparse-pause-80,open_loop,80,4104,4087,82.08,22.114000288369425,226.60914517580386,276.2114784026271,316.79156880503433,false
105,sparse-pause-80,closed_loop,80,3780,3764,75.6,11.107175712229946,32.4209478026678,251.9625350068527,275.8768890165302,false
106,sparse-pause-80,open_loop,80,3997,3996,79.94,21.080709480214864,207.46771270198224,261.4901192459729,299.2487226944504,false
106,sparse-pause-80,closed_loop,80,3772,3771,75.44,10.612024165006005,32.299849749862915,252.76613105786964,268.1582703408276,false
107,sparse-pause-80,open_loop,80,4141,4119,82.82,23.91636241827655,236.52282785693387,317.2156488127803,363.10495788493427,false
107,sparse-pause-80,closed_loop,80,3766,3752,75.32,10.461312816647478,32.320112089997565,251.42865501472988,277.37866461034355,false
108,sparse-pause-80,open_loop,80,3878,3878,77.56,18.511752119818993,194.69735916342324,263.5511165475691,300.89582117158716,false
108,sparse-pause-80,closed_loop,80,3767,3766,75.34,11.153551905677887,32.94667935853431,243.19406227398576,271.3921425948138,false
109,sparse-pause-80,open_loop,80,3977,3958,79.54,20.87112888378033,243.27745046706696,309.2161885725436,361.01880488519964,false
109,sparse-pause-80,closed_loop,80,3778,3762,75.56,10.86280423912467,31.099703886262432,249.9595883307993,265.62499816065974,false
110,sparse-pause-80,open_loop,80,4033,4032,80.66,20.81277156793294,202.663528848052,271.4379058669947,307.7160122165842,false
110,sparse-pause-80,closed_loop,80,3775,3774,75.5,10.590990868615336,30.607880752337223,252.96789977015214,269.5339981393663,false
111,sparse-pause-80,open_loop,80,4070,4048,81.4,21.081989064485242,219.20974838249094,271.922529950185,305.9966431376597,false
111,sparse-pause-80,closed_loop,80,3759,3744,75.18,10.743594386636687,39.21098131295548,249.53728646138552,274.44492461302434,false
112,sparse-pause-80,open_loop,80,4052,4047,81.04,21.61318210630634,245.32795213518875,293.04025000295223,319.9790907261213,false
112,sparse-pause-80,closed_loop,80,3766,3764,75.32,10.768457301644958,34.90859288304637,250.0610393661118,266.057000017081,false
113,sparse-pause-80,open_loop,80,3953,3944,79.06,19.24040772288572,168.3754982932951,256.78724377274193,322.3156123241497,false
113,sparse-pause-80,closed_loop,80,3769,3769,75.38,10.969684792384214,30.126487912100856,249.31694483264437,276.22558064528494,false
114,sparse-pause-80,open_loop,80,4047,4047,80.94,22.101046209209017,252.98875175049398,309.2055279750275,348.9680436614726,false
114,sparse-pause-80,closed_loop,80,3784,3783,75.68,10.595929448601964,29.98389459080863,256.4748944292951,287.8799103880938,false
115,sparse-pause-80,open_loop,80,3975,3964,79.5,21.285947894342826,228.4486212138363,278.4080498229632,304.2590920549519,false
115,sparse-pause-80,closed_loop,80,3770,3759,75.4,10.661778118348593,35.593187831331306,254.13839827941774,267.6671795546645,false
116,sparse-pause-80,open_loop,80,3948,3947,78.96,19.794217578564712,211.75515575796453,277.5933043148325,341.10014082969064,false
116,sparse-pause-80,closed_loop,80,3767,3767,75.34,10.673066677511088,33.04875427641309,254.71849876872147,277.0485820213289,false
117,sparse-pause-80,open_loop,80,4012,3995,80.24,21.673055749583,218.28310035078175,279.7271031049586,327.35845483995945,false
117,sparse-pause-80,closed_loop,80,3762,3753,75.24,10.658003923213982,34.18689856312267,253.72348974883062,274.7816768833418,false
118,sparse-pause-80,open_loop,80,4000,4000,80,20.968910801435413,203.63431839365876,278.83200200220745,325.0060269982023,false
118,sparse-pause-80,closed_loop,80,3777,3776,75.54,10.484602475436986,31.573727574010263,257.0662565366147,286.6597855917789,false
119,sparse-pause-80,open_loop,80,4069,4053,81.38,22.34844555046584,233.00880918268194,276.0579275425698,300.98904583560943,false
119,sparse-pause-80,closed_loop,80,3763,3750,75.26,10.71841663957457,35.884591785797966,253.38740170727397,278.40589682543214,false
120,sparse-pause-80,open_loop,80,4020,4004,80.4,20.34629538862646,222.64478506590967,268.1425377043488,300.9482068623802,false
120,sparse-pause-80,closed_loop,80,3769,3753,75.38,10.668641942997056,33.218354122107485,252.47541189038748,284.5174614591451,false
121,sparse-pause-80,open_loop,80,3966,3962,79.32,20.259138557114056,209.7146283442271,279.1874622787509,319.76270098669556,false
121,sparse-pause-80,closed_loop,80,3772,3764,75.44,10.62034656936521,33.03319290718355,249.79190207324064,269.4630818618425,false
122,sparse-pause-80,open_loop,80,4076,4046,81.52,21.256365341068886,198.1517028619819,282.77789349227896,374.2905702077478,false
122,sparse-pause-80,closed_loop,80,3767,3751,75.34,11.060334760422847,31.565430780727183,257.0961950570454,290.58939504190494,false
123,sparse-pause-80,open_loop,80,4040,4038,80.8,20.515211880934658,207.61984683017363,258.42143153535653,333.8964378467208,false
123,sparse-pause-80,closed_loop,80,3779,3778,75.58,10.565557718335185,30.756134406510682,247.40431496901874,271.1022425239571,false
124,sparse-pause-80,open_loop,80,4076,4061,81.52,20.671519806701326,205.14442822260207,283.04910328501865,318.4444307162412,false
124,sparse-pause-80,closed_loop,80,3767,3753,75.34,10.765760954716825,30.52329315717361,248.7127769153958,276.9363864603656,false
125,sparse-pause-80,open_loop,80,3964,3940,79.28,20.23024460349552,229.17719908463187,291.3172038958801,326.13306917738373,false
125,sparse-pause-80,closed_loop,80,3769,3753,75.38,10.496434894586855,35.743678992657806,255.45688783074365,283.39048179606107,false
126,sparse-pause-80,open_loop,80,4031,4005,80.62,19.855011334257142,220.54800782289385,265.95247508643297,289.2379126651649,false
126,sparse-pause-80,closed_loop,80,3768,3752,75.36,10.650831820217718,31.033402376342565,254.76741638247404,269.072189335413,false
127,sparse-pause-80,open_loop,80,4001,3998,80.02,20.036606516900065,230.03688199915632,316.33274718221946,357.39694680160756,false
127,sparse-pause-80,closed_loop,80,3763,3762,75.26,10.691403663062374,30.266348030374502,258.1156884698066,275.1993150207272,false
128,sparse-pause-80,open_loop,80,4054,4052,81.08,23.204379062408407,248.615136170396,284.6600424881908,342.51455010323116,false
128,sparse-pause-80,closed_loop,80,3765,3764,75.3,10.931222426472232,34.92864494654714,256.25616369461204,275.0845356816353,false
129,sparse-pause-80,open_loop,80,4032,4008,80.64,20.514141873660265,192.498969138549,267.2549080833687,294.77901712866515,false
129,sparse-pause-80,closed_loop,80,3768,3755,75.36,10.413550977733394,30.35427605503355,255.50524705636417,280.0525239697399,false
130,sparse-pause-80,open_loop,80,4085,4084,81.7,20.642549333213537,235.6163085279186,280.4114539065922,335.2527368531519,false
130,sparse-pause-80,closed_loop,80,3767,3765,75.34,10.815765211904363,33.06453433183924,249.97290450273067,273.6844048987623,false
131,sparse-pause-80,open_loop,80,4005,4004,80.1,20.879127968131797,238.7328722217062,269.5384977916765,291.3813883017792,false
131,sparse-pause-80,closed_loop,80,3770,3769,75.4,10.759688472626294,33.51960641533515,251.9663361104067,275.21321503678337,false
132,sparse-pause-80,open_loop,80,4042,4011,80.84,23.381350049639877,243.39852067713218,298.5716934738957,342.38469037834875,false
132,sparse-pause-80,closed_loop,80,3758,3757,75.16,10.476128455069556,36.270220512851665,254.87760839756083,272.7837123721183,false
133,sparse-pause-80,open_loop,80,3930,3930,78.6,19.773458298681362,224.23557683020408,272.9357002539109,328.9026949980762,false
133,sparse-pause-80,closed_loop,80,3771,3770,75.42,10.574139128024399,31.422961190201022,251.22777344787028,270.83471047868807,false
134,sparse-pause-80,open_loop,80,4041,4022,80.82,22.604227370877197,236.85879399885744,284.91144237657136,319.9736471635224,false
134,sparse-pause-80,closed_loop,80,3762,3746,75.24,10.858158140748856,37.675565119810926,249.70412823132938,275.18607645508746,false
135,sparse-pause-80,open_loop,80,4001,3980,80.02,20.63461898191599,197.5988339885298,257.64355682768837,301.72070099831035,false
135,sparse-pause-80,closed_loop,80,3773,3757,75.46,10.73263447628051,33.63344790745032,252.69874801421975,268.7960226922187,false
136,sparse-pause-80,open_loop,80,4054,4049,81.08,21.7652647595678,223.84256928197283,273.59694531054083,312.2206351106506,false
136,sparse-pause-80,closed_loop,80,3774,3773,75.48,10.548983745298756,30.352681538439356,252.70911616338708,273.3577547631139,false
137,sparse-pause-80,open_loop,80,4001,3995,80.02,21.067153768450225,230.2469760239983,269.28238652885193,328.0964164694451,false
137,sparse-pause-80,closed_loop,80,3770,3758,75.4,10.605530228938733,35.11377724278282,250.4284994798145,277.26532921741455,false
138,sparse-pause-80,open_loop,80,3965,3965,79.3,22.12496631848626,211.14007712772946,267.14402616254665,312.22122332615254,false
138,sparse-pause-80,closed_loop,80,3785,3785,75.7,10.619548415816098,30.058675652697275,252.76305324097484,274.1734522462575,false
139,sparse-pause-80,open_loop,80,3986,3985,79.72,22.200906250418484,215.8885602270675,259.6698763702334,288.68533558419585,false
139,sparse-pause-80,closed_loop,80,3764,3764,75.28,10.851711178269397,34.692458148922015,247.25043083439232,270.9299672744164,false
140,sparse-pause-80,open_loop,80,4026,4007,80.52,22.490672250525677,234.15002422561702,285.8818832819743,317.25300657963817,false
140,sparse-pause-80,closed_loop,80,3764,3755,75.28,10.40086930077814,31.649526987879653,258.546170240792,276.4881245638244,false
141,sparse-pause-80,open_loop,80,4025,4013,80.5,21.753534269540978,186.62488561736245,255.98829829412716,295.2048581436393,false
141,sparse-pause-80,closed_loop,80,3762,3756,75.24,10.612505460096145,32.14330087774579,249.06813691158823,272.88809770427906,false
142,sparse-pause-80,open_loop,80,4026,4017,80.52,21.098442516449722,227.7956686692578,285.02084939678025,316.5249793832554,false
142,sparse-pause-80,closed_loop,80,3772,3761,75.44,10.444489584617259,35.47309347234841,256.35220059646235,269.3959861074982,false
143,sparse-pause-80,open_loop,80,3969,3963,79.38,21.60467662148585,179.71078277094603,256.43143955304913,295.18730220730504,false
143,sparse-pause-80,closed_loop,80,3775,3774,75.5,10.487490991974482,30.649456887837005,249.540285779045,269.3760219572796,false
144,sparse-pause-80,open_loop,80,3980,3976,79.6,20.476882196380757,175.2224512308385,282.386929460803,332.2321667442375,false
144,sparse-pause-80,closed_loop,80,3779,3779,75.58,10.796456378811854,29.81383748587541,242.61074284642746,277.4049960649136,false
145,sparse-pause-80,open_loop,80,3890,3872,77.8,21.277362050084776,212.83312485514944,265.7819568875566,329.6902578759473,false
145,sparse-pause-80,closed_loop,80,3766,3763,75.32,10.691475550791438,36.50467386587843,258.6042596620464,278.35849019644957,false
146,sparse-pause-80,open_loop,80,3988,3979,79.76,20.68025914194004,213.7858444082376,262.0776648930696,302.11696904974815,false
146,sparse-pause-80,closed_loop,80,3756,3756,75.12,10.75095814753513,38.953113834530086,248.68349518919422,273.83727215598446,false
147,sparse-pause-80,open_loop,80,4095,4093,81.9,23.0186697300378,200.6080925880815,268.08592663706077,312.6583545633148,false
147,sparse-pause-80,closed_loop,80,3772,3772,75.44,10.612788304897549,30.73024039879965,244.5537440561984,262.4095802187803,false
148,sparse-pause-80,open_loop,80,4025,4023,80.5,21.61852849465504,229.3181773435499,262.2654400985193,284.5507599867051,false
148,sparse-pause-80,closed_loop,80,3771,3771,75.42,10.582901124089403,33.0511494509592,251.72063359216736,265.56207291783176,false
149,sparse-pause-80,open_loop,80,4142,4140,82.84,22.629441264711204,216.26008888320393,275.79103520134595,308.34090121973713,false
149,sparse-pause-80,closed_loop,80,3773,3772,75.46,10.462851009491715,33.300559011186124,254.12423537030918,272.6782647025975,false
150,sparse-pause-80,open_loop,80,3976,3975,79.52,19.009822574824284,216.28629706340325,280.15727397061164,337.3971313854199,false
150,sparse-pause-80,closed_loop,80,3766,3765,75.32,10.548642055275195,34.70997200934653,254.519085372056,274.08465429367425,false
151,sparse-pause-80,open_loop,80,3924,3921,78.48,19.61279676072445,214.2693264449481,280.84614392881485,319.06148372579264,false
151,sparse-pause-80,closed_loop,80,3770,3769,75.4,10.61952548805857,30.163615067729552,250.10572901333217,269.29017298298277,false
152,sparse-pause-80,open_loop,80,4012,4012,80.24,20.69984280531935,232.77229295749567,279.0427568668092,306.2584964119087,false
152,sparse-pause-80,closed_loop,80,3780,3780,75.6,10.153856326869573,32.7112134694471,249.50594219612685,273.40332676671824,false
153,sparse-pause-80,open_loop,80,3908,3890,78.16,20.37369327070337,226.3577545116823,269.1960918606492,310.8510785751205,false
153,sparse-pause-80,closed_loop,80,3761,3750,75.22,10.804649029581924,37.373208318014804,252.90145215434313,273.2667682085339,false
154,sparse-pause-80,open_loop,80,3911,3911,78.22,20.19339858850435,229.31849806311584,296.72081639307,329.0525002268914,false
154,sparse-pause-80,closed_loop,80,3764,3764,75.28,10.6676228745564,31.38733490427694,252.90702559590136,292.49538704934093,false
155,sparse-pause-80,open_loop,80,3910,3908,78.2,18.937472688456182,212.50079764479233,269.23903669564606,312.0823168280549,false
155,sparse-pause-80,closed_loop,80,3770,3769,75.4,10.663230268895859,29.60767100155499,255.1764484830128,276.61775256262626,false
156,sparse-pause-80,open_loop,80,3932,3923,78.64,20.323574431355155,241.45274599558616,283.42229967981257,316.00349169309266,false
156,sparse-pause-80,closed_loop,80,3771,3764,75.42,10.618683700718975,32.29348867240333,249.7713015921945,280.58400240064657,false
157,sparse-pause-80,open_loop,80,3973,3971,79.46,21.28217097556626,196.16782792373488,254.20396041631466,288.21481581967237,false
157,sparse-pause-80,closed_loop,80,3774,3772,75.48,10.701398498680646,29.851322158581752,248.17472144884232,269.7753694450039,false
158,sparse-pause-80,open_loop,80,4125,4125,82.5,22.49298523577818,233.9542491180764,289.46395029823907,324.9825519872502,false
158,sparse-pause-80,closed_loop,80,3775,3775,75.5,10.663971452049736,29.428370155161247,248.2289968419027,266.30255596188,false
159,sparse-pause-80,open_loop,80,4048,4047,80.96,21.437147272226866,205.251917875441,264.40985880179505,297.45892151114094,false
159,sparse-pause-80,closed_loop,80,3763,3763,75.26,10.854081335342926,34.797359719370434,251.76719815388788,282.3120939211949,false
160,sparse-pause-80,open_loop,80,4008,4001,80.16,18.676620908252517,218.76343019624255,277.6720574908395,314.62268454818695,false
160,sparse-pause-80,closed_loop,80,3762,3759,75.24,11.043267850967823,34.63056520104874,245.87628311756998,264.49079353259367,false
161,sparse-pause-80,open_loop,80,3976,3972,79.52,21.309167915940634,222.53734798787627,274.9691687707891,311.38067341157875,false
161,sparse-pause-80,closed_loop,80,3770,3769,75.4,10.73581999324233,34.101451503738645,243.8925914764186,275.93679400710243,false
162,sparse-pause-80,open_loop,80,4007,4007,80.14,21.248564419176546,209.26818647555774,280.77656876809124,302.40247030606406,false
162,sparse-pause-80,closed_loop,80,3772,3772,75.44,10.308855788804067,34.91111178378924,253.51550912082894,275.35484179040213,false
163,sparse-pause-80,open_loop,80,3888,3875,77.76,19.656664012174588,206.255701402657,277.86882082414377,339.17126418960834,false
163,sparse-pause-80,closed_loop,80,3765,3756,75.3,10.555754153414455,30.95241918569809,256.4820071912836,272.2936153786359,false
164,sparse-pause-80,open_loop,80,4004,4004,80.08,20.865559895333718,194.3890929468871,271.23723066853563,300.37606558437983,false
164,sparse-pause-80,closed_loop,80,3770,3769,75.4,10.76224525606085,32.01088492567578,254.5887073940903,272.900404040116,false
165,sparse-pause-80,open_loop,80,4051,4034,81.02,19.584442200590274,232.25924327646499,282.870135572266,322.4817532206289,false
165,sparse-pause-80,closed_loop,80,3761,3750,75.22,10.629760087264003,36.87514445324632,259.3674068397813,274.5832344672235,false
166,sparse-pause-80,open_loop,80,4006,4003,80.12,21.327002705766063,236.0405884818465,288.99760087081813,339.0112540587761,false
166,sparse-pause-80,closed_loop,80,3772,3772,75.44,10.521554249753535,30.55325498145976,253.29645474062272,279.26486759187173,false
167,sparse-pause-80,open_loop,80,4033,4005,80.66,22.879043071254273,205.66964509428362,277.254541942013,351.88272662814416,false
167,sparse-pause-80,closed_loop,80,3760,3746,75.2,10.77171549454215,39.14610294681188,250.90400252140535,276.2523624681362,false
168,sparse-pause-80,open_loop,80,4021,4002,80.42,21.13019262223679,212.92710820541106,273.1198358932961,303.9568812277139,false
168,sparse-pause-80,closed_loop,80,3788,3774,75.76,10.862665595059298,31.94034370953159,249.86720151773625,269.16230386358075,false
169,sparse-pause-80,open_loop,80,4028,4027,80.56,19.32558307839645,202.4619199767876,263.03246451859013,314.1474463837658,false
169,sparse-pause-80,closed_loop,80,3776,3776,75.52,10.371836974998587,29.434731424149504,249.38535016283276,282.47599530874504,false
170,sparse-pause-80,open_loop,80,4058,4035,81.16,22.75002303902147,243.66798337139335,282.12834325943186,309.26600152624815,false
170,sparse-pause-80,closed_loop,80,3765,3749,75.3,10.592188287118915,35.88191273075063,253.94181854899944,274.4830380325293,false
171,sparse-pause-80,open_loop,80,4011,3991,80.22,20.774575983657996,187.0628148695614,260.5136579699829,311.18081779569184,false
171,sparse-pause-80,closed_loop,80,3758,3749,75.16,10.888464912764903,36.64104683609912,253.42493076295978,275.38640983862206,false
172,sparse-pause-80,open_loop,80,3997,3996,79.94,21.98351921565336,218.32761796261184,283.4843551011654,324.5517730030733,false
172,sparse-pause-80,closed_loop,80,3770,3768,75.4,10.339243546011858,31.126393375110638,254.68348409896862,275.0488636833961,false
173,sparse-pause-80,open_loop,80,4033,4030,80.66,20.919442562328186,205.3403858554375,269.44059579286113,297.76159410949913,false
173,sparse-pause-80,closed_loop,80,3762,3761,75.24,10.748169363840134,31.726524688732752,250.7474426229237,267.7390983064761,false
174,sparse-pause-80,open_loop,80,4027,4025,80.54,23.06851462933264,231.39011635776114,285.89448696119507,334.7519842113252,false
174,sparse-pause-80,closed_loop,80,3770,3769,75.4,10.620067909636418,32.440145682456205,250.78092313939123,273.5374006865968,false
175,sparse-pause-80,open_loop,80,3995,3992,79.9,22.044928079823876,220.31948628287137,283.83856465443387,331.303681017529,false
175,sparse-pause-80,closed_loop,80,3773,3772,75.46,10.439583443294396,33.845976681204775,251.34108282517263,275.9484528479552,false
176,sparse-pause-80,open_loop,80,3993,3988,79.86,20.588854632391303,223.93945470077233,265.7867780057495,287.824625737172,false
176,sparse-pause-80,closed_loop,80,3765,3761,75.3,10.830171928620985,33.717656226070176,249.0184779643605,266.0473748516888,false
177,sparse-pause-80,open_loop,80,3902,3886,78.04,19.73541305368417,196.97048631122016,260.23431781482213,301.79463338632195,false
177,sparse-pause-80,closed_loop,80,3760,3758,75.2,10.302558220908395,34.69794634900245,254.6760612109283,275.1296163610532,false
178,sparse-pause-80,open_loop,80,3969,3967,79.38,20.112330350413686,174.3788389720903,256.498209841302,314.29225105139994,false
178,sparse-pause-80,closed_loop,80,3771,3771,75.42,10.71686850774131,31.820251687804557,255.49259176658416,274.4265599151113,false
179,sparse-pause-80,open_loop,80,4001,3985,80.02,21.635166950589337,240.79390793352286,289.5507942422064,313.3705884924493,false
179,sparse-pause-80,closed_loop,80,3779,3763,75.58,10.673628285960149,33.024310676373716,250.51871880813087,269.62378496529345,false
180,sparse-pause-80,open_loop,80,4015,4013,80.3,21.78862510624458,227.64393162872148,273.3213875992824,306.56746946330713,false
180,sparse-pause-80,closed_loop,80,3769,3768,75.38,10.589048260597338,31.661804251605645,253.91504118694866,281.2868967529066,false
181,sparse-pause-80,open_loop,80,3957,3954,79.14,21.909648040982574,225.51112094471864,265.6359407913478,302.9103807976935,false
181,sparse-pause-80,closed_loop,80,3771,3768,75.42,10.630798889018479,34.75709394762089,254.42899254378426,274.879423061182,false
182,sparse-pause-80,open_loop,80,4028,4028,80.56,19.90170889953879,241.34037537163385,295.1433801773401,356.82775003175266,false
182,sparse-pause-80,closed_loop,80,3773,3771,75.46,10.799860920931678,31.26012182620616,246.76841523491748,278.64165979826976,false
183,sparse-pause-80,open_loop,80,3869,3869,77.38,18.3096494052661,197.7640740696952,283.73568990481726,357.2560000575395,false
183,sparse-pause-80,closed_loop,80,3773,3771,75.46,10.56195629404101,29.919241600662644,248.905613591578,267.3426857200575,false
184,sparse-pause-80,open_loop,80,3948,3947,78.96,19.84367511743767,211.9433894292597,265.7950031191285,336.03572288090436,false
184,sparse-pause-80,closed_loop,80,3787,3787,75.74,10.55555676358199,29.416278007640358,240.63157755093562,265.3247613284839,false
185,sparse-pause-80,open_loop,80,4029,4026,80.58,20.27562589612353,246.22898602253554,296.87008735878044,330.3235824939984,false
185,sparse-pause-80,closed_loop,80,3768,3764,75.36,10.536476766916167,32.058444324939046,251.8581651528075,277.62356684406404,false
186,sparse-pause-80,open_loop,80,4081,4081,81.62,22.033408759634767,203.57889868859638,273.7258104688808,308.3573596629067,false
186,sparse-pause-80,closed_loop,80,3777,3777,75.54,10.471133156308497,29.188603893438994,251.87028194186132,266.7680905501129,false
187,sparse-pause-80,open_loop,80,4065,4054,81.3,21.682897848404536,226.69527190838562,317.7681008659638,357.1253459163854,false
187,sparse-pause-80,closed_loop,80,3760,3755,75.2,10.598652251326712,37.294812214291596,254.23424561270804,280.9811620978671,false
188,sparse-pause-80,open_loop,80,4027,4027,80.54,21.02011040686193,215.55689789331518,267.5011805105314,335.549650486304,false
188,sparse-pause-80,closed_loop,80,3762,3759,75.24,10.901196650534985,32.72882779000065,255.61733363564053,269.88599930403325,false
189,sparse-pause-80,open_loop,80,3955,3952,79.1,20.31834621779126,209.2947486921621,312.82764841365497,363.5332841887375,false
189,sparse-pause-80,closed_loop,80,3767,3766,75.34,10.796497346374963,31.468865720562462,254.00718923942986,272.91677765467466,false
190,sparse-pause-80,open_loop,80,3975,3960,79.5,21.223274892596237,213.14298771992617,275.7156804328406,314.83518168429873,false
190,sparse-pause-80,closed_loop,80,3764,3748,75.28,11.008595388575486,36.19747891425868,257.4792848563375,275.6699149077249,false
191,sparse-pause-80,open_loop,80,3973,3964,79.46,20.140356041665655,234.2636489986835,288.24775566939934,370.5396132023452,false
191,sparse-pause-80,closed_loop,80,3773,3762,75.46,10.651483565976378,33.91920476798987,250.2951012500198,276.1687075138907,false
192,sparse-pause-80,open_loop,80,3994,3991,79.88,20.866502000215405,229.22713757843667,277.5632127693134,328.6784863497378,false
192,sparse-pause-80,closed_loop,80,3771,3769,75.42,10.446722126260283,33.667530764694675,256.86824720980076,282.21218959626276,false
193,sparse-pause-80,open_loop,80,4090,4089,81.8,22.001309630228207,224.6502119704346,306.516134654943,336.180987984495,false
193,sparse-pause-80,closed_loop,80,3765,3764,75.3,10.782827737501066,31.355882795458456,248.9810138234534,275.97166372723586,false
194,sparse-pause-80,open_loop,80,4016,4010,80.32,21.835702979835332,221.12103054903127,281.86172093723144,359.5379407153596,false
194,sparse-pause-80,closed_loop,80,3760,3758,75.2,11.138043334831309,32.96168996245251,259.19646992488924,273.28993769048066,false
195,sparse-pause-80,open_loop,80,4097,4093,81.94,22.70248923703184,243.24009958450006,288.0656666245195,341.8113601940422,false
195,sparse-pause-80,closed_loop,80,3777,3771,75.54,10.815073736936029,30.80447356802324,253.14722420123144,273.29443818586697,false
196,sparse-pause-80,open_loop,80,3945,3943,78.9,19.56973781673514,223.30005790099676,273.93535858918403,365.90406427262496,false
196,sparse-pause-80,closed_loop,80,3770,3765,75.4,10.746322368730034,32.92208064626902,253.79686587020842,274.26273624700116,false
197,sparse-pause-80,open_loop,80,3945,3944,78.9,20.390830298689252,216.75185948080616,297.77405407019614,352.1082867840196,false
197,sparse-pause-80,closed_loop,80,3768,3768,75.36,10.876447066104447,32.314363801539,246.86120043831033,274.7822362758052,false
198,sparse-pause-80,open_loop,80,3911,3908,78.22,19.167322017936385,223.44963247708438,288.4887004833872,315.68596860739126,false
198,sparse-pause-80,closed_loop,80,3780,3779,75.6,10.523327415707172,29.93103099437576,247.5958428234335,270.57078910966084,false
199,sparse-pause-80,open_loop,80,3963,3954,79.26,20.85845686383982,210.83563507725194,278.0876514042975,332.0131917273393,false
199,sparse-pause-80,closed_loop,80,3767,3755,75.34,10.535215448697272,37.77490653970017,259.7673148955073,279.0760528334631,false
200,sparse-pause-80,open_loop,80,4091,4076,81.82,23.534938421391416,230.24204188460135,282.04912299972057,310.1011825879759,false
200,sparse-pause-80,closed_loop,80,3758,3756,75.16,10.572246689727763,41.570087348431116,250.79091690435598,275.5670030865331,false
201,sparse-pause-80,open_loop,80,3968,3965,79.36,20.824382245678862,219.52000998636868,283.6039760015119,307.88463196577504,false
201,sparse-pause-80,closed_loop,80,3771,3769,75.42,10.683936387551512,31.96582482091617,254.34500918916456,273.9330067544106,false
202,sparse-pause-80,open_loop,80,3965,3963,79.3,20.90919602167196,187.91392627020832,257.9890054672651,282.1083112413835,false
202,sparse-pause-80,closed_loop,80,3772,3770,75.44,10.883382165280636,31.861543573177187,250.0813852998108,274.4253714815786,false
203,sparse-pause-80,open_loop,80,3986,3985,79.72,21.82987988681998,210.64886971468513,262.65517441027623,306.0428142657256,false
203,sparse-pause-80,closed_loop,80,3759,3757,75.18,11.13098082916622,34.79148666582478,242.35637576589215,271.5676447782316,false
204,sparse-pause-80,open_loop,80,3959,3953,79.18,20.807634236371086,206.85996735257868,260.7913563803886,311.89325693834326,false
204,sparse-pause-80,closed_loop,80,3775,3770,75.5,10.963919678477396,35.61096794914192,250.32163670762384,279.4649620954442,false
205,sparse-pause-80,open_loop,80,3879,3879,77.58,18.50468630704563,202.00066362132202,263.51288133044,288.46784456601745,false
205,sparse-pause-80,closed_loop,80,3768,3768,75.36,10.484745178509911,30.23142659448058,256.8294696610901,274.1156249972919,false
206,sparse-pause-80,open_loop,80,3991,3991,79.82,20.63312707190198,256.4826648041126,345.19743714765536,373.62659863737827,false
206,sparse-pause-80,closed_loop,80,3762,3760,75.24,10.909831805176509,35.766763429499406,254.97691430925988,275.4040010334975,false
207,sparse-pause-80,open_loop,80,4075,4056,81.5,25.830749381470014,228.84905742176852,301.85454183794354,337.3739690974726,false
207,sparse-pause-80,closed_loop,80,3764,3748,75.28,10.931945556250867,32.57014243235608,252.93084607138735,279.954350635373,false
208,sparse-pause-80,open_loop,80,4107,4086,82.14,24.08504390868984,240.63295688934159,287.3585652550428,328.302015822097,false
208,sparse-pause-80,closed_loop,80,3759,3747,75.18,10.760103031785548,42.973854024894536,248.43430378130142,277.22079660359304,false
209,sparse-pause-80,open_loop,80,3965,3953,79.3,20.301437598114717,244.55397980816633,303.2964165296071,343.71515505474963,false
209,sparse-pause-80,closed_loop,80,3768,3760,75.36,10.802126133432466,35.574994229922595,249.8524657183134,276.8361619923089,false
210,sparse-pause-80,open_loop,80,3973,3970,79.46,17.880515254975762,201.15112376785328,259.578193330417,293.63280523599315,false
210,sparse-pause-80,closed_loop,80,3772,3771,75.44,10.660136919548677,32.202922758151544,251.41679200669023,268.86560277691024,false
211,sparse-pause-80,open_loop,80,3951,3945,79.02,18.993909865581372,216.934502750948,274.0175284497436,319.8859597238843,false
211,sparse-pause-80,closed_loop,80,3766,3765,75.32,10.67229404371028,33.42090642275434,249.87002724565536,279.9961543938771,false
212,sparse-pause-80,open_loop,80,4092,4090,81.84,22.8702075171459,260.41977358834265,306.96742480592366,352.64694327069446,false
212,sparse-pause-80,closed_loop,80,3773,3772,75.46,10.628972361413616,30.943608478009992,244.78561416493903,271.0285718455161,false
213,sparse-pause-80,open_loop,80,3887,3884,77.74,20.145960931484296,237.7830016056687,288.3148689254449,326.2228583603792,false
213,sparse-pause-80,closed_loop,80,3779,3776,75.58,10.67404347826232,30.91788718254429,247.23827591929876,278.5034214171101,false
214,sparse-pause-80,open_loop,80,4026,4025,80.52,20.717767997579358,182.70938090091659,266.4263847309703,289.9666609465821,false
214,sparse-pause-80,closed_loop,80,3772,3771,75.44,10.520652411581978,29.76044248342805,250.550445932422,273.331356438277,false
215,sparse-pause-80,open_loop,80,4161,4159,83.22,24.24754140105506,232.79195275124948,276.4856613915035,311.30353280639974,false
215,sparse-pause-80,closed_loop,80,3769,3768,75.38,10.844237249813887,32.46205676554382,250.9869551130978,274.2233562331967,false
216,sparse-pause-80,open_loop,80,3981,3977,79.62,20.290728154541284,183.79453102771367,262.98833833116805,307.6878958336256,false
216,sparse-pause-80,closed_loop,80,3774,3774,75.48,10.47003220575425,29.725036784395343,253.4195919972517,272.2260279496313,false
217,sparse-pause-80,open_loop,80,4007,4006,80.14,19.78000549909484,243.12174277014856,289.7479401347955,330.7568281728891,false
217,sparse-pause-80,closed_loop,80,3768,3767,75.36,10.516940638228334,33.136552450559975,254.75311406192122,288.27744421550597,false
218,sparse-pause-80,open_loop,80,4106,4106,82.12,21.970864571201673,215.09137536525122,285.4228189335554,322.63198904239107,false
218,sparse-pause-80,closed_loop,80,3769,3768,75.38,10.71126571519926,32.322280439115275,254.10416631754197,286.6779374938815,false
219,sparse-pause-80,open_loop,80,4025,4023,80.5,21.00535544390732,216.49596355392714,263.5303909147242,319.68236067553516,false
219,sparse-pause-80,closed_loop,80,3775,3774,75.5,10.725114276543536,32.92190023318108,248.36352324234758,270.5223871484686,false
220,sparse-pause-80,open_loop,80,3982,3973,79.64,20.48490158970526,179.14862213425658,247.28709403902758,287.4516830072607,false
220,sparse-pause-80,closed_loop,80,3767,3756,75.34,10.793954637149,34.289503077852714,254.81665983154744,280.1407688542022,false
221,sparse-pause-80,open_loop,80,3965,3964,79.3,20.749717105543823,222.62566741848423,268.54817273880326,330.35752566160227,false
221,sparse-pause-80,closed_loop,80,3769,3768,75.38,10.822637802863028,33.06723246598631,252.2255174786551,273.8542108197689,false
222,sparse-pause-80,open_loop,80,4044,4027,80.88,22.54094008588436,232.2621530387769,294.6287081929149,338.43243414395874,false
222,sparse-pause-80,closed_loop,80,3756,3743,75.12,10.745261119718634,33.180172840664454,254.88952945773053,288.4014795813928,false
223,sparse-pause-80,open_loop,80,4031,4030,80.62,22.05812706411598,234.1600893199211,317.13847258110036,416.7625178056169,false
223,sparse-pause-80,closed_loop,80,3769,3768,75.38,10.84509325104591,32.94780513169826,247.19524425537384,263.93621114300913,false
224,sparse-pause-80,open_loop,80,3997,3985,79.94,21.14494148401718,208.1177259416363,281.57400137499644,304.23978368436474,false
224,sparse-pause-80,closed_loop,80,3779,3766,75.58,10.93518770429364,34.504617108326784,253.69014144216635,276.0452048871739,false
225,sparse-pause-80,open_loop,80,3989,3985,79.78,20.77778887347813,234.37444709828196,278.13492853396383,324.63650266080003,false
225,sparse-pause-80,closed_loop,80,3761,3757,75.22,10.8964699613025,34.30945838543266,262.131772190005,278.9835921070862,false
226,sparse-pause-80,open_loop,80,3941,3930,78.82,19.48701958159654,214.02637427451918,270.62677326970515,311.86855669495344,false
226,sparse-pause-80,closed_loop,80,3768,3759,75.36,10.752628533031384,32.625634631207504,252.9354462626943,281.38280075804687,false
227,sparse-pause-80,open_loop,80,3982,3964,79.64,22.118482576570386,216.4298495002513,276.53977714998473,305.705693746655,false
227,sparse-pause-80,closed_loop,80,3754,3751,75.08,10.89415537455352,33.937769200620096,254.90098287588626,273.1540744646536,false
228,sparse-pause-80,open_loop,80,4141,4126,82.82,23.057295858285215,246.97117481767054,285.42000158100564,312.28319482331426,false
228,sparse-pause-80,closed_loop,80,3764,3748,75.28,10.815438921905297,38.60329930455555,254.74171830854175,275.9324682180013,false
229,sparse-pause-80,open_loop,80,4048,4035,80.96,20.8440521529119,239.3655776617452,287.17435532306627,341.73896345899266,false
229,sparse-pause-80,closed_loop,80,3762,3746,75.24,10.896564937922449,46.503939867267036,252.5277229214298,272.9935978322537,false
230,sparse-pause-80,open_loop,80,3992,3992,79.84,19.25060796057369,181.9263009573151,268.3210611011782,297.2115521026608,false
230,sparse-pause-80,closed_loop,80,3762,3762,75.24,10.867503906345519,35.40520613719855,252.50398671406947,280.5444388261167,false
231,sparse-pause-80,open_loop,80,3977,3963,79.54,19.156093212062842,206.23143841030833,263.30394236779466,293.78616984839755,false
231,sparse-pause-80,closed_loop,80,3783,3768,75.66,10.741600152337924,30.447620504928636,255.93122392050645,270.01362136957323,false
232,sparse-pause-80,open_loop,80,4016,4016,80.32,20.625700896744092,200.30201369074894,273.0032679698925,313.01626266833773,false
232,sparse-pause-80,closed_loop,80,3782,3781,75.64,10.791921462594473,30.44390057478813,250.79037732001962,281.5483788438505,false
233,sparse-pause-80,open_loop,80,4086,4077,81.72,23.960472898568696,238.80825932156404,291.78493346805044,342.0821554029426,false
233,sparse-pause-80,closed_loop,80,3771,3759,75.42,10.990564948599058,30.621707643877016,258.8429667094206,275.96956481193774,false
234,sparse-pause-80,open_loop,80,3941,3940,78.82,21.2182481719683,242.0936981087434,283.15307220548857,335.6479717331895,false
234,sparse-pause-80,closed_loop,80,3773,3773,75.46,10.645722482557176,30.09740996972687,252.693645919564,276.6287364047166,false
235,sparse-pause-80,open_loop,80,4040,4039,80.8,21.535056735228864,207.39646422224178,271.41120118417894,319.97160709952004,false
235,sparse-pause-80,closed_loop,80,3774,3773,75.48,10.624710532949393,29.900140118148556,246.9039042092263,280.9017829794102,false
236,sparse-pause-80,open_loop,80,3965,3962,79.3,20.311933313831105,251.18361987870594,302.6046247838458,342.24946583774727,false
236,sparse-pause-80,closed_loop,80,3775,3773,75.5,10.58490891346446,32.867881571619364,252.4299848070077,271.3076954379121,false
237,sparse-pause-80,open_loop,80,3954,3953,79.08,20.91310834881733,237.39422480665962,292.4944918436613,341.22740134121705,false
237,sparse-pause-80,closed_loop,80,3767,3767,75.34,10.648261736001587,31.490410331331077,254.6047245533373,272.36827215628,false
238,sparse-pause-80,open_loop,80,3994,3993,79.88,20.27181010296772,191.09962197661844,277.53878216781595,367.7874071980841,false
238,sparse-pause-80,closed_loop,80,3772,3772,75.44,10.736111228732625,30.86993223764148,251.69761230990844,273.1854229652272,false
239,sparse-pause-80,open_loop,80,3851,3851,77.02,19.09223791792101,192.30206834759883,256.61071496230943,280.71930930539384,false
239,sparse-pause-80,closed_loop,80,3773,3769,75.46,10.819562238742947,30.364287440679618,251.14559228789585,277.45296124069864,false
240,sparse-pause-80,open_loop,80,4115,4082,82.3,23.217560134242376,211.49673686226743,273.48133120942657,341.74773023412126,false
240,sparse-pause-80,closed_loop,80,3757,3746,75.14,10.771904742905463,36.53413035382982,255.0464536878644,279.0833589910817,false
241,sparse-pause-80,open_loop,80,4132,4111,82.64,22.684500599949388,233.9374371811282,292.1984400794099,350.6967041509324,false
241,sparse-pause-80,closed_loop,80,3789,3775,75.78,10.38476453270414,31.19793530210154,254.30329864170199,272.70917674136945,false
242,sparse-pause-80,open_loop,80,4041,4040,80.82,21.1808331043394,213.77507981762028,272.4206409024846,306.5398019365384,false
242,sparse-pause-80,closed_loop,80,3777,3776,75.54,10.451483636570629,29.843592149729375,252.45110189325715,285.39821006952116,false
243,sparse-pause-80,open_loop,80,3967,3952,79.34,19.576767932248913,241.12385162396095,285.43048993423145,334.34146883275025,false
243,sparse-pause-80,closed_loop,80,3773,3759,75.46,10.628063730711801,30.445879038792555,251.92199766733393,281.23814909339126,false
244,sparse-pause-80,open_loop,80,4101,4088,82.02,23.59761165832606,242.70417650361196,305.51413280201814,340.5295099227151,false
244,sparse-pause-80,closed_loop,80,3761,3757,75.22,10.77474000825896,35.51454466805444,252.13547834193014,273.5387653449361,false
245,sparse-pause-80,open_loop,80,4007,3988,80.14,21.75178820102883,229.40615322612211,286.26054024620316,319.4510358389598,false
245,sparse-pause-80,closed_loop,80,3768,3756,75.36,10.434578076521575,36.379254470724845,252.43146424197766,278.3831576447992,false
246,sparse-pause-80,open_loop,80,3896,3893,77.92,20.16786699712611,208.07310651623993,276.46736404758485,322.0660401144305,false
246,sparse-pause-80,closed_loop,80,3781,3780,75.62,10.786859907362668,29.42274216349142,254.88254245795179,269.2789948101272,false
247,sparse-pause-80,open_loop,80,4024,4024,80.48,20.535536941042665,225.2945504095769,278.9212994973277,305.3351145620145,false
247,sparse-pause-80,closed_loop,80,3772,3772,75.44,10.665192500899138,31.933541563041217,250.89767074338306,269.49608921145773,false
248,sparse-pause-80,open_loop,80,3909,3886,78.18,19.098124247118903,181.96378382983494,255.35583833479905,284.3874419911954,false
248,sparse-pause-80,closed_loop,80,3770,3756,75.4,10.612600903848943,33.19328343129746,250.31079245972796,263.8624228135741,false
249,sparse-pause-80,open_loop,80,4089,4080,81.78,22.392622198094614,232.02892799566325,284.3174035387783,343.46729044643143,false
249,sparse-pause-80,closed_loop,80,3774,3769,75.48,10.826892764955119,31.86243104883397,254.6612158950811,276.44671470914545,false
250,sparse-pause-80,open_loop,80,3845,3844,76.9,19.048843333352124,205.5999748706381,268.92385671048396,304.90360256930944,false
250,sparse-pause-80,closed_loop,80,3770,3770,75.4,10.786109013861278,33.46978342311195,249.21742492274643,273.10352258757484,false
251,sparse-pause-80,open_loop,80,4017,4017,80.34,19.667009746808617,190.09343363660082,267.201457552168,331.05754824723044,false
251,sparse-pause-80,closed_loop,80,3782,3782,75.64,10.722837355096999,29.340273614732723,247.37529452068702,279.18511844937893,false
252,sparse-pause-80,open_loop,80,3928,3927,78.56,21.11580006867007,240.13950168229894,299.08150436106007,331.033602697029,false
252,sparse-pause-80,closed_loop,80,3771,3770,75.42,10.668678221489245,32.19752065964349,252.2353980238804,273.5176621291321,false
253,sparse-pause-80,open_loop,80,3996,3989,79.92,21.05036430437758,244.51898307518786,317.9556918307935,361.293669312312,false
253,sparse-pause-80,closed_loop,80,3768,3760,75.36,10.950017290713731,33.32475368753512,250.0812602464539,277.9180611931606,false
254,sparse-pause-80,open_loop,80,3979,3975,79.58,20.1081767611322,216.92442283622586,262.24335525176866,290.8004937427322,false
254,sparse-pause-80,closed_loop,80,3763,3762,75.26,10.946476025390439,30.960457318456974,252.3060282373117,282.09538255643565,false
255,sparse-pause-80,open_loop,80,4031,4027,80.62,20.952452469751734,222.4988922616576,298.9202127205335,391.31208808733027,false
255,sparse-pause-80,closed_loop,80,3773,3771,75.46,10.42088001105003,33.00392091977483,250.643027734106,270.73577516708974,false
256,sparse-pause-80,open_loop,80,3998,3998,79.96,20.320899645066675,191.02988764330257,267.21626307509723,312.9344588446111,false
256,sparse-pause-80,closed_loop,80,3768,3767,75.36,10.606543817724742,31.61543196454295,258.12455177005904,278.52521452866495,false
257,sparse-pause-80,open_loop,80,3913,3908,78.26,19.079646268379292,217.2201346814254,270.89857272122026,305.49741028451535,false
257,sparse-pause-80,closed_loop,80,3762,3758,75.24,10.897499528389744,35.39574034966063,261.61930712352114,278.6937129159778,false
258,sparse-pause-80,open_loop,80,4083,4077,81.66,23.469644426499144,225.63804637051362,270.2229911313407,320.48815744433887,false
258,sparse-pause-80,closed_loop,80,3774,3763,75.48,10.59028929984197,30.422103562697885,249.67259944793477,272.3379952741416,false
259,sparse-pause-80,open_loop,80,4023,3995,80.46,24.253129469565465,246.00612247939716,295.21516756380515,351.48235260569163,false
259,sparse-pause-80,closed_loop,80,3761,3745,75.22,10.731129832063743,32.56296123910579,261.60072567391035,284.5928603757202,false
260,sparse-pause-80,open_loop,80,3871,3861,77.42,19.4911498970323,205.65390716707043,267.3800630491569,300.93225625948253,false
260,sparse-pause-80,closed_loop,80,3789,3780,75.78,10.595645416564366,31.118787580027856,249.08735818517744,271.4177366211952,false
261,sparse-pause-80,open_loop,80,3945,3944,78.9,18.635615311450238,219.0008374721001,273.3257809965162,304.31991808870225,false
261,sparse-pause-80,closed_loop,80,3788,3787,75.76,10.382399593981972,28.86459905693482,247.8153805416223,271.9457729346068,false
262,sparse-pause-80,open_loop,80,4071,4046,81.42,22.819639553286834,240.38172328784276,275.78528004323016,320.1525209890897,false
262,sparse-pause-80,closed_loop,80,3754,3744,75.08,10.769861765329551,38.63099425432665,257.26983310074866,280.633221255237,false
263,sparse-pause-80,open_loop,80,3970,3968,79.4,18.91067116901104,208.86049470461876,277.9194708871273,324.25689339520795,false
263,sparse-pause-80,closed_loop,80,3773,3772,75.46,10.577462350280257,30.90101667635463,251.19600209112104,272.84700159720524,false
264,sparse-pause-80,open_loop,80,4060,4056,81.2,21.67622770855087,216.8396115035339,264.9604547490817,332.5585477776258,false
264,sparse-pause-80,closed_loop,80,3776,3772,75.52,11.01934617912957,33.36166317984862,255.37551345914835,273.3179577255505,false
265,sparse-pause-80,open_loop,80,3941,3939,78.82,22.134912191941112,226.99128675911197,278.8702349482919,349.58979120365984,false
265,sparse-pause-80,closed_loop,80,3769,3768,75.38,10.665195349451096,32.99207352602389,246.99074459863186,281.8640380105426,false
266,sparse-pause-80,open_loop,80,3982,3974,79.64,21.378672712096886,194.2011428965925,257.4811540469236,282.96790569909354,false
266,sparse-pause-80,closed_loop,80,3775,3771,75.5,10.545772518942613,31.811877416261268,259.68197011613665,275.39116766574807,false
267,sparse-pause-80,open_loop,80,3984,3965,79.68,20.437434679122816,171.09917039874563,245.95763433073444,316.6503902671102,false
267,sparse-pause-80,closed_loop,80,3776,3765,75.52,10.533079272288887,33.324803189556405,257.336013555956,270.1561679680235,false
268,sparse-pause-80,open_loop,80,3920,3918,78.4,20.308046180691235,211.15737393629388,270.9286692459136,312.00034492439227,false
268,sparse-pause-80,closed_loop,80,3768,3767,75.36,10.725533805656596,30.741477962423232,254.59026922852354,278.50573140565757,false
269,sparse-pause-80,open_loop,80,4041,4025,80.82,22.175437384088582,199.7439533583747,271.9100992738531,331.4444820104036,false
269,sparse-pause-80,closed_loop,80,3770,3754,75.4,10.736857229974703,32.313042116278666,251.38044463834376,270.0878212259777,false
270,sparse-pause-80,open_loop,80,4003,3975,80.06,20.53910490780254,216.3173116152975,263.982966047879,289.127755858568,false
270,sparse-pause-80,closed_loop,80,3757,3751,75.14,10.561372917582048,38.39950411603422,254.1695515527099,266.86516001519703,false
271,sparse-pause-80,open_loop,80,4019,4002,80.38,19.15396190885076,195.4440049298846,284.4698350423423,316.5234269698085,false
271,sparse-pause-80,closed_loop,80,3760,3754,75.2,10.68946547640735,40.087264878973656,250.29841414654948,272.9034105327737,false
272,sparse-pause-80,open_loop,80,4008,4006,80.16,20.815471939109557,220.95633249075763,276.13269092250266,308.6828782513003,false
272,sparse-pause-80,closed_loop,80,3776,3775,75.52,10.467284587550239,30.629208593283693,256.3404469148627,276.0603198722238,false
273,sparse-pause-80,open_loop,80,3983,3964,79.66,20.533008374048222,209.7290396877197,258.82297168796504,288.4030338033481,false
273,sparse-pause-80,closed_loop,80,3764,3748,75.28,10.670294736788492,35.60762884758151,258.65977888006455,273.1534496320237,false
274,sparse-pause-80,open_loop,80,3882,3880,77.64,19.69136813285877,202.6329930675638,262.15209267758473,316.79710539493317,false
274,sparse-pause-80,closed_loop,80,3774,3773,75.48,10.76977814316706,30.47269764899829,249.14290489539417,266.82129232418083,false
275,sparse-pause-80,open_loop,80,4008,4008,80.16,21.103451071532618,201.09247183803382,255.0153940416203,311.4080763907259,false
275,sparse-pause-80,closed_loop,80,3772,3771,75.44,10.705536524146737,27.81057301805413,254.64266583896097,281.0299072623093,false
276,sparse-pause-80,open_loop,80,4027,4027,80.54,21.973167402476975,219.076072249758,289.00744076283445,370.16670982732103,false
276,sparse-pause-80,closed_loop,80,3767,3766,75.34,10.772099464847997,31.344545008389105,251.10733045253437,268.26378588654916,false
277,sparse-pause-80,open_loop,80,3924,3924,78.48,20.335248703682737,197.01125332289666,286.89328393714095,336.15322870764794,false
277,sparse-pause-80,closed_loop,80,3779,3779,75.58,10.327337176520814,31.334208730680984,250.5874423366331,268.9889576960304,false
278,sparse-pause-80,open_loop,80,4062,4048,81.24,23.122716944068088,267.48898342225584,313.1587601321953,349.2050191115777,false
278,sparse-pause-80,closed_loop,80,3769,3759,75.38,10.879696923861047,32.071301133486486,249.2716880566477,280.33644103278493,false
279,sparse-pause-80,open_loop,80,4042,4035,80.84,21.699850264361885,234.2008698817881,275.738954939392,312.99216605672336,false
279,sparse-pause-80,closed_loop,80,3778,3762,75.56,10.66031306036166,33.87571251727786,246.02420911592708,270.0129490792315,false
280,sparse-pause-80,open_loop,80,3959,3948,79.18,20.159256886894582,204.331130227205,276.49832523642,308.27842764730485,false
280,sparse-pause-80,closed_loop,80,3761,3752,75.22,11.069815141854633,31.10492436788627,255.28792398573933,270.72984963444105,false
281,sparse-pause-80,open_loop,80,4051,4040,81.02,22.355576008536445,229.7578005423129,264.50966320041334,304.77999776962315,false
281,sparse-pause-80,closed_loop,80,3783,3773,75.66,10.690376909529732,31.358344244144973,258.22671127546346,300.9376084920368,false
282,sparse-pause-80,open_loop,80,4045,4045,80.9,22.07816683078272,212.6881946636131,268.85831264524313,327.10448287502186,false
282,sparse-pause-80,closed_loop,80,3772,3771,75.44,10.820930928195594,32.913603236818744,251.85631593008293,275.3200315332433,false
283,sparse-pause-80,open_loop,80,3926,3922,78.52,20.643607001657074,236.9045209288306,301.0243039127017,377.22588469524635,false
283,sparse-pause-80,closed_loop,80,3784,3783,75.68,10.651108471247426,30.108666395783075,246.034508316734,268.84432278516397,false
284,sparse-pause-80,open_loop,80,4043,4040,80.86,20.193488660283037,211.34955088633615,266.5865505710062,291.9669324495226,false
284,sparse-pause-80,closed_loop,80,3761,3761,75.22,10.78684613249061,36.564677951340855,250.01219576879157,272.10407581991603,false
285,sparse-pause-80,open_loop,80,3962,3951,79.24,22.850702073985303,228.55739226225705,285.8801632232353,327.3811872632432,false
285,sparse-pause-80,closed_loop,80,3770,3759,75.4,10.700575059465336,30.680401359757525,251.63657798672648,267.0552906926423,false
286,sparse-pause-80,open_loop,80,3948,3947,78.96,19.06309972116287,190.87536522987648,284.0183219274113,318.9369660931334,false
286,sparse-pause-80,closed_loop,80,3768,3767,75.36,10.672059641205124,34.88529105152338,246.67763628353714,268.1450584697086,false
287,sparse-pause-80,open_loop,80,4015,4015,80.3,21.344938892056234,225.675781665901,290.8374329335529,335.44262518741743,false
287,sparse-pause-80,closed_loop,80,3778,3777,75.56,10.778334738570265,33.652790916989034,247.19936322930153,266.79357421761233,false
288,sparse-pause-80,open_loop,80,3932,3930,78.64,19.940641552886518,205.74014689968317,263.4814539280542,290.8915030362441,false
288,sparse-pause-80,closed_loop,80,3770,3769,75.4,10.68061184578255,35.350946839305834,247.73753508940717,281.20515131717184,false
289,sparse-pause-80,open_loop,80,4115,4092,82.3,23.27815049770834,250.09219809305796,285.70921404597175,319.8890791046724,false
289,sparse-pause-80,closed_loop,80,3762,3751,75.24,10.749381712113973,32.01462436260044,254.394972681941,279.7848070955515,false
290,sparse-pause-80,open_loop,80,3948,3945,78.96,20.636757028500142,219.36539592030022,314.279338401735,362.0283985440765,false
290,sparse-pause-80,closed_loop,80,3769,3768,75.38,10.66895500812825,34.04316948204723,252.2693002566375,273.35664751623335,false
291,sparse-pause-80,open_loop,80,4099,4097,81.98,23.465489351357974,244.38368765058112,293.4713777851648,323.64830197572155,false
291,sparse-pause-80,closed_loop,80,3781,3779,75.62,10.56543714566942,30.579053260160435,240.33868935639475,277.22145239634847,false
292,sparse-pause-80,open_loop,80,3995,3994,79.9,20.792143941809627,240.37242252420037,277.63623292569537,313.2640168682592,false
292,sparse-pause-80,closed_loop,80,3775,3775,75.5,10.552922776565538,32.417753110021295,249.89663678732177,267.18701069376766,false
293,sparse-pause-80,open_loop,80,4070,4070,81.4,21.521680019490304,204.66787316806585,258.9040821553208,290.088976245559,false
293,sparse-pause-80,closed_loop,80,3785,3784,75.7,10.653389569451974,29.0228223827653,245.77698622820026,273.8652860324182,false
294,sparse-pause-80,open_loop,80,4067,4067,81.34,21.52951658918755,216.29385663100766,278.0575237871817,345.32963059697795,false
294,sparse-pause-80,closed_loop,80,3771,3768,75.42,10.658372210551533,32.65961430901007,248.21719780663625,271.13422750481914,false
295,sparse-pause-80,open_loop,80,4033,4020,80.66,22.978937353516812,243.4025111336814,282.2228832832625,324.19611773727956,false
295,sparse-pause-80,closed_loop,80,3776,3764,75.52,10.685184580026544,32.616489505624486,257.1573141794979,281.3614835601111,false
296,sparse-pause-80,open_loop,80,3924,3898,78.48,20.77414128728924,226.4294586196229,268.8143375922955,302.60756815654895,false
296,sparse-pause-80,closed_loop,80,3757,3743,75.14,11.03468925388006,38.87010350588389,248.4163292667945,272.18678857210034,false
297,sparse-pause-80,open_loop,80,3977,3977,79.54,20.062449262786686,177.35913410546527,280.5799027713583,305.8724796373426,false
297,sparse-pause-80,closed_loop,80,3778,3777,75.56,10.695426095571747,29.69978302502568,247.61949313108926,276.0848852666313,false
298,sparse-pause-80,open_loop,80,4087,4077,81.74,22.400604350352296,211.75819755616612,286.38309094586293,350.6206530877316,false
298,sparse-pause-80,closed_loop,80,3772,3766,75.44,10.542993059985747,32.455931326352584,249.75265046238928,273.1398020972265,false
299,sparse-pause-80,open_loop,80,4030,4029,80.6,21.703913290519267,186.96102303551743,262.54459150085313,295.8118824922349,false
299,sparse-pause-80,closed_loop,80,3764,3763,75.28,10.811683351370448,33.05325746045128,252.02498903212108,266.73854166467936,false
300,sparse-pause-80,open_loop,80,4064,4046,81.28,22.306329857208766,246.116087059454,290.94422592938645,334.46423495642375,false
300,sparse-pause-80,closed_loop,80,3768,3764,75.36,10.739614106998488,30.678738269751193,255.72952306942898,279.06968918624625,false
301,sparse-pause-80,open_loop,80,3997,3982,79.94,19.98551231392048,258.212779939151,308.65459607767843,352.66404589837475,false
301,sparse-pause-80,closed_loop,80,3770,3760,75.4,10.647292152687442,34.09260864668795,255.44779725483386,276.0218986177497,false
302,sparse-pause-80,open_loop,80,4023,4008,80.46,23.00764150245959,239.64676390449313,288.2535088017903,314.9564398520524,false
302,sparse-pause-80,closed_loop,80,3770,3756,75.4,10.570865305064217,35.718323566827166,252.21934752165544,270.2440823349243,false
303,sparse-pause-80,open_loop,80,3964,3964,79.28,20.112628771952586,193.09522003115126,270.9419868396508,321.2607745354326,false
303,sparse-pause-80,closed_loop,80,3763,3762,75.26,10.896052828538814,34.72302642333307,254.33382538914157,270.35904748480243,false
304,sparse-pause-80,open_loop,80,4041,4040,80.82,23.30757466302748,238.13348155309723,283.1222250952924,312.5797129519233,false
304,sparse-pause-80,closed_loop,80,3776,3776,75.52,10.827614073074074,30.710593416564734,243.20105404075002,270.7659911091614,false
305,sparse-pause-80,open_loop,80,4007,3992,80.14,22.22062870478112,222.91674256905208,286.59053255143226,327.10047441439565,false
305,sparse-pause-80,closed_loop,80,3755,3748,75.1,11.047403769320226,39.06575245520435,253.15097228593368,278.84781519176795,false
306,sparse-pause-80,open_loop,80,4020,4018,80.4,21.43237910361495,175.57786100392696,253.0881745773877,291.07129214029555,false
306,sparse-pause-80,closed_loop,80,3769,3768,75.38,10.735635531615117,35.00374195928816,251.6109145260525,275.1178994272195,false
307,sparse-pause-80,open_loop,80,3994,3994,79.88,20.36130021059944,247.64073628410551,281.88551425519836,338.3760593009647,false
307,sparse-pause-80,closed_loop,80,3771,3771,75.42,10.698387720905885,31.839115141854563,252.74516915177082,278.9417570771402,false
308,sparse-pause-80,open_loop,80,4060,4060,81.2,20.20669419259866,210.55716849836244,274.11834651180834,317.3327668909915,false
308,sparse-pause-80,closed_loop,80,3775,3773,75.5,10.627756764297374,30.21419452813643,249.57814622213846,271.55286815558793,false
309,sparse-pause-80,open_loop,80,3880,3874,77.6,19.529760575209366,220.79824973904033,287.46169135648233,348.65348814817116,false
309,sparse-pause-80,closed_loop,80,3768,3767,75.36,10.515784829520271,30.33920970127656,257.78755067561724,285.5230761343191,false
310,sparse-pause-80,open_loop,80,3961,3939,79.22,19.512328590164543,206.63447104446095,289.5886920438861,320.8033708412622,false
310,sparse-pause-80,closed_loop,80,3771,3755,75.42,10.792001052075648,39.54470450734516,242.9759954858746,271.86064189578974,false
311,sparse-pause-80,open_loop,80,4011,4007,80.22,22.873164341242955,235.19604256006278,310.3599944950838,405.16962091672394,false
311,sparse-pause-80,closed_loop,80,3769,3767,75.38,10.537336209996283,34.177807258820394,254.0898313860598,271.85326108372465,false
312,sparse-pause-80,open_loop,80,3960,3959,79.2,20.909561312109872,249.922645430197,337.9282097522155,411.3892076020966,false
312,sparse-pause-80,closed_loop,80,3768,3767,75.36,10.778279297839617,31.365557808105223,250.01041863814316,273.1991015575368,false
313,sparse-pause-80,open_loop,80,3951,3933,79.02,20.4102004441811,213.01318248480675,270.6654670430926,307.57317022668576,false
313,sparse-pause-80,closed_loop,80,3759,3756,75.18,10.925902030663565,38.692665834665604,250.18939111313375,270.2052929808124,false
314,sparse-pause-80,open_loop,80,3916,3916,78.32,19.54050542656114,217.66829930485983,268.7298920902613,313.3895004449769,false
314,sparse-pause-80,closed_loop,80,3779,3776,75.58,10.51351038010398,31.28693796423613,244.66459638995002,269.2872916610286,false
315,sparse-pause-80,open_loop,80,3921,3920,78.42,18.828718883174588,136.08033106772928,256.3748474788954,294.8351377644103,false
315,sparse-pause-80,closed_loop,80,3785,3783,75.7,10.796560372342356,34.273660119461056,249.39915065550304,274.26423405899004,false
316,sparse-pause-80,open_loop,80,4041,4023,80.82,22.541880894863425,232.58017934398958,294.3438418965743,327.4763259997562,false
316,sparse-pause-80,closed_loop,80,3759,3754,75.18,11.048842979111214,34.007002262518654,250.4632688324491,306.6338867851737,false
317,sparse-pause-80,open_loop,80,4007,4006,80.14,21.0825737362793,199.8898834118445,262.2338163217846,324.96636796102393,false
317,sparse-pause-80,closed_loop,80,3773,3772,75.46,10.704969023630838,30.704150305173243,251.9340453124969,269.42112540676317,false
318,sparse-pause-80,open_loop,80,4076,4076,81.52,22.130253281568002,242.61956129447935,293.14597619792767,351.3517949208144,false
318,sparse-pause-80,closed_loop,80,3769,3768,75.38,10.689644163034245,31.905598725123127,252.56718448713218,273.50817498327524,false
319,sparse-pause-80,open_loop,80,3914,3907,78.28,20.171774434114923,218.3983657734534,267.49858959381527,318.38071599988325,false
319,sparse-pause-80,closed_loop,80,3770,3754,75.4,10.79064398202172,38.92931300023156,252.58569135205653,272.2993138681195,false
320,sparse-pause-80,open_loop,80,4026,4006,80.52,21.028379932053213,238.8027653354584,285.1446882371529,344.2761214311831,false
320,sparse-pause-80,closed_loop,80,3766,3757,75.32,10.51717102323164,34.537912729439995,252.3827475603539,280.3573683813156,false
1,bursty-pause-80,open_loop,80,4017,4016,80.34,28.246979822000867,670.6764550832158,792.1251481765648,844.5246037357792,false
1,bursty-pause-80,closed_loop,80,3584,3583,71.68,10.37295763608563,25.409101630400983,795.7446280074873,829.7735209165112,false
2,bursty-pause-80,open_loop,80,4002,4001,80.04,29.179848910738656,724.2633643671725,811.9264763642641,861.6946064308577,false
2,bursty-pause-80,closed_loop,80,3581,3581,71.62,10.519527354990714,25.188135797769064,792.3099973744975,815.7439444423289,false
3,bursty-pause-80,open_loop,80,4042,4040,80.84,28.040029376585153,741.4107791188071,824.4620793070571,847.2256620151675,false
3,bursty-pause-80,closed_loop,80,3588,3587,71.76,10.27729207592347,24.369408950391517,794.4015926209468,826.8865762343994,false
4,bursty-pause-80,open_loop,80,4042,4039,80.84,36.47273742802463,748.6632434517378,825.6635471193513,856.3186233266933,false
4,bursty-pause-80,closed_loop,80,3581,3581,71.62,10.42803509953228,26.2480089269593,804.8867928134059,821.8855644448777,false
5,bursty-pause-80,open_loop,80,4043,4038,80.86,32.881552148788614,742.4460150026134,802.3583368359141,837.1817050116297,false
5,bursty-pause-80,closed_loop,80,3591,3590,71.82,9.967884275491087,24.26176407919047,798.4720571804064,823.4401096758811,false
6,bursty-pause-80,open_loop,80,4072,4072,81.44,33.18224009635742,664.9896566516109,771.6286133333051,828.4075712404228,false
6,bursty-pause-80,closed_loop,80,3584,3583,71.68,10.566203635778948,26.052016914814885,791.100547942191,825.8494639816854,false
7,bursty-pause-80,open_loop,80,3940,3940,78.8,26.39943945066625,689.4967293777845,799.0474792461791,831.6562573025658,false
7,bursty-pause-80,closed_loop,80,3589,3587,71.78,10.16555322878412,24.79086846663813,790.1617352525791,827.9838801238511,false
8,bursty-pause-80,open_loop,80,3930,3930,78.6,33.324039127039214,791.3258722746614,847.5195757637885,883.3798954103404,false
8,bursty-pause-80,closed_loop,80,3585,3583,71.7,10.335333962655568,25.802050142585358,795.8177563238933,818.1460060624486,false
9,bursty-pause-80,open_loop,80,4072,4071,81.44,30.466458805913135,711.7298678503648,792.9848762353322,848.6295714595399,false
9,bursty-pause-80,closed_loop,80,3585,3585,71.7,10.286785732336284,24.911418985597265,789.8104632802351,818.8806899114716,false
10,bursty-pause-80,open_loop,80,4020,4009,80.4,33.077836707841925,736.4316251697164,810.4591640616272,874.4713282055927,false
10,bursty-pause-80,closed_loop,80,3584,3582,71.68,10.259783474786673,26.542189247411443,789.7245110867261,825.7842869302331,false
11,bursty-pause-80,open_loop,80,4031,4031,80.62,31.276953574117215,696.3116323459471,801.1831880077043,842.7516361593989,false
11,bursty-pause-80,closed_loop,80,3578,3578,71.56,10.503900909461663,26.06336309194012,804.1636347051244,830.2313632556688,false
12,bursty-pause-80,open_loop,80,4018,4014,80.36,35.453574442835816,773.3487946023524,823.1507384761462,964.3902031991347,false
12,bursty-pause-80,closed_loop,80,3582,3581,71.64,10.493523382094281,26.327671802595432,800.4323381274589,832.9426743023578,false
13,bursty-pause-80,open_loop,80,4076,4075,81.52,40.06798114196863,733.9213047668381,799.054689653236,843.6010691549163,false
13,bursty-pause-80,closed_loop,80,3582,3582,71.64,10.399908929102821,26.463511067431682,788.6403012177689,827.2637976526748,false
14,bursty-pause-80,open_loop,80,3870,3869,77.4,26.60548980286694,731.9478647715332,835.5866206923383,875.8053894582026,false
14,bursty-pause-80,closed_loop,80,3579,3577,71.58,10.490773409259418,29.78016803432547,792.7012811387103,816.6790554480103,false
15,bursty-pause-80,open_loop,80,3983,3982,79.66,29.657823360845214,726.1463268560874,816.9764076377251,862.4876496353972,false
15,bursty-pause-80,closed_loop,80,3580,3579,71.6,10.409427653015882,24.665081961124088,804.9902036332933,827.1206672475964,false
16,bursty-pause-80,open_loop,80,3933,3926,78.66,32.80609193894634,663.0096563584302,801.7839634461707,845.2018278106134,false
16,bursty-pause-80,closed_loop,80,3584,3584,71.68,10.595515640183294,28.031371001765365,786.0216347801979,833.3364355357153,false
17,bursty-pause-80,open_loop,80,3992,3991,79.84,32.722146816820896,748.2692324757954,824.5347287535405,859.8385551696847,false
17,bursty-pause-80,closed_loop,80,3585,3584,71.7,10.426357878859562,26.07554406840427,788.2320826956093,824.1422642783509,false
18,bursty-pause-80,open_loop,80,3958,3952,79.16,33.936860498310125,775.7148006538337,813.1387441176194,842.4893952405182,false
18,bursty-pause-80,closed_loop,80,3586,3586,71.72,10.478948724732618,25.97264202396036,784.0334928685297,810.4262230848108,false
19,bursty-pause-80,open_loop,80,4091,4085,81.82,31.890770747093484,729.1976362904315,811.646655586359,845.6529130001873,false
19,bursty-pause-80,closed_loop,80,3583,3583,71.66,10.2174745317825,26.665509320671845,799.0917727982342,815.2034185551311,false
20,bursty-pause-80,open_loop,80,4015,4015,80.3,28.725890299800085,751.1061290599173,842.6748240240286,934.9172081442994,false
20,bursty-pause-80,closed_loop,80,3581,3581,71.62,10.493518151983153,26.453950363717013,798.1090180984975,830.1351998413302,false
21,bursty-pause-80,open_loop,80,4002,4001,80.04,29.493069527467014,766.2533215036237,820.3706877711556,847.8274432798426,false
21,bursty-pause-80,closed_loop,80,3580,3580,71.6,10.45883633118865,26.508214562800276,802.326096577006,822.4329049843727,false
22,bursty-pause-80,open_loop,80,4042,4042,80.84,36.84091151210305,730.6112103470878,829.8579155904663,877.6531499553748,false
22,bursty-pause-80,closed_loop,80,3577,3577,71.54,10.587379488286388,26.330448248376342,793.6749520550729,821.3336528816399,false
23,bursty-pause-80,open_loop,80,3982,3981,79.64,34.94640097780575,737.1577740472458,813.2703847657249,863.8229803669601,false
23,bursty-pause-80,closed_loop,80,3579,3579,71.58,10.557869342257618,25.255185288137,797.7378843017359,820.1581353965958,false
24,bursty-pause-80,open_loop,80,4001,3998,80.02,33.205189519747364,750.7473091575157,837.741666848051,865.7103470065413,false
24,bursty-pause-80,closed_loop,80,3582,3581,71.64,10.462543115983863,27.517425773767172,785.2983516253589,821.957720055143,false
25,bursty-pause-80,open_loop,80,4026,4024,80.52,27.919995731417657,711.2082171397342,805.0553929996531,863.9279084929713,false
25,bursty-pause-80,closed_loop,80,3584,3584,71.68,10.371044719591737,26.378951500635594,792.3193464907708,823.2189042105201,false
26,bursty-pause-80,open_loop,80,3899,3890,77.98,23.90629422294296,762.436670328425,850.2892756356778,879.8698107322416,false
26,bursty-pause-80,closed_loop,80,3583,3582,71.66,10.501725018544676,25.07808576482057,792.3588475784563,818.7251212787978,false
27,bursty-pause-80,open_loop,80,4086,4086,81.72,34.1690792336849,682.70969302921,808.7797519947198,845.2298445422675,false
27,bursty-pause-80,closed_loop,80,3581,3580,71.62,10.638267410624394,25.389755462354515,797.433826967921,838.2962064142193,false
28,bursty-pause-80,open_loop,80,4096,4094,81.92,32.24678773077176,719.2028459229987,812.5517210536782,837.0524815429962,false
28,bursty-pause-80,closed_loop,80,3585,3583,71.7,10.332857589040941,25.562354827401577,789.6443550769327,819.0487734881699,false
29,bursty-pause-80,open_loop,80,4113,4110,82.26,33.95155583858286,744.2256666070225,805.8655623171362,853.148377545378,false
29,bursty-pause-80,closed_loop,80,3578,3578,71.56,10.586251755434205,25.889716828241944,796.5213968691969,832.6520263259081,false
30,bursty-pause-80,open_loop,80,4092,4077,81.84,36.084507850084265,750.6397688272264,823.0093704343599,867.6024977725137,false
30,bursty-pause-80,closed_loop,80,3582,3581,71.64,10.662112899161002,26.298159501126065,792.806031230888,825.9293783053145,false
31,bursty-pause-80,open_loop,80,3939,3936,78.78,29.792081973726454,686.1159199216054,797.9373283121677,843.6790165025959,false
31,bursty-pause-80,closed_loop,80,3583,3582,71.66,10.27918610206325,26.32475764965784,796.2791702067661,820.2992522922596,false
32,bursty-pause-80,open_loop,80,4076,4070,81.52,29.812380527611822,677.9895716812389,806.4995536293354,845.8614250910596,false
32,bursty-pause-80,closed_loop,80,3577,3577,71.54,10.59512046628879,26.735811514306988,794.9080570425795,823.4180504860924,false
33,bursty-pause-80,open_loop,80,3986,3982,79.72,36.66496259473206,696.7013486971628,842.630525876426,892.0636551597781,false
33,bursty-pause-80,closed_loop,80,3580,3579,71.6,10.555645108543104,26.201188748382265,795.9754146085179,849.855248349093,false
34,bursty-pause-80,open_loop,80,3972,3970,79.44,29.667893023930446,687.4537358869056,784.3548788819535,823.3596859630234,false
34,bursty-pause-80,closed_loop,80,3587,3586,71.74,10.234010015621607,25.18703642532637,792.2598837851765,818.760845562123,false
35,bursty-pause-80,open_loop,80,4010,4008,80.2,29.294804841920268,728.281054360501,806.0786620001381,847.8898839992489,false
35,bursty-pause-80,closed_loop,80,3580,3578,71.6,10.640446325400262,25.530693795251864,798.7797521881366,823.2677910822313,false
36,bursty-pause-80,open_loop,80,4011,4009,80.22,34.60977227981493,743.962392718222,807.3297426715362,846.523632969067,false
36,bursty-pause-80,closed_loop,80,3581,3580,71.62,10.384242113708751,25.151204840229184,801.2190689486815,820.2125968132896,false
37,bursty-pause-80,open_loop,80,3899,3897,77.98,28.397657786235868,695.3049961718862,830.4978940489891,878.8643538484357,false
37,bursty-pause-80,closed_loop,80,3578,3577,71.56,10.920317020252696,26.73519959184341,784.0092029271618,828.1789625332094,false
38,bursty-pause-80,open_loop,80,3909,3908,78.18,28.747868644037226,733.0456446794124,804.9258550312152,861.1920428157246,false
38,bursty-pause-80,closed_loop,80,3587,3586,71.74,10.50692142783737,24.860082227172825,791.4544515370799,810.9755912937799,false
39,bursty-pause-80,open_loop,80,3964,3964,79.28,30.75040073744458,701.4841156468101,786.6082894562715,849.7870733938889,false
39,bursty-pause-80,closed_loop,80,3578,3578,71.56,10.510127572288184,27.697616848832695,797.3615263325264,831.4872947056901,false
40,bursty-pause-80,open_loop,80,4082,4080,81.64,38.48745847239843,714.4427952675251,822.8118182348735,858.4155706816091,false
40,bursty-pause-80,closed_loop,80,3580,3577,71.6,10.542724267947051,28.341904193821392,792.2675344692689,837.5276712328341,false
41,bursty-pause-80,open_loop,80,4022,4020,80.44,30.442835548070434,706.0946503281812,841.2641829755157,892.0195369666981,false
41,bursty-pause-80,closed_loop,80,3583,3583,71.66,10.600638182248076,24.434367602334532,797.0622879244838,818.669224373778,false
42,bursty-pause-80,open_loop,80,3960,3958,79.2,30.767859581595985,695.7991198236268,821.6270380965361,854.5018923943499,false
42,bursty-pause-80,closed_loop,80,3578,3578,71.56,10.493818655719224,27.58514210404246,788.8673469393289,824.8717405705902,false
43,bursty-pause-80,open_loop,80,3969,3968,79.38,29.829009257926373,687.0646653041149,815.6113676322166,840.4826561760055,false
43,bursty-pause-80,closed_loop,80,3582,3582,71.64,10.36737488998915,27.18333148327656,786.6396902974011,817.6837705763028,false
44,bursty-pause-80,open_loop,80,4061,4061,81.22,30.941444162068365,765.9854244473572,812.4005976783337,833.7786186849953,false
44,bursty-pause-80,closed_loop,80,3584,3583,71.68,10.444211353300489,26.36940098355626,789.9811661968852,825.2757344221682,false
45,bursty-pause-80,open_loop,80,3937,3935,78.74,26.309518620932067,710.5377640363586,773.3199916951653,827.7356580649612,false
45,bursty-pause-80,closed_loop,80,3580,3578,71.6,10.602554280692857,26.3778627411848,797.9011249929463,851.6664748537332,false
46,bursty-pause-80,open_loop,80,4033,4032,80.66,32.622540403172025,762.7262675973943,871.484082254432,934.3667302182512,false
46,bursty-pause-80,closed_loop,80,3585,3584,71.7,10.210106761653151,25.32576124897969,799.0758487478888,823.5415332631965,false
47,bursty-pause-80,open_loop,80,4115,4114,82.3,32.39927249403263,726.730093832397,805.2687478566295,868.892757260146,false
47,bursty-pause-80,closed_loop,80,3581,3580,71.62,10.514449698763201,26.913998133532004,792.0273721706617,815.6123215770167,false
48,bursty-pause-80,open_loop,80,3965,3965,79.3,33.493138744699536,660.823940347931,803.7494535743608,857.9540308833311,false
48,bursty-pause-80,closed_loop,80,3578,3577,71.56,10.59664975501073,26.102319386838644,798.342869180371,836.803552279518,false
49,bursty-pause-80,open_loop,80,4045,4043,80.9,31.131996013689786,717.5846043508936,840.7716030841293,897.3931574917369,false
49,bursty-pause-80,closed_loop,80,3586,3585,71.72,10.356099515789538,24.179697452378605,783.5218563326489,809.0803992657238,false
50,bursty-pause-80,open_loop,80,4031,4028,80.62,31.165967101969727,700.2864358778825,835.2342735560451,905.8827628245708,false
50,bursty-pause-80,closed_loop,80,3585,3585,71.7,10.30876133984566,25.336181343031058,799.9891865810132,821.5974578955793,false
51,bursty-pause-80,open_loop,80,4021,4019,80.42,33.793794082717795,690.8716918375867,799.3409794581967,845.8936266006458,false
51,bursty-pause-80,closed_loop,80,3586,3585,71.72,10.469390932012175,26.440516491204107,781.8952750585377,813.2281018261056,false
52,bursty-pause-80,open_loop,80,4072,4071,81.44,38.6066429334096,692.0749881443844,813.5640350564572,854.9694580813957,false
52,bursty-pause-80,closed_loop,80,3584,3582,71.68,10.836379112490249,25.61806646220066,789.8154963890593,829.5419613230406,false
53,bursty-pause-80,open_loop,80,4055,4050,81.1,35.33166905219332,662.8057344760055,787.0708664730482,910.1635888098281,false
53,bursty-pause-80,closed_loop,80,3586,3586,71.72,10.43566933459806,25.3539643569311,794.2464666074848,818.3653629644759,false
54,bursty-pause-80,open_loop,80,4132,4132,82.64,43.62264689977019,769.2875487316815,848.0480673351703,920.468819526046,false
54,bursty-pause-80,closed_loop,80,3581,3580,71.62,10.633754780625168,25.640319186677516,792.9472523530349,824.0035046365883,false
55,bursty-pause-80,open_loop,80,3899,3899,77.98,26.424942878900765,627.4857786219873,794.8836704840214,854.3783458043254,false
55,bursty-pause-80,closed_loop,80,3587,3587,71.74,10.423329270612157,26.02530425661098,784.4749655126616,820.9097872884668,false
56,bursty-pause-80,open_loop,80,3942,3942,78.84,26.81661379319121,676.2566202214257,801.7856422815239,853.9075750499105,false
56,bursty-pause-80,closed_loop,80,3585,3584,71.7,10.36532482799521,24.440048996246333,790.4742849320319,825.392227005068,false
57,bursty-pause-80,open_loop,80,3984,3982,79.68,29.425176596727397,712.7704284640495,819.3921354407757,850.9897910305299,false
57,bursty-pause-80,closed_loop,80,3586,3585,71.72,10.639275357520091,25.560793938009738,791.4239462733349,817.3619197177686,false
58,bursty-pause-80,open_loop,80,3930,3926,78.6,25.291005784787558,719.0189183572256,806.3883629701104,858.7920913129637,false
58,bursty-pause-80,closed_loop,80,3581,3581,71.62,10.289266298022994,27.446130077019916,791.843292370635,846.8156080411936,false
59,bursty-pause-80,open_loop,80,3920,3920,78.4,28.918940685645794,741.5951040001273,828.9848014512881,881.7247388061041,false
59,bursty-pause-80,closed_loop,80,3593,3591,71.86,10.152544883159862,22.81946216417782,794.6821454371457,816.2651200143082,false
60,bursty-pause-80,open_loop,80,4031,4028,80.62,29.834056233568845,694.7135840952287,826.4622582854063,885.9062409048638,false
60,bursty-pause-80,closed_loop,80,3575,3574,71.5,10.6104409444888,28.350402989854047,803.6941973286739,826.7533417589766,false
61,bursty-pause-80,open_loop,80,4058,4055,81.16,32.37566276175494,726.1205163783306,833.1673534462061,879.9774289109773,false
61,bursty-pause-80,closed_loop,80,3580,3580,71.6,10.584589617203164,27.512430222530384,801.2453328532174,821.4653443631396,false
62,bursty-pause-80,open_loop,80,4062,4062,81.24,33.451035200458136,700.3165836355183,811.2711467917507,849.6687591788359,false
62,bursty-pause-80,closed_loop,80,3586,3586,71.72,10.131412760125386,24.830075377962203,798.8923806092826,824.4325360895637,false
63,bursty-pause-80,open_loop,80,4121,4116,82.42,31.11924696971255,732.1617267878464,830.2152324557173,888.7491766571438,false
63,bursty-pause-80,closed_loop,80,3573,3571,71.46,10.812318790674908,27.01120646540403,799.9441247952564,836.1822127966516,false
64,bursty-pause-80,open_loop,80,4052,4051,81.04,33.72010842925738,808.5055947539367,848.4688954159137,879.3747002219716,false
64,bursty-pause-80,closed_loop,80,3581,3580,71.62,10.37568362494494,25.539263599366677,802.7482561219113,829.4540711585141,false
65,bursty-pause-80,open_loop,80,3946,3946,78.92,29.582786145127102,721.4147225294728,810.2573938212445,914.6100333401337,false
65,bursty-pause-80,closed_loop,80,3583,3582,71.66,10.213597785863385,25.43521566594427,804.5106227353681,823.3109713309204,false
66,bursty-pause-80,open_loop,80,3995,3992,79.9,29.756534958341945,726.6314239266685,806.8780585157292,878.5188203560465,false
66,bursty-pause-80,closed_loop,80,3586,3585,71.72,10.393730491545284,26.144118726209854,793.2047553998491,817.723064766993,false
67,bursty-pause-80,open_loop,80,4013,4013,80.26,32.973484710397315,721.722006396747,810.671146383087,849.7161422091303,false
67,bursty-pause-80,closed_loop,80,3579,3578,71.58,10.618921422810672,26.725115880879457,789.5382181436944,827.4559793118751,false
68,bursty-pause-80,open_loop,80,4009,4008,80.18,36.53492539465151,739.0239560251503,804.0374581648139,828.0220504156314,false
68,bursty-pause-80,closed_loop,80,3578,3577,71.56,10.608373276794737,25.865377828347846,797.8491130226175,824.6657491214137,false
69,bursty-pause-80,open_loop,80,4037,4037,80.74,32.067306615521375,735.3918725293333,816.5992795213097,857.4429134718303,false
69,bursty-pause-80,closed_loop,80,3579,3578,71.58,10.557076349447016,26.848028903212253,795.1405955474984,828.2491655572958,false
70,bursty-pause-80,open_loop,80,3989,3988,79.78,30.361401823807682,658.3990892188158,791.7720836570952,843.3403601782557,false
70,bursty-pause-80,closed_loop,80,3584,3582,71.68,10.502157862225431,27.082730791262293,791.152346162271,817.9111665704695,false
71,bursty-pause-80,open_loop,80,3975,3975,79.5,29.698733391836868,752.4463530390931,833.2157728255552,894.505292671136,false
71,bursty-pause-80,closed_loop,80,3578,3577,71.56,10.67869875019096,28.820676990639186,790.6628489863215,816.4814600433929,false
72,bursty-pause-80,open_loop,80,4085,4085,81.7,43.37468179065763,720.4110253662948,823.4754877600571,862.7953518026152,false
72,bursty-pause-80,closed_loop,80,3583,3582,71.66,10.362074559394387,27.199996525661845,786.1308620079435,821.0626264289276,false
73,bursty-pause-80,open_loop,80,3952,3950,79.04,29.671872378919943,769.6806955444881,836.8363176180719,868.0058323880949,false
73,bursty-pause-80,closed_loop,80,3588,3587,71.76,10.317301201059308,25.126029807426676,795.2723444485891,828.2657936985706,false
74,bursty-pause-80,open_loop,80,3955,3953,79.1,26.459228000043368,710.3634618550968,792.7082735622316,852.9868986070214,false
74,bursty-pause-80,closed_loop,80,3584,3583,71.68,10.453783530108922,25.86401998551446,789.9151678775888,808.8543892252274,false
75,bursty-pause-80,open_loop,80,3958,3958,79.16,29.0343135384137,764.414521943545,836.9078640079679,898.3658489094742,false
75,bursty-pause-80,closed_loop,80,3582,3581,71.64,10.622705275964108,25.826822750015708,795.0216772961794,814.7618223074605,false
76,bursty-pause-80,open_loop,80,4053,4051,81.06,27.349309875746258,737.5367991654057,799.3093108088906,838.743572552019,false
76,bursty-pause-80,closed_loop,80,3585,3585,71.7,10.424019122932805,26.78993612997874,789.0110172060813,823.7466164803191,false
77,bursty-pause-80,open_loop,80,3909,3908,78.18,29.68930675876618,633.9776228425981,793.1416841288701,837.775565343989,false
77,bursty-pause-80,closed_loop,80,3581,3580,71.62,10.463363305279927,26.350946053404186,790.6634867717512,830.4996117455812,false
78,bursty-pause-80,open_loop,80,3956,3953,79.12,30.84941682144199,728.8356576464575,842.97046983787,889.7368938632571,false
78,bursty-pause-80,closed_loop,80,3583,3582,71.66,10.374608224457916,26.60344068238919,783.1829545367073,823.9368198410375,false
79,bursty-pause-80,open_loop,80,3970,3970,79.4,30.288328818678565,772.822500006383,857.5357515242686,906.4405665356171,false
79,bursty-pause-80,closed_loop,80,3575,3573,71.5,10.713339847294264,26.71439762545924,799.7488537611644,825.050741453666,false
80,bursty-pause-80,open_loop,80,3911,3910,78.22,29.255858699825694,688.3678575319936,790.4050855578462,845.7101490546411,false
80,bursty-pause-80,closed_loop,80,3584,3582,71.68,10.40637443428568,24.155357801959326,802.5527776455929,827.7086036486362,false
81,bursty-pause-80,open_loop,80,4062,4062,81.24,38.173025784650235,713.4965364002273,816.2641389198761,878.3036524646013,false
81,bursty-pause-80,closed_loop,80,3581,3580,71.62,10.763555952074967,25.687620850520034,788.6277227427308,831.0589694629507,false
82,bursty-pause-80,open_loop,80,3927,3927,78.54,27.639656742445368,695.2541551033864,784.1499318325514,824.371169401391,false
82,bursty-pause-80,closed_loop,80,3582,3581,71.64,10.515731928684545,25.768070216487104,796.1995592821186,816.7478645067677,false
83,bursty-pause-80,open_loop,80,4016,4013,80.32,31.54029345687013,750.0329396006346,813.8786083477862,843.1918629144602,false
83,bursty-pause-80,closed_loop,80,3585,3583,71.7,10.403925211590831,24.964742352545727,796.4261561595558,821.5855539948825,false
84,bursty-pause-80,open_loop,80,3992,3990,79.84,29.808287958336223,740.4467891117092,819.4370668245356,860.8275103081614,false
84,bursty-pause-80,closed_loop,80,3579,3578,71.58,10.452176772629173,27.198762111693213,800.9341661689177,820.8160524246669,false
85,bursty-pause-80,open_loop,80,3978,3978,79.56,34.83107391247904,723.0140826699644,822.1575351166284,850.2091660706319,false
85,bursty-pause-80,closed_loop,80,3582,3581,71.64,10.2972453026523,27.306873834968428,798.3690284147233,829.08394823454,false
86,bursty-pause-80,open_loop,80,4028,4025,80.56,33.18165923431661,742.8974545247984,814.5970375534071,855.1895726987786,false
86,bursty-pause-80,closed_loop,80,3576,3575,71.52,10.803264120666427,27.936853871804487,794.0265003637141,836.203394776061,false
87,bursty-pause-80,open_loop,80,3935,3932,78.7,31.790781336007058,710.7203476997165,808.6472839320522,861.7991004875439,false
87,bursty-pause-80,closed_loop,80,3580,3579,71.6,10.449499246802588,25.315866830911546,797.2000573568221,833.097080585736,false
88,bursty-pause-80,open_loop,80,3985,3984,79.7,30.577335402900644,716.8601559019917,809.3732452579497,841.5714673470466,false
88,bursty-pause-80,closed_loop,80,3576,3575,71.52,10.683160449792922,26.608254535145534,799.1299516313884,833.73136483095,false
89,bursty-pause-80,open_loop,80,4117,4117,82.34,33.77553277017432,734.4428326535708,808.3800044372874,881.7541652254076,false
89,bursty-pause-80,closed_loop,80,3581,3580,71.62,10.828171951819968,27.50429451320815,787.0375545896895,836.0211130273365,false
90,bursty-pause-80,open_loop,80,3969,3964,79.38,28.161847658702754,704.4951244747845,797.6744049704394,850.4624723550514,false
90,bursty-pause-80,closed_loop,80,3585,3584,71.7,10.15636921692203,25.74828465403698,805.0059285044481,829.7258223921854,false
91,bursty-pause-80,open_loop,80,4083,4081,81.66,35.78053823890514,704.1868146936686,794.111816589153,855.8964867433533,false
91,bursty-pause-80,closed_loop,80,3585,3584,71.7,10.377070552087389,25.10432596423925,791.5979526198316,821.5914049491112,false
92,bursty-pause-80,open_loop,80,3928,3926,78.56,32.14951901151653,726.3900555624823,813.0529135663564,867.7177139130945,false
92,bursty-pause-80,closed_loop,80,3577,3576,71.54,10.583754276020045,28.22974666115624,793.069199889731,817.9501648167134,false
93,bursty-pause-80,open_loop,80,4036,4036,80.72,36.06168736840482,789.2496802896749,850.011747379991,896.0461114964928,false
93,bursty-pause-80,closed_loop,80,3585,3584,71.7,10.531132563352003,28.840539104203344,788.1209407244678,814.4788051310534,false
94,bursty-pause-80,open_loop,80,3983,3981,79.66,30.964553359193815,696.7555265973751,770.1016594777102,836.2224682316591,false
94,bursty-pause-80,closed_loop,80,3588,3588,71.76,10.358686757324904,26.028201406723383,784.7586247444069,814.0169591175218,false
95,bursty-pause-80,open_loop,80,3974,3974,79.48,26.23142326008383,744.3159002790471,830.1101650314376,861.6981331237694,false
95,bursty-pause-80,closed_loop,80,3588,3587,71.76,10.190674274424964,26.08089463658689,791.0809812193165,814.7919483225305,false
96,bursty-pause-80,open_loop,80,3991,3988,79.82,27.95970882957772,675.8305033098659,778.6449975460018,828.6389248621708,false
96,bursty-pause-80,closed_loop,80,3583,3582,71.66,10.59209713578457,24.850604006265712,789.2278366079081,824.2721409632322,false
97,bursty-pause-80,open_loop,80,3951,3951,79.02,32.49995925287112,723.496650658195,815.6198265574567,874.99554789385,false
97,bursty-pause-80,closed_loop,80,3584,3584,71.68,10.51578020488887,25.54265369301902,788.7687328179854,820.3684420177524,false
98,bursty-pause-80,open_loop,80,3913,3912,78.26,31.64826283286675,687.0133784258869,803.0624088606492,830.0273112587129,false
98,bursty-pause-80,closed_loop,80,3582,3581,71.64,10.441357582061755,25.13282841817272,797.4968114658241,820.2006452589485,false
99,bursty-pause-80,open_loop,80,3926,3926,78.52,31.684095836902998,709.6130915946414,791.6608044363893,861.1870047084976,false
99,bursty-pause-80,closed_loop,80,3580,3580,71.6,10.486051091389527,25.60936383333319,793.6270762770146,827.1839766365811,false
100,bursty-pause-80,open_loop,80,4013,4013,80.26,27.275854157607682,713.9210480504989,777.8169650200161,824.9183397709348,false
100,bursty-pause-80,closed_loop,80,3586,3585,71.72,10.35559654282406,24.90724473830778,796.3098730736856,834.3827834776857,false
101,bursty-pause-80,open_loop,80,3870,3869,77.4,27.206767795392807,735.7866896418054,825.0457896066073,852.2874920989416,false
101,bursty-pause-80,closed_loop,80,3570,3569,71.4,10.80439051117719,29.72977812733734,797.9079220756466,832.1007139380745,false
102,bursty-pause-80,open_loop,80,3930,3930,78.6,26.715836691648292,716.8760954031823,810.9892906547029,843.1359286828338,false
102,bursty-pause-80,closed_loop,80,3573,3572,71.46,10.49836818332551,28.85868514932372,806.8393940946917,843.0192162725652,false
103,bursty-pause-80,open_loop,80,3969,3968,79.38,28.064208180374408,680.5111441851332,824.4838032053685,864.0381923879468,false
103,bursty-pause-80,closed_loop,80,3586,3586,71.72,10.40517679178447,25.745895827625645,797.0915443671038,830.6842284322229,false
104,bursty-pause-80,open_loop,80,4050,4050,81,32.07967522911349,659.2997731158575,761.0417050509241,834.1280796342835,false
104,bursty-pause-80,closed_loop,80,3586,3586,71.72,10.31705733112176,24.636006838307367,796.673161629642,833.1211758775062,false
105,bursty-pause-80,open_loop,80,4104,4090,82.08,33.12305227886827,748.308294041839,827.8014275274036,866.7915688050343,false
105,bursty-pause-80,closed_loop,80,3579,3577,71.58,10.591265157319867,27.56869390889915,792.6464332715041,819.5167510903411,false
106,bursty-pause-80,open_loop,80,3997,3996,79.94,32.457717631637934,721.7711934418694,807.9837701325487,838.2916431374833,false
106,bursty-pause-80,closed_loop,80,3581,3581,71.62,10.483919010868703,26.842098380251628,790.1395486678921,815.7640399435331,false
107,bursty-pause-80,open_loop,80,4141,4140,82.82,42.180027688111295,706.7089689919812,807.1125834022532,881.1317704681569,false
107,bursty-pause-80,closed_loop,80,3584,3583,71.68,10.246058098826325,26.974446840282326,797.7674000389052,814.8218316001403,false
108,bursty-pause-80,open_loop,80,3878,3878,77.56,23.15894074985772,710.6919418026373,816.1771697362601,860.9726291671832,false
108,bursty-pause-80,closed_loop,80,3580,3580,71.6,10.458930175183923,27.17214215147942,796.3207333549526,830.3730052969186,false
109,bursty-pause-80,open_loop,80,3977,3971,79.54,31.4549573598415,699.649215118261,823.8109654640612,906.9753304257247,false
109,bursty-pause-80,closed_loop,80,3579,3579,71.58,10.614017312916985,26.069482008453633,799.1260540623734,828.6182844272334,false
110,bursty-pause-80,open_loop,80,4033,4032,80.66,27.605963172180054,717.5137635507563,821.8598402529024,840.9137989300107,false
110,bursty-pause-80,closed_loop,80,3580,3577,71.6,10.49362183977064,27.082935642742086,796.1133124011503,818.3386839904215,false
111,bursty-pause-80,open_loop,80,4070,4068,81.4,28.855731904055574,675.6199399431061,804.4417531287545,866.8002306646777,false
111,bursty-pause-80,closed_loop,80,3588,3586,71.76,10.499976318536937,26.453156817224226,781.0387815792346,819.4067128945462,false
112,bursty-pause-80,open_loop,80,4052,4047,81.04,29.604135923342255,698.2575438182175,805.2943747391837,840.1967488075315,false
112,bursty-pause-80,closed_loop,80,3574,3572,71.48,10.41098212495126,28.39476377164101,803.0877198470771,821.6507219648047,false
113,bursty-pause-80,open_loop,80,3953,3944,79.06,24.943641850073618,666.811937954044,818.5739767582672,850.6455405328124,false
113,bursty-pause-80,closed_loop,80,3578,3577,71.56,10.832529342609632,26.502897174366808,794.1678580435619,826.135830052328,false
114,bursty-pause-80,open_loop,80,4047,4047,80.94,31.646694963132177,733.155443700969,831.0217064250319,867.4937583204082,false
114,bursty-pause-80,closed_loop,80,3578,3577,71.56,10.400781332369661,26.301763356663287,800.6426006771471,832.2889135980004,false
115,bursty-pause-80,open_loop,80,3975,3975,79.5,27.597429595989524,694.9915266597927,809.8675932695114,838.6801366680374,false
115,bursty-pause-80,closed_loop,80,3581,3580,71.62,10.432419162221777,25.770944307478203,800.0637259616633,825.6408469828821,false
116,bursty-pause-80,open_loop,80,3948,3947,78.96,29.706505633352208,736.5105032028732,824.9691927360545,844.2032197509834,false
116,bursty-pause-80,closed_loop,80,3584,3583,71.68,10.324956823169487,24.495111785432528,799.782292801423,820.9159218138811,false
117,bursty-pause-80,open_loop,80,4012,4010,80.24,37.71704176488856,782.7792100711049,862.7341223277253,890.5799860357838,false
117,bursty-pause-80,closed_loop,80,3584,3583,71.68,10.577093392545066,24.90356885088113,785.1477836643935,828.7175819395743,false
118,bursty-pause-80,open_loop,80,4000,4000,80,29.11623196248547,748.5674463255491,824.7961419333078,901.0506270030892,false
118,bursty-pause-80,closed_loop,80,3589,3588,71.78,10.21515017861384,25.348965978253545,788.6977931525726,814.8364137597528,false
119,bursty-pause-80,open_loop,80,4069,4068,81.38,37.76006703035819,691.9757618152653,809.686863255838,864.8232177591854,false
119,bursty-pause-80,closed_loop,80,3586,3585,71.72,10.19530687981387,25.165028066192463,791.6167891133518,823.0605504322812,false
120,bursty-pause-80,open_loop,80,4020,4019,80.4,31.109038912545657,734.2933050672,809.3286893418408,838.8273551706261,false
120,bursty-pause-80,closed_loop,80,3581,3580,71.62,10.468936258897884,25.643262258541654,801.5525036655599,826.04997848309,false
121,bursty-pause-80,open_loop,80,3966,3965,79.32,31.14938891409838,757.7113837606521,825.9626792520794,862.2025005284704,false
121,bursty-pause-80,closed_loop,80,3586,3585,71.72,10.190330531695508,24.29860177551018,802.8390788437755,830.0683077563444,false
122,bursty-pause-80,open_loop,80,4076,4060,81.52,32.22254595164122,698.9216202325988,783.675190531465,862.5302170637806,false
122,bursty-pause-80,closed_loop,80,3582,3581,71.64,10.451418912693043,27.606839368585497,788.4312262779567,825.8039310950699,false
123,bursty-pause-80,open_loop,80,4040,4038,80.8,35.15014179445279,682.5092691732862,795.5662413373284,837.6874168564464,false
123,bursty-pause-80,closed_loop,80,3578,3577,71.56,10.585686801248812,25.9765652478236,800.0315172079427,820.1564196391118,false
124,bursty-pause-80,open_loop,80,4076,4074,81.52,31.55132865457199,744.2547613021015,843.3561566386597,885.7317777827011,false
124,bursty-pause-80,closed_loop,80,3584,3583,71.68,10.612414502926185,25.290355821765843,796.3652589532321,820.296418249789,false
125,bursty-pause-80,open_loop,80,3964,3962,79.28,28.10018863048026,711.131768420506,805.3080619855973,844.4128728621654,false
125,bursty-pause-80,closed_loop,80,3579,3577,71.58,10.620566334659088,26.800738571117108,794.6895868973079,815.3511698163966,false
126,bursty-pause-80,open_loop,80,4031,4029,80.62,26.8445885458641,728.6721510264197,823.2608434822905,858.0292812876942,false
126,bursty-pause-80,closed_loop,80,3590,3589,71.8,10.457244235600228,25.947255504506757,785.1607906635036,819.9743176477641,false
127,bursty-pause-80,open_loop,80,4001,3998,80.02,27.047451031103265,705.8680736234528,864.8508571806524,907.641255689523,false
127,bursty-pause-80,closed_loop,80,3578,3577,71.56,10.507211586662379,26.54964078530611,804.9211952881706,833.9975756144777,false
128,bursty-pause-80,open_loop,80,4054,4052,81.08,30.607649520221457,748.1913866524628,846.396431146135,888.868022247807,false
128,bursty-pause-80,closed_loop,80,3582,3581,71.64,10.535365866104257,27.573238687917183,794.0018632065476,815.5551846586241,false
129,bursty-pause-80,open_loop,80,4032,4031,80.64,29.397033756322344,740.1388176741457,816.0421254648172,890.783830049193,false
129,bursty-pause-80,closed_loop,80,3587,3586,71.74,10.16658438012746,25.914552627356898,793.3159373693561,819.2265775113337,false
130,bursty-pause-80,open_loop,80,4085,4084,81.7,42.52095043308873,718.6582256774273,818.477526294846,864.6859717844272,false
130,bursty-pause-80,closed_loop,80,3576,3576,71.52,10.862712951391586,28.782626052772684,786.6954546790439,814.8095231161424,false
131,bursty-pause-80,open_loop,80,4005,4004,80.1,29.70152266839432,674.1125501352908,808.5934014211816,856.1398863818958,false
131,bursty-pause-80,closed_loop,80,3586,3585,71.72,10.479184332012665,26.565575544904277,788.5049427239646,826.2574980089121,false
132,bursty-pause-80,open_loop,80,4042,4033,80.84,30.80507263893196,739.8293781248285,824.777024324605,859.2959457979341,false
132,bursty-pause-80,closed_loop,80,3588,3587,71.76,10.509043152007507,25.674746215925552,781.3326984284358,817.5786046599023,false
133,bursty-pause-80,open_loop,80,3930,3930,78.6,27.111792469098873,751.2177518699427,820.2293038203061,849.3714111320114,false
133,bursty-pause-80,closed_loop,80,3586,3585,71.72,10.29339119726501,24.58646581256471,801.1442574749017,816.1088474917487,false
134,bursty-pause-80,open_loop,80,4041,4041,80.82,32.48688965650945,733.6984250580681,816.0488320819131,869.0144694380651,false
134,bursty-pause-80,closed_loop,80,3578,3577,71.56,10.61302804434672,27.46696252925176,801.1581357224659,824.9836625129828,false
135,bursty-pause-80,open_loop,80,4001,3992,80.02,31.9382993915533,746.0893875395413,800.4977658758798,848.9829940153795,false
135,bursty-pause-80,closed_loop,80,3589,3588,71.78,10.332843279422377,26.060383354790247,780.7686488558211,823.1284979216143,false
136,bursty-pause-80,open_loop,80,4054,4049,81.08,33.98634143234813,732.1657908103225,838.8154031915692,901.4833579817423,false
136,bursty-pause-80,closed_loop,80,3582,3580,71.64,10.373603937918233,28.611177395556297,791.3957767380052,820.5845656058846,false
137,bursty-pause-80,open_loop,80,4001,4001,80.02,29.486939389222243,735.079200517197,855.6784947807027,893.7576950024959,false
137,bursty-pause-80,closed_loop,80,3578,3577,71.56,10.609884030702233,27.390516773069976,788.3672323253995,815.3268010223983,false
138,bursty-pause-80,open_loop,80,3965,3965,79.3,27.411405418533832,689.9179445406407,811.6749937586355,841.7526422436204,false
138,bursty-pause-80,closed_loop,80,3580,3579,71.6,10.554990732278384,26.69871456049441,796.0328187217383,821.6966878409439,false
139,bursty-pause-80,open_loop,80,3986,3985,79.72,34.81528341808007,674.5398202295473,798.6241584315758,839.1002011244564,false
139,bursty-pause-80,closed_loop,80,3572,3570,71.44,10.597202753859165,27.632581067187857,804.8917125040316,830.1460343256986,false
140,bursty-pause-80,open_loop,80,4026,4024,80.52,32.877790106707835,761.5160287302715,833.2607013677407,881.1760030880978,false
140,bursty-pause-80,closed_loop,80,3586,3585,71.72,10.503373309693416,26.497352724472876,786.1959922374008,826.5544740920413,false
141,bursty-pause-80,open_loop,80,4025,4023,80.5,39.54489123999156,715.0444836451279,819.1781131023527,873.7031733063413,false
141,bursty-pause-80,closed_loop,80,3587,3586,71.74,10.316326340303931,25.359951470440137,791.3968625664638,830.8100249231502,false
142,bursty-pause-80,open_loop,80,4026,4026,80.52,31.664744812635035,747.0681079072638,848.0696161402993,900.628516718316,false
142,bursty-pause-80,closed_loop,80,3580,3579,71.6,10.330471963050513,26.526812319225428,801.7643665102005,820.7627846815158,false
143,bursty-pause-80,open_loop,80,3969,3960,79.38,34.81142579184234,700.1218690204405,833.5405945640814,914.684038393214,false
143,bursty-pause-80,closed_loop,80,3585,3585,71.7,10.466003709399956,25.882655214798433,786.9658077471177,815.1513176477092,false
144,bursty-pause-80,open_loop,80,3980,3976,79.6,26.30754202360913,683.959106130802,795.3899213334262,869.640996656035,false
144,bursty-pause-80,closed_loop,80,3583,3583,71.66,10.57469872495858,25.285538325486414,790.4377369298818,810.9440606272401,false
145,bursty-pause-80,open_loop,80,3890,3888,77.8,29.07400098288781,713.3876890565298,798.0136506681229,848.3055195235065,false
145,bursty-pause-80,closed_loop,80,3587,3586,71.74,10.356659583332657,27.2236015159433,793.7646846566422,818.8043481421191,false
146,bursty-pause-80,open_loop,80,3988,3986,79.76,29.78354050203052,727.9834466198299,800.4216889897925,828.5084868422491,false
146,bursty-pause-80,closed_loop,80,3580,3580,71.6,10.676200591784436,25.413945568598137,794.8631966231769,814.3099654402613,false
147,bursty-pause-80,open_loop,80,4095,4093,81.9,32.251131688797614,701.1044534021275,798.3807333714722,851.1968729689634,false
147,bursty-pause-80,closed_loop,80,3587,3586,71.74,10.446849766653031,25.168918149927777,785.2996873207776,830.6409760109527,false
148,bursty-pause-80,open_loop,80,4025,4023,80.5,34.2320891988893,761.17212168072,835.6205144625528,863.9239739514524,false
148,bursty-pause-80,closed_loop,80,3586,3586,71.72,10.280967724625953,25.341271453862646,788.3279462169266,813.8320923023093,false
149,bursty-pause-80,open_loop,80,4142,4140,82.84,35.984563782956684,754.9395005757251,809.288196583082,839.3618197460019,false
149,bursty-pause-80,closed_loop,80,3587,3587,71.74,10.354949578686501,24.533878385220305,785.7350909265078,822.6951816845249,false
150,bursty-pause-80,open_loop,80,3976,3975,79.52,26.28858335989935,681.1964446862112,802.3151975919463,863.5301161533134,false
150,bursty-pause-80,closed_loop,80,3586,3586,71.72,10.360904697314254,27.36827202566201,783.8027116135418,823.5839866547649,false
151,bursty-pause-80,open_loop,80,3924,3921,78.48,28.323480223523802,681.3120815697839,812.2781280446925,874.5195926075576,false
151,bursty-pause-80,closed_loop,80,3581,3580,71.62,10.506198358576512,26.803521920875937,793.5175636434687,827.30197101269,false
152,bursty-pause-80,open_loop,80,4012,4012,80.24,29.660373986182094,711.0359702016431,818.5105628528036,863.1326526270859,false
152,bursty-pause-80,closed_loop,80,3592,3591,71.84,9.92423835990121,24.39864387311536,795.4903983187469,827.8867312663351,false
153,bursty-pause-80,open_loop,80,3908,3889,78.16,30.645377580462082,714.471610292072,813.3070385333049,851.9348300634301,false
153,bursty-pause-80,closed_loop,80,3582,3580,71.64,10.581131448243468,26.861131816425768,792.5681521526421,817.485277596028,false
154,bursty-pause-80,open_loop,80,3911,3911,78.22,28.675773486702383,745.2668273972049,813.2685425776726,855.005304391525,false
154,bursty-pause-80,closed_loop,80,3584,3583,71.68,10.413143652716826,26.65045105106401,782.9722024351213,813.2759141311763,false
155,bursty-pause-80,open_loop,80,3910,3908,78.2,27.592637348072458,703.2204868629633,801.3140278217215,843.3884788124851,false
155,bursty-pause-80,closed_loop,80,3587,3587,71.74,10.373505556497548,25.69333538729552,787.265713350349,811.1021878797037,false
156,bursty-pause-80,open_loop,80,3932,3931,78.64,26.650916884136677,750.4839898431965,799.0462196906228,836.8539645815581,false
156,bursty-pause-80,closed_loop,80,3593,3588,71.86,10.23499755224475,26.443715962657734,780.7504339298539,810.5501082449118,false
157,bursty-pause-80,open_loop,80,3973,3973,79.46,27.9400280719492,726.9764434440076,802.5667844388081,843.1205658527906,false
157,bursty-pause-80,closed_loop,80,3583,3583,71.66,10.40470836336317,23.91949118316552,803.1815082929024,824.7947478832102,false
158,bursty-pause-80,open_loop,80,4125,4109,82.5,30.74865741996291,744.8031356961001,815.2619435554952,861.7450260932455,false
158,bursty-pause-80,closed_loop,80,3587,3587,71.74,10.380940427636233,24.814741337060696,791.3386103207667,828.4349346151794,false
159,bursty-pause-80,open_loop,80,4048,4047,80.96,32.864049481209804,708.8119322916973,821.8044387165719,849.9049412654713,false
159,bursty-pause-80,closed_loop,80,3580,3578,71.6,10.516349634024664,27.660803619120998,783.615341569337,818.150032585083,false
160,bursty-pause-80,open_loop,80,4008,4002,80.16,24.873771945120097,756.2029517624105,818.4324387797096,863.3274832446841,false
160,bursty-pause-80,closed_loop,80,3576,3575,71.52,10.635556055880443,27.919660250125162,794.744711561405,829.6431978075852,false
161,bursty-pause-80,open_loop,80,3976,3972,79.52,27.981719355491805,727.8264638660985,818.722097146383,858.9070856246399,false
161,bursty-pause-80,closed_loop,80,3582,3580,71.64,10.397697961176164,26.21301938474062,802.3902886099386,823.7828384287204,false
162,bursty-pause-80,open_loop,80,4007,4007,80.14,30.75161165627651,758.7380682292423,825.7783152589473,880.5781423374538,false
162,bursty-pause-80,closed_loop,80,3587,3587,71.74,10.350097134549287,25.20293518716062,797.4840458777908,819.2429845135994,false
163,bursty-pause-80,open_loop,80,3888,3885,77.76,26.708925002829346,703.6503041967153,802.9015953752569,853.2115811537333,false
163,bursty-pause-80,closed_loop,80,3579,3579,71.58,10.545887319640315,26.2777872627139,799.2626143090129,822.2376045011624,false
164,bursty-pause-80,open_loop,80,4004,4004,80.08,29.766327329798514,735.6240471013953,813.895161430366,860.9087211790229,false
164,bursty-pause-80,closed_loop,80,3583,3581,71.66,10.66163555350795,25.923043973853055,795.1508819988303,830.6237014942126,false
165,bursty-pause-80,open_loop,80,4051,4049,81.02,27.776865222811466,731.3003353678578,808.5308007818603,839.7889020054354,false
165,bursty-pause-80,closed_loop,80,3582,3581,71.64,10.57866407209076,26.702358980706776,792.4933915209767,819.7100032193994,false
166,bursty-pause-80,open_loop,80,4006,4003,80.12,29.368001159713458,660.8859908321683,807.8982814028059,889.6369540619144,false
166,bursty-pause-80,closed_loop,80,3587,3585,71.74,10.254888040697551,25.4971513575656,789.1943764359457,821.4078656774545,false
167,bursty-pause-80,open_loop,80,4033,4030,80.66,31.91188284528471,719.0937826620357,827.2181096365348,871.1435499211439,false
167,bursty-pause-80,closed_loop,80,3579,3578,71.58,10.51240359730582,27.516962767411314,790.9451977829594,822.7064069860608,false
168,bursty-pause-80,open_loop,80,4021,4018,80.42,29.128777265854296,728.0868745965636,816.7211801603953,846.0614387555797,false
168,bursty-pause-80,closed_loop,80,3583,3583,71.66,10.414854319806182,26.506510613697174,792.3290199905496,821.986356275178,false
169,bursty-pause-80,open_loop,80,4028,4027,80.56,25.883167533320375,682.9830580351663,792.0511814625352,902.4601181503167,false
169,bursty-pause-80,closed_loop,80,3586,3585,71.72,10.387194344744785,24.788258516404312,786.3970998650111,813.6511527258772,false
170,bursty-pause-80,open_loop,80,4058,4056,81.16,30.578687641092984,711.1738424538235,787.7044809138242,839.1523434339178,false
170,bursty-pause-80,closed_loop,80,3582,3580,71.64,10.530245089328673,26.55705841551935,794.4440318056113,818.8123972051399,false
171,bursty-pause-80,open_loop,80,4011,4009,80.22,31.525888608957757,708.1358063105436,821.1569482006962,878.4604295286226,false
171,bursty-pause-80,closed_loop,80,3579,3578,71.58,10.612043848683243,26.487188550483552,799.5754731272173,830.5904063925191,false
172,bursty-pause-80,open_loop,80,3997,3996,79.94,29.400113720825175,731.557620746782,824.40149950255,854.1809784865691,false
172,bursty-pause-80,closed_loop,80,3579,3579,71.58,10.326363100859453,26.77568525552124,798.8361484097768,830.9016421161432,false
173,bursty-pause-80,open_loop,80,4033,4030,80.66,33.36899668596379,741.7638776003878,832.2679051294908,878.3742028693378,false
173,bursty-pause-80,closed_loop,80,3579,3578,71.58,10.622481514386891,27.56782191354978,787.6215559833072,816.7601539828684,false
174,bursty-pause-80,open_loop,80,4027,4025,80.54,35.9110479692572,749.128308975316,823.9098208143478,918.2834431984302,false
174,bursty-pause-80,closed_loop,80,3584,3583,71.68,10.51995946225361,27.148322105698753,784.8963545092665,821.615108549704,false
175,bursty-pause-80,open_loop,80,3995,3992,79.9,31.294866200936667,742.2355368967001,802.3069547351552,865.049342986702,false
175,bursty-pause-80,closed_loop,80,3585,3582,71.7,10.244604648960376,24.895666317541327,803.576920632142,827.7103007883561,false
176,bursty-pause-80,open_loop,80,3993,3992,79.86,29.1722995787095,686.3324248029821,817.5373536764455,859.6997039946873,false
176,bursty-pause-80,closed_loop,80,3575,3575,71.5,10.75250962220889,26.25273519876646,795.583145236902,822.1379379464306,false
177,bursty-pause-80,open_loop,80,3902,3899,78.04,26.695253139117995,729.4973538560735,833.5377014790356,865.5100389554427,false
177,bursty-pause-80,closed_loop,80,3585,3584,71.7,10.325565873732558,26.048665914542653,793.0707169140369,815.2440048462777,false
178,bursty-pause-80,open_loop,80,3969,3967,79.38,29.405212298064725,736.3143955316846,815.1076858492415,877.9370495837793,false
178,bursty-pause-80,closed_loop,80,3585,3585,71.7,10.535573426197516,26.04038635914185,788.2679421197136,819.2118481012367,false
179,bursty-pause-80,open_loop,80,4001,3999,80.02,35.134973777865525,726.185896738978,863.9808472858203,962.961464327258,false
179,bursty-pause-80,closed_loop,80,3584,3583,71.68,10.5819291728003,26.259002557009808,788.5534807691583,814.1155674251568,false
180,bursty-pause-80,open_loop,80,4015,4013,80.3,31.75016944156232,734.2826256716035,830.7183241875682,866.9220035812032,false
180,bursty-pause-80,closed_loop,80,3583,3583,71.66,10.392133735353127,26.81991162164195,797.3038998423726,822.658659726294,false
181,bursty-pause-80,open_loop,80,3957,3955,79.14,32.46152199621429,741.4881410779744,853.5702952898137,916.7134634400572,false
181,bursty-pause-80,closed_loop,80,3587,3584,71.74,10.231078091346717,25.60609677953471,795.0162396183296,812.7217382130402,false
182,bursty-pause-80,open_loop,80,4028,4028,80.56,30.190341282854206,697.9533619793365,831.3163108964691,868.7717996111642,false
182,bursty-pause-80,closed_loop,80,3584,3584,71.68,10.629198102105875,26.13794313613471,790.805381467515,817.053989581349,false
183,bursty-pause-80,open_loop,80,3869,3869,77.38,21.78623311759293,709.8432814793778,804.0682098430316,832.8642635102296,false
183,bursty-pause-80,closed_loop,80,3587,3587,71.74,10.258688372989127,25.521069657141197,791.7754385973931,817.5591287225507,false
184,bursty-pause-80,open_loop,80,3948,3947,78.96,33.89347524153709,780.5116321853966,833.7943155354442,904.2020384354983,false
184,bursty-pause-80,closed_loop,80,3580,3579,71.6,10.35450234045129,25.598682433817885,800.1193909458743,825.8491229866158,false
185,bursty-pause-80,open_loop,80,4029,4029,80.58,28.288149425443407,735.6624628621357,817.8796034976622,857.1483953902934,false
185,bursty-pause-80,closed_loop,80,3578,3578,71.56,10.426381138495344,26.294545558619575,796.2692337621738,819.00410707017,false
186,bursty-pause-80,open_loop,80,4081,4081,81.62,35.06785413714533,747.6333280775943,797.4152314557869,865.247213435101,false
186,bursty-pause-80,closed_loop,80,3590,3590,71.8,10.390297667756386,24.837349285167875,779.3113811220901,814.5095371844436,false
187,bursty-pause-80,open_loop,80,4065,4065,81.3,40.81995218226075,745.8485634715689,803.0077799055362,840.0454476728701,false
187,bursty-pause-80,closed_loop,80,3581,3580,71.62,10.46159118016294,26.67474116516678,800.045159970432,832.6146857956883,false
188,bursty-pause-80,open_loop,80,4027,4027,80.54,29.16649034726288,750.2913038967126,829.1146206936137,872.3345324250513,false
188,bursty-pause-80,closed_loop,80,3583,3582,71.66,10.389201321013388,25.691417621193978,796.3656855960289,820.617650677721,false
189,bursty-pause-80,open_loop,80,3955,3952,79.1,31.70884593674782,729.7086992101595,802.1324637474354,833.6209611941376,false
189,bursty-pause-80,closed_loop,80,3578,3578,71.56,10.539933770414791,26.183104713280045,799.7513939107885,836.5007806973517,false
190,bursty-pause-80,open_loop,80,3975,3974,79.5,30.1130389689788,715.1609283123689,798.476480593803,825.9168374364963,false
190,bursty-pause-80,closed_loop,80,3583,3583,71.66,10.409750718223222,24.948876485392248,791.5689326624888,816.7790015013888,false
191,bursty-pause-80,open_loop,80,3973,3973,79.46,30.486323681252543,711.299182171555,828.7930942105013,877.5837314519777,false
191,bursty-pause-80,closed_loop,80,3583,3582,71.66,10.399397661061812,25.844445828122844,798.7563809626081,825.9831865182423,false
192,bursty-pause-80,open_loop,80,3994,3991,79.88,29.214953817661808,717.8965989285207,792.3262892454441,833.9035546767627,false
192,bursty-pause-80,closed_loop,80,3586,3584,71.72,10.451590678901994,26.01382735703737,797.3522659003611,825.8479556382845,false
193,bursty-pause-80,open_loop,80,4090,4089,81.8,32.98779931035824,690.205407862326,800.0147295399929,858.9713023167606,false
193,bursty-pause-80,closed_loop,80,3582,3580,71.64,10.505149214892299,26.632342003518716,793.7239097717284,815.1143920586073,false
194,bursty-pause-80,open_loop,80,4016,4011,80.32,36.07214037853555,649.8215881312171,788.7154204394028,819.799336600503,false
194,bursty-pause-80,closed_loop,80,3580,3579,71.6,10.710936008144927,26.890559786203085,795.1786912674361,823.2311632107576,false
195,bursty-pause-80,open_loop,80,4097,4097,81.94,32.04238130350495,691.6430704577542,817.6874344261414,853.6560116891415,false
195,bursty-pause-80,closed_loop,80,3582,3582,71.64,10.511836851541375,25.8273284691968,791.7538365785622,828.4865912510068,false
196,bursty-pause-80,open_loop,80,3945,3945,78.9,28.33589483203832,750.8061244890196,820.0354670995002,880.6433856035837,false
196,bursty-pause-80,closed_loop,80,3583,3583,71.66,10.531644145448809,26.498361150650453,792.7844727418196,820.6982576404225,false
197,bursty-pause-80,open_loop,80,3945,3944,78.9,29.022665912716548,658.48810834705,811.9548172428404,842.6027173877446,false
197,bursty-pause-80,closed_loop,80,3576,3576,71.52,10.870858920214232,27.093784196775232,793.2664468584226,819.1220755183749,false
198,bursty-pause-80,open_loop,80,3911,3908,78.22,26.589441216965497,667.980605583216,798.8730766929802,846.3075840692909,false
198,bursty-pause-80,closed_loop,80,3585,3583,71.7,10.405327129701618,24.726726745699125,799.3095491204294,821.310111876599,false
199,bursty-pause-80,open_loop,80,3963,3962,79.26,30.963522812300653,671.9987258587025,823.9730536487186,895.2727009896989,false
199,bursty-pause-80,closed_loop,80,3586,3584,71.72,10.57876068096084,25.89535985098337,794.4701638825936,821.1021593087025,false
200,bursty-pause-80,open_loop,80,4091,4091,81.82,36.32202468775722,731.1278286299857,877.0510998485479,926.17120907965,false
200,bursty-pause-80,closed_loop,80,3584,3582,71.68,10.225873424704332,25.122770863345067,798.3554019960211,829.64739963994,false
201,bursty-pause-80,open_loop,80,3968,3965,79.36,27.55776038318436,709.8696275215043,826.9804146003917,872.3124925955326,false
201,bursty-pause-80,closed_loop,80,3584,3583,71.68,10.531468812339881,26.795454745733878,792.0083411487976,816.0140130995132,false
202,bursty-pause-80,open_loop,80,3965,3963,79.3,31.665229302139778,687.3082748649394,804.1792671704898,866.9944314072163,false
202,bursty-pause-80,closed_loop,80,3576,3575,71.52,10.627013564539084,26.700780433850014,795.0304121255685,820.9505688402824,false
203,bursty-pause-80,open_loop,80,3986,3985,79.72,27.31910510376474,679.0657364113649,787.6151412085419,830.435353369241,false
203,bursty-pause-80,closed_loop,80,3577,3577,71.54,10.71277807063234,26.967923223412072,793.3586002630909,814.1337551665747,false
204,bursty-pause-80,open_loop,80,3959,3958,79.18,31.85738376592053,741.0442809108245,814.9629577543838,867.0748279326872,false
204,bursty-pause-80,closed_loop,80,3574,3572,71.48,10.819403039051394,29.365645876830968,789.4893532111528,813.5971062930475,false
205,bursty-pause-80,open_loop,80,3879,3879,77.58,23.33583242417808,675.4373059625796,784.109127320291,858.3814774569837,false
205,bursty-pause-80,closed_loop,80,3589,3588,71.78,10.092103577648231,25.066637600277318,794.374182692678,818.8076194197056,false
206,bursty-pause-80,open_loop,80,3991,3991,79.82,29.633262884897704,712.3246974413232,807.432526530727,849.9180505746626,false
206,bursty-pause-80,closed_loop,80,3578,3578,71.56,10.610656183755054,27.440627008523734,788.3577669984224,816.5320471513987,false
207,bursty-pause-80,open_loop,80,4075,4072,81.5,45.23935937945498,739.8685471959907,821.2094747149968,898.5772969156951,false
207,bursty-pause-80,closed_loop,80,3586,3584,71.72,10.57003692133003,25.99364203093137,780.2021361318257,823.785250442188,false
208,bursty-pause-80,open_loop,80,4107,4106,82.14,31.387967004040547,732.7420838023754,801.9662289799162,853.1863690865193,false
208,bursty-pause-80,closed_loop,80,3579,3578,71.58,10.669236233796255,27.59288147550251,792.4859354626897,829.5890410722441,false
209,bursty-pause-80,open_loop,80,3965,3963,79.3,28.754430007324117,716.7392386022184,811.5289188898023,848.3766026472294,false
209,bursty-pause-80,closed_loop,80,3581,3579,71.62,10.688515747257043,27.22762711577161,789.865046533645,823.4965115838204,false
210,bursty-pause-80,open_loop,80,3973,3970,79.46,27.270057277492015,710.5880193799094,793.3982101069851,825.5224649564188,false
210,bursty-pause-80,closed_loop,80,3589,3588,71.78,10.31089124506434,24.73755389796861,793.2636003473744,825.0931075506669,false
211,bursty-pause-80,open_loop,80,3951,3945,79.02,31.410887778911274,697.6876220370141,796.7209947728115,852.3365270712457,false
211,bursty-pause-80,closed_loop,80,3583,3583,71.66,10.512159976737166,27.879736612063425,791.0996948881948,821.3605574693138,false
212,bursty-pause-80,open_loop,80,4092,4090,81.84,31.628803291263466,750.8468150459303,842.4607965484756,891.237495667403,false
212,bursty-pause-80,closed_loop,80,3585,3585,71.7,10.473803383785707,25.612744532823854,794.7180497744503,816.1845819972223,false
213,bursty-pause-80,open_loop,80,3887,3886,77.74,30.548566261866654,681.93677238073,793.2130142134483,832.0343508871229,false
213,bursty-pause-80,closed_loop,80,3582,3581,71.64,10.473612337042141,25.14498348739653,794.4642576976767,826.6430832751867,false
214,bursty-pause-80,open_loop,80,4026,4025,80.52,35.558639909806516,712.404889827314,811.6602215453022,866.1912994476479,false
214,bursty-pause-80,closed_loop,80,3586,3586,71.72,10.444026747656608,26.741932941811683,789.9142027825837,815.4274689303238,false
215,bursty-pause-80,open_loop,80,4161,4143,83.22,37.69106995563925,729.8450170325887,801.6999454285688,847.341213293199,false
215,bursty-pause-80,closed_loop,80,3574,3573,71.48,10.572647132663406,27.01558720668254,803.660944137755,825.7310355023073,false
216,bursty-pause-80,open_loop,80,3981,3977,79.62,29.965971042445744,767.4916664804623,863.1502375038035,900.557803025662,false
216,bursty-pause-80,closed_loop,80,3587,3585,71.74,10.275975109325373,24.816115810775955,797.5896998459211,824.8954419315542,false
217,bursty-pause-80,open_loop,80,4007,4006,80.14,33.295348260238825,764.4762767931443,823.1859714850107,865.791286024134,false
217,bursty-pause-80,closed_loop,80,3580,3580,71.6,10.407042271413957,27.026715980216977,793.8900052875542,838.6881012772938,false
218,bursty-pause-80,open_loop,80,4106,4106,82.12,35.390619429679646,732.5545478956046,793.7664846680345,826.9177982399196,false
218,bursty-pause-80,closed_loop,80,3579,3579,71.58,10.586483570070413,27.150061771520996,799.2624555044713,823.7501929778809,false
219,bursty-pause-80,open_loop,80,4025,4023,80.5,31.972657513517333,752.8835177356195,807.9855599531584,867.1650305312432,false
219,bursty-pause-80,closed_loop,80,3578,3577,71.56,10.426958131574793,26.89737206445716,800.0986093757456,826.8596052258799,false
220,bursty-pause-80,open_loop,80,3982,3981,79.64,31.94081582673971,720.7426823512942,816.9740123702213,845.109357641908,false
220,bursty-pause-80,closed_loop,80,3581,3580,71.62,10.599668311770074,25.612827508797636,792.7637913898434,813.8319855790396,false
221,bursty-pause-80,open_loop,80,3965,3964,79.3,29.86367233294368,698.1970771287088,794.691240317261,908.9412597858754,false
221,bursty-pause-80,closed_loop,80,3578,3577,71.56,10.658145311179396,26.628490298375254,791.6590255043484,818.7939746373158,false
222,bursty-pause-80,open_loop,80,4044,4042,80.88,34.699667435052106,758.8907781960661,840.4337592319789,919.884366938044,false
222,bursty-pause-80,closed_loop,80,3583,3582,71.66,10.443662175410282,25.87119354279639,789.5749784096715,817.7032157680515,false
223,bursty-pause-80,open_loop,80,4031,4030,80.62,33.3862879848748,748.1376073927822,830.1109180404619,878.8841365750486,false
223,bursty-pause-80,closed_loop,80,3586,3584,71.72,10.390055985531944,26.07928912555508,796.2135741864186,819.8988991735314,false
224,bursty-pause-80,open_loop,80,3997,3995,79.94,34.60060612228699,680.7466328542287,804.519589697753,844.0364612400372,false
224,bursty-pause-80,closed_loop,80,3583,3582,71.66,10.767104028305766,27.112550888821715,787.1626449467258,817.8661870158612,false
225,bursty-pause-80,open_loop,80,3989,3985,79.78,29.479908139572217,777.5681347336285,829.9586399576365,860.6235010442324,false
225,bursty-pause-80,closed_loop,80,3575,3575,71.5,10.786206532433425,28.969227146328194,790.7393842850288,831.0164855956991,false
226,bursty-pause-80,open_loop,80,3941,3941,78.82,31.087655674236885,713.4800441524785,806.882389007762,845.8689581078361,false
226,bursty-pause-80,closed_loop,80,3580,3580,71.6,10.296377533795749,25.50376090505233,798.9842841664504,825.242545079258,false
227,bursty-pause-80,open_loop,80,3982,3980,79.64,33.46736897336814,768.004074247794,816.3070196016015,873.5730564846017,false
227,bursty-pause-80,closed_loop,80,3584,3584,71.68,10.522699707151332,26.989239839327638,779.1965061577794,826.8680916368685,false
228,bursty-pause-80,open_loop,80,4141,4140,82.82,35.952527720306534,786.9932678675395,845.4516310287472,901.5514145663146,false
228,bursty-pause-80,closed_loop,80,3578,3577,71.56,10.625098078759038,27.30177748760616,799.6723092569191,825.198113305194,false
229,bursty-pause-80,open_loop,80,4048,4048,80.96,34.38199887682276,703.6943233895072,791.6194530712964,862.6835330596514,false
229,bursty-pause-80,closed_loop,80,3579,3578,71.58,10.882356299749517,28.975497507337423,781.6472955654317,816.8663056546102,false
230,bursty-pause-80,open_loop,80,3992,3992,79.84,29.306112071757525,702.7372568395367,808.6493671067255,880.3044155434472,false
230,bursty-pause-80,closed_loop,80,3581,3580,71.62,10.587475418004033,25.916019537817192,799.188085806345,818.8064486842741,false
231,bursty-pause-80,open_loop,80,3977,3976,79.54,27.039045791960234,744.9755788150651,812.6829663106764,861.2045633220696,false
231,bursty-pause-80,closed_loop,80,3584,3583,71.68,10.629971927228326,25.831034116317824,791.1709701157088,818.1194007958347,false
232,bursty-pause-80,open_loop,80,4016,4016,80.32,28.125407993982662,674.3553117157207,800.9042818149792,877.5194350206293,false
232,bursty-pause-80,closed_loop,80,3586,3585,71.72,10.46329351462191,25.328510810613807,796.4892140198135,831.314415341818,false
233,bursty-pause-80,open_loop,80,4086,4086,81.72,33.275063177061384,791.7515568845665,842.3082130442417,872.6973533197015,false
233,bursty-pause-80,closed_loop,80,3584,3581,71.68,10.671112903568428,25.65625242087117,784.5396622480366,827.2355616287095,false
234,bursty-pause-80,open_loop,80,3941,3940,78.82,29.225728472221817,692.4766107277246,815.4918365031845,875.2375580705848,false
234,bursty-pause-80,closed_loop,80,3586,3586,71.72,10.344570116538307,25.38183164809743,794.856125968603,825.596839568243,false
235,bursty-pause-80,open_loop,80,4040,4039,80.8,35.37513692486391,711.0664176918654,809.5396263370858,863.1858684457184,false
235,bursty-pause-80,closed_loop,80,3584,3583,71.68,10.263849635899533,26.611149166492396,793.4023673139745,817.42848426821,false
236,bursty-pause-80,open_loop,80,3965,3962,79.3,28.348609847700573,712.2666849790621,804.8849520466683,863.2369144719705,false
236,bursty-pause-80,closed_loop,80,3588,3588,71.76,10.334283158295875,26.15102104111429,787.181432852427,818.457828806233,false
237,bursty-pause-80,open_loop,80,3954,3953,79.08,30.735579927240906,740.9858165848054,809.1556360414979,922.4226547191502,false
237,bursty-pause-80,closed_loop,80,3578,3576,71.56,10.645322485310317,27.61929569536005,790.9706174632083,824.1240185842144,false
238,bursty-pause-80,open_loop,80,3994,3993,79.88,26.164028213002894,673.7161557827822,795.5025807837665,838.3560600546334,false
238,bursty-pause-80,closed_loop,80,3588,3587,71.76,10.277517992741195,25.305779369991797,792.0762375828926,822.717838657034,false
239,bursty-pause-80,open_loop,80,3851,3851,77.02,24.845155302780768,648.7354750656159,808.4544839763039,837.8390753909844,false
239,bursty-pause-80,closed_loop,80,3584,3582,71.68,10.453580198707641,27.890617130738974,785.8210662029451,811.6198451295968,false
240,bursty-pause-80,open_loop,80,4115,4107,82.3,42.19784089789391,756.6644101879938,810.767634092168,874.8253249070767,false
240,bursty-pause-80,closed_loop,80,3580,3580,71.6,10.364839161389682,26.232939068315318,804.4282306077403,819.6506595361207,false
241,bursty-pause-80,open_loop,80,4132,4126,82.64,40.54760920177978,773.1847478927084,814.7077005637766,851.5824041062988,false
241,bursty-pause-80,closed_loop,80,3591,3589,71.82,10.0438820076306,26.357386205498187,788.5937740631853,820.4739720297002,false
242,bursty-pause-80,open_loop,80,4041,4040,80.82,32.337942137965,719.7307628609487,814.6066088685766,841.0118219096312,false
242,bursty-pause-80,closed_loop,80,3592,3591,71.84,10.07392846429866,23.810954796979786,789.2127768479404,824.0537670910344,false
243,bursty-pause-80,open_loop,80,3967,3964,79.34,25.348487968782138,670.059389617687,778.8870213786395,856.0584668021293,false
243,bursty-pause-80,closed_loop,80,3585,3583,71.7,10.511684621840686,24.840868227103783,787.4469849777961,828.2418750000579,false
244,bursty-pause-80,open_loop,80,4101,4101,82.02,40.62311476912873,810.4191746189827,889.3293125830387,940.3338975450388,false
244,bursty-pause-80,closed_loop,80,3583,3582,71.66,10.463038934904034,25.458817171467672,793.3307684740648,812.5166664225144,false
245,bursty-pause-80,open_loop,80,4007,4006,80.14,28.61980279074305,680.8269625476751,805.9728445010951,849.3620179890277,false
245,bursty-pause-80,closed_loop,80,3588,3588,71.76,10.250731332733267,24.469253570925503,788.7845952697244,824.9160752792595,false
246,bursty-pause-80,open_loop,80,3896,3893,77.92,25.518152642322093,686.7141412850615,797.1599116505749,836.5483670871108,false
246,bursty-pause-80,closed_loop,80,3577,3576,71.54,10.532371159140894,26.505142413931026,790.0740082919801,824.9704861383216,false
247,bursty-pause-80,open_loop,80,4024,4024,80.48,32.34439772846599,766.9170676972572,817.3520638376103,854.7597499752083,false
247,bursty-pause-80,closed_loop,80,3587,3585,71.74,10.341387681048218,23.869040343946835,792.6462157958667,824.3550705614107,false
248,bursty-pause-80,open_loop,80,3909,3905,78.18,24.83347865902033,736.6184491341319,829.9976932962163,864.6068050550166,false
248,bursty-pause-80,closed_loop,80,3585,3583,71.7,10.621276481091627,25.91168762250709,787.7358158797069,821.9338949273733,false
249,bursty-pause-80,open_loop,80,4089,4087,81.78,32.81338619731105,719.6445334794298,801.4588061703835,850.9216221981333,false
249,bursty-pause-80,closed_loop,80,3582,3581,71.64,10.550662595942413,24.90429370212769,793.7885834835906,818.120287724727,false
250,bursty-pause-80,open_loop,80,3845,3844,76.9,26.572199966227345,771.9178080602687,830.8159454143315,863.9558979612775,false
250,bursty-pause-80,closed_loop,80,3583,3582,71.66,10.409798226857674,25.633407441568124,792.332358243817,822.4286995735038,false
251,bursty-pause-80,open_loop,80,4017,4017,80.34,27.49826515555469,675.4727329948364,797.210353323906,847.4417715898708,false
251,bursty-pause-80,closed_loop,80,3581,3581,71.62,10.755727979376388,25.92436057147279,786.4616125778375,823.9340682285219,false
252,bursty-pause-80,open_loop,80,3928,3927,78.56,28.65395096330758,649.2964839893939,781.3332067432202,871.1497343479605,false
252,bursty-pause-80,closed_loop,80,3581,3581,71.62,10.673419196311443,26.138461891581755,786.7351893434861,816.9950068990092,false
253,bursty-pause-80,open_loop,80,3996,3994,79.92,28.86202603975471,736.0276503940113,840.2032236198502,880.1476491903086,false
253,bursty-pause-80,closed_loop,80,3582,3579,71.64,10.513261488242279,26.266417276012362,794.1373860310996,823.7280382846548,false
254,bursty-pause-80,open_loop,80,3979,3978,79.58,26.854609785455978,682.2756442757818,807.7714792130355,863.7472393183307,false
254,bursty-pause-80,closed_loop,80,3586,3585,71.72,10.613736987608718,24.91341092010407,789.2736658076465,823.9510414423639,false
255,bursty-pause-80,open_loop,80,4031,4029,80.62,34.16582479636236,728.6740105901881,817.4720864940464,877.5103823929312,false
255,bursty-pause-80,closed_loop,80,3584,3583,71.68,10.338133130841015,28.68138127133716,790.0686814532746,823.4892002867018,false
256,bursty-pause-80,open_loop,80,3998,3998,79.96,27.514225440572773,712.9473571741983,809.5332193782015,850.0260859523623,false
256,bursty-pause-80,closed_loop,80,3586,3585,71.72,10.44974402182197,25.54163701764628,792.4912083413001,815.7767060117767,false
257,bursty-pause-80,open_loop,80,3913,3913,78.26,27.57958177346154,717.1879916430698,812.8537513513274,858.9213038493945,false
257,bursty-pause-80,closed_loop,80,3581,3580,71.62,10.497441038431134,25.111791011651803,798.3669430851551,822.4253086269673,false
258,bursty-pause-80,open_loop,80,4083,4083,81.66,35.31719420668378,732.8438243274068,835.5935569808535,877.7680377237448,false
258,bursty-pause-80,closed_loop,80,3585,3584,71.7,10.29411218642781,27.258575231971918,794.1061702889201,823.6284741284253,false
259,bursty-pause-80,open_loop,80,4023,4020,80.46,39.82994028436224,725.8721856122938,817.8277913816892,853.8351164287797,false
259,bursty-pause-80,closed_loop,80,3578,3577,71.56,10.64998017968901,26.602893255836534,788.1476076032413,816.5072377859688,false
260,bursty-pause-80,open_loop,80,3871,3870,77.42,25.485905918336357,688.1342741177614,812.908228271488,835.5064639620432,false
260,bursty-pause-80,closed_loop,80,3585,3584,71.7,10.416844811232295,26.245445063570514,793.7993508087075,817.3738633702669,false
261,bursty-pause-80,open_loop,80,3945,3944,78.9,23.761498702509925,739.7596984485172,821.0956416620538,857.765832163288,false
261,bursty-pause-80,closed_loop,80,3583,3582,71.66,10.373949222908777,25.491448990273057,794.2604158367249,824.9076239888818,false
262,bursty-pause-80,open_loop,80,4071,4070,81.42,33.69381719791272,740.2110301316497,835.5141741857951,923.9302974470484,false
262,bursty-pause-80,closed_loop,80,3586,3583,71.72,10.380346363766876,25.585381433502334,794.7683317413903,817.5321896871937,false
263,bursty-pause-80,open_loop,80,3970,3967,79.4,28.10996332402101,704.2452295288967,816.9964482739815,850.9598082708908,false
263,bursty-pause-80,closed_loop,80,3582,3582,71.64,10.621939112737891,26.09748888489412,790.329684865239,825.4075096449524,false
264,bursty-pause-80,open_loop,80,4060,4058,81.2,31.520295517882914,728.1873460150164,818.9460569519979,861.1516116968633,false
264,bursty-pause-80,closed_loop,80,3579,3578,71.58,10.648571069294121,26.09524611116649,787.2238685932243,825.9463992300298,false
265,bursty-pause-80,open_loop,80,3941,3939,78.82,31.984562860045116,739.0515835571823,815.7946503755666,860.2777884371899,false
265,bursty-pause-80,closed_loop,80,3581,3580,71.62,10.48122382477959,27.420539835715317,790.2830172007561,823.0175475017422,false
266,bursty-pause-80,open_loop,80,3982,3978,79.64,30.69956924147118,752.4913458734591,814.7393647156787,841.1778591950024,false
266,bursty-pause-80,closed_loop,80,3583,3583,71.66,10.313151076437862,25.27988963296957,799.7358460008909,837.7895953253246,false
267,bursty-pause-80,open_loop,80,3984,3984,79.68,27.01535884025361,726.6169571059654,817.560208061539,846.6178503360861,false
267,bursty-pause-80,closed_loop,80,3590,3588,71.8,10.358633054973325,23.874732714255515,791.3105730743409,816.4159851679142,false
268,bursty-pause-80,open_loop,80,3920,3918,78.4,27.83813172572991,679.5515437609065,798.891864543275,858.4048443496358,false
268,bursty-pause-80,closed_loop,80,3583,3583,71.66,10.732018224545754,25.60430705502222,788.0037601058139,815.6311219488052,false
269,bursty-pause-80,open_loop,80,4041,4041,80.82,30.357216908614646,699.2401695361987,828.9777370899901,861.691081167497,false
269,bursty-pause-80,closed_loop,80,3583,3582,71.66,10.56684685798973,25.214058789606497,792.7163931363757,832.465496353776,false
270,bursty-pause-80,open_loop,80,4003,3995,80.06,30.506565306466655,744.0465432113924,804.3838661327027,831.9712832851437,false
270,bursty-pause-80,closed_loop,80,3578,3578,71.56,10.359920060778677,28.583481285248126,798.6405169182108,823.1847901428482,false
271,bursty-pause-80,open_loop,80,4019,4017,80.38,26.718587008821487,728.3789225310647,814.7326464027174,870.2567162831765,false
271,bursty-pause-80,closed_loop,80,3583,3582,71.66,10.44653306296459,28.012067994663084,788.3230304653043,816.7260331192738,false
272,bursty-pause-80,open_loop,80,4008,4006,80.16,30.17376795319433,710.7337660831327,797.3229044688778,849.2611086193865,false
272,bursty-pause-80,closed_loop,80,3587,3585,71.74,10.34740707185847,24.97873209476529,798.222388455084,835.3280282435808,false
273,bursty-pause-80,open_loop,80,3983,3982,79.66,29.216213059648,743.0024557747092,806.7717949484613,848.305213758671,false
273,bursty-pause-80,closed_loop,80,3585,3584,71.7,10.54956766966643,25.381294372440607,790.1989313915547,817.5152338260377,false
274,bursty-pause-80,open_loop,80,3882,3880,77.64,26.619858522652066,684.2701332067081,784.7022597211908,832.9325548684574,false
274,bursty-pause-80,closed_loop,80,3584,3582,71.68,10.609276787014096,24.941138286463683,795.3069609707709,821.1297889950438,false
275,bursty-pause-80,open_loop,80,4008,3995,80.16,30.76478891773877,783.427962510541,839.5719550641224,897.5456479629138,false
275,bursty-pause-80,closed_loop,80,3585,3583,71.7,10.501181930980238,24.49119363421414,793.6121920463702,821.2646319449232,false
276,bursty-pause-80,open_loop,80,4027,4027,80.54,32.357999567153456,767.3235453256639,871.3798252515917,910.5752303603513,false
276,bursty-pause-80,closed_loop,80,3578,3576,71.56,10.602302929699363,27.527857844579557,797.8161768929785,831.9786117177609,false
277,bursty-pause-80,open_loop,80,3924,3924,78.48,29.850463498514728,688.2104032768366,813.5336264515463,853.7166659136929,false
277,bursty-pause-80,closed_loop,80,3586,3586,71.72,10.183661454917456,25.51865515683312,796.6105877966766,825.3905338098557,false
278,bursty-pause-80,open_loop,80,4062,4059,81.24,37.843790411827285,833.4464839888096,894.8576182979959,973.7780554791425,false
278,bursty-pause-80,closed_loop,80,3578,3576,71.56,10.67340189654351,27.65248073465773,788.112173210684,820.8062047277126,false
279,bursty-pause-80,open_loop,80,4042,4042,80.84,32.07940073707141,744.6398575848543,834.8782730137573,895.7222370548589,false
279,bursty-pause-80,closed_loop,80,3590,3589,71.8,10.190069905474957,24.81401212966739,799.8027089152383,830.0984426918294,false
280,bursty-pause-80,open_loop,80,3959,3959,79.18,28.35680293968835,700.2025325187678,800.1784875731319,855.9764169473565,false
280,bursty-pause-80,closed_loop,80,3574,3574,71.48,10.7918952570908,26.54397365474142,799.3467396050291,819.5446562258403,false
281,bursty-pause-80,open_loop,80,4051,4049,81.02,37.57845519615512,682.4146169643172,801.6631462895166,887.2339546158692,false
281,bursty-pause-80,closed_loop,80,3582,3581,71.64,10.328820881572028,27.131936014859093,800.1643539678553,828.0944008855586,false
282,bursty-pause-80,open_loop,80,4045,4045,80.9,32.07542609152733,709.9699406834261,828.160011695727,901.9102945968007,false
282,bursty-pause-80,closed_loop,80,3584,3583,71.68,10.656195066556393,26.484534254115715,790.4812936671951,819.8511653309433,false
283,bursty-pause-80,open_loop,80,3926,3922,78.52,31.871615443851624,695.8347724771411,802.2582191504916,887.1974297201668,false
283,bursty-pause-80,closed_loop,80,3583,3582,71.66,10.57077714864863,27.30931108232471,786.1504266302873,818.9304345629571,false
284,bursty-pause-80,open_loop,80,4043,4040,80.86,31.573314565524925,759.0863459202592,818.310847634224,850.8946720862405,false
284,bursty-pause-80,closed_loop,80,3582,3581,71.64,10.296525162731996,27.738818949030247,795.4952145112547,816.4649319705568,false
285,bursty-pause-80,open_loop,80,3962,3962,79.24,32.105701875123486,664.4291759775733,765.5371528192845,824.0952607229556,false
285,bursty-pause-80,closed_loop,80,3583,3582,71.66,10.452024128411722,24.650585736628273,789.1532110923072,817.509116278452,false
286,bursty-pause-80,open_loop,80,3948,3947,78.96,26.70923801473691,649.9749805144747,781.1617710702121,836.2127590115124,false
286,bursty-pause-80,closed_loop,80,3579,3575,71.58,10.579640574498626,26.493263276926882,797.8460801392212,840.7635464186424,false
287,bursty-pause-80,open_loop,80,4015,4015,80.3,30.93785389110417,660.523833177831,814.6517945302985,867.0275837568479,false
287,bursty-pause-80,closed_loop,80,3578,3577,71.56,10.594900922158558,26.825259105389705,794.8534168913611,840.6349424983491,false
288,bursty-pause-80,open_loop,80,3932,3930,78.64,24.791368980779225,671.3908312766798,802.5965904662116,845.5478487651417,false
288,bursty-pause-80,closed_loop,80,3590,3589,71.8,10.320791663594719,25.454403182047827,788.6487124137348,822.5805303192574,false
289,bursty-pause-80,open_loop,80,4115,4115,82.3,30.300459468286135,715.313356717179,813.7257252313138,839.7364455116785,false
289,bursty-pause-80,closed_loop,80,3577,3576,71.54,10.614061238040449,26.544609778276936,798.2347181247023,820.4458204289767,false
290,bursty-pause-80,open_loop,80,3948,3945,78.96,30.31374516204778,766.3224637464264,879.4225110454863,932.5970401859086,false
290,bursty-pause-80,closed_loop,80,3584,3584,71.68,10.435059974937758,26.537730651762104,787.9369190930229,825.1518030674706,false
291,bursty-pause-80,open_loop,80,4099,4097,81.98,37.457662693806924,743.7251424901697,812.0162921948577,878.3465459313447,false
291,bursty-pause-80,closed_loop,80,3589,3587,71.78,10.36566247180599,26.248722068070492,787.305908055725,819.6457646079361,false
292,bursty-pause-80,open_loop,80,3995,3994,79.9,32.481006789341336,724.5497327358316,814.4810647661361,877.7034967614272,false
292,bursty-pause-80,closed_loop,80,3578,3577,71.56,10.497300287570397,25.24208917299984,801.7679755263889,820.2349562252602,false
293,bursty-pause-80,open_loop,80,4070,4070,81.4,32.69617039334844,719.4473411919316,830.6586804918697,899.829284241343,false
293,bursty-pause-80,closed_loop,80,3580,3578,71.6,10.495894341940584,26.525411764268938,792.522496403275,816.5132840355654,false
294,bursty-pause-80,open_loop,80,4067,4067,81.34,31.40434434577037,706.0725297875033,812.8448737195868,869.3011143658005,false
294,bursty-pause-80,closed_loop,80,3585,3584,71.7,10.296817086586088,26.541824214458757,791.5916750214146,818.7161070495713,false
295,bursty-pause-80,open_loop,80,4033,4032,80.66,31.141528007108718,703.4942069471963,823.3281255023321,878.7437741328249,false
295,bursty-pause-80,closed_loop,80,3579,3578,71.58,10.419566063752427,28.587413034052588,791.6979257626881,826.44350398401,false
296,bursty-pause-80,open_loop,80,3924,3921,78.48,29.757084246739396,694.5607457080696,814.9722677010868,863.8474060818407,false
296,bursty-pause-80,closed_loop,80,3577,3576,71.54,10.698762972679106,27.710184306466545,797.2206992065148,817.3415419482626,false
297,bursty-pause-80,open_loop,80,3977,3977,79.54,27.726544178061886,708.6876715159087,805.3026245896908,836.8746363644441,false
297,bursty-pause-80,closed_loop,80,3581,3581,71.62,10.542952796982718,26.15952216282676,782.8780813337398,813.954940659678,false
298,bursty-pause-80,open_loop,80,4087,4086,81.74,31.147755149337172,738.4335389075204,815.1365129223777,853.8150283377181,false
298,bursty-pause-80,closed_loop,80,3583,3583,71.66,10.367695818426,24.563321731897304,802.281789648543,821.6611802826847,false
299,bursty-pause-80,open_loop,80,4030,4029,80.6,38.32916061312426,703.1098478272179,808.8891431344746,837.1979477127388,false
299,bursty-pause-80,closed_loop,80,3580,3580,71.6,10.770352265179099,27.439289731417375,783.8064778795269,818.8042483414465,false
300,bursty-pause-80,open_loop,80,4064,4064,81.28,36.162430499149195,709.067473634097,830.5227249004747,884.4642349564238,false
300,bursty-pause-80,closed_loop,80,3584,3583,71.68,10.380549485278607,25.054883880024136,796.7170366612991,829.461740127168,false
301,bursty-pause-80,open_loop,80,3997,3992,79.94,31.688264575303037,757.9499274429836,831.764212675509,890.363934377543,false
301,bursty-pause-80,closed_loop,80,3581,3581,71.62,10.47361133229424,25.424308446505165,792.6254380214232,814.2070429142441,false
302,bursty-pause-80,open_loop,80,4023,4023,80.46,35.82474799580814,736.6329179618115,839.3516171636293,874.3494917348398,false
302,bursty-pause-80,closed_loop,80,3579,3579,71.58,10.3419865438118,27.6593492533284,795.3189849046321,832.4710270476662,false
303,bursty-pause-80,open_loop,80,3964,3964,79.28,33.914303761506744,726.9165045434565,836.0709010755963,891.7999935141997,false
303,bursty-pause-80,closed_loop,80,3585,3583,71.7,10.40417534918015,24.6447962389866,791.4194066908021,822.8478584731383,false
304,bursty-pause-80,open_loop,80,4041,4040,80.82,40.61417832889492,716.563265990204,808.9329969461724,881.0894492269472,false
304,bursty-pause-80,closed_loop,80,3588,3587,71.76,10.621712101452431,24.821376590425643,788.301887689573,813.8758090199135,false
305,bursty-pause-80,open_loop,80,4007,4005,80.14,30.61218365982495,724.8246693768997,807.1302747395312,843.7267074195224,false
305,bursty-pause-80,closed_loop,80,3575,3574,71.5,10.719899449562945,27.804671550187777,798.0658061974245,817.8104663114354,false
306,bursty-pause-80,open_loop,80,4020,4018,80.4,29.688971667572332,762.7573400858382,842.538311934055,863.2161692051559,false
306,bursty-pause-80,closed_loop,80,3586,3585,71.72,10.427515668667183,24.808475143276155,793.4699213239946,824.9043457848238,false
307,bursty-pause-80,open_loop,80,3994,3994,79.88,28.835005159700813,740.9329987796664,804.9629578033528,886.7934093412186,false
307,bursty-pause-80,closed_loop,80,3588,3587,71.76,10.373997772896473,25.430046274701454,787.9916867830179,824.0256535130902,false
308,bursty-pause-80,open_loop,80,4060,4060,81.2,35.383750874865655,714.8134782235211,802.645750992051,838.8559047371818,false
308,bursty-pause-80,closed_loop,80,3590,3589,71.8,10.1060300053432,23.46127528460056,797.5384843717184,824.1132139589354,false
309,bursty-pause-80,open_loop,80,3880,3873,77.6,29.437659419909323,661.6347627747527,778.9460246655799,849.159460722869,false
309,bursty-pause-80,closed_loop,80,3583,3582,71.66,10.463564260406201,25.825420208966534,792.4211752789051,818.7228642659175,false
310,bursty-pause-80,open_loop,80,3961,3959,79.22,36.20084670422875,727.0038257292799,803.4052441848471,848.1335963978054,false
310,bursty-pause-80,closed_loop,80,3590,3589,71.8,10.21120519570104,27.402382510299503,791.1203739158955,818.4282926770811,false
311,bursty-pause-80,open_loop,80,4011,4007,80.22,33.880536521653994,752.9614771409906,804.2228875605797,833.6676109533655,false
311,bursty-pause-80,closed_loop,80,3585,3583,71.7,10.487811591177888,26.256903951121785,786.1055776046051,815.3245919174042,false
312,bursty-pause-80,open_loop,80,3960,3959,79.2,31.161071166498004,783.6456833542616,834.9568355487409,869.8923837857747,false
312,bursty-pause-80,closed_loop,80,3585,3584,71.7,10.510393710617791,26.465502884944726,790.6871215014417,815.2967076026907,false
313,bursty-pause-80,open_loop,80,3951,3947,79.02,29.155480376946798,704.653907986838,817.9809606705821,844.7638524033973,false
313,bursty-pause-80,closed_loop,80,3583,3582,71.66,10.514744621432328,24.12053147743245,796.2978936918516,821.7068919646772,false
314,bursty-pause-80,open_loop,80,3916,3916,78.32,29.40430370716058,753.2219200526815,825.7449017490508,908.6640794935702,false
314,bursty-pause-80,closed_loop,80,3589,3588,71.78,10.299877153287525,25.065785658232926,792.1502981511367,817.1748515387626,false
315,bursty-pause-80,open_loop,80,3921,3920,78.42,25.370254361390835,696.5394371894145,850.1100200529509,885.6435991275903,false
315,bursty-pause-80,closed_loop,80,3587,3586,71.74,10.381808272613853,25.14900232830405,791.9462157903763,820.6252799311624,false
316,bursty-pause-80,open_loop,80,4041,4041,80.82,32.580824837554246,756.1732951917547,824.4542472909015,869.9223785667346,false
316,bursty-pause-80,closed_loop,80,3576,3575,71.52,10.883330189128174,26.810289632507192,792.0212374259354,813.7987027272466,false
317,bursty-pause-80,open_loop,80,4007,4006,80.14,33.971654106913775,735.9917422207,821.4770705601513,867.5845411104929,false
317,bursty-pause-80,closed_loop,80,3581,3581,71.62,10.535763137067988,25.812809539776936,797.4620339012763,828.2951855726424,false
318,bursty-pause-80,open_loop,80,4076,4076,81.52,33.18919739619196,749.2167624719914,815.3973443583345,888.635656399485,false
318,bursty-pause-80,closed_loop,80,3579,3578,71.58,10.603453990150228,27.690310825622873,795.513316096858,816.2414017226438,false
319,bursty-pause-80,open_loop,80,3914,3914,78.28,27.977008062127425,678.9204796534395,817.0305158160554,850.4855543525446,false
319,bursty-pause-80,closed_loop,80,3576,3575,71.52,10.663792129184003,27.850326080726518,799.4476579832008,818.8049980810902,false
320,bursty-pause-80,open_loop,80,4026,4024,80.52,27.79834667202158,726.916217354421,803.1758606602052,834.4917043659261,false
320,bursty-pause-80,closed_loop,80,3584,3584,71.68,10.346982056747947,27.22872791696136,796.0991307925506,815.0164660658065,false
1,bursty-pause-100,open_loop,100,4902,4863,98.04,363.05980976276624,835.6654048993223,900.0666744773625,964.8559820740302,false
1,bursty-pause-100,closed_loop,100,4379,4376,87.58,12.786665288258519,31.947943557614053,814.7122053070088,827.0151891324058,false
2,bursty-pause-100,open_loop,100,4917,4880,98.34,386.2743756785385,823.8831394315639,863.7848392724991,913.4555433369314,false
2,bursty-pause-100,closed_loop,100,4396,4394,87.92,12.262204126174765,29.944433374501386,808.8410564695296,835.222627973395,false
3,bursty-pause-100,open_loop,100,5088,4918,101.76,982.55611755461,1939.2770588286367,2064.40989489598,2112.9890440254167,false
3,bursty-pause-100,closed_loop,100,4379,4379,87.58,12.793780094645626,32.535276371967484,807.8924761008093,830.2548279488328,false
4,bursty-pause-100,open_loop,100,5037,4899,100.74,854.7559688362162,1469.3508833657688,1629.4575435664956,1667.2435826451328,false
4,bursty-pause-100,closed_loop,100,4378,4377,87.56,13.042250439051713,32.34549260941276,802.8644182469725,817.2351140071987,false
5,bursty-pause-100,open_loop,100,4945,4888,98.9,446.066368124335,863.1645977848602,921.7973044163591,986.6115479437394,false
5,bursty-pause-100,closed_loop,100,4373,4372,87.46,12.780446753706201,32.89470368142611,814.4943448421182,837.8135140199156,false
6,bursty-pause-100,open_loop,100,4957,4914,99.14,592.1215019141782,972.6756871556281,1091.6916307041902,1156.0350531666627,false
6,bursty-pause-100,closed_loop,100,4370,4369,87.4,13.15287457867089,33.524172086392355,799.932427194537,835.3857739298346,false
7,bursty-pause-100,open_loop,100,5096,4895,101.92,1287.4744090799104,2017.1932650226154,2101.260517672934,2174.243202989135,false
7,bursty-pause-100,closed_loop,100,4383,4382,87.66,12.67608331365409,32.01869813528174,809.1735734188296,820.8791584095743,false
8,bursty-pause-100,open_loop,100,4990,4925,99.8,574.786303248271,936.0080902592235,1006.8673174147734,1045.72303368141,false
8,bursty-pause-100,closed_loop,100,4393,4391,87.86,12.940969486087852,28.404660229025467,808.3896595489423,824.8348827929367,false
9,bursty-pause-100,open_loop,100,5009,4943,100.18,532.5003046935708,1033.84840149893,1114.106765531651,1177.3873332172043,false
9,bursty-pause-100,closed_loop,100,4379,4379,87.58,12.763695888068469,31.9767731282991,808.8405465493015,831.2950904387617,false
10,bursty-pause-100,open_loop,100,4883,4820,97.66,438.7201803963908,827.9509066161518,858.3586060356683,962.4994486904434,false
10,bursty-pause-100,closed_loop,100,4378,4376,87.56,12.813004178282426,32.30525075206242,802.6456056651805,845.5744984942412,false
11,bursty-pause-100,open_loop,100,5053,4902,101.06,1091.9325002831538,1719.2503450386794,1965.0165812187333,2048.305563474234,false
11,bursty-pause-100,closed_loop,100,4379,4378,87.58,12.847089929760841,32.88588468744638,809.8534584316149,827.0103719618783,false
12,bursty-pause-100,open_loop,100,5039,4882,100.78,982.4783847907784,1809.9610649444076,1879.7902052164427,1929.5672265830362,false
12,bursty-pause-100,closed_loop,100,4390,4386,87.8,12.691531216456497,31.32506225299585,803.2556523206222,823.2557538192086,false
13,bursty-pause-100,open_loop,100,5081,4926,101.62,901.6381033170364,1439.4558883520876,1484.8507236415098,1519.8845822410876,false
13,bursty-pause-100,closed_loop,100,4391,4390,87.82,12.292211657844746,31.29713556146453,807.5079484451089,830.9212166964717,false
14,bursty-pause-100,open_loop,100,5068,4960,101.36,1106.4489347595372,1655.84359660263,1831.7827353241446,1935.1836685569142,false
14,bursty-pause-100,closed_loop,100,4383,4382,87.66,12.543208234459598,32.23750190320425,807.4501524773368,822.1389401333363,false
15,bursty-pause-100,open_loop,100,5088,4986,101.76,1254.490145175594,1891.6156098778047,1950.97057092232,2064.55054938998,false
15,bursty-pause-100,closed_loop,100,4376,4373,87.52,12.693931696459913,32.60231280942935,812.0602591998977,835.7907615304357,false
16,bursty-pause-100,open_loop,100,4964,4825,99.28,837.5046197520642,1706.669401957668,1817.108167645296,1892.5800970237033,false
16,bursty-pause-100,closed_loop,100,4390,4387,87.8,12.526028835316538,32.867551113344234,805.7686428773741,831.2357569375381,false
17,bursty-pause-100,open_loop,100,4936,4843,98.72,477.1555245250056,954.7012374224942,1028.5044318066211,1058.991725745087,false
17,bursty-pause-100,closed_loop,100,4389,4387,87.78,12.7000487456462,29.986802523577353,808.5509208277435,828.6471785460126,false
18,bursty-pause-100,open_loop,100,5036,4920,100.72,834.1229766869437,1569.687618324686,1653.5199080532184,1740.8694907810932,false
18,bursty-pause-100,closed_loop,100,4393,4392,87.86,12.491247215297335,31.066433893756766,803.0180149176085,821.5647568448658,false
19,bursty-pause-100,open_loop,100,4917,4877,98.34,637.7463475129334,1012.2230363747876,1098.9766469138522,1220.4584221365185,false
19,bursty-pause-100,closed_loop,100,4376,4375,87.52,12.759469937322137,34.54710130071908,805.1123323536813,824.0617764440467,false
20,bursty-pause-100,open_loop,100,4958,4912,99.16,384.47376008892024,849.4581028014582,993.9905874948745,1052.569711562639,false
20,bursty-pause-100,closed_loop,100,4391,4390,87.82,12.258492652614223,31.710975581656385,802.9075465440619,825.601375566599,false
21,bursty-pause-100,open_loop,100,4973,4908,99.46,469.32588476831006,869.7050684761016,928.0055668249006,1001.5404532830398,false
21,bursty-pause-100,closed_loop,100,4364,4363,87.28,13.298162218816287,33.888607613342174,804.466403858707,833.8900308026787,false
22,bursty-pause-100,open_loop,100,5072,4910,101.44,1030.6422551099458,1700.108395857329,1827.4893075307918,1972.2361628621802,false
22,bursty-pause-100,closed_loop,100,4386,4384,87.72,12.555827119227615,31.1272267038712,808.739245457462,834.4618581551513,false
23,bursty-pause-100,open_loop,100,4947,4895,98.94,531.9305831768797,961.3948525104643,1047.836806459236,1092.2068454014297,false
23,bursty-pause-100,closed_loop,100,4379,4377,87.58,13.009608718828531,31.9712634565185,803.4692437690064,833.4882242459571,false
24,bursty-pause-100,open_loop,100,4975,4907,99.5,518.4278102142453,870.6648849494013,1036.6228442397696,1105.712296816715,false
24,bursty-pause-100,closed_loop,100,4390,4389,87.8,12.247309306545503,30.958526563248597,806.2726842203556,836.810786576345,false
25,bursty-pause-100,open_loop,100,5107,4972,102.14,739.981495345688,1292.2611321616132,1367.2328682162042,1394.4573131068173,false
25,bursty-pause-100,closed_loop,100,4391,4390,87.82,12.633887558018614,29.31759801541193,805.915469080308,834.1422342570295,false
26,bursty-pause-100,open_loop,100,4902,4880,98.04,405.78922821050946,822.1853615215223,877.4003425416668,929.1119495091625,false
26,bursty-pause-100,closed_loop,100,4373,4372,87.46,13.11888265908783,31.559329643205274,806.0062373769524,840.9152949322233,false
27,bursty-pause-100,open_loop,100,5159,4936,103.18,1012.9076802975469,2103.466583745452,2199.1914239754624,2279.3527044224174,false
27,bursty-pause-100,closed_loop,100,4372,4369,87.44,13.27972512289125,31.81214028631075,806.1833146254467,831.1984971077181,false
28,bursty-pause-100,open_loop,100,5011,4949,100.22,647.4547401714372,1074.2597986058463,1222.666466949442,1417.0037997442996,false
28,bursty-pause-100,closed_loop,100,4387,4386,87.74,12.459791328321444,32.64006495622016,805.5187028238761,824.2433143194175,false
29,bursty-pause-100,open_loop,100,4955,4933,99.1,399.9460844442219,929.734133575228,983.7171599078792,1042.0901690364553,false
29,bursty-pause-100,closed_loop,100,4381,4380,87.62,12.86106026163543,31.55972598693552,803.8024640567164,828.097299697074,false
30,bursty-pause-100,open_loop,100,4996,4940,99.92,601.9289693962128,1095.5622429523828,1190.4306878462594,1226.6294193332506,false
30,bursty-pause-100,closed_loop,100,4378,4376,87.56,12.6037251713351,32.56789262815437,811.1998392618516,824.5633352598561,false
31,bursty-pause-100,open_loop,100,4975,4856,99.5,565.9547265533001,1220.267157657836,1394.4993041496782,1444.8186659258208,false
31,bursty-pause-100,closed_loop,100,4380,4378,87.6,12.921469419779896,32.671983155509224,808.8835774789404,832.1916751806348,false
32,bursty-pause-100,open_loop,100,4973,4922,99.46,774.6270858100906,1324.4696753456064,1503.3831897614727,1610.3053299418752,false
32,bursty-pause-100,closed_loop,100,4396,4395,87.92,12.303917904944683,31.085985782112402,805.9539158680345,837.5295281493818,false
33,bursty-pause-100,open_loop,100,4992,4870,99.84,957.4693605836401,1526.8247043770025,1839.4130946032892,1927.4071082965602,false
33,bursty-pause-100,closed_loop,100,4388,4385,87.76,12.420084735880664,31.12643798660247,811.0363670810766,832.399989086538,false
34,bursty-pause-100,open_loop,100,5071,4948,101.42,801.1997044297095,1302.7779932997219,1409.0995246658276,1519.5693242714187,false
34,bursty-pause-100,closed_loop,100,4383,4381,87.66,12.613237837962515,31.497395167982177,810.1594820810205,842.3439028146386,false
35,bursty-pause-100,open_loop,100,4997,4924,99.94,559.1850327427455,1060.907781194357,1191.9963103375158,1276.9844915771573,false
35,bursty-pause-100,closed_loop,100,4382,4382,87.64,12.616525128691137,32.560070491766965,806.8717462236018,830.4449589796986,false
36,bursty-pause-100,open_loop,100,4940,4894,98.8,344.3762751696195,840.3510749282541,910.4673066831601,981.8068271972443,false
36,bursty-pause-100,closed_loop,100,4377,4375,87.54,12.845487509071972,33.36983036109632,805.3856367050194,826.8959804353217,false
37,bursty-pause-100,open_loop,100,4968,4960,99.36,506.47804969207573,954.1102233701204,1025.5046478599525,1093.5346992034247,false
37,bursty-pause-100,closed_loop,100,4386,4385,87.72,12.750948847395193,31.75741742234095,808.2347368707815,834.0784106631218,false
38,bursty-pause-100,open_loop,100,4997,4933,99.94,835.5020669629084,1302.6280484551935,1454.1078752567992,1510.705248754246,false
38,bursty-pause-100,closed_loop,100,4381,4380,87.62,12.584377713013964,32.53073729994503,806.4775082096312,836.1222055401122,false
39,bursty-pause-100,open_loop,100,5083,4922,101.66,1560.344896257593,2076.908681018831,2266.0803897830774,2325.0728701314,false
39,bursty-pause-100,closed_loop,100,4385,4384,87.7,12.584280993740322,31.30576277520595,807.2981916797544,831.2490195325954,false
40,bursty-pause-100,open_loop,100,5098,4978,101.96,848.4782867620088,1299.3244861204585,1471.2537355397144,1513.416174043301,false
40,bursty-pause-100,closed_loop,100,4394,4394,87.88,12.151080868214194,31.817596732478705,805.6886670359454,837.6359578798874,false
41,bursty-pause-100,open_loop,100,5030,4947,100.6,690.5444115838382,1177.8287944528493,1224.5711884132288,1329.0902522876495,false
41,bursty-pause-100,closed_loop,100,4377,4376,87.54,12.786766763536434,33.109731878883395,805.6998737811955,830.6716810539656,false
42,bursty-pause-100,open_loop,100,5173,4961,103.46,1098.774000473637,2140.4297663618127,2371.133801303855,2449.683301327168,false
42,bursty-pause-100,closed_loop,100,4380,4378,87.6,12.77587905368273,31.09490204921167,805.2320503757092,850.4366488171217,false
43,bursty-pause-100,open_loop,100,4996,4902,99.92,768.4093648552807,1319.0062898082833,1387.0597438040713,1447.0191858199469,false
43,bursty-pause-100,closed_loop,100,4389,4387,87.78,12.403190449775138,31.356108855921775,808.819190743834,830.8250511135484,false
44,bursty-pause-100,open_loop,100,5060,4917,101.2,1401.6224390514471,1832.990120655777,2121.012111419208,2195.4150060974134,false
44,bursty-pause-100,closed_loop,100,4379,4377,87.58,12.66823917048896,34.00307874693681,806.799572433214,823.7880350053165,false
45,bursty-pause-100,open_loop,100,4927,4868,98.54,399.8215003644218,876.4924417898073,923.113385524055,998.8781653058704,false
45,bursty-pause-100,closed_loop,100,4393,4391,87.86,12.487053864424524,30.41730303410077,801.095017308784,825.5340501580249,false
46,bursty-pause-100,open_loop,100,5047,4932,100.94,809.997152732094,1480.9923251333385,1663.1172491433535,1694.9727498261345,false
46,bursty-pause-100,closed_loop,100,4381,4380,87.62,12.665942162064312,32.32172123069904,810.6752388961504,836.7740480504071,false
47,bursty-pause-100,open_loop,100,5036,4905,100.72,950.9064835993559,1541.6580748423294,1603.7225445762742,1785.8465768989627,false
47,bursty-pause-100,closed_loop,100,4374,4371,87.48,12.636647146828182,32.63035041488547,812.0294269715123,835.7930172340639,false
48,bursty-pause-100,open_loop,100,5123,4963,102.46,1330.6842746480106,1845.522042639568,1919.2009935491296,2085.934800030889,false
48,bursty-pause-100,closed_loop,100,4384,4383,87.68,12.467374699699576,32.08281619352965,810.5460693535606,840.4243715503326,false
49,bursty-pause-100,open_loop,100,4972,4909,99.44,519.8766458332175,984.971782617511,1105.0657748037993,1236.0211052447376,false
49,bursty-pause-100,closed_loop,100,4380,4380,87.6,12.65313399862498,33.8332721018287,801.8490648548905,837.9314329133922,false
50,bursty-pause-100,open_loop,100,4893,4856,97.86,399.36320802156115,819.1400384197841,857.2766708272247,891.9715519675228,false
50,bursty-pause-100,closed_loop,100,4373,4372,87.46,13.046234113004175,34.79701475505499,800.6631493635068,823.3120925083422,false
51,bursty-pause-100,open_loop,100,5045,4921,100.9,861.6139877461137,1309.4210535347302,1508.2146881545232,1633.721347508199,false
51,bursty-pause-100,closed_loop,100,4386,4386,87.72,12.657138420252522,30.751221459751832,803.7185419687012,831.4888174399675,false
52,bursty-pause-100,open_loop,100,5096,4945,101.92,774.0642579139458,1572.0723424512398,1710.3870210614623,1797.4209055550746,false
52,bursty-pause-100,closed_loop,100,4392,4389,87.84,12.55238707576791,31.5117445729702,806.7617814587102,825.9104142137621,false
53,bursty-pause-100,open_loop,100,4896,4830,97.92,472.0416151331665,872.6863440126508,1036.7936456345687,1075.5267332222902,false
53,bursty-pause-100,closed_loop,100,4387,4386,87.74,12.45040965174121,31.801516632156563,807.2403929705033,825.644077577359,false
54,bursty-pause-100,open_loop,100,4964,4923,99.28,674.4658366746953,1411.6012712549273,1466.464295713904,1552.8688125713634,false
54,bursty-pause-100,closed_loop,100,4376,4375,87.52,12.771009849049733,33.37718450621469,802.5529103820663,827.4497259629934,false
55,bursty-pause-100,open_loop,100,5016,4914,100.32,907.4831812956181,1407.4796547769256,1580.9185724761337,1639.4370566308935,false
55,bursty-pause-100,closed_loop,100,4387,4386,87.74,12.159014217528238,31.062974717999168,812.1710412314678,831.6462272055214,false
56,bursty-pause-100,open_loop,100,4888,4860,97.76,538.2065151586321,1220.4234891992164,1281.0777686210713,1333.8913100272985,false
56,bursty-pause-100,closed_loop,100,4378,4377,87.56,12.573155866382876,32.43605053351348,811.3744732574924,826.7615295360592,false
57,bursty-pause-100,open_loop,100,5147,4982,102.94,691.2096338103074,1456.294636166058,1521.4808869996414,1566.8785947969154,false
57,bursty-pause-100,closed_loop,100,4380,4380,87.6,13.129652554751374,31.269572708137275,801.9907891064468,830.3744116997077,false
58,bursty-pause-100,open_loop,100,4859,4841,97.18,457.9735242869647,989.3184053389195,1151.070023189961,1202.294377602222,false
58,bursty-pause-100,closed_loop,100,4389,4388,87.78,12.459252768356237,30.991908753676398,802.7753074354478,826.5087609203401,false
59,bursty-pause-100,open_loop,100,4939,4859,98.78,859.0777844746317,1393.0766430052245,1541.2144378809808,1623.83126877621,false
59,bursty-pause-100,closed_loop,100,4395,4394,87.9,12.266728209666326,29.72911919739272,807.0018945264983,825.9685685289005,false
60,bursty-pause-100,open_loop,100,5066,4947,101.32,1054.056271841764,1807.0204436958593,1936.9545915922135,1975.1645225931861,false
60,bursty-pause-100,closed_loop,100,4383,4381,87.66,12.594908087594376,31.64194394859078,804.7903193765451,840.0517499119778,false
61,bursty-pause-100,open_loop,100,5032,4946,100.64,806.6147877680487,1233.752024866204,1364.1370137991107,1428.5055684009058,false
61,bursty-pause-100,closed_loop,100,4375,4373,87.5,12.697460818541003,31.573089899677143,814.8211182911618,834.438533319546,false
62,bursty-pause-100,open_loop,100,4900,4824,98,431.6375221073977,967.9073104669042,1107.7030279531464,1184.6622611788189,false
62,bursty-pause-100,closed_loop,100,4388,4386,87.76,12.360620782676051,32.11139355663181,807.639934963061,835.0988757379164,false
63,bursty-pause-100,open_loop,100,4970,4925,99.4,610.5789948687925,1036.0653036348122,1079.5574471592518,1161.401096576199,false
63,bursty-pause-100,closed_loop,100,4376,4375,87.52,12.757159830965975,34.53979149842053,805.4861749286938,821.7852427596008,false
64,bursty-pause-100,open_loop,100,4997,4906,99.94,1084.3152417774581,1722.4342477006794,1912.3569531326575,1990.8826565527343,false
64,bursty-pause-100,closed_loop,100,4374,4372,87.48,12.875003423410817,33.39557495166446,802.9152812494794,833.5175841132368,false
65,bursty-pause-100,open_loop,100,5023,4902,100.46,595.8435995122454,1304.4144743293655,1449.3425837862305,1513.9337999662457,false
65,bursty-pause-100,closed_loop,100,4382,4380,87.64,12.567091775534209,31.87091853241509,809.3708373660265,832.297787928328,false
66,bursty-pause-100,open_loop,100,4960,4900,99.2,649.1917658968268,1111.8603730784307,1284.5562426693577,1341.4395493373522,false
66,bursty-pause-100,closed_loop,100,4378,4377,87.56,12.697016467463982,32.48016314354754,807.1076106743058,843.7777328404554,false
67,bursty-pause-100,open_loop,100,5007,4930,100.14,670.7148928730967,1021.9069258938034,1118.8664625938018,1166.6154106829745,false
67,bursty-pause-100,closed_loop,100,4389,4387,87.78,12.572284834655875,30.489850956171722,807.0969280772952,837.9145904718498,false
68,bursty-pause-100,open_loop,100,4973,4927,99.46,480.30943096363626,1085.452928130624,1299.6300598651505,1382.8459409126954,false
68,bursty-pause-100,closed_loop,100,4376,4374,87.52,12.669989766931394,32.57146206046309,810.8266289930107,846.4882392248583,false
69,bursty-pause-100,open_loop,100,5089,4979,101.78,741.7461007570892,1096.4308135980682,1448.5597705098407,1497.0685935323636,false
69,bursty-pause-100,closed_loop,100,4385,4383,87.7,12.490028422096657,33.64233203990443,801.1303904023061,825.656920479214,false
70,bursty-pause-100,open_loop,100,5044,4932,100.88,641.7039347533646,1260.3480001062999,1347.2625276676335,1427.5791688569152,false
70,bursty-pause-100,closed_loop,100,4375,4374,87.5,12.94953506760612,31.30755225320172,811.4464242364556,833.8361723788967,false
71,bursty-pause-100,open_loop,100,5010,4912,100.2,526.9577439718414,1025.1300103554313,1327.1518321589174,1391.6649113498497,false
71,bursty-pause-100,closed_loop,100,4379,4378,87.58,12.94078754826478,31.906586753044394,806.9533493689596,834.3137796669689,false
72,bursty-pause-100,open_loop,100,4991,4887,99.82,694.0823570583816,1283.5700408798148,1357.2770471538388,1405.9903052773298,false
72,bursty-pause-100,closed_loop,100,4382,4381,87.64,12.281389981166285,31.617310828572954,810.1044391783507,853.7461522591548,false
73,bursty-pause-100,open_loop,100,4942,4870,98.84,532.4548061217283,1017.7406551412714,1095.0459467717155,1156.001318237657,false
73,bursty-pause-100,closed_loop,100,4394,4393,87.88,12.093364930064126,33.23319039778653,803.642048702095,836.6233626147587,false
74,bursty-pause-100,open_loop,100,5082,4909,101.64,1151.6140587674963,2023.352072402573,2190.4362121010927,2234.3658399433552,false
74,bursty-pause-100,closed_loop,100,4384,4383,87.68,12.722886731316976,31.620215335653484,800.7569174159507,822.4896841505906,false
75,bursty-pause-100,open_loop,100,4979,4920,99.58,555.0796638816537,1103.8468571240264,1158.071455766958,1190.9021756014263,false
75,bursty-pause-100,closed_loop,100,4382,4381,87.64,12.890001167594164,30.98259300245263,806.5864167927284,835.582829351828,false
76,bursty-pause-100,open_loop,100,4980,4898,99.6,682.7155030339854,1206.2354037264595,1343.6251915436587,1379.128334487039,false
76,bursty-pause-100,closed_loop,100,4394,4394,87.88,12.718041457650543,28.915582269422885,803.9686411494476,826.1669299341302,false
77,bursty-pause-100,open_loop,100,4991,4942,99.82,561.4256967481451,1080.5045744560102,1140.32829134418,1186.9079146457152,false
77,bursty-pause-100,closed_loop,100,4380,4376,87.6,12.956496173785126,31.62380108420257,810.9156075948249,832.9643342389099,false
78,bursty-pause-100,open_loop,100,4959,4902,99.18,642.2038332400698,1142.4573315122943,1284.0945936040916,1450.3351197457887,false
78,bursty-pause-100,closed_loop,100,4387,4385,87.74,12.802702322396726,30.622128947368765,804.7556986747222,821.8958389929103,false
79,bursty-pause-100,open_loop,100,4987,4905,99.74,801.1926473752101,1271.5741116985664,1429.9129134830728,1505.111253290539,false
79,bursty-pause-100,closed_loop,100,4391,4390,87.82,12.586851200074307,30.615324215294095,802.9322127280175,825.5205018513952,false
80,bursty-pause-100,open_loop,100,4972,4899,99.44,585.5606996844508,980.3133314824445,1267.6597557699279,1347.082709099741,false
80,bursty-pause-100,closed_loop,100,4362,4361,87.24,13.314441059450473,33.75093879108317,809.0879898135172,837.8614013527476,false
81,bursty-pause-100,open_loop,100,4843,4799,96.86,461.90911533832696,844.8098558021011,972.2465575676033,1148.7006991531161,false
81,bursty-pause-100,closed_loop,100,4376,4374,87.52,12.789146112183516,32.600852926436346,807.7464474338085,827.8150985937755,false
82,bursty-pause-100,open_loop,100,4937,4893,98.74,456.5007842974592,877.6358436129813,969.4122327142177,1050.985419662611,false
82,bursty-pause-100,closed_loop,100,4382,4381,87.64,12.834702979405847,31.34544097854814,810.2572933673,838.9912136214953,false
83,bursty-pause-100,open_loop,100,4991,4940,99.82,929.5408345413161,1434.2936429258116,1602.1082194880946,1653.8374280985117,false
83,bursty-pause-100,closed_loop,100,4375,4373,87.5,12.801114934904035,32.64784536418665,807.2536834046314,826.6265084410988,false
84,bursty-pause-100,open_loop,100,4892,4879,97.84,507.58739203075675,1122.755139609042,1304.9272286487758,1401.1763225986215,false
84,bursty-pause-100,closed_loop,100,4404,4403,88.08,11.992123286756396,29.85741273761232,803.9219546252716,823.1941376947179,false
85,bursty-pause-100,open_loop,100,4953,4906,99.06,492.67839122020087,1066.619419484403,1150.7018463122731,1217.04417623052,false
85,bursty-pause-100,closed_loop,100,4394,4393,87.88,12.446019876151695,30.779422954576148,804.7510386847825,829.9914375664375,false
86,bursty-pause-100,open_loop,100,5000,4916,100,674.5653890333779,1011.7169769413376,1143.23760153054,1184.8092060830186,false
86,bursty-pause-100,closed_loop,100,4372,4370,87.44,12.938582956812752,33.98911695511197,802.149604133112,838.4875087362307,false
87,bursty-pause-100,open_loop,100,4997,4932,99.94,495.25948254326795,951.7838425148948,1124.5586711117903,1240.7629759491065,false
87,bursty-pause-100,closed_loop,100,4397,4396,87.94,12.37246671061439,30.418064500307082,800.7753435904524,816.7011602904204,false
88,bursty-pause-100,open_loop,100,4988,4930,99.76,522.8936582646966,1003.4297188671262,1188.7074105608044,1233.189096544811,false
88,bursty-pause-100,closed_loop,100,4380,4379,87.6,12.810759006180888,31.494041849815403,809.9415807972473,832.504857742817,false
89,bursty-pause-100,open_loop,100,4926,4888,98.52,483.3789867300802,952.6346195930455,1095.6908450694646,1156.9307872499412,false
89,bursty-pause-100,closed_loop,100,4376,4375,87.52,12.66487233859516,32.28783830332395,808.7741280223163,834.0954256344321,false
90,bursty-pause-100,open_loop,100,5072,4920,101.44,595.9755773404322,1507.996384363949,1584.32191505035,1633.4497598484522,false
90,bursty-pause-100,closed_loop,100,4396,4395,87.92,12.379549231671263,30.179140760243172,799.4079110539169,838.6447439724798,false
91,bursty-pause-100,open_loop,100,4989,4890,99.78,870.984188161252,1363.1348426327168,1565.6853217416501,1701.980917523033,false
91,bursty-pause-100,closed_loop,100,4378,4378,87.56,12.907260689687973,32.798292030789526,806.9774487234281,827.1511425499411,false
92,bursty-pause-100,open_loop,100,5056,4951,101.12,638.6196461123618,1311.3313075189653,1597.461976249877,1763.4929497843914,false
92,bursty-pause-100,closed_loop,100,4382,4380,87.64,12.545615465431183,31.858824722035934,803.7332866053457,830.9672549543793,false
93,bursty-pause-100,open_loop,100,4942,4863,98.84,935.7627159184922,1700.3599986155969,1882.6187285520646,1971.8084440318853,false
93,bursty-pause-100,closed_loop,100,4374,4372,87.48,13.041241395883844,32.231434028974036,810.8836177094454,834.5703927727955,false
94,bursty-pause-100,open_loop,100,5023,4931,100.46,592.7702298256336,1034.114364804016,1115.086138737388,1143.873651762009,false
94,bursty-pause-100,closed_loop,100,4375,4373,87.5,12.870435657834605,32.323695954022696,806.6853896710163,841.9409820904548,false
95,bursty-pause-100,open_loop,100,5058,4967,101.16,657.841637606849,1155.1837421646997,1239.5287959504203,1278.1581571737333,false
95,bursty-pause-100,closed_loop,100,4384,4383,87.68,12.73431023863668,31.631305617436738,802.3455445216787,829.8008074596801,false
96,bursty-pause-100,open_loop,100,5169,4915,103.38,1889.5975549926388,2675.45652007997,2953.6672522461886,3022.8747830783686,false
96,bursty-pause-100,closed_loop,100,4378,4378,87.56,12.804418117913883,32.89512658912281,803.9334314249863,827.6730879284514,false
97,bursty-pause-100,open_loop,100,5003,4897,100.06,772.1128309241321,1230.2804810619564,1286.1678613282565,1469.0114446477965,false
97,bursty-pause-100,closed_loop,100,4383,4382,87.66,12.446809840230344,32.745306222823274,804.7604443238288,837.6851999887494,false
98,bursty-pause-100,open_loop,100,4984,4902,99.68,717.1316776872409,1185.8756642120352,1296.33027474353,1364.767363175226,false
98,bursty-pause-100,closed_loop,100,4382,4379,87.64,12.636539606297447,32.14485339347448,804.681956961329,832.0790407138556,false
99,bursty-pause-100,open_loop,100,4897,4873,97.94,364.60938752583934,825.0551765241908,990.2868830246152,1019.6784646308297,false
99,bursty-pause-100,closed_loop,100,4398,4398,87.96,12.282276934594847,30.158597486260987,803.2282475907978,834.0319824318758,false
100,bursty-pause-100,open_loop,100,4964,4907,99.28,648.6401528896022,1216.6889548235522,1302.0801030232687,1342.905492737431,false
100,bursty-pause-100,closed_loop,100,4373,4372,87.46,12.777583806499024,33.254244044943334,810.188462271075,827.2417099692648,false
101,bursty-pause-100,open_loop,100,4873,4869,97.46,496.16346472798614,909.4017770463106,1054.319461285093,1107.0393072462466,false
101,bursty-pause-100,closed_loop,100,4365,4364,87.3,12.710831248878094,34.577653786196606,812.4374969892106,840.738341828368,false
102,bursty-pause-100,open_loop,100,5059,4909,101.18,847.3179627571008,1366.97183542532,1469.8542164849132,1524.09760114667,false
102,bursty-pause-100,closed_loop,100,4383,4382,87.66,12.635878937973757,32.54524700121692,804.9218563129616,828.9221353613102,false
103,bursty-pause-100,open_loop,100,5074,4903,101.48,1089.7013063700433,1567.7626687175143,1884.014827982377,1976.6530183028663,false
103,bursty-pause-100,closed_loop,100,4388,4387,87.76,12.320619719537717,31.280971347798186,810.736861524012,827.6490305854568,false
104,bursty-pause-100,open_loop,100,4989,4895,99.78,664.731820078363,1083.744382535886,1260.437581896198,1330.6841795565342,false
104,bursty-pause-100,closed_loop,100,4389,4387,87.78,12.445587911814073,31.29495266896265,807.5394378555065,827.7695895232027,false
105,bursty-pause-100,open_loop,100,4918,4834,98.36,489.4190058408749,884.0009385348021,940.4365854418211,977.9759280064536,false
105,bursty-pause-100,closed_loop,100,4381,4378,87.62,12.761110188956081,33.05773066922848,803.5529841193857,827.5267657267032,false
106,bursty-pause-100,open_loop,100,4990,4886,99.8,720.4307063906053,1272.5903802701578,1387.2082105590162,1513.6231089119901,false
106,bursty-pause-100,closed_loop,100,4376,4375,87.52,12.836841777429072,33.207695943718136,805.8329614567847,825.320829305274,false
107,bursty-pause-100,open_loop,100,5005,4937,100.1,999.1913492801541,1533.2736913419249,1598.7852283605607,1634.6165799296868,false
107,bursty-pause-100,closed_loop,100,4393,4391,87.86,12.373208053744747,29.320247257201117,803.2531819748328,825.8341530838188,false
108,bursty-pause-100,open_loop,100,5053,4963,101.06,671.3187515578393,1079.164018303447,1176.1222474647875,1260.2501794570126,false
108,bursty-pause-100,closed_loop,100,4388,4387,87.76,12.540425176230201,30.962036562243156,810.8555255781976,838.5634704824406,false
109,bursty-pause-100,open_loop,100,5102,4910,102.04,1256.4880960181908,1902.5110524667398,1985.1471364887984,2099.72929910932,false
109,bursty-pause-100,closed_loop,100,4384,4383,87.68,12.733467435687999,32.118198353025946,802.6455871112339,829.1930523043411,false
110,bursty-pause-100,open_loop,100,5088,4943,101.76,953.7975388941632,1566.1065249306776,1620.3679579239179,1641.347130996226,false
110,bursty-pause-100,closed_loop,100,4377,4375,87.54,12.888867750745703,34.290478552786226,801.4928403831873,824.068450523755,false
111,bursty-pause-100,open_loop,100,4996,4895,99.92,414.46265789316385,928.1697658095509,977.6413172311441,1030.0823663426781,false
111,bursty-pause-100,closed_loop,100,4371,4370,87.42,13.068155114475303,32.67594501048006,814.8614053711026,836.3406244844336,false
112,bursty-pause-100,open_loop,100,5042,4910,100.84,853.0046079989224,1479.941296390265,1567.9056410017947,1603.3038405088337,false
112,bursty-pause-100,closed_loop,100,4386,4384,87.72,12.657656844043231,31.17442475045391,805.3250062650695,824.8703167731874,false
113,bursty-pause-100,open_loop,100,4941,4914,98.82,453.9640986456652,961.7086573307242,1090.1614939510982,1174.6185002684142,false
113,bursty-pause-100,closed_loop,100,4389,4388,87.78,12.400404279931536,31.65672243857989,804.0886736009179,825.0107223589985,false
114,bursty-pause-100,open_loop,100,5018,4925,100.36,787.3874088379162,1257.159060356753,1322.959819080912,1385.4065985621419,false
114,bursty-pause-100,closed_loop,100,4377,4377,87.54,12.692569938430097,31.112563146663888,809.9299033148345,842.62106492362,false
115,bursty-pause-100,open_loop,100,4896,4854,97.92,465.04452088083053,882.2480312273765,1057.7911892472039,1100.868645614093,false
115,bursty-pause-100,closed_loop,100,4398,4397,87.96,12.029820041600033,29.636876896045578,812.6919596910484,825.9964465656049,false
116,bursty-pause-100,open_loop,100,4904,4868,98.08,453.00166045744845,961.0153881921724,1030.9985445192651,1093.4113222032174,false
116,bursty-pause-100,closed_loop,100,4383,4382,87.66,12.585554064664393,32.74469665760262,805.897318914409,827.6664286668674,false
117,bursty-pause-100,open_loop,100,5000,4892,100,833.1015245218368,1401.2597272635758,1547.3194331905834,1636.9645978678745,false
117,bursty-pause-100,closed_loop,100,4388,4387,87.76,12.247394060483202,33.15198045017314,808.7808990283702,827.5427453569282,false
118,bursty-pause-100,open_loop,100,5089,4938,101.78,1030.3746025144428,1813.9928421219884,1883.725012680312,2028.5394804462412,false
118,bursty-pause-100,closed_loop,100,4379,4377,87.58,12.817180275102146,32.73430498786183,805.2909194419117,827.1719881588506,false
119,bursty-pause-100,open_loop,100,4991,4970,99.82,717.8184997784083,1152.8635715583914,1338.5636213205762,1460.165751789711,false
119,bursty-pause-100,closed_loop,100,4374,4373,87.48,13.03781107575196,32.96772618754039,807.1959289528386,827.6926797679189,false
120,bursty-pause-100,open_loop,100,4983,4906,99.66,1032.7433122312868,1673.1197585912596,1929.5592183751578,1990.793959937051,false
120,bursty-pause-100,closed_loop,100,4396,4394,87.92,12.17608698674303,31.085839770188613,802.0958458883106,820.4837695306942,false
121,bursty-pause-100,open_loop,100,5023,4918,100.46,686.4047343135971,1316.6508222928678,1403.5401703812531,1527.502677713739,false
121,bursty-pause-100,closed_loop,100,4386,4383,87.72,12.677119948795735,31.242717734341568,807.2937905310537,832.3068583660315,false
122,bursty-pause-100,open_loop,100,5078,4900,101.56,1402.6818472901068,1735.8218256154287,1764.8340563937527,1882.0953869646983,false
122,bursty-pause-100,closed_loop,100,4375,4374,87.5,12.754793241134394,33.866019175555266,806.5808986626071,843.1375061066792,false
123,bursty-pause-100,open_loop,100,5097,4941,101.94,633.1319992043209,1577.0814483078502,1638.0277675983525,1698.1968712392336,false
123,bursty-pause-100,closed_loop,100,4382,4382,87.64,12.773108900888474,32.21609545582032,806.1111923664612,832.3137772386181,false
124,bursty-pause-100,open_loop,100,4952,4925,99.04,520.1068246653376,1046.7696660264592,1132.5159828448377,1173.751619545088,false
124,bursty-pause-100,closed_loop,100,4379,4378,87.58,12.350757521337073,32.493077175699,811.1312012442977,836.7322515795313,false
125,bursty-pause-100,open_loop,100,4946,4898,98.92,656.3486560076635,1053.0144718972479,1443.005737883781,1543.0893020569565,false
125,bursty-pause-100,closed_loop,100,4382,4380,87.64,12.899369541511987,30.66320623313368,809.5566209890148,836.2484615802823,false
126,bursty-pause-100,open_loop,100,4912,4829,98.24,771.3298834551842,1178.9827030246815,1456.96098398319,1695.7817097283405,false
126,bursty-pause-100,closed_loop,100,4375,4374,87.5,12.938064353849768,33.02986549446359,797.2298047378208,821.4140340046579,false
127,bursty-pause-100,open_loop,100,4974,4846,99.48,667.2981210456637,1350.979487675504,1481.0022482166532,1538.602575024437,false
127,bursty-pause-100,closed_loop,100,4393,4392,87.86,12.386471389218059,29.884296754979005,805.589307254766,836.7144413678834,false
128,bursty-pause-100,open_loop,100,5098,4940,101.96,1255.0638388237712,1904.2543178872147,1978.5919134719843,2016.9674659924021,false
128,bursty-pause-100,closed_loop,100,4378,4376,87.56,12.673038632696262,31.408147585578263,809.0404675559548,837.5947710064975,false
129,bursty-pause-100,open_loop,100,5066,4904,101.32,1265.6104301776286,1850.7003658994581,2003.9607738606574,2086.3256744061437,false
129,bursty-pause-100,closed_loop,100,4381,4378,87.62,12.875230670557357,32.01622774103453,805.7622451137213,838.4556018967342,false
130,bursty-pause-100,open_loop,100,4998,4888,99.96,458.1182287834963,1104.2651290438007,1272.61617226198,1327.6205008078978,false
130,bursty-pause-100,closed_loop,100,4372,4371,87.44,13.148572212696308,32.43541863412247,807.5098731771031,828.8200470003794,false
131,bursty-pause-100,open_loop,100,5009,4961,100.18,634.0254920961379,1209.2698117653708,1276.4655104247722,1321.7465706070834,false
131,bursty-pause-100,closed_loop,100,4388,4387,87.76,12.376354750951577,30.982361589442007,809.608218187037,826.4820675797237,false
132,bursty-pause-100,open_loop,100,5001,4954,100.02,637.2874275229988,1216.1896301421148,1301.1470852242128,1380.3077265900356,false
132,bursty-pause-100,closed_loop,100,4378,4376,87.56,12.683958723893738,33.15610985672356,798.2782707095357,843.4931264441075,false
133,bursty-pause-100,open_loop,100,5065,4987,101.3,776.3564781882487,1151.4526366503196,1291.1144491599334,1372.4737875287974,false
133,bursty-pause-100,closed_loop,100,4364,4364,87.28,13.249578793180262,34.34742770314915,816.0042896507148,832.590492895115,false
134,bursty-pause-100,open_loop,100,5002,4896,100.04,713.2314624499631,1389.6548666658782,1557.8425920880982,1584.8438550111605,false
134,bursty-pause-100,closed_loop,100,4388,4386,87.76,12.462791463491158,31.546968445909442,806.7716258058099,826.6599434697346,false
135,bursty-pause-100,open_loop,100,4899,4853,97.98,435.23055683696293,823.4381287678225,867.7131280882404,935.2540446225503,false
135,bursty-pause-100,closed_loop,100,4372,4371,87.44,12.810520347440615,33.82872050701553,808.2623192081664,838.528651892073,false
136,bursty-pause-100,open_loop,100,4925,4848,98.5,569.1400701158818,1002.8223947747829,1121.6287575678653,1195.1972133855743,false
136,bursty-pause-100,closed_loop,100,4378,4376,87.56,12.760148763642064,32.94784571097989,803.8612407000837,833.0704651134874,false
137,bursty-pause-100,open_loop,100,4970,4894,99.4,546.560566587872,1012.3642162569304,1112.4986130734542,1150.028090398111,false
137,bursty-pause-100,closed_loop,100,4384,4384,87.68,12.759189799617161,31.27215374898151,811.5021440480923,837.8970133724906,false
138,bursty-pause-100,open_loop,100,5019,4888,100.38,1359.4050017461632,1850.7866482825048,2148.631764616912,2202.7696148471223,false
138,bursty-pause-100,closed_loop,100,4390,4389,87.8,12.330766136299644,32.70536024323519,803.0583995069974,840.8631030321776,false
139,bursty-pause-100,open_loop,100,5070,4974,101.4,714.28886095497,1143.215450674572,1255.0997606064193,1374.562590626454,false
139,bursty-pause-100,closed_loop,100,4376,4375,87.52,12.832793925437727,32.037291112737876,806.93306934469,825.7460831280259,false
140,bursty-pause-100,open_loop,100,4921,4869,98.42,519.292177135736,934.5921728678222,985.4780707112004,1013.4019375314674,false
140,bursty-pause-100,closed_loop,100,4375,4374,87.5,12.727779252980326,33.399371887295274,806.4063988321141,851.8455017255474,false
141,bursty-pause-100,open_loop,100,5046,4971,100.92,921.7616621514317,1406.5501881339296,1532.3479226763302,1629.7268396313302,false
141,bursty-pause-100,closed_loop,100,4381,4380,87.62,12.850258360092994,31.83942626595308,800.4053532315738,823.5598154650652,false
142,bursty-pause-100,open_loop,100,4997,4934,99.94,765.492544299901,1318.0455571221828,1393.4727654666567,1528.684654075285,false
142,bursty-pause-100,closed_loop,100,4380,4379,87.6,12.868949203264492,31.659429971936333,807.281444311935,825.4563175082294,false
143,bursty-pause-100,open_loop,100,5044,4940,100.88,904.239273705658,1452.4346957286834,1522.1827965095,1547.1715512123628,false
143,bursty-pause-100,closed_loop,100,4384,4384,87.68,12.69169484234044,32.329663778595204,804.9773853467341,822.1771931561252,false
144,bursty-pause-100,open_loop,100,4900,4871,98,396.90031311104394,830.9057611626122,881.5324669811162,929.9789275955773,false
144,bursty-pause-100,closed_loop,100,4376,4375,87.52,12.995930143850273,32.407640738056216,809.6735508272395,830.6868106014263,false
145,bursty-pause-100,open_loop,100,4975,4855,99.5,663.7654810928034,1349.169144433159,1576.6509075793074,1686.5110138045347,false
145,bursty-pause-100,closed_loop,100,4376,4373,87.52,13.179060680646216,33.27889216857875,800.7181640606068,815.1518845066676,false
146,bursty-pause-100,open_loop,100,4981,4931,99.62,407.8352154785898,907.9733042550433,1050.490297136159,1106.3872403680798,false
146,bursty-pause-100,closed_loop,100,4386,4385,87.72,12.732227301909006,32.06141634634878,797.845612282581,815.6283662089845,false
147,bursty-pause-100,open_loop,100,4889,4844,97.78,405.28543981547773,828.7214602465829,907.4076596185841,1005.2691030153146,false
147,bursty-pause-100,closed_loop,100,4375,4372,87.5,12.787883307486481,33.97052856457594,810.2443431586253,838.6869022951723,false
148,bursty-pause-100,open_loop,100,4903,4834,98.06,352.8930931228206,896.5492253037737,997.9027472645976,1052.4568698318762,false
148,bursty-pause-100,closed_loop,100,4389,4388,87.78,12.548261575815559,30.251089710385713,803.2510182242113,825.6174183005496,false
149,bursty-pause-100,open_loop,100,4991,4884,99.82,1002.8049532365767,1634.4131088018185,1809.7362201678989,1888.5026700018498,false
149,bursty-pause-100,closed_loop,100,4381,4380,87.62,12.786305399953562,32.00203306663025,802.4128283130558,825.2937615162518,false
150,bursty-pause-100,open_loop,100,4978,4932,99.56,447.0556349656108,900.600940521319,1029.3831743539558,1131.9620693205325,false
150,bursty-pause-100,closed_loop,100,4402,4401,88.04,11.913801734477602,29.30944638553774,808.3879381593615,834.1286474291446,false
151,bursty-pause-100,open_loop,100,4976,4936,99.52,698.0956828249036,1274.6690220148375,1372.087235955827,1445.2551545392125,false
151,bursty-pause-100,closed_loop,100,4398,4397,87.96,12.19261534389807,30.623530762502924,800.780645169747,822.1077074988425,false
152,bursty-pause-100,open_loop,100,5048,4930,100.96,930.2064111689469,1528.409888845832,1634.9748270328128,1729.903430642662,false
152,bursty-pause-100,closed_loop,100,4395,4394,87.9,12.598180086919456,30.353542235297937,800.4176317301026,820.9545184083108,false
153,bursty-pause-100,open_loop,100,5133,4950,102.66,1373.3178168284794,2119.333453038307,2206.132476886931,2254.169439532234,false
153,bursty-pause-100,closed_loop,100,4387,4385,87.74,12.712589719798416,30.750804962164693,803.0497364334296,840.4848596255979,false
154,bursty-pause-100,open_loop,100,5151,4896,103.02,1266.7985857554158,2229.2848835331097,2296.1979856455655,2489.19515966349,false
154,bursty-pause-100,closed_loop,100,4389,4387,87.78,12.477224165573716,30.994011866459914,810.6159753674801,843.0900742765116,false
155,bursty-pause-100,open_loop,100,5061,4962,101.22,843.0084378641695,1266.42292249409,1384.9041536812838,1542.029151157989,false
155,bursty-pause-100,closed_loop,100,4387,4385,87.74,12.400928983050107,32.57814125434379,805.6020819311743,818.4122775489523,false
156,bursty-pause-100,open_loop,100,5031,4925,100.62,876.5514723170345,1453.592964226118,1661.3552816870579,1786.9603975539867,false
156,bursty-pause-100,closed_loop,100,4381,4380,87.62,12.815145443757501,31.50414675498905,805.1086409359777,833.9936573348605,false
157,bursty-pause-100,open_loop,100,5012,4966,100.24,926.5121616339566,1332.6036625134511,1410.1222720782243,1561.593612876779,false
157,bursty-pause-100,closed_loop,100,4385,4383,87.7,12.538767261386965,31.739099795122456,810.1720466818879,833.5976617832639,false
158,bursty-pause-100,open_loop,100,5060,4900,101.2,632.3959885743025,1597.4836337562592,1922.8178882609645,1971.2547032364018,false
158,bursty-pause-100,closed_loop,100,4383,4383,87.66,12.68789740025386,31.711186616157647,807.4992513233738,822.7806950165614,false
159,bursty-pause-100,open_loop,100,5074,4994,101.48,753.1611098191715,1165.5000055205455,1442.9710240472996,1483.0797685901998,false
159,bursty-pause-100,closed_loop,100,4358,4357,87.16,13.423689765215386,33.8435515826277,807.9301475647371,838.6396449442764,false
160,bursty-pause-100,open_loop,100,4929,4857,98.58,437.70284947987784,945.1911832450933,1078.7972828791171,1127.6610930988027,false
160,bursty-pause-100,closed_loop,100,4377,4377,87.54,12.573800628983008,32.9042493142224,812.3752522409559,836.0983787302612,false
161,bursty-pause-100,open_loop,100,5058,4937,101.16,1058.425661481313,1481.0666975522836,1620.782910932663,1742.3780265429523,false
161,bursty-pause-100,closed_loop,100,4379,4375,87.58,12.460095134367293,33.32074282780377,813.4886008957328,829.7960019498532,false
162,bursty-pause-100,open_loop,100,5035,4929,100.7,1311.5246563144756,1855.2423597688612,1926.935300644407,2011.6297660844648,false
162,bursty-pause-100,closed_loop,100,4388,4387,87.76,12.5521036901373,30.762016368898912,800.8307045528636,831.1033388267242,false
163,bursty-pause-100,open_loop,100,4945,4912,98.9,573.976851590618,1117.5643497668934,1178.3282831884135,1221.2784262831156,false
163,bursty-pause-100,closed_loop,100,4382,4380,87.64,12.678954423608957,30.41870033590385,809.2530115414265,835.4277841593503,false
164,bursty-pause-100,open_loop,100,5021,4951,100.42,563.7029082343652,983.3009646686332,1045.651898024742,1077.6146543159393,false
164,bursty-pause-100,closed_loop,100,4389,4388,87.78,12.711380588742031,31.263479154207744,799.0979032136238,819.0074500970077,false
165,bursty-pause-100,open_loop,100,4909,4883,98.18,534.4335025525797,934.0081147003257,1038.2359934311935,1108.833925586241,false
165,bursty-pause-100,closed_loop,100,4382,4380,87.64,12.765796806415892,31.933783932356164,811.2367533099132,838.4517410284134,false
166,bursty-pause-100,open_loop,100,5027,4946,100.54,828.353133749617,1610.792983255331,1708.782386337145,1762.0269249184203,false
166,bursty-pause-100,closed_loop,100,4369,4368,87.38,13.349540835137304,33.26568375338684,804.70723764188,834.3348170732079,false
167,bursty-pause-100,open_loop,100,5022,4923,100.44,781.237459938995,1303.2420175425796,1392.3682402331106,1501.9302173930773,false
167,bursty-pause-100,closed_loop,100,4390,4387,87.8,12.566510405369627,31.846567198859702,801.934317608404,829.2020584240599,false
168,bursty-pause-100,open_loop,100,5033,4873,100.66,748.3012387929266,1676.5189565441833,1871.2658745549415,1977.797885236614,false
168,bursty-pause-100,closed_loop,100,4381,4381,87.62,12.982684471135144,32.083957044604176,802.164336350208,824.0598674092544,false
169,bursty-pause-100,open_loop,100,4899,4823,97.98,406.8366772332229,924.419263474927,1090.8179306309466,1177.699408217988,false
169,bursty-pause-100,closed_loop,100,4385,4384,87.7,12.65353386013885,32.20979985369195,799.796945307462,825.3297670135216,false
170,bursty-pause-100,open_loop,100,4962,4845,99.24,651.888304219854,1327.908765140899,1579.9162954931962,1644.8524045433078,false
170,bursty-pause-100,closed_loop,100,4374,4373,87.48,12.966933347599479,31.535845727416017,808.5331090529216,827.667394318245,false
171,bursty-pause-100,open_loop,100,5056,4932,101.12,659.438356935847,1359.0557384593194,1436.0853594941218,1481.588913687745,false
171,bursty-pause-100,closed_loop,100,4386,4385,87.72,12.628105848107225,32.96784526616102,803.4733231722494,830.2639018593036,false
172,bursty-pause-100,open_loop,100,5016,4956,100.32,599.908059966514,1078.8985379144287,1178.1906023198608,1216.2446954174666,false
172,bursty-pause-100,closed_loop,100,4389,4388,87.78,12.588384236747515,31.255234839118202,805.0135906042487,839.5602719500966,false
173,bursty-pause-100,open_loop,100,5066,4960,101.32,681.7451552190469,1277.8135093730998,1344.866993134754,1399.8221577416261,false
173,bursty-pause-100,closed_loop,100,4392,4391,87.84,12.402376470610761,30.12485811843362,811.442259951722,846.7457706312052,false
174,bursty-pause-100,open_loop,100,5045,4910,100.9,749.7850361443634,1594.9134594427233,1848.6199721634985,1934.9728276999958,false
174,bursty-pause-100,closed_loop,100,4373,4372,87.46,12.98518882663484,31.537634313222952,806.1916816315897,839.2805087444794,false
175,bursty-pause-100,open_loop,100,5106,5002,102.12,710.6333992118416,1141.3299586550856,1210.296171843118,1251.3887817659343,false
175,bursty-pause-100,closed_loop,100,4393,4393,87.86,12.272063490469009,31.863427203454194,804.9511600597834,836.890078270706,false
176,bursty-pause-100,open_loop,100,5118,4908,102.36,1254.8971428778605,2229.009688376842,2289.148697343291,2400.428901517196,false
176,bursty-pause-100,closed_loop,100,4381,4380,87.62,12.88218150324974,31.13164368396974,805.7607473954195,838.713036250454,false
177,bursty-pause-100,open_loop,100,4990,4920,99.8,538.0090653853549,1067.0096378401577,1189.5274337650262,1220.8546055144325,false
177,bursty-pause-100,closed_loop,100,4384,4383,87.68,12.710591629045666,32.19908855997346,804.3257643407196,833.3601131862706,false
178,bursty-pause-100,open_loop,100,4984,4897,99.68,618.311936567723,1111.7100277622521,1314.7804270287052,1374.5288815726853,false
178,bursty-pause-100,closed_loop,100,4374,4372,87.48,12.717367364934034,33.49511179138062,809.2918237256454,833.2014663485279,false
179,bursty-pause-100,open_loop,100,4967,4856,99.34,746.0939962434713,1402.6080979096296,1641.5418113422638,1678.0731749914194,false
179,bursty-pause-100,closed_loop,100,4371,4371,87.42,12.903280684164201,32.67215293386107,806.8243353360504,841.8748989420128,false
180,bursty-pause-100,open_loop,100,4907,4842,98.14,408.68656587915757,780.5508790985696,849.3293780591412,921.0868246091995,false
180,bursty-pause-100,closed_loop,100,4387,4386,87.74,12.782958746924123,30.618804556121177,805.8837418077819,823.7713316887057,false
181,bursty-pause-100,open_loop,100,4955,4870,99.1,548.0377943277781,1018.5919189272317,1091.015487118908,1148.6731236346022,false
181,bursty-pause-100,closed_loop,100,4392,4391,87.84,12.428418083807628,30.758730358131288,808.597706872155,828.6344062101998,false
182,bursty-pause-100,open_loop,100,5041,4935,100.82,983.0695750767409,1553.6196903049204,1684.173504293838,1827.9762406221998,false
182,bursty-pause-100,closed_loop,100,4377,4376,87.54,12.849862896524428,32.36344139210996,811.4729896337412,838.5220891290992,false
183,bursty-pause-100,open_loop,100,5139,4922,102.78,1581.5753562920509,2344.142650510854,2427.5975280490966,2486.7876255125375,false
183,bursty-pause-100,closed_loop,100,4385,4383,87.7,12.74459725615452,29.476886574770106,812.6359724500217,833.3979387421714,false
184,bursty-pause-100,open_loop,100,4979,4925,99.58,514.8352273981363,897.7853265398153,1029.0087332083822,1172.8430092845774,false
184,bursty-pause-100,closed_loop,100,4384,4383,87.68,12.851120920175163,29.615979100213735,810.9497414981524,831.9403410552404,false
185,bursty-pause-100,open_loop,100,5027,4978,100.54,524.4900188236206,957.5626226090244,1030.1885324792747,1079.9707590343169,false
185,bursty-pause-100,closed_loop,100,4379,4378,87.58,12.854365356233757,31.897777412676078,805.1022371137224,826.369588406098,false
186,bursty-pause-100,open_loop,100,5064,4945,101.28,951.3986027008796,1567.5935407143916,1643.2733894474877,1713.1098482356974,false
186,bursty-pause-100,closed_loop,100,4381,4380,87.62,12.437103639364068,33.85746011578158,808.4362389278103,830.5177122807945,false
187,bursty-pause-100,open_loop,100,5012,4898,100.24,480.2798759480211,1204.7315282883064,1247.3520688626595,1299.1545238750696,false
187,bursty-pause-100,closed_loop,100,4389,4388,87.78,12.637872398980107,29.64344572268965,810.2974445104464,830.6494749641424,false
188,bursty-pause-100,open_loop,100,4992,4946,99.84,315.04842921650925,836.4702114466127,903.6419443879204,938.0676790193756,false
188,bursty-pause-100,closed_loop,100,4385,4383,87.7,12.703942719210318,30.919652403423243,803.7168712209605,834.8253072993975,false
189,bursty-pause-100,open_loop,100,5113,4934,102.26,666.4831003182044,1686.7065016801935,1750.6331595637894,1814.6022231174138,false
189,bursty-pause-100,closed_loop,100,4395,4394,87.9,12.237578361928172,29.11718823955016,811.1946263195641,833.79090552657,false
190,bursty-pause-100,open_loop,100,5045,4933,100.9,836.3810323821526,1267.890982513767,1434.7671161456456,1507.2786557476138,false
190,bursty-pause-100,closed_loop,100,4380,4379,87.6,12.962847410461109,31.940772608730185,811.0545503540634,838.8404061088731,false
191,bursty-pause-100,open_loop,100,4941,4931,98.82,605.3224264281489,1168.754730540968,1348.0534406745064,1429.3619279549239,false
191,bursty-pause-100,closed_loop,100,4390,4389,87.8,12.70759728831763,30.26801688939304,807.6513795096762,829.2180620098297,false
192,bursty-pause-100,open_loop,100,4919,4882,98.38,565.0328224094155,1051.6822082331091,1185.2043588025444,1241.194595493158,false
192,bursty-pause-100,closed_loop,100,4391,4389,87.82,12.452708980446914,30.507361402036622,800.7863086145444,842.4799751271294,false
193,bursty-pause-100,open_loop,100,4907,4880,98.14,785.8263190965808,1239.3645203947744,1460.1607337342466,1538.8055970652313,false
193,bursty-pause-100,closed_loop,100,4377,4375,87.54,12.637141480576247,31.99307237433095,808.4418616739713,835.2400364837886,false
194,bursty-pause-100,open_loop,100,4867,4796,97.34,420.7096867296859,860.3389531887806,960.9205905486415,1043.1684997985449,false
194,bursty-pause-100,closed_loop,100,4387,4386,87.74,12.661161691350571,32.30802801180835,803.8715335499764,822.4907628733563,false
195,bursty-pause-100,open_loop,100,5037,4964,100.74,598.5888460514179,1011.1373527726901,1106.9820873080753,1163.7292139142082,false
195,bursty-pause-100,closed_loop,100,4386,4385,87.72,12.432352599855221,31.553258619513144,808.7509166466461,829.8199496195557,false
196,bursty-pause-100,open_loop,100,4962,4888,99.24,601.2581184920709,1093.7192462253988,1152.3805521695467,1203.5974851006104,false
196,bursty-pause-100,closed_loop,100,4368,4367,87.36,13.059389735664809,33.36416695272055,805.5756269123813,822.3379293398357,false
197,bursty-pause-100,open_loop,100,4929,4851,98.58,629.274055129652,1054.4125344233107,1339.8239806546626,1386.2553677050964,false
197,bursty-pause-100,closed_loop,100,4387,4385,87.74,12.453113114759617,30.772945000659092,815.6340937664863,838.6263851007025,false
198,bursty-pause-100,open_loop,100,4986,4892,99.72,473.8374656336746,935.1807643009015,973.1236176690654,1055.048742229119,false
198,bursty-pause-100,closed_loop,100,4375,4373,87.5,13.075609841413097,33.69414781394153,801.9584421885593,825.0947936094744,false
199,bursty-pause-100,open_loop,100,5065,4947,101.3,776.7145305203376,1266.4777949881172,1355.278391219712,1473.7538568775053,false
199,bursty-pause-100,closed_loop,100,4386,4385,87.72,12.406307805227698,29.231333776839165,812.7092693537888,866.6068916743698,false
200,bursty-pause-100,open_loop,100,4960,4893,99.2,460.2413895026548,883.2220877016807,945.8404606882468,990.2474797524355,false
200,bursty-pause-100,closed_loop,100,4381,4380,87.62,12.777505465663126,32.48900341640183,809.9407202730108,835.3688113581738,false
201,bursty-pause-100,open_loop,100,4929,4837,98.58,494.16887896478147,939.2761118866256,1001.2505553341543,1058.7081631151086,false
201,bursty-pause-100,closed_loop,100,4380,4378,87.6,12.914699526350887,32.18062961077703,797.4421283541669,822.1694426478498,false
202,bursty-pause-100,open_loop,100,5002,4938,100.04,855.0798513102673,1280.7060854569645,1494.248676335701,1593.198479702096,false
202,bursty-pause-100,closed_loop,100,4376,4374,87.52,12.613898810748651,33.78622290926069,811.7202003482162,836.951189391104,false
203,bursty-pause-100,open_loop,100,4935,4877,98.7,454.3111307961444,875.907170077473,962.9038485091078,1025.1135272710817,false
203,bursty-pause-100,closed_loop,100,4391,4390,87.82,12.648097830755432,30.10317388178919,809.1562237190956,824.0310084990415,false
204,bursty-pause-100,open_loop,100,4996,4915,99.92,576.6341905680674,1180.4190962345965,1304.7008290957529,1379.6678557313644,false
204,bursty-pause-100,closed_loop,100,4385,4384,87.7,12.326420217024861,33.46565549918887,806.2686789909567,838.9827046736063,false
205,bursty-pause-100,open_loop,100,4980,4919,99.6,653.1528036048403,1142.819872213382,1205.7260886440054,1383.8680572371304,false
205,bursty-pause-100,closed_loop,100,4378,4377,87.56,12.650560809937815,32.72766727598355,805.9354970327986,834.0772305154023,false
206,bursty-pause-100,open_loop,100,5135,4929,102.7,1221.4504365284301,1926.0918139767164,2011.5698326068887,2052.918235690857,false
206,bursty-pause-100,closed_loop,100,4378,4376,87.56,12.855913370447524,32.20246386382132,807.2308989229277,837.4709057019209,false
207,bursty-pause-100,open_loop,100,4972,4956,99.44,466.6866079071915,843.7796101426356,1099.8351138361104,1182.3123068802015,false
207,bursty-pause-100,closed_loop,100,4388,4386,87.76,12.392886004388856,31.187492927972926,814.2413287288437,840.8507413504703,false
208,bursty-pause-100,open_loop,100,4884,4822,97.68,647.6469546905864,1005.1882933173474,1237.5407020377388,1312.0626536335767,false
208,bursty-pause-100,closed_loop,100,4389,4387,87.78,12.589546107075876,31.724118259968236,803.9122260400363,819.3838956034451,false
209,bursty-pause-100,open_loop,100,4889,4841,97.78,393.49915541570954,810.7376496638972,903.6294686212932,998.2890221550624,false
209,bursty-pause-100,closed_loop,100,4386,4384,87.72,12.38016423094814,31.228176601613086,807.1795531609096,832.2585579693841,false
210,bursty-pause-100,open_loop,100,4939,4872,98.78,631.8014251757231,971.4483989342771,1066.1302538940727,1166.3513889756614,false
210,bursty-pause-100,closed_loop,100,4390,4388,87.8,12.298132542440726,30.543977123787045,813.474458698176,829.0784453879351,false
211,bursty-pause-100,open_loop,100,5064,4900,101.28,1116.21120612682,1752.8482606960388,1824.483544567178,1863.8586699294247,false
211,bursty-pause-100,closed_loop,100,4374,4373,87.48,12.842608582101093,32.4443764985499,806.3475083681697,824.3546590314509,false
212,bursty-pause-100,open_loop,100,5012,4933,100.24,676.4433119479509,1115.6842267901102,1211.6733848770746,1262.242712134699,false
212,bursty-pause-100,closed_loop,100,4386,4385,87.72,12.629679436140577,30.555942608310943,805.8047517845334,838.9763518081236,false
213,bursty-pause-100,open_loop,100,4907,4829,98.14,378.91879633065037,834.3804185438421,895.3108087415058,924.3208986004101,false
213,bursty-pause-100,closed_loop,100,4383,4382,87.66,12.720694063125848,31.838559470983455,808.7406394881145,833.3226457055935,false
214,bursty-pause-100,open_loop,100,4945,4897,98.9,450.447046850124,935.9517119950033,1073.402729674679,1187.6950316670627,false
214,bursty-pause-100,closed_loop,100,4392,4392,87.84,12.517997855618887,29.833184302526206,802.4007852312752,828.4249840060547,false
215,bursty-pause-100,open_loop,100,5068,4892,101.36,1294.2551836568673,1891.0795234555553,1927.830401864121,1961.6692587877114,false
215,bursty-pause-100,closed_loop,100,4384,4383,87.68,12.689230797594064,30.877465710946126,806.0349525502897,824.0929401655194,false
216,bursty-pause-100,open_loop,100,4966,4892,99.32,647.2591634320415,1163.8163617561804,1406.900071443626,1451.3221430506528,false
216,bursty-pause-100,closed_loop,100,4372,4372,87.44,12.957396026977221,33.61008646154369,809.6154084788795,826.9625728079955,false
217,bursty-pause-100,open_loop,100,5076,4936,101.52,1157.9119623152656,1774.7502028952294,1862.2105289010215,1977.2367811418299,false
217,bursty-pause-100,closed_loop,100,4381,4380,87.62,12.877723885398154,31.26251457436956,802.9641083018141,821.0436489891072,false
218,bursty-pause-100,open_loop,100,5106,4923,102.12,1361.4364787019076,2267.643568458843,2319.1725774627193,2373.489021826179,false
218,bursty-pause-100,closed_loop,100,4376,4376,87.52,12.978399857249315,31.059503560711164,810.1857450616008,827.4728269472835,false
219,bursty-pause-100,open_loop,100,5007,4969,100.14,655.8992914493119,1166.7387758800687,1527.0372873591987,1622.4408168805094,false
219,bursty-pause-100,closed_loop,100,4362,4361,87.24,13.298188687545917,34.6155072423353,797.354338364712,820.7046778699005,false
220,bursty-pause-100,open_loop,100,4930,4904,98.6,472.42502852479447,921.757549651662,1008.9569627535238,1085.6448602742457,false
220,bursty-pause-100,closed_loop,100,4404,4403,88.08,12.132125362441002,29.588962562484085,805.567501599151,832.7998060614773,false
221,bursty-pause-100,open_loop,100,5078,4922,101.56,701.9975173330167,1467.212606262401,1535.95792250854,1570.4613226958681,false
221,bursty-pause-100,closed_loop,100,4384,4383,87.68,12.79185582786522,30.87746919754136,806.5449171240325,831.2727097547104,false
222,bursty-pause-100,open_loop,100,5031,4927,100.62,889.2050556763788,1444.2435399173992,1660.259905349274,1697.3234763072687,false
222,bursty-pause-100,closed_loop,100,4383,4383,87.66,12.78673171077935,32.6517164739671,797.8607119091103,819.223175836647,false
223,bursty-pause-100,open_loop,100,5120,4915,102.4,1822.6836733360396,2321.792547883917,2482.847415645636,2562.8652550220067,false
223,bursty-pause-100,closed_loop,100,4386,4385,87.72,12.572059597885527,30.703407748645986,805.6792565110663,825.1077655743211,false
224,bursty-pause-100,open_loop,100,4966,4904,99.32,584.056038323466,1247.2395379128138,1437.2073040461764,1523.8608223244591,false
224,bursty-pause-100,closed_loop,100,4373,4372,87.46,12.891539332093089,32.396171828477236,806.660088667406,845.7775864150099,false
225,bursty-pause-100,open_loop,100,4973,4907,99.46,518.3772474691705,1043.8939412504478,1314.5680433000343,1378.8832826814723,false
225,bursty-pause-100,closed_loop,100,4376,4375,87.52,12.811350359850621,33.18786923915468,810.0552571071239,834.6171202052574,false
226,bursty-pause-100,open_loop,100,4956,4910,99.12,459.2349851856343,913.7604220819267,986.5671526198239,1012.3474520539821,false
226,bursty-pause-100,closed_loop,100,4388,4387,87.76,12.582676376470772,30.464245197021228,810.6801161306066,841.9068061074922,false
227,bursty-pause-100,open_loop,100,5010,4864,100.2,828.6610482063443,1497.244973658344,1557.990049851178,1612.5473836610545,false
227,bursty-pause-100,closed_loop,100,4386,4386,87.72,12.642161983338156,31.1139283242519,806.3759697214336,838.442500951016,false
228,bursty-pause-100,open_loop,100,5047,4965,100.94,897.4839142865494,1559.2093787269914,1713.1527677216873,1762.9899086963997,false
228,bursty-pause-100,closed_loop,100,4376,4374,87.52,13.217140544114955,32.1838847964209,802.2647199941857,828.0839746274869,false
229,bursty-pause-100,open_loop,100,5069,4952,101.38,1022.5447099950179,1374.2738823783002,1576.9097929864074,1641.0994096083232,false
229,bursty-pause-100,closed_loop,100,4374,4373,87.48,13.01059846109274,31.4262617805216,811.1528506598406,842.1795762204274,false
230,bursty-pause-100,open_loop,100,5069,4936,101.38,879.1774213202443,1445.7018402815738,1674.1222731714297,1721.5254293209218,false
230,bursty-pause-100,closed_loop,100,4383,4383,87.66,12.767175959910674,31.978453356945465,805.4003645042067,844.0063051220495,false
231,bursty-pause-100,open_loop,100,5014,4881,100.28,882.2178055593613,1469.3068283221219,1591.02253379162,1669.7089800269023,false
231,bursty-pause-100,closed_loop,100,4376,4375,87.52,12.692827719780325,33.069657501531765,813.4276297893157,838.7805752057247,false
232,bursty-pause-100,open_loop,100,4963,4900,99.26,627.6635726825698,1029.2840541328223,1154.9621569198753,1182.8756262341885,false
232,bursty-pause-100,closed_loop,100,4368,4368,87.36,13.314735064603155,32.92670438228015,807.4659253716018,820.8482990954108,false
233,bursty-pause-100,open_loop,100,4928,4856,98.56,523.609927514939,999.0892170622392,1226.2720015013183,1357.5508520800831,false
233,bursty-pause-100,closed_loop,100,4379,4378,87.58,12.587580359067942,33.00181993739534,807.8677495732409,830.9355239349607,false
234,bursty-pause-100,open_loop,100,4983,4906,99.66,495.7922680800766,1106.8567445579974,1194.2093013822669,1263.6073711761637,false
234,bursty-pause-100,closed_loop,100,4387,4384,87.74,12.4147482651897,31.69211507747241,810.1884388213475,828.6001640908071,false
235,bursty-pause-100,open_loop,100,5017,4895,100.34,561.5378965669479,1283.125492483814,1352.3644321190222,1421.1737726164574,false
235,bursty-pause-100,closed_loop,100,4385,4383,87.7,12.428478312918742,32.68496713370041,807.2942608749945,827.7154026816388,false
236,bursty-pause-100,open_loop,100,4885,4819,97.7,385.98850389802465,830.8559069400726,1153.3421873998013,1296.2050012307664,false
236,bursty-pause-100,closed_loop,100,4385,4384,87.7,12.62942126794951,31.45396305461327,811.2833931114328,832.6864247225094,false
237,bursty-pause-100,open_loop,100,4958,4881,99.16,640.4815284364668,1078.7421877558954,1282.1835129383544,1422.081114125598,false
237,bursty-pause-100,closed_loop,100,4385,4385,87.7,12.802375225517608,31.789810694986954,803.6725913216633,818.7780693417299,false
238,bursty-pause-100,open_loop,100,4966,4919,99.32,533.8279916265528,946.7782708336163,1042.7739077591268,1086.5711530198296,false
238,bursty-pause-100,closed_loop,100,4371,4370,87.42,13.088545286613225,32.151122973773454,803.7944338442176,845.2427825572813,false
239,bursty-pause-100,open_loop,100,4951,4875,99.02,494.59370994874917,897.4055773889122,965.1808103052026,1040.4709609760648,false
239,bursty-pause-100,closed_loop,100,4379,4378,87.58,12.941672152261162,31.667674316755438,801.560352410721,823.6879088244204,false
240,bursty-pause-100,open_loop,100,4978,4826,99.56,611.1691774605642,1469.8555614402649,1552.2604943276965,1611.8220841097063,false
240,bursty-pause-100,closed_loop,100,4389,4386,87.78,12.491205223414,30.717974665905786,811.0573614980312,839.2849196136885,false
241,bursty-pause-100,open_loop,100,4989,4911,99.78,387.3735372199517,901.0426540025219,1127.4342147513453,1168.1027541252042,false
241,bursty-pause-100,closed_loop,100,4390,4389,87.8,12.7113032318357,29.600867535042198,801.2768742944027,834.2013337157805,false
242,bursty-pause-100,open_loop,100,5040,4915,100.8,1230.8251992643127,1773.11473638811,1862.050388699172,1926.618761999067,false
242,bursty-pause-100,closed_loop,100,4380,4379,87.6,12.376685992954663,33.242940698288294,806.160728190247,824.8752193057953,false
243,bursty-pause-100,open_loop,100,4905,4858,98.1,461.51514959093765,861.1653588059053,937.3179855790368,1027.3357733628764,false
243,bursty-pause-100,closed_loop,100,4389,4386,87.78,12.727452348888619,31.218891062499097,796.3801170680163,813.1090941375223,false
244,bursty-pause-100,open_loop,100,5032,4943,100.64,695.182366953115,1206.3341683453837,1267.1178724591082,1299.3786094323805,false
244,bursty-pause-100,closed_loop,100,4398,4397,87.96,12.226591697512049,29.82795199137763,806.0334376022074,816.896828128658,false
245,bursty-pause-100,open_loop,100,4909,4889,98.18,443.5695731013948,1023.6710855690544,1227.4195578032086,1279.7612615314501,false
245,bursty-pause-100,closed_loop,100,4384,4380,87.68,12.79736447356845,31.710325535987067,806.9290196558577,823.62542674008,false
246,bursty-pause-100,open_loop,100,5138,4873,102.76,1824.2725066046914,2525.7020082251693,2613.495991159012,2663.2667040904125,false
246,bursty-pause-100,closed_loop,100,4381,4380,87.62,12.67018874412679,31.865826000743255,810.6294453015507,835.7641755492514,false
247,bursty-pause-100,open_loop,100,5066,4935,101.32,571.4889060765054,1328.31289255921,1543.7586096795276,1594.6686062354856,false
247,bursty-pause-100,closed_loop,100,4379,4378,87.58,12.759359782212414,31.56648692948511,804.984819103287,826.1517256190928,false
248,bursty-pause-100,open_loop,100,5058,4942,101.16,648.2942867445599,1253.42371744485,1326.9701434418894,1496.270142286994,false
248,bursty-pause-100,closed_loop,100,4384,4383,87.68,12.410218547200202,33.25563488002808,799.4000061436163,816.1830173227572,false
249,bursty-pause-100,open_loop,100,5116,4922,102.32,2068.6228123033434,2792.329269656657,3116.347648444251,3197.9655292370517,false
249,bursty-pause-100,closed_loop,100,4390,4389,87.8,12.764168648340274,29.92756160166755,808.1301723806755,821.1577286811189,false
250,bursty-pause-100,open_loop,100,4805,4801,96.1,383.63107010597014,848.5962732570988,916.3178349629088,979.3385322747781,false
250,bursty-pause-100,closed_loop,100,4385,4383,87.7,12.769781405520916,32.35112703399864,800.5963056920227,814.8906915407861,false
251,bursty-pause-100,open_loop,100,5159,4952,103.18,1630.2087580644147,2304.414330862237,2372.8165107742534,2440.5658856102236,false
251,bursty-pause-100,closed_loop,100,4363,4361,87.26,13.308470450916502,34.8750055336277,807.1896742189128,839.4240144058131,false
252,bursty-pause-100,open_loop,100,5054,4981,101.08,533.3570468346734,986.6461727379938,1104.0382253312346,1184.7191651807188,false
252,bursty-pause-100,closed_loop,100,4383,4382,87.66,12.674022888819309,32.35102030904818,801.6922206739619,823.5686646259019,false
253,bursty-pause-100,open_loop,100,5122,4957,102.44,849.2861611283806,1812.796839970666,2032.1205504511818,2060.7859642616604,false
253,bursty-pause-100,closed_loop,100,4375,4373,87.5,13.229373658305121,32.77677009780382,802.194414964164,838.8530835669517,false
254,bursty-pause-100,open_loop,100,5003,4938,100.06,495.69681814114665,897.7242059995333,965.4376883261866,1023.9961718750528,false
254,bursty-pause-100,closed_loop,100,4384,4383,87.68,12.91860646400528,30.400384208056494,809.73565740294,834.6594383754564,false
255,bursty-pause-100,open_loop,100,5067,4939,101.34,806.9674360073332,1620.0266492188384,1841.4750012964287,1882.8870871111285,false
255,bursty-pause-100,closed_loop,100,4367,4367,87.34,13.054020553150622,32.534741199699056,811.6656112330056,864.6978917056585,false
256,bursty-pause-100,open_loop,100,5018,4935,100.36,951.3143850334382,1432.9945510456164,1588.7509463080714,1670.583413467597,false
256,bursty-pause-100,closed_loop,100,4387,4386,87.74,12.31687633223919,32.140711328385805,805.6302130134318,828.5259773613325,false
257,bursty-pause-100,open_loop,100,4922,4904,98.44,480.6645809434194,940.1429196439931,1018.6965413625003,1086.214475991008,false
257,bursty-pause-100,closed_loop,100,4384,4382,87.68,12.82698332027212,31.31283817802614,808.0223818362574,835.4448586461003,false
258,bursty-pause-100,open_loop,100,4900,4865,98,444.7531403816465,885.2852700509538,962.144296398481,998.260949864336,false
258,bursty-pause-100,closed_loop,100,4396,4392,87.92,12.390862022701185,31.077432816386136,804.6679438143692,820.2641248653053,false
259,bursty-pause-100,open_loop,100,4974,4860,99.48,623.5984005746795,1164.7761705542143,1458.8536185553603,1595.9519557299718,false
259,bursty-pause-100,closed_loop,100,4392,4390,87.84,12.569696351565653,31.19730381192494,800.0924646260191,814.4610887572253,false
260,bursty-pause-100,open_loop,100,4971,4862,99.42,638.2823835428753,1228.981262176363,1391.6255978346162,1490.27365651718,false
260,bursty-pause-100,closed_loop,100,4386,4385,87.72,12.684101980425112,31.10290765635,805.9601944273927,826.2609931353654,false
261,bursty-pause-100,open_loop,100,4967,4903,99.34,682.8944983456022,1163.4317843031677,1359.9185762704183,1390.2763623795036,false
261,bursty-pause-100,closed_loop,100,4390,4389,87.8,12.272041873762646,31.06908241018573,810.8509558700716,842.2012863116979,false
262,bursty-pause-100,open_loop,100,4957,4907,99.14,541.6410980337678,970.0713036310408,1088.0464034793404,1127.5624033068816,false
262,bursty-pause-100,closed_loop,100,4388,4387,87.76,12.653083520468499,31.062448912096443,800.3185286027074,830.8710333208,false
263,bursty-pause-100,open_loop,100,4920,4872,98.4,476.6392812042068,903.9493763108549,1007.1916117107721,1076.1734565433399,false
263,bursty-pause-100,closed_loop,100,4376,4375,87.52,13.17876110765792,30.423987607668096,805.169651647695,831.6594906219725,false
264,bursty-pause-100,open_loop,100,4929,4896,98.58,505.5519816527958,1223.9111219741899,1314.463584804349,1359.7314538225455,false
264,bursty-pause-100,closed_loop,100,4392,4389,87.84,12.490805601602915,30.078813658328727,808.4624087853736,831.1185615521099,false
265,bursty-pause-100,open_loop,100,5010,4897,100.2,603.7126640353781,1298.8780035635064,1590.793367676597,1648.2208499316257,false
265,bursty-pause-100,closed_loop,100,4376,4375,87.52,12.813561312443198,32.70739819036862,808.2596440800808,843.9487140385827,false
266,bursty-pause-100,open_loop,100,4962,4889,99.24,529.613324802347,982.0485189497049,1075.7598150963531,1154.1352795206694,false
266,bursty-pause-100,closed_loop,100,4372,4371,87.44,12.938331539618957,33.46643410454999,809.289033613135,829.2413776602334,false
267,bursty-pause-100,open_loop,100,4990,4921,99.8,805.9319000398827,1368.5492662049655,1651.9843252432474,1831.060643113502,false
267,bursty-pause-100,closed_loop,100,4374,4373,87.48,12.785237337335275,33.167841250317,807.3107254753413,822.6932476146394,false
268,bursty-pause-100,open_loop,100,4953,4894,99.06,744.362472031682,1259.6648323884328,1366.596289749843,1441.5429810542428,false
268,bursty-pause-100,closed_loop,100,4376,4375,87.52,12.912743650464108,32.21666091156658,806.5714037049256,826.7006998950674,false
269,bursty-pause-100,open_loop,100,4957,4945,99.14,376.056408897457,835.4689545743677,877.5148107119021,996.0843850117744,false
269,bursty-pause-100,closed_loop,100,4367,4367,87.34,13.124688571479055,33.51143367981422,811.8883321135436,832.2142476360241,false
270,bursty-pause-100,open_loop,100,4988,4903,99.76,554.7702338377057,953.7236444083464,1088.6870037028493,1147.2925159660044,false
270,bursty-pause-100,closed_loop,100,4387,4386,87.74,12.76391069287638,30.638188094559155,805.0237164468708,831.5127817781213,false
271,bursty-pause-100,open_loop,100,4971,4911,99.42,477.75746742584306,968.2758633564445,1230.0741488137865,1349.5042583995892,false
271,bursty-pause-100,closed_loop,100,4384,4379,87.68,12.684974736985168,32.31431041000178,809.0642700122007,826.5063536684102,false
272,bursty-pause-100,open_loop,100,4970,4852,99.4,604.8849693876837,1403.7504970950176,1461.6448563075392,1541.4439240686188,false
272,bursty-pause-100,closed_loop,100,4392,4391,87.84,12.313708837224112,30.922349511012726,803.4194479627549,835.2487104885295,false
273,bursty-pause-100,open_loop,100,4917,4872,98.34,486.1325869638604,1150.3151123001444,1233.315104986381,1292.5655165728022,false
273,bursty-pause-100,closed_loop,100,4397,4395,87.94,12.221169393320451,30.101252276777814,804.3394207150995,830.7293711786297,false
274,bursty-pause-100,open_loop,100,5105,4922,102.1,1058.669140837832,1807.5085098193158,2009.8372170979637,2111.0070408574975,false
274,bursty-pause-100,closed_loop,100,4388,4386,87.76,12.575547285734501,31.146000523101975,801.9565713734773,835.6343686867767,false
275,bursty-pause-100,open_loop,100,5067,4965,101.34,1072.3643408167081,1592.5069758926911,1740.0882486366063,1788.4633595563064,false
275,bursty-pause-100,closed_loop,100,4371,4370,87.42,12.826713590511645,33.615219987539604,808.5524004797844,836.8296687746806,false
276,bursty-pause-100,open_loop,100,4985,4939,99.7,575.908902328556,1167.9223147366938,1292.3782813732614,1440.8006191505701,false
276,bursty-pause-100,closed_loop,100,4383,4381,87.66,12.710862383624772,32.24399172805715,808.5679330865678,833.4085571835458,false
277,bursty-pause-100,open_loop,100,4919,4866,98.38,675.0993531391941,1357.2783573543784,1638.0931809172616,1691.8479373052614,false
277,bursty-pause-100,closed_loop,100,4385,4385,87.7,12.664397631029715,30.43734193382261,805.270505499393,823.8304881635777,false
278,bursty-pause-100,open_loop,100,4976,4914,99.52,556.6460419276373,1047.7346870557303,1160.8272102577903,1294.027441168575,false
278,bursty-pause-100,closed_loop,100,4376,4375,87.52,12.740970886377909,35.150967328369006,804.8023196374706,822.5105795862764,false
279,bursty-pause-100,open_loop,100,4993,4888,99.86,777.1332250067608,1320.678778049085,1491.0364016798412,1629.10831167562,false
279,bursty-pause-100,closed_loop,100,4385,4385,87.7,12.320132635104528,31.792579400746035,813.7364848082107,856.3097969744886,false
280,bursty-pause-100,open_loop,100,4926,4837,98.52,432.97836076092426,855.393824445382,1036.4335604796433,1075.8658309608436,false
280,bursty-pause-100,closed_loop,100,4383,4382,87.66,12.568964749814768,31.07301660095618,810.5258764848259,834.6462064200969,false
281,bursty-pause-100,open_loop,100,5112,4951,102.24,1185.0013522581794,1819.3639566051534,2003.1813004242067,2087.9750372738854,false
281,bursty-pause-100,closed_loop,100,4371,4370,87.42,13.250343537300068,33.08223344513135,806.8339498291316,831.2796768720436,false
282,bursty-pause-100,open_loop,100,4920,4831,98.4,629.1496118057839,1138.4392575894599,1224.1092623325094,1260.2516160905252,false
282,bursty-pause-100,closed_loop,100,4375,4375,87.5,12.987063760978344,33.55626101571397,798.7125325972993,821.7918744090712,false
283,bursty-pause-100,open_loop,100,5028,4912,100.56,1105.4524806666377,1802.6873893431039,1951.2299878977137,2038.8329943041244,false
283,bursty-pause-100,closed_loop,100,4375,4373,87.5,12.712117444076284,34.92695362445738,804.6816238962747,827.2257189678166,false
284,bursty-pause-100,open_loop,100,4984,4883,99.68,698.3175614629399,1240.2702018003256,1351.4071535553521,1405.3749021640106,false
284,bursty-pause-100,closed_loop,100,4387,4385,87.74,12.649634783643705,30.810187219332875,804.0548849716652,824.819968632517,false
285,bursty-pause-100,open_loop,100,5011,4902,100.22,739.6608624882938,1407.568589410228,1537.38757114287,1593.4516923543197,false
285,bursty-pause-100,closed_loop,100,4396,4394,87.92,12.35069309778919,31.668469601430843,804.629408393128,825.7258934863057,false
286,bursty-pause-100,open_loop,100,4999,4890,99.98,857.3065444019885,1447.3467155385733,1722.576701414786,1768.5706879418212,false
286,bursty-pause-100,closed_loop,100,4388,4387,87.76,12.748066010484763,30.281692745442342,800.7771640884675,823.214870797332,false
287,bursty-pause-100,open_loop,100,4954,4902,99.08,564.6030703371653,1010.6114055835205,1136.0743498246993,1204.5003690695921,false
287,bursty-pause-100,closed_loop,100,4377,4376,87.54,13.015151070874708,32.39837310049916,810.5868251495558,832.7129387925706,false
288,bursty-pause-100,open_loop,100,4923,4920,98.46,823.7867603346094,1339.6830818467242,1578.005634222578,1651.1939317783927,false
288,bursty-pause-100,closed_loop,100,4389,4389,87.78,12.418840153048222,31.236116412064803,802.4963996285951,829.4353173917334,false
289,bursty-pause-100,open_loop,100,5118,4993,102.36,896.7093976952565,1505.3149976455024,1571.2428569102922,1611.083656440118,false
289,bursty-pause-100,closed_loop,100,4388,4387,87.76,12.794980293729168,31.721512833484667,797.9142296355749,813.0469762127905,false
290,bursty-pause-100,open_loop,100,4978,4899,99.56,687.7480101141591,1131.9910434498233,1275.9803916541641,1364.3834913245373,false
290,bursty-pause-100,closed_loop,100,4387,4384,87.74,12.587770393307437,31.11352386915678,811.4844415830521,830.3046492122958,false
291,bursty-pause-100,open_loop,100,5032,4956,100.64,743.9091146309293,1297.6226068843316,1403.504754885238,1441.5598715063097,false
291,bursty-pause-100,closed_loop,100,4391,4390,87.82,12.6388470604561,30.126327448902884,803.2956500553446,817.129903443376,false
292,bursty-pause-100,open_loop,100,5037,4921,100.74,933.5189551597214,1420.374254527669,1657.6459725558234,1764.3585773555606,false
292,bursty-pause-100,closed_loop,100,4392,4390,87.84,12.560715196785168,30.713737987618515,809.1185420255752,834.1539011672867,false
293,bursty-pause-100,open_loop,100,4956,4922,99.12,493.3128622941076,888.4502038650371,1070.064437349687,1197.2757466667335,false
293,bursty-pause-100,closed_loop,100,4369,4368,87.38,12.778830924122303,34.84157443011645,809.820817685064,832.4508758730808,false
294,bursty-pause-100,open_loop,100,5154,4913,103.08,1844.4876750244985,2465.6750921596904,2567.096949886829,2599.3255549724345,false
294,bursty-pause-100,closed_loop,100,4387,4385,87.74,12.512944112211699,32.86503094200452,801.4597663600507,818.7281378107145,false
295,bursty-pause-100,open_loop,100,5043,4894,100.86,736.7602931597212,1445.5555946126988,1514.383975720135,1583.7340938931666,false
295,bursty-pause-100,closed_loop,100,4385,4383,87.7,12.51283082505688,32.91150616579034,800.9518280052107,821.7820021383268,false
296,bursty-pause-100,open_loop,100,5091,4950,101.82,656.1110738571588,1236.9588756653466,1335.494259999883,1427.9427826926112,false
296,bursty-pause-100,closed_loop,100,4379,4377,87.58,12.87605795230047,32.08200300180033,806.6765537610409,822.966100960206,false
297,bursty-pause-100,open_loop,100,5066,4934,101.32,1152.5774876948053,1666.2175499264122,1824.1053576067206,1965.6877835433697,false
297,bursty-pause-100,closed_loop,100,4389,4388,87.78,12.603528364210433,30.856329038993863,802.9347030436911,833.0509989185448,false
298,bursty-pause-100,open_loop,100,5068,4946,101.36,731.2835179715839,1261.6645085428463,1430.8238974362685,1512.7140577409882,false
298,bursty-pause-100,closed_loop,100,4380,4377,87.6,12.742016388692718,30.728850411593157,810.3593210246254,840.7809815751098,false
299,bursty-pause-100,open_loop,100,5158,4954,103.16,1502.4581975756955,2196.611355128116,2278.410649901445,2324.6134053242276,false
299,bursty-pause-100,closed_loop,100,4393,4392,87.86,12.772907848753675,29.997227560390456,799.9650568707366,817.3832376241771,false
300,bursty-pause-100,open_loop,100,4975,4883,99.5,595.9232879585143,1160.6931366442877,1255.9905855662946,1289.743311770777,false
300,bursty-pause-100,closed_loop,100,4395,4395,87.9,12.23933355344343,29.068214177277696,810.8500785421384,833.353332343373,false
301,bursty-pause-100,open_loop,100,5071,4861,101.42,716.8555746389757,2123.3679953533647,2238.9723634825787,2273.6844855486634,false
301,bursty-pause-100,closed_loop,100,4381,4378,87.62,12.738435618040967,31.55875421402743,806.1644141727993,822.4910133150661,false
302,bursty-pause-100,open_loop,100,4889,4797,97.78,472.6446942143921,1047.6040010026845,1124.281253363828,1197.7361111645732,false
302,bursty-pause-100,closed_loop,100,4387,4387,87.74,12.755552250164328,29.82531543231744,806.6932419542791,820.03273949695,false
303,bursty-pause-100,open_loop,100,4899,4843,97.98,394.71696691028774,843.6771274418861,946.3568802157679,1051.4251915216555,false
303,bursty-pause-100,closed_loop,100,4376,4374,87.52,13.234617880654696,31.055758705009794,806.801094700415,834.6101629312543,false
304,bursty-pause-100,open_loop,100,4903,4838,98.06,384.77229212155726,808.7396803163574,942.4033801391561,1021.8082745170759,false
304,bursty-pause-100,closed_loop,100,4380,4377,87.6,13.00106695341674,32.155056249699555,802.635928248048,840.7757976836147,false
305,bursty-pause-100,open_loop,100,4970,4954,99.4,479.5250136643317,814.7878538303194,924.1244264389334,1088.5550401090077,false
305,bursty-pause-100,closed_loop,100,4396,4395,87.92,12.168434637744213,31.481397882183956,807.6367013936688,823.1047880987207,false
306,bursty-pause-100,open_loop,100,4925,4820,98.5,730.7571483987631,1567.4683648543723,1747.3886413268483,1795.134213898913,false
306,bursty-pause-100,closed_loop,100,4369,4369,87.38,12.957725400920026,33.54734756152902,810.6438238737937,836.7850609211237,false
307,bursty-pause-100,open_loop,100,5071,4936,101.42,873.9629017314437,1428.527551725987,1589.9204270797054,1636.807078315709,false
307,bursty-pause-100,closed_loop,100,4378,4376,87.56,12.844855213283154,34.03020020332042,802.4177352089082,830.840690519668,false
308,bursty-pause-100,open_loop,100,5015,4951,100.3,713.3750823744122,1379.2711666021787,1474.0304875170987,1522.4770054279943,false
308,bursty-pause-100,closed_loop,100,4387,4386,87.74,12.40766510944377,32.16873427213068,800.2622395504732,833.5389343538227,false
309,bursty-pause-100,open_loop,100,4881,4856,97.62,648.589852815232,1161.2803635828677,1358.1577484191184,1453.9700739910477,false
309,bursty-pause-100,closed_loop,100,4382,4380,87.64,12.204220561521652,32.469421818777846,812.0165819372633,835.9320090144247,false
310,bursty-pause-100,open_loop,100,5102,4927,102.04,1022.3614063635468,1994.8972033887694,2070.3561771899476,2153.3474363947316,false
310,bursty-pause-100,closed_loop,100,4373,4372,87.46,12.573575523241743,34.26129364144617,811.5155938259995,831.6955616645937,false
311,bursty-pause-100,open_loop,100,4974,4875,99.48,574.0010943441011,1228.0655341188249,1331.0640581227708,1378.8043551621522,false
311,bursty-pause-100,closed_loop,100,4381,4381,87.62,12.798574464595731,31.756629953881202,812.6762473531708,827.3883501174569,false
312,bursty-pause-100,open_loop,100,4933,4841,98.66,670.6188877575696,1512.9486011541594,1587.9636224482601,1634.7144973251488,false
312,bursty-pause-100,closed_loop,100,4382,4380,87.64,12.720286688752822,32.121063838887494,809.5966134970295,826.9971885508203,false
313,bursty-pause-100,open_loop,100,4974,4878,99.48,617.4002730904031,1139.1906346563046,1234.2136826189453,1272.5405503702423,false
313,bursty-pause-100,closed_loop,100,4377,4375,87.54,12.448864159383447,33.28333232188015,815.7582755508374,845.2085926459185,false
314,bursty-pause-100,open_loop,100,4949,4881,98.98,787.7333868175265,1344.4632763012996,1647.3409330301074,1693.0150368705217,false
314,bursty-pause-100,closed_loop,100,4381,4379,87.62,12.975708948506508,31.11263158276779,806.3872747771784,824.4377637868238,false
315,bursty-pause-100,open_loop,100,4962,4893,99.24,579.8612717789165,1049.84332529299,1276.2331498630447,1391.603960749453,false
315,bursty-pause-100,closed_loop,100,4373,4371,87.46,13.239958518464846,32.918544208045205,807.0024237407488,829.5754476998482,false
316,bursty-pause-100,open_loop,100,5073,4939,101.46,1344.7953215791567,1976.6849635030521,2106.8804332276777,2143.2672086790335,false
316,bursty-pause-100,closed_loop,100,4365,4364,87.3,12.801545168898883,35.879274712624465,807.7110951271243,848.3744794561935,false
317,bursty-pause-100,open_loop,100,4892,4834,97.84,382.2252232988976,843.3924131076128,935.2496593555916,979.0411521517999,false
317,bursty-pause-100,closed_loop,100,4403,4401,88.06,12.299705334648024,29.930003404559102,800.6067375550374,822.7535548519008,false
318,bursty-pause-100,open_loop,100,5068,4936,101.36,1116.4956388854916,1714.4675852521104,1934.8059350029216,1973.331269643706,false
318,bursty-pause-100,closed_loop,100,4373,4370,87.46,12.978073801321443,32.119348544201785,809.21729832665,837.3524938182672,false
319,bursty-pause-100,open_loop,100,4950,4838,99,664.8957327285825,1434.7636770515019,1641.5488738410495,1702.7282237456457,false
319,bursty-pause-100,closed_loop,100,4384,4384,87.68,12.589453971777402,31.405516434104356,805.7960644048435,823.3618568321508,false
320,bursty-pause-100,open_loop,100,5121,4942,102.42,1126.8195296245212,1919.6299578668622,2116.6386958773146,2363.0719820358718,false
320,bursty-pause-100,closed_loop,100,4380,4379,87.6,12.839505185707822,31.62538514620246,807.4675915921325,826.1398325410155,false
