scenario,repeat,policy,fieldAccuracy,wholeAccuracy,longAccuracy,criticalAccuracy,approved,falseApproval
mixed-correlated,0,field-average,0.9957155366524894,0.958,0.9265426052889324,0.9956666666666667,1,0
mixed-correlated,0,whole-call,0.9957155366524894,0.958,0.9265426052889324,0.9956666666666667,1,0
mixed-correlated,0,joint-long-schema,0.9957155366524894,0.958,0.9265426052889324,0.9956666666666667,1,0
mixed-correlated,1,field-average,0.9946872736054093,0.9486666666666667,0.9032567049808429,0.9951666666666666,1,1
mixed-correlated,1,whole-call,0.9946872736054093,0.9486666666666667,0.9032567049808429,0.9951666666666666,0,0
mixed-correlated,1,joint-long-schema,0.9946872736054093,0.9486666666666667,0.9032567049808429,0.9951666666666666,0,0
mixed-correlated,2,field-average,0.9948874636979671,0.9466666666666667,0.896584440227704,0.995,1,1
mixed-correlated,2,whole-call,0.9948874636979671,0.9466666666666667,0.896584440227704,0.995,0,0
mixed-correlated,2,joint-long-schema,0.9948874636979671,0.9466666666666667,0.896584440227704,0.995,0,0
mixed-correlated,3,field-average,0.9944584231967409,0.948,0.9051643192488263,0.994,1,1
mixed-correlated,3,whole-call,0.9944584231967409,0.948,0.9051643192488263,0.994,0,0
mixed-correlated,3,joint-long-schema,0.9944584231967409,0.948,0.9051643192488263,0.994,0,0
mixed-correlated,4,field-average,0.994500794329708,0.9486666666666667,0.9174664107485605,0.9943333333333333,1,1
mixed-correlated,4,whole-call,0.994500794329708,0.9486666666666667,0.9174664107485605,0.9943333333333333,0,0
mixed-correlated,4,joint-long-schema,0.994500794329708,0.9486666666666667,0.9174664107485605,0.9943333333333333,0,0
mixed-correlated,5,field-average,0.994991500728509,0.953,0.9195736434108527,0.993,1,0
mixed-correlated,5,whole-call,0.994991500728509,0.953,0.9195736434108527,0.993,1,0
mixed-correlated,5,joint-long-schema,0.994991500728509,0.953,0.9195736434108527,0.993,1,0
mixed-correlated,6,field-average,0.9945447039396084,0.9513333333333334,0.9136490250696379,0.996,1,0
mixed-correlated,6,whole-call,0.9945447039396084,0.9513333333333334,0.9136490250696379,0.996,1,0
mixed-correlated,6,joint-long-schema,0.9945447039396084,0.9513333333333334,0.9136490250696379,0.996,1,0
mixed-correlated,7,field-average,0.9948862260953765,0.9496666666666667,0.9097538742023701,0.9961666666666666,1,1
mixed-correlated,7,whole-call,0.9948862260953765,0.9496666666666667,0.9097538742023701,0.9961666666666666,0,0
mixed-correlated,7,joint-long-schema,0.9948862260953765,0.9496666666666667,0.9097538742023701,0.9961666666666666,0,0
mixed-correlated,8,field-average,0.9943663678216622,0.9466666666666667,0.9019248395967002,0.9921666666666666,1,1
mixed-correlated,8,whole-call,0.9943663678216622,0.9466666666666667,0.9019248395967002,0.9921666666666666,0,0
mixed-correlated,8,joint-long-schema,0.9943663678216622,0.9466666666666667,0.9019248395967002,0.9921666666666666,0,0
mixed-correlated,9,field-average,0.9937689969604864,0.949,0.914396887159533,0.9935,1,1
mixed-correlated,9,whole-call,0.9937689969604864,0.949,0.914396887159533,0.9935,0,0
mixed-correlated,9,joint-long-schema,0.9937689969604864,0.949,0.914396887159533,0.9935,0,0
mixed-correlated,10,field-average,0.995405772076961,0.9576666666666667,0.915615906886518,0.9958333333333333,1,0
mixed-correlated,10,whole-call,0.995405772076961,0.9576666666666667,0.915615906886518,0.9958333333333333,1,0
mixed-correlated,10,joint-long-schema,0.995405772076961,0.9576666666666667,0.915615906886518,0.9958333333333333,1,0
mixed-correlated,11,field-average,0.9949587264150943,0.9486666666666667,0.910665451230629,0.9946666666666667,1,1
mixed-correlated,11,whole-call,0.9949587264150943,0.9486666666666667,0.910665451230629,0.9946666666666667,0,0
mixed-correlated,11,joint-long-schema,0.9949587264150943,0.9486666666666667,0.910665451230629,0.9946666666666667,0,0
mixed-correlated,12,field-average,0.9942496229260935,0.9516666666666667,0.8995943204868154,0.996,1,0
mixed-correlated,12,whole-call,0.9942496229260935,0.9516666666666667,0.8995943204868154,0.996,1,0
mixed-correlated,12,joint-long-schema,0.9942496229260935,0.9516666666666667,0.8995943204868154,0.996,0,0
mixed-correlated,13,field-average,0.9951601120175332,0.9506666666666667,0.9106090373280943,0.9938333333333333,1,0
mixed-correlated,13,whole-call,0.9951601120175332,0.9506666666666667,0.9106090373280943,0.9938333333333333,1,0
mixed-correlated,13,joint-long-schema,0.9951601120175332,0.9506666666666667,0.9106090373280943,0.9938333333333333,1,0
mixed-correlated,14,field-average,0.9947859158385474,0.9473333333333334,0.9001956947162426,0.995,1,1
mixed-correlated,14,whole-call,0.9947859158385474,0.9473333333333334,0.9001956947162426,0.995,0,0
mixed-correlated,14,joint-long-schema,0.9947859158385474,0.9473333333333334,0.9001956947162426,0.995,0,0
mixed-correlated,15,field-average,0.9944639399806389,0.9513333333333334,0.905982905982906,0.9968333333333333,1,0
mixed-correlated,15,whole-call,0.9944639399806389,0.9513333333333334,0.905982905982906,0.9968333333333333,1,0
mixed-correlated,15,joint-long-schema,0.9944639399806389,0.9513333333333334,0.905982905982906,0.9968333333333333,1,0
mixed-correlated,16,field-average,0.9949146385760989,0.9503333333333334,0.9075875486381323,0.9951666666666666,1,0
mixed-correlated,16,whole-call,0.9949146385760989,0.9503333333333334,0.9075875486381323,0.9951666666666666,1,0
mixed-correlated,16,joint-long-schema,0.9949146385760989,0.9503333333333334,0.9075875486381323,0.9951666666666666,1,0
mixed-correlated,17,field-average,0.9943463538517354,0.9453333333333334,0.9090909090909091,0.9938333333333333,1,1
mixed-correlated,17,whole-call,0.9943463538517354,0.9453333333333334,0.9090909090909091,0.9938333333333333,0,0
mixed-correlated,17,joint-long-schema,0.9943463538517354,0.9453333333333334,0.9090909090909091,0.9938333333333333,0,0
mixed-correlated,18,field-average,0.9947734138972809,0.9493333333333334,0.9117920148560817,0.9956666666666667,1,1
mixed-correlated,18,whole-call,0.9947734138972809,0.9493333333333334,0.9117920148560817,0.9956666666666667,0,0
mixed-correlated,18,joint-long-schema,0.9947734138972809,0.9493333333333334,0.9117920148560817,0.9956666666666667,0,0
mixed-correlated,19,field-average,0.9953151618398637,0.9536666666666667,0.9170593779453345,0.9948333333333333,1,0
mixed-correlated,19,whole-call,0.9953151618398637,0.9536666666666667,0.9170593779453345,0.9948333333333333,1,0
mixed-correlated,19,joint-long-schema,0.9953151618398637,0.9536666666666667,0.9170593779453345,0.9948333333333333,1,0
mixed-correlated,20,field-average,0.9949873173088537,0.9503333333333334,0.9152380952380952,0.993,1,0
mixed-correlated,20,whole-call,0.9949873173088537,0.9503333333333334,0.9152380952380952,0.993,1,0
mixed-correlated,20,joint-long-schema,0.9949873173088537,0.9503333333333334,0.9152380952380952,0.993,1,0
mixed-correlated,21,field-average,0.9943410003650968,0.9493333333333334,0.9082926829268293,0.9941666666666666,1,1
mixed-correlated,21,whole-call,0.9943410003650968,0.9493333333333334,0.9082926829268293,0.9941666666666666,0,0
mixed-correlated,21,joint-long-schema,0.9943410003650968,0.9493333333333334,0.9082926829268293,0.9941666666666666,0,0
mixed-correlated,22,field-average,0.9949406620861961,0.9563333333333334,0.908102766798419,0.9953333333333333,1,0
mixed-correlated,22,whole-call,0.9949406620861961,0.9563333333333334,0.908102766798419,0.9953333333333333,1,0
mixed-correlated,22,joint-long-schema,0.9949406620861961,0.9563333333333334,0.908102766798419,0.9953333333333333,1,0
mixed-correlated,23,field-average,0.9946393158155676,0.9513333333333334,0.9085487077534792,0.994,1,0
mixed-correlated,23,whole-call,0.9946393158155676,0.9513333333333334,0.9085487077534792,0.994,1,0
mixed-correlated,23,joint-long-schema,0.9946393158155676,0.9513333333333334,0.9085487077534792,0.994,1,0
mixed-correlated,24,field-average,0.9950512975256488,0.9506666666666667,0.9029217719132894,0.9943333333333333,1,0
mixed-correlated,24,whole-call,0.9950512975256488,0.9506666666666667,0.9029217719132894,0.9943333333333333,1,0
mixed-correlated,24,joint-long-schema,0.9950512975256488,0.9506666666666667,0.9029217719132894,0.9943333333333333,1,0
mixed-correlated,25,field-average,0.9941425120772946,0.944,0.9011406844106464,0.9935,1,1
mixed-correlated,25,whole-call,0.9941425120772946,0.944,0.9011406844106464,0.9935,0,0
mixed-correlated,25,joint-long-schema,0.9941425120772946,0.944,0.9011406844106464,0.9935,0,0
mixed-correlated,26,field-average,0.9947107741225388,0.952,0.9081237911025145,0.9946666666666667,1,0
mixed-correlated,26,whole-call,0.9947107741225388,0.952,0.9081237911025145,0.9946666666666667,1,0
mixed-correlated,26,joint-long-schema,0.9947107741225388,0.952,0.9081237911025145,0.9946666666666667,1,0
mixed-correlated,27,field-average,0.9932924608473959,0.9486666666666667,0.9090047393364928,0.994,1,1
mixed-correlated,27,whole-call,0.9932924608473959,0.9486666666666667,0.9090047393364928,0.994,0,0
mixed-correlated,27,joint-long-schema,0.9932924608473959,0.9486666666666667,0.9090047393364928,0.994,0,0
mixed-correlated,28,field-average,0.9952620846827396,0.9536666666666667,0.9104477611940298,0.9958333333333333,1,0
mixed-correlated,28,whole-call,0.9952620846827396,0.9536666666666667,0.9104477611940298,0.9958333333333333,1,0
mixed-correlated,28,joint-long-schema,0.9952620846827396,0.9536666666666667,0.9104477611940298,0.9958333333333333,1,0
mixed-correlated,29,field-average,0.9949410784430425,0.9486666666666667,0.9064814814814814,0.9965,1,1
mixed-correlated,29,whole-call,0.9949410784430425,0.9486666666666667,0.9064814814814814,0.9965,0,0
mixed-correlated,29,joint-long-schema,0.9949410784430425,0.9486666666666667,0.9064814814814814,0.9965,0,0
mixed-correlated,30,field-average,0.9949136503430329,0.947,0.9142857142857143,0.994,1,1
mixed-correlated,30,whole-call,0.9949136503430329,0.947,0.9142857142857143,0.994,0,0
mixed-correlated,30,joint-long-schema,0.9949136503430329,0.947,0.9142857142857143,0.994,0,0
mixed-correlated,31,field-average,0.9949902841875152,0.956,0.9202279202279202,0.994,1,0
mixed-correlated,31,whole-call,0.9949902841875152,0.956,0.9202279202279202,0.994,1,0
mixed-correlated,31,joint-long-schema,0.9949902841875152,0.956,0.9202279202279202,0.994,1,0
mixed-correlated,32,field-average,0.9940937727162588,0.9486666666666667,0.9084905660377358,0.9943333333333333,1,1
mixed-correlated,32,whole-call,0.9940937727162588,0.9486666666666667,0.9084905660377358,0.9943333333333333,0,0
mixed-correlated,32,joint-long-schema,0.9940937727162588,0.9486666666666667,0.9084905660377358,0.9943333333333333,0,0
mixed-correlated,33,field-average,0.9942846607669616,0.948,0.8960155490767736,0.9953333333333333,1,1
mixed-correlated,33,whole-call,0.9942846607669616,0.948,0.8960155490767736,0.9953333333333333,0,0
mixed-correlated,33,joint-long-schema,0.9942846607669616,0.948,0.8960155490767736,0.9953333333333333,0,0
mixed-correlated,34,field-average,0.9950329107752316,0.951,0.9113300492610837,0.9953333333333333,1,0
mixed-correlated,34,whole-call,0.9950329107752316,0.951,0.9113300492610837,0.9953333333333333,1,0
mixed-correlated,34,joint-long-schema,0.9950329107752316,0.951,0.9113300492610837,0.9953333333333333,1,0
mixed-correlated,35,field-average,0.9937129300118624,0.9446666666666667,0.9028414298808433,0.9933333333333333,1,1
mixed-correlated,35,whole-call,0.9937129300118624,0.9446666666666667,0.9028414298808433,0.9933333333333333,0,0
mixed-correlated,35,joint-long-schema,0.9937129300118624,0.9446666666666667,0.9028414298808433,0.9933333333333333,0,0
mixed-correlated,36,field-average,0.9944323408375696,0.9463333333333334,0.9085872576177285,0.9935,1,1
mixed-correlated,36,whole-call,0.9944323408375696,0.9463333333333334,0.9085872576177285,0.9935,0,0
mixed-correlated,36,joint-long-schema,0.9944323408375696,0.9463333333333334,0.9085872576177285,0.9935,0,0
mixed-correlated,37,field-average,0.9938373804267844,0.9456666666666667,0.8989310009718173,0.9935,1,1
mixed-correlated,37,whole-call,0.9938373804267844,0.9456666666666667,0.8989310009718173,0.9935,0,0
mixed-correlated,37,joint-long-schema,0.9938373804267844,0.9456666666666667,0.8989310009718173,0.9935,0,0
mixed-correlated,38,field-average,0.994856701153526,0.9516666666666667,0.9167420814479638,0.9936666666666667,1,0
mixed-correlated,38,whole-call,0.994856701153526,0.9516666666666667,0.9167420814479638,0.9936666666666667,1,0
mixed-correlated,38,joint-long-schema,0.994856701153526,0.9516666666666667,0.9167420814479638,0.9936666666666667,1,0
mixed-correlated,39,field-average,0.9941116690578671,0.9423333333333334,0.8976525821596244,0.9936666666666667,1,1
mixed-correlated,39,whole-call,0.9941116690578671,0.9423333333333334,0.8976525821596244,0.9936666666666667,0,0
mixed-correlated,39,joint-long-schema,0.9941116690578671,0.9423333333333334,0.8976525821596244,0.9936666666666667,0,0
mixed-correlated,40,field-average,0.9947266335313372,0.948,0.9078212290502793,0.9958333333333333,1,1
mixed-correlated,40,whole-call,0.9947266335313372,0.948,0.9078212290502793,0.9958333333333333,0,0
mixed-correlated,40,joint-long-schema,0.9947266335313372,0.948,0.9078212290502793,0.9958333333333333,0,0
mixed-correlated,41,field-average,0.994598388671875,0.9463333333333334,0.8933463796477495,0.9945,1,1
mixed-correlated,41,whole-call,0.994598388671875,0.9463333333333334,0.8933463796477495,0.9945,0,0
mixed-correlated,41,joint-long-schema,0.994598388671875,0.9463333333333334,0.8933463796477495,0.9945,0,0
mixed-correlated,42,field-average,0.9947582634435126,0.9523333333333334,0.926711668273867,0.9943333333333333,1,0
mixed-correlated,42,whole-call,0.9947582634435126,0.9523333333333334,0.926711668273867,0.9943333333333333,1,0
mixed-correlated,42,joint-long-schema,0.9947582634435126,0.9523333333333334,0.926711668273867,0.9943333333333333,1,0
mixed-correlated,43,field-average,0.9947692307692307,0.957,0.9212598425196851,0.9936666666666667,1,0
mixed-correlated,43,whole-call,0.9947692307692307,0.957,0.9212598425196851,0.9936666666666667,1,0
mixed-correlated,43,joint-long-schema,0.9947692307692307,0.957,0.9212598425196851,0.9936666666666667,1,0
mixed-correlated,44,field-average,0.9935254027261462,0.948,0.903448275862069,0.9925,1,1
mixed-correlated,44,whole-call,0.9935254027261462,0.948,0.903448275862069,0.9925,0,0
mixed-correlated,44,joint-long-schema,0.9935254027261462,0.948,0.903448275862069,0.9925,0,0
mixed-correlated,45,field-average,0.994350456902939,0.9493333333333334,0.8983903420523138,0.9948333333333333,1,1
mixed-correlated,45,whole-call,0.994350456902939,0.9493333333333334,0.8983903420523138,0.9948333333333333,0,0
mixed-correlated,45,joint-long-schema,0.994350456902939,0.9493333333333334,0.8983903420523138,0.9948333333333333,0,0
mixed-correlated,46,field-average,0.9937705688763516,0.9436666666666667,0.902283105022831,0.9935,1,1
mixed-correlated,46,whole-call,0.9937705688763516,0.9436666666666667,0.902283105022831,0.9935,0,0
mixed-correlated,46,joint-long-schema,0.9937705688763516,0.9436666666666667,0.902283105022831,0.9935,0,0
mixed-correlated,47,field-average,0.9942142251302557,0.948,0.8962264150943396,0.996,1,1
mixed-correlated,47,whole-call,0.9942142251302557,0.948,0.8962264150943396,0.996,0,0
mixed-correlated,47,joint-long-schema,0.9942142251302557,0.948,0.8962264150943396,0.996,0,0
mixed-correlated,48,field-average,0.9945638895675544,0.948,0.9073359073359073,0.9955,1,1
mixed-correlated,48,whole-call,0.9945638895675544,0.948,0.9073359073359073,0.9955,0,0
mixed-correlated,48,joint-long-schema,0.9945638895675544,0.948,0.9073359073359073,0.9955,0,0
mixed-correlated,49,field-average,0.9944002447980416,0.9486666666666667,0.9083743842364532,0.9951666666666666,1,1
mixed-correlated,49,whole-call,0.9944002447980416,0.9486666666666667,0.9083743842364532,0.9951666666666666,0,0
mixed-correlated,49,joint-long-schema,0.9944002447980416,0.9486666666666667,0.9083743842364532,0.9951666666666666,0,0
mixed-correlated,50,field-average,0.9945153213306307,0.9473333333333334,0.9005681818181818,0.9943333333333333,1,1
mixed-correlated,50,whole-call,0.9945153213306307,0.9473333333333334,0.9005681818181818,0.9943333333333333,0,0
mixed-correlated,50,joint-long-schema,0.9945153213306307,0.9473333333333334,0.9005681818181818,0.9943333333333333,0,0
mixed-correlated,51,field-average,0.9942184021766015,0.9523333333333334,0.9078295341922695,0.9951666666666666,1,0
mixed-correlated,51,whole-call,0.9942184021766015,0.9523333333333334,0.9078295341922695,0.9951666666666666,1,0
mixed-correlated,51,joint-long-schema,0.9942184021766015,0.9523333333333334,0.9078295341922695,0.9951666666666666,1,0
mixed-correlated,52,field-average,0.9949473810093279,0.948,0.9077490774907749,0.9928333333333333,1,1
mixed-correlated,52,whole-call,0.9949473810093279,0.948,0.9077490774907749,0.9928333333333333,0,0
mixed-correlated,52,joint-long-schema,0.9949473810093279,0.948,0.9077490774907749,0.9928333333333333,0,0
mixed-correlated,53,field-average,0.9942142251302557,0.9456666666666667,0.9037536092396535,0.9938333333333333,1,1
mixed-correlated,53,whole-call,0.9942142251302557,0.9456666666666667,0.9037536092396535,0.9938333333333333,0,0
mixed-correlated,53,joint-long-schema,0.9942142251302557,0.9456666666666667,0.9037536092396535,0.9938333333333333,0,0
mixed-correlated,54,field-average,0.9944884287454324,0.952,0.9115646258503401,0.9956666666666667,1,0
mixed-correlated,54,whole-call,0.9944884287454324,0.952,0.9115646258503401,0.9956666666666667,1,0
mixed-correlated,54,joint-long-schema,0.9944884287454324,0.952,0.9115646258503401,0.9956666666666667,1,0
mixed-correlated,55,field-average,0.9945978391356542,0.9463333333333334,0.9052044609665427,0.995,1,1
mixed-correlated,55,whole-call,0.9945978391356542,0.9463333333333334,0.9052044609665427,0.995,0,0
mixed-correlated,55,joint-long-schema,0.9945978391356542,0.9463333333333334,0.9052044609665427,0.995,0,0
mixed-correlated,56,field-average,0.9942386583011583,0.9486666666666667,0.8986988847583643,0.9956666666666667,1,1
mixed-correlated,56,whole-call,0.9942386583011583,0.9486666666666667,0.8986988847583643,0.9956666666666667,0,0
mixed-correlated,56,joint-long-schema,0.9942386583011583,0.9486666666666667,0.8986988847583643,0.9956666666666667,0,0
mixed-correlated,57,field-average,0.9934876989869754,0.943,0.8990654205607477,0.9941666666666666,1,1
mixed-correlated,57,whole-call,0.9934876989869754,0.943,0.8990654205607477,0.9941666666666666,0,0
mixed-correlated,57,joint-long-schema,0.9934876989869754,0.943,0.8990654205607477,0.9941666666666666,0,0
mixed-correlated,58,field-average,0.9942664725154714,0.9483333333333334,0.8979591836734694,0.9943333333333333,1,1
mixed-correlated,58,whole-call,0.9942664725154714,0.9483333333333334,0.8979591836734694,0.9943333333333333,0,0
mixed-correlated,58,joint-long-schema,0.9942664725154714,0.9483333333333334,0.8979591836734694,0.9943333333333333,0,0
mixed-correlated,59,field-average,0.9950938304918435,0.9526666666666667,0.9274809160305344,0.9941666666666666,1,0
mixed-correlated,59,whole-call,0.9950938304918435,0.9526666666666667,0.9274809160305344,0.9941666666666666,1,0
mixed-correlated,59,joint-long-schema,0.9950938304918435,0.9526666666666667,0.9274809160305344,0.9941666666666666,1,0
mixed-correlated,60,field-average,0.9941958887545345,0.9473333333333334,0.908745247148289,0.9945,1,1
mixed-correlated,60,whole-call,0.9941958887545345,0.9473333333333334,0.908745247148289,0.9945,0,0
mixed-correlated,60,joint-long-schema,0.9941958887545345,0.9473333333333334,0.908745247148289,0.9945,0,0
mixed-correlated,61,field-average,0.9948955223880597,0.9496666666666667,0.9096045197740112,0.9953333333333333,1,1
mixed-correlated,61,whole-call,0.9948955223880597,0.9496666666666667,0.9096045197740112,0.9953333333333333,0,0
mixed-correlated,61,joint-long-schema,0.9948955223880597,0.9496666666666667,0.9096045197740112,0.9953333333333333,0,0
mixed-correlated,62,field-average,0.9951306413301663,0.9516666666666667,0.9148737137511693,0.9941666666666666,1,0
mixed-correlated,62,whole-call,0.9951306413301663,0.9516666666666667,0.9148737137511693,0.9941666666666666,1,0
mixed-correlated,62,joint-long-schema,0.9951306413301663,0.9516666666666667,0.9148737137511693,0.9941666666666666,1,0
mixed-correlated,63,field-average,0.9947494033412888,0.9516666666666667,0.9132040627885504,0.9951666666666666,1,0
mixed-correlated,63,whole-call,0.9947494033412888,0.9516666666666667,0.9132040627885504,0.9951666666666666,1,0
mixed-correlated,63,joint-long-schema,0.9947494033412888,0.9516666666666667,0.9132040627885504,0.9951666666666666,1,0
mixed-correlated,64,field-average,0.9948609790874525,0.9493333333333334,0.9104744852282901,0.9958333333333333,1,1
mixed-correlated,64,whole-call,0.9948609790874525,0.9493333333333334,0.9104744852282901,0.9958333333333333,0,0
mixed-correlated,64,joint-long-schema,0.9948609790874525,0.9493333333333334,0.9104744852282901,0.9958333333333333,0,0
mixed-correlated,65,field-average,0.9944605009633911,0.9493333333333334,0.9049429657794676,0.9943333333333333,1,1
mixed-correlated,65,whole-call,0.9944605009633911,0.9493333333333334,0.9049429657794676,0.9943333333333333,0,0
mixed-correlated,65,joint-long-schema,0.9944605009633911,0.9493333333333334,0.9049429657794676,0.9943333333333333,0,0
mixed-correlated,66,field-average,0.9944397943321774,0.952,0.9164292497625831,0.995,1,0
mixed-correlated,66,whole-call,0.9944397943321774,0.952,0.9164292497625831,0.995,1,0
mixed-correlated,66,joint-long-schema,0.9944397943321774,0.952,0.9164292497625831,0.995,1,0
mixed-correlated,67,field-average,0.9949318209243393,0.952,0.9163533834586466,0.995,1,0
mixed-correlated,67,whole-call,0.9949318209243393,0.952,0.9163533834586466,0.995,1,0
mixed-correlated,67,joint-long-schema,0.9949318209243393,0.952,0.9163533834586466,0.995,1,0
mixed-correlated,68,field-average,0.9946051838456902,0.9466666666666667,0.8968481375358166,0.9948333333333333,1,1
mixed-correlated,68,whole-call,0.9946051838456902,0.9466666666666667,0.8968481375358166,0.9948333333333333,0,0
mixed-correlated,68,joint-long-schema,0.9946051838456902,0.9466666666666667,0.8968481375358166,0.9948333333333333,0,0
mixed-correlated,69,field-average,0.9937181354697742,0.944,0.900287631831256,0.9938333333333333,1,1
mixed-correlated,69,whole-call,0.9937181354697742,0.944,0.900287631831256,0.9938333333333333,0,0
mixed-correlated,69,joint-long-schema,0.9937181354697742,0.944,0.900287631831256,0.9938333333333333,0,0
mixed-correlated,70,field-average,0.9943502824858758,0.9496666666666667,0.9101019462465245,0.994,1,1
mixed-correlated,70,whole-call,0.9943502824858758,0.9496666666666667,0.9101019462465245,0.994,0,0
mixed-correlated,70,joint-long-schema,0.9943502824858758,0.9496666666666667,0.9101019462465245,0.994,0,0
mixed-correlated,71,field-average,0.9943014705882353,0.9503333333333334,0.9095378564405113,0.9951666666666666,1,0
mixed-correlated,71,whole-call,0.9943014705882353,0.9503333333333334,0.9095378564405113,0.9951666666666666,1,0
mixed-correlated,71,joint-long-schema,0.9943014705882353,0.9503333333333334,0.9095378564405113,0.9951666666666666,1,0
mixed-correlated,72,field-average,0.9954007884362681,0.9583333333333334,0.9209783631232361,0.9958333333333333,1,0
mixed-correlated,72,whole-call,0.9954007884362681,0.9583333333333334,0.9209783631232361,0.9958333333333333,1,0
mixed-correlated,72,joint-long-schema,0.9954007884362681,0.9583333333333334,0.9209783631232361,0.9958333333333333,1,0
mixed-correlated,73,field-average,0.994396656166707,0.9503333333333334,0.9170684667309547,0.9956666666666667,1,0
mixed-correlated,73,whole-call,0.994396656166707,0.9503333333333334,0.9170684667309547,0.9956666666666667,1,0
mixed-correlated,73,joint-long-schema,0.994396656166707,0.9503333333333334,0.9170684667309547,0.9956666666666667,1,0
mixed-correlated,74,field-average,0.9945941048562454,0.9483333333333334,0.8956197576887233,0.9953333333333333,1,1
mixed-correlated,74,whole-call,0.9945941048562454,0.9483333333333334,0.8956197576887233,0.9953333333333333,0,0
mixed-correlated,74,joint-long-schema,0.9945941048562454,0.9483333333333334,0.8956197576887233,0.9953333333333333,0,0
mixed-correlated,75,field-average,0.9944756439995116,0.9473333333333334,0.9057492931196984,0.9941666666666666,1,1
mixed-correlated,75,whole-call,0.9944756439995116,0.9473333333333334,0.9057492931196984,0.9941666666666666,0,0
mixed-correlated,75,joint-long-schema,0.9944756439995116,0.9473333333333334,0.9057492931196984,0.9941666666666666,0,0
mixed-correlated,76,field-average,0.994869915720044,0.9503333333333334,0.916988416988417,0.9946666666666667,1,0
mixed-correlated,76,whole-call,0.994869915720044,0.9503333333333334,0.916988416988417,0.9946666666666667,1,0
mixed-correlated,76,joint-long-schema,0.994869915720044,0.9503333333333334,0.916988416988417,0.9946666666666667,1,0
mixed-correlated,77,field-average,0.9949678418294426,0.9506666666666667,0.9085923217550275,0.9953333333333333,1,0
mixed-correlated,77,whole-call,0.9949678418294426,0.9506666666666667,0.9085923217550275,0.9953333333333333,1,0
mixed-correlated,77,joint-long-schema,0.9949678418294426,0.9506666666666667,0.9085923217550275,0.9953333333333333,1,0
mixed-correlated,78,field-average,0.9949964046021093,0.949,0.9098591549295775,0.9941666666666666,1,1
mixed-correlated,78,whole-call,0.9949964046021093,0.949,0.9098591549295775,0.9941666666666666,0,0
mixed-correlated,78,joint-long-schema,0.9949964046021093,0.949,0.9098591549295775,0.9941666666666666,0,0
mixed-correlated,79,field-average,0.9945626195028681,0.954,0.9227799227799228,0.9943333333333333,1,0
mixed-correlated,79,whole-call,0.9945626195028681,0.954,0.9227799227799228,0.9943333333333333,1,0
mixed-correlated,79,joint-long-schema,0.9945626195028681,0.954,0.9227799227799228,0.9943333333333333,1,0
mixed-correlated,80,field-average,0.9941682950659502,0.9466666666666667,0.9049466537342385,0.9931666666666666,1,1
mixed-correlated,80,whole-call,0.9941682950659502,0.9466666666666667,0.9049466537342385,0.9931666666666666,0,0
mixed-correlated,80,joint-long-schema,0.9941682950659502,0.9466666666666667,0.9049466537342385,0.9931666666666666,0,0
mixed-correlated,81,field-average,0.994869179068651,0.9466666666666667,0.8984674329501916,0.9961666666666666,1,1
mixed-correlated,81,whole-call,0.994869179068651,0.9466666666666667,0.8984674329501916,0.9961666666666666,0,0
mixed-correlated,81,joint-long-schema,0.994869179068651,0.9466666666666667,0.8984674329501916,0.9961666666666666,0,0
mixed-correlated,82,field-average,0.9953862136396969,0.956,0.9235912129894938,0.995,1,0
mixed-correlated,82,whole-call,0.9953862136396969,0.956,0.9235912129894938,0.995,1,0
mixed-correlated,82,joint-long-schema,0.9953862136396969,0.956,0.9235912129894938,0.995,1,0
mixed-correlated,83,field-average,0.9947851999006705,0.9516666666666667,0.9067961165048544,0.9945,1,0
mixed-correlated,83,whole-call,0.9947851999006705,0.9516666666666667,0.9067961165048544,0.9945,1,0
mixed-correlated,83,joint-long-schema,0.9947851999006705,0.9516666666666667,0.9067961165048544,0.9945,1,0
mixed-correlated,84,field-average,0.9954223272297696,0.952,0.904275092936803,0.9965,1,0
mixed-correlated,84,whole-call,0.9954223272297696,0.952,0.904275092936803,0.9965,1,0
mixed-correlated,84,joint-long-schema,0.9954223272297696,0.952,0.904275092936803,0.9965,1,0
mixed-correlated,85,field-average,0.995274445656125,0.952,0.9050445103857567,0.9953333333333333,1,0
mixed-correlated,85,whole-call,0.995274445656125,0.952,0.9050445103857567,0.9953333333333333,1,0
mixed-correlated,85,joint-long-schema,0.995274445656125,0.952,0.9050445103857567,0.9953333333333333,1,0
mixed-correlated,86,field-average,0.9941967575534266,0.9443333333333334,0.8955078125,0.9943333333333333,1,1
mixed-correlated,86,whole-call,0.9941967575534266,0.9443333333333334,0.8955078125,0.9943333333333333,0,0
mixed-correlated,86,joint-long-schema,0.9941967575534266,0.9443333333333334,0.8955078125,0.9943333333333333,0,0
mixed-correlated,87,field-average,0.9935203899655214,0.9453333333333334,0.9043238270469182,0.9948333333333333,1,1
mixed-correlated,87,whole-call,0.9935203899655214,0.9453333333333334,0.9043238270469182,0.9948333333333333,0,0
mixed-correlated,87,joint-long-schema,0.9935203899655214,0.9453333333333334,0.9043238270469182,0.9948333333333333,0,0
mixed-correlated,88,field-average,0.9938444661140907,0.9466666666666667,0.8984526112185687,0.9945,1,1
mixed-correlated,88,whole-call,0.9938444661140907,0.9466666666666667,0.8984526112185687,0.9945,0,0
mixed-correlated,88,joint-long-schema,0.9938444661140907,0.9466666666666667,0.8984526112185687,0.9945,0,0
mixed-correlated,89,field-average,0.995121356262959,0.9556666666666667,0.9303000968054211,0.9936666666666667,1,0
mixed-correlated,89,whole-call,0.995121356262959,0.9556666666666667,0.9303000968054211,0.9936666666666667,1,0
mixed-correlated,89,joint-long-schema,0.995121356262959,0.9556666666666667,0.9303000968054211,0.9936666666666667,1,0
mixed-correlated,90,field-average,0.9939299658369937,0.9483333333333334,0.9037735849056604,0.9953333333333333,1,1
mixed-correlated,90,whole-call,0.9939299658369937,0.9483333333333334,0.9037735849056604,0.9953333333333333,0,0
mixed-correlated,90,joint-long-schema,0.9939299658369937,0.9483333333333334,0.9037735849056604,0.9953333333333333,0,0
mixed-correlated,91,field-average,0.9946213686641546,0.949,0.9105461393596986,0.9945,1,1
mixed-correlated,91,whole-call,0.9946213686641546,0.949,0.9105461393596986,0.9945,0,0
mixed-correlated,91,joint-long-schema,0.9946213686641546,0.949,0.9105461393596986,0.9945,0,0
mixed-correlated,92,field-average,0.994055403638093,0.95,0.9159049360146252,0.995,1,0
mixed-correlated,92,whole-call,0.994055403638093,0.95,0.9159049360146252,0.995,1,0
mixed-correlated,92,joint-long-schema,0.994055403638093,0.95,0.9159049360146252,0.995,1,0
mixed-correlated,93,field-average,0.9943718228031954,0.9533333333333334,0.9107485604606526,0.9943333333333333,1,0
mixed-correlated,93,whole-call,0.9943718228031954,0.9533333333333334,0.9107485604606526,0.9943333333333333,1,0
mixed-correlated,93,joint-long-schema,0.9943718228031954,0.9533333333333334,0.9107485604606526,0.9943333333333333,1,0
mixed-correlated,94,field-average,0.9953634085213032,0.958,0.9380081300813008,0.9953333333333333,1,0
mixed-correlated,94,whole-call,0.9953634085213032,0.958,0.9380081300813008,0.9953333333333333,1,0
mixed-correlated,94,joint-long-schema,0.9953634085213032,0.958,0.9380081300813008,0.9953333333333333,1,0
mixed-correlated,95,field-average,0.9940999397953041,0.9526666666666667,0.9201101928374655,0.9951666666666666,1,0
mixed-correlated,95,whole-call,0.9940999397953041,0.9526666666666667,0.9201101928374655,0.9951666666666666,1,0
mixed-correlated,95,joint-long-schema,0.9940999397953041,0.9526666666666667,0.9201101928374655,0.9951666666666666,1,0
mixed-correlated,96,field-average,0.9950974421437272,0.957,0.9207547169811321,0.9946666666666667,1,0
mixed-correlated,96,whole-call,0.9950974421437272,0.957,0.9207547169811321,0.9946666666666667,1,0
mixed-correlated,96,joint-long-schema,0.9950974421437272,0.957,0.9207547169811321,0.9946666666666667,1,0
mixed-correlated,97,field-average,0.9941683878022112,0.948,0.9130019120458891,0.9931666666666666,1,1
mixed-correlated,97,whole-call,0.9941683878022112,0.948,0.9130019120458891,0.9931666666666666,0,0
mixed-correlated,97,joint-long-schema,0.9941683878022112,0.948,0.9130019120458891,0.9931666666666666,0,0
mixed-correlated,98,field-average,0.9939118555476361,0.9456666666666667,0.9075471698113208,0.994,1,1
mixed-correlated,98,whole-call,0.9939118555476361,0.9456666666666667,0.9075471698113208,0.994,0,0
mixed-correlated,98,joint-long-schema,0.9939118555476361,0.9456666666666667,0.9075471698113208,0.994,0,0
mixed-correlated,99,field-average,0.9946599558065308,0.9533333333333334,0.914622178606477,0.9943333333333333,1,0
mixed-correlated,99,whole-call,0.9946599558065308,0.9533333333333334,0.914622178606477,0.9943333333333333,1,0
mixed-correlated,99,joint-long-schema,0.9946599558065308,0.9533333333333334,0.914622178606477,0.9943333333333333,1,0
mixed-correlated,100,field-average,0.994204393737104,0.9463333333333334,0.9125939849624061,0.9926666666666667,1,1
mixed-correlated,100,whole-call,0.994204393737104,0.9463333333333334,0.9125939849624061,0.9926666666666667,0,0
mixed-correlated,100,joint-long-schema,0.994204393737104,0.9463333333333334,0.9125939849624061,0.9926666666666667,0,0
mixed-correlated,101,field-average,0.9946906457156887,0.9496666666666667,0.9211295034079844,0.995,1,1
mixed-correlated,101,whole-call,0.9946906457156887,0.9496666666666667,0.9211295034079844,0.995,0,0
mixed-correlated,101,joint-long-schema,0.9946906457156887,0.9496666666666667,0.9211295034079844,0.995,0,0
mixed-correlated,102,field-average,0.993304911732917,0.9433333333333334,0.8855250709555346,0.9951666666666666,1,1
mixed-correlated,102,whole-call,0.993304911732917,0.9433333333333334,0.8855250709555346,0.9951666666666666,0,0
mixed-correlated,102,joint-long-schema,0.993304911732917,0.9433333333333334,0.8855250709555346,0.9951666666666666,0,0
mixed-correlated,103,field-average,0.9950239587172871,0.953,0.9143407122232916,0.994,1,0
mixed-correlated,103,whole-call,0.9950239587172871,0.953,0.9143407122232916,0.994,1,0
mixed-correlated,103,joint-long-schema,0.9950239587172871,0.953,0.9143407122232916,0.994,1,0
mixed-correlated,104,field-average,0.9944034440344404,0.9466666666666667,0.8974358974358975,0.9935,1,1
mixed-correlated,104,whole-call,0.9944034440344404,0.9466666666666667,0.8974358974358975,0.9935,0,0
mixed-correlated,104,joint-long-schema,0.9944034440344404,0.9466666666666667,0.8974358974358975,0.9935,0,0
mixed-correlated,105,field-average,0.9945605931688343,0.95,0.9101338432122371,0.995,1,0
mixed-correlated,105,whole-call,0.9945605931688343,0.95,0.9101338432122371,0.995,1,0
mixed-correlated,105,joint-long-schema,0.9945605931688343,0.95,0.9101338432122371,0.995,1,0
mixed-correlated,106,field-average,0.9949414919551438,0.9496666666666667,0.9093511450381679,0.9953333333333333,1,1
mixed-correlated,106,whole-call,0.9949414919551438,0.9496666666666667,0.9093511450381679,0.9953333333333333,0,0
mixed-correlated,106,joint-long-schema,0.9949414919551438,0.9496666666666667,0.9093511450381679,0.9953333333333333,0,0
mixed-correlated,107,field-average,0.9945373954301411,0.9546666666666667,0.9164179104477612,0.9948333333333333,1,0
mixed-correlated,107,whole-call,0.9945373954301411,0.9546666666666667,0.9164179104477612,0.9948333333333333,1,0
mixed-correlated,107,joint-long-schema,0.9945373954301411,0.9546666666666667,0.9164179104477612,0.9948333333333333,1,0
mixed-correlated,108,field-average,0.9937238493723849,0.947,0.8922330097087379,0.9941666666666666,1,1
mixed-correlated,108,whole-call,0.9937238493723849,0.947,0.8922330097087379,0.9941666666666666,0,0
mixed-correlated,108,joint-long-schema,0.9937238493723849,0.947,0.8922330097087379,0.9941666666666666,0,0
mixed-correlated,109,field-average,0.994078783345799,0.9493333333333334,0.9015075376884422,0.995,1,1
mixed-correlated,109,whole-call,0.994078783345799,0.9493333333333334,0.9015075376884422,0.995,0,0
mixed-correlated,109,joint-long-schema,0.994078783345799,0.9493333333333334,0.9015075376884422,0.995,0,0
mixed-correlated,110,field-average,0.9953259827420902,0.9556666666666667,0.9173630454967502,0.9948333333333333,1,0
mixed-correlated,110,whole-call,0.9953259827420902,0.9556666666666667,0.9173630454967502,0.9948333333333333,1,0
mixed-correlated,110,joint-long-schema,0.9953259827420902,0.9556666666666667,0.9173630454967502,0.9948333333333333,1,0
mixed-correlated,111,field-average,0.9938335992146275,0.9423333333333334,0.9063670411985019,0.994,1,1
mixed-correlated,111,whole-call,0.9938335992146275,0.9423333333333334,0.9063670411985019,0.994,0,0
mixed-correlated,111,joint-long-schema,0.9938335992146275,0.9423333333333334,0.9063670411985019,0.994,0,0
mixed-correlated,112,field-average,0.9959384093113482,0.9566666666666667,0.9174484052532833,0.9958333333333333,1,0
mixed-correlated,112,whole-call,0.9959384093113482,0.9566666666666667,0.9174484052532833,0.9958333333333333,1,0
mixed-correlated,112,joint-long-schema,0.9959384093113482,0.9566666666666667,0.9174484052532833,0.9958333333333333,1,0
mixed-correlated,113,field-average,0.9950394453741334,0.953,0.9198542805100182,0.995,1,0
mixed-correlated,113,whole-call,0.9950394453741334,0.953,0.9198542805100182,0.995,1,0
mixed-correlated,113,joint-long-schema,0.9950394453741334,0.953,0.9198542805100182,0.995,1,0
mixed-correlated,114,field-average,0.9939016878156954,0.948,0.9044776119402985,0.995,1,1
mixed-correlated,114,whole-call,0.9939016878156954,0.948,0.9044776119402985,0.995,0,0
mixed-correlated,114,joint-long-schema,0.9939016878156954,0.948,0.9044776119402985,0.995,0,0
mixed-correlated,115,field-average,0.9941460470730236,0.9466666666666667,0.9035679845708775,0.9948333333333333,1,1
mixed-correlated,115,whole-call,0.9941460470730236,0.9466666666666667,0.9035679845708775,0.9948333333333333,0,0
mixed-correlated,115,joint-long-schema,0.9941460470730236,0.9466666666666667,0.9035679845708775,0.9948333333333333,0,0
mixed-correlated,116,field-average,0.9946102314250913,0.947,0.900952380952381,0.9951666666666666,1,1
mixed-correlated,116,whole-call,0.9946102314250913,0.947,0.900952380952381,0.9951666666666666,0,0
mixed-correlated,116,joint-long-schema,0.9946102314250913,0.947,0.900952380952381,0.9951666666666666,0,0
mixed-correlated,117,field-average,0.9947314547206165,0.9506666666666667,0.9101964452759589,0.995,1,0
mixed-correlated,117,whole-call,0.9947314547206165,0.9506666666666667,0.9101964452759589,0.995,1,0
mixed-correlated,117,joint-long-schema,0.9947314547206165,0.9506666666666667,0.9101964452759589,0.995,1,0
mixed-correlated,118,field-average,0.9956741167988464,0.959,0.9257884972170687,0.9958333333333333,1,0
mixed-correlated,118,whole-call,0.9956741167988464,0.959,0.9257884972170687,0.9958333333333333,1,0
mixed-correlated,118,joint-long-schema,0.9956741167988464,0.959,0.9257884972170687,0.9958333333333333,1,0
mixed-correlated,119,field-average,0.9945054945054945,0.949,0.9102316602316602,0.9925,1,1
mixed-correlated,119,whole-call,0.9945054945054945,0.949,0.9102316602316602,0.9925,0,0
mixed-correlated,119,joint-long-schema,0.9945054945054945,0.949,0.9102316602316602,0.9925,0,0
mixed-correlated,120,field-average,0.994557285332036,0.948,0.902321083172147,0.9941666666666666,1,1
mixed-correlated,120,whole-call,0.994557285332036,0.948,0.902321083172147,0.9941666666666666,0,0
mixed-correlated,120,joint-long-schema,0.994557285332036,0.948,0.902321083172147,0.9941666666666666,0,0
mixed-correlated,121,field-average,0.994277406582529,0.951,0.9024144869215291,0.9958333333333333,1,0
mixed-correlated,121,whole-call,0.994277406582529,0.951,0.9024144869215291,0.9958333333333333,1,0
mixed-correlated,121,joint-long-schema,0.994277406582529,0.951,0.9024144869215291,0.9958333333333333,1,0
mixed-correlated,122,field-average,0.9944027592883941,0.951,0.9088319088319088,0.9943333333333333,1,0
mixed-correlated,122,whole-call,0.9944027592883941,0.951,0.9088319088319088,0.9943333333333333,1,0
mixed-correlated,122,joint-long-schema,0.9944027592883941,0.951,0.9088319088319088,0.9943333333333333,1,0
mixed-correlated,123,field-average,0.994111545032951,0.9463333333333334,0.8857421875,0.9941666666666666,1,1
mixed-correlated,123,whole-call,0.994111545032951,0.9463333333333334,0.8857421875,0.9941666666666666,0,0
mixed-correlated,123,joint-long-schema,0.994111545032951,0.9463333333333334,0.8857421875,0.9941666666666666,0,0
mixed-correlated,124,field-average,0.9945239843367597,0.9516666666666667,0.90715667311412,0.9943333333333333,1,0
mixed-correlated,124,whole-call,0.9945239843367597,0.9516666666666667,0.90715667311412,0.9943333333333333,1,0
mixed-correlated,124,joint-long-schema,0.9945239843367597,0.9516666666666667,0.90715667311412,0.9943333333333333,1,0
mixed-correlated,125,field-average,0.994823019503973,0.954,0.9225684608120869,0.9953333333333333,1,0
mixed-correlated,125,whole-call,0.994823019503973,0.954,0.9225684608120869,0.9953333333333333,1,0
mixed-correlated,125,joint-long-schema,0.994823019503973,0.954,0.9225684608120869,0.9953333333333333,1,0
mixed-correlated,126,field-average,0.9952636659828648,0.9536666666666667,0.9230769230769231,0.9941666666666666,1,0
mixed-correlated,126,whole-call,0.9952636659828648,0.9536666666666667,0.9230769230769231,0.9941666666666666,1,0
mixed-correlated,126,joint-long-schema,0.9952636659828648,0.9536666666666667,0.9230769230769231,0.9941666666666666,1,0
mixed-correlated,127,field-average,0.9936410317649869,0.942,0.884071630537229,0.9958333333333333,1,1
mixed-correlated,127,whole-call,0.9936410317649869,0.942,0.884071630537229,0.9958333333333333,0,0
mixed-correlated,127,joint-long-schema,0.9936410317649869,0.942,0.884071630537229,0.9958333333333333,0,0
mixed-correlated,128,field-average,0.9950790967274484,0.949,0.9120772946859903,0.9948333333333333,1,1
mixed-correlated,128,whole-call,0.9950790967274484,0.949,0.9120772946859903,0.9948333333333333,0,0
mixed-correlated,128,joint-long-schema,0.9950790967274484,0.949,0.9120772946859903,0.9948333333333333,0,0
mixed-correlated,129,field-average,0.9943405511811023,0.9506666666666667,0.9072063178677197,0.9961666666666666,1,0
mixed-correlated,129,whole-call,0.9943405511811023,0.9506666666666667,0.9072063178677197,0.9961666666666666,1,0
mixed-correlated,129,joint-long-schema,0.9943405511811023,0.9506666666666667,0.9072063178677197,0.9961666666666666,1,0
mixed-correlated,130,field-average,0.9938522107813447,0.947,0.9102079395085066,0.9928333333333333,1,1
mixed-correlated,130,whole-call,0.9938522107813447,0.947,0.9102079395085066,0.9928333333333333,0,0
mixed-correlated,130,joint-long-schema,0.9938522107813447,0.947,0.9102079395085066,0.9928333333333333,0,0
mixed-correlated,131,field-average,0.9953571428571428,0.9533333333333334,0.9164420485175202,0.996,1,0
mixed-correlated,131,whole-call,0.9953571428571428,0.9533333333333334,0.9164420485175202,0.996,1,0
mixed-correlated,131,joint-long-schema,0.9953571428571428,0.9533333333333334,0.9164420485175202,0.996,1,0
mixed-correlated,132,field-average,0.9948360754173171,0.9486666666666667,0.909689557855127,0.9955,1,1
mixed-correlated,132,whole-call,0.9948360754173171,0.9486666666666667,0.909689557855127,0.9955,0,0
mixed-correlated,132,joint-long-schema,0.9948360754173171,0.9486666666666667,0.909689557855127,0.9955,0,0
mixed-correlated,133,field-average,0.9951462201189176,0.9486666666666667,0.915615906886518,0.9963333333333333,1,1
mixed-correlated,133,whole-call,0.9951462201189176,0.9486666666666667,0.915615906886518,0.9963333333333333,0,0
mixed-correlated,133,joint-long-schema,0.9951462201189176,0.9486666666666667,0.915615906886518,0.9963333333333333,0,0
mixed-correlated,134,field-average,0.994217401725791,0.9426666666666667,0.901685393258427,0.9926666666666667,1,1
mixed-correlated,134,whole-call,0.994217401725791,0.9426666666666667,0.901685393258427,0.9926666666666667,0,0
mixed-correlated,134,joint-long-schema,0.994217401725791,0.9426666666666667,0.901685393258427,0.9926666666666667,0,0
mixed-correlated,135,field-average,0.9944954705586311,0.9513333333333334,0.9106425702811245,0.9943333333333333,1,0
mixed-correlated,135,whole-call,0.9944954705586311,0.9513333333333334,0.9106425702811245,0.9943333333333333,1,0
mixed-correlated,135,joint-long-schema,0.9944954705586311,0.9513333333333334,0.9106425702811245,0.9943333333333333,1,0
mixed-correlated,136,field-average,0.9939238210399033,0.9456666666666667,0.905982905982906,0.9946666666666667,1,1
mixed-correlated,136,whole-call,0.9939238210399033,0.9456666666666667,0.905982905982906,0.9946666666666667,0,0
mixed-correlated,136,joint-long-schema,0.9939238210399033,0.9456666666666667,0.905982905982906,0.9946666666666667,0,0
mixed-correlated,137,field-average,0.9939543079353506,0.948,0.8952380952380953,0.9955,1,1
mixed-correlated,137,whole-call,0.9939543079353506,0.948,0.8952380952380953,0.9955,0,0
mixed-correlated,137,joint-long-schema,0.9939543079353506,0.948,0.8952380952380953,0.9955,0,0
mixed-correlated,138,field-average,0.9942918192918193,0.946,0.9197224975222993,0.9936666666666667,1,1
mixed-correlated,138,whole-call,0.9942918192918193,0.946,0.9197224975222993,0.9936666666666667,0,0
mixed-correlated,138,joint-long-schema,0.9942918192918193,0.946,0.9197224975222993,0.9936666666666667,0,0
mixed-correlated,139,field-average,0.9941944411021538,0.9496666666666667,0.9082397003745318,0.9956666666666667,1,1
mixed-correlated,139,whole-call,0.9941944411021538,0.9496666666666667,0.9082397003745318,0.9956666666666667,0,0
mixed-correlated,139,joint-long-schema,0.9941944411021538,0.9496666666666667,0.9082397003745318,0.9956666666666667,0,0
mixed-correlated,140,field-average,0.9942175196850394,0.9483333333333334,0.9083820662768031,0.9943333333333333,1,1
mixed-correlated,140,whole-call,0.9942175196850394,0.9483333333333334,0.9083820662768031,0.9943333333333333,0,0
mixed-correlated,140,joint-long-schema,0.9942175196850394,0.9483333333333334,0.9083820662768031,0.9943333333333333,0,0
mixed-correlated,141,field-average,0.9954054389668446,0.953,0.9053784860557769,0.9963333333333333,1,0
mixed-correlated,141,whole-call,0.9954054389668446,0.953,0.9053784860557769,0.9963333333333333,1,0
mixed-correlated,141,joint-long-schema,0.9954054389668446,0.953,0.9053784860557769,0.9963333333333333,1,0
mixed-correlated,142,field-average,0.9942268165880789,0.9463333333333334,0.8986615678776291,0.9943333333333333,1,1
mixed-correlated,142,whole-call,0.9942268165880789,0.9463333333333334,0.8986615678776291,0.9943333333333333,0,0
mixed-correlated,142,joint-long-schema,0.9942268165880789,0.9463333333333334,0.8986615678776291,0.9943333333333333,0,0
mixed-correlated,143,field-average,0.9941458383887406,0.949,0.9066037735849056,0.9948333333333333,1,1
mixed-correlated,143,whole-call,0.9941458383887406,0.949,0.9066037735849056,0.9948333333333333,0,0
mixed-correlated,143,joint-long-schema,0.9941458383887406,0.949,0.9066037735849056,0.9948333333333333,0,0
mixed-correlated,144,field-average,0.9956389954224917,0.9583333333333334,0.9250972762645915,0.9961666666666666,1,0
mixed-correlated,144,whole-call,0.9956389954224917,0.9583333333333334,0.9250972762645915,0.9961666666666666,1,0
mixed-correlated,144,joint-long-schema,0.9956389954224917,0.9583333333333334,0.9250972762645915,0.9961666666666666,1,0
mixed-correlated,145,field-average,0.9949652361543995,0.95,0.9181561618062088,0.9951666666666666,1,0
mixed-correlated,145,whole-call,0.9949652361543995,0.95,0.9181561618062088,0.9951666666666666,1,0
mixed-correlated,145,joint-long-schema,0.9949652361543995,0.95,0.9181561618062088,0.9951666666666666,1,0
mixed-correlated,146,field-average,0.9932258460029426,0.9486666666666667,0.9055712936732767,0.995,1,1
mixed-correlated,146,whole-call,0.9932258460029426,0.9486666666666667,0.9055712936732767,0.995,0,0
mixed-correlated,146,joint-long-schema,0.9932258460029426,0.9486666666666667,0.9055712936732767,0.995,0,0
mixed-correlated,147,field-average,0.9946821441594749,0.9493333333333334,0.8997161778618732,0.9955,1,1
mixed-correlated,147,whole-call,0.9946821441594749,0.9493333333333334,0.8997161778618732,0.9955,0,0
mixed-correlated,147,joint-long-schema,0.9946821441594749,0.9493333333333334,0.8997161778618732,0.9955,0,0
mixed-correlated,148,field-average,0.9945187662578967,0.9553333333333334,0.9188118811881189,0.9951666666666666,1,0
mixed-correlated,148,whole-call,0.9945187662578967,0.9553333333333334,0.9188118811881189,0.9951666666666666,1,0
mixed-correlated,148,joint-long-schema,0.9945187662578967,0.9553333333333334,0.9188118811881189,0.9951666666666666,1,0
mixed-correlated,149,field-average,0.9949742583966659,0.9533333333333334,0.9092664092664092,0.9946666666666667,1,0
mixed-correlated,149,whole-call,0.9949742583966659,0.9533333333333334,0.9092664092664092,0.9946666666666667,1,0
mixed-correlated,149,joint-long-schema,0.9949742583966659,0.9533333333333334,0.9092664092664092,0.9946666666666667,1,0
mixed-correlated,150,field-average,0.9943007721534501,0.9506666666666667,0.908820614469772,0.9946666666666667,1,0
mixed-correlated,150,whole-call,0.9943007721534501,0.9506666666666667,0.908820614469772,0.9946666666666667,1,0
mixed-correlated,150,joint-long-schema,0.9943007721534501,0.9506666666666667,0.908820614469772,0.9946666666666667,1,0
mixed-correlated,151,field-average,0.9944539772030886,0.9486666666666667,0.911504424778761,0.996,1,1
mixed-correlated,151,whole-call,0.9944539772030886,0.9486666666666667,0.911504424778761,0.996,0,0
mixed-correlated,151,joint-long-schema,0.9944539772030886,0.9486666666666667,0.911504424778761,0.996,0,0
mixed-correlated,152,field-average,0.9940026388389109,0.94,0.889196675900277,0.9935,1,1
mixed-correlated,152,whole-call,0.9940026388389109,0.94,0.889196675900277,0.9935,0,0
mixed-correlated,152,joint-long-schema,0.9940026388389109,0.94,0.889196675900277,0.9935,0,0
mixed-correlated,153,field-average,0.9952629661119884,0.9543333333333334,0.9173871277617676,0.9963333333333333,1,0
mixed-correlated,153,whole-call,0.9952629661119884,0.9543333333333334,0.9173871277617676,0.9963333333333333,1,0
mixed-correlated,153,joint-long-schema,0.9952629661119884,0.9543333333333334,0.9173871277617676,0.9963333333333333,1,0
mixed-correlated,154,field-average,0.9952374984333876,0.954,0.9095378564405113,0.9946666666666667,1,0
mixed-correlated,154,whole-call,0.9952374984333876,0.954,0.9095378564405113,0.9946666666666667,1,0
mixed-correlated,154,joint-long-schema,0.9952374984333876,0.954,0.9095378564405113,0.9946666666666667,1,0
mixed-correlated,155,field-average,0.9934869135206851,0.9446666666666667,0.8991596638655462,0.9948333333333333,1,1
mixed-correlated,155,whole-call,0.9934869135206851,0.9446666666666667,0.8991596638655462,0.9948333333333333,0,0
mixed-correlated,155,joint-long-schema,0.9934869135206851,0.9446666666666667,0.8991596638655462,0.9948333333333333,0,0
mixed-correlated,156,field-average,0.9942640956797657,0.9426666666666667,0.8904244817374136,0.9943333333333333,1,1
mixed-correlated,156,whole-call,0.9942640956797657,0.9426666666666667,0.8904244817374136,0.9943333333333333,0,0
mixed-correlated,156,joint-long-schema,0.9942640956797657,0.9426666666666667,0.8904244817374136,0.9943333333333333,0,0
mixed-correlated,157,field-average,0.9947847180109157,0.9506666666666667,0.8990476190476191,0.9946666666666667,1,0
mixed-correlated,157,whole-call,0.9947847180109157,0.9506666666666667,0.8990476190476191,0.9946666666666667,1,0
mixed-correlated,157,joint-long-schema,0.9947847180109157,0.9506666666666667,0.8990476190476191,0.9946666666666667,0,0
mixed-correlated,158,field-average,0.9943450161570967,0.9506666666666667,0.904055390702275,0.9938333333333333,1,0
mixed-correlated,158,whole-call,0.9943450161570967,0.9506666666666667,0.904055390702275,0.9938333333333333,1,0
mixed-correlated,158,joint-long-schema,0.9943450161570967,0.9506666666666667,0.904055390702275,0.9938333333333333,1,0
mixed-correlated,159,field-average,0.9953061468548194,0.9523333333333334,0.902738432483475,0.9958333333333333,1,0
mixed-correlated,159,whole-call,0.9953061468548194,0.9523333333333334,0.902738432483475,0.9958333333333333,1,0
mixed-correlated,159,joint-long-schema,0.9953061468548194,0.9523333333333334,0.902738432483475,0.9958333333333333,1,0
mixed-correlated,160,field-average,0.9948857931726908,0.9546666666666667,0.9174950298210736,0.9946666666666667,1,0
mixed-correlated,160,whole-call,0.9948857931726908,0.9546666666666667,0.9174950298210736,0.9946666666666667,1,0
mixed-correlated,160,joint-long-schema,0.9948857931726908,0.9546666666666667,0.9174950298210736,0.9946666666666667,1,0
mixed-correlated,161,field-average,0.9944497779911197,0.9446666666666667,0.9049429657794676,0.9953333333333333,1,1
mixed-correlated,161,whole-call,0.9944497779911197,0.9446666666666667,0.9049429657794676,0.9953333333333333,0,0
mixed-correlated,161,joint-long-schema,0.9944497779911197,0.9446666666666667,0.9049429657794676,0.9953333333333333,0,0
mixed-correlated,162,field-average,0.9942094355723515,0.9463333333333334,0.9004739336492891,0.994,1,1
mixed-correlated,162,whole-call,0.9942094355723515,0.9463333333333334,0.9004739336492891,0.994,0,0
mixed-correlated,162,joint-long-schema,0.9942094355723515,0.9463333333333334,0.9004739336492891,0.994,0,0
mixed-correlated,163,field-average,0.9947897843633298,0.945,0.8899253731343284,0.9941666666666666,1,1
mixed-correlated,163,whole-call,0.9947897843633298,0.945,0.8899253731343284,0.9941666666666666,0,0
mixed-correlated,163,joint-long-schema,0.9947897843633298,0.945,0.8899253731343284,0.9941666666666666,0,0
mixed-correlated,164,field-average,0.9940314200890649,0.9463333333333334,0.901980198019802,0.9945,1,1
mixed-correlated,164,whole-call,0.9940314200890649,0.9463333333333334,0.901980198019802,0.9945,0,0
mixed-correlated,164,joint-long-schema,0.9940314200890649,0.9463333333333334,0.901980198019802,0.9945,0,0
mixed-correlated,165,field-average,0.9943905397210431,0.954,0.9120458891013384,0.9935,1,0
mixed-correlated,165,whole-call,0.9943905397210431,0.954,0.9120458891013384,0.9935,1,0
mixed-correlated,165,joint-long-schema,0.9943905397210431,0.954,0.9120458891013384,0.9935,1,0
mixed-correlated,166,field-average,0.9948028673835125,0.9536666666666667,0.907981220657277,0.9953333333333333,1,0
mixed-correlated,166,whole-call,0.9948028673835125,0.9536666666666667,0.907981220657277,0.9953333333333333,1,0
mixed-correlated,166,joint-long-schema,0.9948028673835125,0.9536666666666667,0.907981220657277,0.9953333333333333,1,0
mixed-correlated,167,field-average,0.9956551214100826,0.9603333333333334,0.9170779861796644,0.9955,1,0
mixed-correlated,167,whole-call,0.9956551214100826,0.9603333333333334,0.9170779861796644,0.9955,1,0
mixed-correlated,167,joint-long-schema,0.9956551214100826,0.9603333333333334,0.9170779861796644,0.9955,1,0
mixed-correlated,168,field-average,0.994866966346738,0.9516666666666667,0.912630579297246,0.9948333333333333,1,0
mixed-correlated,168,whole-call,0.994866966346738,0.9516666666666667,0.912630579297246,0.9948333333333333,1,0
mixed-correlated,168,joint-long-schema,0.994866966346738,0.9516666666666667,0.912630579297246,0.9948333333333333,1,0
mixed-correlated,169,field-average,0.9936395126612518,0.9456666666666667,0.9026465028355387,0.9933333333333333,1,1
mixed-correlated,169,whole-call,0.9936395126612518,0.9456666666666667,0.9026465028355387,0.9933333333333333,0,0
mixed-correlated,169,joint-long-schema,0.9936395126612518,0.9456666666666667,0.9026465028355387,0.9933333333333333,0,0
mixed-correlated,170,field-average,0.9938476100331283,0.9453333333333334,0.9064171122994652,0.993,1,1
mixed-correlated,170,whole-call,0.9938476100331283,0.9453333333333334,0.9064171122994652,0.993,0,0
mixed-correlated,170,joint-long-schema,0.9938476100331283,0.9453333333333334,0.9064171122994652,0.993,0,0
mixed-correlated,171,field-average,0.9929311969839774,0.939,0.897737556561086,0.9943333333333333,1,1
mixed-correlated,171,whole-call,0.9929311969839774,0.939,0.897737556561086,0.9943333333333333,0,0
mixed-correlated,171,joint-long-schema,0.9929311969839774,0.939,0.897737556561086,0.9943333333333333,0,0
mixed-correlated,172,field-average,0.9938318970605595,0.9453333333333334,0.9014869888475836,0.9935,1,1
mixed-correlated,172,whole-call,0.9938318970605595,0.9453333333333334,0.9014869888475836,0.9935,0,0
mixed-correlated,172,joint-long-schema,0.9938318970605595,0.9453333333333334,0.9014869888475836,0.9935,0,0
mixed-correlated,173,field-average,0.9937906920665541,0.949,0.9036827195467422,0.9958333333333333,1,1
mixed-correlated,173,whole-call,0.9937906920665541,0.949,0.9036827195467422,0.9958333333333333,0,0
mixed-correlated,173,joint-long-schema,0.9937906920665541,0.949,0.9036827195467422,0.9958333333333333,0,0
mixed-correlated,174,field-average,0.9939729397293973,0.9506666666666667,0.9198813056379822,0.9935,1,0
mixed-correlated,174,whole-call,0.9939729397293973,0.9506666666666667,0.9198813056379822,0.9935,1,0
mixed-correlated,174,joint-long-schema,0.9939729397293973,0.9506666666666667,0.9198813056379822,0.9935,1,0
mixed-correlated,175,field-average,0.9942300647209672,0.949,0.9125840537944284,0.9946666666666667,1,1
mixed-correlated,175,whole-call,0.9942300647209672,0.949,0.9125840537944284,0.9946666666666667,0,0
mixed-correlated,175,joint-long-schema,0.9942300647209672,0.949,0.9125840537944284,0.9946666666666667,0,0
mixed-correlated,176,field-average,0.9950477326968974,0.9506666666666667,0.9062784349408554,0.995,1,0
mixed-correlated,176,whole-call,0.9950477326968974,0.9506666666666667,0.9062784349408554,0.995,1,0
mixed-correlated,176,joint-long-schema,0.9950477326968974,0.9506666666666667,0.9062784349408554,0.995,1,0
mixed-correlated,177,field-average,0.9945796193688268,0.949,0.9009433962264151,0.9946666666666667,1,1
mixed-correlated,177,whole-call,0.9945796193688268,0.949,0.9009433962264151,0.9946666666666667,0,0
mixed-correlated,177,joint-long-schema,0.9945796193688268,0.949,0.9009433962264151,0.9946666666666667,0,0
mixed-correlated,178,field-average,0.994823019503973,0.9486666666666667,0.9230769230769231,0.9936666666666667,1,1
mixed-correlated,178,whole-call,0.994823019503973,0.9486666666666667,0.9230769230769231,0.9936666666666667,0,0
mixed-correlated,178,joint-long-schema,0.994823019503973,0.9486666666666667,0.9230769230769231,0.9936666666666667,0,0
mixed-correlated,179,field-average,0.9946691848422079,0.953,0.9065510597302505,0.9933333333333333,1,0
mixed-correlated,179,whole-call,0.9946691848422079,0.953,0.9065510597302505,0.9933333333333333,1,0
mixed-correlated,179,joint-long-schema,0.9946691848422079,0.953,0.9065510597302505,0.9933333333333333,1,0
mixed-correlated,180,field-average,0.9943440268135025,0.946,0.9006381039197813,0.9945,1,1
mixed-correlated,180,whole-call,0.9943440268135025,0.946,0.9006381039197813,0.9945,0,0
mixed-correlated,180,joint-long-schema,0.9943440268135025,0.946,0.9006381039197813,0.9945,0,0
mixed-correlated,181,field-average,0.9951433025542631,0.9593333333333334,0.9416826003824091,0.9928333333333333,1,0
mixed-correlated,181,whole-call,0.9951433025542631,0.9593333333333334,0.9416826003824091,0.9928333333333333,1,0
mixed-correlated,181,joint-long-schema,0.9951433025542631,0.9593333333333334,0.9416826003824091,0.9928333333333333,1,0
mixed-correlated,182,field-average,0.9944874851013111,0.947,0.9005681818181818,0.9951666666666666,1,1
mixed-correlated,182,whole-call,0.9944874851013111,0.947,0.9005681818181818,0.9951666666666666,0,0
mixed-correlated,182,joint-long-schema,0.9944874851013111,0.947,0.9005681818181818,0.9951666666666666,0,0
mixed-correlated,183,field-average,0.9949727437916415,0.956,0.9254302103250478,0.9938333333333333,1,0
mixed-correlated,183,whole-call,0.9949727437916415,0.956,0.9254302103250478,0.9938333333333333,1,0
mixed-correlated,183,joint-long-schema,0.9949727437916415,0.956,0.9254302103250478,0.9938333333333333,1,0
mixed-correlated,184,field-average,0.9951565736566346,0.9526666666666667,0.9148325358851674,0.9951666666666666,1,0
mixed-correlated,184,whole-call,0.9951565736566346,0.9526666666666667,0.9148325358851674,0.9951666666666666,1,0
mixed-correlated,184,joint-long-schema,0.9951565736566346,0.9526666666666667,0.9148325358851674,0.9951666666666666,1,0
mixed-correlated,185,field-average,0.994808209137552,0.9513333333333334,0.9138576779026217,0.9948333333333333,1,0
mixed-correlated,185,whole-call,0.994808209137552,0.9513333333333334,0.9138576779026217,0.9948333333333333,1,0
mixed-correlated,185,joint-long-schema,0.994808209137552,0.9513333333333334,0.9138576779026217,0.9948333333333333,1,0
mixed-correlated,186,field-average,0.9952970591737111,0.954,0.9105461393596986,0.9958333333333333,1,0
mixed-correlated,186,whole-call,0.9952970591737111,0.954,0.9105461393596986,0.9958333333333333,1,0
mixed-correlated,186,joint-long-schema,0.9952970591737111,0.954,0.9105461393596986,0.9958333333333333,1,0
mixed-correlated,187,field-average,0.9940602064933449,0.9496666666666667,0.9006882989183874,0.9953333333333333,1,1
mixed-correlated,187,whole-call,0.9940602064933449,0.9496666666666667,0.9006882989183874,0.9953333333333333,0,0
mixed-correlated,187,joint-long-schema,0.9940602064933449,0.9496666666666667,0.9006882989183874,0.9953333333333333,0,0
mixed-correlated,188,field-average,0.99451122286275,0.944,0.8955938697318008,0.9951666666666666,1,1
mixed-correlated,188,whole-call,0.99451122286275,0.944,0.8955938697318008,0.9951666666666666,0,0
mixed-correlated,188,joint-long-schema,0.99451122286275,0.944,0.8955938697318008,0.9951666666666666,0,0
mixed-correlated,189,field-average,0.9943581654938122,0.9486666666666667,0.9100378787878788,0.9943333333333333,1,1
mixed-correlated,189,whole-call,0.9943581654938122,0.9486666666666667,0.9100378787878788,0.9943333333333333,0,0
mixed-correlated,189,joint-long-schema,0.9943581654938122,0.9486666666666667,0.9100378787878788,0.9943333333333333,0,0
mixed-correlated,190,field-average,0.9942434210526315,0.9486666666666667,0.9047619047619048,0.9943333333333333,1,1
mixed-correlated,190,whole-call,0.9942434210526315,0.9486666666666667,0.9047619047619048,0.9943333333333333,0,0
mixed-correlated,190,joint-long-schema,0.9942434210526315,0.9486666666666667,0.9047619047619048,0.9943333333333333,0,0
mixed-correlated,191,field-average,0.9945606694560669,0.9506666666666667,0.9115710253998118,0.9973333333333333,1,0
mixed-correlated,191,whole-call,0.9945606694560669,0.9506666666666667,0.9115710253998118,0.9973333333333333,1,0
mixed-correlated,191,joint-long-schema,0.9945606694560669,0.9506666666666667,0.9115710253998118,0.9973333333333333,1,0
mixed-correlated,192,field-average,0.9940620455647116,0.949,0.9013035381750466,0.9963333333333333,1,1
mixed-correlated,192,whole-call,0.9940620455647116,0.949,0.9013035381750466,0.9963333333333333,0,0
mixed-correlated,192,joint-long-schema,0.9940620455647116,0.949,0.9013035381750466,0.9963333333333333,0,0
mixed-correlated,193,field-average,0.9938679812432367,0.9483333333333334,0.9021237303785781,0.996,1,1
mixed-correlated,193,whole-call,0.9938679812432367,0.9483333333333334,0.9021237303785781,0.996,0,0
mixed-correlated,193,joint-long-schema,0.9938679812432367,0.9483333333333334,0.9021237303785781,0.996,0,0
mixed-correlated,194,field-average,0.9942542352801801,0.9493333333333334,0.9034038638454461,0.9956666666666667,1,1
mixed-correlated,194,whole-call,0.9942542352801801,0.9493333333333334,0.9034038638454461,0.9956666666666667,0,0
mixed-correlated,194,joint-long-schema,0.9942542352801801,0.9493333333333334,0.9034038638454461,0.9956666666666667,0,0
mixed-correlated,195,field-average,0.9939794945159752,0.945,0.8982584784601283,0.9958333333333333,1,1
mixed-correlated,195,whole-call,0.9939794945159752,0.945,0.8982584784601283,0.9958333333333333,0,0
mixed-correlated,195,joint-long-schema,0.9939794945159752,0.945,0.8982584784601283,0.9958333333333333,0,0
mixed-correlated,196,field-average,0.994073985394469,0.9463333333333334,0.9050751879699248,0.994,1,1
mixed-correlated,196,whole-call,0.994073985394469,0.9463333333333334,0.9050751879699248,0.994,0,0
mixed-correlated,196,joint-long-schema,0.994073985394469,0.9463333333333334,0.9050751879699248,0.994,0,0
mixed-correlated,197,field-average,0.993842965130456,0.9483333333333334,0.9125,0.9935,1,1
mixed-correlated,197,whole-call,0.993842965130456,0.9483333333333334,0.9125,0.9935,0,0
mixed-correlated,197,joint-long-schema,0.993842965130456,0.9483333333333334,0.9125,0.9935,0,0
mixed-correlated,198,field-average,0.9944870565675935,0.9446666666666667,0.891588785046729,0.9933333333333333,1,1
mixed-correlated,198,whole-call,0.9944870565675935,0.9446666666666667,0.891588785046729,0.9933333333333333,0,0
mixed-correlated,198,joint-long-schema,0.9944870565675935,0.9446666666666667,0.891588785046729,0.9933333333333333,0,0
mixed-correlated,199,field-average,0.9942137914578859,0.953,0.9169000933706816,0.9931666666666666,1,0
mixed-correlated,199,whole-call,0.9942137914578859,0.953,0.9169000933706816,0.9931666666666666,1,0
mixed-correlated,199,joint-long-schema,0.9942137914578859,0.953,0.9169000933706816,0.9931666666666666,1,0
mixed-correlated,200,field-average,0.9931566686080373,0.9403333333333334,0.8915555555555555,0.9933333333333333,1,1
mixed-correlated,200,whole-call,0.9931566686080373,0.9403333333333334,0.8915555555555555,0.9933333333333333,0,0
mixed-correlated,200,joint-long-schema,0.9931566686080373,0.9403333333333334,0.8915555555555555,0.9933333333333333,0,0
mixed-correlated,201,field-average,0.9949215423914366,0.9496666666666667,0.9037383177570093,0.9945,1,1
mixed-correlated,201,whole-call,0.9949215423914366,0.9496666666666667,0.9037383177570093,0.9945,0,0
mixed-correlated,201,joint-long-schema,0.9949215423914366,0.9496666666666667,0.9037383177570093,0.9945,0,0
mixed-correlated,202,field-average,0.9940645773979108,0.945,0.896421845574388,0.9933333333333333,1,1
mixed-correlated,202,whole-call,0.9940645773979108,0.945,0.896421845574388,0.9933333333333333,0,0
mixed-correlated,202,joint-long-schema,0.9940645773979108,0.945,0.896421845574388,0.9933333333333333,0,0
mixed-correlated,203,field-average,0.9943923569902682,0.946,0.8988970588235294,0.9948333333333333,1,1
mixed-correlated,203,whole-call,0.9943923569902682,0.946,0.8988970588235294,0.9948333333333333,0,0
mixed-correlated,203,joint-long-schema,0.9943923569902682,0.946,0.8988970588235294,0.9948333333333333,0,0
mixed-correlated,204,field-average,0.9932465026531597,0.9456666666666667,0.9004830917874396,0.993,1,1
mixed-correlated,204,whole-call,0.9932465026531597,0.9456666666666667,0.9004830917874396,0.993,0,0
mixed-correlated,204,joint-long-schema,0.9932465026531597,0.9456666666666667,0.9004830917874396,0.993,0,0
mixed-correlated,205,field-average,0.9944431237370736,0.948,0.9056776556776557,0.9951666666666666,1,1
mixed-correlated,205,whole-call,0.9944431237370736,0.948,0.9056776556776557,0.9951666666666666,0,0
mixed-correlated,205,joint-long-schema,0.9944431237370736,0.948,0.9056776556776557,0.9951666666666666,0,0
mixed-correlated,206,field-average,0.9946789212722216,0.9496666666666667,0.914018691588785,0.9928333333333333,1,1
mixed-correlated,206,whole-call,0.9946789212722216,0.9496666666666667,0.914018691588785,0.9928333333333333,0,0
mixed-correlated,206,joint-long-schema,0.9946789212722216,0.9496666666666667,0.914018691588785,0.9928333333333333,0,0
mixed-correlated,207,field-average,0.9936417585079327,0.9426666666666667,0.8930581613508443,0.992,1,1
mixed-correlated,207,whole-call,0.9936417585079327,0.9426666666666667,0.8930581613508443,0.992,0,0
mixed-correlated,207,joint-long-schema,0.9936417585079327,0.9426666666666667,0.8930581613508443,0.992,0,0
mixed-correlated,208,field-average,0.9944900208154769,0.949,0.9112825458052073,0.9946666666666667,1,1
mixed-correlated,208,whole-call,0.9944900208154769,0.949,0.9112825458052073,0.9946666666666667,0,0
mixed-correlated,208,joint-long-schema,0.9944900208154769,0.949,0.9112825458052073,0.9946666666666667,0,0
mixed-correlated,209,field-average,0.9943441636582431,0.949,0.9155722326454033,0.994,1,1
mixed-correlated,209,whole-call,0.9943441636582431,0.949,0.9155722326454033,0.994,0,0
mixed-correlated,209,joint-long-schema,0.9943441636582431,0.949,0.9155722326454033,0.994,0,0
mixed-correlated,210,field-average,0.9939642684693385,0.945,0.9,0.9955,1,1
mixed-correlated,210,whole-call,0.9939642684693385,0.945,0.9,0.9955,0,0
mixed-correlated,210,joint-long-schema,0.9939642684693385,0.945,0.9,0.9955,0,0
mixed-correlated,211,field-average,0.9943175020935519,0.9473333333333334,0.9124643196955281,0.9943333333333333,1,1
mixed-correlated,211,whole-call,0.9943175020935519,0.9473333333333334,0.9124643196955281,0.9943333333333333,0,0
mixed-correlated,211,joint-long-schema,0.9943175020935519,0.9473333333333334,0.9124643196955281,0.9943333333333333,0,0
mixed-correlated,212,field-average,0.9944943405511811,0.9516666666666667,0.9111111111111111,0.9935,1,0
mixed-correlated,212,whole-call,0.9944943405511811,0.9516666666666667,0.9111111111111111,0.9935,1,0
mixed-correlated,212,joint-long-schema,0.9944943405511811,0.9516666666666667,0.9111111111111111,0.9935,1,0
mixed-correlated,213,field-average,0.9942389326864767,0.9503333333333334,0.9155470249520153,0.9943333333333333,1,0
mixed-correlated,213,whole-call,0.9942389326864767,0.9503333333333334,0.9155470249520153,0.9943333333333333,1,0
mixed-correlated,213,joint-long-schema,0.9942389326864767,0.9503333333333334,0.9155470249520153,0.9943333333333333,1,0
mixed-correlated,214,field-average,0.9946456503429191,0.953,0.9211775878442545,0.9931666666666666,1,0
mixed-correlated,214,whole-call,0.9946456503429191,0.953,0.9211775878442545,0.9931666666666666,1,0
mixed-correlated,214,joint-long-schema,0.9946456503429191,0.953,0.9211775878442545,0.9931666666666666,1,0
mixed-correlated,215,field-average,0.9940387941685199,0.9423333333333334,0.894184938036225,0.9943333333333333,1,1
mixed-correlated,215,whole-call,0.9940387941685199,0.9423333333333334,0.894184938036225,0.9943333333333333,0,0
mixed-correlated,215,joint-long-schema,0.9940387941685199,0.9423333333333334,0.894184938036225,0.9943333333333333,0,0
mixed-correlated,216,field-average,0.9939577965893756,0.9496666666666667,0.9021113243761996,0.9943333333333333,1,1
mixed-correlated,216,whole-call,0.9939577965893756,0.9496666666666667,0.9021113243761996,0.9943333333333333,0,0
mixed-correlated,216,joint-long-schema,0.9939577965893756,0.9496666666666667,0.9021113243761996,0.9943333333333333,0,0
mixed-correlated,217,field-average,0.994878840869348,0.9553333333333334,0.9183467741935484,0.994,1,0
mixed-correlated,217,whole-call,0.994878840869348,0.9553333333333334,0.9183467741935484,0.994,1,0
mixed-correlated,217,joint-long-schema,0.994878840869348,0.9553333333333334,0.9183467741935484,0.994,1,0
mixed-correlated,218,field-average,0.995368677635588,0.9556666666666667,0.9216981132075471,0.9948333333333333,1,0
mixed-correlated,218,whole-call,0.995368677635588,0.9556666666666667,0.9216981132075471,0.9948333333333333,1,0
mixed-correlated,218,joint-long-schema,0.995368677635588,0.9556666666666667,0.9216981132075471,0.9948333333333333,1,0
mixed-correlated,219,field-average,0.9949048496009822,0.948,0.9031945788964182,0.9945,1,1
mixed-correlated,219,whole-call,0.9949048496009822,0.948,0.9031945788964182,0.9945,0,0
mixed-correlated,219,joint-long-schema,0.9949048496009822,0.948,0.9031945788964182,0.9945,0,0
mixed-correlated,220,field-average,0.9944209891435465,0.9503333333333334,0.9065776930409915,0.9948333333333333,1,0
mixed-correlated,220,whole-call,0.9944209891435465,0.9503333333333334,0.9065776930409915,0.9948333333333333,1,0
mixed-correlated,220,joint-long-schema,0.9944209891435465,0.9503333333333334,0.9065776930409915,0.9948333333333333,1,0
mixed-correlated,221,field-average,0.994810633648944,0.9493333333333334,0.9074975657254138,0.9938333333333333,1,1
mixed-correlated,221,whole-call,0.994810633648944,0.9493333333333334,0.9074975657254138,0.9938333333333333,0,0
mixed-correlated,221,joint-long-schema,0.994810633648944,0.9493333333333334,0.9074975657254138,0.9938333333333333,0,0
mixed-correlated,222,field-average,0.9942466085271318,0.9466666666666667,0.9082125603864735,0.9943333333333333,1,1
mixed-correlated,222,whole-call,0.9942466085271318,0.9466666666666667,0.9082125603864735,0.9943333333333333,0,0
mixed-correlated,222,joint-long-schema,0.9942466085271318,0.9466666666666667,0.9082125603864735,0.9943333333333333,0,0
mixed-correlated,223,field-average,0.9950661853188929,0.959,0.9159741458910434,0.9963333333333333,1,0
mixed-correlated,223,whole-call,0.9950661853188929,0.959,0.9159741458910434,0.9963333333333333,1,0
mixed-correlated,223,joint-long-schema,0.9950661853188929,0.959,0.9159741458910434,0.9963333333333333,1,0
mixed-correlated,224,field-average,0.9938699360341151,0.946,0.9022140221402214,0.9946666666666667,1,1
mixed-correlated,224,whole-call,0.9938699360341151,0.946,0.9022140221402214,0.9946666666666667,0,0
mixed-correlated,224,joint-long-schema,0.9938699360341151,0.946,0.9022140221402214,0.9946666666666667,0,0
mixed-correlated,225,field-average,0.9949195596951735,0.95,0.9077946768060836,0.9946666666666667,1,0
mixed-correlated,225,whole-call,0.9949195596951735,0.95,0.9077946768060836,0.9946666666666667,1,0
mixed-correlated,225,joint-long-schema,0.9949195596951735,0.95,0.9077946768060836,0.9946666666666667,1,0
mixed-correlated,226,field-average,0.9933730544747081,0.9463333333333334,0.8973384030418251,0.9938333333333333,1,1
mixed-correlated,226,whole-call,0.9933730544747081,0.9463333333333334,0.8973384030418251,0.9938333333333333,0,0
mixed-correlated,226,joint-long-schema,0.9933730544747081,0.9463333333333334,0.8973384030418251,0.9938333333333333,0,0
mixed-correlated,227,field-average,0.9942610745750093,0.945,0.9032901296111665,0.9945,1,1
mixed-correlated,227,whole-call,0.9942610745750093,0.945,0.9032901296111665,0.9945,0,0
mixed-correlated,227,joint-long-schema,0.9942610745750093,0.945,0.9032901296111665,0.9945,0,0
mixed-correlated,228,field-average,0.9938362016355425,0.9446666666666667,0.8988439306358381,0.9928333333333333,1,1
mixed-correlated,228,whole-call,0.9938362016355425,0.9446666666666667,0.8988439306358381,0.9928333333333333,0,0
mixed-correlated,228,joint-long-schema,0.9938362016355425,0.9446666666666667,0.8988439306358381,0.9928333333333333,0,0
mixed-correlated,229,field-average,0.99493408203125,0.955,0.9175769612711023,0.9945,1,0
mixed-correlated,229,whole-call,0.99493408203125,0.955,0.9175769612711023,0.9945,1,0
mixed-correlated,229,joint-long-schema,0.99493408203125,0.955,0.9175769612711023,0.9945,1,0
mixed-correlated,230,field-average,0.9938532110091743,0.946,0.9052319842053307,0.9935,1,1
mixed-correlated,230,whole-call,0.9938532110091743,0.946,0.9052319842053307,0.9935,0,0
mixed-correlated,230,joint-long-schema,0.9938532110091743,0.946,0.9052319842053307,0.9935,0,0
mixed-correlated,231,field-average,0.9948347107438017,0.9483333333333334,0.9101123595505618,0.9953333333333333,1,1
mixed-correlated,231,whole-call,0.9948347107438017,0.9483333333333334,0.9101123595505618,0.9953333333333333,0,0
mixed-correlated,231,joint-long-schema,0.9948347107438017,0.9483333333333334,0.9101123595505618,0.9953333333333333,0,0
mixed-correlated,232,field-average,0.9946541631824155,0.9493333333333334,0.9059590316573557,0.9935,1,1
mixed-correlated,232,whole-call,0.9946541631824155,0.9493333333333334,0.9059590316573557,0.9935,0,0
mixed-correlated,232,joint-long-schema,0.9946541631824155,0.9493333333333334,0.9059590316573557,0.9935,0,0
mixed-correlated,233,field-average,0.9952024958794443,0.954,0.9199632014719411,0.9958333333333333,1,0
mixed-correlated,233,whole-call,0.9952024958794443,0.954,0.9199632014719411,0.9958333333333333,1,0
mixed-correlated,233,joint-long-schema,0.9952024958794443,0.954,0.9199632014719411,0.9958333333333333,1,0
mixed-correlated,234,field-average,0.9947582634435126,0.9506666666666667,0.9073891625615763,0.9951666666666666,1,0
mixed-correlated,234,whole-call,0.9947582634435126,0.9506666666666667,0.9073891625615763,0.9951666666666666,1,0
mixed-correlated,234,joint-long-schema,0.9947582634435126,0.9506666666666667,0.9073891625615763,0.9951666666666666,1,0
mixed-correlated,235,field-average,0.9942066105622637,0.9486666666666667,0.9055712936732767,0.9946666666666667,1,1
mixed-correlated,235,whole-call,0.9942066105622637,0.9486666666666667,0.9055712936732767,0.9946666666666667,0,0
mixed-correlated,235,joint-long-schema,0.9942066105622637,0.9486666666666667,0.9055712936732767,0.9946666666666667,0,0
mixed-correlated,236,field-average,0.9939690350456073,0.9443333333333334,0.9035004730368968,0.9936666666666667,1,1
mixed-correlated,236,whole-call,0.9939690350456073,0.9443333333333334,0.9035004730368968,0.9936666666666667,0,0
mixed-correlated,236,joint-long-schema,0.9939690350456073,0.9443333333333334,0.9035004730368968,0.9936666666666667,0,0
mixed-correlated,237,field-average,0.9946502812423575,0.9503333333333334,0.9116504854368932,0.9946666666666667,1,0
mixed-correlated,237,whole-call,0.9946502812423575,0.9503333333333334,0.9116504854368932,0.9946666666666667,1,0
mixed-correlated,237,joint-long-schema,0.9946502812423575,0.9503333333333334,0.9116504854368932,0.9946666666666667,1,0
mixed-correlated,238,field-average,0.9944921922285438,0.95,0.9151398264223722,0.9948333333333333,1,0
mixed-correlated,238,whole-call,0.9944921922285438,0.95,0.9151398264223722,0.9948333333333333,1,0
mixed-correlated,238,joint-long-schema,0.9944921922285438,0.95,0.9151398264223722,0.9948333333333333,1,0
mixed-correlated,239,field-average,0.996202841744243,0.9613333333333334,0.9325095057034221,0.995,1,0
mixed-correlated,239,whole-call,0.996202841744243,0.9613333333333334,0.9325095057034221,0.995,1,0
mixed-correlated,239,joint-long-schema,0.996202841744243,0.9613333333333334,0.9325095057034221,0.995,1,0
mixed-correlated,240,field-average,0.9960390006093846,0.9613333333333334,0.9259962049335864,0.997,1,0
mixed-correlated,240,whole-call,0.9960390006093846,0.9613333333333334,0.9259962049335864,0.997,1,0
mixed-correlated,240,joint-long-schema,0.9960390006093846,0.9613333333333334,0.9259962049335864,0.997,1,0
mixed-correlated,241,field-average,0.9938901411792621,0.9493333333333334,0.9097674418604651,0.9948333333333333,1,1
mixed-correlated,241,whole-call,0.9938901411792621,0.9493333333333334,0.9097674418604651,0.9948333333333333,0,0
mixed-correlated,241,joint-long-schema,0.9938901411792621,0.9493333333333334,0.9097674418604651,0.9948333333333333,0,0
mixed-correlated,242,field-average,0.9958563535911602,0.9566666666666667,0.9201183431952663,0.9966666666666667,1,0
mixed-correlated,242,whole-call,0.9958563535911602,0.9566666666666667,0.9201183431952663,0.9966666666666667,1,0
mixed-correlated,242,joint-long-schema,0.9958563535911602,0.9566666666666667,0.9201183431952663,0.9966666666666667,1,0
mixed-correlated,243,field-average,0.9948416069911397,0.95,0.9117929050814957,0.9938333333333333,1,0
mixed-correlated,243,whole-call,0.9948416069911397,0.95,0.9117929050814957,0.9938333333333333,1,0
mixed-correlated,243,joint-long-schema,0.9948416069911397,0.95,0.9117929050814957,0.9938333333333333,1,0
mixed-correlated,244,field-average,0.9943809874723655,0.9496666666666667,0.9104330708661418,0.9941666666666666,1,1
mixed-correlated,244,whole-call,0.9943809874723655,0.9496666666666667,0.9104330708661418,0.9941666666666666,0,0
mixed-correlated,244,joint-long-schema,0.9943809874723655,0.9496666666666667,0.9104330708661418,0.9941666666666666,0,0
mixed-correlated,245,field-average,0.99625,0.9613333333333334,0.9341085271317829,0.9965,1,0
mixed-correlated,245,whole-call,0.99625,0.9613333333333334,0.9341085271317829,0.9965,1,0
mixed-correlated,245,joint-long-schema,0.99625,0.9613333333333334,0.9341085271317829,0.9965,1,0
mixed-correlated,246,field-average,0.9952010691289029,0.9583333333333334,0.9176470588235294,0.9953333333333333,1,0
mixed-correlated,246,whole-call,0.9952010691289029,0.9583333333333334,0.9176470588235294,0.9953333333333333,1,0
mixed-correlated,246,joint-long-schema,0.9952010691289029,0.9583333333333334,0.9176470588235294,0.9953333333333333,1,0
mixed-correlated,247,field-average,0.9939476885644769,0.953,0.9134524929444967,0.996,1,0
mixed-correlated,247,whole-call,0.9939476885644769,0.953,0.9134524929444967,0.996,1,0
mixed-correlated,247,joint-long-schema,0.9939476885644769,0.953,0.9134524929444967,0.996,1,0
mixed-correlated,248,field-average,0.9950151057401813,0.951,0.9144186046511628,0.9951666666666666,1,0
mixed-correlated,248,whole-call,0.9950151057401813,0.951,0.9144186046511628,0.9951666666666666,1,0
mixed-correlated,248,joint-long-schema,0.9950151057401813,0.951,0.9144186046511628,0.9951666666666666,1,0
mixed-correlated,249,field-average,0.9943744649627002,0.945,0.9087415946205571,0.9938333333333333,1,1
mixed-correlated,249,whole-call,0.9943744649627002,0.945,0.9087415946205571,0.9938333333333333,0,0
mixed-correlated,249,joint-long-schema,0.9943744649627002,0.945,0.9087415946205571,0.9938333333333333,0,0
mixed-correlated,250,field-average,0.995731343283582,0.9586666666666667,0.9260299625468165,0.995,1,0
mixed-correlated,250,whole-call,0.995731343283582,0.9586666666666667,0.9260299625468165,0.995,1,0
mixed-correlated,250,joint-long-schema,0.995731343283582,0.9586666666666667,0.9260299625468165,0.995,1,0
mixed-correlated,251,field-average,0.9947810437912418,0.947,0.9068901303538175,0.9958333333333333,1,1
mixed-correlated,251,whole-call,0.9947810437912418,0.947,0.9068901303538175,0.9958333333333333,0,0
mixed-correlated,251,joint-long-schema,0.9947810437912418,0.947,0.9068901303538175,0.9958333333333333,0,0
mixed-correlated,252,field-average,0.994765672550213,0.9503333333333334,0.9090909090909091,0.9936666666666667,1,0
mixed-correlated,252,whole-call,0.994765672550213,0.9503333333333334,0.9090909090909091,0.9936666666666667,1,0
mixed-correlated,252,joint-long-schema,0.994765672550213,0.9503333333333334,0.9090909090909091,0.9936666666666667,1,0
mixed-correlated,253,field-average,0.9934075857916917,0.9446666666666667,0.9005681818181818,0.994,1,1
mixed-correlated,253,whole-call,0.9934075857916917,0.9446666666666667,0.9005681818181818,0.994,0,0
mixed-correlated,253,joint-long-schema,0.9934075857916917,0.9446666666666667,0.9005681818181818,0.994,0,0
mixed-correlated,254,field-average,0.994781494140625,0.954,0.9274116523400191,0.9946666666666667,1,0
mixed-correlated,254,whole-call,0.994781494140625,0.954,0.9274116523400191,0.9946666666666667,1,0
mixed-correlated,254,joint-long-schema,0.994781494140625,0.954,0.9274116523400191,0.9946666666666667,1,0
mixed-correlated,255,field-average,0.994547134935305,0.9523333333333334,0.9233830845771144,0.9955,1,0
mixed-correlated,255,whole-call,0.994547134935305,0.9523333333333334,0.9233830845771144,0.9955,1,0
mixed-correlated,255,joint-long-schema,0.994547134935305,0.9523333333333334,0.9233830845771144,0.9955,1,0
mixed-correlated,256,field-average,0.9951722017220173,0.9553333333333334,0.906,0.9961666666666666,1,0
mixed-correlated,256,whole-call,0.9951722017220173,0.9553333333333334,0.906,0.9961666666666666,1,0
mixed-correlated,256,joint-long-schema,0.9951722017220173,0.9553333333333334,0.906,0.9961666666666666,1,0
mixed-correlated,257,field-average,0.9943663678216622,0.9493333333333334,0.9115128449096099,0.995,1,1
mixed-correlated,257,whole-call,0.9943663678216622,0.9493333333333334,0.9115128449096099,0.995,0,0
mixed-correlated,257,joint-long-schema,0.9943663678216622,0.9493333333333334,0.9115128449096099,0.995,0,0
mixed-correlated,258,field-average,0.9945626477541372,0.944,0.9005474452554745,0.995,1,1
mixed-correlated,258,whole-call,0.9945626477541372,0.944,0.9005474452554745,0.995,0,0
mixed-correlated,258,joint-long-schema,0.9945626477541372,0.944,0.9005474452554745,0.995,0,0
mixed-correlated,259,field-average,0.9953128880059597,0.957,0.9213930348258706,0.9946666666666667,1,0
mixed-correlated,259,whole-call,0.9953128880059597,0.957,0.9213930348258706,0.9946666666666667,1,0
mixed-correlated,259,joint-long-schema,0.9953128880059597,0.957,0.9213930348258706,0.9946666666666667,1,0
mixed-correlated,260,field-average,0.9948284108573479,0.95,0.9046270066100094,0.9958333333333333,1,0
mixed-correlated,260,whole-call,0.9948284108573479,0.95,0.9046270066100094,0.9958333333333333,1,0
mixed-correlated,260,joint-long-schema,0.9948284108573479,0.95,0.9046270066100094,0.9958333333333333,1,0
mixed-correlated,261,field-average,0.9958977123008743,0.9566666666666667,0.9222222222222223,0.9966666666666667,1,0
mixed-correlated,261,whole-call,0.9958977123008743,0.9566666666666667,0.9222222222222223,0.9966666666666667,1,0
mixed-correlated,261,joint-long-schema,0.9958977123008743,0.9566666666666667,0.9222222222222223,0.9966666666666667,1,0
mixed-correlated,262,field-average,0.9943297731909276,0.949,0.9053420805998126,0.9935,1,1
mixed-correlated,262,whole-call,0.9943297731909276,0.949,0.9053420805998126,0.9935,0,0
mixed-correlated,262,joint-long-schema,0.9943297731909276,0.949,0.9053420805998126,0.9935,0,0
mixed-correlated,263,field-average,0.9941116690578671,0.9456666666666667,0.8955087076076994,0.994,1,1
mixed-correlated,263,whole-call,0.9941116690578671,0.9456666666666667,0.8955087076076994,0.994,0,0
mixed-correlated,263,joint-long-schema,0.9941116690578671,0.9456666666666667,0.8955087076076994,0.994,0,0
mixed-correlated,264,field-average,0.9944855169070416,0.9533333333333334,0.9146919431279621,0.995,1,0
mixed-correlated,264,whole-call,0.9944855169070416,0.9533333333333334,0.9146919431279621,0.995,1,0
mixed-correlated,264,joint-long-schema,0.9944855169070416,0.9533333333333334,0.9146919431279621,0.995,1,0
mixed-correlated,265,field-average,0.9928648519007075,0.9423333333333334,0.8908418131359852,0.9941666666666666,1,1
mixed-correlated,265,whole-call,0.9928648519007075,0.9423333333333334,0.8908418131359852,0.9941666666666666,0,0
mixed-correlated,265,joint-long-schema,0.9928648519007075,0.9423333333333334,0.8908418131359852,0.9941666666666666,0,0
mixed-correlated,266,field-average,0.9942929232247988,0.9473333333333334,0.9055191768007483,0.9943333333333333,1,1
mixed-correlated,266,whole-call,0.9942929232247988,0.9473333333333334,0.9055191768007483,0.9943333333333333,0,0
mixed-correlated,266,joint-long-schema,0.9942929232247988,0.9473333333333334,0.9055191768007483,0.9943333333333333,0,0
mixed-correlated,267,field-average,0.9953006386311604,0.9533333333333334,0.9153696498054474,0.9966666666666667,1,0
mixed-correlated,267,whole-call,0.9953006386311604,0.9533333333333334,0.9153696498054474,0.9966666666666667,1,0
mixed-correlated,267,joint-long-schema,0.9953006386311604,0.9533333333333334,0.9153696498054474,0.9966666666666667,1,0
mixed-correlated,268,field-average,0.9952221691352127,0.9563333333333334,0.9261363636363636,0.9951666666666666,1,0
mixed-correlated,268,whole-call,0.9952221691352127,0.9563333333333334,0.9261363636363636,0.9951666666666666,1,0
mixed-correlated,268,joint-long-schema,0.9952221691352127,0.9563333333333334,0.9261363636363636,0.9951666666666666,1,0
mixed-correlated,269,field-average,0.9946750902527076,0.9466666666666667,0.8982889733840305,0.996,1,1
mixed-correlated,269,whole-call,0.9946750902527076,0.9466666666666667,0.8982889733840305,0.996,0,0
mixed-correlated,269,joint-long-schema,0.9946750902527076,0.9466666666666667,0.8982889733840305,0.996,0,0
mixed-correlated,270,field-average,0.9950159980310116,0.9513333333333334,0.906496062992126,0.9953333333333333,1,0
mixed-correlated,270,whole-call,0.9950159980310116,0.9513333333333334,0.906496062992126,0.9953333333333333,1,0
mixed-correlated,270,joint-long-schema,0.9950159980310116,0.9513333333333334,0.906496062992126,0.9953333333333333,1,0
mixed-correlated,271,field-average,0.9935446009389671,0.9426666666666667,0.8942598187311178,0.993,1,1
mixed-correlated,271,whole-call,0.9935446009389671,0.9426666666666667,0.8942598187311178,0.993,0,0
mixed-correlated,271,joint-long-schema,0.9935446009389671,0.9426666666666667,0.8942598187311178,0.993,0,0
mixed-correlated,272,field-average,0.9949538461538462,0.957,0.9166666666666666,0.9955,1,0
mixed-correlated,272,whole-call,0.9949538461538462,0.957,0.9166666666666666,0.9955,1,0
mixed-correlated,272,joint-long-schema,0.9949538461538462,0.957,0.9166666666666666,0.9955,1,0
mixed-correlated,273,field-average,0.9947030006123698,0.9496666666666667,0.9058252427184466,0.9941666666666666,1,1
mixed-correlated,273,whole-call,0.9947030006123698,0.9496666666666667,0.9058252427184466,0.9941666666666666,0,0
mixed-correlated,273,joint-long-schema,0.9947030006123698,0.9496666666666667,0.9058252427184466,0.9941666666666666,0,0
mixed-correlated,274,field-average,0.9948636419224655,0.951,0.900390625,0.9938333333333333,1,0
mixed-correlated,274,whole-call,0.9948636419224655,0.951,0.900390625,0.9938333333333333,1,0
mixed-correlated,274,joint-long-schema,0.9948636419224655,0.951,0.900390625,0.9938333333333333,1,0
mixed-correlated,275,field-average,0.9931991294885746,0.9433333333333334,0.905123339658444,0.9913333333333333,1,1
mixed-correlated,275,whole-call,0.9931991294885746,0.9433333333333334,0.905123339658444,0.9913333333333333,0,0
mixed-correlated,275,joint-long-schema,0.9931991294885746,0.9433333333333334,0.905123339658444,0.9913333333333333,0,0
mixed-correlated,276,field-average,0.9933169834457388,0.9426666666666667,0.888235294117647,0.9931666666666666,1,1
mixed-correlated,276,whole-call,0.9933169834457388,0.9426666666666667,0.888235294117647,0.9931666666666666,0,0
mixed-correlated,276,joint-long-schema,0.9933169834457388,0.9426666666666667,0.888235294117647,0.9931666666666666,0,0
mixed-correlated,277,field-average,0.994164691943128,0.9456666666666667,0.9048490393412626,0.9936666666666667,1,1
mixed-correlated,277,whole-call,0.994164691943128,0.9456666666666667,0.9048490393412626,0.9936666666666667,0,0
mixed-correlated,277,joint-long-schema,0.994164691943128,0.9456666666666667,0.9048490393412626,0.9936666666666667,0,0
mixed-correlated,278,field-average,0.9942337881898321,0.9493333333333334,0.9106302916274694,0.9936666666666667,1,1
mixed-correlated,278,whole-call,0.9942337881898321,0.9493333333333334,0.9106302916274694,0.9936666666666667,0,0
mixed-correlated,278,joint-long-schema,0.9942337881898321,0.9493333333333334,0.9106302916274694,0.9936666666666667,0,0
mixed-correlated,279,field-average,0.9935703020744875,0.949,0.9027128157156221,0.9946666666666667,1,1
mixed-correlated,279,whole-call,0.9935703020744875,0.949,0.9027128157156221,0.9946666666666667,0,0
mixed-correlated,279,joint-long-schema,0.9935703020744875,0.949,0.9027128157156221,0.9946666666666667,0,0
mixed-correlated,280,field-average,0.9943353019163553,0.9473333333333334,0.9107142857142857,0.9943333333333333,1,1
mixed-correlated,280,whole-call,0.9943353019163553,0.9473333333333334,0.9107142857142857,0.9943333333333333,0,0
mixed-correlated,280,joint-long-schema,0.9943353019163553,0.9473333333333334,0.9107142857142857,0.9943333333333333,0,0
mixed-correlated,281,field-average,0.9947877885331348,0.9546666666666667,0.91991991991992,0.9946666666666667,1,0
mixed-correlated,281,whole-call,0.9947877885331348,0.9546666666666667,0.91991991991992,0.9946666666666667,1,0
mixed-correlated,281,joint-long-schema,0.9947877885331348,0.9546666666666667,0.91991991991992,0.9946666666666667,1,0
mixed-correlated,282,field-average,0.9946305060065526,0.9496666666666667,0.9108159392789373,0.9945,1,1
mixed-correlated,282,whole-call,0.9946305060065526,0.9496666666666667,0.9108159392789373,0.9945,0,0
mixed-correlated,282,joint-long-schema,0.9946305060065526,0.9496666666666667,0.9108159392789373,0.9945,0,0
mixed-correlated,283,field-average,0.9949163758873781,0.953,0.9181561618062088,0.9955,1,0
mixed-correlated,283,whole-call,0.9949163758873781,0.953,0.9181561618062088,0.9955,1,0
mixed-correlated,283,joint-long-schema,0.9949163758873781,0.953,0.9181561618062088,0.9955,1,0
mixed-correlated,284,field-average,0.9951033082527171,0.9483333333333334,0.9134883720930232,0.9946666666666667,1,1
mixed-correlated,284,whole-call,0.9951033082527171,0.9483333333333334,0.9134883720930232,0.9946666666666667,0,0
mixed-correlated,284,joint-long-schema,0.9951033082527171,0.9483333333333334,0.9134883720930232,0.9946666666666667,0,0
mixed-correlated,285,field-average,0.9953421712647796,0.954,0.9152380952380952,0.9946666666666667,1,0
mixed-correlated,285,whole-call,0.9953421712647796,0.954,0.9152380952380952,0.9946666666666667,1,0
mixed-correlated,285,joint-long-schema,0.9953421712647796,0.954,0.9152380952380952,0.9946666666666667,1,0
mixed-correlated,286,field-average,0.9940533687515093,0.9516666666666667,0.9034090909090909,0.9948333333333333,1,0
mixed-correlated,286,whole-call,0.9940533687515093,0.9516666666666667,0.9034090909090909,0.9948333333333333,1,0
mixed-correlated,286,joint-long-schema,0.9940533687515093,0.9516666666666667,0.9034090909090909,0.9948333333333333,1,0
mixed-correlated,287,field-average,0.9947821310875137,0.952,0.9171428571428571,0.994,1,0
mixed-correlated,287,whole-call,0.9947821310875137,0.952,0.9171428571428571,0.994,1,0
mixed-correlated,287,joint-long-schema,0.9947821310875137,0.952,0.9171428571428571,0.994,1,0
mixed-correlated,288,field-average,0.9948543087414755,0.955,0.912142152023692,0.9961666666666666,1,0
mixed-correlated,288,whole-call,0.9948543087414755,0.955,0.912142152023692,0.9961666666666666,1,0
mixed-correlated,288,joint-long-schema,0.9948543087414755,0.955,0.912142152023692,0.9961666666666666,1,0
mixed-correlated,289,field-average,0.9936628259551243,0.9483333333333334,0.9071090047393365,0.9928333333333333,1,1
mixed-correlated,289,whole-call,0.9936628259551243,0.9483333333333334,0.9071090047393365,0.9928333333333333,0,0
mixed-correlated,289,joint-long-schema,0.9936628259551243,0.9483333333333334,0.9071090047393365,0.9928333333333333,0,0
mixed-correlated,290,field-average,0.9952537535674402,0.9536666666666667,0.9211576846307385,0.9951666666666666,1,0
mixed-correlated,290,whole-call,0.9952537535674402,0.9536666666666667,0.9211576846307385,0.9951666666666666,1,0
mixed-correlated,290,joint-long-schema,0.9952537535674402,0.9536666666666667,0.9211576846307385,0.9951666666666666,1,0
mixed-correlated,291,field-average,0.9956638755980861,0.9553333333333334,0.9250474383301708,0.9946666666666667,1,0
mixed-correlated,291,whole-call,0.9956638755980861,0.9553333333333334,0.9250474383301708,0.9946666666666667,1,0
mixed-correlated,291,joint-long-schema,0.9956638755980861,0.9553333333333334,0.9250474383301708,0.9946666666666667,1,0
mixed-correlated,292,field-average,0.9944967592026416,0.9453333333333334,0.8948891031822566,0.9938333333333333,1,1
mixed-correlated,292,whole-call,0.9944967592026416,0.9453333333333334,0.8948891031822566,0.9938333333333333,0,0
mixed-correlated,292,joint-long-schema,0.9944967592026416,0.9453333333333334,0.8948891031822566,0.9938333333333333,0,0
mixed-correlated,293,field-average,0.9946498054474708,0.9506666666666667,0.9202626641651032,0.9946666666666667,1,0
mixed-correlated,293,whole-call,0.9946498054474708,0.9506666666666667,0.9202626641651032,0.9946666666666667,1,0
mixed-correlated,293,joint-long-schema,0.9946498054474708,0.9506666666666667,0.9202626641651032,0.9946666666666667,1,0
mixed-correlated,294,field-average,0.9934905428641612,0.9463333333333334,0.9020368574199806,0.9946666666666667,1,1
mixed-correlated,294,whole-call,0.9934905428641612,0.9463333333333334,0.9020368574199806,0.9946666666666667,0,0
mixed-correlated,294,joint-long-schema,0.9934905428641612,0.9463333333333334,0.9020368574199806,0.9946666666666667,0,0
mixed-correlated,295,field-average,0.9954865834054656,0.9556666666666667,0.9241516966067864,0.995,1,0
mixed-correlated,295,whole-call,0.9954865834054656,0.9556666666666667,0.9241516966067864,0.995,1,0
mixed-correlated,295,joint-long-schema,0.9954865834054656,0.9556666666666667,0.9241516966067864,0.995,1,0
mixed-correlated,296,field-average,0.9934673666626894,0.942,0.8994413407821229,0.9918333333333333,1,1
mixed-correlated,296,whole-call,0.9934673666626894,0.942,0.8994413407821229,0.9918333333333333,0,0
mixed-correlated,296,joint-long-schema,0.9934673666626894,0.942,0.8994413407821229,0.9918333333333333,0,0
mixed-correlated,297,field-average,0.9949964471814307,0.951,0.9149722735674677,0.9953333333333333,1,0
mixed-correlated,297,whole-call,0.9949964471814307,0.951,0.9149722735674677,0.9953333333333333,1,0
mixed-correlated,297,joint-long-schema,0.9949964471814307,0.951,0.9149722735674677,0.9953333333333333,1,0
mixed-correlated,298,field-average,0.9934966727162734,0.951,0.9142318567389256,0.9948333333333333,1,0
mixed-correlated,298,whole-call,0.9934966727162734,0.951,0.9142318567389256,0.9948333333333333,1,0
mixed-correlated,298,joint-long-schema,0.9934966727162734,0.951,0.9142318567389256,0.9948333333333333,1,0
mixed-correlated,299,field-average,0.9945901837524178,0.947,0.9021842355175689,0.9956666666666667,1,1
mixed-correlated,299,whole-call,0.9945901837524178,0.947,0.9021842355175689,0.9956666666666667,0,0
mixed-correlated,299,joint-long-schema,0.9945901837524178,0.947,0.9021842355175689,0.9956666666666667,0,0
mixed-correlated,300,field-average,0.9946256038647343,0.9496666666666667,0.9185823754789272,0.9941666666666666,1,1
mixed-correlated,300,whole-call,0.9946256038647343,0.9496666666666667,0.9185823754789272,0.9941666666666666,0,0
mixed-correlated,300,joint-long-schema,0.9946256038647343,0.9496666666666667,0.9185823754789272,0.9941666666666666,0,0
mixed-correlated,301,field-average,0.994436381228834,0.9516666666666667,0.9175355450236967,0.9945,1,0
mixed-correlated,301,whole-call,0.994436381228834,0.9516666666666667,0.9175355450236967,0.9945,1,0
mixed-correlated,301,joint-long-schema,0.994436381228834,0.9516666666666667,0.9175355450236967,0.9945,1,0
mixed-correlated,302,field-average,0.9948016252390057,0.9486666666666667,0.907735321528425,0.9958333333333333,1,1
mixed-correlated,302,whole-call,0.9948016252390057,0.9486666666666667,0.907735321528425,0.9958333333333333,0,0
mixed-correlated,302,joint-long-schema,0.9948016252390057,0.9486666666666667,0.907735321528425,0.9958333333333333,0,0
mixed-correlated,303,field-average,0.9929965281934634,0.939,0.8887859128822985,0.9933333333333333,1,1
mixed-correlated,303,whole-call,0.9929965281934634,0.939,0.8887859128822985,0.9933333333333333,0,0
mixed-correlated,303,joint-long-schema,0.9929965281934634,0.939,0.8887859128822985,0.9933333333333333,0,0
mixed-correlated,304,field-average,0.994619454130095,0.9506666666666667,0.9067796610169492,0.9936666666666667,1,0
mixed-correlated,304,whole-call,0.994619454130095,0.9506666666666667,0.9067796610169492,0.9936666666666667,1,0
mixed-correlated,304,joint-long-schema,0.994619454130095,0.9506666666666667,0.9067796610169492,0.9936666666666667,1,0
mixed-correlated,305,field-average,0.99501261867564,0.9506666666666667,0.9122641509433962,0.9931666666666666,1,0
mixed-correlated,305,whole-call,0.99501261867564,0.9506666666666667,0.9122641509433962,0.9931666666666666,1,0
mixed-correlated,305,joint-long-schema,0.99501261867564,0.9506666666666667,0.9122641509433962,0.9931666666666666,1,0
mixed-correlated,306,field-average,0.9949874686716792,0.9503333333333334,0.90371782650143,0.995,1,0
mixed-correlated,306,whole-call,0.9949874686716792,0.9503333333333334,0.90371782650143,0.995,1,0
mixed-correlated,306,joint-long-schema,0.9949874686716792,0.9503333333333334,0.90371782650143,0.995,1,0
mixed-correlated,307,field-average,0.9941264162194394,0.9436666666666667,0.9075091575091575,0.9935,1,1
mixed-correlated,307,whole-call,0.9941264162194394,0.9436666666666667,0.9075091575091575,0.9935,0,0
mixed-correlated,307,joint-long-schema,0.9941264162194394,0.9436666666666667,0.9075091575091575,0.9935,0,0
mixed-correlated,308,field-average,0.9945665225744477,0.9523333333333334,0.9164319248826291,0.9956666666666667,1,0
mixed-correlated,308,whole-call,0.9945665225744477,0.9523333333333334,0.9164319248826291,0.9956666666666667,1,0
mixed-correlated,308,joint-long-schema,0.9945665225744477,0.9523333333333334,0.9164319248826291,0.9956666666666667,1,0
mixed-correlated,309,field-average,0.9957940579883069,0.9546666666666667,0.9221388367729831,0.9956666666666667,1,0
mixed-correlated,309,whole-call,0.9957940579883069,0.9546666666666667,0.9221388367729831,0.9956666666666667,1,0
mixed-correlated,309,joint-long-schema,0.9957940579883069,0.9546666666666667,0.9221388367729831,0.9956666666666667,1,0
mixed-correlated,310,field-average,0.9940997566909976,0.9443333333333334,0.9103641456582633,0.9935,1,1
mixed-correlated,310,whole-call,0.9940997566909976,0.9443333333333334,0.9103641456582633,0.9935,0,0
mixed-correlated,310,joint-long-schema,0.9940997566909976,0.9443333333333334,0.9103641456582633,0.9935,0,0
mixed-correlated,311,field-average,0.9951964527651188,0.9523333333333334,0.9124513618677043,0.9953333333333333,1,0
mixed-correlated,311,whole-call,0.9951964527651188,0.9523333333333334,0.9124513618677043,0.9953333333333333,1,0
mixed-correlated,311,joint-long-schema,0.9951964527651188,0.9523333333333334,0.9124513618677043,0.9953333333333333,1,0
mixed-correlated,312,field-average,0.993542767900048,0.9443333333333334,0.9024154589371981,0.9945,1,1
mixed-correlated,312,whole-call,0.993542767900048,0.9443333333333334,0.9024154589371981,0.9945,0,0
mixed-correlated,312,joint-long-schema,0.993542767900048,0.9443333333333334,0.9024154589371981,0.9945,0,0
mixed-correlated,313,field-average,0.994871025794841,0.9476666666666667,0.8941947565543071,0.9956666666666667,1,1
mixed-correlated,313,whole-call,0.994871025794841,0.9476666666666667,0.8941947565543071,0.9956666666666667,0,0
mixed-correlated,313,joint-long-schema,0.994871025794841,0.9476666666666667,0.8941947565543071,0.9956666666666667,0,0
mixed-correlated,314,field-average,0.9944533961328706,0.951,0.914,0.9951666666666666,1,0
mixed-correlated,314,whole-call,0.9944533961328706,0.951,0.914,0.9951666666666666,1,0
mixed-correlated,314,joint-long-schema,0.9944533961328706,0.951,0.914,0.9951666666666666,1,0
mixed-correlated,315,field-average,0.995158656089594,0.9493333333333334,0.9089236430542779,0.995,1,1
mixed-correlated,315,whole-call,0.995158656089594,0.9493333333333334,0.9089236430542779,0.995,0,0
mixed-correlated,315,joint-long-schema,0.995158656089594,0.9493333333333334,0.9089236430542779,0.995,0,0
mixed-correlated,316,field-average,0.9950241254523522,0.953,0.9256505576208178,0.9938333333333333,1,0
mixed-correlated,316,whole-call,0.9950241254523522,0.953,0.9256505576208178,0.9938333333333333,1,0
mixed-correlated,316,joint-long-schema,0.9950241254523522,0.953,0.9256505576208178,0.9938333333333333,1,0
mixed-correlated,317,field-average,0.9941215087132967,0.9456666666666667,0.9025304592314901,0.9953333333333333,1,1
mixed-correlated,317,whole-call,0.9941215087132967,0.9456666666666667,0.9025304592314901,0.9953333333333333,0,0
mixed-correlated,317,joint-long-schema,0.9941215087132967,0.9456666666666667,0.9025304592314901,0.9953333333333333,0,0
mixed-correlated,318,field-average,0.9944098240469208,0.9496666666666667,0.9074252651880425,0.9955,1,1
mixed-correlated,318,whole-call,0.9944098240469208,0.9496666666666667,0.9074252651880425,0.9955,0,0
mixed-correlated,318,joint-long-schema,0.9944098240469208,0.9496666666666667,0.9074252651880425,0.9955,0,0
mixed-correlated,319,field-average,0.9943772154993277,0.956,0.9186507936507936,0.9955,1,0
mixed-correlated,319,whole-call,0.9943772154993277,0.956,0.9186507936507936,0.9955,1,0
mixed-correlated,319,joint-long-schema,0.9943772154993277,0.956,0.9186507936507936,0.9955,1,0
mixed-correlated,320,field-average,0.9944106925880923,0.949,0.9092664092664092,0.9925,1,1
mixed-correlated,320,whole-call,0.9944106925880923,0.949,0.9092664092664092,0.9925,0,0
mixed-correlated,320,joint-long-schema,0.9944106925880923,0.949,0.9092664092664092,0.9925,0,0
mixed-correlated,321,field-average,0.9952380952380953,0.9523333333333334,0.9139886578449905,0.9963333333333333,1,0
mixed-correlated,321,whole-call,0.9952380952380953,0.9523333333333334,0.9139886578449905,0.9963333333333333,1,0
mixed-correlated,321,joint-long-schema,0.9952380952380953,0.9523333333333334,0.9139886578449905,0.9963333333333333,1,0
mixed-correlated,322,field-average,0.9949698795180723,0.956,0.9101019462465245,0.9948333333333333,1,0
mixed-correlated,322,whole-call,0.9949698795180723,0.956,0.9101019462465245,0.9948333333333333,1,0
mixed-correlated,322,joint-long-schema,0.9949698795180723,0.956,0.9101019462465245,0.9948333333333333,1,0
mixed-correlated,323,field-average,0.9944878417538112,0.954,0.9193227091633466,0.9938333333333333,1,0
mixed-correlated,323,whole-call,0.9944878417538112,0.954,0.9193227091633466,0.9938333333333333,1,0
mixed-correlated,323,joint-long-schema,0.9944878417538112,0.954,0.9193227091633466,0.9938333333333333,1,0
mixed-correlated,324,field-average,0.993987493987494,0.9433333333333334,0.899812734082397,0.9935,1,1
mixed-correlated,324,whole-call,0.993987493987494,0.9433333333333334,0.899812734082397,0.9935,0,0
mixed-correlated,324,joint-long-schema,0.993987493987494,0.9433333333333334,0.899812734082397,0.9935,0,0
mixed-correlated,325,field-average,0.9947653651927577,0.9493333333333334,0.9084842707340324,0.9943333333333333,1,1
mixed-correlated,325,whole-call,0.9947653651927577,0.9493333333333334,0.9084842707340324,0.9943333333333333,0,0
mixed-correlated,325,joint-long-schema,0.9947653651927577,0.9493333333333334,0.9084842707340324,0.9943333333333333,0,0
mixed-correlated,326,field-average,0.9949632042465919,0.9536666666666667,0.9064609450337512,0.9956666666666667,1,0
mixed-correlated,326,whole-call,0.9949632042465919,0.9536666666666667,0.9064609450337512,0.9956666666666667,1,0
mixed-correlated,326,joint-long-schema,0.9949632042465919,0.9536666666666667,0.9064609450337512,0.9956666666666667,1,0
mixed-correlated,327,field-average,0.9949630424415832,0.949,0.9009345794392524,0.9948333333333333,1,1
mixed-correlated,327,whole-call,0.9949630424415832,0.949,0.9009345794392524,0.9948333333333333,0,0
mixed-correlated,327,joint-long-schema,0.9949630424415832,0.949,0.9009345794392524,0.9948333333333333,0,0
mixed-correlated,328,field-average,0.9941948035647044,0.949,0.8971774193548387,0.9938333333333333,1,1
mixed-correlated,328,whole-call,0.9941948035647044,0.949,0.8971774193548387,0.9938333333333333,0,0
mixed-correlated,328,joint-long-schema,0.9941948035647044,0.949,0.8971774193548387,0.9938333333333333,0,0
mixed-correlated,329,field-average,0.9946782330503261,0.9476666666666667,0.9140316205533597,0.9931666666666666,1,1
mixed-correlated,329,whole-call,0.9946782330503261,0.9476666666666667,0.9140316205533597,0.9931666666666666,0,0
mixed-correlated,329,joint-long-schema,0.9946782330503261,0.9476666666666667,0.9140316205533597,0.9931666666666666,0,0
mixed-correlated,330,field-average,0.9939113492450073,0.952,0.9161849710982659,0.9953333333333333,1,0
mixed-correlated,330,whole-call,0.9939113492450073,0.952,0.9161849710982659,0.9953333333333333,1,0
mixed-correlated,330,joint-long-schema,0.9939113492450073,0.952,0.9161849710982659,0.9953333333333333,1,0
mixed-correlated,331,field-average,0.9947935696017537,0.9563333333333334,0.9266666666666666,0.9948333333333333,1,0
mixed-correlated,331,whole-call,0.9947935696017537,0.9563333333333334,0.9266666666666666,0.9948333333333333,1,0
mixed-correlated,331,joint-long-schema,0.9947935696017537,0.9563333333333334,0.9266666666666666,0.9948333333333333,1,0
mixed-correlated,332,field-average,0.9941584519897773,0.944,0.9111969111969112,0.9933333333333333,1,1
mixed-correlated,332,whole-call,0.9941584519897773,0.944,0.9111969111969112,0.9933333333333333,0,0
mixed-correlated,332,joint-long-schema,0.9941584519897773,0.944,0.9111969111969112,0.9933333333333333,0,0
mixed-correlated,333,field-average,0.9951128273198986,0.9526666666666667,0.9109004739336493,0.9936666666666667,1,0
mixed-correlated,333,whole-call,0.9951128273198986,0.9526666666666667,0.9109004739336493,0.9936666666666667,1,0
mixed-correlated,333,joint-long-schema,0.9951128273198986,0.9526666666666667,0.9109004739336493,0.9936666666666667,1,0
mixed-correlated,334,field-average,0.9955073349633252,0.9593333333333334,0.9273959341723137,0.9956666666666667,1,0
mixed-correlated,334,whole-call,0.9955073349633252,0.9593333333333334,0.9273959341723137,0.9956666666666667,1,0
mixed-correlated,334,joint-long-schema,0.9955073349633252,0.9593333333333334,0.9273959341723137,0.9956666666666667,1,0
mixed-correlated,335,field-average,0.994661708253359,0.9476666666666667,0.9207089552238806,0.9953333333333333,1,1
mixed-correlated,335,whole-call,0.994661708253359,0.9476666666666667,0.9207089552238806,0.9953333333333333,0,0
mixed-correlated,335,joint-long-schema,0.994661708253359,0.9476666666666667,0.9207089552238806,0.9953333333333333,0,0
mixed-correlated,336,field-average,0.994111992309541,0.9433333333333334,0.9006685768863419,0.9928333333333333,1,1
mixed-correlated,336,whole-call,0.994111992309541,0.9433333333333334,0.9006685768863419,0.9928333333333333,0,0
mixed-correlated,336,joint-long-schema,0.994111992309541,0.9433333333333334,0.9006685768863419,0.9928333333333333,0,0
mixed-correlated,337,field-average,0.9947866149369544,0.9506666666666667,0.9134078212290503,0.995,1,0
mixed-correlated,337,whole-call,0.9947866149369544,0.9506666666666667,0.9134078212290503,0.995,1,0
mixed-correlated,337,joint-long-schema,0.9947866149369544,0.9506666666666667,0.9134078212290503,0.995,1,0
mixed-correlated,338,field-average,0.994334619093539,0.95,0.9176136363636364,0.9938333333333333,1,0
mixed-correlated,338,whole-call,0.994334619093539,0.95,0.9176136363636364,0.9938333333333333,1,0
mixed-correlated,338,joint-long-schema,0.994334619093539,0.95,0.9176136363636364,0.9938333333333333,1,0
mixed-correlated,339,field-average,0.9952852998065764,0.952,0.9184834123222749,0.9956666666666667,1,0
mixed-correlated,339,whole-call,0.9952852998065764,0.952,0.9184834123222749,0.9956666666666667,1,0
mixed-correlated,339,joint-long-schema,0.9952852998065764,0.952,0.9184834123222749,0.9956666666666667,1,0
mixed-correlated,340,field-average,0.9940037995725481,0.953,0.9152542372881356,0.994,1,0
mixed-correlated,340,whole-call,0.9940037995725481,0.953,0.9152542372881356,0.994,1,0
mixed-correlated,340,joint-long-schema,0.9940037995725481,0.953,0.9152542372881356,0.994,1,0
mixed-correlated,341,field-average,0.9950201565093668,0.951,0.9099350046425255,0.9955,1,0
mixed-correlated,341,whole-call,0.9950201565093668,0.951,0.9099350046425255,0.9955,1,0
mixed-correlated,341,joint-long-schema,0.9950201565093668,0.951,0.9099350046425255,0.9955,1,0
mixed-correlated,342,field-average,0.9950607436495276,0.9526666666666667,0.9122468659594986,0.995,1,0
mixed-correlated,342,whole-call,0.9950607436495276,0.9526666666666667,0.9122468659594986,0.995,1,0
mixed-correlated,342,joint-long-schema,0.9950607436495276,0.9526666666666667,0.9122468659594986,0.995,1,0
mixed-correlated,343,field-average,0.9952965847813062,0.9546666666666667,0.9186155285313377,0.9955,1,0
mixed-correlated,343,whole-call,0.9952965847813062,0.9546666666666667,0.9186155285313377,0.9955,1,0
mixed-correlated,343,joint-long-schema,0.9952965847813062,0.9546666666666667,0.9186155285313377,0.9955,1,0
mixed-correlated,344,field-average,0.9939900942256584,0.946,0.8972868217054264,0.9945,1,1
mixed-correlated,344,whole-call,0.9939900942256584,0.946,0.8972868217054264,0.9945,0,0
mixed-correlated,344,joint-long-schema,0.9939900942256584,0.946,0.8972868217054264,0.9945,0,0
mixed-correlated,345,field-average,0.9939712520788786,0.943,0.8976958525345622,0.9943333333333333,1,1
mixed-correlated,345,whole-call,0.9939712520788786,0.943,0.8976958525345622,0.9943333333333333,0,0
mixed-correlated,345,joint-long-schema,0.9939712520788786,0.943,0.8976958525345622,0.9943333333333333,0,0
mixed-correlated,346,field-average,0.9943154182879378,0.9453333333333334,0.9054054054054054,0.9928333333333333,1,1
mixed-correlated,346,whole-call,0.9943154182879378,0.9453333333333334,0.9054054054054054,0.9928333333333333,0,0
mixed-correlated,346,joint-long-schema,0.9943154182879378,0.9453333333333334,0.9054054054054054,0.9928333333333333,0,0
mixed-correlated,347,field-average,0.9949709161415414,0.952,0.9101338432122371,0.9946666666666667,1,0
mixed-correlated,347,whole-call,0.9949709161415414,0.952,0.9101338432122371,0.9946666666666667,1,0
mixed-correlated,347,joint-long-schema,0.9949709161415414,0.952,0.9101338432122371,0.9946666666666667,1,0
mixed-correlated,348,field-average,0.9939622410199829,0.9463333333333334,0.9061895551257253,0.9933333333333333,1,1
mixed-correlated,348,whole-call,0.9939622410199829,0.9463333333333334,0.9061895551257253,0.9933333333333333,0,0
mixed-correlated,348,joint-long-schema,0.9939622410199829,0.9463333333333334,0.9061895551257253,0.9933333333333333,0,0
mixed-correlated,349,field-average,0.9951816842622145,0.9516666666666667,0.916023166023166,0.9956666666666667,1,0
mixed-correlated,349,whole-call,0.9951816842622145,0.9516666666666667,0.916023166023166,0.9956666666666667,1,0
mixed-correlated,349,joint-long-schema,0.9951816842622145,0.9516666666666667,0.916023166023166,0.9956666666666667,1,0
mixed-correlated,350,field-average,0.9947240751970892,0.951,0.9080568720379147,0.994,1,0
mixed-correlated,350,whole-call,0.9947240751970892,0.951,0.9080568720379147,0.994,1,0
mixed-correlated,350,joint-long-schema,0.9947240751970892,0.951,0.9080568720379147,0.994,1,0
mixed-correlated,351,field-average,0.994546633651692,0.9473333333333334,0.8962693357597816,0.9945,1,1
mixed-correlated,351,whole-call,0.994546633651692,0.9473333333333334,0.8962693357597816,0.9945,0,0
mixed-correlated,351,joint-long-schema,0.994546633651692,0.9473333333333334,0.8962693357597816,0.9945,0,0
mixed-correlated,352,field-average,0.9944237918215614,0.948,0.9111111111111111,0.9955,1,1
mixed-correlated,352,whole-call,0.9944237918215614,0.948,0.9111111111111111,0.9955,0,0
mixed-correlated,352,joint-long-schema,0.9944237918215614,0.948,0.9111111111111111,0.9955,0,0
mixed-correlated,353,field-average,0.9941839549106608,0.9453333333333334,0.9017341040462428,0.993,1,1
mixed-correlated,353,whole-call,0.9941839549106608,0.9453333333333334,0.9017341040462428,0.993,0,0
mixed-correlated,353,joint-long-schema,0.9941839549106608,0.9453333333333334,0.9017341040462428,0.993,0,0
mixed-correlated,354,field-average,0.9951899806389157,0.952,0.9162790697674419,0.9946666666666667,1,0
mixed-correlated,354,whole-call,0.9951899806389157,0.952,0.9162790697674419,0.9946666666666667,1,0
mixed-correlated,354,joint-long-schema,0.9951899806389157,0.952,0.9162790697674419,0.9946666666666667,1,0
mixed-correlated,355,field-average,0.9943167929601564,0.9493333333333334,0.9024154589371981,0.9946666666666667,1,1
mixed-correlated,355,whole-call,0.9943167929601564,0.9493333333333334,0.9024154589371981,0.9946666666666667,0,0
mixed-correlated,355,joint-long-schema,0.9943167929601564,0.9493333333333334,0.9024154589371981,0.9946666666666667,0,0
mixed-correlated,356,field-average,0.9947691197691197,0.9483333333333334,0.9093457943925234,0.9941666666666666,1,1
mixed-correlated,356,whole-call,0.9947691197691197,0.9483333333333334,0.9093457943925234,0.9941666666666666,0,0
mixed-correlated,356,joint-long-schema,0.9947691197691197,0.9483333333333334,0.9093457943925234,0.9941666666666666,0,0
mixed-correlated,357,field-average,0.9949250845819236,0.9516666666666667,0.9094304388422035,0.9951666666666666,1,0
mixed-correlated,357,whole-call,0.9949250845819236,0.9516666666666667,0.9094304388422035,0.9951666666666666,1,0
mixed-correlated,357,joint-long-schema,0.9949250845819236,0.9516666666666667,0.9094304388422035,0.9951666666666666,1,0
mixed-correlated,358,field-average,0.9954322501532802,0.9556666666666667,0.9150657229524772,0.9948333333333333,1,0
mixed-correlated,358,whole-call,0.9954322501532802,0.9556666666666667,0.9150657229524772,0.9948333333333333,1,0
mixed-correlated,358,joint-long-schema,0.9954322501532802,0.9556666666666667,0.9150657229524772,0.9948333333333333,1,0
mixed-correlated,359,field-average,0.9939498966313998,0.9473333333333334,0.9100378787878788,0.994,1,1
mixed-correlated,359,whole-call,0.9939498966313998,0.9473333333333334,0.9100378787878788,0.994,0,0
mixed-correlated,359,joint-long-schema,0.9939498966313998,0.9473333333333334,0.9100378787878788,0.994,0,0
mixed-correlated,360,field-average,0.9948504168710152,0.9553333333333334,0.9227099236641222,0.9951666666666666,1,0
mixed-correlated,360,whole-call,0.9948504168710152,0.9553333333333334,0.9227099236641222,0.9951666666666666,1,0
mixed-correlated,360,joint-long-schema,0.9948504168710152,0.9553333333333334,0.9227099236641222,0.9951666666666666,1,0
mixed-correlated,361,field-average,0.9956768038163387,0.9566666666666667,0.9171483622350675,0.9953333333333333,1,0
mixed-correlated,361,whole-call,0.9956768038163387,0.9566666666666667,0.9171483622350675,0.9953333333333333,1,0
mixed-correlated,361,joint-long-schema,0.9956768038163387,0.9566666666666667,0.9171483622350675,0.9953333333333333,1,0
mixed-correlated,362,field-average,0.9936456516321953,0.9496666666666667,0.9035087719298246,0.9948333333333333,1,1
mixed-correlated,362,whole-call,0.9936456516321953,0.9496666666666667,0.9035087719298246,0.9948333333333333,0,0
mixed-correlated,362,joint-long-schema,0.9936456516321953,0.9496666666666667,0.9035087719298246,0.9948333333333333,0,0
mixed-correlated,363,field-average,0.9938237799683582,0.942,0.8902912621359224,0.9945,1,1
mixed-correlated,363,whole-call,0.9938237799683582,0.942,0.8902912621359224,0.9945,0,0
mixed-correlated,363,joint-long-schema,0.9938237799683582,0.942,0.8902912621359224,0.9945,0,0
mixed-correlated,364,field-average,0.9938761693746923,0.945,0.904162633107454,0.9948333333333333,1,1
mixed-correlated,364,whole-call,0.9938761693746923,0.945,0.904162633107454,0.9948333333333333,0,0
mixed-correlated,364,joint-long-schema,0.9938761693746923,0.945,0.904162633107454,0.9948333333333333,0,0
mixed-correlated,365,field-average,0.9945402655416304,0.9503333333333334,0.9154078549848943,0.9946666666666667,1,0
mixed-correlated,365,whole-call,0.9945402655416304,0.9503333333333334,0.9154078549848943,0.9946666666666667,1,0
mixed-correlated,365,joint-long-schema,0.9945402655416304,0.9503333333333334,0.9154078549848943,0.9946666666666667,1,0
mixed-correlated,366,field-average,0.9950826595873055,0.9483333333333334,0.9213051823416507,0.9956666666666667,1,1
mixed-correlated,366,whole-call,0.9950826595873055,0.9483333333333334,0.9213051823416507,0.9956666666666667,0,0
mixed-correlated,366,joint-long-schema,0.9950826595873055,0.9483333333333334,0.9213051823416507,0.9956666666666667,0,0
mixed-correlated,367,field-average,0.9956544874068819,0.9543333333333334,0.917910447761194,0.9955,1,0
mixed-correlated,367,whole-call,0.9956544874068819,0.9543333333333334,0.917910447761194,0.9955,1,0
mixed-correlated,367,joint-long-schema,0.9956544874068819,0.9543333333333334,0.917910447761194,0.9955,1,0
mixed-correlated,368,field-average,0.9952773068539598,0.9553333333333334,0.910958904109589,0.9955,1,0
mixed-correlated,368,whole-call,0.9952773068539598,0.9553333333333334,0.910958904109589,0.9955,1,0
mixed-correlated,368,joint-long-schema,0.9952773068539598,0.9553333333333334,0.910958904109589,0.9955,1,0
mixed-correlated,369,field-average,0.995286461501034,0.9576666666666667,0.9146692233940557,0.9956666666666667,1,0
mixed-correlated,369,whole-call,0.995286461501034,0.9576666666666667,0.9146692233940557,0.9956666666666667,1,0
mixed-correlated,369,joint-long-schema,0.995286461501034,0.9576666666666667,0.9146692233940557,0.9956666666666667,1,0
mixed-correlated,370,field-average,0.9951583980872684,0.9496666666666667,0.9214758751182592,0.9953333333333333,1,1
mixed-correlated,370,whole-call,0.9951583980872684,0.9496666666666667,0.9214758751182592,0.9953333333333333,0,0
mixed-correlated,370,joint-long-schema,0.9951583980872684,0.9496666666666667,0.9214758751182592,0.9953333333333333,0,0
mixed-correlated,371,field-average,0.9943084455324357,0.9493333333333334,0.9083011583011583,0.9926666666666667,1,1
mixed-correlated,371,whole-call,0.9943084455324357,0.9493333333333334,0.9083011583011583,0.9926666666666667,0,0
mixed-correlated,371,joint-long-schema,0.9943084455324357,0.9493333333333334,0.9083011583011583,0.9926666666666667,0,0
mixed-correlated,372,field-average,0.9953276626332814,0.956,0.9293023255813954,0.9965,1,0
mixed-correlated,372,whole-call,0.9953276626332814,0.956,0.9293023255813954,0.9965,1,0
mixed-correlated,372,joint-long-schema,0.9953276626332814,0.956,0.9293023255813954,0.9965,1,0
mixed-correlated,373,field-average,0.9945237807091856,0.9533333333333334,0.9127962085308057,0.9946666666666667,1,0
mixed-correlated,373,whole-call,0.9945237807091856,0.9533333333333334,0.9127962085308057,0.9946666666666667,1,0
mixed-correlated,373,joint-long-schema,0.9945237807091856,0.9533333333333334,0.9127962085308057,0.9946666666666667,1,0
mixed-correlated,374,field-average,0.9941172921443224,0.944,0.9025304592314901,0.9933333333333333,1,1
mixed-correlated,374,whole-call,0.9941172921443224,0.944,0.9025304592314901,0.9933333333333333,0,0
mixed-correlated,374,joint-long-schema,0.9941172921443224,0.944,0.9025304592314901,0.9933333333333333,0,0
mixed-correlated,375,field-average,0.9940107270560191,0.946,0.913968547641073,0.9938333333333333,1,1
mixed-correlated,375,whole-call,0.9940107270560191,0.946,0.913968547641073,0.9938333333333333,0,0
mixed-correlated,375,joint-long-schema,0.9940107270560191,0.946,0.913968547641073,0.9938333333333333,0,0
mixed-correlated,376,field-average,0.9942546583850932,0.9483333333333334,0.893491124260355,0.9948333333333333,1,1
mixed-correlated,376,whole-call,0.9942546583850932,0.9483333333333334,0.893491124260355,0.9948333333333333,0,0
mixed-correlated,376,joint-long-schema,0.9942546583850932,0.9483333333333334,0.893491124260355,0.9948333333333333,0,0
mixed-correlated,377,field-average,0.9952706907280647,0.9526666666666667,0.9224489795918367,0.9938333333333333,1,0
mixed-correlated,377,whole-call,0.9952706907280647,0.9526666666666667,0.9224489795918367,0.9938333333333333,1,0
mixed-correlated,377,joint-long-schema,0.9952706907280647,0.9526666666666667,0.9224489795918367,0.9938333333333333,1,0
mixed-correlated,378,field-average,0.9939955659563986,0.95,0.9048562933597621,0.995,1,0
mixed-correlated,378,whole-call,0.9939955659563986,0.95,0.9048562933597621,0.995,1,0
mixed-correlated,378,joint-long-schema,0.9939955659563986,0.95,0.9048562933597621,0.995,1,0
mixed-correlated,379,field-average,0.9943360794766174,0.9446666666666667,0.9022770398481973,0.9941666666666666,1,1
mixed-correlated,379,whole-call,0.9943360794766174,0.9446666666666667,0.9022770398481973,0.9941666666666666,0,0
mixed-correlated,379,joint-long-schema,0.9943360794766174,0.9446666666666667,0.9022770398481973,0.9941666666666666,0,0
mixed-correlated,380,field-average,0.9952248549323017,0.9543333333333334,0.9308056872037914,0.9951666666666666,1,0
mixed-correlated,380,whole-call,0.9952248549323017,0.9543333333333334,0.9308056872037914,0.9951666666666666,1,0
mixed-correlated,380,joint-long-schema,0.9952248549323017,0.9543333333333334,0.9308056872037914,0.9951666666666666,1,0
mixed-correlated,381,field-average,0.9950205214872042,0.9526666666666667,0.9252873563218391,0.9948333333333333,1,0
mixed-correlated,381,whole-call,0.9950205214872042,0.9526666666666667,0.9252873563218391,0.9948333333333333,1,0
mixed-correlated,381,joint-long-schema,0.9950205214872042,0.9526666666666667,0.9252873563218391,0.9948333333333333,1,0
mixed-correlated,382,field-average,0.9945919961543084,0.9476666666666667,0.904147465437788,0.9943333333333333,1,1
mixed-correlated,382,whole-call,0.9945919961543084,0.9476666666666667,0.904147465437788,0.9943333333333333,0,0
mixed-correlated,382,joint-long-schema,0.9945919961543084,0.9476666666666667,0.904147465437788,0.9943333333333333,0,0
mixed-correlated,383,field-average,0.9949725776965265,0.95,0.9036964980544747,0.9965,1,0
mixed-correlated,383,whole-call,0.9949725776965265,0.95,0.9036964980544747,0.9965,1,0
mixed-correlated,383,joint-long-schema,0.9949725776965265,0.95,0.9036964980544747,0.9965,1,0
mixed-correlated,384,field-average,0.9952773068539598,0.952,0.9113207547169812,0.9953333333333333,1,0
mixed-correlated,384,whole-call,0.9952773068539598,0.952,0.9113207547169812,0.9953333333333333,1,0
mixed-correlated,384,joint-long-schema,0.9952773068539598,0.952,0.9113207547169812,0.9953333333333333,1,0
mixed-correlated,385,field-average,0.9934310850439882,0.9416666666666667,0.897716894977169,0.993,1,1
mixed-correlated,385,whole-call,0.9934310850439882,0.9416666666666667,0.897716894977169,0.993,0,0
mixed-correlated,385,joint-long-schema,0.9934310850439882,0.9416666666666667,0.897716894977169,0.993,0,0
mixed-correlated,386,field-average,0.9937931034482759,0.9493333333333334,0.917255297679112,0.994,1,1
mixed-correlated,386,whole-call,0.9937931034482759,0.9493333333333334,0.917255297679112,0.994,0,0
mixed-correlated,386,joint-long-schema,0.9937931034482759,0.9493333333333334,0.917255297679112,0.994,0,0
mixed-correlated,387,field-average,0.9944341372912802,0.949,0.903883495145631,0.9941666666666666,1,1
mixed-correlated,387,whole-call,0.9944341372912802,0.949,0.903883495145631,0.9941666666666666,0,0
mixed-correlated,387,joint-long-schema,0.9944341372912802,0.949,0.903883495145631,0.9941666666666666,0,0
mixed-correlated,388,field-average,0.9942897276169537,0.946,0.8975609756097561,0.9951666666666666,1,1
mixed-correlated,388,whole-call,0.9942897276169537,0.946,0.8975609756097561,0.9951666666666666,0,0
mixed-correlated,388,joint-long-schema,0.9942897276169537,0.946,0.8975609756097561,0.9951666666666666,0,0
mixed-correlated,389,field-average,0.9935444579780756,0.944,0.8925855513307985,0.9943333333333333,1,1
mixed-correlated,389,whole-call,0.9935444579780756,0.944,0.8925855513307985,0.9943333333333333,0,0
mixed-correlated,389,joint-long-schema,0.9935444579780756,0.944,0.8925855513307985,0.9943333333333333,0,0
mixed-correlated,390,field-average,0.9932934131736527,0.9436666666666667,0.8981481481481481,0.9945,1,1
mixed-correlated,390,whole-call,0.9932934131736527,0.9436666666666667,0.8981481481481481,0.9945,0,0
mixed-correlated,390,joint-long-schema,0.9932934131736527,0.9436666666666667,0.8981481481481481,0.9945,0,0
mixed-correlated,391,field-average,0.994344030493053,0.9523333333333334,0.9186834462729913,0.9956666666666667,1,0
mixed-correlated,391,whole-call,0.994344030493053,0.9523333333333334,0.9186834462729913,0.9956666666666667,1,0
mixed-correlated,391,joint-long-schema,0.994344030493053,0.9523333333333334,0.9186834462729913,0.9956666666666667,1,0
mixed-correlated,392,field-average,0.9935443190007206,0.9396666666666667,0.8889925373134329,0.9925,1,1
mixed-correlated,392,whole-call,0.9935443190007206,0.9396666666666667,0.8889925373134329,0.9925,0,0
mixed-correlated,392,joint-long-schema,0.9935443190007206,0.9396666666666667,0.8889925373134329,0.9925,0,0
mixed-correlated,393,field-average,0.9944903581267218,0.9503333333333334,0.9048067860508954,0.9943333333333333,1,0
mixed-correlated,393,whole-call,0.9944903581267218,0.9503333333333334,0.9048067860508954,0.9943333333333333,1,0
mixed-correlated,393,joint-long-schema,0.9944903581267218,0.9503333333333334,0.9048067860508954,0.9943333333333333,1,0
mixed-correlated,394,field-average,0.9949400072718458,0.9483333333333334,0.9133271202236719,0.995,1,1
mixed-correlated,394,whole-call,0.9949400072718458,0.9483333333333334,0.9133271202236719,0.995,0,0
mixed-correlated,394,joint-long-schema,0.9949400072718458,0.9483333333333334,0.9133271202236719,0.995,0,0
mixed-correlated,395,field-average,0.9951136086000488,0.9536666666666667,0.9118511263467189,0.9946666666666667,1,0
mixed-correlated,395,whole-call,0.9951136086000488,0.9536666666666667,0.9118511263467189,0.9946666666666667,1,0
mixed-correlated,395,joint-long-schema,0.9951136086000488,0.9536666666666667,0.9118511263467189,0.9946666666666667,1,0
mixed-correlated,396,field-average,0.9955191594561187,0.9543333333333334,0.9165029469548134,0.9948333333333333,1,0
mixed-correlated,396,whole-call,0.9955191594561187,0.9543333333333334,0.9165029469548134,0.9948333333333333,1,0
mixed-correlated,396,joint-long-schema,0.9955191594561187,0.9543333333333334,0.9165029469548134,0.9948333333333333,1,0
mixed-correlated,397,field-average,0.9943290926548247,0.947,0.8971000935453695,0.995,1,1
mixed-correlated,397,whole-call,0.9943290926548247,0.947,0.8971000935453695,0.995,0,0
mixed-correlated,397,joint-long-schema,0.9943290926548247,0.947,0.8971000935453695,0.995,0,0
mixed-correlated,398,field-average,0.9938565077796987,0.9446666666666667,0.9066265060240963,0.9926666666666667,1,1
mixed-correlated,398,whole-call,0.9938565077796987,0.9446666666666667,0.9066265060240963,0.9926666666666667,0,0
mixed-correlated,398,joint-long-schema,0.9938565077796987,0.9446666666666667,0.9066265060240963,0.9926666666666667,0,0
mixed-correlated,399,field-average,0.9929294160672925,0.944,0.9000925069380203,0.9948333333333333,1,1
mixed-correlated,399,whole-call,0.9929294160672925,0.944,0.9000925069380203,0.9948333333333333,0,0
mixed-correlated,399,joint-long-schema,0.9929294160672925,0.944,0.9000925069380203,0.9948333333333333,0,0
mixed-correlated,400,field-average,0.9948189686699987,0.9476666666666667,0.9048067860508954,0.9946666666666667,1,1
mixed-correlated,400,whole-call,0.9948189686699987,0.9476666666666667,0.9048067860508954,0.9946666666666667,0,0
mixed-correlated,400,joint-long-schema,0.9948189686699987,0.9476666666666667,0.9048067860508954,0.9946666666666667,0,0
mixed-correlated,401,field-average,0.9947384428223844,0.9463333333333334,0.9006685768863419,0.9945,1,1
mixed-correlated,401,whole-call,0.9947384428223844,0.9463333333333334,0.9006685768863419,0.9945,0,0
mixed-correlated,401,joint-long-schema,0.9947384428223844,0.9463333333333334,0.9006685768863419,0.9945,0,0
mixed-correlated,402,field-average,0.9950248756218906,0.953,0.9099099099099099,0.995,1,0
mixed-correlated,402,whole-call,0.9950248756218906,0.953,0.9099099099099099,0.995,1,0
mixed-correlated,402,joint-long-schema,0.9950248756218906,0.953,0.9099099099099099,0.995,1,0
mixed-correlated,403,field-average,0.9939484247658436,0.9516666666666667,0.9109390125847048,0.9948333333333333,1,0
mixed-correlated,403,whole-call,0.9939484247658436,0.9516666666666667,0.9109390125847048,0.9948333333333333,1,0
mixed-correlated,403,joint-long-schema,0.9939484247658436,0.9516666666666667,0.9109390125847048,0.9948333333333333,1,0
mixed-correlated,404,field-average,0.9944850772679014,0.9466666666666667,0.9101741521539871,0.9933333333333333,1,1
mixed-correlated,404,whole-call,0.9944850772679014,0.9466666666666667,0.9101741521539871,0.9933333333333333,0,0
mixed-correlated,404,joint-long-schema,0.9944850772679014,0.9466666666666667,0.9101741521539871,0.9933333333333333,0,0
mixed-correlated,405,field-average,0.9950557353469974,0.9506666666666667,0.92018779342723,0.9945,1,0
mixed-correlated,405,whole-call,0.9950557353469974,0.9506666666666667,0.92018779342723,0.9945,1,0
mixed-correlated,405,joint-long-schema,0.9950557353469974,0.9506666666666667,0.92018779342723,0.9945,1,0
mixed-correlated,406,field-average,0.9947127139364303,0.9513333333333334,0.8996138996138996,0.9955,1,0
mixed-correlated,406,whole-call,0.9947127139364303,0.9513333333333334,0.8996138996138996,0.9955,1,0
mixed-correlated,406,joint-long-schema,0.9947127139364303,0.9513333333333334,0.8996138996138996,0.9955,0,0
mixed-correlated,407,field-average,0.9946249694600537,0.9503333333333334,0.9118198874296435,0.995,1,0
mixed-correlated,407,whole-call,0.9946249694600537,0.9503333333333334,0.9118198874296435,0.995,1,0
mixed-correlated,407,joint-long-schema,0.9946249694600537,0.9503333333333334,0.9118198874296435,0.995,1,0
mixed-correlated,408,field-average,0.9948886454910552,0.951,0.9119617224880383,0.996,1,0
mixed-correlated,408,whole-call,0.9948886454910552,0.951,0.9119617224880383,0.996,1,0
mixed-correlated,408,joint-long-schema,0.9948886454910552,0.951,0.9119617224880383,0.996,1,0
mixed-correlated,409,field-average,0.9941931168673234,0.9463333333333334,0.8991517436380773,0.9953333333333333,1,1
mixed-correlated,409,whole-call,0.9941931168673234,0.9463333333333334,0.8991517436380773,0.9953333333333333,0,0
mixed-correlated,409,joint-long-schema,0.9941931168673234,0.9463333333333334,0.8991517436380773,0.9953333333333333,0,0
mixed-correlated,410,field-average,0.9934809348093481,0.946,0.9028741328047571,0.9916666666666667,1,1
mixed-correlated,410,whole-call,0.9934809348093481,0.946,0.9028741328047571,0.9916666666666667,0,0
mixed-correlated,410,joint-long-schema,0.9934809348093481,0.946,0.9028741328047571,0.9916666666666667,0,0
mixed-correlated,411,field-average,0.9937347188264058,0.9413333333333334,0.887189292543021,0.9943333333333333,1,1
mixed-correlated,411,whole-call,0.9937347188264058,0.9413333333333334,0.887189292543021,0.9943333333333333,0,0
mixed-correlated,411,joint-long-schema,0.9937347188264058,0.9413333333333334,0.887189292543021,0.9943333333333333,0,0
mixed-correlated,412,field-average,0.995274445656125,0.9556666666666667,0.9110047846889953,0.996,1,0
mixed-correlated,412,whole-call,0.995274445656125,0.9556666666666667,0.9110047846889953,0.996,1,0
mixed-correlated,412,joint-long-schema,0.995274445656125,0.9556666666666667,0.9110047846889953,0.996,1,0
mixed-correlated,413,field-average,0.9954784308933154,0.954,0.920952380952381,0.995,1,0
mixed-correlated,413,whole-call,0.9954784308933154,0.954,0.920952380952381,0.995,1,0
mixed-correlated,413,joint-long-schema,0.9954784308933154,0.954,0.920952380952381,0.995,1,0
mixed-correlated,414,field-average,0.9946490791438527,0.9493333333333334,0.893574297188755,0.9951666666666666,1,1
mixed-correlated,414,whole-call,0.9946490791438527,0.9493333333333334,0.893574297188755,0.9951666666666666,0,0
mixed-correlated,414,joint-long-schema,0.9946490791438527,0.9493333333333334,0.893574297188755,0.9951666666666666,0,0
mixed-correlated,415,field-average,0.9950276243093923,0.9496666666666667,0.9098671726755219,0.9955,1,1
mixed-correlated,415,whole-call,0.9950276243093923,0.9496666666666667,0.9098671726755219,0.9955,0,0
mixed-correlated,415,joint-long-schema,0.9950276243093923,0.9496666666666667,0.9098671726755219,0.9955,0,0
mixed-correlated,416,field-average,0.9942206863679695,0.9453333333333334,0.9008341056533827,0.9938333333333333,1,1
mixed-correlated,416,whole-call,0.9942206863679695,0.9453333333333334,0.9008341056533827,0.9938333333333333,0,0
mixed-correlated,416,joint-long-schema,0.9942206863679695,0.9453333333333334,0.9008341056533827,0.9938333333333333,0,0
mixed-correlated,417,field-average,0.9940716293851607,0.9443333333333334,0.9038095238095238,0.9936666666666667,1,1
mixed-correlated,417,whole-call,0.9940716293851607,0.9443333333333334,0.9038095238095238,0.9936666666666667,0,0
mixed-correlated,417,joint-long-schema,0.9940716293851607,0.9443333333333334,0.9038095238095238,0.9936666666666667,0,0
mixed-correlated,418,field-average,0.9943569391045517,0.952,0.9152709359605912,0.9936666666666667,1,0
mixed-correlated,418,whole-call,0.9943569391045517,0.952,0.9152709359605912,0.9936666666666667,1,0
mixed-correlated,418,joint-long-schema,0.9943569391045517,0.952,0.9152709359605912,0.9936666666666667,1,0
mixed-correlated,419,field-average,0.9943037207611198,0.9446666666666667,0.8947867298578199,0.995,1,1
mixed-correlated,419,whole-call,0.9943037207611198,0.9446666666666667,0.8947867298578199,0.995,0,0
mixed-correlated,419,joint-long-schema,0.9943037207611198,0.9446666666666667,0.8947867298578199,0.995,0,0
mixed-correlated,420,field-average,0.9956037875061485,0.9576666666666667,0.9238187078109933,0.9953333333333333,1,0
mixed-correlated,420,whole-call,0.9956037875061485,0.9576666666666667,0.9238187078109933,0.9953333333333333,1,0
mixed-correlated,420,joint-long-schema,0.9956037875061485,0.9576666666666667,0.9238187078109933,0.9953333333333333,1,0
mixed-correlated,421,field-average,0.9942896436259269,0.947,0.9035250463821892,0.9936666666666667,1,1
mixed-correlated,421,whole-call,0.9942896436259269,0.947,0.9035250463821892,0.9936666666666667,0,0
mixed-correlated,421,joint-long-schema,0.9942896436259269,0.947,0.9035250463821892,0.9936666666666667,0,0
mixed-correlated,422,field-average,0.9937991891247316,0.941,0.8994515539305301,0.9948333333333333,1,1
mixed-correlated,422,whole-call,0.9937991891247316,0.941,0.8994515539305301,0.9948333333333333,0,0
mixed-correlated,422,joint-long-schema,0.9937991891247316,0.941,0.8994515539305301,0.9948333333333333,0,0
mixed-correlated,423,field-average,0.9955820563519525,0.9553333333333334,0.916256157635468,0.9943333333333333,1,0
mixed-correlated,423,whole-call,0.9955820563519525,0.9553333333333334,0.916256157635468,0.9943333333333333,1,0
mixed-correlated,423,joint-long-schema,0.9955820563519525,0.9553333333333334,0.916256157635468,0.9943333333333333,1,0
mixed-correlated,424,field-average,0.995325968192303,0.954,0.9124643196955281,0.9961666666666666,1,0
mixed-correlated,424,whole-call,0.995325968192303,0.954,0.9124643196955281,0.9961666666666666,1,0
mixed-correlated,424,joint-long-schema,0.995325968192303,0.954,0.9124643196955281,0.9961666666666666,1,0
mixed-correlated,425,field-average,0.9945579472212088,0.9496666666666667,0.9062200956937799,0.995,1,1
mixed-correlated,425,whole-call,0.9945579472212088,0.9496666666666667,0.9062200956937799,0.995,0,0
mixed-correlated,425,joint-long-schema,0.9945579472212088,0.9496666666666667,0.9062200956937799,0.995,0,0
mixed-correlated,426,field-average,0.9948167791706847,0.954,0.9167437557816837,0.9945,1,0
mixed-correlated,426,whole-call,0.9948167791706847,0.954,0.9167437557816837,0.9945,1,0
mixed-correlated,426,joint-long-schema,0.9948167791706847,0.954,0.9167437557816837,0.9945,1,0
mixed-correlated,427,field-average,0.9950262091970455,0.9503333333333334,0.9098591549295775,0.9941666666666666,1,0
mixed-correlated,427,whole-call,0.9950262091970455,0.9503333333333334,0.9098591549295775,0.9941666666666666,1,0
mixed-correlated,427,joint-long-schema,0.9950262091970455,0.9503333333333334,0.9098591549295775,0.9941666666666666,1,0
mixed-correlated,428,field-average,0.9941874472955066,0.9483333333333334,0.9163533834586466,0.9946666666666667,1,1
mixed-correlated,428,whole-call,0.9941874472955066,0.9483333333333334,0.9163533834586466,0.9946666666666667,0,0
mixed-correlated,428,joint-long-schema,0.9941874472955066,0.9483333333333334,0.9163533834586466,0.9946666666666667,0,0
mixed-correlated,429,field-average,0.9938334127740706,0.9456666666666667,0.8928571428571429,0.9945,1,1
mixed-correlated,429,whole-call,0.9938334127740706,0.9456666666666667,0.8928571428571429,0.9945,0,0
mixed-correlated,429,joint-long-schema,0.9938334127740706,0.9456666666666667,0.8928571428571429,0.9945,0,0
mixed-correlated,430,field-average,0.9948326771653543,0.95,0.9044334975369458,0.9951666666666666,1,0
mixed-correlated,430,whole-call,0.9948326771653543,0.95,0.9044334975369458,0.9951666666666666,1,0
mixed-correlated,430,joint-long-schema,0.9948326771653543,0.95,0.9044334975369458,0.9951666666666666,1,0
mixed-correlated,431,field-average,0.9937598449048831,0.9433333333333334,0.8869395711500975,0.9938333333333333,1,1
mixed-correlated,431,whole-call,0.9937598449048831,0.9433333333333334,0.8869395711500975,0.9938333333333333,0,0
mixed-correlated,431,joint-long-schema,0.9937598449048831,0.9433333333333334,0.8869395711500975,0.9938333333333333,0,0
mixed-correlated,432,field-average,0.9940153010858835,0.9456666666666667,0.9026548672566371,0.9933333333333333,1,1
mixed-correlated,432,whole-call,0.9940153010858835,0.9456666666666667,0.9026548672566371,0.9933333333333333,0,0
mixed-correlated,432,joint-long-schema,0.9940153010858835,0.9456666666666667,0.9026548672566371,0.9933333333333333,0,0
mixed-correlated,433,field-average,0.9956721585482331,0.9563333333333334,0.915129151291513,0.9961666666666666,1,0
mixed-correlated,433,whole-call,0.9956721585482331,0.9563333333333334,0.915129151291513,0.9961666666666666,1,0
mixed-correlated,433,joint-long-schema,0.9956721585482331,0.9563333333333334,0.915129151291513,0.9961666666666666,1,0
mixed-correlated,434,field-average,0.993758581949819,0.9453333333333334,0.9053254437869822,0.993,1,1
mixed-correlated,434,whole-call,0.993758581949819,0.9453333333333334,0.9053254437869822,0.993,0,0
mixed-correlated,434,joint-long-schema,0.993758581949819,0.9453333333333334,0.9053254437869822,0.993,0,0
mixed-correlated,435,field-average,0.9946808510638298,0.9493333333333334,0.9079696394686907,0.9938333333333333,1,1
mixed-correlated,435,whole-call,0.9946808510638298,0.9493333333333334,0.9079696394686907,0.9938333333333333,0,0
mixed-correlated,435,joint-long-schema,0.9946808510638298,0.9493333333333334,0.9079696394686907,0.9938333333333333,0,0
mixed-correlated,436,field-average,0.9942399049881235,0.9433333333333334,0.8896164639850327,0.9951666666666666,1,1
mixed-correlated,436,whole-call,0.9942399049881235,0.9433333333333334,0.8896164639850327,0.9951666666666666,0,0
mixed-correlated,436,joint-long-schema,0.9942399049881235,0.9433333333333334,0.8896164639850327,0.9951666666666666,0,0
mixed-correlated,437,field-average,0.9951209034000246,0.9556666666666667,0.9237536656891495,0.9951666666666666,1,0
mixed-correlated,437,whole-call,0.9951209034000246,0.9556666666666667,0.9237536656891495,0.9951666666666666,1,0
mixed-correlated,437,joint-long-schema,0.9951209034000246,0.9556666666666667,0.9237536656891495,0.9951666666666666,1,0
mixed-correlated,438,field-average,0.9944259669869426,0.948,0.9001919385796545,0.9943333333333333,1,1
mixed-correlated,438,whole-call,0.9944259669869426,0.948,0.9001919385796545,0.9943333333333333,0,0
mixed-correlated,438,joint-long-schema,0.9944259669869426,0.948,0.9001919385796545,0.9943333333333333,0,0
mixed-correlated,439,field-average,0.9949446316803081,0.9566666666666667,0.9178338001867413,0.9958333333333333,1,0
mixed-correlated,439,whole-call,0.9949446316803081,0.9566666666666667,0.9178338001867413,0.9958333333333333,1,0
mixed-correlated,439,joint-long-schema,0.9949446316803081,0.9566666666666667,0.9178338001867413,0.9958333333333333,1,0
mixed-correlated,440,field-average,0.9950018398135656,0.9486666666666667,0.9049019607843137,0.994,1,1
mixed-correlated,440,whole-call,0.9950018398135656,0.9486666666666667,0.9049019607843137,0.994,0,0
mixed-correlated,440,joint-long-schema,0.9950018398135656,0.9486666666666667,0.9049019607843137,0.994,0,0
mixed-correlated,441,field-average,0.9947193723596862,0.949,0.918233082706767,0.9943333333333333,1,1
mixed-correlated,441,whole-call,0.9947193723596862,0.949,0.918233082706767,0.9943333333333333,0,0
mixed-correlated,441,joint-long-schema,0.9947193723596862,0.949,0.918233082706767,0.9943333333333333,0,0
mixed-correlated,442,field-average,0.9937101239918141,0.9403333333333334,0.8801534036433365,0.9951666666666666,1,1
mixed-correlated,442,whole-call,0.9937101239918141,0.9403333333333334,0.8801534036433365,0.9951666666666666,0,0
mixed-correlated,442,joint-long-schema,0.9937101239918141,0.9403333333333334,0.8801534036433365,0.9951666666666666,0,0
mixed-correlated,443,field-average,0.9945861405197305,0.9456666666666667,0.8973634651600754,0.995,1,1
mixed-correlated,443,whole-call,0.9945861405197305,0.9456666666666667,0.8973634651600754,0.995,0,0
mixed-correlated,443,joint-long-schema,0.9945861405197305,0.9456666666666667,0.8973634651600754,0.995,0,0
mixed-correlated,444,field-average,0.9944734965533635,0.947,0.9142066420664207,0.993,1,1
mixed-correlated,444,whole-call,0.9944734965533635,0.947,0.9142066420664207,0.993,0,0
mixed-correlated,444,joint-long-schema,0.9944734965533635,0.947,0.9142066420664207,0.993,0,0
mixed-correlated,445,field-average,0.9949805305427111,0.949,0.908203125,0.995,1,1
mixed-correlated,445,whole-call,0.9949805305427111,0.949,0.908203125,0.995,0,0
mixed-correlated,445,joint-long-schema,0.9949805305427111,0.949,0.908203125,0.995,0,0
mixed-correlated,446,field-average,0.9949747231584015,0.9496666666666667,0.9124293785310734,0.9958333333333333,1,1
mixed-correlated,446,whole-call,0.9949747231584015,0.9496666666666667,0.9124293785310734,0.9958333333333333,0,0
mixed-correlated,446,joint-long-schema,0.9949747231584015,0.9496666666666667,0.9124293785310734,0.9958333333333333,0,0
mixed-correlated,447,field-average,0.9945625906234896,0.9536666666666667,0.9102316602316602,0.9946666666666667,1,0
mixed-correlated,447,whole-call,0.9945625906234896,0.9536666666666667,0.9102316602316602,0.9946666666666667,1,0
mixed-correlated,447,joint-long-schema,0.9945625906234896,0.9536666666666667,0.9102316602316602,0.9946666666666667,1,0
mixed-correlated,448,field-average,0.994779926444418,0.9496666666666667,0.9161290322580645,0.9931666666666666,1,1
mixed-correlated,448,whole-call,0.994779926444418,0.9496666666666667,0.9161290322580645,0.9931666666666666,0,0
mixed-correlated,448,joint-long-schema,0.994779926444418,0.9496666666666667,0.9161290322580645,0.9931666666666666,0,0
mixed-correlated,449,field-average,0.9945691747572816,0.9506666666666667,0.9232227488151659,0.994,1,0
mixed-correlated,449,whole-call,0.9945691747572816,0.9506666666666667,0.9232227488151659,0.994,1,0
mixed-correlated,449,joint-long-schema,0.9945691747572816,0.9506666666666667,0.9232227488151659,0.994,1,0
mixed-correlated,450,field-average,0.9923553719008265,0.9386666666666666,0.8894927536231884,0.993,1,1
mixed-correlated,450,whole-call,0.9923553719008265,0.9386666666666666,0.8894927536231884,0.993,0,0
mixed-correlated,450,joint-long-schema,0.9923553719008265,0.9386666666666666,0.8894927536231884,0.993,0,0
mixed-correlated,451,field-average,0.9944559522358962,0.9506666666666667,0.9067307692307692,0.994,1,0
mixed-correlated,451,whole-call,0.9944559522358962,0.9506666666666667,0.9067307692307692,0.994,1,0
mixed-correlated,451,joint-long-schema,0.9944559522358962,0.9506666666666667,0.9067307692307692,0.994,1,0
mixed-correlated,452,field-average,0.9935693287604116,0.9466666666666667,0.8967181467181468,0.996,1,1
mixed-correlated,452,whole-call,0.9935693287604116,0.9466666666666667,0.8967181467181468,0.996,0,0
mixed-correlated,452,joint-long-schema,0.9935693287604116,0.9466666666666667,0.8967181467181468,0.996,0,0
mixed-correlated,453,field-average,0.9947050855805936,0.951,0.9099804305283757,0.995,1,0
mixed-correlated,453,whole-call,0.9947050855805936,0.951,0.9099804305283757,0.995,1,0
mixed-correlated,453,joint-long-schema,0.9947050855805936,0.951,0.9099804305283757,0.995,1,0
mixed-correlated,454,field-average,0.9948886454910552,0.9526666666666667,0.920303605313093,0.9946666666666667,1,0
mixed-correlated,454,whole-call,0.9948886454910552,0.9526666666666667,0.920303605313093,0.9946666666666667,1,0
mixed-correlated,454,joint-long-schema,0.9948886454910552,0.9526666666666667,0.920303605313093,0.9946666666666667,1,0
mixed-correlated,455,field-average,0.9942468619246861,0.9503333333333334,0.9123152709359605,0.994,1,0
mixed-correlated,455,whole-call,0.9942468619246861,0.9503333333333334,0.9123152709359605,0.994,1,0
mixed-correlated,455,joint-long-schema,0.9942468619246861,0.9503333333333334,0.9123152709359605,0.994,1,0
mixed-correlated,456,field-average,0.9951015747084986,0.9563333333333334,0.9232209737827716,0.9956666666666667,1,0
mixed-correlated,456,whole-call,0.9951015747084986,0.9563333333333334,0.9232209737827716,0.9956666666666667,1,0
mixed-correlated,456,joint-long-schema,0.9951015747084986,0.9563333333333334,0.9232209737827716,0.9956666666666667,1,0
mixed-correlated,457,field-average,0.9943629530852225,0.948,0.9085820895522388,0.9945,1,1
mixed-correlated,457,whole-call,0.9943629530852225,0.948,0.9085820895522388,0.9945,0,0
mixed-correlated,457,joint-long-schema,0.9943629530852225,0.948,0.9085820895522388,0.9945,0,0
mixed-correlated,458,field-average,0.9938737324963786,0.948,0.9080675422138836,0.9941666666666666,1,1
mixed-correlated,458,whole-call,0.9938737324963786,0.948,0.9080675422138836,0.9941666666666666,0,0
mixed-correlated,458,joint-long-schema,0.9938737324963786,0.948,0.9080675422138836,0.9941666666666666,0,0
mixed-correlated,459,field-average,0.9939185140802876,0.9483333333333334,0.9102927289896129,0.9936666666666667,1,1
mixed-correlated,459,whole-call,0.9939185140802876,0.9483333333333334,0.9102927289896129,0.9936666666666667,0,0
mixed-correlated,459,joint-long-schema,0.9939185140802876,0.9483333333333334,0.9102927289896129,0.9936666666666667,0,0
mixed-correlated,460,field-average,0.9947167956751444,0.947,0.900197628458498,0.995,1,1
mixed-correlated,460,whole-call,0.9947167956751444,0.947,0.900197628458498,0.995,0,0
mixed-correlated,460,joint-long-schema,0.9947167956751444,0.947,0.900197628458498,0.995,0,0
mixed-correlated,461,field-average,0.9942444670567285,0.9516666666666667,0.9213709677419355,0.9935,1,0
mixed-correlated,461,whole-call,0.9942444670567285,0.9516666666666667,0.9213709677419355,0.9935,1,0
mixed-correlated,461,joint-long-schema,0.9942444670567285,0.9516666666666667,0.9213709677419355,0.9935,1,0
mixed-correlated,462,field-average,0.9950474246608236,0.953,0.920952380952381,0.9931666666666666,1,0
mixed-correlated,462,whole-call,0.9950474246608236,0.953,0.920952380952381,0.9931666666666666,1,0
mixed-correlated,462,joint-long-schema,0.9950474246608236,0.953,0.920952380952381,0.9931666666666666,1,0
mixed-correlated,463,field-average,0.9942618990094225,0.9453333333333334,0.8998144712430427,0.9941666666666666,1,1
mixed-correlated,463,whole-call,0.9942618990094225,0.9453333333333334,0.8998144712430427,0.9941666666666666,0,0
mixed-correlated,463,joint-long-schema,0.9942618990094225,0.9453333333333334,0.8998144712430427,0.9941666666666666,0,0
mixed-correlated,464,field-average,0.9944739441837491,0.9516666666666667,0.9060336300692384,0.9948333333333333,1,0
mixed-correlated,464,whole-call,0.9944739441837491,0.9516666666666667,0.9060336300692384,0.9948333333333333,1,0
mixed-correlated,464,joint-long-schema,0.9944739441837491,0.9516666666666667,0.9060336300692384,0.9948333333333333,1,0
mixed-correlated,465,field-average,0.9942642642642643,0.9476666666666667,0.9094269870609981,0.9928333333333333,1,1
mixed-correlated,465,whole-call,0.9942642642642643,0.9476666666666667,0.9094269870609981,0.9928333333333333,0,0
mixed-correlated,465,joint-long-schema,0.9942642642642643,0.9476666666666667,0.9094269870609981,0.9928333333333333,0,0
mixed-correlated,466,field-average,0.9949132256134051,0.9486666666666667,0.909875359539789,0.9935,1,1
mixed-correlated,466,whole-call,0.9949132256134051,0.9486666666666667,0.909875359539789,0.9935,0,0
mixed-correlated,466,joint-long-schema,0.9949132256134051,0.9486666666666667,0.909875359539789,0.9935,0,0
mixed-correlated,467,field-average,0.9942766984284124,0.947,0.8981748318924111,0.994,1,1
mixed-correlated,467,whole-call,0.9942766984284124,0.947,0.8981748318924111,0.994,0,0
mixed-correlated,467,joint-long-schema,0.9942766984284124,0.947,0.8981748318924111,0.994,0,0
mixed-correlated,468,field-average,0.9945779420825631,0.955,0.9122468659594986,0.9948333333333333,1,0
mixed-correlated,468,whole-call,0.9945779420825631,0.955,0.9122468659594986,0.9948333333333333,1,0
mixed-correlated,468,joint-long-schema,0.9945779420825631,0.955,0.9122468659594986,0.9948333333333333,1,0
mixed-correlated,469,field-average,0.9945308701993194,0.9473333333333334,0.9058039961941009,0.993,1,1
mixed-correlated,469,whole-call,0.9945308701993194,0.9473333333333334,0.9058039961941009,0.993,0,0
mixed-correlated,469,joint-long-schema,0.9945308701993194,0.9473333333333334,0.9058039961941009,0.993,0,0
mixed-correlated,470,field-average,0.9943059218412851,0.9433333333333334,0.899090909090909,0.9933333333333333,1,1
mixed-correlated,470,whole-call,0.9943059218412851,0.9433333333333334,0.899090909090909,0.9933333333333333,0,0
mixed-correlated,470,joint-long-schema,0.9943059218412851,0.9433333333333334,0.899090909090909,0.9933333333333333,0,0
mixed-correlated,471,field-average,0.9948466108888081,0.9546666666666667,0.920303605313093,0.995,1,0
mixed-correlated,471,whole-call,0.9948466108888081,0.9546666666666667,0.920303605313093,0.995,1,0
mixed-correlated,471,joint-long-schema,0.9948466108888081,0.9546666666666667,0.920303605313093,0.995,1,0
mixed-correlated,472,field-average,0.9944451116982945,0.9466666666666667,0.9002904162633107,0.9948333333333333,1,1
mixed-correlated,472,whole-call,0.9944451116982945,0.9466666666666667,0.9002904162633107,0.9948333333333333,0,0
mixed-correlated,472,joint-long-schema,0.9944451116982945,0.9466666666666667,0.9002904162633107,0.9948333333333333,0,0
mixed-correlated,473,field-average,0.9952015355086372,0.9506666666666667,0.9020912547528517,0.9948333333333333,1,0
mixed-correlated,473,whole-call,0.9952015355086372,0.9506666666666667,0.9020912547528517,0.9948333333333333,1,0
mixed-correlated,473,joint-long-schema,0.9952015355086372,0.9506666666666667,0.9020912547528517,0.9948333333333333,1,0
mixed-correlated,474,field-average,0.9939806412583182,0.9453333333333334,0.9100185528756958,0.9948333333333333,1,1
mixed-correlated,474,whole-call,0.9939806412583182,0.9453333333333334,0.9100185528756958,0.9948333333333333,0,0
mixed-correlated,474,joint-long-schema,0.9939806412583182,0.9453333333333334,0.9100185528756958,0.9948333333333333,0,0
mixed-correlated,475,field-average,0.9943113047688211,0.946,0.9042253521126761,0.9938333333333333,1,1
mixed-correlated,475,whole-call,0.9943113047688211,0.946,0.9042253521126761,0.9938333333333333,0,0
mixed-correlated,475,joint-long-schema,0.9943113047688211,0.946,0.9042253521126761,0.9938333333333333,0,0
mixed-correlated,476,field-average,0.9957213450644812,0.9586666666666667,0.9226361031518625,0.9953333333333333,1,0
mixed-correlated,476,whole-call,0.9957213450644812,0.9586666666666667,0.9226361031518625,0.9953333333333333,1,0
mixed-correlated,476,joint-long-schema,0.9957213450644812,0.9586666666666667,0.9226361031518625,0.9953333333333333,1,0
mixed-correlated,477,field-average,0.9947273181080744,0.9586666666666667,0.9307923771313942,0.9953333333333333,1,0
mixed-correlated,477,whole-call,0.9947273181080744,0.9586666666666667,0.9307923771313942,0.9953333333333333,1,0
mixed-correlated,477,joint-long-schema,0.9947273181080744,0.9586666666666667,0.9307923771313942,0.9953333333333333,1,0
mixed-correlated,478,field-average,0.9947722180731889,0.9523333333333334,0.9122632103688934,0.9958333333333333,1,0
mixed-correlated,478,whole-call,0.9947722180731889,0.9523333333333334,0.9122632103688934,0.9958333333333333,1,0
mixed-correlated,478,joint-long-schema,0.9947722180731889,0.9523333333333334,0.9122632103688934,0.9958333333333333,1,0
mixed-correlated,479,field-average,0.9946441539578794,0.95,0.9064272211720227,0.9941666666666666,1,0
mixed-correlated,479,whole-call,0.9946441539578794,0.95,0.9064272211720227,0.9941666666666666,1,0
mixed-correlated,479,joint-long-schema,0.9946441539578794,0.95,0.9064272211720227,0.9941666666666666,1,0
mixed-correlated,480,field-average,0.993691241959426,0.9426666666666667,0.9098837209302325,0.9943333333333333,1,1
mixed-correlated,480,whole-call,0.993691241959426,0.9426666666666667,0.9098837209302325,0.9943333333333333,0,0
mixed-correlated,480,joint-long-schema,0.993691241959426,0.9426666666666667,0.9098837209302325,0.9943333333333333,0,0
mixed-correlated,481,field-average,0.9945012019230769,0.9483333333333334,0.9054820415879017,0.9965,1,1
mixed-correlated,481,whole-call,0.9945012019230769,0.9483333333333334,0.9054820415879017,0.9965,0,0
mixed-correlated,481,joint-long-schema,0.9945012019230769,0.9483333333333334,0.9054820415879017,0.9965,0,0
mixed-correlated,482,field-average,0.9948374080227866,0.95,0.9121184088806661,0.9955,1,0
mixed-correlated,482,whole-call,0.9948374080227866,0.95,0.9121184088806661,0.9955,1,0
mixed-correlated,482,joint-long-schema,0.9948374080227866,0.95,0.9121184088806661,0.9955,1,0
mixed-correlated,483,field-average,0.994434878858689,0.9483333333333334,0.8978805394990366,0.9955,1,1
mixed-correlated,483,whole-call,0.994434878858689,0.9483333333333334,0.8978805394990366,0.9955,0,0
mixed-correlated,483,joint-long-schema,0.994434878858689,0.9483333333333334,0.8978805394990366,0.9955,0,0
mixed-correlated,484,field-average,0.9931006991291549,0.9486666666666667,0.906679764243615,0.9933333333333333,1,1
mixed-correlated,484,whole-call,0.9931006991291549,0.9486666666666667,0.906679764243615,0.9933333333333333,0,0
mixed-correlated,484,joint-long-schema,0.9931006991291549,0.9486666666666667,0.906679764243615,0.9933333333333333,0,0
mixed-correlated,485,field-average,0.9958682634730539,0.959,0.9182509505703422,0.9958333333333333,1,0
mixed-correlated,485,whole-call,0.9958682634730539,0.959,0.9182509505703422,0.9958333333333333,1,0
mixed-correlated,485,joint-long-schema,0.9958682634730539,0.959,0.9182509505703422,0.9958333333333333,1,0
mixed-correlated,486,field-average,0.9943428021184401,0.9473333333333334,0.8963242224316682,0.9946666666666667,1,1
mixed-correlated,486,whole-call,0.9943428021184401,0.9473333333333334,0.8963242224316682,0.9946666666666667,0,0
mixed-correlated,486,joint-long-schema,0.9943428021184401,0.9473333333333334,0.8963242224316682,0.9946666666666667,0,0
mixed-correlated,487,field-average,0.9948572120038722,0.9526666666666667,0.9130850047755492,0.9938333333333333,1,0
mixed-correlated,487,whole-call,0.9948572120038722,0.9526666666666667,0.9130850047755492,0.9938333333333333,1,0
mixed-correlated,487,joint-long-schema,0.9948572120038722,0.9526666666666667,0.9130850047755492,0.9938333333333333,1,0
mixed-correlated,488,field-average,0.9946243127672572,0.9466666666666667,0.9084778420038536,0.9951666666666666,1,1
mixed-correlated,488,whole-call,0.9946243127672572,0.9466666666666667,0.9084778420038536,0.9951666666666666,0,0
mixed-correlated,488,joint-long-schema,0.9946243127672572,0.9466666666666667,0.9084778420038536,0.9951666666666666,0,0
mixed-correlated,489,field-average,0.9942973643777331,0.945,0.8989805375347544,0.9946666666666667,1,1
mixed-correlated,489,whole-call,0.9942973643777331,0.945,0.8989805375347544,0.9946666666666667,0,0
mixed-correlated,489,joint-long-schema,0.9942973643777331,0.945,0.8989805375347544,0.9946666666666667,0,0
mixed-correlated,490,field-average,0.9950986474748729,0.951,0.9070227497527201,0.995,1,0
mixed-correlated,490,whole-call,0.9950986474748729,0.951,0.9070227497527201,0.995,1,0
mixed-correlated,490,joint-long-schema,0.9950986474748729,0.951,0.9070227497527201,0.995,1,0
mixed-correlated,491,field-average,0.994963144963145,0.9553333333333334,0.9233753637245393,0.9955,1,0
mixed-correlated,491,whole-call,0.994963144963145,0.9553333333333334,0.9233753637245393,0.9955,1,0
mixed-correlated,491,joint-long-schema,0.994963144963145,0.9553333333333334,0.9233753637245393,0.9955,1,0
mixed-correlated,492,field-average,0.9951200290979632,0.9546666666666667,0.9153187440532826,0.9955,1,0
mixed-correlated,492,whole-call,0.9951200290979632,0.9546666666666667,0.9153187440532826,0.9955,1,0
mixed-correlated,492,joint-long-schema,0.9951200290979632,0.9546666666666667,0.9153187440532826,0.9955,1,0
mixed-correlated,493,field-average,0.9948654816238289,0.9513333333333334,0.917516218721038,0.9956666666666667,1,0
mixed-correlated,493,whole-call,0.9948654816238289,0.9513333333333334,0.917516218721038,0.9956666666666667,1,0
mixed-correlated,493,joint-long-schema,0.9948654816238289,0.9513333333333334,0.917516218721038,0.9956666666666667,1,0
mixed-correlated,494,field-average,0.9955807331830585,0.9533333333333334,0.9101851851851852,0.9966666666666667,1,0
mixed-correlated,494,whole-call,0.9955807331830585,0.9533333333333334,0.9101851851851852,0.9966666666666667,1,0
mixed-correlated,494,joint-long-schema,0.9955807331830585,0.9533333333333334,0.9101851851851852,0.9966666666666667,1,0
mixed-correlated,495,field-average,0.994647201946472,0.95,0.9128352490421456,0.995,1,0
mixed-correlated,495,whole-call,0.994647201946472,0.95,0.9128352490421456,0.995,1,0
mixed-correlated,495,joint-long-schema,0.994647201946472,0.95,0.9128352490421456,0.995,1,0
mixed-correlated,496,field-average,0.9945697577276524,0.9426666666666667,0.9059266227657573,0.9953333333333333,1,1
mixed-correlated,496,whole-call,0.9945697577276524,0.9426666666666667,0.9059266227657573,0.9953333333333333,0,0
mixed-correlated,496,joint-long-schema,0.9945697577276524,0.9426666666666667,0.9059266227657573,0.9953333333333333,0,0
mixed-correlated,497,field-average,0.9939823641563393,0.947,0.9050691244239631,0.9933333333333333,1,1
mixed-correlated,497,whole-call,0.9939823641563393,0.947,0.9050691244239631,0.9933333333333333,0,0
mixed-correlated,497,joint-long-schema,0.9939823641563393,0.947,0.9050691244239631,0.9933333333333333,0,0
mixed-correlated,498,field-average,0.995142720076757,0.9546666666666667,0.9182915506035283,0.9961666666666666,1,0
mixed-correlated,498,whole-call,0.995142720076757,0.9546666666666667,0.9182915506035283,0.9961666666666666,1,0
mixed-correlated,498,joint-long-schema,0.995142720076757,0.9546666666666667,0.9182915506035283,0.9961666666666666,1,0
mixed-correlated,499,field-average,0.994590555887627,0.9463333333333334,0.898876404494382,0.9951666666666666,1,1
mixed-correlated,499,whole-call,0.994590555887627,0.9463333333333334,0.898876404494382,0.9951666666666666,0,0
mixed-correlated,499,joint-long-schema,0.994590555887627,0.9463333333333334,0.898876404494382,0.9951666666666666,0,0
mixed-correlated,500,field-average,0.9934966727162734,0.9426666666666667,0.9024163568773235,0.9935,1,1
mixed-correlated,500,whole-call,0.9934966727162734,0.9426666666666667,0.9024163568773235,0.9935,0,0
mixed-correlated,500,joint-long-schema,0.9934966727162734,0.9426666666666667,0.9024163568773235,0.9935,0,0
mixed-correlated,501,field-average,0.9947049461312438,0.9533333333333334,0.9188931297709924,0.9933333333333333,1,0
mixed-correlated,501,whole-call,0.9947049461312438,0.9533333333333334,0.9188931297709924,0.9933333333333333,1,0
mixed-correlated,501,joint-long-schema,0.9947049461312438,0.9533333333333334,0.9188931297709924,0.9933333333333333,1,0
mixed-correlated,502,field-average,0.9944036697247707,0.9486666666666667,0.9022482893450635,0.9955,1,1
mixed-correlated,502,whole-call,0.9944036697247707,0.9486666666666667,0.9022482893450635,0.9955,0,0
mixed-correlated,502,joint-long-schema,0.9944036697247707,0.9486666666666667,0.9022482893450635,0.9955,0,0
mixed-correlated,503,field-average,0.9943181818181818,0.948,0.9135446685878963,0.994,1,1
mixed-correlated,503,whole-call,0.9943181818181818,0.948,0.9135446685878963,0.994,0,0
mixed-correlated,503,joint-long-schema,0.9943181818181818,0.948,0.9135446685878963,0.994,0,0
mixed-correlated,504,field-average,0.9947193908878792,0.949,0.9070450097847358,0.9948333333333333,1,1
mixed-correlated,504,whole-call,0.9947193908878792,0.949,0.9070450097847358,0.9948333333333333,0,0
mixed-correlated,504,joint-long-schema,0.9947193908878792,0.949,0.9070450097847358,0.9948333333333333,0,0
mixed-correlated,505,field-average,0.9943195699975568,0.9543333333333334,0.914396887159533,0.9935,1,0
mixed-correlated,505,whole-call,0.9943195699975568,0.9543333333333334,0.914396887159533,0.9935,1,0
mixed-correlated,505,joint-long-schema,0.9943195699975568,0.9543333333333334,0.914396887159533,0.9935,1,0
mixed-correlated,506,field-average,0.9945916383082158,0.9463333333333334,0.9097674418604651,0.9945,1,1
mixed-correlated,506,whole-call,0.9945916383082158,0.9463333333333334,0.9097674418604651,0.9945,0,0
mixed-correlated,506,joint-long-schema,0.9945916383082158,0.9463333333333334,0.9097674418604651,0.9945,0,0
mixed-correlated,507,field-average,0.9941726356683258,0.9493333333333334,0.909689557855127,0.9921666666666666,1,1
mixed-correlated,507,whole-call,0.9941726356683258,0.9493333333333334,0.909689557855127,0.9921666666666666,0,0
mixed-correlated,507,joint-long-schema,0.9941726356683258,0.9493333333333334,0.909689557855127,0.9921666666666666,0,0
mixed-correlated,508,field-average,0.9948391742678828,0.9486666666666667,0.902738432483475,0.9946666666666667,1,1
mixed-correlated,508,whole-call,0.9948391742678828,0.9486666666666667,0.902738432483475,0.9946666666666667,0,0
mixed-correlated,508,joint-long-schema,0.9948391742678828,0.9486666666666667,0.902738432483475,0.9946666666666667,0,0
mixed-correlated,509,field-average,0.9943627756322412,0.9496666666666667,0.9099009900990099,0.9948333333333333,1,1
mixed-correlated,509,whole-call,0.9943627756322412,0.9496666666666667,0.9099009900990099,0.9948333333333333,0,0
mixed-correlated,509,joint-long-schema,0.9943627756322412,0.9496666666666667,0.9099009900990099,0.9948333333333333,0,0
mixed-correlated,510,field-average,0.9944314545902043,0.948,0.9043062200956937,0.9936666666666667,1,1
mixed-correlated,510,whole-call,0.9944314545902043,0.948,0.9043062200956937,0.9936666666666667,0,0
mixed-correlated,510,joint-long-schema,0.9944314545902043,0.948,0.9043062200956937,0.9936666666666667,0,0
mixed-correlated,511,field-average,0.995136186770428,0.9553333333333334,0.9158699808795411,0.9953333333333333,1,0
mixed-correlated,511,whole-call,0.995136186770428,0.9553333333333334,0.9158699808795411,0.9953333333333333,1,0
mixed-correlated,511,joint-long-schema,0.995136186770428,0.9553333333333334,0.9158699808795411,0.9953333333333333,1,0
mixed-correlated,512,field-average,0.9944457860420188,0.952,0.9134980988593155,0.9945,1,0
mixed-correlated,512,whole-call,0.9944457860420188,0.952,0.9134980988593155,0.9945,1,0
mixed-correlated,512,joint-long-schema,0.9944457860420188,0.952,0.9134980988593155,0.9945,1,0
mixed-correlated,513,field-average,0.9955728225514998,0.9553333333333334,0.9225684608120869,0.9953333333333333,1,0
mixed-correlated,513,whole-call,0.9955728225514998,0.9553333333333334,0.9225684608120869,0.9953333333333333,1,0
mixed-correlated,513,joint-long-schema,0.9955728225514998,0.9553333333333334,0.9225684608120869,0.9953333333333333,1,0
mixed-correlated,514,field-average,0.9952039825157843,0.9536666666666667,0.9158790170132325,0.9953333333333333,1,0
mixed-correlated,514,whole-call,0.9952039825157843,0.9536666666666667,0.9158790170132325,0.9953333333333333,1,0
mixed-correlated,514,joint-long-schema,0.9952039825157843,0.9536666666666667,0.9158790170132325,0.9953333333333333,1,0
mixed-correlated,515,field-average,0.9941202090592335,0.949,0.9033864541832669,0.9946666666666667,1,1
mixed-correlated,515,whole-call,0.9941202090592335,0.949,0.9033864541832669,0.9946666666666667,0,0
mixed-correlated,515,joint-long-schema,0.9941202090592335,0.949,0.9033864541832669,0.9946666666666667,0,0
mixed-correlated,516,field-average,0.9946552966610618,0.9456666666666667,0.8949343339587242,0.9956666666666667,1,1
mixed-correlated,516,whole-call,0.9946552966610618,0.9456666666666667,0.8949343339587242,0.9956666666666667,0,0
mixed-correlated,516,joint-long-schema,0.9946552966610618,0.9456666666666667,0.8949343339587242,0.9956666666666667,0,0
mixed-correlated,517,field-average,0.9948605433998557,0.9516666666666667,0.9073724007561437,0.9946666666666667,1,0
mixed-correlated,517,whole-call,0.9948605433998557,0.9516666666666667,0.9073724007561437,0.9946666666666667,1,0
mixed-correlated,517,joint-long-schema,0.9948605433998557,0.9516666666666667,0.9073724007561437,0.9946666666666667,1,0
mixed-correlated,518,field-average,0.9946666666666667,0.9476666666666667,0.902554399243141,0.9945,1,1
mixed-correlated,518,whole-call,0.9946666666666667,0.9476666666666667,0.902554399243141,0.9945,0,0
mixed-correlated,518,joint-long-schema,0.9946666666666667,0.9476666666666667,0.902554399243141,0.9945,0,0
mixed-correlated,519,field-average,0.9942088491236671,0.9436666666666667,0.8961802154750245,0.9941666666666666,1,1
mixed-correlated,519,whole-call,0.9942088491236671,0.9436666666666667,0.8961802154750245,0.9941666666666666,0,0
mixed-correlated,519,joint-long-schema,0.9942088491236671,0.9436666666666667,0.8961802154750245,0.9941666666666666,0,0
mixed-correlated,520,field-average,0.9943401937046005,0.951,0.9139579349904398,0.9938333333333333,1,0
mixed-correlated,520,whole-call,0.9943401937046005,0.951,0.9139579349904398,0.9938333333333333,1,0
mixed-correlated,520,joint-long-schema,0.9943401937046005,0.951,0.9139579349904398,0.9938333333333333,1,0
mixed-correlated,521,field-average,0.9939009661835749,0.9473333333333334,0.900093370681606,0.9956666666666667,1,1
mixed-correlated,521,whole-call,0.9939009661835749,0.9473333333333334,0.900093370681606,0.9956666666666667,0,0
mixed-correlated,521,joint-long-schema,0.9939009661835749,0.9473333333333334,0.900093370681606,0.9956666666666667,0,0
mixed-correlated,522,field-average,0.9944052541960594,0.951,0.908745247148289,0.9951666666666666,1,0
mixed-correlated,522,whole-call,0.9944052541960594,0.951,0.908745247148289,0.9951666666666666,1,0
mixed-correlated,522,joint-long-schema,0.9944052541960594,0.951,0.908745247148289,0.9951666666666666,1,0
mixed-correlated,523,field-average,0.9933877147447782,0.9446666666666667,0.8991270611057226,0.9928333333333333,1,1
mixed-correlated,523,whole-call,0.9933877147447782,0.9446666666666667,0.8991270611057226,0.9928333333333333,0,0
mixed-correlated,523,joint-long-schema,0.9933877147447782,0.9446666666666667,0.8991270611057226,0.9928333333333333,0,0
mixed-correlated,524,field-average,0.9945762915018579,0.9506666666666667,0.9155470249520153,0.9926666666666667,1,0
mixed-correlated,524,whole-call,0.9945762915018579,0.9506666666666667,0.9155470249520153,0.9926666666666667,1,0
mixed-correlated,524,joint-long-schema,0.9945762915018579,0.9506666666666667,0.9155470249520153,0.9926666666666667,1,0
mixed-correlated,525,field-average,0.9936890777305674,0.9473333333333334,0.9031600407747197,0.994,1,1
mixed-correlated,525,whole-call,0.9936890777305674,0.9473333333333334,0.9031600407747197,0.994,0,0
mixed-correlated,525,joint-long-schema,0.9936890777305674,0.9473333333333334,0.9031600407747197,0.994,0,0
mixed-correlated,526,field-average,0.9951790633608816,0.9533333333333334,0.9175257731958762,0.994,1,0
mixed-correlated,526,whole-call,0.9951790633608816,0.9533333333333334,0.9175257731958762,0.994,1,0
mixed-correlated,526,joint-long-schema,0.9951790633608816,0.9533333333333334,0.9175257731958762,0.994,1,0
mixed-correlated,527,field-average,0.9943073438245112,0.95,0.9111111111111111,0.9928333333333333,1,0
mixed-correlated,527,whole-call,0.9943073438245112,0.95,0.9111111111111111,0.9928333333333333,1,0
mixed-correlated,527,joint-long-schema,0.9943073438245112,0.95,0.9111111111111111,0.9928333333333333,1,0
mixed-correlated,528,field-average,0.9938857000249564,0.954,0.9138276553106213,0.9925,1,0
mixed-correlated,528,whole-call,0.9938857000249564,0.954,0.9138276553106213,0.9925,1,0
mixed-correlated,528,joint-long-schema,0.9938857000249564,0.954,0.9138276553106213,0.9925,1,0
mixed-correlated,529,field-average,0.9945798628123469,0.9486666666666667,0.9025590551181102,0.9936666666666667,1,1
mixed-correlated,529,whole-call,0.9945798628123469,0.9486666666666667,0.9025590551181102,0.9936666666666667,0,0
mixed-correlated,529,joint-long-schema,0.9945798628123469,0.9486666666666667,0.9025590551181102,0.9936666666666667,0,0
mixed-correlated,530,field-average,0.9942426108374385,0.948,0.9140096618357488,0.9941666666666666,1,1
mixed-correlated,530,whole-call,0.9942426108374385,0.948,0.9140096618357488,0.9941666666666666,0,0
mixed-correlated,530,joint-long-schema,0.9942426108374385,0.948,0.9140096618357488,0.9941666666666666,0,0
mixed-correlated,531,field-average,0.9946417636252296,0.9496666666666667,0.8974854932301741,0.995,1,1
mixed-correlated,531,whole-call,0.9946417636252296,0.9496666666666667,0.8974854932301741,0.995,0,0
mixed-correlated,531,joint-long-schema,0.9946417636252296,0.9496666666666667,0.8974854932301741,0.995,0,0
mixed-correlated,532,field-average,0.9943816775144295,0.9473333333333334,0.9021739130434783,0.9948333333333333,1,1
mixed-correlated,532,whole-call,0.9943816775144295,0.9473333333333334,0.9021739130434783,0.9948333333333333,0,0
mixed-correlated,532,joint-long-schema,0.9943816775144295,0.9473333333333334,0.9021739130434783,0.9948333333333333,0,0
mixed-correlated,533,field-average,0.9952994645747728,0.9513333333333334,0.9046153846153846,0.9955,1,0
mixed-correlated,533,whole-call,0.9952994645747728,0.9513333333333334,0.9046153846153846,0.9955,1,0
mixed-correlated,533,joint-long-schema,0.9952994645747728,0.9513333333333334,0.9046153846153846,0.9955,1,0
mixed-correlated,534,field-average,0.9949149408284024,0.9526666666666667,0.9046673286991063,0.9963333333333333,1,0
mixed-correlated,534,whole-call,0.9949149408284024,0.9526666666666667,0.9046673286991063,0.9963333333333333,1,0
mixed-correlated,534,joint-long-schema,0.9949149408284024,0.9526666666666667,0.9046673286991063,0.9963333333333333,1,0
mixed-correlated,535,field-average,0.995400268063848,0.957,0.9239653512993262,0.994,1,0
mixed-correlated,535,whole-call,0.995400268063848,0.957,0.9239653512993262,0.994,1,0
mixed-correlated,535,joint-long-schema,0.995400268063848,0.957,0.9239653512993262,0.994,1,0
mixed-correlated,536,field-average,0.9941198316414954,0.946,0.9012707722385142,0.9943333333333333,1,1
mixed-correlated,536,whole-call,0.9941198316414954,0.946,0.9012707722385142,0.9943333333333333,0,0
mixed-correlated,536,joint-long-schema,0.9941198316414954,0.946,0.9012707722385142,0.9943333333333333,0,0
mixed-correlated,537,field-average,0.9938249400479616,0.9443333333333334,0.8974600188146754,0.9928333333333333,1,1
mixed-correlated,537,whole-call,0.9938249400479616,0.9443333333333334,0.8974600188146754,0.9928333333333333,0,0
mixed-correlated,537,joint-long-schema,0.9938249400479616,0.9443333333333334,0.8974600188146754,0.9928333333333333,0,0
mixed-correlated,538,field-average,0.9943738656987295,0.9533333333333334,0.9264150943396227,0.9941666666666666,1,0
mixed-correlated,538,whole-call,0.9943738656987295,0.9533333333333334,0.9264150943396227,0.9941666666666666,1,0
mixed-correlated,538,joint-long-schema,0.9943738656987295,0.9533333333333334,0.9264150943396227,0.9941666666666666,1,0
mixed-correlated,539,field-average,0.9954482235427994,0.9576666666666667,0.9248197734294542,0.9951666666666666,1,0
mixed-correlated,539,whole-call,0.9954482235427994,0.9576666666666667,0.9248197734294542,0.9951666666666666,1,0
mixed-correlated,539,joint-long-schema,0.9954482235427994,0.9576666666666667,0.9248197734294542,0.9951666666666666,1,0
mixed-correlated,540,field-average,0.9937454010301693,0.9486666666666667,0.903448275862069,0.995,1,1
mixed-correlated,540,whole-call,0.9937454010301693,0.9486666666666667,0.903448275862069,0.995,0,0
mixed-correlated,540,joint-long-schema,0.9937454010301693,0.9486666666666667,0.903448275862069,0.995,0,0
mixed-correlated,541,field-average,0.9940218064676001,0.9436666666666667,0.9018645731108931,0.9935,1,1
mixed-correlated,541,whole-call,0.9940218064676001,0.9436666666666667,0.9018645731108931,0.9935,0,0
mixed-correlated,541,joint-long-schema,0.9940218064676001,0.9436666666666667,0.9018645731108931,0.9935,0,0
mixed-correlated,542,field-average,0.9948915632443275,0.9573333333333334,0.9240121580547113,0.995,1,0
mixed-correlated,542,whole-call,0.9948915632443275,0.9573333333333334,0.9240121580547113,0.995,1,0
mixed-correlated,542,joint-long-schema,0.9948915632443275,0.9573333333333334,0.9240121580547113,0.995,1,0
mixed-correlated,543,field-average,0.9949993788048205,0.9506666666666667,0.908908908908909,0.9961666666666666,1,0
mixed-correlated,543,whole-call,0.9949993788048205,0.9506666666666667,0.908908908908909,0.9961666666666666,1,0
mixed-correlated,543,joint-long-schema,0.9949993788048205,0.9506666666666667,0.908908908908909,0.9961666666666666,1,0
mixed-correlated,544,field-average,0.9942181263207326,0.9453333333333334,0.9030754892823858,0.9935,1,1
mixed-correlated,544,whole-call,0.9942181263207326,0.9453333333333334,0.9030754892823858,0.9935,0,0
mixed-correlated,544,joint-long-schema,0.9942181263207326,0.9453333333333334,0.9030754892823858,0.9935,0,0
mixed-correlated,545,field-average,0.9945879458794588,0.9483333333333334,0.9107662463627546,0.9935,1,1
mixed-correlated,545,whole-call,0.9945879458794588,0.9483333333333334,0.9107662463627546,0.9935,0,0
mixed-correlated,545,joint-long-schema,0.9945879458794588,0.9483333333333334,0.9107662463627546,0.9935,0,0
mixed-correlated,546,field-average,0.9941564732953857,0.9416666666666667,0.8918128654970761,0.9943333333333333,1,1
mixed-correlated,546,whole-call,0.9941564732953857,0.9416666666666667,0.8918128654970761,0.9943333333333333,0,0
mixed-correlated,546,joint-long-schema,0.9941564732953857,0.9416666666666667,0.8918128654970761,0.9943333333333333,0,0
mixed-correlated,547,field-average,0.9945166033574316,0.95,0.898635477582846,0.9945,1,0
mixed-correlated,547,whole-call,0.9945166033574316,0.95,0.898635477582846,0.9945,1,0
mixed-correlated,547,joint-long-schema,0.9945166033574316,0.95,0.898635477582846,0.9945,0,0
mixed-correlated,548,field-average,0.994022805296714,0.947,0.8980952380952381,0.9933333333333333,1,1
mixed-correlated,548,whole-call,0.994022805296714,0.947,0.8980952380952381,0.9933333333333333,0,0
mixed-correlated,548,joint-long-schema,0.994022805296714,0.947,0.8980952380952381,0.9933333333333333,0,0
mixed-correlated,549,field-average,0.9943415637860082,0.947,0.9106463878326996,0.9938333333333333,1,1
mixed-correlated,549,whole-call,0.9943415637860082,0.947,0.9106463878326996,0.9938333333333333,0,0
mixed-correlated,549,joint-long-schema,0.9943415637860082,0.947,0.9106463878326996,0.9938333333333333,0,0
mixed-correlated,550,field-average,0.9938848920863309,0.943,0.8991825613079019,0.9923333333333333,1,1
mixed-correlated,550,whole-call,0.9938848920863309,0.943,0.8991825613079019,0.9923333333333333,0,0
mixed-correlated,550,joint-long-schema,0.9938848920863309,0.943,0.8991825613079019,0.9923333333333333,0,0
mixed-correlated,551,field-average,0.9950580677044725,0.9536666666666667,0.9175662414131501,0.9955,1,0
mixed-correlated,551,whole-call,0.9950580677044725,0.9536666666666667,0.9175662414131501,0.9955,1,0
mixed-correlated,551,joint-long-schema,0.9950580677044725,0.9536666666666667,0.9175662414131501,0.9955,1,0
mixed-correlated,552,field-average,0.9936297929682715,0.9416666666666667,0.9026974951830443,0.9926666666666667,1,1
mixed-correlated,552,whole-call,0.9936297929682715,0.9416666666666667,0.9026974951830443,0.9926666666666667,0,0
mixed-correlated,552,joint-long-schema,0.9936297929682715,0.9416666666666667,0.9026974951830443,0.9926666666666667,0,0
mixed-correlated,553,field-average,0.9943242920301111,0.9443333333333334,0.9000925069380203,0.9935,1,1
mixed-correlated,553,whole-call,0.9943242920301111,0.9443333333333334,0.9000925069380203,0.9935,0,0
mixed-correlated,553,joint-long-schema,0.9943242920301111,0.9443333333333334,0.9000925069380203,0.9935,0,0
mixed-correlated,554,field-average,0.9953573610262676,0.9573333333333334,0.921455938697318,0.9948333333333333,1,0
mixed-correlated,554,whole-call,0.9953573610262676,0.9573333333333334,0.921455938697318,0.9948333333333333,1,0
mixed-correlated,554,joint-long-schema,0.9953573610262676,0.9573333333333334,0.921455938697318,0.9948333333333333,1,0
mixed-correlated,555,field-average,0.9949609088688004,0.955,0.9131293188548865,0.9945,1,0
mixed-correlated,555,whole-call,0.9949609088688004,0.955,0.9131293188548865,0.9945,1,0
mixed-correlated,555,joint-long-schema,0.9949609088688004,0.955,0.9131293188548865,0.9945,1,0
mixed-correlated,556,field-average,0.9955983747845358,0.9596666666666667,0.9235976789168279,0.9961666666666666,1,0
mixed-correlated,556,whole-call,0.9955983747845358,0.9596666666666667,0.9235976789168279,0.9961666666666666,1,0
mixed-correlated,556,joint-long-schema,0.9955983747845358,0.9596666666666667,0.9235976789168279,0.9961666666666666,1,0
mixed-correlated,557,field-average,0.9950465856822739,0.9496666666666667,0.9055404178019982,0.995,1,1
mixed-correlated,557,whole-call,0.9950465856822739,0.9496666666666667,0.9055404178019982,0.995,0,0
mixed-correlated,557,joint-long-schema,0.9950465856822739,0.9496666666666667,0.9055404178019982,0.995,0,0
mixed-correlated,558,field-average,0.994810633648944,0.9556666666666667,0.907088122605364,0.9958333333333333,1,0
mixed-correlated,558,whole-call,0.994810633648944,0.9556666666666667,0.907088122605364,0.9958333333333333,1,0
mixed-correlated,558,joint-long-schema,0.994810633648944,0.9556666666666667,0.907088122605364,0.9958333333333333,1,0
mixed-correlated,559,field-average,0.9938775510204082,0.9463333333333334,0.8972809667673716,0.9951666666666666,1,1
mixed-correlated,559,whole-call,0.9938775510204082,0.9463333333333334,0.8972809667673716,0.9951666666666666,0,0
mixed-correlated,559,joint-long-schema,0.9938775510204082,0.9463333333333334,0.8972809667673716,0.9951666666666666,0,0
mixed-correlated,560,field-average,0.9953747911195989,0.9556666666666667,0.9255514705882353,0.9948333333333333,1,0
mixed-correlated,560,whole-call,0.9953747911195989,0.9556666666666667,0.9255514705882353,0.9948333333333333,1,0
mixed-correlated,560,joint-long-schema,0.9953747911195989,0.9556666666666667,0.9255514705882353,0.9948333333333333,1,0
mixed-correlated,561,field-average,0.994608084791718,0.948,0.9013671875,0.9943333333333333,1,1
mixed-correlated,561,whole-call,0.994608084791718,0.948,0.9013671875,0.9943333333333333,0,0
mixed-correlated,561,joint-long-schema,0.994608084791718,0.948,0.9013671875,0.9943333333333333,0,0
mixed-correlated,562,field-average,0.9940824792581747,0.947,0.9045801526717557,0.9946666666666667,1,1
mixed-correlated,562,whole-call,0.9940824792581747,0.947,0.9045801526717557,0.9946666666666667,0,0
mixed-correlated,562,joint-long-schema,0.9940824792581747,0.947,0.9045801526717557,0.9946666666666667,0,0
mixed-correlated,563,field-average,0.9948175273088381,0.951,0.9150197628458498,0.9948333333333333,1,0
mixed-correlated,563,whole-call,0.9948175273088381,0.951,0.9150197628458498,0.9948333333333333,1,0
mixed-correlated,563,joint-long-schema,0.9948175273088381,0.951,0.9150197628458498,0.9948333333333333,1,0
mixed-correlated,564,field-average,0.9950465144375982,0.9506666666666667,0.909433962264151,0.9946666666666667,1,0
mixed-correlated,564,whole-call,0.9950465144375982,0.9506666666666667,0.909433962264151,0.9946666666666667,1,0
mixed-correlated,564,joint-long-schema,0.9950465144375982,0.9506666666666667,0.909433962264151,0.9946666666666667,1,0
mixed-correlated,565,field-average,0.9949650265315967,0.9523333333333334,0.9084041548630784,0.9955,1,0
mixed-correlated,565,whole-call,0.9949650265315967,0.9523333333333334,0.9084041548630784,0.9955,1,0
mixed-correlated,565,joint-long-schema,0.9949650265315967,0.9523333333333334,0.9084041548630784,0.9955,1,0
mixed-correlated,566,field-average,0.994499817673514,0.9483333333333334,0.9078822412155746,0.994,1,1
mixed-correlated,566,whole-call,0.994499817673514,0.9483333333333334,0.9078822412155746,0.994,0,0
mixed-correlated,566,joint-long-schema,0.994499817673514,0.9483333333333334,0.9078822412155746,0.994,0,0
mixed-correlated,567,field-average,0.9942282122567387,0.947,0.9104618284637135,0.9951666666666666,1,1
mixed-correlated,567,whole-call,0.9942282122567387,0.947,0.9104618284637135,0.9951666666666666,0,0
mixed-correlated,567,joint-long-schema,0.9942282122567387,0.947,0.9104618284637135,0.9951666666666666,0,0
mixed-correlated,568,field-average,0.9951110574601642,0.9553333333333334,0.914505283381364,0.9955,1,0
mixed-correlated,568,whole-call,0.9951110574601642,0.9553333333333334,0.914505283381364,0.9955,1,0
mixed-correlated,568,joint-long-schema,0.9951110574601642,0.9553333333333334,0.914505283381364,0.9955,1,0
mixed-correlated,569,field-average,0.9938849369774118,0.941,0.897410358565737,0.9941666666666666,1,1
mixed-correlated,569,whole-call,0.9938849369774118,0.941,0.897410358565737,0.9941666666666666,0,0
mixed-correlated,569,joint-long-schema,0.9938849369774118,0.941,0.897410358565737,0.9941666666666666,0,0
mixed-correlated,570,field-average,0.9936888513105447,0.941,0.8977272727272727,0.9923333333333333,1,1
mixed-correlated,570,whole-call,0.9936888513105447,0.941,0.8977272727272727,0.9923333333333333,0,0
mixed-correlated,570,joint-long-schema,0.9936888513105447,0.941,0.8977272727272727,0.9923333333333333,0,0
mixed-correlated,571,field-average,0.9946417820590006,0.9493333333333334,0.917953667953668,0.9936666666666667,1,1
mixed-correlated,571,whole-call,0.9946417820590006,0.9493333333333334,0.917953667953668,0.9936666666666667,0,0
mixed-correlated,571,joint-long-schema,0.9946417820590006,0.9493333333333334,0.917953667953668,0.9936666666666667,0,0
mixed-correlated,572,field-average,0.9948175536428658,0.9473333333333334,0.9015151515151515,0.995,1,1
mixed-correlated,572,whole-call,0.9948175536428658,0.9473333333333334,0.9015151515151515,0.995,0,0
mixed-correlated,572,joint-long-schema,0.9948175536428658,0.9473333333333334,0.9015151515151515,0.995,0,0
mixed-correlated,573,field-average,0.9937269372693727,0.9456666666666667,0.907843137254902,0.9941666666666666,1,1
mixed-correlated,573,whole-call,0.9937269372693727,0.9456666666666667,0.907843137254902,0.9941666666666666,0,0
mixed-correlated,573,joint-long-schema,0.9937269372693727,0.9456666666666667,0.907843137254902,0.9941666666666666,0,0
mixed-correlated,574,field-average,0.9935729588193287,0.9433333333333334,0.9001865671641791,0.9946666666666667,1,1
mixed-correlated,574,whole-call,0.9935729588193287,0.9433333333333334,0.9001865671641791,0.9946666666666667,0,0
mixed-correlated,574,joint-long-schema,0.9935729588193287,0.9433333333333334,0.9001865671641791,0.9946666666666667,0,0
mixed-correlated,575,field-average,0.9942741262078015,0.9526666666666667,0.9125581395348837,0.9951666666666666,1,0
mixed-correlated,575,whole-call,0.9942741262078015,0.9526666666666667,0.9125581395348837,0.9951666666666666,1,0
mixed-correlated,575,joint-long-schema,0.9942741262078015,0.9526666666666667,0.9125581395348837,0.9951666666666666,1,0
mixed-correlated,576,field-average,0.9941938638308275,0.9476666666666667,0.9080459770114943,0.9936666666666667,1,1
mixed-correlated,576,whole-call,0.9941938638308275,0.9476666666666667,0.9080459770114943,0.9936666666666667,0,0
mixed-correlated,576,joint-long-schema,0.9941938638308275,0.9476666666666667,0.9080459770114943,0.9936666666666667,0,0
mixed-correlated,577,field-average,0.9943181818181818,0.9466666666666667,0.8962616822429906,0.9946666666666667,1,1
mixed-correlated,577,whole-call,0.9943181818181818,0.9466666666666667,0.8962616822429906,0.9946666666666667,0,0
mixed-correlated,577,joint-long-schema,0.9943181818181818,0.9466666666666667,0.8962616822429906,0.9946666666666667,0,0
mixed-correlated,578,field-average,0.99428280651341,0.947,0.9139382600561272,0.9925,1,1
mixed-correlated,578,whole-call,0.99428280651341,0.947,0.9139382600561272,0.9925,0,0
mixed-correlated,578,joint-long-schema,0.99428280651341,0.947,0.9139382600561272,0.9925,0,0
mixed-correlated,579,field-average,0.9947138169886985,0.952,0.9029217719132894,0.9955,1,0
mixed-correlated,579,whole-call,0.9947138169886985,0.952,0.9029217719132894,0.9955,1,0
mixed-correlated,579,joint-long-schema,0.9947138169886985,0.952,0.9029217719132894,0.9955,1,0
mixed-correlated,580,field-average,0.9948761742100769,0.9556666666666667,0.9161168708765316,0.9955,1,0
mixed-correlated,580,whole-call,0.9948761742100769,0.9556666666666667,0.9161168708765316,0.9955,1,0
mixed-correlated,580,joint-long-schema,0.9948761742100769,0.9556666666666667,0.9161168708765316,0.9955,1,0
mixed-correlated,581,field-average,0.9950438543794305,0.9503333333333334,0.9160447761194029,0.9935,1,0
mixed-correlated,581,whole-call,0.9950438543794305,0.9503333333333334,0.9160447761194029,0.9935,1,0
mixed-correlated,581,joint-long-schema,0.9950438543794305,0.9503333333333334,0.9160447761194029,0.9935,1,0
mixed-correlated,582,field-average,0.9942160153440422,0.9453333333333334,0.9106145251396648,0.993,1,1
mixed-correlated,582,whole-call,0.9942160153440422,0.9453333333333334,0.9106145251396648,0.993,0,0
mixed-correlated,582,joint-long-schema,0.9942160153440422,0.9453333333333334,0.9106145251396648,0.993,0,0
mixed-correlated,583,field-average,0.99476298779028,0.9526666666666667,0.9206798866855525,0.9945,1,0
mixed-correlated,583,whole-call,0.99476298779028,0.9526666666666667,0.9206798866855525,0.9945,1,0
mixed-correlated,583,joint-long-schema,0.99476298779028,0.9526666666666667,0.9206798866855525,0.9945,1,0
mixed-correlated,584,field-average,0.993658994833255,0.9386666666666666,0.8858195211786372,0.994,1,1
mixed-correlated,584,whole-call,0.993658994833255,0.9386666666666666,0.8858195211786372,0.994,0,0
mixed-correlated,584,joint-long-schema,0.993658994833255,0.9386666666666666,0.8858195211786372,0.994,0,0
mixed-correlated,585,field-average,0.9954366058214109,0.9533333333333334,0.9144542772861357,0.9948333333333333,1,0
mixed-correlated,585,whole-call,0.9954366058214109,0.9533333333333334,0.9144542772861357,0.9948333333333333,1,0
mixed-correlated,585,joint-long-schema,0.9954366058214109,0.9533333333333334,0.9144542772861357,0.9948333333333333,1,0
mixed-correlated,586,field-average,0.9949040767386091,0.9493333333333334,0.9134615384615384,0.9943333333333333,1,1
mixed-correlated,586,whole-call,0.9949040767386091,0.9493333333333334,0.9134615384615384,0.9943333333333333,0,0
mixed-correlated,586,joint-long-schema,0.9949040767386091,0.9493333333333334,0.9134615384615384,0.9943333333333333,0,0
mixed-correlated,587,field-average,0.9954578488372093,0.9566666666666667,0.927536231884058,0.9951666666666666,1,0
mixed-correlated,587,whole-call,0.9954578488372093,0.9566666666666667,0.927536231884058,0.9951666666666666,1,0
mixed-correlated,587,joint-long-schema,0.9954578488372093,0.9566666666666667,0.927536231884058,0.9951666666666666,1,0
mixed-correlated,588,field-average,0.9938087867603286,0.9443333333333334,0.8983364140480592,0.9943333333333333,1,1
mixed-correlated,588,whole-call,0.9938087867603286,0.9443333333333334,0.8983364140480592,0.9943333333333333,0,0
mixed-correlated,588,joint-long-schema,0.9938087867603286,0.9443333333333334,0.8983364140480592,0.9943333333333333,0,0
mixed-correlated,589,field-average,0.9951022407248684,0.953,0.9240631163708086,0.996,1,0
mixed-correlated,589,whole-call,0.9951022407248684,0.953,0.9240631163708086,0.996,1,0
mixed-correlated,589,joint-long-schema,0.9951022407248684,0.953,0.9240631163708086,0.996,1,0
mixed-correlated,590,field-average,0.9925498678202355,0.944,0.895852534562212,0.9946666666666667,1,1
mixed-correlated,590,whole-call,0.9925498678202355,0.944,0.895852534562212,0.9946666666666667,0,0
mixed-correlated,590,joint-long-schema,0.9925498678202355,0.944,0.895852534562212,0.9946666666666667,0,0
mixed-correlated,591,field-average,0.9948934837092732,0.955,0.9175050301810865,0.9956666666666667,1,0
mixed-correlated,591,whole-call,0.9948934837092732,0.955,0.9175050301810865,0.9956666666666667,1,0
mixed-correlated,591,joint-long-schema,0.9948934837092732,0.955,0.9175050301810865,0.9956666666666667,1,0
mixed-correlated,592,field-average,0.9947973713033954,0.9496666666666667,0.9086538461538461,0.9948333333333333,1,1
mixed-correlated,592,whole-call,0.9947973713033954,0.9496666666666667,0.9086538461538461,0.9948333333333333,0,0
mixed-correlated,592,joint-long-schema,0.9947973713033954,0.9496666666666667,0.9086538461538461,0.9948333333333333,0,0
mixed-correlated,593,field-average,0.9946954344975564,0.948,0.9078080903104422,0.9938333333333333,1,1
mixed-correlated,593,whole-call,0.9946954344975564,0.948,0.9078080903104422,0.9938333333333333,0,0
mixed-correlated,593,joint-long-schema,0.9946954344975564,0.948,0.9078080903104422,0.9938333333333333,0,0
mixed-correlated,594,field-average,0.9941500969932104,0.9463333333333334,0.900287631831256,0.9945,1,1
mixed-correlated,594,whole-call,0.9941500969932104,0.9463333333333334,0.900287631831256,0.9945,0,0
mixed-correlated,594,joint-long-schema,0.9941500969932104,0.9463333333333334,0.900287631831256,0.9945,0,0
mixed-correlated,595,field-average,0.9946795646916566,0.9506666666666667,0.9143932267168391,0.9941666666666666,1,0
mixed-correlated,595,whole-call,0.9946795646916566,0.9506666666666667,0.9143932267168391,0.9941666666666666,1,0
mixed-correlated,595,joint-long-schema,0.9946795646916566,0.9506666666666667,0.9143932267168391,0.9941666666666666,1,0
mixed-correlated,596,field-average,0.9949805125782449,0.9486666666666667,0.9042457091237579,0.9956666666666667,1,1
mixed-correlated,596,whole-call,0.9949805125782449,0.9486666666666667,0.9042457091237579,0.9956666666666667,0,0
mixed-correlated,596,joint-long-schema,0.9949805125782449,0.9486666666666667,0.9042457091237579,0.9956666666666667,0,0
mixed-correlated,597,field-average,0.9938949185989147,0.9496666666666667,0.909452736318408,0.9941666666666666,1,1
mixed-correlated,597,whole-call,0.9938949185989147,0.9496666666666667,0.909452736318408,0.9941666666666666,0,0
mixed-correlated,597,joint-long-schema,0.9938949185989147,0.9496666666666667,0.909452736318408,0.9941666666666666,0,0
mixed-correlated,598,field-average,0.9946158499697519,0.949,0.9108341323106424,0.994,1,1
mixed-correlated,598,whole-call,0.9946158499697519,0.949,0.9108341323106424,0.994,0,0
mixed-correlated,598,joint-long-schema,0.9946158499697519,0.949,0.9108341323106424,0.994,0,0
mixed-correlated,599,field-average,0.9946178035800677,0.9483333333333334,0.9114631873252563,0.9938333333333333,1,1
mixed-correlated,599,whole-call,0.9946178035800677,0.9483333333333334,0.9114631873252563,0.9938333333333333,0,0
mixed-correlated,599,joint-long-schema,0.9946178035800677,0.9483333333333334,0.9114631873252563,0.9938333333333333,0,0
mixed-correlated,600,field-average,0.9940653703924609,0.9456666666666667,0.9016083254493851,0.9936666666666667,1,1
mixed-correlated,600,whole-call,0.9940653703924609,0.9456666666666667,0.9016083254493851,0.9936666666666667,0,0
mixed-correlated,600,joint-long-schema,0.9940653703924609,0.9456666666666667,0.9016083254493851,0.9936666666666667,0,0
mixed-correlated,601,field-average,0.9947948190291732,0.952,0.9082125603864735,0.9956666666666667,1,0
mixed-correlated,601,whole-call,0.9947948190291732,0.952,0.9082125603864735,0.9956666666666667,1,0
mixed-correlated,601,joint-long-schema,0.9947948190291732,0.952,0.9082125603864735,0.9956666666666667,1,0
mixed-correlated,602,field-average,0.994476318359375,0.9506666666666667,0.897803247373448,0.9941666666666666,1,0
mixed-correlated,602,whole-call,0.994476318359375,0.9506666666666667,0.897803247373448,0.9941666666666666,1,0
mixed-correlated,602,joint-long-schema,0.994476318359375,0.9506666666666667,0.897803247373448,0.9941666666666666,0,0
mixed-correlated,603,field-average,0.9939535440613027,0.948,0.9108818011257036,0.9928333333333333,1,1
mixed-correlated,603,whole-call,0.9939535440613027,0.948,0.9108818011257036,0.9928333333333333,0,0
mixed-correlated,603,joint-long-schema,0.9939535440613027,0.948,0.9108818011257036,0.9928333333333333,0,0
mixed-correlated,604,field-average,0.9942307692307693,0.9453333333333334,0.8963242224316682,0.996,1,1
mixed-correlated,604,whole-call,0.9942307692307693,0.9453333333333334,0.8963242224316682,0.996,0,0
mixed-correlated,604,joint-long-schema,0.9942307692307693,0.9453333333333334,0.8963242224316682,0.996,0,0
mixed-correlated,605,field-average,0.9945366866072518,0.952,0.9153992395437263,0.9931666666666666,1,0
mixed-correlated,605,whole-call,0.9945366866072518,0.952,0.9153992395437263,0.9931666666666666,1,0
mixed-correlated,605,joint-long-schema,0.9945366866072518,0.952,0.9153992395437263,0.9931666666666666,1,0
mixed-correlated,606,field-average,0.9947660098522167,0.951,0.9096209912536443,0.9951666666666666,1,0
mixed-correlated,606,whole-call,0.9947660098522167,0.951,0.9096209912536443,0.9951666666666666,1,0
mixed-correlated,606,joint-long-schema,0.9947660098522167,0.951,0.9096209912536443,0.9951666666666666,1,0
mixed-correlated,607,field-average,0.9944649446494465,0.9506666666666667,0.9140698772426817,0.9951666666666666,1,0
mixed-correlated,607,whole-call,0.9944649446494465,0.9506666666666667,0.9140698772426817,0.9951666666666666,1,0
mixed-correlated,607,joint-long-schema,0.9944649446494465,0.9506666666666667,0.9140698772426817,0.9951666666666666,1,0
mixed-correlated,608,field-average,0.9948263118994827,0.9493333333333334,0.908203125,0.994,1,1
mixed-correlated,608,whole-call,0.9948263118994827,0.9493333333333334,0.908203125,0.994,0,0
mixed-correlated,608,joint-long-schema,0.9948263118994827,0.9493333333333334,0.908203125,0.994,0,0
mixed-correlated,609,field-average,0.9933944298976434,0.9506666666666667,0.9135802469135802,0.9936666666666667,1,0
mixed-correlated,609,whole-call,0.9933944298976434,0.9506666666666667,0.9135802469135802,0.9936666666666667,1,0
mixed-correlated,609,joint-long-schema,0.9933944298976434,0.9506666666666667,0.9135802469135802,0.9936666666666667,1,0
mixed-correlated,610,field-average,0.9939254541165369,0.9406666666666667,0.8943089430894309,0.9946666666666667,1,1
mixed-correlated,610,whole-call,0.9939254541165369,0.9406666666666667,0.8943089430894309,0.9946666666666667,0,0
mixed-correlated,610,joint-long-schema,0.9939254541165369,0.9406666666666667,0.8943089430894309,0.9946666666666667,0,0
mixed-correlated,611,field-average,0.9947106031128404,0.9516666666666667,0.9104761904761904,0.9946666666666667,1,0
mixed-correlated,611,whole-call,0.9947106031128404,0.9516666666666667,0.9104761904761904,0.9946666666666667,1,0
mixed-correlated,611,joint-long-schema,0.9947106031128404,0.9516666666666667,0.9104761904761904,0.9946666666666667,1,0
mixed-correlated,612,field-average,0.9950321095359264,0.9506666666666667,0.916195856873823,0.9941666666666666,1,0
mixed-correlated,612,whole-call,0.9950321095359264,0.9506666666666667,0.916195856873823,0.9941666666666666,1,0
mixed-correlated,612,joint-long-schema,0.9950321095359264,0.9506666666666667,0.916195856873823,0.9941666666666666,1,0
mixed-correlated,613,field-average,0.9930132902745,0.947,0.9067713444553483,0.993,1,1
mixed-correlated,613,whole-call,0.9930132902745,0.947,0.9067713444553483,0.993,0,0
mixed-correlated,613,joint-long-schema,0.9930132902745,0.947,0.9067713444553483,0.993,0,0
mixed-correlated,614,field-average,0.9944659489536712,0.9476666666666667,0.8952007835455436,0.9938333333333333,1,1
mixed-correlated,614,whole-call,0.9944659489536712,0.9476666666666667,0.8952007835455436,0.9938333333333333,0,0
mixed-correlated,614,joint-long-schema,0.9944659489536712,0.9476666666666667,0.8952007835455436,0.9938333333333333,0,0
mixed-correlated,615,field-average,0.9943314849044979,0.9453333333333334,0.899135446685879,0.9943333333333333,1,1
mixed-correlated,615,whole-call,0.9943314849044979,0.9453333333333334,0.899135446685879,0.9943333333333333,0,0
mixed-correlated,615,joint-long-schema,0.9943314849044979,0.9453333333333334,0.899135446685879,0.9943333333333333,0,0
mixed-correlated,616,field-average,0.9942255434782609,0.948,0.9034749034749034,0.994,1,1
mixed-correlated,616,whole-call,0.9942255434782609,0.948,0.9034749034749034,0.994,0,0
mixed-correlated,616,joint-long-schema,0.9942255434782609,0.948,0.9034749034749034,0.994,0,0
mixed-correlated,617,field-average,0.993379107405591,0.943,0.8959537572254336,0.9938333333333333,1,1
mixed-correlated,617,whole-call,0.993379107405591,0.943,0.8959537572254336,0.9938333333333333,0,0
mixed-correlated,617,joint-long-schema,0.993379107405591,0.943,0.8959537572254336,0.9938333333333333,0,0
mixed-correlated,618,field-average,0.9940302144249513,0.949,0.903883495145631,0.9946666666666667,1,1
mixed-correlated,618,whole-call,0.9940302144249513,0.949,0.903883495145631,0.9946666666666667,0,0
mixed-correlated,618,joint-long-schema,0.9940302144249513,0.949,0.903883495145631,0.9946666666666667,0,0
mixed-correlated,619,field-average,0.9939046915404507,0.9433333333333334,0.8876953125,0.9936666666666667,1,1
mixed-correlated,619,whole-call,0.9939046915404507,0.9433333333333334,0.8876953125,0.9936666666666667,0,0
mixed-correlated,619,joint-long-schema,0.9939046915404507,0.9433333333333334,0.8876953125,0.9936666666666667,0,0
mixed-correlated,620,field-average,0.9943133178427296,0.952,0.9097963142580019,0.9948333333333333,1,0
mixed-correlated,620,whole-call,0.9943133178427296,0.952,0.9097963142580019,0.9948333333333333,1,0
mixed-correlated,620,joint-long-schema,0.9943133178427296,0.952,0.9097963142580019,0.9948333333333333,1,0
mixed-correlated,621,field-average,0.994479304935441,0.9483333333333334,0.9024621212121212,0.9956666666666667,1,1
mixed-correlated,621,whole-call,0.994479304935441,0.9483333333333334,0.9024621212121212,0.9956666666666667,0,0
mixed-correlated,621,joint-long-schema,0.994479304935441,0.9483333333333334,0.9024621212121212,0.9956666666666667,0,0
mixed-correlated,622,field-average,0.9940542205791744,0.949,0.9083665338645418,0.9948333333333333,1,1
mixed-correlated,622,whole-call,0.9940542205791744,0.949,0.9083665338645418,0.9948333333333333,0,0
mixed-correlated,622,joint-long-schema,0.9940542205791744,0.949,0.9083665338645418,0.9948333333333333,0,0
mixed-correlated,623,field-average,0.994794765020821,0.9483333333333334,0.9215509467989179,0.9938333333333333,1,1
mixed-correlated,623,whole-call,0.994794765020821,0.9483333333333334,0.9215509467989179,0.9938333333333333,0,0
mixed-correlated,623,joint-long-schema,0.994794765020821,0.9483333333333334,0.9215509467989179,0.9938333333333333,0,0
mixed-correlated,624,field-average,0.9951553930530165,0.9503333333333334,0.918918918918919,0.9955,1,0
mixed-correlated,624,whole-call,0.9951553930530165,0.9503333333333334,0.918918918918919,0.9955,1,0
mixed-correlated,624,joint-long-schema,0.9951553930530165,0.9503333333333334,0.918918918918919,0.9955,1,0
mixed-correlated,625,field-average,0.9948592411260709,0.956,0.9114173228346457,0.995,1,0
mixed-correlated,625,whole-call,0.9948592411260709,0.956,0.9114173228346457,0.995,1,0
mixed-correlated,625,joint-long-schema,0.9948592411260709,0.956,0.9114173228346457,0.995,1,0
mixed-correlated,626,field-average,0.9941483615412315,0.946,0.9,0.9953333333333333,1,1
mixed-correlated,626,whole-call,0.9941483615412315,0.946,0.9,0.9953333333333333,0,0
mixed-correlated,626,joint-long-schema,0.9941483615412315,0.946,0.9,0.9953333333333333,0,0
mixed-correlated,627,field-average,0.9941889066535482,0.949,0.9068384539147671,0.9953333333333333,1,1
mixed-correlated,627,whole-call,0.9941889066535482,0.949,0.9068384539147671,0.9953333333333333,0,0
mixed-correlated,627,joint-long-schema,0.9941889066535482,0.949,0.9068384539147671,0.9953333333333333,0,0
mixed-correlated,628,field-average,0.9944692940038685,0.945,0.8966507177033493,0.9948333333333333,1,1
mixed-correlated,628,whole-call,0.9944692940038685,0.945,0.8966507177033493,0.9948333333333333,0,0
mixed-correlated,628,joint-long-schema,0.9944692940038685,0.945,0.8966507177033493,0.9948333333333333,0,0
mixed-correlated,629,field-average,0.9943330947267955,0.946,0.9063636363636364,0.994,1,1
mixed-correlated,629,whole-call,0.9943330947267955,0.946,0.9063636363636364,0.994,0,0
mixed-correlated,629,joint-long-schema,0.9943330947267955,0.946,0.9063636363636364,0.994,0,0
mixed-correlated,630,field-average,0.9944074250356972,0.9433333333333334,0.9002822201317028,0.9941666666666666,1,1
mixed-correlated,630,whole-call,0.9944074250356972,0.9433333333333334,0.9002822201317028,0.9941666666666666,0,0
mixed-correlated,630,joint-long-schema,0.9944074250356972,0.9433333333333334,0.9002822201317028,0.9941666666666666,0,0
mixed-correlated,631,field-average,0.9946452076103866,0.9473333333333334,0.906567992599445,0.994,1,1
mixed-correlated,631,whole-call,0.9946452076103866,0.9473333333333334,0.906567992599445,0.994,0,0
mixed-correlated,631,joint-long-schema,0.9946452076103866,0.9473333333333334,0.906567992599445,0.994,0,0
mixed-correlated,632,field-average,0.9937401239820105,0.944,0.89272030651341,0.9935,1,1
mixed-correlated,632,whole-call,0.9937401239820105,0.944,0.89272030651341,0.9935,0,0
mixed-correlated,632,joint-long-schema,0.9937401239820105,0.944,0.89272030651341,0.9935,0,0
mixed-correlated,633,field-average,0.993120378227664,0.9396666666666667,0.8974854932301741,0.9933333333333333,1,1
mixed-correlated,633,whole-call,0.993120378227664,0.9396666666666667,0.8974854932301741,0.9933333333333333,0,0
mixed-correlated,633,joint-long-schema,0.993120378227664,0.9396666666666667,0.8974854932301741,0.9933333333333333,0,0
mixed-correlated,634,field-average,0.9947094801223242,0.9513333333333334,0.9113924050632911,0.9943333333333333,1,0
mixed-correlated,634,whole-call,0.9947094801223242,0.9513333333333334,0.9113924050632911,0.9943333333333333,1,0
mixed-correlated,634,joint-long-schema,0.9947094801223242,0.9513333333333334,0.9113924050632911,0.9943333333333333,1,0
mixed-correlated,635,field-average,0.9939813694652795,0.9476666666666667,0.9114533205004812,0.9933333333333333,1,1
mixed-correlated,635,whole-call,0.9939813694652795,0.9476666666666667,0.9114533205004812,0.9933333333333333,0,0
mixed-correlated,635,joint-long-schema,0.9939813694652795,0.9476666666666667,0.9114533205004812,0.9933333333333333,0,0
mixed-correlated,636,field-average,0.9936678032148076,0.9453333333333334,0.890057361376673,0.9943333333333333,1,1
mixed-correlated,636,whole-call,0.9936678032148076,0.9453333333333334,0.890057361376673,0.9943333333333333,0,0
mixed-correlated,636,joint-long-schema,0.9936678032148076,0.9453333333333334,0.890057361376673,0.9943333333333333,0,0
mixed-correlated,637,field-average,0.9944996451383961,0.9503333333333334,0.9097744360902256,0.9941666666666666,1,0
mixed-correlated,637,whole-call,0.9944996451383961,0.9503333333333334,0.9097744360902256,0.9941666666666666,1,0
mixed-correlated,637,joint-long-schema,0.9944996451383961,0.9503333333333334,0.9097744360902256,0.9941666666666666,1,0
mixed-correlated,638,field-average,0.9938595445332061,0.9446666666666667,0.9025304592314901,0.9943333333333333,1,1
mixed-correlated,638,whole-call,0.9938595445332061,0.9446666666666667,0.9025304592314901,0.9943333333333333,0,0
mixed-correlated,638,joint-long-schema,0.9938595445332061,0.9446666666666667,0.9025304592314901,0.9943333333333333,0,0
mixed-correlated,639,field-average,0.994964599609375,0.954,0.9119922630560928,0.9948333333333333,1,0
mixed-correlated,639,whole-call,0.994964599609375,0.954,0.9119922630560928,0.9948333333333333,1,0
mixed-correlated,639,joint-long-schema,0.994964599609375,0.954,0.9119922630560928,0.9948333333333333,1,0
mixed-correlated,640,field-average,0.9938833313245752,0.9463333333333334,0.8914728682170543,0.9951666666666666,1,1
mixed-correlated,640,whole-call,0.9938833313245752,0.9463333333333334,0.8914728682170543,0.9951666666666666,0,0
mixed-correlated,640,joint-long-schema,0.9938833313245752,0.9463333333333334,0.8914728682170543,0.9951666666666666,0,0
mixed-correlated,641,field-average,0.9939987937273824,0.952,0.908411214953271,0.9935,1,0
mixed-correlated,641,whole-call,0.9939987937273824,0.952,0.908411214953271,0.9935,1,0
mixed-correlated,641,joint-long-schema,0.9939987937273824,0.952,0.908411214953271,0.9935,1,0
mixed-correlated,642,field-average,0.9953697949036668,0.9566666666666667,0.9203187250996016,0.9953333333333333,1,0
mixed-correlated,642,whole-call,0.9953697949036668,0.9566666666666667,0.9203187250996016,0.9953333333333333,1,0
mixed-correlated,642,joint-long-schema,0.9953697949036668,0.9566666666666667,0.9203187250996016,0.9953333333333333,1,0
mixed-correlated,643,field-average,0.9931547976462112,0.9363333333333334,0.8881578947368421,0.993,1,1
mixed-correlated,643,whole-call,0.9931547976462112,0.9363333333333334,0.8881578947368421,0.993,0,0
mixed-correlated,643,joint-long-schema,0.9931547976462112,0.9363333333333334,0.8881578947368421,0.993,0,0
mixed-correlated,644,field-average,0.9943747694577647,0.9463333333333334,0.9056974459724951,0.9955,1,1
mixed-correlated,644,whole-call,0.9943747694577647,0.9463333333333334,0.9056974459724951,0.9955,0,0
mixed-correlated,644,joint-long-schema,0.9943747694577647,0.9463333333333334,0.9056974459724951,0.9955,0,0
mixed-correlated,645,field-average,0.9947157869596369,0.951,0.9227099236641222,0.9936666666666667,1,0
mixed-correlated,645,whole-call,0.9947157869596369,0.951,0.9227099236641222,0.9936666666666667,1,0
mixed-correlated,645,joint-long-schema,0.9947157869596369,0.951,0.9227099236641222,0.9936666666666667,1,0
mixed-correlated,646,field-average,0.9936255463817387,0.9446666666666667,0.896551724137931,0.9936666666666667,1,1
mixed-correlated,646,whole-call,0.9936255463817387,0.9446666666666667,0.896551724137931,0.9936666666666667,0,0
mixed-correlated,646,joint-long-schema,0.9936255463817387,0.9446666666666667,0.896551724137931,0.9936666666666667,0,0
mixed-correlated,647,field-average,0.9939719289827256,0.946,0.9107981220657277,0.9943333333333333,1,1
mixed-correlated,647,whole-call,0.9939719289827256,0.946,0.9107981220657277,0.9943333333333333,0,0
mixed-correlated,647,joint-long-schema,0.9939719289827256,0.946,0.9107981220657277,0.9943333333333333,0,0
mixed-correlated,648,field-average,0.9946415596996852,0.9506666666666667,0.9106302916274694,0.9945,1,0
mixed-correlated,648,whole-call,0.9946415596996852,0.9506666666666667,0.9106302916274694,0.9945,1,0
mixed-correlated,648,joint-long-schema,0.9946415596996852,0.9506666666666667,0.9106302916274694,0.9945,1,0
mixed-correlated,649,field-average,0.9943857331571995,0.9493333333333334,0.9035004730368968,0.9933333333333333,1,1
mixed-correlated,649,whole-call,0.9943857331571995,0.9493333333333334,0.9035004730368968,0.9933333333333333,0,0
mixed-correlated,649,joint-long-schema,0.9943857331571995,0.9493333333333334,0.9035004730368968,0.9933333333333333,0,0
mixed-correlated,650,field-average,0.9949824688671262,0.9503333333333334,0.9154135338345865,0.9931666666666666,1,0
mixed-correlated,650,whole-call,0.9949824688671262,0.9503333333333334,0.9154135338345865,0.9931666666666666,1,0
mixed-correlated,650,joint-long-schema,0.9949824688671262,0.9503333333333334,0.9154135338345865,0.9931666666666666,1,0
mixed-correlated,651,field-average,0.9953852566392759,0.9513333333333334,0.9161230195712954,0.9941666666666666,1,0
mixed-correlated,651,whole-call,0.9953852566392759,0.9513333333333334,0.9161230195712954,0.9941666666666666,1,0
mixed-correlated,651,joint-long-schema,0.9953852566392759,0.9513333333333334,0.9161230195712954,0.9941666666666666,1,0
mixed-correlated,652,field-average,0.99351039538517,0.945,0.8961284230406044,0.994,1,1
mixed-correlated,652,whole-call,0.99351039538517,0.945,0.8961284230406044,0.994,0,0
mixed-correlated,652,joint-long-schema,0.99351039538517,0.945,0.8961284230406044,0.994,0,0
mixed-correlated,653,field-average,0.9948910915320607,0.956,0.9130859375,0.9951666666666666,1,0
mixed-correlated,653,whole-call,0.9948910915320607,0.956,0.9130859375,0.9951666666666666,1,0
mixed-correlated,653,joint-long-schema,0.9948910915320607,0.956,0.9130859375,0.9951666666666666,1,0
mixed-correlated,654,field-average,0.9948292448292448,0.9483333333333334,0.9004739336492891,0.9955,1,1
mixed-correlated,654,whole-call,0.9948292448292448,0.9483333333333334,0.9004739336492891,0.9955,0,0
mixed-correlated,654,joint-long-schema,0.9948292448292448,0.9483333333333334,0.9004739336492891,0.9955,0,0
mixed-correlated,655,field-average,0.9948144104803494,0.952,0.9043151969981238,0.996,1,0
mixed-correlated,655,whole-call,0.9948144104803494,0.952,0.9043151969981238,0.996,1,0
mixed-correlated,655,joint-long-schema,0.9948144104803494,0.952,0.9043151969981238,0.996,1,0
mixed-correlated,656,field-average,0.9947790189412337,0.9586666666666667,0.9208015267175572,0.9951666666666666,1,0
mixed-correlated,656,whole-call,0.9947790189412337,0.9586666666666667,0.9208015267175572,0.9951666666666666,1,0
mixed-correlated,656,joint-long-schema,0.9947790189412337,0.9586666666666667,0.9208015267175572,0.9951666666666666,1,0
mixed-correlated,657,field-average,0.9944879960803528,0.9503333333333334,0.9168224299065421,0.995,1,0
mixed-correlated,657,whole-call,0.9944879960803528,0.9503333333333334,0.9168224299065421,0.995,1,0
mixed-correlated,657,joint-long-schema,0.9944879960803528,0.9503333333333334,0.9168224299065421,0.995,1,0
mixed-correlated,658,field-average,0.9944269445117518,0.951,0.9060987415295256,0.9948333333333333,1,0
mixed-correlated,658,whole-call,0.9944269445117518,0.951,0.9060987415295256,0.9948333333333333,1,0
mixed-correlated,658,joint-long-schema,0.9944269445117518,0.951,0.9060987415295256,0.9948333333333333,1,0
mixed-correlated,659,field-average,0.9945593686476145,0.9516666666666667,0.9124293785310734,0.9941666666666666,1,0
mixed-correlated,659,whole-call,0.9945593686476145,0.9516666666666667,0.9124293785310734,0.9941666666666666,1,0
mixed-correlated,659,joint-long-schema,0.9945593686476145,0.9516666666666667,0.9124293785310734,0.9941666666666666,1,0
mixed-correlated,660,field-average,0.9947247150133398,0.9483333333333334,0.8960915157292659,0.9948333333333333,1,1
mixed-correlated,660,whole-call,0.9947247150133398,0.9483333333333334,0.8960915157292659,0.9948333333333333,0,0
mixed-correlated,660,joint-long-schema,0.9947247150133398,0.9483333333333334,0.8960915157292659,0.9948333333333333,0,0
mixed-correlated,661,field-average,0.9949926271811256,0.9496666666666667,0.912621359223301,0.9948333333333333,1,1
mixed-correlated,661,whole-call,0.9949926271811256,0.9496666666666667,0.912621359223301,0.9948333333333333,0,0
mixed-correlated,661,joint-long-schema,0.9949926271811256,0.9496666666666667,0.912621359223301,0.9948333333333333,0,0
mixed-correlated,662,field-average,0.9944294809010774,0.9503333333333334,0.9156398104265403,0.9953333333333333,1,0
mixed-correlated,662,whole-call,0.9944294809010774,0.9503333333333334,0.9156398104265403,0.9953333333333333,1,0
mixed-correlated,662,joint-long-schema,0.9944294809010774,0.9503333333333334,0.9156398104265403,0.9953333333333333,1,0
mixed-correlated,663,field-average,0.9943854141511712,0.9456666666666667,0.9133709981167608,0.995,1,1
mixed-correlated,663,whole-call,0.9943854141511712,0.9456666666666667,0.9133709981167608,0.995,0,0
mixed-correlated,663,joint-long-schema,0.9943854141511712,0.9456666666666667,0.9133709981167608,0.995,0,0
mixed-correlated,664,field-average,0.9947279760419266,0.9483333333333334,0.896887159533074,0.9945,1,1
mixed-correlated,664,whole-call,0.9947279760419266,0.9483333333333334,0.896887159533074,0.9945,0,0
mixed-correlated,664,joint-long-schema,0.9947279760419266,0.9483333333333334,0.896887159533074,0.9945,0,0
mixed-correlated,665,field-average,0.995198189380964,0.9533333333333334,0.90625,0.9953333333333333,1,0
mixed-correlated,665,whole-call,0.995198189380964,0.9533333333333334,0.90625,0.9953333333333333,1,0
mixed-correlated,665,joint-long-schema,0.995198189380964,0.9533333333333334,0.90625,0.9953333333333333,1,0
mixed-correlated,666,field-average,0.994039654543243,0.946,0.9093511450381679,0.9936666666666667,1,1
mixed-correlated,666,whole-call,0.994039654543243,0.946,0.9093511450381679,0.9936666666666667,0,0
mixed-correlated,666,joint-long-schema,0.994039654543243,0.946,0.9093511450381679,0.9936666666666667,0,0
mixed-correlated,667,field-average,0.9937010763209393,0.9483333333333334,0.8984819734345351,0.9953333333333333,1,1
mixed-correlated,667,whole-call,0.9937010763209393,0.9483333333333334,0.8984819734345351,0.9953333333333333,0,0
mixed-correlated,667,joint-long-schema,0.9937010763209393,0.9483333333333334,0.8984819734345351,0.9953333333333333,0,0
mixed-correlated,668,field-average,0.9949969861362267,0.9506666666666667,0.9131255901794145,0.9965,1,0
mixed-correlated,668,whole-call,0.9949969861362267,0.9506666666666667,0.9131255901794145,0.9965,1,0
mixed-correlated,668,joint-long-schema,0.9949969861362267,0.9506666666666667,0.9131255901794145,0.9965,1,0
mixed-correlated,669,field-average,0.9951656607956645,0.952,0.9102316602316602,0.9938333333333333,1,0
mixed-correlated,669,whole-call,0.9951656607956645,0.952,0.9102316602316602,0.9938333333333333,1,0
mixed-correlated,669,joint-long-schema,0.9951656607956645,0.952,0.9102316602316602,0.9938333333333333,1,0
mixed-correlated,670,field-average,0.9940332690453231,0.9503333333333334,0.9034676663542643,0.9948333333333333,1,0
mixed-correlated,670,whole-call,0.9940332690453231,0.9503333333333334,0.9034676663542643,0.9948333333333333,1,0
mixed-correlated,670,joint-long-schema,0.9940332690453231,0.9503333333333334,0.9034676663542643,0.9948333333333333,1,0
mixed-correlated,671,field-average,0.9944727891156463,0.949,0.913926499032882,0.9945,1,1
mixed-correlated,671,whole-call,0.9944727891156463,0.949,0.913926499032882,0.9945,0,0
mixed-correlated,671,joint-long-schema,0.9944727891156463,0.949,0.913926499032882,0.9945,0,0
mixed-correlated,672,field-average,0.9949780861943024,0.9503333333333334,0.9132893496701225,0.9945,1,0
mixed-correlated,672,whole-call,0.9949780861943024,0.9503333333333334,0.9132893496701225,0.9945,1,0
mixed-correlated,672,joint-long-schema,0.9949780861943024,0.9503333333333334,0.9132893496701225,0.9945,1,0
mixed-correlated,673,field-average,0.9949951760733237,0.9533333333333334,0.9161105815061964,0.9945,1,0
mixed-correlated,673,whole-call,0.9949951760733237,0.9533333333333334,0.9161105815061964,0.9945,1,0
mixed-correlated,673,joint-long-schema,0.9949951760733237,0.9533333333333334,0.9161105815061964,0.9945,1,0
mixed-correlated,674,field-average,0.9950847657169767,0.9513333333333334,0.9186691312384473,0.995,1,0
mixed-correlated,674,whole-call,0.9950847657169767,0.9513333333333334,0.9186691312384473,0.995,1,0
mixed-correlated,674,joint-long-schema,0.9950847657169767,0.9513333333333334,0.9186691312384473,0.995,1,0
mixed-correlated,675,field-average,0.9947266335313372,0.958,0.922854387656702,0.9943333333333333,1,0
mixed-correlated,675,whole-call,0.9947266335313372,0.958,0.922854387656702,0.9943333333333333,1,0
mixed-correlated,675,joint-long-schema,0.9947266335313372,0.958,0.922854387656702,0.9943333333333333,1,0
mixed-correlated,676,field-average,0.9945376629647513,0.95,0.907981220657277,0.994,1,0
mixed-correlated,676,whole-call,0.9945376629647513,0.95,0.907981220657277,0.994,1,0
mixed-correlated,676,joint-long-schema,0.9945376629647513,0.95,0.907981220657277,0.994,1,0
mixed-correlated,677,field-average,0.9953208556149733,0.961,0.924198250728863,0.9966666666666667,1,0
mixed-correlated,677,whole-call,0.9953208556149733,0.961,0.924198250728863,0.9966666666666667,1,0
mixed-correlated,677,joint-long-schema,0.9953208556149733,0.961,0.924198250728863,0.9966666666666667,1,0
mixed-correlated,678,field-average,0.9957181306581845,0.956,0.9170731707317074,0.9958333333333333,1,0
mixed-correlated,678,whole-call,0.9957181306581845,0.956,0.9170731707317074,0.9958333333333333,1,0
mixed-correlated,678,joint-long-schema,0.9957181306581845,0.956,0.9170731707317074,0.9958333333333333,1,0
mixed-correlated,679,field-average,0.994691237490847,0.9463333333333334,0.909702209414025,0.9951666666666666,1,1
mixed-correlated,679,whole-call,0.994691237490847,0.9463333333333334,0.909702209414025,0.9951666666666666,0,0
mixed-correlated,679,joint-long-schema,0.994691237490847,0.9463333333333334,0.909702209414025,0.9951666666666666,0,0
mixed-correlated,680,field-average,0.9946452076103866,0.952,0.9085872576177285,0.9951666666666666,1,0
mixed-correlated,680,whole-call,0.9946452076103866,0.952,0.9085872576177285,0.9951666666666666,1,0
mixed-correlated,680,joint-long-schema,0.9946452076103866,0.952,0.9085872576177285,0.9951666666666666,1,0
mixed-correlated,681,field-average,0.9937446338771004,0.9503333333333334,0.9048076923076923,0.9933333333333333,1,0
mixed-correlated,681,whole-call,0.9937446338771004,0.9503333333333334,0.9048076923076923,0.9933333333333333,1,0
mixed-correlated,681,joint-long-schema,0.9937446338771004,0.9503333333333334,0.9048076923076923,0.9933333333333333,1,0
mixed-correlated,682,field-average,0.9956584207896052,0.9563333333333334,0.9103585657370518,0.9955,1,0
mixed-correlated,682,whole-call,0.9956584207896052,0.9563333333333334,0.9103585657370518,0.9955,1,0
mixed-correlated,682,joint-long-schema,0.9956584207896052,0.9563333333333334,0.9103585657370518,0.9955,1,0
mixed-correlated,683,field-average,0.9938920627203112,0.948,0.905982905982906,0.9958333333333333,1,1
mixed-correlated,683,whole-call,0.9938920627203112,0.948,0.905982905982906,0.9958333333333333,0,0
mixed-correlated,683,joint-long-schema,0.9938920627203112,0.948,0.905982905982906,0.9958333333333333,0,0
mixed-correlated,684,field-average,0.994348086124402,0.95,0.9155963302752294,0.9946666666666667,1,0
mixed-correlated,684,whole-call,0.994348086124402,0.95,0.9155963302752294,0.9946666666666667,1,0
mixed-correlated,684,joint-long-schema,0.994348086124402,0.95,0.9155963302752294,0.9946666666666667,1,0
mixed-correlated,685,field-average,0.9944889162561577,0.9513333333333334,0.9175769612711023,0.9961666666666666,1,0
mixed-correlated,685,whole-call,0.9944889162561577,0.9513333333333334,0.9175769612711023,0.9961666666666666,1,0
mixed-correlated,685,joint-long-schema,0.9944889162561577,0.9513333333333334,0.9175769612711023,0.9961666666666666,1,0
mixed-correlated,686,field-average,0.9951257672403419,0.949,0.9110898661567878,0.9938333333333333,1,1
mixed-correlated,686,whole-call,0.9951257672403419,0.949,0.9110898661567878,0.9938333333333333,0,0
mixed-correlated,686,joint-long-schema,0.9951257672403419,0.949,0.9110898661567878,0.9938333333333333,0,0
mixed-correlated,687,field-average,0.9949363961961221,0.9523333333333334,0.9154518950437318,0.9936666666666667,1,0
mixed-correlated,687,whole-call,0.9949363961961221,0.9523333333333334,0.9154518950437318,0.9936666666666667,1,0
mixed-correlated,687,joint-long-schema,0.9949363961961221,0.9523333333333334,0.9154518950437318,0.9936666666666667,1,0
mixed-correlated,688,field-average,0.9939892051030422,0.9496666666666667,0.9086584205518554,0.9941666666666666,1,1
mixed-correlated,688,whole-call,0.9939892051030422,0.9496666666666667,0.9086584205518554,0.9941666666666666,0,0
mixed-correlated,688,joint-long-schema,0.9939892051030422,0.9496666666666667,0.9086584205518554,0.9941666666666666,0,0
mixed-correlated,689,field-average,0.9943265007320644,0.948,0.9060665362035225,0.9938333333333333,1,1
mixed-correlated,689,whole-call,0.9943265007320644,0.948,0.9060665362035225,0.9938333333333333,0,0
mixed-correlated,689,joint-long-schema,0.9943265007320644,0.948,0.9060665362035225,0.9938333333333333,0,0
mixed-correlated,690,field-average,0.9934991012582385,0.9453333333333334,0.897803247373448,0.992,1,1
mixed-correlated,690,whole-call,0.9934991012582385,0.9453333333333334,0.897803247373448,0.992,0,0
mixed-correlated,690,joint-long-schema,0.9934991012582385,0.9453333333333334,0.897803247373448,0.992,0,0
mixed-correlated,691,field-average,0.9937403583718999,0.9416666666666667,0.8925318761384335,0.9943333333333333,1,1
mixed-correlated,691,whole-call,0.9937403583718999,0.9416666666666667,0.8925318761384335,0.9943333333333333,0,0
mixed-correlated,691,joint-long-schema,0.9937403583718999,0.9416666666666667,0.8925318761384335,0.9943333333333333,0,0
mixed-correlated,692,field-average,0.994224830142063,0.951,0.9126984126984127,0.9941666666666666,1,0
mixed-correlated,692,whole-call,0.994224830142063,0.951,0.9126984126984127,0.9941666666666666,1,0
mixed-correlated,692,joint-long-schema,0.994224830142063,0.951,0.9126984126984127,0.9941666666666666,1,0
mixed-correlated,693,field-average,0.9945950788342093,0.947,0.9075937785910339,0.9956666666666667,1,1
mixed-correlated,693,whole-call,0.9945950788342093,0.947,0.9075937785910339,0.9956666666666667,0,0
mixed-correlated,693,joint-long-schema,0.9945950788342093,0.947,0.9075937785910339,0.9956666666666667,0,0
mixed-correlated,694,field-average,0.994767090139141,0.9496666666666667,0.8994197292069632,0.9935,1,1
mixed-correlated,694,whole-call,0.994767090139141,0.9496666666666667,0.8994197292069632,0.9935,0,0
mixed-correlated,694,joint-long-schema,0.994767090139141,0.9496666666666667,0.8994197292069632,0.9935,0,0
mixed-correlated,695,field-average,0.9941929367148613,0.9506666666666667,0.9142066420664207,0.995,1,0
mixed-correlated,695,whole-call,0.9941929367148613,0.9506666666666667,0.9142066420664207,0.995,1,0
mixed-correlated,695,joint-long-schema,0.9941929367148613,0.9506666666666667,0.9142066420664207,0.995,1,0
mixed-correlated,696,field-average,0.9951974704689178,0.953,0.9131652661064426,0.9961666666666666,1,0
mixed-correlated,696,whole-call,0.9951974704689178,0.953,0.9131652661064426,0.9961666666666666,1,0
mixed-correlated,696,joint-long-schema,0.9951974704689178,0.953,0.9131652661064426,0.9961666666666666,1,0
mixed-correlated,697,field-average,0.9932415976619581,0.9396666666666667,0.8962172647914646,0.992,1,1
mixed-correlated,697,whole-call,0.9932415976619581,0.9396666666666667,0.8962172647914646,0.992,0,0
mixed-correlated,697,joint-long-schema,0.9932415976619581,0.9396666666666667,0.8962172647914646,0.992,0,0
mixed-correlated,698,field-average,0.9943078599975778,0.9503333333333334,0.9063992359121299,0.9945,1,0
mixed-correlated,698,whole-call,0.9943078599975778,0.9503333333333334,0.9063992359121299,0.9945,1,0
mixed-correlated,698,joint-long-schema,0.9943078599975778,0.9503333333333334,0.9063992359121299,0.9945,1,0
mixed-correlated,699,field-average,0.9945823244552058,0.9503333333333334,0.9025787965616046,0.9965,1,0
mixed-correlated,699,whole-call,0.9945823244552058,0.9503333333333334,0.9025787965616046,0.9965,1,0
mixed-correlated,699,joint-long-schema,0.9945823244552058,0.9503333333333334,0.9025787965616046,0.9965,1,0
mixed-correlated,700,field-average,0.9954018870177953,0.952,0.9143389199255121,0.996,1,0
mixed-correlated,700,whole-call,0.9954018870177953,0.952,0.9143389199255121,0.996,1,0
mixed-correlated,700,joint-long-schema,0.9954018870177953,0.952,0.9143389199255121,0.996,1,0
mixed-correlated,701,field-average,0.9946782776971457,0.9513333333333334,0.9119025304592315,0.9945,1,0
mixed-correlated,701,whole-call,0.9946782776971457,0.9513333333333334,0.9119025304592315,0.9945,1,0
mixed-correlated,701,joint-long-schema,0.9946782776971457,0.9513333333333334,0.9119025304592315,0.9945,1,0
mixed-correlated,702,field-average,0.9952444859376823,0.9503333333333334,0.9105022831050228,0.9946666666666667,1,0
mixed-correlated,702,whole-call,0.9952444859376823,0.9503333333333334,0.9105022831050228,0.9946666666666667,1,0
mixed-correlated,702,joint-long-schema,0.9952444859376823,0.9503333333333334,0.9105022831050228,0.9946666666666667,1,0
mixed-correlated,703,field-average,0.9954436450839329,0.9526666666666667,0.9154795821462488,0.9958333333333333,1,0
mixed-correlated,703,whole-call,0.9954436450839329,0.9526666666666667,0.9154795821462488,0.9958333333333333,1,0
mixed-correlated,703,joint-long-schema,0.9954436450839329,0.9526666666666667,0.9154795821462488,0.9958333333333333,1,0
mixed-correlated,704,field-average,0.9941296728971962,0.9426666666666667,0.8969258589511754,0.9961666666666666,1,1
mixed-correlated,704,whole-call,0.9941296728971962,0.9426666666666667,0.8969258589511754,0.9961666666666666,0,0
mixed-correlated,704,joint-long-schema,0.9941296728971962,0.9426666666666667,0.8969258589511754,0.9961666666666666,0,0
mixed-correlated,705,field-average,0.9936651309408342,0.9433333333333334,0.8959537572254336,0.9943333333333333,1,1
mixed-correlated,705,whole-call,0.9936651309408342,0.9433333333333334,0.8959537572254336,0.9943333333333333,0,0
mixed-correlated,705,joint-long-schema,0.9936651309408342,0.9433333333333334,0.8959537572254336,0.9943333333333333,0,0
mixed-correlated,706,field-average,0.9946066361824364,0.949,0.9104882459312839,0.995,1,1
mixed-correlated,706,whole-call,0.9946066361824364,0.949,0.9104882459312839,0.995,0,0
mixed-correlated,706,joint-long-schema,0.9946066361824364,0.949,0.9104882459312839,0.995,0,0
mixed-correlated,707,field-average,0.9943444417416687,0.9446666666666667,0.8960155490767736,0.9941666666666666,1,1
mixed-correlated,707,whole-call,0.9943444417416687,0.9446666666666667,0.8960155490767736,0.9941666666666666,0,0
mixed-correlated,707,joint-long-schema,0.9943444417416687,0.9446666666666667,0.8960155490767736,0.9941666666666666,0,0
mixed-correlated,708,field-average,0.9938890915724188,0.9496666666666667,0.9038095238095238,0.994,1,1
mixed-correlated,708,whole-call,0.9938890915724188,0.9496666666666667,0.9038095238095238,0.994,0,0
mixed-correlated,708,joint-long-schema,0.9938890915724188,0.9496666666666667,0.9038095238095238,0.994,0,0
mixed-correlated,709,field-average,0.9952262223303332,0.9523333333333334,0.9212523719165086,0.9946666666666667,1,0
mixed-correlated,709,whole-call,0.9952262223303332,0.9523333333333334,0.9212523719165086,0.9946666666666667,1,0
mixed-correlated,709,joint-long-schema,0.9952262223303332,0.9523333333333334,0.9212523719165086,0.9946666666666667,1,0
mixed-correlated,710,field-average,0.9947213356248465,0.9476666666666667,0.9198067632850242,0.9931666666666666,1,1
mixed-correlated,710,whole-call,0.9947213356248465,0.9476666666666667,0.9198067632850242,0.9931666666666666,0,0
mixed-correlated,710,joint-long-schema,0.9947213356248465,0.9476666666666667,0.9198067632850242,0.9931666666666666,0,0
mixed-correlated,711,field-average,0.9950815738963532,0.953,0.9195189639222942,0.9941666666666666,1,0
mixed-correlated,711,whole-call,0.9950815738963532,0.953,0.9195189639222942,0.9941666666666666,1,0
mixed-correlated,711,joint-long-schema,0.9950815738963532,0.953,0.9195189639222942,0.9941666666666666,1,0
mixed-correlated,712,field-average,0.9939046915404507,0.951,0.9044834307992202,0.9941666666666666,1,0
mixed-correlated,712,whole-call,0.9939046915404507,0.951,0.9044834307992202,0.9941666666666666,1,0
mixed-correlated,712,joint-long-schema,0.9939046915404507,0.951,0.9044834307992202,0.9941666666666666,1,0
mixed-correlated,713,field-average,0.9948967266578089,0.951,0.9134615384615384,0.996,1,0
mixed-correlated,713,whole-call,0.9948967266578089,0.951,0.9134615384615384,0.996,1,0
mixed-correlated,713,joint-long-schema,0.9948967266578089,0.951,0.9134615384615384,0.996,1,0
mixed-correlated,714,field-average,0.9943348848603626,0.9466666666666667,0.9021317829457365,0.9955,1,1
mixed-correlated,714,whole-call,0.9943348848603626,0.9466666666666667,0.9021317829457365,0.9955,0,0
mixed-correlated,714,joint-long-schema,0.9943348848603626,0.9466666666666667,0.9021317829457365,0.9955,0,0
mixed-correlated,715,field-average,0.9954545454545455,0.954,0.9134980988593155,0.9956666666666667,1,0
mixed-correlated,715,whole-call,0.9954545454545455,0.954,0.9134980988593155,0.9956666666666667,1,0
mixed-correlated,715,joint-long-schema,0.9954545454545455,0.954,0.9134980988593155,0.9956666666666667,1,0
mixed-correlated,716,field-average,0.9947425670775925,0.9473333333333334,0.9100378787878788,0.9933333333333333,1,1
mixed-correlated,716,whole-call,0.9947425670775925,0.9473333333333334,0.9100378787878788,0.9933333333333333,0,0
mixed-correlated,716,joint-long-schema,0.9947425670775925,0.9473333333333334,0.9100378787878788,0.9933333333333333,0,0
mixed-correlated,717,field-average,0.9938760806916427,0.9493333333333334,0.9044048734770385,0.9943333333333333,1,1
mixed-correlated,717,whole-call,0.9938760806916427,0.9493333333333334,0.9044048734770385,0.9943333333333333,0,0
mixed-correlated,717,joint-long-schema,0.9938760806916427,0.9493333333333334,0.9044048734770385,0.9943333333333333,0,0
mixed-correlated,718,field-average,0.9949235474006116,0.9556666666666667,0.9173955296404276,0.9945,1,0
mixed-correlated,718,whole-call,0.9949235474006116,0.9556666666666667,0.9173955296404276,0.9945,1,0
mixed-correlated,718,joint-long-schema,0.9949235474006116,0.9556666666666667,0.9173955296404276,0.9945,1,0
mixed-correlated,719,field-average,0.9952892861456698,0.9526666666666667,0.9195402298850575,0.9961666666666666,1,0
mixed-correlated,719,whole-call,0.9952892861456698,0.9526666666666667,0.9195402298850575,0.9961666666666666,1,0
mixed-correlated,719,joint-long-schema,0.9952892861456698,0.9526666666666667,0.9195402298850575,0.9961666666666666,1,0
mixed-correlated,720,field-average,0.9946371111905613,0.9453333333333334,0.899624765478424,0.995,1,1
mixed-correlated,720,whole-call,0.9946371111905613,0.9453333333333334,0.899624765478424,0.995,0,0
mixed-correlated,720,joint-long-schema,0.9946371111905613,0.9453333333333334,0.899624765478424,0.995,0,0
mixed-correlated,721,field-average,0.9947853870267663,0.9516666666666667,0.9057492931196984,0.9953333333333333,1,0
mixed-correlated,721,whole-call,0.9947853870267663,0.9516666666666667,0.9057492931196984,0.9953333333333333,1,0
mixed-correlated,721,joint-long-schema,0.9947853870267663,0.9516666666666667,0.9057492931196984,0.9953333333333333,1,0
mixed-correlated,722,field-average,0.9956980126030053,0.956,0.9286384976525821,0.995,1,0
mixed-correlated,722,whole-call,0.9956980126030053,0.956,0.9286384976525821,0.995,1,0
mixed-correlated,722,joint-long-schema,0.9956980126030053,0.956,0.9286384976525821,0.995,1,0
mixed-correlated,723,field-average,0.9946272061471966,0.9456666666666667,0.900749063670412,0.9931666666666666,1,1
mixed-correlated,723,whole-call,0.9946272061471966,0.9456666666666667,0.900749063670412,0.9931666666666666,0,0
mixed-correlated,723,joint-long-schema,0.9946272061471966,0.9456666666666667,0.900749063670412,0.9931666666666666,0,0
mixed-correlated,724,field-average,0.9949249249249249,0.951,0.9061032863849765,0.9951666666666666,1,0
mixed-correlated,724,whole-call,0.9949249249249249,0.951,0.9061032863849765,0.9951666666666666,1,0
mixed-correlated,724,joint-long-schema,0.9949249249249249,0.951,0.9061032863849765,0.9951666666666666,1,0
mixed-correlated,725,field-average,0.9939017026929114,0.9436666666666667,0.902738432483475,0.9941666666666666,1,1
mixed-correlated,725,whole-call,0.9939017026929114,0.9436666666666667,0.902738432483475,0.9941666666666666,0,0
mixed-correlated,725,joint-long-schema,0.9939017026929114,0.9436666666666667,0.902738432483475,0.9941666666666666,0,0
mixed-correlated,726,field-average,0.993786686649182,0.95,0.9159335288367546,0.9936666666666667,1,0
mixed-correlated,726,whole-call,0.993786686649182,0.95,0.9159335288367546,0.9936666666666667,1,0
mixed-correlated,726,joint-long-schema,0.993786686649182,0.95,0.9159335288367546,0.9936666666666667,1,0
mixed-correlated,727,field-average,0.9944157559745407,0.9483333333333334,0.9207828518173345,0.993,1,1
mixed-correlated,727,whole-call,0.9944157559745407,0.9483333333333334,0.9207828518173345,0.993,0,0
mixed-correlated,727,joint-long-schema,0.9944157559745407,0.9483333333333334,0.9207828518173345,0.993,0,0
mixed-correlated,728,field-average,0.9952652664805147,0.9516666666666667,0.9133782483156881,0.994,1,0
mixed-correlated,728,whole-call,0.9952652664805147,0.9516666666666667,0.9133782483156881,0.994,1,0
mixed-correlated,728,joint-long-schema,0.9952652664805147,0.9516666666666667,0.9133782483156881,0.994,1,0
mixed-correlated,729,field-average,0.9953635470400393,0.957,0.9169921875,0.996,1,0
mixed-correlated,729,whole-call,0.9953635470400393,0.957,0.9169921875,0.996,1,0
mixed-correlated,729,joint-long-schema,0.9953635470400393,0.957,0.9169921875,0.996,1,0
mixed-correlated,730,field-average,0.9945149759645014,0.948,0.9097154072620216,0.9936666666666667,1,1
mixed-correlated,730,whole-call,0.9945149759645014,0.948,0.9097154072620216,0.9936666666666667,0,0
mixed-correlated,730,joint-long-schema,0.9945149759645014,0.948,0.9097154072620216,0.9936666666666667,0,0
mixed-correlated,731,field-average,0.9950363196125908,0.9523333333333334,0.9138576779026217,0.9938333333333333,1,0
mixed-correlated,731,whole-call,0.9950363196125908,0.9523333333333334,0.9138576779026217,0.9938333333333333,1,0
mixed-correlated,731,joint-long-schema,0.9950363196125908,0.9523333333333334,0.9138576779026217,0.9938333333333333,1,0
mixed-correlated,732,field-average,0.9933070866141732,0.9493333333333334,0.9019792648444863,0.9936666666666667,1,1
mixed-correlated,732,whole-call,0.9933070866141732,0.9493333333333334,0.9019792648444863,0.9936666666666667,0,0
mixed-correlated,732,joint-long-schema,0.9933070866141732,0.9493333333333334,0.9019792648444863,0.9936666666666667,0,0
mixed-correlated,733,field-average,0.9949016314779271,0.9483333333333334,0.9072356215213359,0.9953333333333333,1,1
mixed-correlated,733,whole-call,0.9949016314779271,0.9483333333333334,0.9072356215213359,0.9953333333333333,0,0
mixed-correlated,733,joint-long-schema,0.9949016314779271,0.9483333333333334,0.9072356215213359,0.9953333333333333,0,0
mixed-correlated,734,field-average,0.993872992876977,0.944,0.8992322456813819,0.9936666666666667,1,1
mixed-correlated,734,whole-call,0.993872992876977,0.944,0.8992322456813819,0.9936666666666667,0,0
mixed-correlated,734,joint-long-schema,0.993872992876977,0.944,0.8992322456813819,0.9936666666666667,0,0
mixed-correlated,735,field-average,0.9947271612507664,0.945,0.9039010466222646,0.9945,1,1
mixed-correlated,735,whole-call,0.9947271612507664,0.945,0.9039010466222646,0.9945,0,0
mixed-correlated,735,joint-long-schema,0.9947271612507664,0.945,0.9039010466222646,0.9945,0,0
mixed-correlated,736,field-average,0.9949324324324325,0.949,0.9017175572519084,0.996,1,1
mixed-correlated,736,whole-call,0.9949324324324325,0.949,0.9017175572519084,0.996,0,0
mixed-correlated,736,joint-long-schema,0.9949324324324325,0.949,0.9017175572519084,0.996,0,0
mixed-correlated,737,field-average,0.9949370214867869,0.9536666666666667,0.9112426035502958,0.9948333333333333,1,0
mixed-correlated,737,whole-call,0.9949370214867869,0.9536666666666667,0.9112426035502958,0.9948333333333333,1,0
mixed-correlated,737,joint-long-schema,0.9949370214867869,0.9536666666666667,0.9112426035502958,0.9948333333333333,1,0
mixed-correlated,738,field-average,0.9952084629744866,0.953,0.905511811023622,0.9953333333333333,1,0
mixed-correlated,738,whole-call,0.9952084629744866,0.953,0.905511811023622,0.9953333333333333,1,0
mixed-correlated,738,joint-long-schema,0.9952084629744866,0.953,0.905511811023622,0.9953333333333333,1,0
mixed-correlated,739,field-average,0.9938338774029742,0.95,0.9177033492822967,0.9935,1,0
mixed-correlated,739,whole-call,0.9938338774029742,0.95,0.9177033492822967,0.9935,1,0
mixed-correlated,739,joint-long-schema,0.9938338774029742,0.95,0.9177033492822967,0.9935,1,0
mixed-correlated,740,field-average,0.9938635247913599,0.9433333333333334,0.8962536023054755,0.9943333333333333,1,1
mixed-correlated,740,whole-call,0.9938635247913599,0.9433333333333334,0.8962536023054755,0.9943333333333333,0,0
mixed-correlated,740,joint-long-schema,0.9938635247913599,0.9433333333333334,0.8962536023054755,0.9943333333333333,0,0
mixed-correlated,741,field-average,0.994498556998557,0.9483333333333334,0.9136150234741784,0.9943333333333333,1,1
mixed-correlated,741,whole-call,0.994498556998557,0.9483333333333334,0.9136150234741784,0.9943333333333333,0,0
mixed-correlated,741,joint-long-schema,0.994498556998557,0.9483333333333334,0.9136150234741784,0.9943333333333333,0,0
mixed-correlated,742,field-average,0.9942255030360757,0.9476666666666667,0.9016544117647058,0.9943333333333333,1,1
mixed-correlated,742,whole-call,0.9942255030360757,0.9476666666666667,0.9016544117647058,0.9943333333333333,0,0
mixed-correlated,742,joint-long-schema,0.9942255030360757,0.9476666666666667,0.9016544117647058,0.9943333333333333,0,0
mixed-correlated,743,field-average,0.9941140776699029,0.9493333333333334,0.9119617224880383,0.9933333333333333,1,1
mixed-correlated,743,whole-call,0.9941140776699029,0.9493333333333334,0.9119617224880383,0.9933333333333333,0,0
mixed-correlated,743,joint-long-schema,0.9941140776699029,0.9493333333333334,0.9119617224880383,0.9933333333333333,0,0
mixed-correlated,744,field-average,0.9946045298233132,0.9516666666666667,0.906764168190128,0.994,1,0
mixed-correlated,744,whole-call,0.9946045298233132,0.9516666666666667,0.906764168190128,0.994,1,0
mixed-correlated,744,joint-long-schema,0.9946045298233132,0.9516666666666667,0.906764168190128,0.994,1,0
mixed-correlated,745,field-average,0.9955910390848427,0.958,0.933579335793358,0.9946666666666667,1,0
mixed-correlated,745,whole-call,0.9955910390848427,0.958,0.933579335793358,0.9946666666666667,1,0
mixed-correlated,745,joint-long-schema,0.9955910390848427,0.958,0.933579335793358,0.9946666666666667,1,0
mixed-correlated,746,field-average,0.9946758442169668,0.9486666666666667,0.9168173598553345,0.994,1,1
mixed-correlated,746,whole-call,0.9946758442169668,0.9486666666666667,0.9168173598553345,0.994,0,0
mixed-correlated,746,joint-long-schema,0.9946758442169668,0.9486666666666667,0.9168173598553345,0.994,0,0
mixed-correlated,747,field-average,0.9947349310094408,0.9506666666666667,0.9195837275307474,0.9941666666666666,1,0
mixed-correlated,747,whole-call,0.9947349310094408,0.9506666666666667,0.9195837275307474,0.9941666666666666,1,0
mixed-correlated,747,joint-long-schema,0.9947349310094408,0.9506666666666667,0.9195837275307474,0.9941666666666666,1,0
mixed-correlated,748,field-average,0.9944178628389154,0.9486666666666667,0.9071358748778103,0.9948333333333333,1,1
mixed-correlated,748,whole-call,0.9944178628389154,0.9486666666666667,0.9071358748778103,0.9948333333333333,0,0
mixed-correlated,748,joint-long-schema,0.9944178628389154,0.9486666666666667,0.9071358748778103,0.9948333333333333,0,0
mixed-correlated,749,field-average,0.9945619335347432,0.9483333333333334,0.9031657355679702,0.9955,1,1
mixed-correlated,749,whole-call,0.9945619335347432,0.9483333333333334,0.9031657355679702,0.9955,0,0
mixed-correlated,749,joint-long-schema,0.9945619335347432,0.9483333333333334,0.9031657355679702,0.9955,0,0
mixed-correlated,750,field-average,0.9949326374560019,0.9526666666666667,0.9184834123222749,0.994,1,0
mixed-correlated,750,whole-call,0.9949326374560019,0.9526666666666667,0.9184834123222749,0.994,1,0
mixed-correlated,750,joint-long-schema,0.9949326374560019,0.9526666666666667,0.9184834123222749,0.994,1,0
mixed-correlated,751,field-average,0.9948767992193218,0.953,0.9157894736842105,0.9953333333333333,1,0
mixed-correlated,751,whole-call,0.9948767992193218,0.953,0.9157894736842105,0.9953333333333333,1,0
mixed-correlated,751,joint-long-schema,0.9948767992193218,0.953,0.9157894736842105,0.9953333333333333,1,0
mixed-correlated,752,field-average,0.9942539331366765,0.954,0.9137254901960784,0.995,1,0
mixed-correlated,752,whole-call,0.9942539331366765,0.954,0.9137254901960784,0.995,1,0
mixed-correlated,752,joint-long-schema,0.9942539331366765,0.954,0.9137254901960784,0.995,1,0
mixed-correlated,753,field-average,0.9944859698566352,0.9456666666666667,0.901174168297456,0.995,1,1
mixed-correlated,753,whole-call,0.9944859698566352,0.9456666666666667,0.901174168297456,0.995,0,0
mixed-correlated,753,joint-long-schema,0.9944859698566352,0.9456666666666667,0.901174168297456,0.995,0,0
mixed-correlated,754,field-average,0.9949964260185847,0.954,0.9220055710306406,0.9938333333333333,1,0
mixed-correlated,754,whole-call,0.9949964260185847,0.954,0.9220055710306406,0.9938333333333333,1,0
mixed-correlated,754,joint-long-schema,0.9949964260185847,0.954,0.9220055710306406,0.9938333333333333,1,0
mixed-correlated,755,field-average,0.9942979330007128,0.949,0.9120073327222732,0.994,1,1
mixed-correlated,755,whole-call,0.9942979330007128,0.949,0.9120073327222732,0.994,0,0
mixed-correlated,755,joint-long-schema,0.9942979330007128,0.949,0.9120073327222732,0.994,0,0
mixed-correlated,756,field-average,0.9950920988851187,0.9503333333333334,0.9150141643059491,0.9951666666666666,1,0
mixed-correlated,756,whole-call,0.9950920988851187,0.9503333333333334,0.9150141643059491,0.9951666666666666,1,0
mixed-correlated,756,joint-long-schema,0.9950920988851187,0.9503333333333334,0.9150141643059491,0.9951666666666666,1,0
mixed-correlated,757,field-average,0.9946223564954683,0.9503333333333334,0.9067554709800191,0.9946666666666667,1,0
mixed-correlated,757,whole-call,0.9946223564954683,0.9503333333333334,0.9067554709800191,0.9946666666666667,1,0
mixed-correlated,757,joint-long-schema,0.9946223564954683,0.9503333333333334,0.9067554709800191,0.9946666666666667,1,0
mixed-correlated,758,field-average,0.9947878341918077,0.9543333333333334,0.9114285714285715,0.9958333333333333,1,0
mixed-correlated,758,whole-call,0.9947878341918077,0.9543333333333334,0.9114285714285715,0.9958333333333333,1,0
mixed-correlated,758,joint-long-schema,0.9947878341918077,0.9543333333333334,0.9114285714285715,0.9958333333333333,1,0
mixed-correlated,759,field-average,0.9944768147608642,0.9456666666666667,0.8992322456813819,0.9956666666666667,1,1
mixed-correlated,759,whole-call,0.9944768147608642,0.9456666666666667,0.8992322456813819,0.9956666666666667,0,0
mixed-correlated,759,joint-long-schema,0.9944768147608642,0.9456666666666667,0.8992322456813819,0.9956666666666667,0,0
mixed-correlated,760,field-average,0.9944795894008116,0.951,0.9004830917874396,0.9958333333333333,1,0
mixed-correlated,760,whole-call,0.9944795894008116,0.951,0.9004830917874396,0.9958333333333333,1,0
mixed-correlated,760,joint-long-schema,0.9944795894008116,0.951,0.9004830917874396,0.9958333333333333,1,0
mixed-correlated,761,field-average,0.9933812862669246,0.9423333333333334,0.8890977443609023,0.993,1,1
mixed-correlated,761,whole-call,0.9933812862669246,0.9423333333333334,0.8890977443609023,0.993,0,0
mixed-correlated,761,joint-long-schema,0.9933812862669246,0.9423333333333334,0.8890977443609023,0.993,0,0
mixed-correlated,762,field-average,0.994337379551996,0.9523333333333334,0.916241062308478,0.9951666666666666,1,0
mixed-correlated,762,whole-call,0.994337379551996,0.9523333333333334,0.916241062308478,0.9951666666666666,1,0
mixed-correlated,762,joint-long-schema,0.994337379551996,0.9523333333333334,0.916241062308478,0.9951666666666666,1,0
mixed-correlated,763,field-average,0.9943947561872091,0.9503333333333334,0.9119373776908023,0.9941666666666666,1,0
mixed-correlated,763,whole-call,0.9943947561872091,0.9503333333333334,0.9119373776908023,0.9941666666666666,1,0
mixed-correlated,763,joint-long-schema,0.9943947561872091,0.9503333333333334,0.9119373776908023,0.9941666666666666,1,0
mixed-correlated,764,field-average,0.9945765412427994,0.9526666666666667,0.9102316602316602,0.9955,1,0
mixed-correlated,764,whole-call,0.9945765412427994,0.9526666666666667,0.9102316602316602,0.9955,1,0
mixed-correlated,764,joint-long-schema,0.9945765412427994,0.9526666666666667,0.9102316602316602,0.9955,1,0
mixed-correlated,765,field-average,0.9940749697702539,0.945,0.8905660377358491,0.9951666666666666,1,1
mixed-correlated,765,whole-call,0.9940749697702539,0.945,0.8905660377358491,0.9951666666666666,0,0
mixed-correlated,765,joint-long-schema,0.9940749697702539,0.945,0.8905660377358491,0.9951666666666666,0,0
mixed-correlated,766,field-average,0.9941154836336888,0.9446666666666667,0.909875359539789,0.9948333333333333,1,1
mixed-correlated,766,whole-call,0.9941154836336888,0.9446666666666667,0.909875359539789,0.9948333333333333,0,0
mixed-correlated,766,joint-long-schema,0.9941154836336888,0.9446666666666667,0.909875359539789,0.9948333333333333,0,0
mixed-correlated,767,field-average,0.9955243740171767,0.9526666666666667,0.9154795821462488,0.9958333333333333,1,0
mixed-correlated,767,whole-call,0.9955243740171767,0.9526666666666667,0.9154795821462488,0.9958333333333333,1,0
mixed-correlated,767,joint-long-schema,0.9955243740171767,0.9526666666666667,0.9154795821462488,0.9958333333333333,1,0
mixed-correlated,768,field-average,0.9941147918941876,0.9416666666666667,0.9036027263875365,0.9931666666666666,1,1
mixed-correlated,768,whole-call,0.9941147918941876,0.9416666666666667,0.9036027263875365,0.9931666666666666,0,0
mixed-correlated,768,joint-long-schema,0.9941147918941876,0.9416666666666667,0.9036027263875365,0.9931666666666666,0,0
mixed-correlated,769,field-average,0.9935520633397313,0.9436666666666667,0.8955938697318008,0.9948333333333333,1,1
mixed-correlated,769,whole-call,0.9935520633397313,0.9436666666666667,0.8955938697318008,0.9948333333333333,0,0
mixed-correlated,769,joint-long-schema,0.9935520633397313,0.9436666666666667,0.8955938697318008,0.9948333333333333,0,0
mixed-correlated,770,field-average,0.994679607109448,0.9503333333333334,0.9079307201458523,0.995,1,0
mixed-correlated,770,whole-call,0.994679607109448,0.9503333333333334,0.9079307201458523,0.995,1,0
mixed-correlated,770,joint-long-schema,0.994679607109448,0.9503333333333334,0.9079307201458523,0.995,1,0
mixed-correlated,771,field-average,0.9944059345737566,0.9453333333333334,0.9044890162368673,0.9936666666666667,1,1
mixed-correlated,771,whole-call,0.9944059345737566,0.9453333333333334,0.9044890162368673,0.9936666666666667,0,0
mixed-correlated,771,joint-long-schema,0.9944059345737566,0.9453333333333334,0.9044890162368673,0.9936666666666667,0,0
mixed-correlated,772,field-average,0.9947352587244284,0.951,0.9149952244508118,0.994,1,0
mixed-correlated,772,whole-call,0.9947352587244284,0.951,0.9149952244508118,0.994,1,0
mixed-correlated,772,joint-long-schema,0.9947352587244284,0.951,0.9149952244508118,0.994,1,0
mixed-correlated,773,field-average,0.9939320388349514,0.9433333333333334,0.8937728937728938,0.9941666666666666,1,1
mixed-correlated,773,whole-call,0.9939320388349514,0.9433333333333334,0.8937728937728938,0.9941666666666666,0,0
mixed-correlated,773,joint-long-schema,0.9939320388349514,0.9433333333333334,0.8937728937728938,0.9941666666666666,0,0
mixed-correlated,774,field-average,0.9940881404514511,0.945,0.9042253521126761,0.9938333333333333,1,1
mixed-correlated,774,whole-call,0.9940881404514511,0.945,0.9042253521126761,0.9938333333333333,0,0
mixed-correlated,774,joint-long-schema,0.9940881404514511,0.945,0.9042253521126761,0.9938333333333333,0,0
mixed-correlated,775,field-average,0.9944511459589868,0.948,0.9112595419847328,0.9951666666666666,1,1
mixed-correlated,775,whole-call,0.9944511459589868,0.948,0.9112595419847328,0.9951666666666666,0,0
mixed-correlated,775,joint-long-schema,0.9944511459589868,0.948,0.9112595419847328,0.9951666666666666,0,0
mixed-correlated,776,field-average,0.9950160970777613,0.9513333333333334,0.903883495145631,0.9946666666666667,1,0
mixed-correlated,776,whole-call,0.9950160970777613,0.9513333333333334,0.903883495145631,0.9946666666666667,1,0
mixed-correlated,776,joint-long-schema,0.9950160970777613,0.9513333333333334,0.903883495145631,0.9946666666666667,1,0
mixed-correlated,777,field-average,0.9943727947438861,0.9463333333333334,0.9006622516556292,0.9953333333333333,1,1
mixed-correlated,777,whole-call,0.9943727947438861,0.9463333333333334,0.9006622516556292,0.9953333333333333,0,0
mixed-correlated,777,joint-long-schema,0.9943727947438861,0.9463333333333334,0.9006622516556292,0.9953333333333333,0,0
mixed-correlated,778,field-average,0.9951514425954747,0.9493333333333334,0.8990654205607477,0.9948333333333333,1,1
mixed-correlated,778,whole-call,0.9951514425954747,0.9493333333333334,0.8990654205607477,0.9948333333333333,0,0
mixed-correlated,778,joint-long-schema,0.9951514425954747,0.9493333333333334,0.8990654205607477,0.9948333333333333,0,0
mixed-correlated,779,field-average,0.993758021234395,0.9436666666666667,0.9061371841155235,0.9925,1,1
mixed-correlated,779,whole-call,0.993758021234395,0.9436666666666667,0.9061371841155235,0.9925,0,0
mixed-correlated,779,joint-long-schema,0.993758021234395,0.9436666666666667,0.9061371841155235,0.9925,0,0
mixed-correlated,780,field-average,0.9947245736719421,0.9513333333333334,0.9163461538461538,0.9943333333333333,1,0
mixed-correlated,780,whole-call,0.9947245736719421,0.9513333333333334,0.9163461538461538,0.9943333333333333,1,0
mixed-correlated,780,joint-long-schema,0.9947245736719421,0.9513333333333334,0.9163461538461538,0.9943333333333333,1,0
mixed-correlated,781,field-average,0.9950097967180994,0.9496666666666667,0.9165085388994307,0.9946666666666667,1,1
mixed-correlated,781,whole-call,0.9950097967180994,0.9496666666666667,0.9165085388994307,0.9946666666666667,0,0
mixed-correlated,781,joint-long-schema,0.9950097967180994,0.9496666666666667,0.9165085388994307,0.9946666666666667,0,0
mixed-correlated,782,field-average,0.9940921505759411,0.9523333333333334,0.919340054995417,0.9956666666666667,1,0
mixed-correlated,782,whole-call,0.9940921505759411,0.9523333333333334,0.919340054995417,0.9956666666666667,1,0
mixed-correlated,782,joint-long-schema,0.9940921505759411,0.9523333333333334,0.919340054995417,0.9956666666666667,1,0
mixed-correlated,783,field-average,0.9939921530161844,0.9466666666666667,0.9003831417624522,0.9941666666666666,1,1
mixed-correlated,783,whole-call,0.9939921530161844,0.9466666666666667,0.9003831417624522,0.9941666666666666,0,0
mixed-correlated,783,joint-long-schema,0.9939921530161844,0.9466666666666667,0.9003831417624522,0.9941666666666666,0,0
mixed-correlated,784,field-average,0.9944688949684787,0.9523333333333334,0.9092575618698442,0.9946666666666667,1,0
mixed-correlated,784,whole-call,0.9944688949684787,0.9523333333333334,0.9092575618698442,0.9946666666666667,1,0
mixed-correlated,784,joint-long-schema,0.9944688949684787,0.9523333333333334,0.9092575618698442,0.9946666666666667,1,0
mixed-correlated,785,field-average,0.994801799610895,0.9496666666666667,0.9181561618062088,0.9943333333333333,1,1
mixed-correlated,785,whole-call,0.994801799610895,0.9496666666666667,0.9181561618062088,0.9943333333333333,0,0
mixed-correlated,785,joint-long-schema,0.994801799610895,0.9496666666666667,0.9181561618062088,0.9943333333333333,0,0
mixed-correlated,786,field-average,0.9938279075396346,0.9456666666666667,0.9017509727626459,0.9938333333333333,1,1
mixed-correlated,786,whole-call,0.9938279075396346,0.9456666666666667,0.9017509727626459,0.9938333333333333,0,0
mixed-correlated,786,joint-long-schema,0.9938279075396346,0.9456666666666667,0.9017509727626459,0.9938333333333333,0,0
mixed-correlated,787,field-average,0.9946365085202893,0.953,0.9181905678537055,0.9956666666666667,1,0
mixed-correlated,787,whole-call,0.9946365085202893,0.953,0.9181905678537055,0.9956666666666667,1,0
mixed-correlated,787,joint-long-schema,0.9946365085202893,0.953,0.9181905678537055,0.9956666666666667,1,0
mixed-correlated,788,field-average,0.9948600973236009,0.9483333333333334,0.912621359223301,0.9936666666666667,1,1
mixed-correlated,788,whole-call,0.9948600973236009,0.9483333333333334,0.912621359223301,0.9936666666666667,0,0
mixed-correlated,788,joint-long-schema,0.9948600973236009,0.9483333333333334,0.912621359223301,0.9936666666666667,0,0
mixed-correlated,789,field-average,0.9947586543149683,0.952,0.9175257731958762,0.9933333333333333,1,0
mixed-correlated,789,whole-call,0.9947586543149683,0.952,0.9175257731958762,0.9933333333333333,1,0
mixed-correlated,789,joint-long-schema,0.9947586543149683,0.952,0.9175257731958762,0.9933333333333333,1,0
mixed-correlated,790,field-average,0.9945163277880468,0.9526666666666667,0.910802775024777,0.9945,1,0
mixed-correlated,790,whole-call,0.9945163277880468,0.9526666666666667,0.910802775024777,0.9945,1,0
mixed-correlated,790,joint-long-schema,0.9945163277880468,0.9526666666666667,0.910802775024777,0.9945,1,0
mixed-correlated,791,field-average,0.9943478789352134,0.9476666666666667,0.9039010466222646,0.9936666666666667,1,1
mixed-correlated,791,whole-call,0.9943478789352134,0.9476666666666667,0.9039010466222646,0.9936666666666667,0,0
mixed-correlated,791,joint-long-schema,0.9943478789352134,0.9476666666666667,0.9039010466222646,0.9936666666666667,0,0
mixed-correlated,792,field-average,0.9951348688262102,0.9523333333333334,0.9164179104477612,0.994,1,0
mixed-correlated,792,whole-call,0.9951348688262102,0.9523333333333334,0.9164179104477612,0.994,1,0
mixed-correlated,792,joint-long-schema,0.9951348688262102,0.9523333333333334,0.9164179104477612,0.994,1,0
mixed-correlated,793,field-average,0.9948756822316556,0.9496666666666667,0.9153696498054474,0.995,1,1
mixed-correlated,793,whole-call,0.9948756822316556,0.9496666666666667,0.9153696498054474,0.995,0,0
mixed-correlated,793,joint-long-schema,0.9948756822316556,0.9496666666666667,0.9153696498054474,0.995,0,0
mixed-correlated,794,field-average,0.9950835791543756,0.9523333333333334,0.9142300194931774,0.996,1,0
mixed-correlated,794,whole-call,0.9950835791543756,0.9523333333333334,0.9142300194931774,0.996,1,0
mixed-correlated,794,joint-long-schema,0.9950835791543756,0.9523333333333334,0.9142300194931774,0.996,1,0
mixed-correlated,795,field-average,0.9945529229670199,0.952,0.9144486692015209,0.993,1,0
mixed-correlated,795,whole-call,0.9945529229670199,0.952,0.9144486692015209,0.993,1,0
mixed-correlated,795,joint-long-schema,0.9945529229670199,0.952,0.9144486692015209,0.993,1,0
mixed-correlated,796,field-average,0.9949430717054264,0.9523333333333334,0.9113441372735939,0.995,1,0
mixed-correlated,796,whole-call,0.9949430717054264,0.9523333333333334,0.9113441372735939,0.995,1,0
mixed-correlated,796,joint-long-schema,0.9949430717054264,0.9523333333333334,0.9113441372735939,0.995,1,0
mixed-correlated,797,field-average,0.9954081012042331,0.9556666666666667,0.9252336448598131,0.996,1,0
mixed-correlated,797,whole-call,0.9954081012042331,0.9556666666666667,0.9252336448598131,0.996,1,0
mixed-correlated,797,joint-long-schema,0.9954081012042331,0.9556666666666667,0.9252336448598131,0.996,1,0
mixed-correlated,798,field-average,0.9939217116460005,0.9406666666666667,0.895609756097561,0.992,1,1
mixed-correlated,798,whole-call,0.9939217116460005,0.9406666666666667,0.895609756097561,0.992,0,0
mixed-correlated,798,joint-long-schema,0.9939217116460005,0.9406666666666667,0.895609756097561,0.992,0,0
mixed-correlated,799,field-average,0.9941437553939095,0.9533333333333334,0.9231536926147704,0.9943333333333333,1,0
mixed-correlated,799,whole-call,0.9941437553939095,0.9533333333333334,0.9231536926147704,0.9943333333333333,1,0
mixed-correlated,799,joint-long-schema,0.9941437553939095,0.9533333333333334,0.9231536926147704,0.9943333333333333,1,0
mixed-independent,0,field-average,0.9952042079207921,0.9506666666666667,0.9070450097847358,0.9956666666666667,1,0
mixed-independent,0,whole-call,0.9952042079207921,0.9506666666666667,0.9070450097847358,0.9956666666666667,1,0
mixed-independent,0,joint-long-schema,0.9952042079207921,0.9506666666666667,0.9070450097847358,0.9956666666666667,1,0
mixed-independent,1,field-average,0.995191726140075,0.948,0.9021113243761996,0.9943333333333333,1,1
mixed-independent,1,whole-call,0.995191726140075,0.948,0.9021113243761996,0.9943333333333333,0,0
mixed-independent,1,joint-long-schema,0.995191726140075,0.948,0.9021113243761996,0.9943333333333333,0,0
mixed-independent,2,field-average,0.9952997192040044,0.951,0.9171483622350675,0.9941666666666666,1,0
mixed-independent,2,whole-call,0.9952997192040044,0.951,0.9171483622350675,0.9941666666666666,1,0
mixed-independent,2,joint-long-schema,0.9952997192040044,0.951,0.9171483622350675,0.9941666666666666,1,0
mixed-independent,3,field-average,0.9953681424446583,0.9513333333333334,0.9046270066100094,0.9955,1,0
mixed-independent,3,whole-call,0.9953681424446583,0.9513333333333334,0.9046270066100094,0.9955,1,0
mixed-independent,3,joint-long-schema,0.9953681424446583,0.9513333333333334,0.9046270066100094,0.9955,1,0
mixed-independent,4,field-average,0.9948573527611118,0.9473333333333334,0.9048543689320389,0.9945,1,1
mixed-independent,4,whole-call,0.9948573527611118,0.9473333333333334,0.9048543689320389,0.9945,0,0
mixed-independent,4,joint-long-schema,0.9948573527611118,0.9473333333333334,0.9048543689320389,0.9945,0,0
mixed-independent,5,field-average,0.9955182239107206,0.951,0.9253867151956324,0.9938333333333333,1,0
mixed-independent,5,whole-call,0.9955182239107206,0.951,0.9253867151956324,0.9938333333333333,1,0
mixed-independent,5,joint-long-schema,0.9955182239107206,0.951,0.9253867151956324,0.9938333333333333,1,0
mixed-independent,6,field-average,0.9951817516467432,0.9486666666666667,0.9078694817658349,0.9943333333333333,1,1
mixed-independent,6,whole-call,0.9951817516467432,0.9486666666666667,0.9078694817658349,0.9943333333333333,0,0
mixed-independent,6,joint-long-schema,0.9951817516467432,0.9486666666666667,0.9078694817658349,0.9943333333333333,0,0
mixed-independent,7,field-average,0.9952897262708852,0.9486666666666667,0.909433962264151,0.9961666666666666,1,1
mixed-independent,7,whole-call,0.9952897262708852,0.9486666666666667,0.909433962264151,0.9961666666666666,0,0
mixed-independent,7,joint-long-schema,0.9952897262708852,0.9486666666666667,0.909433962264151,0.9961666666666666,0,0
mixed-independent,8,field-average,0.9949485997873094,0.9456666666666667,0.895644283121597,0.9953333333333333,1,1
mixed-independent,8,whole-call,0.9949485997873094,0.9456666666666667,0.895644283121597,0.9953333333333333,0,0
mixed-independent,8,joint-long-schema,0.9949485997873094,0.9456666666666667,0.895644283121597,0.9953333333333333,0,0
mixed-independent,9,field-average,0.9950560713855059,0.9476666666666667,0.9037383177570093,0.9935,1,1
mixed-independent,9,whole-call,0.9950560713855059,0.9476666666666667,0.9037383177570093,0.9935,0,0
mixed-independent,9,joint-long-schema,0.9950560713855059,0.9476666666666667,0.9037383177570093,0.9935,0,0
mixed-independent,10,field-average,0.9961109131932074,0.9573333333333334,0.9190697674418604,0.9966666666666667,1,0
mixed-independent,10,whole-call,0.9961109131932074,0.9573333333333334,0.9190697674418604,0.9966666666666667,1,0
mixed-independent,10,joint-long-schema,0.9961109131932074,0.9573333333333334,0.9190697674418604,0.9966666666666667,1,0
mixed-independent,11,field-average,0.9957682291666666,0.954,0.9154411764705882,0.9961666666666666,1,0
mixed-independent,11,whole-call,0.9957682291666666,0.954,0.9154411764705882,0.9961666666666666,1,0
mixed-independent,11,joint-long-schema,0.9957682291666666,0.954,0.9154411764705882,0.9961666666666666,1,0
mixed-independent,12,field-average,0.9957153275799198,0.9536666666666667,0.9076343072573044,0.9955,1,0
mixed-independent,12,whole-call,0.9957153275799198,0.9536666666666667,0.9076343072573044,0.9955,1,0
mixed-independent,12,joint-long-schema,0.9957153275799198,0.9536666666666667,0.9076343072573044,0.9955,1,0
mixed-independent,13,field-average,0.9961580680570802,0.96,0.9311320754716981,0.9958333333333333,1,0
mixed-independent,13,whole-call,0.9961580680570802,0.96,0.9311320754716981,0.9958333333333333,1,0
mixed-independent,13,joint-long-schema,0.9961580680570802,0.96,0.9311320754716981,0.9958333333333333,1,0
mixed-independent,14,field-average,0.9961042123204286,0.9583333333333334,0.9326275264677575,0.9953333333333333,1,0
mixed-independent,14,whole-call,0.9961042123204286,0.9583333333333334,0.9326275264677575,0.9953333333333333,1,0
mixed-independent,14,joint-long-schema,0.9961042123204286,0.9583333333333334,0.9326275264677575,0.9953333333333333,1,0
mixed-independent,15,field-average,0.9953831394651637,0.9516666666666667,0.9004739336492891,0.996,1,0
mixed-independent,15,whole-call,0.9953831394651637,0.9516666666666667,0.9004739336492891,0.996,1,0
mixed-independent,15,joint-long-schema,0.9953831394651637,0.9516666666666667,0.9004739336492891,0.996,1,0
mixed-independent,16,field-average,0.9951144946649083,0.9476666666666667,0.9068441064638784,0.9943333333333333,1,1
mixed-independent,16,whole-call,0.9951144946649083,0.9476666666666667,0.9068441064638784,0.9943333333333333,0,0
mixed-independent,16,joint-long-schema,0.9951144946649083,0.9476666666666667,0.9068441064638784,0.9943333333333333,0,0
mixed-independent,17,field-average,0.9955500618046972,0.953,0.9087378640776699,0.9955,1,0
mixed-independent,17,whole-call,0.9955500618046972,0.953,0.9087378640776699,0.9955,1,0
mixed-independent,17,joint-long-schema,0.9955500618046972,0.953,0.9087378640776699,0.9955,1,0
mixed-independent,18,field-average,0.9956397121600196,0.9533333333333334,0.9146692233940557,0.995,1,0
mixed-independent,18,whole-call,0.9956397121600196,0.9533333333333334,0.9146692233940557,0.995,1,0
mixed-independent,18,joint-long-schema,0.9956397121600196,0.9533333333333334,0.9146692233940557,0.995,1,0
mixed-independent,19,field-average,0.9954485170002412,0.9503333333333334,0.909437559580553,0.9946666666666667,1,0
mixed-independent,19,whole-call,0.9954485170002412,0.9503333333333334,0.909437559580553,0.9946666666666667,1,0
mixed-independent,19,joint-long-schema,0.9954485170002412,0.9503333333333334,0.909437559580553,0.9946666666666667,1,0
mixed-independent,20,field-average,0.995687036812052,0.9546666666666667,0.9174757281553398,0.9966666666666667,1,0
mixed-independent,20,whole-call,0.995687036812052,0.9546666666666667,0.9174757281553398,0.9966666666666667,1,0
mixed-independent,20,joint-long-schema,0.995687036812052,0.9546666666666667,0.9174757281553398,0.9966666666666667,1,0
mixed-independent,21,field-average,0.9957290664100096,0.9536666666666667,0.9069981583793738,0.9963333333333333,1,0
mixed-independent,21,whole-call,0.9957290664100096,0.9536666666666667,0.9069981583793738,0.9963333333333333,1,0
mixed-independent,21,joint-long-schema,0.9957290664100096,0.9536666666666667,0.9069981583793738,0.9963333333333333,1,0
mixed-independent,22,field-average,0.9952783300198808,0.9513333333333334,0.9124877089478859,0.9946666666666667,1,0
mixed-independent,22,whole-call,0.9952783300198808,0.9513333333333334,0.9124877089478859,0.9946666666666667,1,0
mixed-independent,22,joint-long-schema,0.9952783300198808,0.9513333333333334,0.9124877089478859,0.9946666666666667,1,0
mixed-independent,23,field-average,0.995243000848382,0.9486666666666667,0.9063992359121299,0.9971666666666666,1,1
mixed-independent,23,whole-call,0.995243000848382,0.9486666666666667,0.9063992359121299,0.9971666666666666,0,0
mixed-independent,23,joint-long-schema,0.995243000848382,0.9486666666666667,0.9063992359121299,0.9971666666666666,0,0
mixed-independent,24,field-average,0.9960074447646494,0.9583333333333334,0.9193083573487032,0.996,1,0
mixed-independent,24,whole-call,0.9960074447646494,0.9583333333333334,0.9193083573487032,0.996,1,0
mixed-independent,24,joint-long-schema,0.9960074447646494,0.9583333333333334,0.9193083573487032,0.996,1,0
mixed-independent,25,field-average,0.9949432659102121,0.946,0.9004830917874396,0.9943333333333333,1,1
mixed-independent,25,whole-call,0.9949432659102121,0.946,0.9004830917874396,0.9943333333333333,0,0
mixed-independent,25,joint-long-schema,0.9949432659102121,0.946,0.9004830917874396,0.9943333333333333,0,0
mixed-independent,26,field-average,0.9955367840881859,0.9526666666666667,0.919815668202765,0.9951666666666666,1,0
mixed-independent,26,whole-call,0.9955367840881859,0.9526666666666667,0.919815668202765,0.9951666666666666,1,0
mixed-independent,26,joint-long-schema,0.9955367840881859,0.9526666666666667,0.919815668202765,0.9951666666666666,1,0
mixed-independent,27,field-average,0.9956445993031359,0.9536666666666667,0.9199632014719411,0.9961666666666666,1,0
mixed-independent,27,whole-call,0.9956445993031359,0.9536666666666667,0.9199632014719411,0.9961666666666666,1,0
mixed-independent,27,joint-long-schema,0.9956445993031359,0.9536666666666667,0.9199632014719411,0.9961666666666666,1,0
mixed-independent,28,field-average,0.9943268665490888,0.9376666666666666,0.8914027149321267,0.9946666666666667,1,1
mixed-independent,28,whole-call,0.9943268665490888,0.9376666666666666,0.8914027149321267,0.9946666666666667,0,0
mixed-independent,28,joint-long-schema,0.9943268665490888,0.9376666666666666,0.8914027149321267,0.9946666666666667,0,0
mixed-independent,29,field-average,0.9954895357228771,0.952,0.9273584905660377,0.9948333333333333,1,0
mixed-independent,29,whole-call,0.9954895357228771,0.952,0.9273584905660377,0.9948333333333333,1,0
mixed-independent,29,joint-long-schema,0.9954895357228771,0.952,0.9273584905660377,0.9948333333333333,1,0
mixed-independent,30,field-average,0.9959393939393939,0.9566666666666667,0.9192015209125475,0.9961666666666666,1,0
mixed-independent,30,whole-call,0.9959393939393939,0.9566666666666667,0.9192015209125475,0.9961666666666666,1,0
mixed-independent,30,joint-long-schema,0.9959393939393939,0.9566666666666667,0.9192015209125475,0.9961666666666666,1,0
mixed-independent,31,field-average,0.9953569705740473,0.95,0.9095992544268406,0.9958333333333333,1,0
mixed-independent,31,whole-call,0.9953569705740473,0.95,0.9095992544268406,0.9958333333333333,1,0
mixed-independent,31,joint-long-schema,0.9953569705740473,0.95,0.9095992544268406,0.9958333333333333,1,0
mixed-independent,32,field-average,0.9950165097223921,0.9483333333333334,0.8968105065666041,0.9956666666666667,1,1
mixed-independent,32,whole-call,0.9950165097223921,0.9483333333333334,0.8968105065666041,0.9956666666666667,0,0
mixed-independent,32,joint-long-schema,0.9950165097223921,0.9483333333333334,0.8968105065666041,0.9956666666666667,0,0
mixed-independent,33,field-average,0.9958198153231844,0.9573333333333334,0.9259259259259259,0.9963333333333333,1,0
mixed-independent,33,whole-call,0.9958198153231844,0.9573333333333334,0.9259259259259259,0.9963333333333333,1,0
mixed-independent,33,joint-long-schema,0.9958198153231844,0.9573333333333334,0.9259259259259259,0.9963333333333333,1,0
mixed-independent,34,field-average,0.9951290793960058,0.9486666666666667,0.8987463837994214,0.9958333333333333,1,1
mixed-independent,34,whole-call,0.9951290793960058,0.9486666666666667,0.8987463837994214,0.9958333333333333,0,0
mixed-independent,34,joint-long-schema,0.9951290793960058,0.9486666666666667,0.8987463837994214,0.9958333333333333,0,0
mixed-independent,35,field-average,0.9957033549146557,0.954,0.9190207156308852,0.9963333333333333,1,0
mixed-independent,35,whole-call,0.9957033549146557,0.954,0.9190207156308852,0.9963333333333333,1,0
mixed-independent,35,joint-long-schema,0.9957033549146557,0.954,0.9190207156308852,0.9963333333333333,1,0
mixed-independent,36,field-average,0.9959809017285144,0.9566666666666667,0.9207828518173345,0.9965,1,0
mixed-independent,36,whole-call,0.9959809017285144,0.9566666666666667,0.9207828518173345,0.9965,1,0
mixed-independent,36,joint-long-schema,0.9959809017285144,0.9566666666666667,0.9207828518173345,0.9965,1,0
mixed-independent,37,field-average,0.9954529029149602,0.951,0.9250936329588015,0.9945,1,0
mixed-independent,37,whole-call,0.9954529029149602,0.951,0.9250936329588015,0.9945,1,0
mixed-independent,37,joint-long-schema,0.9954529029149602,0.951,0.9250936329588015,0.9945,1,0
mixed-independent,38,field-average,0.9951010223953262,0.9486666666666667,0.9036964980544747,0.9951666666666666,1,1
mixed-independent,38,whole-call,0.9951010223953262,0.9486666666666667,0.9036964980544747,0.9951666666666666,0,0
mixed-independent,38,joint-long-schema,0.9951010223953262,0.9486666666666667,0.9036964980544747,0.9951666666666666,0,0
mixed-independent,39,field-average,0.9948267564966313,0.944,0.9029495718363464,0.996,1,1
mixed-independent,39,whole-call,0.9948267564966313,0.944,0.9029495718363464,0.996,0,0
mixed-independent,39,joint-long-schema,0.9948267564966313,0.944,0.9029495718363464,0.996,0,0
mixed-independent,40,field-average,0.9958262247136241,0.9566666666666667,0.9079457364341085,0.9945,1,0
mixed-independent,40,whole-call,0.9958262247136241,0.9566666666666667,0.9079457364341085,0.9945,1,0
mixed-independent,40,joint-long-schema,0.9958262247136241,0.9566666666666667,0.9079457364341085,0.9945,1,0
mixed-independent,41,field-average,0.9953256936067552,0.95,0.9004784688995215,0.9958333333333333,1,0
mixed-independent,41,whole-call,0.9953256936067552,0.95,0.9004784688995215,0.9958333333333333,1,0
mixed-independent,41,joint-long-schema,0.9953256936067552,0.95,0.9004784688995215,0.9958333333333333,1,0
mixed-independent,42,field-average,0.996190304775618,0.959,0.9259606373008434,0.9961666666666666,1,0
mixed-independent,42,whole-call,0.996190304775618,0.959,0.9259606373008434,0.9961666666666666,1,0
mixed-independent,42,joint-long-schema,0.996190304775618,0.959,0.9259606373008434,0.9961666666666666,1,0
mixed-independent,43,field-average,0.9955862656763668,0.954,0.9189453125,0.9956666666666667,1,0
mixed-independent,43,whole-call,0.9955862656763668,0.954,0.9189453125,0.9956666666666667,1,0
mixed-independent,43,joint-long-schema,0.9955862656763668,0.954,0.9189453125,0.9956666666666667,1,0
mixed-independent,44,field-average,0.995908147062416,0.956,0.9180952380952381,0.9966666666666667,1,0
mixed-independent,44,whole-call,0.995908147062416,0.956,0.9180952380952381,0.9966666666666667,1,0
mixed-independent,44,joint-long-schema,0.995908147062416,0.956,0.9180952380952381,0.9966666666666667,1,0
mixed-independent,45,field-average,0.9956516413522783,0.9556666666666667,0.9105928085519922,0.9961666666666666,1,0
mixed-independent,45,whole-call,0.9956516413522783,0.9556666666666667,0.9105928085519922,0.9961666666666666,1,0
mixed-independent,45,joint-long-schema,0.9956516413522783,0.9556666666666667,0.9105928085519922,0.9961666666666666,1,0
mixed-independent,46,field-average,0.9958616429894996,0.957,0.9152709359605912,0.9953333333333333,1,0
mixed-independent,46,whole-call,0.9958616429894996,0.957,0.9152709359605912,0.9953333333333333,1,0
mixed-independent,46,joint-long-schema,0.9958616429894996,0.957,0.9152709359605912,0.9953333333333333,1,0
mixed-independent,47,field-average,0.9955204778156996,0.9536666666666667,0.9147509578544061,0.9951666666666666,1,0
mixed-independent,47,whole-call,0.9955204778156996,0.9536666666666667,0.9147509578544061,0.9951666666666666,1,0
mixed-independent,47,joint-long-schema,0.9955204778156996,0.9536666666666667,0.9147509578544061,0.9951666666666666,1,0
mixed-independent,48,field-average,0.9953995462566171,0.953,0.9120992761116856,0.9953333333333333,1,0
mixed-independent,48,whole-call,0.9953995462566171,0.953,0.9120992761116856,0.9953333333333333,1,0
mixed-independent,48,joint-long-schema,0.9953995462566171,0.953,0.9120992761116856,0.9953333333333333,1,0
mixed-independent,49,field-average,0.9949203066066431,0.945,0.8990654205607477,0.994,1,1
mixed-independent,49,whole-call,0.9949203066066431,0.945,0.8990654205607477,0.994,0,0
mixed-independent,49,joint-long-schema,0.9949203066066431,0.945,0.8990654205607477,0.994,0,0
mixed-independent,50,field-average,0.9953307627424991,0.9506666666666667,0.9052532833020638,0.9953333333333333,1,0
mixed-independent,50,whole-call,0.9953307627424991,0.9506666666666667,0.9052532833020638,0.9953333333333333,1,0
mixed-independent,50,joint-long-schema,0.9953307627424991,0.9506666666666667,0.9052532833020638,0.9953333333333333,1,0
mixed-independent,51,field-average,0.9954496142719382,0.9523333333333334,0.9143672692673644,0.9956666666666667,1,0
mixed-independent,51,whole-call,0.9954496142719382,0.9523333333333334,0.9143672692673644,0.9956666666666667,1,0
mixed-independent,51,joint-long-schema,0.9954496142719382,0.9523333333333334,0.9143672692673644,0.9956666666666667,1,0
mixed-independent,52,field-average,0.9957947855340622,0.954,0.9224952741020794,0.996,1,0
mixed-independent,52,whole-call,0.9957947855340622,0.954,0.9224952741020794,0.996,1,0
mixed-independent,52,joint-long-schema,0.9957947855340622,0.954,0.9224952741020794,0.996,1,0
mixed-independent,53,field-average,0.9957500299293667,0.955,0.9240862230552952,0.995,1,0
mixed-independent,53,whole-call,0.9957500299293667,0.955,0.9240862230552952,0.995,1,0
mixed-independent,53,joint-long-schema,0.9957500299293667,0.955,0.9240862230552952,0.995,1,0
mixed-independent,54,field-average,0.9963516746411484,0.9606666666666667,0.930835734870317,0.997,1,0
mixed-independent,54,whole-call,0.9963516746411484,0.9606666666666667,0.930835734870317,0.997,1,0
mixed-independent,54,joint-long-schema,0.9963516746411484,0.9606666666666667,0.930835734870317,0.997,1,0
mixed-independent,55,field-average,0.9954404577422815,0.9506666666666667,0.9149338374291115,0.9948333333333333,1,0
mixed-independent,55,whole-call,0.9954404577422815,0.9506666666666667,0.9149338374291115,0.9948333333333333,1,0
mixed-independent,55,joint-long-schema,0.9954404577422815,0.9506666666666667,0.9149338374291115,0.9948333333333333,1,0
mixed-independent,56,field-average,0.995167220113852,0.949,0.903828197945845,0.9953333333333333,1,1
mixed-independent,56,whole-call,0.995167220113852,0.949,0.903828197945845,0.9953333333333333,0,0
mixed-independent,56,joint-long-schema,0.995167220113852,0.949,0.903828197945845,0.9953333333333333,0,0
mixed-independent,57,field-average,0.9949553626024215,0.946,0.90549662487946,0.9933333333333333,1,1
mixed-independent,57,whole-call,0.9949553626024215,0.946,0.90549662487946,0.9933333333333333,0,0
mixed-independent,57,joint-long-schema,0.9949553626024215,0.946,0.90549662487946,0.9933333333333333,0,0
mixed-independent,58,field-average,0.9949506950219793,0.9453333333333334,0.9137614678899083,0.9948333333333333,1,1
mixed-independent,58,whole-call,0.9949506950219793,0.9453333333333334,0.9137614678899083,0.9948333333333333,0,0
mixed-independent,58,joint-long-schema,0.9949506950219793,0.9453333333333334,0.9137614678899083,0.9948333333333333,0,0
mixed-independent,59,field-average,0.9954320987654321,0.9523333333333334,0.9140926640926641,0.9953333333333333,1,0
mixed-independent,59,whole-call,0.9954320987654321,0.9523333333333334,0.9140926640926641,0.9953333333333333,1,0
mixed-independent,59,joint-long-schema,0.9954320987654321,0.9523333333333334,0.9140926640926641,0.9953333333333333,1,0
mixed-independent,60,field-average,0.9953611457036114,0.9516666666666667,0.9196865817825661,0.9966666666666667,1,0
mixed-independent,60,whole-call,0.9953611457036114,0.9516666666666667,0.9196865817825661,0.9966666666666667,1,0
mixed-independent,60,joint-long-schema,0.9953611457036114,0.9516666666666667,0.9196865817825661,0.9966666666666667,1,0
mixed-independent,61,field-average,0.9951657458563536,0.9503333333333334,0.9186691312384473,0.9931666666666666,1,0
mixed-independent,61,whole-call,0.9951657458563536,0.9503333333333334,0.9186691312384473,0.9931666666666666,1,0
mixed-independent,61,joint-long-schema,0.9951657458563536,0.9503333333333334,0.9186691312384473,0.9931666666666666,1,0
mixed-independent,62,field-average,0.9961781427668983,0.96,0.9167523124357657,0.9965,1,0
mixed-independent,62,whole-call,0.9961781427668983,0.96,0.9167523124357657,0.9965,1,0
mixed-independent,62,joint-long-schema,0.9961781427668983,0.96,0.9167523124357657,0.9965,1,0
mixed-independent,63,field-average,0.9950853913257157,0.9496666666666667,0.9124157844080847,0.9945,1,1
mixed-independent,63,whole-call,0.9950853913257157,0.9496666666666667,0.9124157844080847,0.9945,0,0
mixed-independent,63,joint-long-schema,0.9950853913257157,0.9496666666666667,0.9124157844080847,0.9945,0,0
mixed-independent,64,field-average,0.9956503479721622,0.953,0.9221388367729831,0.9941666666666666,1,0
mixed-independent,64,whole-call,0.9956503479721622,0.953,0.9221388367729831,0.9941666666666666,1,0
mixed-independent,64,joint-long-schema,0.9956503479721622,0.953,0.9221388367729831,0.9941666666666666,1,0
mixed-independent,65,field-average,0.9956519095110679,0.9536666666666667,0.9101964452759589,0.9966666666666667,1,0
mixed-independent,65,whole-call,0.9956519095110679,0.9536666666666667,0.9101964452759589,0.9966666666666667,1,0
mixed-independent,65,joint-long-schema,0.9956519095110679,0.9536666666666667,0.9101964452759589,0.9966666666666667,1,0
mixed-independent,66,field-average,0.9950752148997135,0.947,0.9024163568773235,0.9961666666666666,1,1
mixed-independent,66,whole-call,0.9950752148997135,0.947,0.9024163568773235,0.9961666666666666,0,0
mixed-independent,66,joint-long-schema,0.9950752148997135,0.947,0.9024163568773235,0.9961666666666666,0,0
mixed-independent,67,field-average,0.9955575980392157,0.9526666666666667,0.9153696498054474,0.9953333333333333,1,0
mixed-independent,67,whole-call,0.9955575980392157,0.9526666666666667,0.9153696498054474,0.9953333333333333,1,0
mixed-independent,67,joint-long-schema,0.9955575980392157,0.9526666666666667,0.9153696498054474,0.9953333333333333,1,0
mixed-independent,68,field-average,0.9951275264677575,0.9473333333333334,0.9169847328244275,0.9948333333333333,1,1
mixed-independent,68,whole-call,0.9951275264677575,0.9473333333333334,0.9169847328244275,0.9948333333333333,0,0
mixed-independent,68,joint-long-schema,0.9951275264677575,0.9473333333333334,0.9169847328244275,0.9948333333333333,0,0
mixed-independent,69,field-average,0.995580578762562,0.9533333333333334,0.9186602870813397,0.9953333333333333,1,0
mixed-independent,69,whole-call,0.995580578762562,0.9533333333333334,0.9186602870813397,0.9953333333333333,1,0
mixed-independent,69,joint-long-schema,0.995580578762562,0.9533333333333334,0.9186602870813397,0.9953333333333333,1,0
mixed-independent,70,field-average,0.9955576899987993,0.9516666666666667,0.9195933456561922,0.9958333333333333,1,0
mixed-independent,70,whole-call,0.9955576899987993,0.9516666666666667,0.9195933456561922,0.9958333333333333,1,0
mixed-independent,70,joint-long-schema,0.9955576899987993,0.9516666666666667,0.9195933456561922,0.9958333333333333,1,0
mixed-independent,71,field-average,0.9957323624209145,0.9526666666666667,0.9190172884440401,0.9956666666666667,1,0
mixed-independent,71,whole-call,0.9957323624209145,0.9526666666666667,0.9190172884440401,0.9956666666666667,1,0
mixed-independent,71,joint-long-schema,0.9957323624209145,0.9526666666666667,0.9190172884440401,0.9956666666666667,1,0
mixed-independent,72,field-average,0.995881991395206,0.959,0.9231527093596059,0.9963333333333333,1,0
mixed-independent,72,whole-call,0.995881991395206,0.959,0.9231527093596059,0.9963333333333333,1,0
mixed-independent,72,joint-long-schema,0.995881991395206,0.959,0.9231527093596059,0.9963333333333333,1,0
mixed-independent,73,field-average,0.9952252693437806,0.9493333333333334,0.9030131826741996,0.9951666666666666,1,1
mixed-independent,73,whole-call,0.9952252693437806,0.9493333333333334,0.9030131826741996,0.9951666666666666,0,0
mixed-independent,73,joint-long-schema,0.9952252693437806,0.9493333333333334,0.9030131826741996,0.9951666666666666,0,0
mixed-independent,74,field-average,0.995277878677806,0.9493333333333334,0.9128014842300557,0.9946666666666667,1,1
mixed-independent,74,whole-call,0.995277878677806,0.9493333333333334,0.9128014842300557,0.9946666666666667,0,0
mixed-independent,74,joint-long-schema,0.995277878677806,0.9493333333333334,0.9128014842300557,0.9946666666666667,0,0
mixed-independent,75,field-average,0.9954640829424833,0.9533333333333334,0.9125364431486881,0.9956666666666667,1,0
mixed-independent,75,whole-call,0.9954640829424833,0.9533333333333334,0.9125364431486881,0.9956666666666667,1,0
mixed-independent,75,joint-long-schema,0.9954640829424833,0.9533333333333334,0.9125364431486881,0.9956666666666667,1,0
mixed-independent,76,field-average,0.9949233949416343,0.9476666666666667,0.9097744360902256,0.995,1,1
mixed-independent,76,whole-call,0.9949233949416343,0.9476666666666667,0.9097744360902256,0.995,0,0
mixed-independent,76,joint-long-schema,0.9949233949416343,0.9476666666666667,0.9097744360902256,0.995,0,0
mixed-independent,77,field-average,0.9958260652878146,0.9556666666666667,0.9132553606237817,0.9966666666666667,1,0
mixed-independent,77,whole-call,0.9958260652878146,0.9556666666666667,0.9132553606237817,0.9966666666666667,1,0
mixed-independent,77,joint-long-schema,0.9958260652878146,0.9556666666666667,0.9132553606237817,0.9966666666666667,1,0
mixed-independent,78,field-average,0.9953134698944754,0.9523333333333334,0.9062801932367149,0.9953333333333333,1,0
mixed-independent,78,whole-call,0.9953134698944754,0.9523333333333334,0.9062801932367149,0.9953333333333333,1,0
mixed-independent,78,joint-long-schema,0.9953134698944754,0.9523333333333334,0.9062801932367149,0.9953333333333333,1,0
mixed-independent,79,field-average,0.995561405656912,0.9533333333333334,0.916023166023166,0.9953333333333333,1,0
mixed-independent,79,whole-call,0.995561405656912,0.9533333333333334,0.916023166023166,0.9953333333333333,1,0
mixed-independent,79,joint-long-schema,0.995561405656912,0.9533333333333334,0.916023166023166,0.9953333333333333,1,0
mixed-independent,80,field-average,0.9955824017309772,0.953,0.9153005464480874,0.9945,1,0
mixed-independent,80,whole-call,0.9955824017309772,0.953,0.9153005464480874,0.9945,1,0
mixed-independent,80,joint-long-schema,0.9955824017309772,0.953,0.9153005464480874,0.9945,1,0
mixed-independent,81,field-average,0.9959117176933481,0.9563333333333334,0.9270833333333334,0.9958333333333333,1,0
mixed-independent,81,whole-call,0.9959117176933481,0.9563333333333334,0.9270833333333334,0.9958333333333333,1,0
mixed-independent,81,joint-long-schema,0.9959117176933481,0.9563333333333334,0.9270833333333334,0.9958333333333333,1,0
mixed-independent,82,field-average,0.9958383233532934,0.956,0.9151743638077285,0.9963333333333333,1,0
mixed-independent,82,whole-call,0.9958383233532934,0.956,0.9151743638077285,0.9963333333333333,1,0
mixed-independent,82,joint-long-schema,0.9958383233532934,0.956,0.9151743638077285,0.9963333333333333,1,0
mixed-independent,83,field-average,0.9955165213118782,0.9536666666666667,0.9099709583736689,0.9958333333333333,1,0
mixed-independent,83,whole-call,0.9955165213118782,0.9536666666666667,0.9099709583736689,0.9958333333333333,1,0
mixed-independent,83,joint-long-schema,0.9955165213118782,0.9536666666666667,0.9099709583736689,0.9958333333333333,1,0
mixed-independent,84,field-average,0.9956594015515331,0.955,0.9119373776908023,0.997,1,0
mixed-independent,84,whole-call,0.9956594015515331,0.955,0.9119373776908023,0.997,1,0
mixed-independent,84,joint-long-schema,0.9956594015515331,0.955,0.9119373776908023,0.997,1,0
mixed-independent,85,field-average,0.9954661635832522,0.9513333333333334,0.9130434782608695,0.9958333333333333,1,0
mixed-independent,85,whole-call,0.9954661635832522,0.9513333333333334,0.9130434782608695,0.9958333333333333,1,0
mixed-independent,85,joint-long-schema,0.9954661635832522,0.9513333333333334,0.9130434782608695,0.9958333333333333,1,0
mixed-independent,86,field-average,0.9947935155602887,0.9423333333333334,0.9018518518518519,0.994,1,1
mixed-independent,86,whole-call,0.9947935155602887,0.9423333333333334,0.9018518518518519,0.994,0,0
mixed-independent,86,joint-long-schema,0.9947935155602887,0.9423333333333334,0.9018518518518519,0.994,0,0
mixed-independent,87,field-average,0.9958616429894996,0.956,0.9204322200392927,0.9951666666666666,1,0
mixed-independent,87,whole-call,0.9958616429894996,0.956,0.9204322200392927,0.9951666666666666,1,0
mixed-independent,87,joint-long-schema,0.9958616429894996,0.956,0.9204322200392927,0.9951666666666666,1,0
mixed-independent,88,field-average,0.9952413535705399,0.9506666666666667,0.9166666666666666,0.994,1,0
mixed-independent,88,whole-call,0.9952413535705399,0.9506666666666667,0.9166666666666666,0.994,1,0
mixed-independent,88,joint-long-schema,0.9952413535705399,0.9506666666666667,0.9166666666666666,0.994,1,0
mixed-independent,89,field-average,0.9958614165779828,0.9553333333333334,0.925589836660617,0.9956666666666667,1,0
mixed-independent,89,whole-call,0.9958614165779828,0.9553333333333334,0.925589836660617,0.9956666666666667,1,0
mixed-independent,89,joint-long-schema,0.9958614165779828,0.9553333333333334,0.925589836660617,0.9956666666666667,1,0
mixed-independent,90,field-average,0.9947268958790539,0.945,0.8943798449612403,0.9951666666666666,1,1
mixed-independent,90,whole-call,0.9947268958790539,0.945,0.8943798449612403,0.9951666666666666,0,0
mixed-independent,90,joint-long-schema,0.9947268958790539,0.945,0.8943798449612403,0.9951666666666666,0,0
mixed-independent,91,field-average,0.9956060606060606,0.9526666666666667,0.9105769230769231,0.9963333333333333,1,0
mixed-independent,91,whole-call,0.9956060606060606,0.9526666666666667,0.9105769230769231,0.9963333333333333,1,0
mixed-independent,91,joint-long-schema,0.9956060606060606,0.9526666666666667,0.9105769230769231,0.9963333333333333,1,0
mixed-independent,92,field-average,0.995727002967359,0.9536666666666667,0.9246323529411765,0.995,1,0
mixed-independent,92,whole-call,0.995727002967359,0.9536666666666667,0.9246323529411765,0.995,1,0
mixed-independent,92,joint-long-schema,0.995727002967359,0.9536666666666667,0.9246323529411765,0.995,1,0
mixed-independent,93,field-average,0.9949605343047966,0.946,0.9024154589371981,0.9955,1,1
mixed-independent,93,whole-call,0.9949605343047966,0.946,0.9024154589371981,0.9955,0,0
mixed-independent,93,joint-long-schema,0.9949605343047966,0.946,0.9024154589371981,0.9955,0,0
mixed-independent,94,field-average,0.9956028626880156,0.9526666666666667,0.9204545454545454,0.996,1,0
mixed-independent,94,whole-call,0.9956028626880156,0.9526666666666667,0.9204545454545454,0.996,1,0
mixed-independent,94,joint-long-schema,0.9956028626880156,0.9526666666666667,0.9204545454545454,0.996,1,0
mixed-independent,95,field-average,0.9956886155330439,0.9533333333333334,0.9199623352165726,0.996,1,0
mixed-independent,95,whole-call,0.9956886155330439,0.9533333333333334,0.9199623352165726,0.996,1,0
mixed-independent,95,joint-long-schema,0.9956886155330439,0.9533333333333334,0.9199623352165726,0.996,1,0
mixed-independent,96,field-average,0.9958248836931886,0.955,0.9130434782608695,0.9958333333333333,1,0
mixed-independent,96,whole-call,0.9958248836931886,0.955,0.9130434782608695,0.9958333333333333,1,0
mixed-independent,96,joint-long-schema,0.9958248836931886,0.955,0.9130434782608695,0.9958333333333333,1,0
mixed-independent,97,field-average,0.9950200412972185,0.947,0.8970448045757865,0.9961666666666666,1,1
mixed-independent,97,whole-call,0.9950200412972185,0.947,0.8970448045757865,0.9961666666666666,0,0
mixed-independent,97,joint-long-schema,0.9950200412972185,0.947,0.8970448045757865,0.9961666666666666,0,0
mixed-independent,98,field-average,0.9959344732751405,0.9563333333333334,0.9178966789667896,0.9975,1,0
mixed-independent,98,whole-call,0.9959344732751405,0.9563333333333334,0.9178966789667896,0.9975,1,0
mixed-independent,98,joint-long-schema,0.9959344732751405,0.9563333333333334,0.9178966789667896,0.9975,1,0
mixed-independent,99,field-average,0.9954589488980383,0.952,0.8994252873563219,0.996,1,0
mixed-independent,99,whole-call,0.9954589488980383,0.952,0.8994252873563219,0.996,1,0
mixed-independent,99,joint-long-schema,0.9954589488980383,0.952,0.8994252873563219,0.996,0,0
mixed-independent,100,field-average,0.9955357142857143,0.953,0.9155206286836935,0.9955,1,0
mixed-independent,100,whole-call,0.9955357142857143,0.953,0.9155206286836935,0.9955,1,0
mixed-independent,100,joint-long-schema,0.9955357142857143,0.953,0.9155206286836935,0.9955,1,0
mixed-independent,101,field-average,0.9951712288185804,0.948,0.910351201478743,0.995,1,1
mixed-independent,101,whole-call,0.9951712288185804,0.948,0.910351201478743,0.995,0,0
mixed-independent,101,joint-long-schema,0.9951712288185804,0.948,0.910351201478743,0.995,0,0
mixed-independent,102,field-average,0.9954595997034841,0.9526666666666667,0.9224137931034483,0.9968333333333333,1,0
mixed-independent,102,whole-call,0.9954595997034841,0.9526666666666667,0.9224137931034483,0.9968333333333333,1,0
mixed-independent,102,joint-long-schema,0.9954595997034841,0.9526666666666667,0.9224137931034483,0.9968333333333333,1,0
mixed-independent,103,field-average,0.9951686472212219,0.948,0.9085923217550275,0.9963333333333333,1,1
mixed-independent,103,whole-call,0.9951686472212219,0.948,0.9085923217550275,0.9963333333333333,0,0
mixed-independent,103,joint-long-schema,0.9951686472212219,0.948,0.9085923217550275,0.9963333333333333,0,0
mixed-independent,104,field-average,0.9954787563483216,0.9526666666666667,0.8997020854021847,0.9966666666666667,1,0
mixed-independent,104,whole-call,0.9954787563483216,0.9526666666666667,0.8997020854021847,0.9966666666666667,1,0
mixed-independent,104,joint-long-schema,0.9954787563483216,0.9526666666666667,0.8997020854021847,0.9966666666666667,0,0
mixed-independent,105,field-average,0.9952597882295001,0.9513333333333334,0.9080348499515973,0.9961666666666666,1,0
mixed-independent,105,whole-call,0.9952597882295001,0.9513333333333334,0.9080348499515973,0.9961666666666666,1,0
mixed-independent,105,joint-long-schema,0.9952597882295001,0.9513333333333334,0.9080348499515973,0.9961666666666666,1,0
mixed-independent,106,field-average,0.9958917351377478,0.958,0.9251386321626618,0.9955,1,0
mixed-independent,106,whole-call,0.9958917351377478,0.958,0.9251386321626618,0.9955,1,0
mixed-independent,106,joint-long-schema,0.9958917351377478,0.958,0.9251386321626618,0.9955,1,0
mixed-independent,107,field-average,0.9953416149068323,0.9506666666666667,0.9114785992217899,0.9931666666666666,1,0
mixed-independent,107,whole-call,0.9953416149068323,0.9506666666666667,0.9114785992217899,0.9931666666666666,1,0
mixed-independent,107,joint-long-schema,0.9953416149068323,0.9506666666666667,0.9114785992217899,0.9931666666666666,1,0
mixed-independent,108,field-average,0.9956721915285451,0.956,0.9123661148977604,0.9946666666666667,1,0
mixed-independent,108,whole-call,0.9956721915285451,0.956,0.9123661148977604,0.9946666666666667,1,0
mixed-independent,108,joint-long-schema,0.9956721915285451,0.956,0.9123661148977604,0.9946666666666667,1,0
mixed-independent,109,field-average,0.9947317427637157,0.9433333333333334,0.9005736137667304,0.9928333333333333,1,1
mixed-independent,109,whole-call,0.9947317427637157,0.9433333333333334,0.9005736137667304,0.9928333333333333,0,0
mixed-independent,109,joint-long-schema,0.9947317427637157,0.9433333333333334,0.9005736137667304,0.9928333333333333,0,0
mixed-independent,110,field-average,0.9957950145208132,0.9563333333333334,0.9201154956689124,0.9956666666666667,1,0
mixed-independent,110,whole-call,0.9957950145208132,0.9563333333333334,0.9201154956689124,0.9956666666666667,1,0
mixed-independent,110,joint-long-schema,0.9957950145208132,0.9563333333333334,0.9201154956689124,0.9956666666666667,1,0
mixed-independent,111,field-average,0.9950132978723404,0.9483333333333334,0.9166666666666666,0.9943333333333333,1,1
mixed-independent,111,whole-call,0.9950132978723404,0.9483333333333334,0.9166666666666666,0.9943333333333333,0,0
mixed-independent,111,joint-long-schema,0.9950132978723404,0.9483333333333334,0.9166666666666666,0.9943333333333333,0,0
mixed-independent,112,field-average,0.9957316340026452,0.9546666666666667,0.9138257575757576,0.9956666666666667,1,0
mixed-independent,112,whole-call,0.9957316340026452,0.9546666666666667,0.9138257575757576,0.9956666666666667,1,0
mixed-independent,112,joint-long-schema,0.9957316340026452,0.9546666666666667,0.9138257575757576,0.9956666666666667,1,0
mixed-independent,113,field-average,0.9956066945606694,0.953,0.9101851851851852,0.998,1,0
mixed-independent,113,whole-call,0.9956066945606694,0.953,0.9101851851851852,0.998,1,0
mixed-independent,113,joint-long-schema,0.9956066945606694,0.953,0.9101851851851852,0.998,1,0
mixed-independent,114,field-average,0.9954369636165841,0.9506666666666667,0.9104761904761904,0.9946666666666667,1,0
mixed-independent,114,whole-call,0.9954369636165841,0.9506666666666667,0.9104761904761904,0.9946666666666667,1,0
mixed-independent,114,joint-long-schema,0.9954369636165841,0.9506666666666667,0.9104761904761904,0.9946666666666667,1,0
mixed-independent,115,field-average,0.9955140640155189,0.9526666666666667,0.9152700186219739,0.9955,1,0
mixed-independent,115,whole-call,0.9955140640155189,0.9526666666666667,0.9152700186219739,0.9955,1,0
mixed-independent,115,joint-long-schema,0.9955140640155189,0.9526666666666667,0.9152700186219739,0.9955,1,0
mixed-independent,116,field-average,0.9959454478437154,0.9573333333333334,0.9235976789168279,0.9951666666666666,1,0
mixed-independent,116,whole-call,0.9959454478437154,0.9573333333333334,0.9235976789168279,0.9951666666666666,1,0
mixed-independent,116,joint-long-schema,0.9959454478437154,0.9573333333333334,0.9235976789168279,0.9951666666666666,1,0
mixed-independent,117,field-average,0.9951324223001572,0.9476666666666667,0.8998109640831758,0.9955,1,1
mixed-independent,117,whole-call,0.9951324223001572,0.9476666666666667,0.8998109640831758,0.9955,0,0
mixed-independent,117,joint-long-schema,0.9951324223001572,0.9476666666666667,0.8998109640831758,0.9955,0,0
mixed-independent,118,field-average,0.9957046737955064,0.9536666666666667,0.9099437148217636,0.9951666666666666,1,0
mixed-independent,118,whole-call,0.9957046737955064,0.9536666666666667,0.9099437148217636,0.9951666666666666,1,0
mixed-independent,118,joint-long-schema,0.9957046737955064,0.9536666666666667,0.9099437148217636,0.9951666666666666,1,0
mixed-independent,119,field-average,0.9954440529704774,0.9523333333333334,0.9137440758293839,0.9958333333333333,1,0
mixed-independent,119,whole-call,0.9954440529704774,0.9523333333333334,0.9137440758293839,0.9958333333333333,1,0
mixed-independent,119,joint-long-schema,0.9954440529704774,0.9523333333333334,0.9137440758293839,0.9958333333333333,1,0
mixed-independent,120,field-average,0.9953410475030451,0.9516666666666667,0.9055501460564752,0.9943333333333333,1,0
mixed-independent,120,whole-call,0.9953410475030451,0.9516666666666667,0.9055501460564752,0.9943333333333333,1,0
mixed-independent,120,joint-long-schema,0.9953410475030451,0.9516666666666667,0.9055501460564752,0.9943333333333333,1,0
mixed-independent,121,field-average,0.9957321471507574,0.953,0.9077069457659372,0.996,1,0
mixed-independent,121,whole-call,0.9957321471507574,0.953,0.9077069457659372,0.996,1,0
mixed-independent,121,joint-long-schema,0.9957321471507574,0.953,0.9077069457659372,0.996,1,0
mixed-independent,122,field-average,0.9954071499503475,0.953,0.9133398247322297,0.9956666666666667,1,0
mixed-independent,122,whole-call,0.9954071499503475,0.953,0.9133398247322297,0.9956666666666667,1,0
mixed-independent,122,joint-long-schema,0.9954071499503475,0.953,0.9133398247322297,0.9956666666666667,1,0
mixed-independent,123,field-average,0.9951070336391438,0.949,0.9015594541910331,0.9958333333333333,1,1
mixed-independent,123,whole-call,0.9951070336391438,0.949,0.9015594541910331,0.9958333333333333,0,0
mixed-independent,123,joint-long-schema,0.9951070336391438,0.949,0.9015594541910331,0.9958333333333333,0,0
mixed-independent,124,field-average,0.995029700569766,0.9463333333333334,0.9097744360902256,0.9936666666666667,1,1
mixed-independent,124,whole-call,0.995029700569766,0.9463333333333334,0.9097744360902256,0.9936666666666667,0,0
mixed-independent,124,joint-long-schema,0.995029700569766,0.9463333333333334,0.9097744360902256,0.9936666666666667,0,0
mixed-independent,125,field-average,0.9958231707317073,0.956,0.9242871189773845,0.995,1,0
mixed-independent,125,whole-call,0.9958231707317073,0.956,0.9242871189773845,0.995,1,0
mixed-independent,125,joint-long-schema,0.9958231707317073,0.956,0.9242871189773845,0.995,1,0
mixed-independent,126,field-average,0.9955596107055961,0.9536666666666667,0.9062801932367149,0.9973333333333333,1,0
mixed-independent,126,whole-call,0.9955596107055961,0.9536666666666667,0.9062801932367149,0.9973333333333333,1,0
mixed-independent,126,joint-long-schema,0.9955596107055961,0.9536666666666667,0.9062801932367149,0.9973333333333333,1,0
mixed-independent,127,field-average,0.9955416717214607,0.954,0.9189704480457579,0.995,1,0
mixed-independent,127,whole-call,0.9955416717214607,0.954,0.9189704480457579,0.995,1,0
mixed-independent,127,joint-long-schema,0.9955416717214607,0.954,0.9189704480457579,0.995,1,0
mixed-independent,128,field-average,0.9959692538432696,0.958,0.9120553359683794,0.996,1,0
mixed-independent,128,whole-call,0.9959692538432696,0.958,0.9120553359683794,0.996,1,0
mixed-independent,128,joint-long-schema,0.9959692538432696,0.958,0.9120553359683794,0.996,1,0
mixed-independent,129,field-average,0.9950006059871531,0.9466666666666667,0.9110690633869442,0.9948333333333333,1,1
mixed-independent,129,whole-call,0.9950006059871531,0.9466666666666667,0.9110690633869442,0.9948333333333333,0,0
mixed-independent,129,joint-long-schema,0.9950006059871531,0.9466666666666667,0.9110690633869442,0.9948333333333333,0,0
mixed-independent,130,field-average,0.9959269316218218,0.9586666666666667,0.9175050301810865,0.9968333333333333,1,0
mixed-independent,130,whole-call,0.9959269316218218,0.9586666666666667,0.9175050301810865,0.9968333333333333,1,0
mixed-independent,130,joint-long-schema,0.9959269316218218,0.9586666666666667,0.9175050301810865,0.9968333333333333,1,0
mixed-independent,131,field-average,0.9953147525228255,0.9493333333333334,0.9080675422138836,0.995,1,1
mixed-independent,131,whole-call,0.9953147525228255,0.9493333333333334,0.9080675422138836,0.995,0,0
mixed-independent,131,joint-long-schema,0.9953147525228255,0.9493333333333334,0.9080675422138836,0.995,0,0
mixed-independent,132,field-average,0.994915469683488,0.948,0.8928939237899073,0.9941666666666666,1,1
mixed-independent,132,whole-call,0.994915469683488,0.948,0.8928939237899073,0.9941666666666666,0,0
mixed-independent,132,joint-long-schema,0.994915469683488,0.948,0.8928939237899073,0.9941666666666666,0,0
mixed-independent,133,field-average,0.9947916666666666,0.9456666666666667,0.9077380952380952,0.9938333333333333,1,1
mixed-independent,133,whole-call,0.9947916666666666,0.9456666666666667,0.9077380952380952,0.9938333333333333,0,0
mixed-independent,133,joint-long-schema,0.9947916666666666,0.9456666666666667,0.9077380952380952,0.9938333333333333,0,0
mixed-independent,134,field-average,0.9955275648046732,0.954,0.9142857142857143,0.9938333333333333,1,0
mixed-independent,134,whole-call,0.9955275648046732,0.954,0.9142857142857143,0.9938333333333333,1,0
mixed-independent,134,joint-long-schema,0.9955275648046732,0.954,0.9142857142857143,0.9938333333333333,1,0
mixed-independent,135,field-average,0.9953259827420902,0.95,0.9054307116104869,0.9965,1,0
mixed-independent,135,whole-call,0.9953259827420902,0.95,0.9054307116104869,0.9965,1,0
mixed-independent,135,joint-long-schema,0.9953259827420902,0.95,0.9054307116104869,0.9965,1,0
mixed-independent,136,field-average,0.9957996075545744,0.9556666666666667,0.9192782526115859,0.9963333333333333,1,0
mixed-independent,136,whole-call,0.9957996075545744,0.9556666666666667,0.9192782526115859,0.9963333333333333,1,0
mixed-independent,136,joint-long-schema,0.9957996075545744,0.9556666666666667,0.9192782526115859,0.9963333333333333,1,0
mixed-independent,137,field-average,0.9944973230220107,0.9406666666666667,0.8864265927977839,0.995,1,1
mixed-independent,137,whole-call,0.9944973230220107,0.9406666666666667,0.8864265927977839,0.995,0,0
mixed-independent,137,joint-long-schema,0.9944973230220107,0.9406666666666667,0.8864265927977839,0.995,0,0
mixed-independent,138,field-average,0.9955945816350995,0.9526666666666667,0.9059590316573557,0.9965,1,0
mixed-independent,138,whole-call,0.9955945816350995,0.9526666666666667,0.9059590316573557,0.9965,1,0
mixed-independent,138,joint-long-schema,0.9955945816350995,0.9526666666666667,0.9059590316573557,0.9965,1,0
mixed-independent,139,field-average,0.9954018870177953,0.9506666666666667,0.9128397375820057,0.9955,1,0
mixed-independent,139,whole-call,0.9954018870177953,0.9506666666666667,0.9128397375820057,0.9955,1,0
mixed-independent,139,joint-long-schema,0.9954018870177953,0.9506666666666667,0.9128397375820057,0.9955,1,0
mixed-independent,140,field-average,0.9955275088837152,0.952,0.9132947976878613,0.9961666666666666,1,0
mixed-independent,140,whole-call,0.9955275088837152,0.952,0.9132947976878613,0.9961666666666666,1,0
mixed-independent,140,joint-long-schema,0.9955275088837152,0.952,0.9132947976878613,0.9961666666666666,1,0
mixed-independent,141,field-average,0.9958232445520581,0.9546666666666667,0.9190751445086706,0.9961666666666666,1,0
mixed-independent,141,whole-call,0.9958232445520581,0.9546666666666667,0.9190751445086706,0.9961666666666666,1,0
mixed-independent,141,joint-long-schema,0.9958232445520581,0.9546666666666667,0.9190751445086706,0.9961666666666666,1,0
mixed-independent,142,field-average,0.9953151618398637,0.95,0.9112370160528801,0.9958333333333333,1,0
mixed-independent,142,whole-call,0.9953151618398637,0.95,0.9112370160528801,0.9958333333333333,1,0
mixed-independent,142,joint-long-schema,0.9953151618398637,0.95,0.9112370160528801,0.9958333333333333,1,0
mixed-independent,143,field-average,0.995512975988358,0.9516666666666667,0.9052224371373307,0.9971666666666666,1,0
mixed-independent,143,whole-call,0.995512975988358,0.9516666666666667,0.9052224371373307,0.9971666666666666,1,0
mixed-independent,143,joint-long-schema,0.995512975988358,0.9516666666666667,0.9052224371373307,0.9971666666666666,1,0
mixed-independent,144,field-average,0.9950030102347983,0.9456666666666667,0.8983700862895494,0.995,1,1
mixed-independent,144,whole-call,0.9950030102347983,0.9456666666666667,0.8983700862895494,0.995,0,0
mixed-independent,144,joint-long-schema,0.9950030102347983,0.9456666666666667,0.8983700862895494,0.995,0,0
mixed-independent,145,field-average,0.9951523545706371,0.9473333333333334,0.9130028063610851,0.9933333333333333,1,1
mixed-independent,145,whole-call,0.9951523545706371,0.9473333333333334,0.9130028063610851,0.9933333333333333,0,0
mixed-independent,145,joint-long-schema,0.9951523545706371,0.9473333333333334,0.9130028063610851,0.9933333333333333,0,0
mixed-independent,146,field-average,0.9949784791965567,0.946,0.8999073215940686,0.9953333333333333,1,1
mixed-independent,146,whole-call,0.9949784791965567,0.946,0.8999073215940686,0.9953333333333333,0,0
mixed-independent,146,joint-long-schema,0.9949784791965567,0.946,0.8999073215940686,0.9953333333333333,0,0
mixed-independent,147,field-average,0.9957391626528344,0.9543333333333334,0.910167818361303,0.9958333333333333,1,0
mixed-independent,147,whole-call,0.9957391626528344,0.9543333333333334,0.910167818361303,0.9958333333333333,1,0
mixed-independent,147,joint-long-schema,0.9957391626528344,0.9543333333333334,0.910167818361303,0.9958333333333333,1,0
mixed-independent,148,field-average,0.9952766115090146,0.95,0.9108910891089109,0.996,1,0
mixed-independent,148,whole-call,0.9952766115090146,0.95,0.9108910891089109,0.996,1,0
mixed-independent,148,joint-long-schema,0.9952766115090146,0.95,0.9108910891089109,0.996,1,0
mixed-independent,149,field-average,0.9958136148525665,0.9546666666666667,0.9168260038240917,0.9946666666666667,1,0
mixed-independent,149,whole-call,0.9958136148525665,0.9546666666666667,0.9168260038240917,0.9946666666666667,1,0
mixed-independent,149,joint-long-schema,0.9958136148525665,0.9546666666666667,0.9168260038240917,0.9946666666666667,1,0
mixed-independent,150,field-average,0.9957093134901585,0.954,0.9205607476635514,0.996,1,0
mixed-independent,150,whole-call,0.9957093134901585,0.954,0.9205607476635514,0.996,1,0
mixed-independent,150,joint-long-schema,0.9957093134901585,0.954,0.9205607476635514,0.996,1,0
mixed-independent,151,field-average,0.9952320213799806,0.95,0.9153992395437263,0.995,1,0
mixed-independent,151,whole-call,0.9952320213799806,0.95,0.9153992395437263,0.995,1,0
mixed-independent,151,joint-long-schema,0.9952320213799806,0.95,0.9153992395437263,0.995,1,0
mixed-independent,152,field-average,0.9957467493012516,0.9546666666666667,0.9206349206349206,0.9956666666666667,1,0
mixed-independent,152,whole-call,0.9957467493012516,0.9546666666666667,0.9206349206349206,0.9956666666666667,1,0
mixed-independent,152,joint-long-schema,0.9957467493012516,0.9546666666666667,0.9206349206349206,0.9956666666666667,1,0
mixed-independent,153,field-average,0.995292129406084,0.95,0.9065238558909445,0.9955,1,0
mixed-independent,153,whole-call,0.995292129406084,0.95,0.9065238558909445,0.9955,1,0
mixed-independent,153,joint-long-schema,0.995292129406084,0.95,0.9065238558909445,0.9955,1,0
mixed-independent,154,field-average,0.996017378711079,0.9576666666666667,0.9217557251908397,0.9946666666666667,1,0
mixed-independent,154,whole-call,0.996017378711079,0.9576666666666667,0.9217557251908397,0.9946666666666667,1,0
mixed-independent,154,joint-long-schema,0.996017378711079,0.9576666666666667,0.9217557251908397,0.9946666666666667,1,0
mixed-independent,155,field-average,0.995484989833752,0.9513333333333334,0.9095992544268406,0.9958333333333333,1,0
mixed-independent,155,whole-call,0.995484989833752,0.9513333333333334,0.9095992544268406,0.9958333333333333,1,0
mixed-independent,155,joint-long-schema,0.995484989833752,0.9513333333333334,0.9095992544268406,0.9958333333333333,1,0
mixed-independent,156,field-average,0.9954606385571533,0.9533333333333334,0.9192118226600985,0.994,1,0
mixed-independent,156,whole-call,0.9954606385571533,0.9533333333333334,0.9192118226600985,0.994,1,0
mixed-independent,156,joint-long-schema,0.9954606385571533,0.9533333333333334,0.9192118226600985,0.994,1,0
mixed-independent,157,field-average,0.9956033219345384,0.954,0.9043478260869565,0.9946666666666667,1,0
mixed-independent,157,whole-call,0.9956033219345384,0.954,0.9043478260869565,0.9946666666666667,1,0
mixed-independent,157,joint-long-schema,0.9956033219345384,0.954,0.9043478260869565,0.9946666666666667,1,0
mixed-independent,158,field-average,0.9956707317073171,0.9543333333333334,0.9062200956937799,0.9953333333333333,1,0
mixed-independent,158,whole-call,0.9956707317073171,0.9543333333333334,0.9062200956937799,0.9953333333333333,1,0
mixed-independent,158,joint-long-schema,0.9956707317073171,0.9543333333333334,0.9062200956937799,0.9953333333333333,1,0
mixed-independent,159,field-average,0.995200749151352,0.9476666666666667,0.9048050770625566,0.9948333333333333,1,1
mixed-independent,159,whole-call,0.995200749151352,0.9476666666666667,0.9048050770625566,0.9948333333333333,0,0
mixed-independent,159,joint-long-schema,0.995200749151352,0.9476666666666667,0.9048050770625566,0.9948333333333333,0,0
mixed-independent,160,field-average,0.9958130419289701,0.9556666666666667,0.9085027726432532,0.997,1,0
mixed-independent,160,whole-call,0.9958130419289701,0.9556666666666667,0.9085027726432532,0.997,1,0
mixed-independent,160,joint-long-schema,0.9958130419289701,0.9556666666666667,0.9085027726432532,0.997,1,0
mixed-independent,161,field-average,0.995133747313112,0.9473333333333334,0.9071494893221913,0.9953333333333333,1,1
mixed-independent,161,whole-call,0.995133747313112,0.9473333333333334,0.9071494893221913,0.9953333333333333,0,0
mixed-independent,161,joint-long-schema,0.995133747313112,0.9473333333333334,0.9071494893221913,0.9953333333333333,0,0
mixed-independent,162,field-average,0.9959070267686424,0.9543333333333334,0.9132462686567164,0.996,1,0
mixed-independent,162,whole-call,0.9959070267686424,0.9543333333333334,0.9132462686567164,0.996,1,0
mixed-independent,162,joint-long-schema,0.9959070267686424,0.9543333333333334,0.9132462686567164,0.996,1,0
mixed-independent,163,field-average,0.9951439061944807,0.9466666666666667,0.9012681159420289,0.9961666666666666,1,1
mixed-independent,163,whole-call,0.9951439061944807,0.9466666666666667,0.9012681159420289,0.9961666666666666,0,0
mixed-independent,163,joint-long-schema,0.9951439061944807,0.9466666666666667,0.9012681159420289,0.9961666666666666,0,0
mixed-independent,164,field-average,0.996161466072313,0.9596666666666667,0.9259624876604146,0.9966666666666667,1,0
mixed-independent,164,whole-call,0.996161466072313,0.9596666666666667,0.9259624876604146,0.9966666666666667,1,0
mixed-independent,164,joint-long-schema,0.996161466072313,0.9596666666666667,0.9259624876604146,0.9966666666666667,1,0
mixed-independent,165,field-average,0.9961636828644501,0.9596666666666667,0.9221153846153847,0.9968333333333333,1,0
mixed-independent,165,whole-call,0.9961636828644501,0.9596666666666667,0.9221153846153847,0.9968333333333333,1,0
mixed-independent,165,joint-long-schema,0.9961636828644501,0.9596666666666667,0.9221153846153847,0.9968333333333333,1,0
mixed-independent,166,field-average,0.9948816568047337,0.9463333333333334,0.9009990917347865,0.9943333333333333,1,1
mixed-independent,166,whole-call,0.9948816568047337,0.9463333333333334,0.9009990917347865,0.9943333333333333,0,0
mixed-independent,166,joint-long-schema,0.9948816568047337,0.9463333333333334,0.9009990917347865,0.9943333333333333,0,0
mixed-independent,167,field-average,0.9953341360626129,0.9513333333333334,0.9168207024029574,0.9936666666666667,1,0
mixed-independent,167,whole-call,0.9953341360626129,0.9513333333333334,0.9168207024029574,0.9936666666666667,1,0
mixed-independent,167,joint-long-schema,0.9953341360626129,0.9513333333333334,0.9168207024029574,0.9936666666666667,1,0
mixed-independent,168,field-average,0.9954122974261201,0.95,0.9100281162136832,0.9951666666666666,1,0
mixed-independent,168,whole-call,0.9954122974261201,0.95,0.9100281162136832,0.9951666666666666,1,0
mixed-independent,168,joint-long-schema,0.9954122974261201,0.95,0.9100281162136832,0.9951666666666666,1,0
mixed-independent,169,field-average,0.996066113686265,0.9576666666666667,0.9298751200768491,0.9965,1,0
mixed-independent,169,whole-call,0.996066113686265,0.9576666666666667,0.9298751200768491,0.9965,1,0
mixed-independent,169,joint-long-schema,0.996066113686265,0.9576666666666667,0.9298751200768491,0.9965,1,0
mixed-independent,170,field-average,0.9956129586452326,0.9546666666666667,0.9182879377431906,0.9948333333333333,1,0
mixed-independent,170,whole-call,0.9956129586452326,0.9546666666666667,0.9182879377431906,0.9948333333333333,1,0
mixed-independent,170,joint-long-schema,0.9956129586452326,0.9546666666666667,0.9182879377431906,0.9948333333333333,1,0
mixed-independent,171,field-average,0.9946673130529633,0.9446666666666667,0.8912213740458015,0.9935,1,1
mixed-independent,171,whole-call,0.9946673130529633,0.9446666666666667,0.8912213740458015,0.9935,0,0
mixed-independent,171,joint-long-schema,0.9946673130529633,0.9446666666666667,0.8912213740458015,0.9935,0,0
mixed-independent,172,field-average,0.9953475807419858,0.9506666666666667,0.9099181073703366,0.9955,1,0
mixed-independent,172,whole-call,0.9953475807419858,0.9506666666666667,0.9099181073703366,0.9955,1,0
mixed-independent,172,joint-long-schema,0.9953475807419858,0.9506666666666667,0.9099181073703366,0.9955,1,0
mixed-independent,173,field-average,0.9953930836424554,0.9526666666666667,0.9111318989710009,0.9968333333333333,1,0
mixed-independent,173,whole-call,0.9953930836424554,0.9526666666666667,0.9111318989710009,0.9968333333333333,1,0
mixed-independent,173,joint-long-schema,0.9953930836424554,0.9526666666666667,0.9111318989710009,0.9968333333333333,1,0
mixed-independent,174,field-average,0.995953617586665,0.9566666666666667,0.9237368922783603,0.9953333333333333,1,0
mixed-independent,174,whole-call,0.995953617586665,0.9566666666666667,0.9237368922783603,0.9953333333333333,1,0
mixed-independent,174,joint-long-schema,0.995953617586665,0.9566666666666667,0.9237368922783603,0.9953333333333333,1,0
mixed-independent,175,field-average,0.9951829268292683,0.949,0.9009708737864077,0.9973333333333333,1,1
mixed-independent,175,whole-call,0.9951829268292683,0.949,0.9009708737864077,0.9973333333333333,0,0
mixed-independent,175,joint-long-schema,0.9951829268292683,0.949,0.9009708737864077,0.9973333333333333,0,0
mixed-independent,176,field-average,0.9951555023923445,0.947,0.8990476190476191,0.9941666666666666,1,1
mixed-independent,176,whole-call,0.9951555023923445,0.947,0.8990476190476191,0.9941666666666666,0,0
mixed-independent,176,joint-long-schema,0.9951555023923445,0.947,0.8990476190476191,0.9941666666666666,0,0
mixed-independent,177,field-average,0.9948756822316556,0.9466666666666667,0.8987463837994214,0.9945,1,1
mixed-independent,177,whole-call,0.9948756822316556,0.9466666666666667,0.8987463837994214,0.9945,0,0
mixed-independent,177,joint-long-schema,0.9948756822316556,0.9466666666666667,0.8987463837994214,0.9945,0,0
mixed-independent,178,field-average,0.9950371452928998,0.9486666666666667,0.8961424332344213,0.9958333333333333,1,1
mixed-independent,178,whole-call,0.9950371452928998,0.9486666666666667,0.8961424332344213,0.9958333333333333,0,0
mixed-independent,178,joint-long-schema,0.9950371452928998,0.9486666666666667,0.8961424332344213,0.9958333333333333,0,0
mixed-independent,179,field-average,0.9955203730976927,0.953,0.9132553606237817,0.9961666666666666,1,0
mixed-independent,179,whole-call,0.9955203730976927,0.953,0.9132553606237817,0.9961666666666666,1,0
mixed-independent,179,joint-long-schema,0.9955203730976927,0.953,0.9132553606237817,0.9961666666666666,1,0
mixed-independent,180,field-average,0.9955690860863274,0.952,0.9067055393586005,0.9961666666666666,1,0
mixed-independent,180,whole-call,0.9955690860863274,0.952,0.9067055393586005,0.9961666666666666,1,0
mixed-independent,180,joint-long-schema,0.9955690860863274,0.952,0.9067055393586005,0.9961666666666666,1,0
mixed-independent,181,field-average,0.9957911431011346,0.9566666666666667,0.9244019138755981,0.9965,1,0
mixed-independent,181,whole-call,0.9957911431011346,0.9566666666666667,0.9244019138755981,0.9965,1,0
mixed-independent,181,joint-long-schema,0.9957911431011346,0.9566666666666667,0.9244019138755981,0.9965,1,0
mixed-independent,182,field-average,0.9953209395804548,0.9533333333333334,0.9085487077534792,0.9955,1,0
mixed-independent,182,whole-call,0.9953209395804548,0.9533333333333334,0.9085487077534792,0.9955,1,0
mixed-independent,182,joint-long-schema,0.9953209395804548,0.9533333333333334,0.9085487077534792,0.9955,1,0
mixed-independent,183,field-average,0.9950515834932822,0.947,0.9107485604606526,0.9943333333333333,1,1
mixed-independent,183,whole-call,0.9950515834932822,0.947,0.9107485604606526,0.9943333333333333,0,0
mixed-independent,183,joint-long-schema,0.9950515834932822,0.947,0.9107485604606526,0.9943333333333333,0,0
mixed-independent,184,field-average,0.9955335291238375,0.9536666666666667,0.9158699808795411,0.996,1,0
mixed-independent,184,whole-call,0.9955335291238375,0.9536666666666667,0.9158699808795411,0.996,1,0
mixed-independent,184,joint-long-schema,0.9955335291238375,0.9536666666666667,0.9158699808795411,0.996,1,0
mixed-independent,185,field-average,0.9958175601416535,0.9546666666666667,0.9234449760765551,0.9953333333333333,1,0
mixed-independent,185,whole-call,0.9958175601416535,0.9546666666666667,0.9234449760765551,0.9953333333333333,1,0
mixed-independent,185,joint-long-schema,0.9958175601416535,0.9546666666666667,0.9234449760765551,0.9953333333333333,1,0
mixed-independent,186,field-average,0.9959782205172627,0.9573333333333334,0.9161793372319688,0.9953333333333333,1,0
mixed-independent,186,whole-call,0.9959782205172627,0.9573333333333334,0.9161793372319688,0.9953333333333333,1,0
mixed-independent,186,joint-long-schema,0.9959782205172627,0.9573333333333334,0.9161793372319688,0.9953333333333333,1,0
mixed-independent,187,field-average,0.9951607012417824,0.95,0.9101338432122371,0.9941666666666666,1,0
mixed-independent,187,whole-call,0.9951607012417824,0.95,0.9101338432122371,0.9941666666666666,1,0
mixed-independent,187,joint-long-schema,0.9951607012417824,0.95,0.9101338432122371,0.9941666666666666,1,0
mixed-independent,188,field-average,0.9952184106614018,0.9506666666666667,0.9046242774566474,0.9951666666666666,1,0
mixed-independent,188,whole-call,0.9952184106614018,0.9506666666666667,0.9046242774566474,0.9951666666666666,1,0
mixed-independent,188,joint-long-schema,0.9952184106614018,0.9506666666666667,0.9046242774566474,0.9951666666666666,1,0
mixed-independent,189,field-average,0.9953580097087379,0.95,0.9087415946205571,0.9948333333333333,1,0
mixed-independent,189,whole-call,0.9953580097087379,0.95,0.9087415946205571,0.9948333333333333,1,0
mixed-independent,189,joint-long-schema,0.9953580097087379,0.95,0.9087415946205571,0.9948333333333333,1,0
mixed-independent,190,field-average,0.9956511234597729,0.953,0.9205298013245033,0.9956666666666667,1,0
mixed-independent,190,whole-call,0.9956511234597729,0.953,0.9205298013245033,0.9956666666666667,1,0
mixed-independent,190,joint-long-schema,0.9956511234597729,0.953,0.9205298013245033,0.9956666666666667,1,0
mixed-independent,191,field-average,0.9956844152686604,0.9533333333333334,0.9169139465875371,0.995,1,0
mixed-independent,191,whole-call,0.9956844152686604,0.9533333333333334,0.9169139465875371,0.995,1,0
mixed-independent,191,joint-long-schema,0.9956844152686604,0.9533333333333334,0.9169139465875371,0.995,1,0
mixed-independent,192,field-average,0.995716181971763,0.9546666666666667,0.9203373945641987,0.9951666666666666,1,0
mixed-independent,192,whole-call,0.995716181971763,0.9546666666666667,0.9203373945641987,0.9951666666666666,1,0
mixed-independent,192,joint-long-schema,0.995716181971763,0.9546666666666667,0.9203373945641987,0.9951666666666666,1,0
mixed-independent,193,field-average,0.9954523551379352,0.9526666666666667,0.9170638703527169,0.9956666666666667,1,0
mixed-independent,193,whole-call,0.9954523551379352,0.9526666666666667,0.9170638703527169,0.9956666666666667,1,0
mixed-independent,193,joint-long-schema,0.9954523551379352,0.9526666666666667,0.9170638703527169,0.9956666666666667,1,0
mixed-independent,194,field-average,0.9953772648299827,0.9546666666666667,0.9086395233366436,0.9963333333333333,1,0
mixed-independent,194,whole-call,0.9953772648299827,0.9546666666666667,0.9086395233366436,0.9963333333333333,1,0
mixed-independent,194,joint-long-schema,0.9953772648299827,0.9546666666666667,0.9086395233366436,0.9963333333333333,1,0
mixed-independent,195,field-average,0.9944794952681388,0.9416666666666667,0.904096834264432,0.9938333333333333,1,1
mixed-independent,195,whole-call,0.9944794952681388,0.9416666666666667,0.904096834264432,0.9938333333333333,0,0
mixed-independent,195,joint-long-schema,0.9944794952681388,0.9416666666666667,0.904096834264432,0.9938333333333333,0,0
mixed-independent,196,field-average,0.994813653359064,0.946,0.8973128598848369,0.9951666666666666,1,1
mixed-independent,196,whole-call,0.994813653359064,0.946,0.8973128598848369,0.9951666666666666,0,0
mixed-independent,196,joint-long-schema,0.994813653359064,0.946,0.8973128598848369,0.9951666666666666,0,0
mixed-independent,197,field-average,0.9952858336316983,0.9506666666666667,0.9049360146252285,0.996,1,0
mixed-independent,197,whole-call,0.9952858336316983,0.9506666666666667,0.9049360146252285,0.996,1,0
mixed-independent,197,joint-long-schema,0.9952858336316983,0.9506666666666667,0.9049360146252285,0.996,1,0
mixed-independent,198,field-average,0.9954131227217496,0.951,0.9205741626794258,0.995,1,0
mixed-independent,198,whole-call,0.9954131227217496,0.951,0.9205741626794258,0.995,1,0
mixed-independent,198,joint-long-schema,0.9954131227217496,0.951,0.9205741626794258,0.995,1,0
mixed-independent,199,field-average,0.995366444579043,0.9503333333333334,0.9120982986767486,0.9945,1,0
mixed-independent,199,whole-call,0.995366444579043,0.9503333333333334,0.9120982986767486,0.9945,1,0
mixed-independent,199,joint-long-schema,0.995366444579043,0.9503333333333334,0.9120982986767486,0.9945,1,0
mixed-independent,200,field-average,0.9952074810052601,0.9476666666666667,0.9042844120328167,0.9968333333333333,1,1
mixed-independent,200,whole-call,0.9952074810052601,0.9476666666666667,0.9042844120328167,0.9968333333333333,0,0
mixed-independent,200,joint-long-schema,0.9952074810052601,0.9476666666666667,0.9042844120328167,0.9968333333333333,0,0
mixed-independent,201,field-average,0.9959100204498977,0.956,0.9187620889748549,0.996,1,0
mixed-independent,201,whole-call,0.9959100204498977,0.956,0.9187620889748549,0.996,1,0
mixed-independent,201,joint-long-schema,0.9959100204498977,0.956,0.9187620889748549,0.996,1,0
mixed-independent,202,field-average,0.9960401891252955,0.9566666666666667,0.9161290322580645,0.9966666666666667,1,0
mixed-independent,202,whole-call,0.9960401891252955,0.9566666666666667,0.9161290322580645,0.9966666666666667,1,0
mixed-independent,202,joint-long-schema,0.9960401891252955,0.9566666666666667,0.9161290322580645,0.9966666666666667,1,0
mixed-independent,203,field-average,0.9963325183374083,0.9606666666666667,0.9288461538461539,0.9956666666666667,1,0
mixed-independent,203,whole-call,0.9963325183374083,0.9606666666666667,0.9288461538461539,0.9956666666666667,1,0
mixed-independent,203,joint-long-schema,0.9963325183374083,0.9606666666666667,0.9288461538461539,0.9956666666666667,1,0
mixed-independent,204,field-average,0.9952372393961179,0.9493333333333334,0.9090056285178236,0.9941666666666666,1,1
mixed-independent,204,whole-call,0.9952372393961179,0.9493333333333334,0.9090056285178236,0.9941666666666666,0,0
mixed-independent,204,joint-long-schema,0.9952372393961179,0.9493333333333334,0.9090056285178236,0.9941666666666666,0,0
mixed-independent,205,field-average,0.9955548743102391,0.954,0.9127849355797819,0.9948333333333333,1,0
mixed-independent,205,whole-call,0.9955548743102391,0.954,0.9127849355797819,0.9948333333333333,1,0
mixed-independent,205,joint-long-schema,0.9955548743102391,0.954,0.9127849355797819,0.9948333333333333,1,0
mixed-independent,206,field-average,0.9952070787759617,0.9506666666666667,0.8973128598848369,0.9955,1,0
mixed-independent,206,whole-call,0.9952070787759617,0.9506666666666667,0.8973128598848369,0.9955,1,0
mixed-independent,206,joint-long-schema,0.9952070787759617,0.9506666666666667,0.8973128598848369,0.9955,0,0
mixed-independent,207,field-average,0.9958483083405626,0.9566666666666667,0.9174852652259332,0.9963333333333333,1,0
mixed-independent,207,whole-call,0.9958483083405626,0.9566666666666667,0.9174852652259332,0.9963333333333333,1,0
mixed-independent,207,joint-long-schema,0.9958483083405626,0.9566666666666667,0.9174852652259332,0.9963333333333333,1,0
mixed-independent,208,field-average,0.9950968667782827,0.9496666666666667,0.9124293785310734,0.9948333333333333,1,1
mixed-independent,208,whole-call,0.9950968667782827,0.9496666666666667,0.9124293785310734,0.9948333333333333,0,0
mixed-independent,208,joint-long-schema,0.9950968667782827,0.9496666666666667,0.9124293785310734,0.9948333333333333,0,0
mixed-independent,209,field-average,0.9956944273588387,0.9546666666666667,0.9140625,0.9958333333333333,1,0
mixed-independent,209,whole-call,0.9956944273588387,0.9546666666666667,0.9140625,0.9958333333333333,1,0
mixed-independent,209,joint-long-schema,0.9956944273588387,0.9546666666666667,0.9140625,0.9958333333333333,1,0
mixed-independent,210,field-average,0.9956808638272345,0.954,0.9137440758293839,0.9953333333333333,1,0
mixed-independent,210,whole-call,0.9956808638272345,0.954,0.9137440758293839,0.9953333333333333,1,0
mixed-independent,210,joint-long-schema,0.9956808638272345,0.954,0.9137440758293839,0.9953333333333333,1,0
mixed-independent,211,field-average,0.9958358662613982,0.9563333333333334,0.9158091674462114,0.9963333333333333,1,0
mixed-independent,211,whole-call,0.9958358662613982,0.9563333333333334,0.9158091674462114,0.9963333333333333,1,0
mixed-independent,211,joint-long-schema,0.9958358662613982,0.9563333333333334,0.9158091674462114,0.9963333333333333,1,0
mixed-independent,212,field-average,0.9956796176001961,0.9556666666666667,0.9197651663405088,0.9956666666666667,1,0
mixed-independent,212,whole-call,0.9956796176001961,0.9556666666666667,0.9197651663405088,0.9956666666666667,1,0
mixed-independent,212,joint-long-schema,0.9956796176001961,0.9556666666666667,0.9197651663405088,0.9956666666666667,1,0
mixed-independent,213,field-average,0.995221027479092,0.9476666666666667,0.9121996303142329,0.994,1,1
mixed-independent,213,whole-call,0.995221027479092,0.9476666666666667,0.9121996303142329,0.994,0,0
mixed-independent,213,joint-long-schema,0.995221027479092,0.9476666666666667,0.9121996303142329,0.994,0,0
mixed-independent,214,field-average,0.9957436746275715,0.9536666666666667,0.9191176470588235,0.9961666666666666,1,0
mixed-independent,214,whole-call,0.9957436746275715,0.9536666666666667,0.9191176470588235,0.9961666666666666,1,0
mixed-independent,214,joint-long-schema,0.9957436746275715,0.9536666666666667,0.9191176470588235,0.9961666666666666,1,0
mixed-independent,215,field-average,0.9951162511984659,0.9493333333333334,0.9063079777365491,0.9966666666666667,1,1
mixed-independent,215,whole-call,0.9951162511984659,0.9493333333333334,0.9063079777365491,0.9966666666666667,0,0
mixed-independent,215,joint-long-schema,0.9951162511984659,0.9493333333333334,0.9063079777365491,0.9966666666666667,0,0
mixed-independent,216,field-average,0.9951228546734164,0.9486666666666667,0.9056785370548605,0.9931666666666666,1,1
mixed-independent,216,whole-call,0.9951228546734164,0.9486666666666667,0.9056785370548605,0.9931666666666666,0,0
mixed-independent,216,joint-long-schema,0.9951228546734164,0.9486666666666667,0.9056785370548605,0.9931666666666666,0,0
mixed-independent,217,field-average,0.995346869712352,0.9506666666666667,0.9086584205518554,0.995,1,0
mixed-independent,217,whole-call,0.995346869712352,0.9506666666666667,0.9086584205518554,0.995,1,0
mixed-independent,217,joint-long-schema,0.995346869712352,0.9506666666666667,0.9086584205518554,0.995,1,0
mixed-independent,218,field-average,0.9949779519843214,0.9466666666666667,0.9004784688995215,0.9953333333333333,1,1
mixed-independent,218,whole-call,0.9949779519843214,0.9466666666666667,0.9004784688995215,0.9953333333333333,0,0
mixed-independent,218,joint-long-schema,0.9949779519843214,0.9466666666666667,0.9004784688995215,0.9953333333333333,0,0
mixed-independent,219,field-average,0.9956649163512028,0.9543333333333334,0.9142040038131554,0.9945,1,0
mixed-independent,219,whole-call,0.9956649163512028,0.9543333333333334,0.9142040038131554,0.9945,1,0
mixed-independent,219,joint-long-schema,0.9956649163512028,0.9543333333333334,0.9142040038131554,0.9945,1,0
mixed-independent,220,field-average,0.9952150136713895,0.9506666666666667,0.9195630585898709,0.9943333333333333,1,0
mixed-independent,220,whole-call,0.9952150136713895,0.9506666666666667,0.9195630585898709,0.9943333333333333,1,0
mixed-independent,220,joint-long-schema,0.9952150136713895,0.9506666666666667,0.9195630585898709,0.9943333333333333,1,0
mixed-independent,221,field-average,0.9951073419523189,0.946,0.8993595608417201,0.995,1,1
mixed-independent,221,whole-call,0.9951073419523189,0.946,0.8993595608417201,0.995,0,0
mixed-independent,221,joint-long-schema,0.9951073419523189,0.946,0.8993595608417201,0.995,0,0
mixed-independent,222,field-average,0.995715350223547,0.9556666666666667,0.9183874139626352,0.996,1,0
mixed-independent,222,whole-call,0.995715350223547,0.9556666666666667,0.9183874139626352,0.996,1,0
mixed-independent,222,joint-long-schema,0.995715350223547,0.9556666666666667,0.9183874139626352,0.996,1,0
mixed-independent,223,field-average,0.9954495813614852,0.9516666666666667,0.9138257575757576,0.9948333333333333,1,0
mixed-independent,223,whole-call,0.9954495813614852,0.9516666666666667,0.9138257575757576,0.9948333333333333,1,0
mixed-independent,223,joint-long-schema,0.9954495813614852,0.9516666666666667,0.9138257575757576,0.9948333333333333,1,0
mixed-independent,224,field-average,0.9956006354637663,0.9533333333333334,0.9114533205004812,0.9956666666666667,1,0
mixed-independent,224,whole-call,0.9956006354637663,0.9533333333333334,0.9114533205004812,0.9956666666666667,1,0
mixed-independent,224,joint-long-schema,0.9956006354637663,0.9533333333333334,0.9114533205004812,0.9956666666666667,1,0
mixed-independent,225,field-average,0.995109570385044,0.9513333333333334,0.90625,0.9953333333333333,1,0
mixed-independent,225,whole-call,0.995109570385044,0.9513333333333334,0.90625,0.9953333333333333,1,0
mixed-independent,225,joint-long-schema,0.995109570385044,0.9513333333333334,0.90625,0.9953333333333333,1,0
mixed-independent,226,field-average,0.9956181904310754,0.9526666666666667,0.9132841328413284,0.9963333333333333,1,0
mixed-independent,226,whole-call,0.9956181904310754,0.9526666666666667,0.9132841328413284,0.9963333333333333,1,0
mixed-independent,226,joint-long-schema,0.9956181904310754,0.9526666666666667,0.9132841328413284,0.9963333333333333,1,0
mixed-independent,227,field-average,0.995261087267525,0.9496666666666667,0.9070191431175935,0.9955,1,1
mixed-independent,227,whole-call,0.995261087267525,0.9496666666666667,0.9070191431175935,0.9955,0,0
mixed-independent,227,joint-long-schema,0.995261087267525,0.9496666666666667,0.9070191431175935,0.9955,0,0
mixed-independent,228,field-average,0.9954413718149981,0.9513333333333334,0.9062200956937799,0.9958333333333333,1,0
mixed-independent,228,whole-call,0.9954413718149981,0.9513333333333334,0.9062200956937799,0.9958333333333333,1,0
mixed-independent,228,joint-long-schema,0.9954413718149981,0.9513333333333334,0.9062200956937799,0.9958333333333333,1,0
mixed-independent,229,field-average,0.9955378391242266,0.9523333333333334,0.9097674418604651,0.9955,1,0
mixed-independent,229,whole-call,0.9955378391242266,0.9523333333333334,0.9097674418604651,0.9955,1,0
mixed-independent,229,joint-long-schema,0.9955378391242266,0.9523333333333334,0.9097674418604651,0.9955,1,0
mixed-independent,230,field-average,0.9956521739130435,0.953,0.9216809933142311,0.9963333333333333,1,0
mixed-independent,230,whole-call,0.9956521739130435,0.953,0.9216809933142311,0.9963333333333333,1,0
mixed-independent,230,joint-long-schema,0.9956521739130435,0.953,0.9216809933142311,0.9963333333333333,1,0
mixed-independent,231,field-average,0.99537841191067,0.951,0.9070450097847358,0.9956666666666667,1,0
mixed-independent,231,whole-call,0.99537841191067,0.951,0.9070450097847358,0.9956666666666667,1,0
mixed-independent,231,joint-long-schema,0.99537841191067,0.951,0.9070450097847358,0.9956666666666667,1,0
mixed-independent,232,field-average,0.9960763008571774,0.959,0.9238721804511278,0.9945,1,0
mixed-independent,232,whole-call,0.9960763008571774,0.959,0.9238721804511278,0.9945,1,0
mixed-independent,232,joint-long-schema,0.9960763008571774,0.959,0.9238721804511278,0.9945,1,0
mixed-independent,233,field-average,0.995862027304579,0.9563333333333334,0.9136276391554703,0.9951666666666666,1,0
mixed-independent,233,whole-call,0.995862027304579,0.9563333333333334,0.9136276391554703,0.9951666666666666,1,0
mixed-independent,233,joint-long-schema,0.995862027304579,0.9563333333333334,0.9136276391554703,0.9951666666666666,1,0
mixed-independent,234,field-average,0.9957009345794392,0.9556666666666667,0.9159919028340081,0.9953333333333333,1,0
mixed-independent,234,whole-call,0.9957009345794392,0.9556666666666667,0.9159919028340081,0.9953333333333333,1,0
mixed-independent,234,joint-long-schema,0.9957009345794392,0.9556666666666667,0.9159919028340081,0.9953333333333333,1,0
mixed-independent,235,field-average,0.9952926361237707,0.95,0.90625,0.9955,1,0
mixed-independent,235,whole-call,0.9952926361237707,0.95,0.90625,0.9955,1,0
mixed-independent,235,joint-long-schema,0.9952926361237707,0.95,0.90625,0.9955,1,0
mixed-independent,236,field-average,0.9957890335682714,0.955,0.922077922077922,0.997,1,0
mixed-independent,236,whole-call,0.9957890335682714,0.955,0.922077922077922,0.997,1,0
mixed-independent,236,joint-long-schema,0.9957890335682714,0.955,0.922077922077922,0.997,1,0
mixed-independent,237,field-average,0.9947393308901762,0.9443333333333334,0.9008115419296664,0.9953333333333333,1,1
mixed-independent,237,whole-call,0.9947393308901762,0.9443333333333334,0.9008115419296664,0.9953333333333333,0,0
mixed-independent,237,joint-long-schema,0.9947393308901762,0.9443333333333334,0.9008115419296664,0.9953333333333333,0,0
mixed-independent,238,field-average,0.9956231003039514,0.9533333333333334,0.9106463878326996,0.9958333333333333,1,0
mixed-independent,238,whole-call,0.9956231003039514,0.9533333333333334,0.9106463878326996,0.9958333333333333,1,0
mixed-independent,238,joint-long-schema,0.9956231003039514,0.9533333333333334,0.9106463878326996,0.9958333333333333,1,0
mixed-independent,239,field-average,0.9962356596558317,0.9603333333333334,0.9323943661971831,0.9981666666666666,1,0
mixed-independent,239,whole-call,0.9962356596558317,0.9603333333333334,0.9323943661971831,0.9981666666666666,1,0
mixed-independent,239,joint-long-schema,0.9962356596558317,0.9603333333333334,0.9323943661971831,0.9981666666666666,1,0
mixed-independent,240,field-average,0.9956741167988464,0.9533333333333334,0.916819012797075,0.9956666666666667,1,0
mixed-independent,240,whole-call,0.9956741167988464,0.9533333333333334,0.916819012797075,0.9956666666666667,1,0
mixed-independent,240,joint-long-schema,0.9956741167988464,0.9533333333333334,0.916819012797075,0.9956666666666667,1,0
mixed-independent,241,field-average,0.9959026418786693,0.956,0.9201154956689124,0.996,1,0
mixed-independent,241,whole-call,0.9959026418786693,0.956,0.9201154956689124,0.996,1,0
mixed-independent,241,joint-long-schema,0.9959026418786693,0.956,0.9201154956689124,0.996,1,0
mixed-independent,242,field-average,0.9951712827988338,0.948,0.8900473933649289,0.9971666666666666,1,1
mixed-independent,242,whole-call,0.9951712827988338,0.948,0.8900473933649289,0.9971666666666666,0,0
mixed-independent,242,joint-long-schema,0.9951712827988338,0.948,0.8900473933649289,0.9971666666666666,0,0
mixed-independent,243,field-average,0.9954584775086506,0.9516666666666667,0.9022931206380858,0.9955,1,0
mixed-independent,243,whole-call,0.9954584775086506,0.9516666666666667,0.9022931206380858,0.9955,1,0
mixed-independent,243,joint-long-schema,0.9954584775086506,0.9516666666666667,0.9022931206380858,0.9955,1,0
mixed-independent,244,field-average,0.9953285484469744,0.952,0.9119373776908023,0.9951666666666666,1,0
mixed-independent,244,whole-call,0.9953285484469744,0.952,0.9119373776908023,0.9951666666666666,1,0
mixed-independent,244,joint-long-schema,0.9953285484469744,0.952,0.9119373776908023,0.9951666666666666,1,0
mixed-independent,245,field-average,0.9957419433892906,0.9553333333333334,0.9267822736030829,0.9958333333333333,1,0
mixed-independent,245,whole-call,0.9957419433892906,0.9553333333333334,0.9267822736030829,0.9958333333333333,1,0
mixed-independent,245,joint-long-schema,0.9957419433892906,0.9553333333333334,0.9267822736030829,0.9958333333333333,1,0
mixed-independent,246,field-average,0.9955171993169065,0.9546666666666667,0.915719696969697,0.9948333333333333,1,0
mixed-independent,246,whole-call,0.9955171993169065,0.9546666666666667,0.915719696969697,0.9948333333333333,1,0
mixed-independent,246,joint-long-schema,0.9955171993169065,0.9546666666666667,0.915719696969697,0.9948333333333333,1,0
mixed-independent,247,field-average,0.9950524918547122,0.9466666666666667,0.9001848428835489,0.9948333333333333,1,1
mixed-independent,247,whole-call,0.9950524918547122,0.9466666666666667,0.9001848428835489,0.9948333333333333,0,0
mixed-independent,247,joint-long-schema,0.9950524918547122,0.9466666666666667,0.9001848428835489,0.9948333333333333,0,0
mixed-independent,248,field-average,0.9953494064374006,0.9503333333333334,0.9045764362220059,0.9945,1,0
mixed-independent,248,whole-call,0.9953494064374006,0.9503333333333334,0.9045764362220059,0.9945,1,0
mixed-independent,248,joint-long-schema,0.9953494064374006,0.9503333333333334,0.9045764362220059,0.9945,1,0
mixed-independent,249,field-average,0.9952225447508466,0.948,0.9132893496701225,0.9935,1,1
mixed-independent,249,whole-call,0.9952225447508466,0.948,0.9132893496701225,0.9935,0,0
mixed-independent,249,joint-long-schema,0.9952225447508466,0.948,0.9132893496701225,0.9935,0,0
mixed-independent,250,field-average,0.995542256961407,0.9543333333333334,0.9125475285171103,0.9958333333333333,1,0
mixed-independent,250,whole-call,0.995542256961407,0.9543333333333334,0.9125475285171103,0.9958333333333333,1,0
mixed-independent,250,joint-long-schema,0.995542256961407,0.9543333333333334,0.9125475285171103,0.9958333333333333,1,0
mixed-independent,251,field-average,0.9961669505962522,0.9603333333333334,0.9320574162679426,0.9963333333333333,1,0
mixed-independent,251,whole-call,0.9961669505962522,0.9603333333333334,0.9320574162679426,0.9963333333333333,1,0
mixed-independent,251,joint-long-schema,0.9961669505962522,0.9603333333333334,0.9320574162679426,0.9963333333333333,1,0
mixed-independent,252,field-average,0.9955236693647289,0.9526666666666667,0.9223394055608821,0.9958333333333333,1,0
mixed-independent,252,whole-call,0.9955236693647289,0.9526666666666667,0.9223394055608821,0.9958333333333333,1,0
mixed-independent,252,joint-long-schema,0.9955236693647289,0.9526666666666667,0.9223394055608821,0.9958333333333333,1,0
mixed-independent,253,field-average,0.9956691472489936,0.9543333333333334,0.9263157894736842,0.9948333333333333,1,0
mixed-independent,253,whole-call,0.9956691472489936,0.9543333333333334,0.9263157894736842,0.9948333333333333,1,0
mixed-independent,253,joint-long-schema,0.9956691472489936,0.9543333333333334,0.9263157894736842,0.9948333333333333,1,0
mixed-independent,254,field-average,0.9955997588908981,0.9533333333333334,0.914364640883978,0.9965,1,0
mixed-independent,254,whole-call,0.9955997588908981,0.9533333333333334,0.914364640883978,0.9965,1,0
mixed-independent,254,joint-long-schema,0.9955997588908981,0.9533333333333334,0.914364640883978,0.9965,1,0
mixed-independent,255,field-average,0.9952278692436173,0.9496666666666667,0.8937153419593346,0.9958333333333333,1,1
mixed-independent,255,whole-call,0.9952278692436173,0.9496666666666667,0.8937153419593346,0.9958333333333333,0,0
mixed-independent,255,joint-long-schema,0.9952278692436173,0.9496666666666667,0.8937153419593346,0.9958333333333333,0,0
mixed-independent,256,field-average,0.9954579162031887,0.9526666666666667,0.9030662710187932,0.996,1,0
mixed-independent,256,whole-call,0.9954579162031887,0.9526666666666667,0.9030662710187932,0.996,1,0
mixed-independent,256,joint-long-schema,0.9954579162031887,0.9526666666666667,0.9030662710187932,0.996,1,0
mixed-independent,257,field-average,0.9958246982811166,0.9583333333333334,0.9217391304347826,0.9955,1,0
mixed-independent,257,whole-call,0.9958246982811166,0.9583333333333334,0.9217391304347826,0.9955,1,0
mixed-independent,257,joint-long-schema,0.9958246982811166,0.9583333333333334,0.9217391304347826,0.9955,1,0
mixed-independent,258,field-average,0.9955891619407687,0.957,0.921,0.9963333333333333,1,0
mixed-independent,258,whole-call,0.9955891619407687,0.957,0.921,0.9963333333333333,1,0
mixed-independent,258,joint-long-schema,0.9955891619407687,0.957,0.921,0.9963333333333333,1,0
mixed-independent,259,field-average,0.9954103006407097,0.9523333333333334,0.9080348499515973,0.9961666666666666,1,0
mixed-independent,259,whole-call,0.9954103006407097,0.9523333333333334,0.9080348499515973,0.9961666666666666,1,0
mixed-independent,259,joint-long-schema,0.9954103006407097,0.9523333333333334,0.9080348499515973,0.9961666666666666,1,0
mixed-independent,260,field-average,0.9961674169607008,0.9583333333333334,0.9225621414913958,0.9961666666666666,1,0
mixed-independent,260,whole-call,0.9961674169607008,0.9583333333333334,0.9225621414913958,0.9961666666666666,1,0
mixed-independent,260,joint-long-schema,0.9961674169607008,0.9583333333333334,0.9225621414913958,0.9961666666666666,1,0
mixed-independent,261,field-average,0.9957359255725191,0.954,0.9194444444444444,0.9965,1,0
mixed-independent,261,whole-call,0.9957359255725191,0.954,0.9194444444444444,0.9965,1,0
mixed-independent,261,joint-long-schema,0.9957359255725191,0.954,0.9194444444444444,0.9965,1,0
mixed-independent,262,field-average,0.9953054433087711,0.9496666666666667,0.9075785582255084,0.9955,1,1
mixed-independent,262,whole-call,0.9953054433087711,0.9496666666666667,0.9075785582255084,0.9955,0,0
mixed-independent,262,joint-long-schema,0.9953054433087711,0.9496666666666667,0.9075785582255084,0.9955,0,0
mixed-independent,263,field-average,0.9956691472489936,0.9536666666666667,0.9213270142180094,0.9953333333333333,1,0
mixed-independent,263,whole-call,0.9956691472489936,0.9536666666666667,0.9213270142180094,0.9953333333333333,1,0
mixed-independent,263,joint-long-schema,0.9956691472489936,0.9536666666666667,0.9213270142180094,0.9953333333333333,1,0
mixed-independent,264,field-average,0.9944908584574403,0.9413333333333334,0.892925430210325,0.9933333333333333,1,1
mixed-independent,264,whole-call,0.9944908584574403,0.9413333333333334,0.892925430210325,0.9933333333333333,0,0
mixed-independent,264,joint-long-schema,0.9944908584574403,0.9413333333333334,0.892925430210325,0.9933333333333333,0,0
mixed-independent,265,field-average,0.9954954954954955,0.9526666666666667,0.9153543307086615,0.9958333333333333,1,0
mixed-independent,265,whole-call,0.9954954954954955,0.9526666666666667,0.9153543307086615,0.9958333333333333,1,0
mixed-independent,265,joint-long-schema,0.9954954954954955,0.9526666666666667,0.9153543307086615,0.9958333333333333,1,0
mixed-independent,266,field-average,0.99587428710108,0.9563333333333334,0.9319271332694151,0.995,1,0
mixed-independent,266,whole-call,0.99587428710108,0.9563333333333334,0.9319271332694151,0.995,1,0
mixed-independent,266,joint-long-schema,0.99587428710108,0.9563333333333334,0.9319271332694151,0.995,1,0
mixed-independent,267,field-average,0.9955626660226998,0.9513333333333334,0.9083011583011583,0.9946666666666667,1,0
mixed-independent,267,whole-call,0.9955626660226998,0.9513333333333334,0.9083011583011583,0.9946666666666667,1,0
mixed-independent,267,joint-long-schema,0.9955626660226998,0.9513333333333334,0.9083011583011583,0.9946666666666667,1,0
mixed-independent,268,field-average,0.9957104061227009,0.9556666666666667,0.9140316205533597,0.9951666666666666,1,0
mixed-independent,268,whole-call,0.9957104061227009,0.9556666666666667,0.9140316205533597,0.9951666666666666,1,0
mixed-independent,268,joint-long-schema,0.9957104061227009,0.9556666666666667,0.9140316205533597,0.9951666666666666,1,0
mixed-independent,269,field-average,0.9949628208203406,0.9453333333333334,0.8985915492957747,0.995,1,1
mixed-independent,269,whole-call,0.9949628208203406,0.9453333333333334,0.8985915492957747,0.995,0,0
mixed-independent,269,joint-long-schema,0.9949628208203406,0.9453333333333334,0.8985915492957747,0.995,0,0
mixed-independent,270,field-average,0.9953223692051008,0.9506666666666667,0.9127640036730946,0.9956666666666667,1,0
mixed-independent,270,whole-call,0.9953223692051008,0.9506666666666667,0.9127640036730946,0.9956666666666667,1,0
mixed-independent,270,joint-long-schema,0.9953223692051008,0.9506666666666667,0.9127640036730946,0.9956666666666667,1,0
mixed-independent,271,field-average,0.9953040337146297,0.949,0.9024163568773235,0.9955,1,1
mixed-independent,271,whole-call,0.9953040337146297,0.949,0.9024163568773235,0.9955,0,0
mixed-independent,271,joint-long-schema,0.9953040337146297,0.949,0.9024163568773235,0.9955,0,0
mixed-independent,272,field-average,0.9950504181013281,0.9476666666666667,0.9089147286821705,0.994,1,1
mixed-independent,272,whole-call,0.9950504181013281,0.9476666666666667,0.9089147286821705,0.994,0,0
mixed-independent,272,joint-long-schema,0.9950504181013281,0.9476666666666667,0.9089147286821705,0.994,0,0
mixed-independent,273,field-average,0.9954673526889624,0.9523333333333334,0.9109792284866469,0.9963333333333333,1,0
mixed-independent,273,whole-call,0.9954673526889624,0.9523333333333334,0.9109792284866469,0.9963333333333333,1,0
mixed-independent,273,joint-long-schema,0.9954673526889624,0.9523333333333334,0.9109792284866469,0.9963333333333333,1,0
mixed-independent,274,field-average,0.9956102386546309,0.9543333333333334,0.9135082604470359,0.9953333333333333,1,0
mixed-independent,274,whole-call,0.9956102386546309,0.9543333333333334,0.9135082604470359,0.9953333333333333,1,0
mixed-independent,274,joint-long-schema,0.9956102386546309,0.9543333333333334,0.9135082604470359,0.9953333333333333,1,0
mixed-independent,275,field-average,0.9964187656679002,0.9606666666666667,0.9279026217228464,0.9966666666666667,1,0
mixed-independent,275,whole-call,0.9964187656679002,0.9606666666666667,0.9279026217228464,0.9966666666666667,1,0
mixed-independent,275,joint-long-schema,0.9964187656679002,0.9606666666666667,0.9279026217228464,0.9966666666666667,1,0
mixed-independent,276,field-average,0.9952581032412965,0.9473333333333334,0.9020522388059702,0.995,1,1
mixed-independent,276,whole-call,0.9952581032412965,0.9473333333333334,0.9020522388059702,0.995,0,0
mixed-independent,276,joint-long-schema,0.9952581032412965,0.9473333333333334,0.9020522388059702,0.995,0,0
mixed-independent,277,field-average,0.9955949794834661,0.952,0.9095193213949104,0.9951666666666666,1,0
mixed-independent,277,whole-call,0.9955949794834661,0.952,0.9095193213949104,0.9951666666666666,1,0
mixed-independent,277,joint-long-schema,0.9955949794834661,0.952,0.9095193213949104,0.9951666666666666,1,0
mixed-independent,278,field-average,0.9959770815555284,0.9583333333333334,0.9235181644359465,0.9958333333333333,1,0
mixed-independent,278,whole-call,0.9959770815555284,0.9583333333333334,0.9235181644359465,0.9958333333333333,1,0
mixed-independent,278,joint-long-schema,0.9959770815555284,0.9583333333333334,0.9235181644359465,0.9958333333333333,1,0
mixed-independent,279,field-average,0.9961329043435219,0.96,0.9300970873786408,0.996,1,0
mixed-independent,279,whole-call,0.9961329043435219,0.96,0.9300970873786408,0.996,1,0
mixed-independent,279,joint-long-schema,0.9961329043435219,0.96,0.9300970873786408,0.996,1,0
mixed-independent,280,field-average,0.9950788604963932,0.9476666666666667,0.8982092365692743,0.9956666666666667,1,1
mixed-independent,280,whole-call,0.9950788604963932,0.9476666666666667,0.8982092365692743,0.9956666666666667,0,0
mixed-independent,280,joint-long-schema,0.9950788604963932,0.9476666666666667,0.8982092365692743,0.9956666666666667,0,0
mixed-independent,281,field-average,0.9955506117908788,0.9543333333333334,0.9032576505429417,0.9958333333333333,1,0
mixed-independent,281,whole-call,0.9955506117908788,0.9543333333333334,0.9032576505429417,0.9958333333333333,1,0
mixed-independent,281,joint-long-schema,0.9955506117908788,0.9543333333333334,0.9032576505429417,0.9958333333333333,1,0
mixed-independent,282,field-average,0.9956596160899865,0.9536666666666667,0.9201557935735151,0.9963333333333333,1,0
mixed-independent,282,whole-call,0.9956596160899865,0.9536666666666667,0.9201557935735151,0.9963333333333333,1,0
mixed-independent,282,joint-long-schema,0.9956596160899865,0.9536666666666667,0.9201557935735151,0.9963333333333333,1,0
mixed-independent,283,field-average,0.9950351935646053,0.9503333333333334,0.9070480081716037,0.9936666666666667,1,0
mixed-independent,283,whole-call,0.9950351935646053,0.9503333333333334,0.9070480081716037,0.9936666666666667,1,0
mixed-independent,283,joint-long-schema,0.9950351935646053,0.9503333333333334,0.9070480081716037,0.9936666666666667,1,0
mixed-independent,284,field-average,0.9957334785766159,0.9543333333333334,0.9116809116809117,0.9953333333333333,1,0
mixed-independent,284,whole-call,0.9957334785766159,0.9543333333333334,0.9116809116809117,0.9953333333333333,1,0
mixed-independent,284,joint-long-schema,0.9957334785766159,0.9543333333333334,0.9116809116809117,0.9953333333333333,1,0
mixed-independent,285,field-average,0.9955757503288294,0.952,0.9102316602316602,0.9961666666666666,1,0
mixed-independent,285,whole-call,0.9955757503288294,0.952,0.9102316602316602,0.9961666666666666,1,0
mixed-independent,285,joint-long-schema,0.9955757503288294,0.952,0.9102316602316602,0.9961666666666666,1,0
mixed-independent,286,field-average,0.9953282081608515,0.9516666666666667,0.9073394495412844,0.996,1,0
mixed-independent,286,whole-call,0.9953282081608515,0.9516666666666667,0.9073394495412844,0.996,1,0
mixed-independent,286,joint-long-schema,0.9953282081608515,0.9516666666666667,0.9073394495412844,0.996,1,0
mixed-independent,287,field-average,0.9954480542663334,0.95,0.8979033728350045,0.9958333333333333,1,0
mixed-independent,287,whole-call,0.9954480542663334,0.95,0.8979033728350045,0.9958333333333333,1,0
mixed-independent,287,joint-long-schema,0.9954480542663334,0.95,0.8979033728350045,0.9958333333333333,0,0
mixed-independent,288,field-average,0.9956880955252684,0.9536666666666667,0.910377358490566,0.9958333333333333,1,0
mixed-independent,288,whole-call,0.9956880955252684,0.9536666666666667,0.910377358490566,0.9958333333333333,1,0
mixed-independent,288,joint-long-schema,0.9956880955252684,0.9536666666666667,0.910377358490566,0.9958333333333333,1,0
mixed-independent,289,field-average,0.9956386482859583,0.9533333333333334,0.9196515004840271,0.9945,1,0
mixed-independent,289,whole-call,0.9956386482859583,0.9533333333333334,0.9196515004840271,0.9945,1,0
mixed-independent,289,joint-long-schema,0.9956386482859583,0.9533333333333334,0.9196515004840271,0.9945,1,0
mixed-independent,290,field-average,0.9952552552552553,0.9496666666666667,0.905893536121673,0.995,1,1
mixed-independent,290,whole-call,0.9952552552552553,0.9496666666666667,0.905893536121673,0.995,0,0
mixed-independent,290,joint-long-schema,0.9952552552552553,0.9496666666666667,0.905893536121673,0.995,0,0
mixed-independent,291,field-average,0.99582927423283,0.9556666666666667,0.9218455743879472,0.9955,1,0
mixed-independent,291,whole-call,0.99582927423283,0.9556666666666667,0.9218455743879472,0.9955,1,0
mixed-independent,291,joint-long-schema,0.99582927423283,0.9556666666666667,0.9218455743879472,0.9955,1,0
mixed-independent,292,field-average,0.9960230053842388,0.9586666666666667,0.917228103946102,0.996,1,0
mixed-independent,292,whole-call,0.9960230053842388,0.9586666666666667,0.917228103946102,0.996,1,0
mixed-independent,292,joint-long-schema,0.9960230053842388,0.9586666666666667,0.917228103946102,0.996,1,0
mixed-independent,293,field-average,0.9958702418003351,0.956,0.9142857142857143,0.9956666666666667,1,0
mixed-independent,293,whole-call,0.9958702418003351,0.956,0.9142857142857143,0.9956666666666667,1,0
mixed-independent,293,joint-long-schema,0.9958702418003351,0.956,0.9142857142857143,0.9956666666666667,1,0
mixed-independent,294,field-average,0.9959045796962812,0.9566666666666667,0.9130832570905764,0.9963333333333333,1,0
mixed-independent,294,whole-call,0.9959045796962812,0.9566666666666667,0.9130832570905764,0.9963333333333333,1,0
mixed-independent,294,joint-long-schema,0.9959045796962812,0.9566666666666667,0.9130832570905764,0.9963333333333333,1,0
mixed-independent,295,field-average,0.994772593030124,0.9436666666666667,0.9050228310502283,0.9938333333333333,1,1
mixed-independent,295,whole-call,0.994772593030124,0.9436666666666667,0.9050228310502283,0.9938333333333333,0,0
mixed-independent,295,joint-long-schema,0.994772593030124,0.9436666666666667,0.9050228310502283,0.9938333333333333,0,0
mixed-independent,296,field-average,0.9951271186440678,0.9483333333333334,0.8978240302743614,0.9953333333333333,1,1
mixed-independent,296,whole-call,0.9951271186440678,0.9483333333333334,0.8978240302743614,0.9953333333333333,0,0
mixed-independent,296,joint-long-schema,0.9951271186440678,0.9483333333333334,0.8978240302743614,0.9953333333333333,0,0
mixed-independent,297,field-average,0.9950537371763556,0.9486666666666667,0.9106256206554121,0.9948333333333333,1,1
mixed-independent,297,whole-call,0.9950537371763556,0.9486666666666667,0.9106256206554121,0.9948333333333333,0,0
mixed-independent,297,joint-long-schema,0.9950537371763556,0.9486666666666667,0.9106256206554121,0.9948333333333333,0,0
mixed-independent,298,field-average,0.996198296836983,0.9596666666666667,0.9215311004784689,0.9968333333333333,1,0
mixed-independent,298,whole-call,0.996198296836983,0.9596666666666667,0.9215311004784689,0.9968333333333333,1,0
mixed-independent,298,joint-long-schema,0.996198296836983,0.9596666666666667,0.9215311004784689,0.9968333333333333,1,0
mixed-independent,299,field-average,0.9954601226993866,0.9523333333333334,0.9192307692307692,0.9953333333333333,1,0
mixed-independent,299,whole-call,0.9954601226993866,0.9523333333333334,0.9192307692307692,0.9953333333333333,1,0
mixed-independent,299,joint-long-schema,0.9954601226993866,0.9523333333333334,0.9192307692307692,0.9953333333333333,1,0
mixed-independent,300,field-average,0.995781231030715,0.9546666666666667,0.914175506268081,0.9966666666666667,1,0
mixed-independent,300,whole-call,0.995781231030715,0.9546666666666667,0.914175506268081,0.9966666666666667,1,0
mixed-independent,300,joint-long-schema,0.995781231030715,0.9546666666666667,0.914175506268081,0.9966666666666667,1,0
mixed-independent,301,field-average,0.9958003651856361,0.9553333333333334,0.9224806201550387,0.9958333333333333,1,0
mixed-independent,301,whole-call,0.9958003651856361,0.9553333333333334,0.9224806201550387,0.9958333333333333,1,0
mixed-independent,301,joint-long-schema,0.9958003651856361,0.9553333333333334,0.9224806201550387,0.9958333333333333,1,0
mixed-independent,302,field-average,0.9956754781337557,0.9553333333333334,0.9119617224880383,0.9955,1,0
mixed-independent,302,whole-call,0.9956754781337557,0.9553333333333334,0.9119617224880383,0.9955,1,0
mixed-independent,302,joint-long-schema,0.9956754781337557,0.9553333333333334,0.9119617224880383,0.9955,1,0
mixed-independent,303,field-average,0.9961180124223602,0.9583333333333334,0.9257518796992481,0.9958333333333333,1,0
mixed-independent,303,whole-call,0.9961180124223602,0.9583333333333334,0.9257518796992481,0.9958333333333333,1,0
mixed-independent,303,joint-long-schema,0.9961180124223602,0.9583333333333334,0.9257518796992481,0.9958333333333333,1,0
mixed-independent,304,field-average,0.9953670058139535,0.949,0.9049429657794676,0.997,1,1
mixed-independent,304,whole-call,0.9953670058139535,0.949,0.9049429657794676,0.997,0,0
mixed-independent,304,joint-long-schema,0.9953670058139535,0.949,0.9049429657794676,0.997,0,0
mixed-independent,305,field-average,0.9964125015201265,0.9613333333333334,0.9321872015281757,0.9956666666666667,1,0
mixed-independent,305,whole-call,0.9964125015201265,0.9613333333333334,0.9321872015281757,0.9956666666666667,1,0
mixed-independent,305,joint-long-schema,0.9964125015201265,0.9613333333333334,0.9321872015281757,0.9956666666666667,1,0
mixed-independent,306,field-average,0.9954892225720513,0.9516666666666667,0.9104046242774566,0.9956666666666667,1,0
mixed-independent,306,whole-call,0.9954892225720513,0.9516666666666667,0.9104046242774566,0.9956666666666667,1,0
mixed-independent,306,joint-long-schema,0.9954892225720513,0.9516666666666667,0.9104046242774566,0.9956666666666667,1,0
mixed-independent,307,field-average,0.9955736543909348,0.952,0.9228699551569507,0.9943333333333333,1,0
mixed-independent,307,whole-call,0.9955736543909348,0.952,0.9228699551569507,0.9943333333333333,1,0
mixed-independent,307,joint-long-schema,0.9955736543909348,0.952,0.9228699551569507,0.9943333333333333,1,0
mixed-independent,308,field-average,0.9950361010830325,0.9473333333333334,0.9090909090909091,0.9945,1,1
mixed-independent,308,whole-call,0.9950361010830325,0.9473333333333334,0.9090909090909091,0.9945,0,0
mixed-independent,308,joint-long-schema,0.9950361010830325,0.9473333333333334,0.9090909090909091,0.9945,0,0
mixed-independent,309,field-average,0.9954264598982312,0.9516666666666667,0.9120151371807,0.996,1,0
mixed-independent,309,whole-call,0.9954264598982312,0.9516666666666667,0.9120151371807,0.996,1,0
mixed-independent,309,joint-long-schema,0.9954264598982312,0.9516666666666667,0.9120151371807,0.996,1,0
mixed-independent,310,field-average,0.9956985967053081,0.9546666666666667,0.9220404234841193,0.995,1,0
mixed-independent,310,whole-call,0.9956985967053081,0.9546666666666667,0.9220404234841193,0.995,1,0
mixed-independent,310,joint-long-schema,0.9956985967053081,0.9546666666666667,0.9220404234841193,0.995,1,0
mixed-independent,311,field-average,0.9951092863180775,0.9476666666666667,0.9053030303030303,0.9961666666666666,1,1
mixed-independent,311,whole-call,0.9951092863180775,0.9476666666666667,0.9053030303030303,0.9961666666666666,0,0
mixed-independent,311,joint-long-schema,0.9951092863180775,0.9476666666666667,0.9053030303030303,0.9961666666666666,0,0
mixed-independent,312,field-average,0.9959692083888956,0.957,0.911487758945386,0.9965,1,0
mixed-independent,312,whole-call,0.9959692083888956,0.957,0.911487758945386,0.9965,1,0
mixed-independent,312,joint-long-schema,0.9959692083888956,0.957,0.911487758945386,0.9965,1,0
mixed-independent,313,field-average,0.9952836043192255,0.9513333333333334,0.9041794087665648,0.9963333333333333,1,0
mixed-independent,313,whole-call,0.9952836043192255,0.9513333333333334,0.9041794087665648,0.9963333333333333,1,0
mixed-independent,313,joint-long-schema,0.9952836043192255,0.9513333333333334,0.9041794087665648,0.9963333333333333,1,0
mixed-independent,314,field-average,0.9959285367039378,0.9556666666666667,0.9177820267686424,0.9966666666666667,1,0
mixed-independent,314,whole-call,0.9959285367039378,0.9556666666666667,0.9177820267686424,0.9966666666666667,1,0
mixed-independent,314,joint-long-schema,0.9959285367039378,0.9556666666666667,0.9177820267686424,0.9966666666666667,1,0
mixed-independent,315,field-average,0.9962035154848738,0.9586666666666667,0.9257246376811594,0.996,1,0
mixed-independent,315,whole-call,0.9962035154848738,0.9586666666666667,0.9257246376811594,0.996,1,0
mixed-independent,315,joint-long-schema,0.9962035154848738,0.9586666666666667,0.9257246376811594,0.996,1,0
mixed-independent,316,field-average,0.9954761904761905,0.951,0.9050332383665717,0.9953333333333333,1,0
mixed-independent,316,whole-call,0.9954761904761905,0.951,0.9050332383665717,0.9953333333333333,1,0
mixed-independent,316,joint-long-schema,0.9954761904761905,0.951,0.9050332383665717,0.9953333333333333,1,0
mixed-independent,317,field-average,0.9955050078436105,0.9523333333333334,0.9110486891385767,0.9958333333333333,1,0
mixed-independent,317,whole-call,0.9955050078436105,0.9523333333333334,0.9110486891385767,0.9958333333333333,1,0
mixed-independent,317,joint-long-schema,0.9955050078436105,0.9523333333333334,0.9110486891385767,0.9958333333333333,1,0
mixed-independent,318,field-average,0.9954889051450866,0.952,0.9021842355175689,0.9973333333333333,1,0
mixed-independent,318,whole-call,0.9954889051450866,0.952,0.9021842355175689,0.9973333333333333,1,0
mixed-independent,318,joint-long-schema,0.9954889051450866,0.952,0.9021842355175689,0.9973333333333333,1,0
mixed-independent,319,field-average,0.9952092177077017,0.9493333333333334,0.8999055712936733,0.9958333333333333,1,1
mixed-independent,319,whole-call,0.9952092177077017,0.9493333333333334,0.8999055712936733,0.9958333333333333,0,0
mixed-independent,319,joint-long-schema,0.9952092177077017,0.9493333333333334,0.8999055712936733,0.9958333333333333,0,0
mixed-independent,320,field-average,0.9948062203863443,0.9463333333333334,0.904716073147257,0.9945,1,1
mixed-independent,320,whole-call,0.9948062203863443,0.9463333333333334,0.904716073147257,0.9945,0,0
mixed-independent,320,joint-long-schema,0.9948062203863443,0.9463333333333334,0.904716073147257,0.9945,0,0
mixed-independent,321,field-average,0.9959822499400336,0.9573333333333334,0.9173630454967502,0.9956666666666667,1,0
mixed-independent,321,whole-call,0.9959822499400336,0.9573333333333334,0.9173630454967502,0.9956666666666667,1,0
mixed-independent,321,joint-long-schema,0.9959822499400336,0.9573333333333334,0.9173630454967502,0.9956666666666667,1,0
mixed-independent,322,field-average,0.9960740829537281,0.958,0.9221501390176089,0.9971666666666666,1,0
mixed-independent,322,whole-call,0.9960740829537281,0.958,0.9221501390176089,0.9971666666666666,1,0
mixed-independent,322,joint-long-schema,0.9960740829537281,0.958,0.9221501390176089,0.9971666666666666,1,0
mixed-independent,323,field-average,0.9949322333529759,0.945,0.8964552238805971,0.9948333333333333,1,1
mixed-independent,323,whole-call,0.9949322333529759,0.945,0.8964552238805971,0.9948333333333333,0,0
mixed-independent,323,joint-long-schema,0.9949322333529759,0.945,0.8964552238805971,0.9948333333333333,0,0
mixed-independent,324,field-average,0.9956980717598243,0.955,0.9198841698841699,0.9955,1,0
mixed-independent,324,whole-call,0.9956980717598243,0.955,0.9198841698841699,0.9955,1,0
mixed-independent,324,joint-long-schema,0.9956980717598243,0.955,0.9198841698841699,0.9955,1,0
mixed-independent,325,field-average,0.9955007345739472,0.9516666666666667,0.9082926829268293,0.996,1,0
mixed-independent,325,whole-call,0.9955007345739472,0.9516666666666667,0.9082926829268293,0.996,1,0
mixed-independent,325,joint-long-schema,0.9955007345739472,0.9516666666666667,0.9082926829268293,0.996,1,0
mixed-independent,326,field-average,0.9950889224689062,0.9466666666666667,0.9069557362240289,0.9926666666666667,1,1
mixed-independent,326,whole-call,0.9950889224689062,0.9466666666666667,0.9069557362240289,0.9926666666666667,0,0
mixed-independent,326,joint-long-schema,0.9950889224689062,0.9466666666666667,0.9069557362240289,0.9926666666666667,0,0
mixed-independent,327,field-average,0.995125348189415,0.9483333333333334,0.9068901303538175,0.9956666666666667,1,1
mixed-independent,327,whole-call,0.995125348189415,0.9483333333333334,0.9068901303538175,0.9956666666666667,0,0
mixed-independent,327,joint-long-schema,0.995125348189415,0.9483333333333334,0.9068901303538175,0.9956666666666667,0,0
mixed-independent,328,field-average,0.9950665859564165,0.9473333333333334,0.9037735849056604,0.9945,1,1
mixed-independent,328,whole-call,0.9950665859564165,0.9473333333333334,0.9037735849056604,0.9945,0,0
mixed-independent,328,joint-long-schema,0.9950665859564165,0.9473333333333334,0.9037735849056604,0.9945,0,0
mixed-independent,329,field-average,0.9955847255369928,0.9533333333333334,0.9097605893186004,0.995,1,0
mixed-independent,329,whole-call,0.9955847255369928,0.9533333333333334,0.9097605893186004,0.995,1,0
mixed-independent,329,joint-long-schema,0.9955847255369928,0.9533333333333334,0.9097605893186004,0.995,1,0
mixed-independent,330,field-average,0.9956103172681037,0.9526666666666667,0.9143932267168391,0.9966666666666667,1,0
mixed-independent,330,whole-call,0.9956103172681037,0.9526666666666667,0.9143932267168391,0.9966666666666667,1,0
mixed-independent,330,joint-long-schema,0.9956103172681037,0.9526666666666667,0.9143932267168391,0.9966666666666667,1,0
mixed-independent,331,field-average,0.9956298041160426,0.955,0.9127906976744186,0.995,1,0
mixed-independent,331,whole-call,0.9956298041160426,0.955,0.9127906976744186,0.995,1,0
mixed-independent,331,joint-long-schema,0.9956298041160426,0.955,0.9127906976744186,0.995,1,0
mixed-independent,332,field-average,0.9955606908294818,0.952,0.9281609195402298,0.9943333333333333,1,0
mixed-independent,332,whole-call,0.9955606908294818,0.952,0.9281609195402298,0.9943333333333333,1,0
mixed-independent,332,joint-long-schema,0.9955606908294818,0.952,0.9281609195402298,0.9943333333333333,1,0
mixed-independent,333,field-average,0.9954240937911233,0.9503333333333334,0.9130028063610851,0.995,1,0
mixed-independent,333,whole-call,0.9954240937911233,0.9503333333333334,0.9130028063610851,0.995,1,0
mixed-independent,333,joint-long-schema,0.9954240937911233,0.9503333333333334,0.9130028063610851,0.995,1,0
mixed-independent,334,field-average,0.9950480009721716,0.947,0.9072847682119205,0.9961666666666666,1,1
mixed-independent,334,whole-call,0.9950480009721716,0.947,0.9072847682119205,0.9961666666666666,0,0
mixed-independent,334,joint-long-schema,0.9950480009721716,0.947,0.9072847682119205,0.9961666666666666,0,0
mixed-independent,335,field-average,0.9949664429530202,0.947,0.9059165858389913,0.9953333333333333,1,1
mixed-independent,335,whole-call,0.9949664429530202,0.947,0.9059165858389913,0.9953333333333333,0,0
mixed-independent,335,joint-long-schema,0.9949664429530202,0.947,0.9059165858389913,0.9953333333333333,0,0
mixed-independent,336,field-average,0.9956502961500494,0.9543333333333334,0.9209756097560976,0.9965,1,0
mixed-independent,336,whole-call,0.9956502961500494,0.9543333333333334,0.9209756097560976,0.9965,1,0
mixed-independent,336,joint-long-schema,0.9956502961500494,0.9543333333333334,0.9209756097560976,0.9965,1,0
mixed-independent,337,field-average,0.9958700440528634,0.957,0.9129593810444874,0.9956666666666667,1,0
mixed-independent,337,whole-call,0.9958700440528634,0.957,0.9129593810444874,0.9956666666666667,1,0
mixed-independent,337,joint-long-schema,0.9958700440528634,0.957,0.9129593810444874,0.9956666666666667,1,0
mixed-independent,338,field-average,0.995241537164197,0.9506666666666667,0.9119266055045872,0.9955,1,0
mixed-independent,338,whole-call,0.995241537164197,0.9506666666666667,0.9119266055045872,0.9955,1,0
mixed-independent,338,joint-long-schema,0.995241537164197,0.9506666666666667,0.9119266055045872,0.9955,1,0
mixed-independent,339,field-average,0.9948544029938019,0.9433333333333334,0.8926961226330027,0.9951666666666666,1,1
mixed-independent,339,whole-call,0.9948544029938019,0.9433333333333334,0.8926961226330027,0.9951666666666666,0,0
mixed-independent,339,joint-long-schema,0.9948544029938019,0.9433333333333334,0.8926961226330027,0.9951666666666666,0,0
mixed-independent,340,field-average,0.995795482445372,0.9546666666666667,0.9245837414299706,0.9963333333333333,1,0
mixed-independent,340,whole-call,0.995795482445372,0.9546666666666667,0.9245837414299706,0.9963333333333333,1,0
mixed-independent,340,joint-long-schema,0.995795482445372,0.9546666666666667,0.9245837414299706,0.9963333333333333,1,0
mixed-independent,341,field-average,0.995105646412797,0.9486666666666667,0.9040835707502374,0.996,1,1
mixed-independent,341,whole-call,0.995105646412797,0.9486666666666667,0.9040835707502374,0.996,0,0
mixed-independent,341,joint-long-schema,0.995105646412797,0.9486666666666667,0.9040835707502374,0.996,0,0
mixed-independent,342,field-average,0.9953276699029127,0.951,0.9177820267686424,0.995,1,0
mixed-independent,342,whole-call,0.9953276699029127,0.951,0.9177820267686424,0.995,1,0
mixed-independent,342,joint-long-schema,0.9953276699029127,0.951,0.9177820267686424,0.995,1,0
mixed-independent,343,field-average,0.9947677232034842,0.945,0.901593252108716,0.996,1,1
mixed-independent,343,whole-call,0.9947677232034842,0.945,0.901593252108716,0.996,0,0
mixed-independent,343,joint-long-schema,0.9947677232034842,0.945,0.901593252108716,0.996,0,0
mixed-independent,344,field-average,0.9949348341232227,0.9473333333333334,0.9024163568773235,0.9946666666666667,1,1
mixed-independent,344,whole-call,0.9949348341232227,0.9473333333333334,0.9024163568773235,0.9946666666666667,0,0
mixed-independent,344,joint-long-schema,0.9949348341232227,0.9473333333333334,0.9024163568773235,0.9946666666666667,0,0
mixed-independent,345,field-average,0.9955008287946957,0.9513333333333334,0.9221611721611722,0.996,1,0
mixed-independent,345,whole-call,0.9955008287946957,0.9513333333333334,0.9221611721611722,0.996,1,0
mixed-independent,345,joint-long-schema,0.9955008287946957,0.9513333333333334,0.9221611721611722,0.996,1,0
mixed-independent,346,field-average,0.9955720440402106,0.952,0.9086538461538461,0.9971666666666666,1,0
mixed-independent,346,whole-call,0.9955720440402106,0.952,0.9086538461538461,0.9971666666666666,1,0
mixed-independent,346,joint-long-schema,0.9955720440402106,0.952,0.9086538461538461,0.9971666666666666,1,0
mixed-independent,347,field-average,0.9952984712448435,0.9506666666666667,0.9093539054966249,0.995,1,0
mixed-independent,347,whole-call,0.9952984712448435,0.9506666666666667,0.9093539054966249,0.995,1,0
mixed-independent,347,joint-long-schema,0.9952984712448435,0.9506666666666667,0.9093539054966249,0.995,1,0
mixed-independent,348,field-average,0.9960087082728593,0.9566666666666667,0.9185823754789272,0.9958333333333333,1,0
mixed-independent,348,whole-call,0.9960087082728593,0.9566666666666667,0.9185823754789272,0.9958333333333333,1,0
mixed-independent,348,joint-long-schema,0.9960087082728593,0.9566666666666667,0.9185823754789272,0.9958333333333333,1,0
mixed-independent,349,field-average,0.9952654920292461,0.9493333333333334,0.9083175803402647,0.9951666666666666,1,1
mixed-independent,349,whole-call,0.9952654920292461,0.9493333333333334,0.9083175803402647,0.9951666666666666,0,0
mixed-independent,349,joint-long-schema,0.9952654920292461,0.9493333333333334,0.9083175803402647,0.9951666666666666,0,0
mixed-independent,350,field-average,0.9960603873451221,0.9576666666666667,0.924812030075188,0.9958333333333333,1,0
mixed-independent,350,whole-call,0.9960603873451221,0.9576666666666667,0.924812030075188,0.9958333333333333,1,0
mixed-independent,350,joint-long-schema,0.9960603873451221,0.9576666666666667,0.924812030075188,0.9958333333333333,1,0
mixed-independent,351,field-average,0.996605122096486,0.964,0.931067044381492,0.9956666666666667,1,0
mixed-independent,351,whole-call,0.996605122096486,0.964,0.931067044381492,0.9956666666666667,1,0
mixed-independent,351,joint-long-schema,0.996605122096486,0.964,0.931067044381492,0.9956666666666667,1,0
mixed-independent,352,field-average,0.9954992798847816,0.954,0.9071969696969697,0.9965,1,0
mixed-independent,352,whole-call,0.9954992798847816,0.954,0.9071969696969697,0.9965,1,0
mixed-independent,352,joint-long-schema,0.9954992798847816,0.954,0.9071969696969697,0.9965,1,0
mixed-independent,353,field-average,0.99496336996337,0.9483333333333334,0.8955078125,0.9941666666666666,1,1
mixed-independent,353,whole-call,0.99496336996337,0.9483333333333334,0.8955078125,0.9941666666666666,0,0
mixed-independent,353,joint-long-schema,0.99496336996337,0.9483333333333334,0.8955078125,0.9941666666666666,0,0
mixed-independent,354,field-average,0.9954491725768322,0.951,0.9171270718232044,0.9941666666666666,1,0
mixed-independent,354,whole-call,0.9954491725768322,0.951,0.9171270718232044,0.9941666666666666,1,0
mixed-independent,354,joint-long-schema,0.9954491725768322,0.951,0.9171270718232044,0.9941666666666666,1,0
mixed-independent,355,field-average,0.9953336586556057,0.951,0.9117929050814957,0.9958333333333333,1,0
mixed-independent,355,whole-call,0.9953336586556057,0.951,0.9117929050814957,0.9958333333333333,1,0
mixed-independent,355,joint-long-schema,0.9953336586556057,0.951,0.9117929050814957,0.9958333333333333,1,0
mixed-independent,356,field-average,0.9955635491606715,0.952,0.9108818011257036,0.9956666666666667,1,0
mixed-independent,356,whole-call,0.9955635491606715,0.952,0.9108818011257036,0.9956666666666667,1,0
mixed-independent,356,joint-long-schema,0.9955635491606715,0.952,0.9108818011257036,0.9956666666666667,1,0
mixed-independent,357,field-average,0.9949776110371535,0.9476666666666667,0.9128014842300557,0.995,1,1
mixed-independent,357,whole-call,0.9949776110371535,0.9476666666666667,0.9128014842300557,0.995,0,0
mixed-independent,357,joint-long-schema,0.9949776110371535,0.9476666666666667,0.9128014842300557,0.995,0,0
mixed-independent,358,field-average,0.9956663388246865,0.9546666666666667,0.9152872444011685,0.9958333333333333,1,0
mixed-independent,358,whole-call,0.9956663388246865,0.9546666666666667,0.9152872444011685,0.9958333333333333,1,0
mixed-independent,358,joint-long-schema,0.9956663388246865,0.9546666666666667,0.9152872444011685,0.9958333333333333,1,0
mixed-independent,359,field-average,0.9955678006708194,0.952,0.9125939849624061,0.9948333333333333,1,0
mixed-independent,359,whole-call,0.9955678006708194,0.952,0.9125939849624061,0.9948333333333333,1,0
mixed-independent,359,joint-long-schema,0.9955678006708194,0.952,0.9125939849624061,0.9948333333333333,1,0
mixed-independent,360,field-average,0.9949904007679385,0.9483333333333334,0.8974600188146754,0.9958333333333333,1,1
mixed-independent,360,whole-call,0.9949904007679385,0.9483333333333334,0.8974600188146754,0.9958333333333333,0,0
mixed-independent,360,joint-long-schema,0.9949904007679385,0.9483333333333334,0.8974600188146754,0.9958333333333333,0,0
mixed-independent,361,field-average,0.9952007528230866,0.9496666666666667,0.9078014184397163,0.9953333333333333,1,1
mixed-independent,361,whole-call,0.9952007528230866,0.9496666666666667,0.9078014184397163,0.9953333333333333,0,0
mixed-independent,361,joint-long-schema,0.9952007528230866,0.9496666666666667,0.9078014184397163,0.9953333333333333,0,0
mixed-independent,362,field-average,0.9949522760646109,0.946,0.8879227053140096,0.9956666666666667,1,1
mixed-independent,362,whole-call,0.9949522760646109,0.946,0.8879227053140096,0.9956666666666667,0,0
mixed-independent,362,joint-long-schema,0.9949522760646109,0.946,0.8879227053140096,0.9956666666666667,0,0
mixed-independent,363,field-average,0.9959006653992395,0.9556666666666667,0.9265267175572519,0.9961666666666666,1,0
mixed-independent,363,whole-call,0.9959006653992395,0.9556666666666667,0.9265267175572519,0.9961666666666666,1,0
mixed-independent,363,joint-long-schema,0.9959006653992395,0.9556666666666667,0.9265267175572519,0.9961666666666666,1,0
mixed-independent,364,field-average,0.9954691784905211,0.9503333333333334,0.9116575591985429,0.9946666666666667,1,0
mixed-independent,364,whole-call,0.9954691784905211,0.9503333333333334,0.9116575591985429,0.9946666666666667,1,0
mixed-independent,364,joint-long-schema,0.9954691784905211,0.9503333333333334,0.9116575591985429,0.9946666666666667,1,0
mixed-independent,365,field-average,0.9952516619183286,0.9486666666666667,0.9096774193548387,0.995,1,1
mixed-independent,365,whole-call,0.9952516619183286,0.9486666666666667,0.9096774193548387,0.995,0,0
mixed-independent,365,joint-long-schema,0.9952516619183286,0.9486666666666667,0.9096774193548387,0.995,0,0
mixed-independent,366,field-average,0.9955651444324584,0.9526666666666667,0.9138405132905592,0.9956666666666667,1,0
mixed-independent,366,whole-call,0.9955651444324584,0.9526666666666667,0.9138405132905592,0.9956666666666667,1,0
mixed-independent,366,joint-long-schema,0.9955651444324584,0.9526666666666667,0.9138405132905592,0.9956666666666667,1,0
mixed-independent,367,field-average,0.9953115547489413,0.9506666666666667,0.9178470254957507,0.9953333333333333,1,0
mixed-independent,367,whole-call,0.9953115547489413,0.9506666666666667,0.9178470254957507,0.9953333333333333,1,0
mixed-independent,367,joint-long-schema,0.9953115547489413,0.9506666666666667,0.9178470254957507,0.9953333333333333,1,0
mixed-independent,368,field-average,0.9957632360217714,0.9573333333333334,0.9172346640701071,0.9968333333333333,1,0
mixed-independent,368,whole-call,0.9957632360217714,0.9573333333333334,0.9172346640701071,0.9968333333333333,1,0
mixed-independent,368,joint-long-schema,0.9957632360217714,0.9573333333333334,0.9172346640701071,0.9968333333333333,1,0
mixed-independent,369,field-average,0.9957006952067325,0.9553333333333334,0.9211538461538461,0.9966666666666667,1,0
mixed-independent,369,whole-call,0.9957006952067325,0.9553333333333334,0.9211538461538461,0.9966666666666667,1,0
mixed-independent,369,joint-long-schema,0.9957006952067325,0.9553333333333334,0.9211538461538461,0.9966666666666667,1,0
mixed-independent,370,field-average,0.9949692734064345,0.9456666666666667,0.9113573407202216,0.9943333333333333,1,1
mixed-independent,370,whole-call,0.9949692734064345,0.9456666666666667,0.9113573407202216,0.9943333333333333,0,0
mixed-independent,370,joint-long-schema,0.9949692734064345,0.9456666666666667,0.9113573407202216,0.9943333333333333,0,0
mixed-independent,371,field-average,0.9947504199664027,0.9426666666666667,0.8947849954254345,0.9948333333333333,1,1
mixed-independent,371,whole-call,0.9947504199664027,0.9426666666666667,0.8947849954254345,0.9948333333333333,0,0
mixed-independent,371,joint-long-schema,0.9947504199664027,0.9426666666666667,0.8947849954254345,0.9948333333333333,0,0
mixed-independent,372,field-average,0.9957947855340622,0.955,0.9172932330827067,0.9958333333333333,1,0
mixed-independent,372,whole-call,0.9957947855340622,0.955,0.9172932330827067,0.9958333333333333,1,0
mixed-independent,372,joint-long-schema,0.9957947855340622,0.955,0.9172932330827067,0.9958333333333333,1,0
mixed-independent,373,field-average,0.9956220357533747,0.9546666666666667,0.9193391642371235,0.9948333333333333,1,0
mixed-independent,373,whole-call,0.9956220357533747,0.9546666666666667,0.9193391642371235,0.9948333333333333,1,0
mixed-independent,373,joint-long-schema,0.9956220357533747,0.9546666666666667,0.9193391642371235,0.9948333333333333,1,0
mixed-independent,374,field-average,0.9954404577422815,0.9506666666666667,0.911487758945386,0.9948333333333333,1,0
mixed-independent,374,whole-call,0.9954404577422815,0.9506666666666667,0.911487758945386,0.9948333333333333,1,0
mixed-independent,374,joint-long-schema,0.9954404577422815,0.9506666666666667,0.911487758945386,0.9948333333333333,1,0
mixed-independent,375,field-average,0.9949258629071464,0.9453333333333334,0.8949858088930936,0.9945,1,1
mixed-independent,375,whole-call,0.9949258629071464,0.9453333333333334,0.8949858088930936,0.9945,0,0
mixed-independent,375,joint-long-schema,0.9949258629071464,0.9453333333333334,0.8949858088930936,0.9945,0,0
mixed-independent,376,field-average,0.9964651389566065,0.9626666666666667,0.9315332690453231,0.9963333333333333,1,0
mixed-independent,376,whole-call,0.9964651389566065,0.9626666666666667,0.9315332690453231,0.9963333333333333,1,0
mixed-independent,376,joint-long-schema,0.9964651389566065,0.9626666666666667,0.9315332690453231,0.9963333333333333,1,0
mixed-independent,377,field-average,0.9952876678575828,0.9493333333333334,0.9079333986287953,0.996,1,1
mixed-independent,377,whole-call,0.9952876678575828,0.9493333333333334,0.9079333986287953,0.996,0,0
mixed-independent,377,joint-long-schema,0.9952876678575828,0.9493333333333334,0.9079333986287953,0.996,0,0
mixed-independent,378,field-average,0.9953245656370656,0.952,0.904397705544933,0.9965,1,0
mixed-independent,378,whole-call,0.9953245656370656,0.952,0.904397705544933,0.9965,1,0
mixed-independent,378,joint-long-schema,0.9953245656370656,0.952,0.904397705544933,0.9965,1,0
mixed-independent,379,field-average,0.9954998783750912,0.951,0.9195509822263798,0.9941666666666666,1,0
mixed-independent,379,whole-call,0.9954998783750912,0.951,0.9195509822263798,0.9941666666666666,1,0
mixed-independent,379,joint-long-schema,0.9954998783750912,0.951,0.9195509822263798,0.9941666666666666,1,0
mixed-independent,380,field-average,0.9959095283926853,0.9556666666666667,0.9145299145299145,0.997,1,0
mixed-independent,380,whole-call,0.9959095283926853,0.9556666666666667,0.9145299145299145,0.997,1,0
mixed-independent,380,joint-long-schema,0.9959095283926853,0.9556666666666667,0.9145299145299145,0.997,1,0
mixed-independent,381,field-average,0.9953128804480156,0.9496666666666667,0.9057142857142857,0.9955,1,1
mixed-independent,381,whole-call,0.9953128804480156,0.9496666666666667,0.9057142857142857,0.9955,0,0
mixed-independent,381,joint-long-schema,0.9953128804480156,0.9496666666666667,0.9057142857142857,0.9955,0,0
mixed-independent,382,field-average,0.9950876573714554,0.9466666666666667,0.9030797101449275,0.9933333333333333,1,1
mixed-independent,382,whole-call,0.9950876573714554,0.9466666666666667,0.9030797101449275,0.9933333333333333,0,0
mixed-independent,382,joint-long-schema,0.9950876573714554,0.9466666666666667,0.9030797101449275,0.9933333333333333,0,0
mixed-independent,383,field-average,0.9952642374517374,0.9493333333333334,0.9,0.995,1,1
mixed-independent,383,whole-call,0.9952642374517374,0.9493333333333334,0.9,0.995,0,0
mixed-independent,383,joint-long-schema,0.9952642374517374,0.9493333333333334,0.9,0.995,0,0
mixed-independent,384,field-average,0.9955877162019061,0.952,0.9133211678832117,0.9963333333333333,1,0
mixed-independent,384,whole-call,0.9955877162019061,0.952,0.9133211678832117,0.9963333333333333,1,0
mixed-independent,384,joint-long-schema,0.9955877162019061,0.952,0.9133211678832117,0.9963333333333333,1,0
mixed-independent,385,field-average,0.9949528529980658,0.947,0.9114043355325165,0.9943333333333333,1,1
mixed-independent,385,whole-call,0.9949528529980658,0.947,0.9114043355325165,0.9943333333333333,0,0
mixed-independent,385,joint-long-schema,0.9949528529980658,0.947,0.9114043355325165,0.9943333333333333,0,0
mixed-independent,386,field-average,0.9951951951951952,0.9493333333333334,0.904147465437788,0.9958333333333333,1,1
mixed-independent,386,whole-call,0.9951951951951952,0.9493333333333334,0.904147465437788,0.9958333333333333,0,0
mixed-independent,386,joint-long-schema,0.9951951951951952,0.9493333333333334,0.904147465437788,0.9958333333333333,0,0
mixed-independent,387,field-average,0.9948822296214083,0.946,0.9046692607003891,0.9933333333333333,1,1
mixed-independent,387,whole-call,0.9948822296214083,0.946,0.9046692607003891,0.9933333333333333,0,0
mixed-independent,387,joint-long-schema,0.9948822296214083,0.946,0.9046692607003891,0.9933333333333333,0,0
mixed-independent,388,field-average,0.9956811451135242,0.9546666666666667,0.9175557710960233,0.9966666666666667,1,0
mixed-independent,388,whole-call,0.9956811451135242,0.9546666666666667,0.9175557710960233,0.9966666666666667,1,0
mixed-independent,388,joint-long-schema,0.9956811451135242,0.9546666666666667,0.9175557710960233,0.9966666666666667,1,0
mixed-independent,389,field-average,0.9961263769519428,0.959,0.926923076923077,0.9971666666666666,1,0
mixed-independent,389,whole-call,0.9961263769519428,0.959,0.926923076923077,0.9971666666666666,1,0
mixed-independent,389,joint-long-schema,0.9961263769519428,0.959,0.926923076923077,0.9971666666666666,1,0
mixed-independent,390,field-average,0.9952161802107303,0.9496666666666667,0.9095992544268406,0.9958333333333333,1,1
mixed-independent,390,whole-call,0.9952161802107303,0.9496666666666667,0.9095992544268406,0.9958333333333333,0,0
mixed-independent,390,joint-long-schema,0.9952161802107303,0.9496666666666667,0.9095992544268406,0.9958333333333333,0,0
mixed-independent,391,field-average,0.9953045842085753,0.9503333333333334,0.908203125,0.9948333333333333,1,0
mixed-independent,391,whole-call,0.9953045842085753,0.9503333333333334,0.908203125,0.9948333333333333,1,0
mixed-independent,391,joint-long-schema,0.9953045842085753,0.9503333333333334,0.908203125,0.9948333333333333,1,0
mixed-independent,392,field-average,0.995706455542022,0.9543333333333334,0.9099709583736689,0.9966666666666667,1,0
mixed-independent,392,whole-call,0.995706455542022,0.9543333333333334,0.9099709583736689,0.9966666666666667,1,0
mixed-independent,392,joint-long-schema,0.995706455542022,0.9543333333333334,0.9099709583736689,0.9966666666666667,1,0
mixed-independent,393,field-average,0.9957970488630866,0.9556666666666667,0.9144486692015209,0.9963333333333333,1,0
mixed-independent,393,whole-call,0.9957970488630866,0.9556666666666667,0.9144486692015209,0.9963333333333333,1,0
mixed-independent,393,joint-long-schema,0.9957970488630866,0.9556666666666667,0.9144486692015209,0.9963333333333333,1,0
mixed-independent,394,field-average,0.9956944273588387,0.9553333333333334,0.9119373776908023,0.996,1,0
mixed-independent,394,whole-call,0.9956944273588387,0.9553333333333334,0.9119373776908023,0.996,1,0
mixed-independent,394,joint-long-schema,0.9956944273588387,0.9553333333333334,0.9119373776908023,0.996,1,0
mixed-independent,395,field-average,0.9964358452138493,0.962,0.9334582942830365,0.997,1,0
mixed-independent,395,whole-call,0.9964358452138493,0.962,0.9334582942830365,0.997,1,0
mixed-independent,395,joint-long-schema,0.9964358452138493,0.962,0.9334582942830365,0.997,1,0
mixed-independent,396,field-average,0.9953075805279729,0.9523333333333334,0.9202226345083488,0.9955,1,0
mixed-independent,396,whole-call,0.9953075805279729,0.9523333333333334,0.9202226345083488,0.9955,1,0
mixed-independent,396,joint-long-schema,0.9953075805279729,0.9523333333333334,0.9202226345083488,0.9955,1,0
mixed-independent,397,field-average,0.9959667710089092,0.9576666666666667,0.9246704331450094,0.9951666666666666,1,0
mixed-independent,397,whole-call,0.9959667710089092,0.9576666666666667,0.9246704331450094,0.9951666666666666,1,0
mixed-independent,397,joint-long-schema,0.9959667710089092,0.9576666666666667,0.9246704331450094,0.9951666666666666,1,0
mixed-independent,398,field-average,0.9949397739972681,0.9463333333333334,0.9104186952288218,0.9935,1,1
mixed-independent,398,whole-call,0.9949397739972681,0.9463333333333334,0.9104186952288218,0.9935,0,0
mixed-independent,398,joint-long-schema,0.9949397739972681,0.9463333333333334,0.9104186952288218,0.9935,0,0
mixed-independent,399,field-average,0.9956458635703919,0.9543333333333334,0.9086584205518554,0.9951666666666666,1,0
mixed-independent,399,whole-call,0.9956458635703919,0.9543333333333334,0.9086584205518554,0.9951666666666666,1,0
mixed-independent,399,joint-long-schema,0.9956458635703919,0.9543333333333334,0.9086584205518554,0.9951666666666666,1,0
mixed-independent,400,field-average,0.9952383840834648,0.9476666666666667,0.9049904030710173,0.9948333333333333,1,1
mixed-independent,400,whole-call,0.9952383840834648,0.9476666666666667,0.9049904030710173,0.9948333333333333,0,0
mixed-independent,400,joint-long-schema,0.9952383840834648,0.9476666666666667,0.9049904030710173,0.9948333333333333,0,0
mixed-independent,401,field-average,0.9952563948600937,0.9483333333333334,0.9025304592314901,0.9946666666666667,1,1
mixed-independent,401,whole-call,0.9952563948600937,0.9483333333333334,0.9025304592314901,0.9946666666666667,0,0
mixed-independent,401,joint-long-schema,0.9952563948600937,0.9483333333333334,0.9025304592314901,0.9946666666666667,0,0
mixed-independent,402,field-average,0.9954881050041017,0.9503333333333334,0.9069124423963134,0.9955,1,0
mixed-independent,402,whole-call,0.9954881050041017,0.9503333333333334,0.9069124423963134,0.9955,1,0
mixed-independent,402,joint-long-schema,0.9954881050041017,0.9503333333333334,0.9069124423963134,0.9955,1,0
mixed-independent,403,field-average,0.9958692746932329,0.9556666666666667,0.9261036468330134,0.9958333333333333,1,0
mixed-independent,403,whole-call,0.9958692746932329,0.9556666666666667,0.9261036468330134,0.9958333333333333,1,0
mixed-independent,403,joint-long-schema,0.9958692746932329,0.9556666666666667,0.9261036468330134,0.9958333333333333,1,0
mixed-independent,404,field-average,0.9956059488692232,0.9543333333333334,0.912621359223301,0.9943333333333333,1,0
mixed-independent,404,whole-call,0.9956059488692232,0.9543333333333334,0.912621359223301,0.9943333333333333,1,0
mixed-independent,404,joint-long-schema,0.9956059488692232,0.9543333333333334,0.912621359223301,0.9943333333333333,1,0
mixed-independent,405,field-average,0.9957333810717269,0.9543333333333334,0.922077922077922,0.9958333333333333,1,0
mixed-independent,405,whole-call,0.9957333810717269,0.9543333333333334,0.922077922077922,0.9958333333333333,1,0
mixed-independent,405,joint-long-schema,0.9957333810717269,0.9543333333333334,0.922077922077922,0.9958333333333333,1,0
mixed-independent,406,field-average,0.9959611332240693,0.9556666666666667,0.9206773618538324,0.9958333333333333,1,0
mixed-independent,406,whole-call,0.9959611332240693,0.9556666666666667,0.9206773618538324,0.9958333333333333,1,0
mixed-independent,406,joint-long-schema,0.9959611332240693,0.9556666666666667,0.9206773618538324,0.9958333333333333,1,0
mixed-independent,407,field-average,0.995524987986545,0.9513333333333334,0.9106302916274694,0.9946666666666667,1,0
mixed-independent,407,whole-call,0.995524987986545,0.9513333333333334,0.9106302916274694,0.9946666666666667,1,0
mixed-independent,407,joint-long-schema,0.995524987986545,0.9513333333333334,0.9106302916274694,0.9946666666666667,1,0
mixed-independent,408,field-average,0.9955318624429927,0.954,0.9082751744765702,0.9958333333333333,1,0
mixed-independent,408,whole-call,0.9955318624429927,0.954,0.9082751744765702,0.9958333333333333,1,0
mixed-independent,408,joint-long-schema,0.9955318624429927,0.954,0.9082751744765702,0.9958333333333333,1,0
mixed-independent,409,field-average,0.9955033800096572,0.952,0.9063670411985019,0.9955,1,0
mixed-independent,409,whole-call,0.9955033800096572,0.952,0.9063670411985019,0.9955,1,0
mixed-independent,409,joint-long-schema,0.9955033800096572,0.952,0.9063670411985019,0.9955,1,0
mixed-independent,410,field-average,0.9955308281649033,0.9536666666666667,0.9176136363636364,0.9958333333333333,1,0
mixed-independent,410,whole-call,0.9955308281649033,0.9536666666666667,0.9176136363636364,0.9958333333333333,1,0
mixed-independent,410,joint-long-schema,0.9955308281649033,0.9536666666666667,0.9176136363636364,0.9958333333333333,1,0
mixed-independent,411,field-average,0.9955508474576271,0.9523333333333334,0.9154135338345865,0.9955,1,0
mixed-independent,411,whole-call,0.9955508474576271,0.9523333333333334,0.9154135338345865,0.9955,1,0
mixed-independent,411,joint-long-schema,0.9955508474576271,0.9523333333333334,0.9154135338345865,0.9955,1,0
mixed-independent,412,field-average,0.9949004224502113,0.9456666666666667,0.9065510597302505,0.9941666666666666,1,1
mixed-independent,412,whole-call,0.9949004224502113,0.9456666666666667,0.9065510597302505,0.9941666666666666,0,0
mixed-independent,412,joint-long-schema,0.9949004224502113,0.9456666666666667,0.9065510597302505,0.9941666666666666,0,0
mixed-independent,413,field-average,0.9947399880454274,0.943,0.8813084112149533,0.9953333333333333,1,1
mixed-independent,413,whole-call,0.9947399880454274,0.943,0.8813084112149533,0.9953333333333333,0,0
mixed-independent,413,joint-long-schema,0.9947399880454274,0.943,0.8813084112149533,0.9953333333333333,0,0
mixed-independent,414,field-average,0.995114976766353,0.948,0.9069767441860465,0.995,1,1
mixed-independent,414,whole-call,0.995114976766353,0.948,0.9069767441860465,0.995,0,0
mixed-independent,414,joint-long-schema,0.995114976766353,0.948,0.9069767441860465,0.995,0,0
mixed-independent,415,field-average,0.995191726140075,0.9493333333333334,0.903558052434457,0.9956666666666667,1,1
mixed-independent,415,whole-call,0.995191726140075,0.9493333333333334,0.903558052434457,0.9956666666666667,0,0
mixed-independent,415,joint-long-schema,0.995191726140075,0.9493333333333334,0.903558052434457,0.9956666666666667,0,0
mixed-independent,416,field-average,0.9950703378622099,0.948,0.9053537284894837,0.9956666666666667,1,1
mixed-independent,416,whole-call,0.9950703378622099,0.948,0.9053537284894837,0.9956666666666667,0,0
mixed-independent,416,joint-long-schema,0.9950703378622099,0.948,0.9053537284894837,0.9956666666666667,0,0
mixed-independent,417,field-average,0.9955722486869427,0.954,0.9067961165048544,0.9953333333333333,1,0
mixed-independent,417,whole-call,0.9955722486869427,0.954,0.9067961165048544,0.9953333333333333,1,0
mixed-independent,417,joint-long-schema,0.9955722486869427,0.954,0.9067961165048544,0.9953333333333333,1,0
mixed-independent,418,field-average,0.9958534290083519,0.9556666666666667,0.9174887892376682,0.9955,1,0
mixed-independent,418,whole-call,0.9958534290083519,0.9556666666666667,0.9174887892376682,0.9955,1,0
mixed-independent,418,joint-long-schema,0.9958534290083519,0.9556666666666667,0.9174887892376682,0.9955,1,0
mixed-independent,419,field-average,0.9954153182308522,0.9503333333333334,0.9072164948453608,0.9956666666666667,1,0
mixed-independent,419,whole-call,0.9954153182308522,0.9503333333333334,0.9072164948453608,0.9956666666666667,1,0
mixed-independent,419,joint-long-schema,0.9954153182308522,0.9503333333333334,0.9072164948453608,0.9956666666666667,1,0
mixed-independent,420,field-average,0.9957333663121445,0.9556666666666667,0.9132602193419741,0.9951666666666666,1,0
mixed-independent,420,whole-call,0.9957333663121445,0.9556666666666667,0.9132602193419741,0.9951666666666666,1,0
mixed-independent,420,joint-long-schema,0.9957333663121445,0.9556666666666667,0.9132602193419741,0.9951666666666666,1,0
mixed-independent,421,field-average,0.9951178852107645,0.9486666666666667,0.908411214953271,0.9953333333333333,1,1
mixed-independent,421,whole-call,0.9951178852107645,0.9486666666666667,0.908411214953271,0.9953333333333333,0,0
mixed-independent,421,joint-long-schema,0.9951178852107645,0.9486666666666667,0.908411214953271,0.9953333333333333,0,0
mixed-independent,422,field-average,0.9952027516292542,0.9486666666666667,0.9084041548630784,0.9955,1,1
mixed-independent,422,whole-call,0.9952027516292542,0.9486666666666667,0.9084041548630784,0.9955,0,0
mixed-independent,422,joint-long-schema,0.9952027516292542,0.9486666666666667,0.9084041548630784,0.9955,0,0
mixed-independent,423,field-average,0.9953919882034898,0.9513333333333334,0.9284313725490196,0.9928333333333333,1,0
mixed-independent,423,whole-call,0.9953919882034898,0.9513333333333334,0.9284313725490196,0.9928333333333333,1,0
mixed-independent,423,joint-long-schema,0.9953919882034898,0.9513333333333334,0.9284313725490196,0.9928333333333333,1,0
mixed-independent,424,field-average,0.996083004425308,0.9576666666666667,0.9245107176141659,0.996,1,0
mixed-independent,424,whole-call,0.996083004425308,0.9576666666666667,0.9245107176141659,0.996,1,0
mixed-independent,424,joint-long-schema,0.996083004425308,0.9576666666666667,0.9245107176141659,0.996,1,0
mixed-independent,425,field-average,0.9958079741647,0.9563333333333334,0.9197651663405088,0.9963333333333333,1,0
mixed-independent,425,whole-call,0.9958079741647,0.9563333333333334,0.9197651663405088,0.9963333333333333,1,0
mixed-independent,425,joint-long-schema,0.9958079741647,0.9563333333333334,0.9197651663405088,0.9963333333333333,1,0
mixed-independent,426,field-average,0.9958462825723166,0.955,0.9166666666666666,0.997,1,0
mixed-independent,426,whole-call,0.9958462825723166,0.955,0.9166666666666666,0.997,1,0
mixed-independent,426,joint-long-schema,0.9958462825723166,0.955,0.9166666666666666,0.997,1,0
mixed-independent,427,field-average,0.9954966070326958,0.953,0.9159335288367546,0.9961666666666666,1,0
mixed-independent,427,whole-call,0.9954966070326958,0.953,0.9159335288367546,0.9961666666666666,1,0
mixed-independent,427,joint-long-schema,0.9954966070326958,0.953,0.9159335288367546,0.9961666666666666,1,0
mixed-independent,428,field-average,0.9948045086297992,0.9433333333333334,0.8996383363471971,0.9941666666666666,1,1
mixed-independent,428,whole-call,0.9948045086297992,0.9433333333333334,0.8996383363471971,0.9941666666666666,0,0
mixed-independent,428,joint-long-schema,0.9948045086297992,0.9433333333333334,0.8996383363471971,0.9941666666666666,0,0
mixed-independent,429,field-average,0.9958262247136241,0.9566666666666667,0.9115969581749049,0.9961666666666666,1,0
mixed-independent,429,whole-call,0.9958262247136241,0.9566666666666667,0.9115969581749049,0.9961666666666666,1,0
mixed-independent,429,joint-long-schema,0.9958262247136241,0.9566666666666667,0.9115969581749049,0.9961666666666666,1,0
mixed-independent,430,field-average,0.9952492668621701,0.9476666666666667,0.9047619047619048,0.9955,1,1
mixed-independent,430,whole-call,0.9952492668621701,0.9476666666666667,0.9047619047619048,0.9955,0,0
mixed-independent,430,joint-long-schema,0.9952492668621701,0.9476666666666667,0.9047619047619048,0.9955,0,0
mixed-independent,431,field-average,0.99538903139123,0.952,0.9089165867689357,0.9958333333333333,1,0
mixed-independent,431,whole-call,0.99538903139123,0.952,0.9089165867689357,0.9958333333333333,1,0
mixed-independent,431,joint-long-schema,0.99538903139123,0.952,0.9089165867689357,0.9958333333333333,1,0
mixed-independent,432,field-average,0.9949940405244339,0.9473333333333334,0.9010175763182239,0.996,1,1
mixed-independent,432,whole-call,0.9949940405244339,0.9473333333333334,0.9010175763182239,0.996,0,0
mixed-independent,432,joint-long-schema,0.9949940405244339,0.9473333333333334,0.9010175763182239,0.996,0,0
mixed-independent,433,field-average,0.9952090070667146,0.9493333333333334,0.9065420560747663,0.9961666666666666,1,1
mixed-independent,433,whole-call,0.9952090070667146,0.9493333333333334,0.9065420560747663,0.9961666666666666,0,0
mixed-independent,433,joint-long-schema,0.9952090070667146,0.9493333333333334,0.9065420560747663,0.9961666666666666,0,0
mixed-independent,434,field-average,0.9958781362007169,0.9556666666666667,0.915651358950328,0.9956666666666667,1,0
mixed-independent,434,whole-call,0.9958781362007169,0.9556666666666667,0.915651358950328,0.9956666666666667,1,0
mixed-independent,434,joint-long-schema,0.9958781362007169,0.9556666666666667,0.915651358950328,0.9956666666666667,1,0
mixed-independent,435,field-average,0.9948772933047415,0.944,0.902803738317757,0.9951666666666666,1,1
mixed-independent,435,whole-call,0.9948772933047415,0.944,0.902803738317757,0.9951666666666666,0,0
mixed-independent,435,joint-long-schema,0.9948772933047415,0.944,0.902803738317757,0.9951666666666666,0,0
mixed-independent,436,field-average,0.9957848131974769,0.9556666666666667,0.9186915887850468,0.9951666666666666,1,0
mixed-independent,436,whole-call,0.9957848131974769,0.9556666666666667,0.9186915887850468,0.9951666666666666,1,0
mixed-independent,436,joint-long-schema,0.9957848131974769,0.9556666666666667,0.9186915887850468,0.9951666666666666,1,0
mixed-independent,437,field-average,0.9953785993601137,0.951,0.9177449168207024,0.9941666666666666,1,0
mixed-independent,437,whole-call,0.9953785993601137,0.951,0.9177449168207024,0.9941666666666666,1,0
mixed-independent,437,joint-long-schema,0.9953785993601137,0.951,0.9177449168207024,0.9941666666666666,1,0
mixed-independent,438,field-average,0.9954809954190913,0.954,0.9083743842364532,0.9965,1,0
mixed-independent,438,whole-call,0.9954809954190913,0.954,0.9083743842364532,0.9965,1,0
mixed-independent,438,joint-long-schema,0.9954809954190913,0.954,0.9083743842364532,0.9965,1,0
mixed-independent,439,field-average,0.9951318708405226,0.9496666666666667,0.906813627254509,0.9948333333333333,1,1
mixed-independent,439,whole-call,0.9951318708405226,0.9496666666666667,0.906813627254509,0.9948333333333333,0,0
mixed-independent,439,joint-long-schema,0.9951318708405226,0.9496666666666667,0.906813627254509,0.9948333333333333,0,0
mixed-independent,440,field-average,0.9957642393655372,0.954,0.9176800748362957,0.9953333333333333,1,0
mixed-independent,440,whole-call,0.9957642393655372,0.954,0.9176800748362957,0.9953333333333333,1,0
mixed-independent,440,joint-long-schema,0.9957642393655372,0.954,0.9176800748362957,0.9953333333333333,1,0
mixed-independent,441,field-average,0.9951210697506324,0.9473333333333334,0.9120982986767486,0.9936666666666667,1,1
mixed-independent,441,whole-call,0.9951210697506324,0.9473333333333334,0.9120982986767486,0.9936666666666667,0,0
mixed-independent,441,joint-long-schema,0.9951210697506324,0.9473333333333334,0.9120982986767486,0.9936666666666667,0,0
mixed-independent,442,field-average,0.9955439459127228,0.9526666666666667,0.9177570093457944,0.9951666666666666,1,0
mixed-independent,442,whole-call,0.9955439459127228,0.9526666666666667,0.9177570093457944,0.9951666666666666,1,0
mixed-independent,442,joint-long-schema,0.9955439459127228,0.9526666666666667,0.9177570093457944,0.9951666666666666,1,0
mixed-independent,443,field-average,0.995442057942058,0.9526666666666667,0.9141414141414141,0.9965,1,0
mixed-independent,443,whole-call,0.995442057942058,0.9526666666666667,0.9141414141414141,0.9965,1,0
mixed-independent,443,joint-long-schema,0.995442057942058,0.9526666666666667,0.9141414141414141,0.9965,1,0
mixed-independent,444,field-average,0.9958817829457365,0.955,0.9173003802281369,0.997,1,0
mixed-independent,444,whole-call,0.9958817829457365,0.955,0.9173003802281369,0.997,1,0
mixed-independent,444,joint-long-schema,0.9958817829457365,0.955,0.9173003802281369,0.997,1,0
mixed-independent,445,field-average,0.9951215132287801,0.948,0.9056244041944709,0.9953333333333333,1,1
mixed-independent,445,whole-call,0.9951215132287801,0.948,0.9056244041944709,0.9953333333333333,0,0
mixed-independent,445,joint-long-schema,0.9951215132287801,0.948,0.9056244041944709,0.9953333333333333,0,0
mixed-independent,446,field-average,0.9957186544342508,0.955,0.9203454894433781,0.996,1,0
mixed-independent,446,whole-call,0.9957186544342508,0.955,0.9203454894433781,0.996,1,0
mixed-independent,446,joint-long-schema,0.9957186544342508,0.955,0.9203454894433781,0.996,1,0
mixed-independent,447,field-average,0.9955417537818226,0.9536666666666667,0.9092682926829269,0.9955,1,0
mixed-independent,447,whole-call,0.9955417537818226,0.9536666666666667,0.9092682926829269,0.9955,1,0
mixed-independent,447,joint-long-schema,0.9955417537818226,0.9536666666666667,0.9092682926829269,0.9955,1,0
mixed-independent,448,field-average,0.995208740234375,0.9493333333333334,0.9068673565380997,0.9955,1,1
mixed-independent,448,whole-call,0.995208740234375,0.9493333333333334,0.9068673565380997,0.9955,0,0
mixed-independent,448,joint-long-schema,0.995208740234375,0.9493333333333334,0.9068673565380997,0.9955,0,0
mixed-independent,449,field-average,0.9956009986921888,0.9523333333333334,0.9069124423963134,0.9948333333333333,1,0
mixed-independent,449,whole-call,0.9956009986921888,0.9523333333333334,0.9069124423963134,0.9948333333333333,1,0
mixed-independent,449,joint-long-schema,0.9956009986921888,0.9523333333333334,0.9069124423963134,0.9948333333333333,1,0
mixed-independent,450,field-average,0.995006016847172,0.9466666666666667,0.8995260663507109,0.996,1,1
mixed-independent,450,whole-call,0.995006016847172,0.9466666666666667,0.8995260663507109,0.996,0,0
mixed-independent,450,joint-long-schema,0.995006016847172,0.9466666666666667,0.8995260663507109,0.996,0,0
mixed-independent,451,field-average,0.9949324324324325,0.947,0.901846452866861,0.9953333333333333,1,1
mixed-independent,451,whole-call,0.9949324324324325,0.947,0.901846452866861,0.9953333333333333,0,0
mixed-independent,451,joint-long-schema,0.9949324324324325,0.947,0.901846452866861,0.9953333333333333,0,0
mixed-independent,452,field-average,0.9955868320610687,0.9513333333333334,0.9019792648444863,0.996,1,0
mixed-independent,452,whole-call,0.9955868320610687,0.9513333333333334,0.9019792648444863,0.996,1,0
mixed-independent,452,joint-long-schema,0.9955868320610687,0.9513333333333334,0.9019792648444863,0.996,1,0
mixed-independent,453,field-average,0.9955143173159641,0.9523333333333334,0.9025096525096525,0.9953333333333333,1,0
mixed-independent,453,whole-call,0.9955143173159641,0.9523333333333334,0.9025096525096525,0.9953333333333333,1,0
mixed-independent,453,joint-long-schema,0.9955143173159641,0.9523333333333334,0.9025096525096525,0.9953333333333333,1,0
mixed-independent,454,field-average,0.9954681872749099,0.9523333333333334,0.908411214953271,0.9958333333333333,1,0
mixed-independent,454,whole-call,0.9954681872749099,0.9523333333333334,0.908411214953271,0.9958333333333333,1,0
mixed-independent,454,joint-long-schema,0.9954681872749099,0.9523333333333334,0.908411214953271,0.9958333333333333,1,0
mixed-independent,455,field-average,0.9952253855278766,0.949,0.9088372093023256,0.9966666666666667,1,1
mixed-independent,455,whole-call,0.9952253855278766,0.949,0.9088372093023256,0.9966666666666667,0,0
mixed-independent,455,joint-long-schema,0.9952253855278766,0.949,0.9088372093023256,0.9966666666666667,0,0
mixed-independent,456,field-average,0.994953463072646,0.946,0.9017013232514177,0.9946666666666667,1,1
mixed-independent,456,whole-call,0.994953463072646,0.946,0.9017013232514177,0.9946666666666667,0,0
mixed-independent,456,joint-long-schema,0.994953463072646,0.946,0.9017013232514177,0.9946666666666667,0,0
mixed-independent,457,field-average,0.9956907165722728,0.9543333333333334,0.9138431752178122,0.9966666666666667,1,0
mixed-independent,457,whole-call,0.9956907165722728,0.9543333333333334,0.9138431752178122,0.9966666666666667,1,0
mixed-independent,457,joint-long-schema,0.9956907165722728,0.9543333333333334,0.9138431752178122,0.9966666666666667,1,0
mixed-independent,458,field-average,0.9961594732991953,0.9596666666666667,0.9234404536862004,0.9961666666666666,1,0
mixed-independent,458,whole-call,0.9961594732991953,0.9596666666666667,0.9234404536862004,0.9961666666666666,1,0
mixed-independent,458,joint-long-schema,0.9961594732991953,0.9596666666666667,0.9234404536862004,0.9961666666666666,1,0
mixed-independent,459,field-average,0.9954660863257163,0.952,0.9191729323308271,0.9938333333333333,1,0
mixed-independent,459,whole-call,0.9954660863257163,0.952,0.9191729323308271,0.9938333333333333,1,0
mixed-independent,459,joint-long-schema,0.9954660863257163,0.952,0.9191729323308271,0.9938333333333333,1,0
mixed-independent,460,field-average,0.9954753935787778,0.953,0.9062801932367149,0.9971666666666666,1,0
mixed-independent,460,whole-call,0.9954753935787778,0.953,0.9062801932367149,0.9971666666666666,1,0
mixed-independent,460,joint-long-schema,0.9954753935787778,0.953,0.9062801932367149,0.9971666666666666,1,0
mixed-independent,461,field-average,0.9957228400342173,0.9546666666666667,0.9138099902056807,0.9966666666666667,1,0
mixed-independent,461,whole-call,0.9957228400342173,0.9546666666666667,0.9138099902056807,0.9966666666666667,1,0
mixed-independent,461,joint-long-schema,0.9957228400342173,0.9546666666666667,0.9138099902056807,0.9966666666666667,1,0
mixed-independent,462,field-average,0.9957153275799198,0.955,0.9127906976744186,0.9956666666666667,1,0
mixed-independent,462,whole-call,0.9957153275799198,0.955,0.9127906976744186,0.9956666666666667,1,0
mixed-independent,462,joint-long-schema,0.9957153275799198,0.955,0.9127906976744186,0.9956666666666667,1,0
mixed-independent,463,field-average,0.9954056341433926,0.9513333333333334,0.9117100371747212,0.9955,1,0
mixed-independent,463,whole-call,0.9954056341433926,0.9513333333333334,0.9117100371747212,0.9955,1,0
mixed-independent,463,joint-long-schema,0.9954056341433926,0.9513333333333334,0.9117100371747212,0.9955,1,0
mixed-independent,464,field-average,0.995041122399613,0.9473333333333334,0.9053537284894837,0.9945,1,1
mixed-independent,464,whole-call,0.995041122399613,0.9473333333333334,0.9053537284894837,0.9945,0,0
mixed-independent,464,joint-long-schema,0.995041122399613,0.9473333333333334,0.9053537284894837,0.9945,0,0
mixed-independent,465,field-average,0.9951310632043117,0.95,0.9104908565928778,0.9941666666666666,1,0
mixed-independent,465,whole-call,0.9951310632043117,0.95,0.9104908565928778,0.9941666666666666,1,0
mixed-independent,465,joint-long-schema,0.9951310632043117,0.95,0.9104908565928778,0.9941666666666666,1,0
mixed-independent,466,field-average,0.9953058752271351,0.9516666666666667,0.908133971291866,0.9963333333333333,1,0
mixed-independent,466,whole-call,0.9953058752271351,0.9516666666666667,0.908133971291866,0.9963333333333333,1,0
mixed-independent,466,joint-long-schema,0.9953058752271351,0.9516666666666667,0.908133971291866,0.9963333333333333,1,0
mixed-independent,467,field-average,0.9952625712162497,0.9506666666666667,0.8980582524271845,0.9951666666666666,1,0
mixed-independent,467,whole-call,0.9952625712162497,0.9506666666666667,0.8980582524271845,0.9951666666666666,1,0
mixed-independent,467,joint-long-schema,0.9952625712162497,0.9506666666666667,0.8980582524271845,0.9951666666666666,0,0
mixed-independent,468,field-average,0.9954673526889624,0.9526666666666667,0.9076034648700674,0.9948333333333333,1,0
mixed-independent,468,whole-call,0.9954673526889624,0.9526666666666667,0.9076034648700674,0.9948333333333333,1,0
mixed-independent,468,joint-long-schema,0.9954673526889624,0.9526666666666667,0.9076034648700674,0.9948333333333333,1,0
mixed-independent,469,field-average,0.995302460904352,0.9506666666666667,0.9043478260869565,0.9963333333333333,1,0
mixed-independent,469,whole-call,0.995302460904352,0.9506666666666667,0.9043478260869565,0.9963333333333333,1,0
mixed-independent,469,joint-long-schema,0.995302460904352,0.9506666666666667,0.9043478260869565,0.9963333333333333,1,0
mixed-independent,470,field-average,0.9957525003012411,0.9556666666666667,0.9168207024029574,0.9965,1,0
mixed-independent,470,whole-call,0.9957525003012411,0.9556666666666667,0.9168207024029574,0.9965,1,0
mixed-independent,470,joint-long-schema,0.9957525003012411,0.9556666666666667,0.9168207024029574,0.9965,1,0
mixed-independent,471,field-average,0.9955308938212357,0.9513333333333334,0.9181731684110371,0.9956666666666667,1,0
mixed-independent,471,whole-call,0.9955308938212357,0.9513333333333334,0.9181731684110371,0.9956666666666667,1,0
mixed-independent,471,joint-long-schema,0.9955308938212357,0.9513333333333334,0.9181731684110371,0.9956666666666667,1,0
mixed-independent,472,field-average,0.9954957642286123,0.9506666666666667,0.9062792877225867,0.996,1,0
mixed-independent,472,whole-call,0.9954957642286123,0.9506666666666667,0.9062792877225867,0.996,1,0
mixed-independent,472,joint-long-schema,0.9954957642286123,0.9506666666666667,0.9062792877225867,0.996,1,0
mixed-independent,473,field-average,0.9953037688740934,0.9503333333333334,0.9072543617998163,0.9935,1,0
mixed-independent,473,whole-call,0.9953037688740934,0.9503333333333334,0.9072543617998163,0.9935,1,0
mixed-independent,473,joint-long-schema,0.9953037688740934,0.9503333333333334,0.9072543617998163,0.9935,1,0
mixed-independent,474,field-average,0.9958538637183031,0.9553333333333334,0.9190207156308852,0.9963333333333333,1,0
mixed-independent,474,whole-call,0.9958538637183031,0.9553333333333334,0.9190207156308852,0.9963333333333333,1,0
mixed-independent,474,joint-long-schema,0.9958538637183031,0.9553333333333334,0.9190207156308852,0.9963333333333333,1,0
mixed-independent,475,field-average,0.9952766115090146,0.9503333333333334,0.9062801932367149,0.9956666666666667,1,0
mixed-independent,475,whole-call,0.9952766115090146,0.9503333333333334,0.9062801932367149,0.9956666666666667,1,0
mixed-independent,475,joint-long-schema,0.9952766115090146,0.9503333333333334,0.9062801932367149,0.9956666666666667,1,0
mixed-independent,476,field-average,0.9950172025151264,0.9473333333333334,0.9044995408631772,0.9943333333333333,1,1
mixed-independent,476,whole-call,0.9950172025151264,0.9473333333333334,0.9044995408631772,0.9943333333333333,0,0
mixed-independent,476,joint-long-schema,0.9950172025151264,0.9473333333333334,0.9044995408631772,0.9943333333333333,0,0
mixed-independent,477,field-average,0.9953859583489213,0.9526666666666667,0.8997050147492626,0.9975,1,0
mixed-independent,477,whole-call,0.9953859583489213,0.9526666666666667,0.8997050147492626,0.9975,1,0
mixed-independent,477,joint-long-schema,0.9953859583489213,0.9526666666666667,0.8997050147492626,0.9975,0,0
mixed-independent,478,field-average,0.9952997516849946,0.9486666666666667,0.9018348623853211,0.9951666666666666,1,1
mixed-independent,478,whole-call,0.9952997516849946,0.9486666666666667,0.9018348623853211,0.9951666666666666,0,0
mixed-independent,478,joint-long-schema,0.9952997516849946,0.9486666666666667,0.9018348623853211,0.9951666666666666,0,0
mixed-independent,479,field-average,0.995205318272738,0.9483333333333334,0.9018348623853211,0.9955,1,1
mixed-independent,479,whole-call,0.995205318272738,0.9483333333333334,0.9018348623853211,0.9955,0,0
mixed-independent,479,joint-long-schema,0.995205318272738,0.9483333333333334,0.9018348623853211,0.9955,0,0
mixed-independent,480,field-average,0.9952121212121212,0.95,0.9043151969981238,0.995,1,0
mixed-independent,480,whole-call,0.9952121212121212,0.95,0.9043151969981238,0.995,1,0
mixed-independent,480,joint-long-schema,0.9952121212121212,0.95,0.9043151969981238,0.995,1,0
mixed-independent,481,field-average,0.9949494949494949,0.9466666666666667,0.8954671600370028,0.994,1,1
mixed-independent,481,whole-call,0.9949494949494949,0.9466666666666667,0.8954671600370028,0.994,0,0
mixed-independent,481,joint-long-schema,0.9949494949494949,0.9466666666666667,0.8954671600370028,0.994,0,0
mixed-independent,482,field-average,0.9952841744243018,0.9513333333333334,0.905458089668616,0.9961666666666666,1,0
mixed-independent,482,whole-call,0.9952841744243018,0.9513333333333334,0.905458089668616,0.9961666666666666,1,0
mixed-independent,482,joint-long-schema,0.9952841744243018,0.9513333333333334,0.905458089668616,0.9961666666666666,1,0
mixed-independent,483,field-average,0.9956545857988166,0.953,0.9193706981317601,0.9951666666666666,1,0
mixed-independent,483,whole-call,0.9956545857988166,0.953,0.9193706981317601,0.9951666666666666,1,0
mixed-independent,483,joint-long-schema,0.9956545857988166,0.953,0.9193706981317601,0.9951666666666666,1,0
mixed-independent,484,field-average,0.9951114820555622,0.947,0.8982423681776133,0.9955,1,1
mixed-independent,484,whole-call,0.9951114820555622,0.947,0.8982423681776133,0.9955,0,0
mixed-independent,484,joint-long-schema,0.9951114820555622,0.947,0.8982423681776133,0.9955,0,0
mixed-independent,485,field-average,0.9954881298449613,0.9516666666666667,0.9093457943925234,0.9953333333333333,1,0
mixed-independent,485,whole-call,0.9954881298449613,0.9516666666666667,0.9093457943925234,0.9953333333333333,1,0
mixed-independent,485,joint-long-schema,0.9954881298449613,0.9516666666666667,0.9093457943925234,0.9953333333333333,1,0
mixed-independent,486,field-average,0.995078031212485,0.9473333333333334,0.9152233363719234,0.993,1,1
mixed-independent,486,whole-call,0.995078031212485,0.9473333333333334,0.9152233363719234,0.993,0,0
mixed-independent,486,joint-long-schema,0.995078031212485,0.9473333333333334,0.9152233363719234,0.993,0,0
mixed-independent,487,field-average,0.9948910501046412,0.948,0.887144259077527,0.9968333333333333,1,1
mixed-independent,487,whole-call,0.9948910501046412,0.948,0.887144259077527,0.9968333333333333,0,0
mixed-independent,487,joint-long-schema,0.9948910501046412,0.948,0.887144259077527,0.9968333333333333,0,0
mixed-independent,488,field-average,0.9956425678163742,0.9543333333333334,0.9127061105722599,0.9963333333333333,1,0
mixed-independent,488,whole-call,0.9956425678163742,0.9543333333333334,0.9127061105722599,0.9963333333333333,1,0
mixed-independent,488,joint-long-schema,0.9956425678163742,0.9543333333333334,0.9127061105722599,0.9963333333333333,1,0
mixed-independent,489,field-average,0.9956439624710612,0.9543333333333334,0.9215311004784689,0.995,1,0
mixed-independent,489,whole-call,0.9956439624710612,0.9543333333333334,0.9215311004784689,0.995,1,0
mixed-independent,489,joint-long-schema,0.9956439624710612,0.9543333333333334,0.9215311004784689,0.995,1,0
mixed-independent,490,field-average,0.9955147240781985,0.954,0.9111776447105788,0.9965,1,0
mixed-independent,490,whole-call,0.9955147240781985,0.954,0.9111776447105788,0.9965,1,0
mixed-independent,490,joint-long-schema,0.9955147240781985,0.954,0.9111776447105788,0.9965,1,0
mixed-independent,491,field-average,0.9944223347805113,0.9406666666666667,0.8868648130393096,0.9931666666666666,1,1
mixed-independent,491,whole-call,0.9944223347805113,0.9406666666666667,0.8868648130393096,0.9931666666666666,0,0
mixed-independent,491,joint-long-schema,0.9944223347805113,0.9406666666666667,0.8868648130393096,0.9931666666666666,0,0
mixed-independent,492,field-average,0.9957293035479632,0.9543333333333334,0.9062218214607755,0.9965,1,0
mixed-independent,492,whole-call,0.9957293035479632,0.9543333333333334,0.9062218214607755,0.9965,1,0
mixed-independent,492,joint-long-schema,0.9957293035479632,0.9543333333333334,0.9062218214607755,0.9965,1,0
mixed-independent,493,field-average,0.9958561852528945,0.9556666666666667,0.9222011385199241,0.9955,1,0
mixed-independent,493,whole-call,0.9958561852528945,0.9556666666666667,0.9222011385199241,0.9955,1,0
mixed-independent,493,joint-long-schema,0.9958561852528945,0.9556666666666667,0.9222011385199241,0.9955,1,0
mixed-independent,494,field-average,0.9949771970910883,0.949,0.9031007751937985,0.9961666666666666,1,1
mixed-independent,494,whole-call,0.9949771970910883,0.949,0.9031007751937985,0.9961666666666666,0,0
mixed-independent,494,joint-long-schema,0.9949771970910883,0.949,0.9031007751937985,0.9961666666666666,0,0
mixed-independent,495,field-average,0.9950097370983447,0.9466666666666667,0.8931947069943289,0.9965,1,1
mixed-independent,495,whole-call,0.9950097370983447,0.9466666666666667,0.8931947069943289,0.9965,0,0
mixed-independent,495,joint-long-schema,0.9950097370983447,0.9466666666666667,0.8931947069943289,0.9965,0,0
mixed-independent,496,field-average,0.9958575491529615,0.9563333333333334,0.9279454722492697,0.995,1,0
mixed-independent,496,whole-call,0.9958575491529615,0.9563333333333334,0.9279454722492697,0.995,1,0
mixed-independent,496,joint-long-schema,0.9958575491529615,0.9563333333333334,0.9279454722492697,0.995,1,0
mixed-independent,497,field-average,0.9957045698603986,0.9536666666666667,0.9133640552995391,0.9948333333333333,1,0
mixed-independent,497,whole-call,0.9957045698603986,0.9536666666666667,0.9133640552995391,0.9948333333333333,1,0
mixed-independent,497,joint-long-schema,0.9957045698603986,0.9536666666666667,0.9133640552995391,0.9948333333333333,1,0
mixed-independent,498,field-average,0.9957058183137777,0.9533333333333334,0.9151119402985075,0.9958333333333333,1,0
mixed-independent,498,whole-call,0.9957058183137777,0.9533333333333334,0.9151119402985075,0.9958333333333333,1,0
mixed-independent,498,joint-long-schema,0.9957058183137777,0.9533333333333334,0.9151119402985075,0.9958333333333333,1,0
mixed-independent,499,field-average,0.9952392578125,0.9503333333333334,0.899135446685879,0.996,1,0
mixed-independent,499,whole-call,0.9952392578125,0.9503333333333334,0.899135446685879,0.996,1,0
mixed-independent,499,joint-long-schema,0.9952392578125,0.9503333333333334,0.899135446685879,0.996,0,0
mixed-independent,500,field-average,0.99583835946924,0.9553333333333334,0.9206798866855525,0.9948333333333333,1,0
mixed-independent,500,whole-call,0.99583835946924,0.9553333333333334,0.9206798866855525,0.9948333333333333,1,0
mixed-independent,500,joint-long-schema,0.99583835946924,0.9553333333333334,0.9206798866855525,0.9948333333333333,1,0
mixed-independent,501,field-average,0.9960009694619486,0.958,0.9216809933142311,0.9961666666666666,1,0
mixed-independent,501,whole-call,0.9960009694619486,0.958,0.9216809933142311,0.9961666666666666,1,0
mixed-independent,501,joint-long-schema,0.9960009694619486,0.958,0.9216809933142311,0.9961666666666666,1,0
mixed-independent,502,field-average,0.9958013435700576,0.9536666666666667,0.9158699808795411,0.9966666666666667,1,0
mixed-independent,502,whole-call,0.9958013435700576,0.9536666666666667,0.9158699808795411,0.9966666666666667,1,0
mixed-independent,502,joint-long-schema,0.9958013435700576,0.9536666666666667,0.9158699808795411,0.9966666666666667,1,0
mixed-independent,503,field-average,0.9957358674463938,0.955,0.914975845410628,0.9951666666666666,1,0
mixed-independent,503,whole-call,0.9957358674463938,0.955,0.914975845410628,0.9951666666666666,1,0
mixed-independent,503,joint-long-schema,0.9957358674463938,0.955,0.914975845410628,0.9951666666666666,1,0
mixed-independent,504,field-average,0.996152436790033,0.958,0.9194956353055286,0.9961666666666666,1,0
mixed-independent,504,whole-call,0.996152436790033,0.958,0.9194956353055286,0.9961666666666666,1,0
mixed-independent,504,joint-long-schema,0.996152436790033,0.958,0.9194956353055286,0.9961666666666666,1,0
mixed-independent,505,field-average,0.9955905136455726,0.952,0.9170506912442397,0.995,1,0
mixed-independent,505,whole-call,0.9955905136455726,0.952,0.9170506912442397,0.995,1,0
mixed-independent,505,joint-long-schema,0.9955905136455726,0.952,0.9170506912442397,0.995,1,0
mixed-independent,506,field-average,0.9961038164191925,0.9603333333333334,0.9245098039215687,0.9953333333333333,1,0
mixed-independent,506,whole-call,0.9961038164191925,0.9603333333333334,0.9245098039215687,0.9953333333333333,1,0
mixed-independent,506,joint-long-schema,0.9961038164191925,0.9603333333333334,0.9245098039215687,0.9953333333333333,1,0
mixed-independent,507,field-average,0.9950667789676333,0.9473333333333334,0.9028301886792452,0.9951666666666666,1,1
mixed-independent,507,whole-call,0.9950667789676333,0.9473333333333334,0.9028301886792452,0.9951666666666666,0,0
mixed-independent,507,joint-long-schema,0.9950667789676333,0.9473333333333334,0.9028301886792452,0.9951666666666666,0,0
mixed-independent,508,field-average,0.9955917159763313,0.951,0.9019426456984274,0.9971666666666666,1,0
mixed-independent,508,whole-call,0.9955917159763313,0.951,0.9019426456984274,0.9971666666666666,1,0
mixed-independent,508,joint-long-schema,0.9955917159763313,0.951,0.9019426456984274,0.9971666666666666,1,0
mixed-independent,509,field-average,0.995658773527626,0.9543333333333334,0.9004878048780488,0.9968333333333333,1,0
mixed-independent,509,whole-call,0.995658773527626,0.9543333333333334,0.9004878048780488,0.9968333333333333,1,0
mixed-independent,509,joint-long-schema,0.995658773527626,0.9543333333333334,0.9004878048780488,0.9968333333333333,1,0
mixed-independent,510,field-average,0.9954428676290678,0.952,0.8969873663751214,0.9965,1,0
mixed-independent,510,whole-call,0.9954428676290678,0.952,0.8969873663751214,0.9965,1,0
mixed-independent,510,joint-long-schema,0.9954428676290678,0.952,0.8969873663751214,0.9965,0,0
mixed-independent,511,field-average,0.9958603311735061,0.955,0.9309366130558183,0.9956666666666667,1,0
mixed-independent,511,whole-call,0.9958603311735061,0.955,0.9309366130558183,0.9956666666666667,1,0
mixed-independent,511,joint-long-schema,0.9958603311735061,0.955,0.9309366130558183,0.9956666666666667,1,0
mixed-independent,512,field-average,0.9953825857519789,0.951,0.9197707736389685,0.9951666666666666,1,0
mixed-independent,512,whole-call,0.9953825857519789,0.951,0.9197707736389685,0.9951666666666666,1,0
mixed-independent,512,joint-long-schema,0.9953825857519789,0.951,0.9197707736389685,0.9951666666666666,1,0
mixed-independent,513,field-average,0.9949820788530466,0.9463333333333334,0.8958333333333334,0.9946666666666667,1,1
mixed-independent,513,whole-call,0.9949820788530466,0.9463333333333334,0.8958333333333334,0.9946666666666667,0,0
mixed-independent,513,joint-long-schema,0.9949820788530466,0.9463333333333334,0.8958333333333334,0.9946666666666667,0,0
mixed-independent,514,field-average,0.9956776689638496,0.954,0.9102196752626552,0.9953333333333333,1,0
mixed-independent,514,whole-call,0.9956776689638496,0.954,0.9102196752626552,0.9953333333333333,1,0
mixed-independent,514,joint-long-schema,0.9956776689638496,0.954,0.9102196752626552,0.9953333333333333,1,0
mixed-independent,515,field-average,0.9960096735187425,0.9573333333333334,0.9271217712177122,0.9965,1,0
mixed-independent,515,whole-call,0.9960096735187425,0.9573333333333334,0.9271217712177122,0.9965,1,0
mixed-independent,515,joint-long-schema,0.9960096735187425,0.9573333333333334,0.9271217712177122,0.9965,1,0
mixed-independent,516,field-average,0.9956362104249428,0.955,0.9212746016869728,0.9953333333333333,1,0
mixed-independent,516,whole-call,0.9956362104249428,0.955,0.9212746016869728,0.9953333333333333,1,0
mixed-independent,516,joint-long-schema,0.9956362104249428,0.955,0.9212746016869728,0.9953333333333333,1,0
mixed-independent,517,field-average,0.9947960282330423,0.945,0.8994413407821229,0.9946666666666667,1,1
mixed-independent,517,whole-call,0.9947960282330423,0.945,0.8994413407821229,0.9946666666666667,0,0
mixed-independent,517,joint-long-schema,0.9947960282330423,0.945,0.8994413407821229,0.9946666666666667,0,0
mixed-independent,518,field-average,0.9954399802809958,0.9523333333333334,0.9109109109109109,0.9965,1,0
mixed-independent,518,whole-call,0.9954399802809958,0.9523333333333334,0.9109109109109109,0.9965,1,0
mixed-independent,518,joint-long-schema,0.9954399802809958,0.9523333333333334,0.9109109109109109,0.9965,1,0
mixed-independent,519,field-average,0.9952298091923677,0.9483333333333334,0.9170593779453345,0.996,1,1
mixed-independent,519,whole-call,0.9952298091923677,0.9483333333333334,0.9170593779453345,0.996,0,0
mixed-independent,519,joint-long-schema,0.9952298091923677,0.9483333333333334,0.9170593779453345,0.996,0,0
mixed-independent,520,field-average,0.9961791044776119,0.958,0.9287696577243293,0.9955,1,0
mixed-independent,520,whole-call,0.9961791044776119,0.958,0.9287696577243293,0.9955,1,0
mixed-independent,520,joint-long-schema,0.9961791044776119,0.958,0.9287696577243293,0.9955,1,0
mixed-independent,521,field-average,0.9958126550868487,0.956,0.90935960591133,0.9968333333333333,1,0
mixed-independent,521,whole-call,0.9958126550868487,0.956,0.90935960591133,0.9968333333333333,1,0
mixed-independent,521,joint-long-schema,0.9958126550868487,0.956,0.90935960591133,0.9968333333333333,1,0
mixed-independent,522,field-average,0.9949987801902903,0.946,0.8985645933014355,0.9948333333333333,1,1
mixed-independent,522,whole-call,0.9949987801902903,0.946,0.8985645933014355,0.9948333333333333,0,0
mixed-independent,522,joint-long-schema,0.9949987801902903,0.946,0.8985645933014355,0.9948333333333333,0,0
mixed-independent,523,field-average,0.9953482824427481,0.9513333333333334,0.9080882352941176,0.9941666666666666,1,0
mixed-independent,523,whole-call,0.9953482824427481,0.9513333333333334,0.9080882352941176,0.9941666666666666,1,0
mixed-independent,523,joint-long-schema,0.9953482824427481,0.9513333333333334,0.9080882352941176,0.9941666666666666,1,0
mixed-independent,524,field-average,0.9954125653177786,0.9513333333333334,0.9061913696060038,0.9961666666666666,1,0
mixed-independent,524,whole-call,0.9954125653177786,0.9513333333333334,0.9061913696060038,0.9961666666666666,1,0
mixed-independent,524,joint-long-schema,0.9954125653177786,0.9513333333333334,0.9061913696060038,0.9961666666666666,1,0
mixed-independent,525,field-average,0.9955547652916074,0.9503333333333334,0.9048490393412626,0.9953333333333333,1,0
mixed-independent,525,whole-call,0.9955547652916074,0.9503333333333334,0.9048490393412626,0.9953333333333333,1,0
mixed-independent,525,joint-long-schema,0.9955547652916074,0.9503333333333334,0.9048490393412626,0.9953333333333333,1,0
mixed-independent,526,field-average,0.9950600072736089,0.9473333333333334,0.8950381679389313,0.9953333333333333,1,1
mixed-independent,526,whole-call,0.9950600072736089,0.9473333333333334,0.8950381679389313,0.9953333333333333,0,0
mixed-independent,526,joint-long-schema,0.9950600072736089,0.9473333333333334,0.8950381679389313,0.9953333333333333,0,0
mixed-independent,527,field-average,0.9954556545077468,0.952,0.9076923076923077,0.996,1,0
mixed-independent,527,whole-call,0.9954556545077468,0.952,0.9076923076923077,0.996,1,0
mixed-independent,527,joint-long-schema,0.9954556545077468,0.952,0.9076923076923077,0.996,1,0
mixed-independent,528,field-average,0.9954010301692421,0.952,0.9068627450980392,0.996,1,0
mixed-independent,528,whole-call,0.9954010301692421,0.952,0.9068627450980392,0.996,1,0
mixed-independent,528,joint-long-schema,0.9954010301692421,0.952,0.9068627450980392,0.996,1,0
mixed-independent,529,field-average,0.9956661413504667,0.9553333333333334,0.9209039548022598,0.9945,1,0
mixed-independent,529,whole-call,0.9956661413504667,0.9553333333333334,0.9209039548022598,0.9945,1,0
mixed-independent,529,joint-long-schema,0.9956661413504667,0.9553333333333334,0.9209039548022598,0.9945,1,0
mixed-independent,530,field-average,0.9948097923916956,0.944,0.8943925233644859,0.9951666666666666,1,1
mixed-independent,530,whole-call,0.9948097923916956,0.944,0.8943925233644859,0.9951666666666666,0,0
mixed-independent,530,joint-long-schema,0.9948097923916956,0.944,0.8943925233644859,0.9951666666666666,0,0
mixed-independent,531,field-average,0.9963361016121153,0.9613333333333334,0.9290573372206026,0.9953333333333333,1,0
mixed-independent,531,whole-call,0.9963361016121153,0.9613333333333334,0.9290573372206026,0.9953333333333333,1,0
mixed-independent,531,joint-long-schema,0.9963361016121153,0.9613333333333334,0.9290573372206026,0.9953333333333333,1,0
mixed-independent,532,field-average,0.9957622060403486,0.954,0.9206349206349206,0.9956666666666667,1,0
mixed-independent,532,whole-call,0.9957622060403486,0.954,0.9206349206349206,0.9956666666666667,1,0
mixed-independent,532,joint-long-schema,0.9957622060403486,0.954,0.9206349206349206,0.9956666666666667,1,0
mixed-independent,533,field-average,0.9954128440366973,0.9503333333333334,0.8997161778618732,0.9956666666666667,1,0
mixed-independent,533,whole-call,0.9954128440366973,0.9503333333333334,0.8997161778618732,0.9956666666666667,1,0
mixed-independent,533,joint-long-schema,0.9954128440366973,0.9503333333333334,0.8997161778618732,0.9956666666666667,0,0
mixed-independent,534,field-average,0.995113416988417,0.949,0.9057142857142857,0.9961666666666666,1,1
mixed-independent,534,whole-call,0.995113416988417,0.949,0.9057142857142857,0.9961666666666666,0,0
mixed-independent,534,joint-long-schema,0.995113416988417,0.949,0.9057142857142857,0.9961666666666666,0,0
mixed-independent,535,field-average,0.995626907724818,0.9513333333333334,0.9156079854809437,0.9951666666666666,1,0
mixed-independent,535,whole-call,0.995626907724818,0.9513333333333334,0.9156079854809437,0.9951666666666666,1,0
mixed-independent,535,joint-long-schema,0.995626907724818,0.9513333333333334,0.9156079854809437,0.9951666666666666,1,0
mixed-independent,536,field-average,0.995430963329796,0.952,0.9069767441860465,0.9963333333333333,1,0
mixed-independent,536,whole-call,0.995430963329796,0.952,0.9069767441860465,0.9963333333333333,1,0
mixed-independent,536,joint-long-schema,0.995430963329796,0.952,0.9069767441860465,0.9963333333333333,1,0
mixed-independent,537,field-average,0.9963750604156597,0.961,0.923226433430515,0.9958333333333333,1,0
mixed-independent,537,whole-call,0.9963750604156597,0.961,0.923226433430515,0.9958333333333333,1,0
mixed-independent,537,joint-long-schema,0.9963750604156597,0.961,0.923226433430515,0.9958333333333333,1,0
mixed-independent,538,field-average,0.9960268572132561,0.9583333333333334,0.9200394866732478,0.9955,1,0
mixed-independent,538,whole-call,0.9960268572132561,0.9583333333333334,0.9200394866732478,0.9955,1,0
mixed-independent,538,joint-long-schema,0.9960268572132561,0.9583333333333334,0.9200394866732478,0.9955,1,0
mixed-independent,539,field-average,0.9951259384838944,0.9483333333333334,0.8959764474975466,0.9951666666666666,1,1
mixed-independent,539,whole-call,0.9951259384838944,0.9483333333333334,0.8959764474975466,0.9951666666666666,0,0
mixed-independent,539,joint-long-schema,0.9951259384838944,0.9483333333333334,0.8959764474975466,0.9951666666666666,0,0
mixed-independent,540,field-average,0.9954046311768918,0.9503333333333334,0.9082308420056765,0.996,1,0
mixed-independent,540,whole-call,0.9954046311768918,0.9503333333333334,0.9082308420056765,0.996,1,0
mixed-independent,540,joint-long-schema,0.9954046311768918,0.9503333333333334,0.9082308420056765,0.996,1,0
mixed-independent,541,field-average,0.9960293404461688,0.9566666666666667,0.9259606373008434,0.9955,1,0
mixed-independent,541,whole-call,0.9960293404461688,0.9566666666666667,0.9259606373008434,0.9955,1,0
mixed-independent,541,joint-long-schema,0.9960293404461688,0.9566666666666667,0.9259606373008434,0.9955,1,0
mixed-independent,542,field-average,0.9951056930098486,0.9486666666666667,0.8986866791744841,0.9965,1,1
mixed-independent,542,whole-call,0.9951056930098486,0.9486666666666667,0.8986866791744841,0.9965,0,0
mixed-independent,542,joint-long-schema,0.9951056930098486,0.9486666666666667,0.8986866791744841,0.9965,0,0
mixed-independent,543,field-average,0.9956636954950614,0.9536666666666667,0.917516218721038,0.996,1,0
mixed-independent,543,whole-call,0.9956636954950614,0.9536666666666667,0.917516218721038,0.996,1,0
mixed-independent,543,joint-long-schema,0.9956636954950614,0.9536666666666667,0.917516218721038,0.996,1,0
mixed-independent,544,field-average,0.9952944015444015,0.95,0.9090909090909091,0.9961666666666666,1,0
mixed-independent,544,whole-call,0.9952944015444015,0.95,0.9090909090909091,0.9961666666666666,1,0
mixed-independent,544,joint-long-schema,0.9952944015444015,0.95,0.9090909090909091,0.9961666666666666,1,0
mixed-independent,545,field-average,0.9958842755114393,0.9563333333333334,0.9208294062205467,0.9958333333333333,1,0
mixed-independent,545,whole-call,0.9958842755114393,0.9563333333333334,0.9208294062205467,0.9958333333333333,1,0
mixed-independent,545,joint-long-schema,0.9958842755114393,0.9563333333333334,0.9208294062205467,0.9958333333333333,1,0
mixed-independent,546,field-average,0.9953780516710121,0.95,0.909660107334526,0.995,1,0
mixed-independent,546,whole-call,0.9953780516710121,0.95,0.909660107334526,0.995,1,0
mixed-independent,546,joint-long-schema,0.9953780516710121,0.95,0.909660107334526,0.995,1,0
mixed-independent,547,field-average,0.995430963329796,0.9513333333333334,0.9194756554307116,0.994,1,0
mixed-independent,547,whole-call,0.995430963329796,0.9513333333333334,0.9194756554307116,0.994,1,0
mixed-independent,547,joint-long-schema,0.995430963329796,0.9513333333333334,0.9194756554307116,0.994,1,0
mixed-independent,548,field-average,0.9955947136563876,0.952,0.9024163568773235,0.996,1,0
mixed-independent,548,whole-call,0.9955947136563876,0.952,0.9024163568773235,0.996,1,0
mixed-independent,548,joint-long-schema,0.9955947136563876,0.952,0.9024163568773235,0.996,1,0
mixed-independent,549,field-average,0.9949897380176265,0.9473333333333334,0.9083255378858747,0.9938333333333333,1,1
mixed-independent,549,whole-call,0.9949897380176265,0.9473333333333334,0.9083255378858747,0.9938333333333333,0,0
mixed-independent,549,joint-long-schema,0.9949897380176265,0.9473333333333334,0.9083255378858747,0.9938333333333333,0,0
mixed-independent,550,field-average,0.9951176613294517,0.948,0.9006685768863419,0.9948333333333333,1,1
mixed-independent,550,whole-call,0.9951176613294517,0.948,0.9006685768863419,0.9948333333333333,0,0
mixed-independent,550,joint-long-schema,0.9951176613294517,0.948,0.9006685768863419,0.9948333333333333,0,0
mixed-independent,551,field-average,0.9957142857142857,0.9536666666666667,0.9204655674102813,0.9938333333333333,1,0
mixed-independent,551,whole-call,0.9957142857142857,0.9536666666666667,0.9204655674102813,0.9938333333333333,1,0
mixed-independent,551,joint-long-schema,0.9957142857142857,0.9536666666666667,0.9204655674102813,0.9938333333333333,1,0
mixed-independent,552,field-average,0.9954889051450866,0.952,0.9155597722960152,0.9953333333333333,1,0
mixed-independent,552,whole-call,0.9954889051450866,0.952,0.9155597722960152,0.9953333333333333,1,0
mixed-independent,552,joint-long-schema,0.9954889051450866,0.952,0.9155597722960152,0.9953333333333333,1,0
mixed-independent,553,field-average,0.9956670328329061,0.954,0.9161793372319688,0.996,1,0
mixed-independent,553,whole-call,0.9956670328329061,0.954,0.9161793372319688,0.996,1,0
mixed-independent,553,joint-long-schema,0.9956670328329061,0.954,0.9161793372319688,0.996,1,0
mixed-independent,554,field-average,0.996191810870095,0.959,0.9203109815354713,0.9946666666666667,1,0
mixed-independent,554,whole-call,0.996191810870095,0.959,0.9203109815354713,0.9946666666666667,1,0
mixed-independent,554,joint-long-schema,0.996191810870095,0.959,0.9203109815354713,0.9946666666666667,1,0
mixed-independent,555,field-average,0.9957910447761193,0.9543333333333334,0.915651358950328,0.9966666666666667,1,0
mixed-independent,555,whole-call,0.9957910447761193,0.9543333333333334,0.915651358950328,0.9966666666666667,1,0
mixed-independent,555,joint-long-schema,0.9957910447761193,0.9543333333333334,0.915651358950328,0.9966666666666667,1,0
mixed-independent,556,field-average,0.9948055085769509,0.944,0.8915547024952015,0.9958333333333333,1,1
mixed-independent,556,whole-call,0.9948055085769509,0.944,0.8915547024952015,0.9958333333333333,0,0
mixed-independent,556,joint-long-schema,0.9948055085769509,0.944,0.8915547024952015,0.9958333333333333,0,0
mixed-independent,557,field-average,0.9950881162181472,0.9473333333333334,0.9072356215213359,0.9948333333333333,1,1
mixed-independent,557,whole-call,0.9950881162181472,0.9473333333333334,0.9072356215213359,0.9948333333333333,0,0
mixed-independent,557,joint-long-schema,0.9950881162181472,0.9473333333333334,0.9072356215213359,0.9948333333333333,0,0
mixed-independent,558,field-average,0.9958937777244935,0.9553333333333334,0.9148351648351648,0.9955,1,0
mixed-independent,558,whole-call,0.9958937777244935,0.9553333333333334,0.9148351648351648,0.9955,1,0
mixed-independent,558,joint-long-schema,0.9958937777244935,0.9553333333333334,0.9148351648351648,0.9955,1,0
mixed-independent,559,field-average,0.9957340917170281,0.9536666666666667,0.9092575618698442,0.9968333333333333,1,0
mixed-independent,559,whole-call,0.9957340917170281,0.9536666666666667,0.9092575618698442,0.9968333333333333,1,0
mixed-independent,559,joint-long-schema,0.9957340917170281,0.9536666666666667,0.9092575618698442,0.9968333333333333,1,0
mixed-independent,560,field-average,0.9959150326797386,0.957,0.9159420289855073,0.996,1,0
mixed-independent,560,whole-call,0.9959150326797386,0.957,0.9159420289855073,0.996,1,0
mixed-independent,560,joint-long-schema,0.9959150326797386,0.957,0.9159420289855073,0.996,1,0
mixed-independent,561,field-average,0.9955302846022865,0.9523333333333334,0.9098671726755219,0.9961666666666666,1,0
mixed-independent,561,whole-call,0.9955302846022865,0.9523333333333334,0.9098671726755219,0.9961666666666666,1,0
mixed-independent,561,joint-long-schema,0.9955302846022865,0.9523333333333334,0.9098671726755219,0.9961666666666666,1,0
mixed-independent,562,field-average,0.9950812912346843,0.9453333333333334,0.9054680259499537,0.9953333333333333,1,1
mixed-independent,562,whole-call,0.9950812912346843,0.9453333333333334,0.9054680259499537,0.9953333333333333,0,0
mixed-independent,562,joint-long-schema,0.9950812912346843,0.9453333333333334,0.9054680259499537,0.9953333333333333,0,0
mixed-independent,563,field-average,0.9954456535028732,0.9526666666666667,0.9165848871442591,0.995,1,0
mixed-independent,563,whole-call,0.9954456535028732,0.9526666666666667,0.9165848871442591,0.995,1,0
mixed-independent,563,joint-long-schema,0.9954456535028732,0.9526666666666667,0.9165848871442591,0.995,1,0
mixed-independent,564,field-average,0.995245739688812,0.9496666666666667,0.9144800777453839,0.9951666666666666,1,1
mixed-independent,564,whole-call,0.995245739688812,0.9496666666666667,0.9144800777453839,0.9951666666666666,0,0
mixed-independent,564,joint-long-schema,0.995245739688812,0.9496666666666667,0.9144800777453839,0.9951666666666666,0,0
mixed-independent,565,field-average,0.9954404466501241,0.953,0.9200394866732478,0.9948333333333333,1,0
mixed-independent,565,whole-call,0.9954404466501241,0.953,0.9200394866732478,0.9948333333333333,1,0
mixed-independent,565,joint-long-schema,0.9954404466501241,0.953,0.9200394866732478,0.9948333333333333,1,0
mixed-independent,566,field-average,0.9954458864150494,0.9516666666666667,0.9095193213949104,0.9963333333333333,1,0
mixed-independent,566,whole-call,0.9954458864150494,0.9516666666666667,0.9095193213949104,0.9963333333333333,1,0
mixed-independent,566,joint-long-schema,0.9954458864150494,0.9516666666666667,0.9095193213949104,0.9963333333333333,1,0
mixed-independent,567,field-average,0.9965436365880755,0.9643333333333334,0.9410609037328095,0.9963333333333333,1,0
mixed-independent,567,whole-call,0.9965436365880755,0.9643333333333334,0.9410609037328095,0.9963333333333333,1,0
mixed-independent,567,joint-long-schema,0.9965436365880755,0.9643333333333334,0.9410609037328095,0.9963333333333333,1,0
mixed-independent,568,field-average,0.9957037129954842,0.9573333333333334,0.9198355601233299,0.9958333333333333,1,0
mixed-independent,568,whole-call,0.9957037129954842,0.9573333333333334,0.9198355601233299,0.9958333333333333,1,0
mixed-independent,568,joint-long-schema,0.9957037129954842,0.9573333333333334,0.9198355601233299,0.9958333333333333,1,0
mixed-independent,569,field-average,0.9949852325867585,0.9483333333333334,0.9077526987242395,0.9953333333333333,1,1
mixed-independent,569,whole-call,0.9949852325867585,0.9483333333333334,0.9077526987242395,0.9953333333333333,0,0
mixed-independent,569,joint-long-schema,0.9949852325867585,0.9483333333333334,0.9077526987242395,0.9953333333333333,0,0
mixed-independent,570,field-average,0.9957448092708836,0.954,0.9187913125590179,0.9961666666666666,1,0
mixed-independent,570,whole-call,0.9957448092708836,0.954,0.9187913125590179,0.9961666666666666,1,0
mixed-independent,570,joint-long-schema,0.9957448092708836,0.954,0.9187913125590179,0.9961666666666666,1,0
mixed-independent,571,field-average,0.9954965773988231,0.9526666666666667,0.9151459854014599,0.9956666666666667,1,0
mixed-independent,571,whole-call,0.9954965773988231,0.9526666666666667,0.9151459854014599,0.9956666666666667,1,0
mixed-independent,571,joint-long-schema,0.9954965773988231,0.9526666666666667,0.9151459854014599,0.9956666666666667,1,0
mixed-independent,572,field-average,0.9951009678575696,0.947,0.9035250463821892,0.9955,1,1
mixed-independent,572,whole-call,0.9951009678575696,0.947,0.9035250463821892,0.9955,0,0
mixed-independent,572,joint-long-schema,0.9951009678575696,0.947,0.9035250463821892,0.9955,0,0
mixed-independent,573,field-average,0.9956096957704674,0.955,0.908102766798419,0.9955,1,0
mixed-independent,573,whole-call,0.9956096957704674,0.955,0.908102766798419,0.9955,1,0
mixed-independent,573,joint-long-schema,0.9956096957704674,0.955,0.908102766798419,0.9955,1,0
mixed-independent,574,field-average,0.9954804358593363,0.953,0.9128751210067764,0.9943333333333333,1,0
mixed-independent,574,whole-call,0.9954804358593363,0.953,0.9128751210067764,0.9943333333333333,1,0
mixed-independent,574,joint-long-schema,0.9954804358593363,0.953,0.9128751210067764,0.9943333333333333,1,0
mixed-independent,575,field-average,0.9952430640805303,0.949,0.9108527131782945,0.996,1,1
mixed-independent,575,whole-call,0.9952430640805303,0.949,0.9108527131782945,0.996,0,0
mixed-independent,575,joint-long-schema,0.9952430640805303,0.949,0.9108527131782945,0.996,0,0
mixed-independent,576,field-average,0.9951255980861244,0.949,0.897196261682243,0.9946666666666667,1,1
mixed-independent,576,whole-call,0.9951255980861244,0.949,0.897196261682243,0.9946666666666667,0,0
mixed-independent,576,joint-long-schema,0.9951255980861244,0.949,0.897196261682243,0.9946666666666667,0,0
mixed-independent,577,field-average,0.9958717243029795,0.9563333333333334,0.9186691312384473,0.996,1,0
mixed-independent,577,whole-call,0.9958717243029795,0.9563333333333334,0.9186691312384473,0.996,1,0
mixed-independent,577,joint-long-schema,0.9958717243029795,0.9563333333333334,0.9186691312384473,0.996,1,0
mixed-independent,578,field-average,0.9955266002161642,0.9516666666666667,0.9066666666666666,0.9941666666666666,1,0
mixed-independent,578,whole-call,0.9955266002161642,0.9516666666666667,0.9066666666666666,0.9941666666666666,1,0
mixed-independent,578,joint-long-schema,0.9955266002161642,0.9516666666666667,0.9066666666666666,0.9941666666666666,1,0
mixed-independent,579,field-average,0.9956374212312167,0.9533333333333334,0.9233644859813084,0.9955,1,0
mixed-independent,579,whole-call,0.9956374212312167,0.9533333333333334,0.9233644859813084,0.9955,1,0
mixed-independent,579,joint-long-schema,0.9956374212312167,0.9533333333333334,0.9233644859813084,0.9955,1,0
mixed-independent,580,field-average,0.9952903767698584,0.9493333333333334,0.9090909090909091,0.9961666666666666,1,1
mixed-independent,580,whole-call,0.9952903767698584,0.9493333333333334,0.9090909090909091,0.9961666666666666,0,0
mixed-independent,580,joint-long-schema,0.9952903767698584,0.9493333333333334,0.9090909090909091,0.9961666666666666,0,0
mixed-independent,581,field-average,0.9952372393961179,0.9483333333333334,0.9089184060721063,0.995,1,1
mixed-independent,581,whole-call,0.9952372393961179,0.9483333333333334,0.9089184060721063,0.995,0,0
mixed-independent,581,joint-long-schema,0.9952372393961179,0.9483333333333334,0.9089184060721063,0.995,0,0
mixed-independent,582,field-average,0.9958556649632307,0.9566666666666667,0.918407960199005,0.9958333333333333,1,0
mixed-independent,582,whole-call,0.9958556649632307,0.9566666666666667,0.918407960199005,0.9958333333333333,1,0
mixed-independent,582,joint-long-schema,0.9958556649632307,0.9566666666666667,0.918407960199005,0.9958333333333333,1,0
mixed-independent,583,field-average,0.9955754840242309,0.9526666666666667,0.9118982742960945,0.9956666666666667,1,0
mixed-independent,583,whole-call,0.9955754840242309,0.9526666666666667,0.9118982742960945,0.9956666666666667,1,0
mixed-independent,583,joint-long-schema,0.9955754840242309,0.9526666666666667,0.9118982742960945,0.9956666666666667,1,0
mixed-independent,584,field-average,0.9952225447508466,0.9506666666666667,0.9092627599243857,0.9968333333333333,1,0
mixed-independent,584,whole-call,0.9952225447508466,0.9506666666666667,0.9092627599243857,0.9968333333333333,1,0
mixed-independent,584,joint-long-schema,0.9952225447508466,0.9506666666666667,0.9092627599243857,0.9968333333333333,1,0
mixed-independent,585,field-average,0.9956603544549648,0.9536666666666667,0.9100580270793037,0.9956666666666667,1,0
mixed-independent,585,whole-call,0.9956603544549648,0.9536666666666667,0.9100580270793037,0.9956666666666667,1,0
mixed-independent,585,joint-long-schema,0.9956603544549648,0.9536666666666667,0.9100580270793037,0.9956666666666667,1,0
mixed-independent,586,field-average,0.9948601482189816,0.9436666666666667,0.9037580201649863,0.9948333333333333,1,1
mixed-independent,586,whole-call,0.9948601482189816,0.9436666666666667,0.9037580201649863,0.9948333333333333,0,0
mixed-independent,586,joint-long-schema,0.9948601482189816,0.9436666666666667,0.9037580201649863,0.9948333333333333,0,0
mixed-independent,587,field-average,0.9956843780607247,0.9553333333333334,0.9167492566897919,0.9965,1,0
mixed-independent,587,whole-call,0.9956843780607247,0.9553333333333334,0.9167492566897919,0.9965,1,0
mixed-independent,587,joint-long-schema,0.9956843780607247,0.9553333333333334,0.9167492566897919,0.9965,1,0
mixed-independent,588,field-average,0.9954695726705033,0.9516666666666667,0.9100478468899521,0.9968333333333333,1,0
mixed-independent,588,whole-call,0.9954695726705033,0.9516666666666667,0.9100478468899521,0.9968333333333333,1,0
mixed-independent,588,joint-long-schema,0.9954695726705033,0.9516666666666667,0.9100478468899521,0.9968333333333333,1,0
mixed-independent,589,field-average,0.9957026994310616,0.955,0.9073543457497613,0.9965,1,0
mixed-independent,589,whole-call,0.9957026994310616,0.955,0.9073543457497613,0.9965,1,0
mixed-independent,589,joint-long-schema,0.9957026994310616,0.955,0.9073543457497613,0.9965,1,0
mixed-independent,590,field-average,0.9957296242069302,0.9556666666666667,0.9236111111111112,0.9955,1,0
mixed-independent,590,whole-call,0.9957296242069302,0.9556666666666667,0.9236111111111112,0.9955,1,0
mixed-independent,590,joint-long-schema,0.9957296242069302,0.9556666666666667,0.9236111111111112,0.9955,1,0
mixed-independent,591,field-average,0.9961947778740254,0.959,0.9156626506024096,0.997,1,0
mixed-independent,591,whole-call,0.9961947778740254,0.959,0.9156626506024096,0.997,1,0
mixed-independent,591,joint-long-schema,0.9961947778740254,0.959,0.9156626506024096,0.997,1,0
mixed-independent,592,field-average,0.9952722235605879,0.951,0.9032863849765258,0.9958333333333333,1,0
mixed-independent,592,whole-call,0.9952722235605879,0.951,0.9032863849765258,0.9958333333333333,1,0
mixed-independent,592,joint-long-schema,0.9952722235605879,0.951,0.9032863849765258,0.9958333333333333,1,0
mixed-independent,593,field-average,0.9948841222879684,0.9476666666666667,0.9010566762728146,0.9946666666666667,1,1
mixed-independent,593,whole-call,0.9948841222879684,0.9476666666666667,0.9010566762728146,0.9946666666666667,0,0
mixed-independent,593,joint-long-schema,0.9948841222879684,0.9476666666666667,0.9010566762728146,0.9946666666666667,0,0
mixed-independent,594,field-average,0.9957099697885197,0.9536666666666667,0.9235181644359465,0.9943333333333333,1,0
mixed-independent,594,whole-call,0.9957099697885197,0.9536666666666667,0.9235181644359465,0.9943333333333333,1,0
mixed-independent,594,joint-long-schema,0.9957099697885197,0.9536666666666667,0.9235181644359465,0.9943333333333333,1,0
mixed-independent,595,field-average,0.995717024080508,0.954,0.9127962085308057,0.996,1,0
mixed-independent,595,whole-call,0.995717024080508,0.954,0.9127962085308057,0.996,1,0
mixed-independent,595,joint-long-schema,0.995717024080508,0.954,0.9127962085308057,0.996,1,0
mixed-independent,596,field-average,0.995658023483366,0.9543333333333334,0.9117929050814957,0.997,1,0
mixed-independent,596,whole-call,0.995658023483366,0.9543333333333334,0.9117929050814957,0.997,1,0
mixed-independent,596,joint-long-schema,0.995658023483366,0.9543333333333334,0.9117929050814957,0.997,1,0
mixed-independent,597,field-average,0.9954069838179828,0.9506666666666667,0.9053658536585366,0.9965,1,0
mixed-independent,597,whole-call,0.9954069838179828,0.9506666666666667,0.9053658536585366,0.9965,1,0
mixed-independent,597,joint-long-schema,0.9954069838179828,0.9506666666666667,0.9053658536585366,0.9965,1,0
mixed-independent,598,field-average,0.9956901711959775,0.953,0.9149338374291115,0.9943333333333333,1,0
mixed-independent,598,whole-call,0.9956901711959775,0.953,0.9149338374291115,0.9943333333333333,1,0
mixed-independent,598,joint-long-schema,0.9956901711959775,0.953,0.9149338374291115,0.9943333333333333,1,0
mixed-independent,599,field-average,0.9951372645574296,0.95,0.8958130477117819,0.9968333333333333,1,0
mixed-independent,599,whole-call,0.9951372645574296,0.95,0.8958130477117819,0.9968333333333333,1,0
mixed-independent,599,joint-long-schema,0.9951372645574296,0.95,0.8958130477117819,0.9968333333333333,0,0
mixed-independent,600,field-average,0.9952456418383518,0.9493333333333334,0.8983382209188661,0.9975,1,1
mixed-independent,600,whole-call,0.9952456418383518,0.9493333333333334,0.8983382209188661,0.9975,0,0
mixed-independent,600,joint-long-schema,0.9952456418383518,0.9493333333333334,0.8983382209188661,0.9975,0,0
mixed-independent,601,field-average,0.9958623171024227,0.9556666666666667,0.9173003802281369,0.997,1,0
mixed-independent,601,whole-call,0.9958623171024227,0.9556666666666667,0.9173003802281369,0.997,1,0
mixed-independent,601,joint-long-schema,0.9958623171024227,0.9556666666666667,0.9173003802281369,0.997,1,0
mixed-independent,602,field-average,0.9955308938212357,0.9516666666666667,0.9200376293508937,0.9945,1,0
mixed-independent,602,whole-call,0.9955308938212357,0.9516666666666667,0.9200376293508937,0.9945,1,0
mixed-independent,602,joint-long-schema,0.9955308938212357,0.9516666666666667,0.9200376293508937,0.9945,1,0
mixed-independent,603,field-average,0.9962979094076655,0.9623333333333334,0.9297029702970298,0.9968333333333333,1,0
mixed-independent,603,whole-call,0.9962979094076655,0.9623333333333334,0.9297029702970298,0.9968333333333333,1,0
mixed-independent,603,joint-long-schema,0.9962979094076655,0.9623333333333334,0.9297029702970298,0.9968333333333333,1,0
mixed-independent,604,field-average,0.9956949569495694,0.954,0.9186046511627907,0.9965,1,0
mixed-independent,604,whole-call,0.9956949569495694,0.954,0.9186046511627907,0.9965,1,0
mixed-independent,604,joint-long-schema,0.9956949569495694,0.954,0.9186046511627907,0.9965,1,0
mixed-independent,605,field-average,0.9958382877526754,0.9556666666666667,0.9124423963133641,0.9956666666666667,1,0
mixed-independent,605,whole-call,0.9958382877526754,0.9556666666666667,0.9124423963133641,0.9956666666666667,1,0
mixed-independent,605,joint-long-schema,0.9958382877526754,0.9556666666666667,0.9124423963133641,0.9956666666666667,1,0
mixed-independent,606,field-average,0.9953904555314533,0.95,0.9073724007561437,0.9955,1,0
mixed-independent,606,whole-call,0.9953904555314533,0.95,0.9073724007561437,0.9955,1,0
mixed-independent,606,joint-long-schema,0.9953904555314533,0.95,0.9073724007561437,0.9955,1,0
mixed-independent,607,field-average,0.9953370718029989,0.9506666666666667,0.9097888675623801,0.9941666666666666,1,0
mixed-independent,607,whole-call,0.9953370718029989,0.9506666666666667,0.9097888675623801,0.9941666666666666,1,0
mixed-independent,607,joint-long-schema,0.9953370718029989,0.9506666666666667,0.9097888675623801,0.9941666666666666,1,0
mixed-independent,608,field-average,0.9951426463354648,0.949,0.90625,0.9958333333333333,1,1
mixed-independent,608,whole-call,0.9951426463354648,0.949,0.90625,0.9958333333333333,0,0
mixed-independent,608,joint-long-schema,0.9951426463354648,0.949,0.90625,0.9958333333333333,0,0
mixed-independent,609,field-average,0.9956938379427462,0.955,0.9184981684981685,0.9953333333333333,1,0
mixed-independent,609,whole-call,0.9956938379427462,0.955,0.9184981684981685,0.9953333333333333,1,0
mixed-independent,609,joint-long-schema,0.9956938379427462,0.955,0.9184981684981685,0.9953333333333333,1,0
mixed-independent,610,field-average,0.9956193353474321,0.9523333333333334,0.9078694817658349,0.996,1,0
mixed-independent,610,whole-call,0.9956193353474321,0.9523333333333334,0.9078694817658349,0.996,1,0
mixed-independent,610,joint-long-schema,0.9956193353474321,0.9523333333333334,0.9078694817658349,0.996,1,0
mixed-independent,611,field-average,0.9951765562431744,0.9493333333333334,0.9101338432122371,0.9953333333333333,1,1
mixed-independent,611,whole-call,0.9951765562431744,0.9493333333333334,0.9101338432122371,0.9953333333333333,0,0
mixed-independent,611,joint-long-schema,0.9951765562431744,0.9493333333333334,0.9101338432122371,0.9953333333333333,0,0
mixed-independent,612,field-average,0.9949848942598187,0.9466666666666667,0.9053926206244087,0.9956666666666667,1,1
mixed-independent,612,whole-call,0.9949848942598187,0.9466666666666667,0.9053926206244087,0.9956666666666667,0,0
mixed-independent,612,joint-long-schema,0.9949848942598187,0.9466666666666667,0.9053926206244087,0.9956666666666667,0,0
mixed-independent,613,field-average,0.9944920805049422,0.9403333333333334,0.8854460093896713,0.996,1,1
mixed-independent,613,whole-call,0.9944920805049422,0.9403333333333334,0.8854460093896713,0.996,0,0
mixed-independent,613,joint-long-schema,0.9944920805049422,0.9403333333333334,0.8854460093896713,0.996,0,0
mixed-independent,614,field-average,0.9951765562431744,0.9483333333333334,0.9094412331406551,0.9961666666666666,1,1
mixed-independent,614,whole-call,0.9951765562431744,0.9483333333333334,0.9094412331406551,0.9961666666666666,0,0
mixed-independent,614,joint-long-schema,0.9951765562431744,0.9483333333333334,0.9094412331406551,0.9961666666666666,0,0
mixed-independent,615,field-average,0.9954128440366973,0.9526666666666667,0.9171428571428571,0.996,1,0
mixed-independent,615,whole-call,0.9954128440366973,0.9526666666666667,0.9171428571428571,0.996,1,0
mixed-independent,615,joint-long-schema,0.9954128440366973,0.9526666666666667,0.9171428571428571,0.996,1,0
mixed-independent,616,field-average,0.99509682224429,0.95,0.904572564612326,0.9958333333333333,1,0
mixed-independent,616,whole-call,0.99509682224429,0.95,0.904572564612326,0.9958333333333333,1,0
mixed-independent,616,joint-long-schema,0.99509682224429,0.95,0.904572564612326,0.9958333333333333,1,0
mixed-independent,617,field-average,0.9951990632318501,0.9463333333333334,0.912375790424571,0.9943333333333333,1,1
mixed-independent,617,whole-call,0.9951990632318501,0.9463333333333334,0.912375790424571,0.9943333333333333,0,0
mixed-independent,617,joint-long-schema,0.9951990632318501,0.9463333333333334,0.912375790424571,0.9943333333333333,0,0
mixed-independent,618,field-average,0.9958167810280486,0.954,0.9150141643059491,0.9958333333333333,1,0
mixed-independent,618,whole-call,0.9958167810280486,0.954,0.9150141643059491,0.9958333333333333,1,0
mixed-independent,618,joint-long-schema,0.9958167810280486,0.954,0.9150141643059491,0.9958333333333333,1,0
mixed-independent,619,field-average,0.9957516339869281,0.954,0.9091769157994324,0.996,1,0
mixed-independent,619,whole-call,0.9957516339869281,0.954,0.9091769157994324,0.996,1,0
mixed-independent,619,joint-long-schema,0.9957516339869281,0.954,0.9091769157994324,0.996,1,0
mixed-independent,620,field-average,0.9955560893586356,0.9513333333333334,0.9104761904761904,0.9955,1,0
mixed-independent,620,whole-call,0.9955560893586356,0.9513333333333334,0.9104761904761904,0.9955,1,0
mixed-independent,620,joint-long-schema,0.9955560893586356,0.9513333333333334,0.9104761904761904,0.9955,1,0
mixed-independent,621,field-average,0.9953876763535512,0.9513333333333334,0.9156279961649089,0.9948333333333333,1,0
mixed-independent,621,whole-call,0.9953876763535512,0.9513333333333334,0.9156279961649089,0.9948333333333333,1,0
mixed-independent,621,joint-long-schema,0.9953876763535512,0.9513333333333334,0.9156279961649089,0.9948333333333333,1,0
mixed-independent,622,field-average,0.9952567975830816,0.9506666666666667,0.9124423963133641,0.9945,1,0
mixed-independent,622,whole-call,0.9952567975830816,0.9506666666666667,0.9124423963133641,0.9945,1,0
mixed-independent,622,joint-long-schema,0.9952567975830816,0.9506666666666667,0.9124423963133641,0.9945,1,0
mixed-independent,623,field-average,0.9953670492587279,0.952,0.9116835326586936,0.9941666666666666,1,0
mixed-independent,623,whole-call,0.9953670492587279,0.952,0.9116835326586936,0.9941666666666666,1,0
mixed-independent,623,joint-long-schema,0.9953670492587279,0.952,0.9116835326586936,0.9941666666666666,1,0
mixed-independent,624,field-average,0.995145034414946,0.9503333333333334,0.9067961165048544,0.9958333333333333,1,0
mixed-independent,624,whole-call,0.995145034414946,0.9503333333333334,0.9067961165048544,0.9958333333333333,1,0
mixed-independent,624,joint-long-schema,0.995145034414946,0.9503333333333334,0.9067961165048544,0.9958333333333333,1,0
mixed-independent,625,field-average,0.9957695158102767,0.9563333333333334,0.9147058823529411,0.9958333333333333,1,0
mixed-independent,625,whole-call,0.9957695158102767,0.9563333333333334,0.9147058823529411,0.9958333333333333,1,0
mixed-independent,625,joint-long-schema,0.9957695158102767,0.9563333333333334,0.9147058823529411,0.9958333333333333,1,0
mixed-independent,626,field-average,0.9958667784832874,0.9566666666666667,0.9261744966442953,0.9956666666666667,1,0
mixed-independent,626,whole-call,0.9958667784832874,0.9566666666666667,0.9261744966442953,0.9956666666666667,1,0
mixed-independent,626,joint-long-schema,0.9958667784832874,0.9566666666666667,0.9261744966442953,0.9956666666666667,1,0
mixed-independent,627,field-average,0.995140586797066,0.9503333333333334,0.913926499032882,0.9966666666666667,1,0
mixed-independent,627,whole-call,0.995140586797066,0.9503333333333334,0.913926499032882,0.9966666666666667,1,0
mixed-independent,627,joint-long-schema,0.995140586797066,0.9503333333333334,0.913926499032882,0.9966666666666667,1,0
mixed-independent,628,field-average,0.9961598935655539,0.9583333333333334,0.9224880382775119,0.9968333333333333,1,0
mixed-independent,628,whole-call,0.9961598935655539,0.9583333333333334,0.9224880382775119,0.9968333333333333,1,0
mixed-independent,628,joint-long-schema,0.9961598935655539,0.9583333333333334,0.9224880382775119,0.9968333333333333,1,0
mixed-independent,629,field-average,0.9953025178504322,0.9516666666666667,0.9132189707366297,0.9941666666666666,1,0
mixed-independent,629,whole-call,0.9953025178504322,0.9516666666666667,0.9132189707366297,0.9941666666666666,1,0
mixed-independent,629,joint-long-schema,0.9953025178504322,0.9516666666666667,0.9132189707366297,0.9941666666666666,1,0
mixed-independent,630,field-average,0.9958078811833753,0.9556666666666667,0.9220657276995305,0.9958333333333333,1,0
mixed-independent,630,whole-call,0.9958078811833753,0.9556666666666667,0.9220657276995305,0.9958333333333333,1,0
mixed-independent,630,joint-long-schema,0.9958078811833753,0.9556666666666667,0.9220657276995305,0.9958333333333333,1,0
mixed-independent,631,field-average,0.9951620706337687,0.9473333333333334,0.896551724137931,0.995,1,1
mixed-independent,631,whole-call,0.9951620706337687,0.9473333333333334,0.896551724137931,0.995,0,0
mixed-independent,631,joint-long-schema,0.9951620706337687,0.9473333333333334,0.896551724137931,0.995,0,0
mixed-independent,632,field-average,0.9954954954954955,0.952,0.9039010466222646,0.9963333333333333,1,0
mixed-independent,632,whole-call,0.9954954954954955,0.952,0.9039010466222646,0.9963333333333333,1,0
mixed-independent,632,joint-long-schema,0.9954954954954955,0.952,0.9039010466222646,0.9963333333333333,1,0
mixed-independent,633,field-average,0.9952762497010285,0.95,0.9119850187265918,0.994,1,0
mixed-independent,633,whole-call,0.9952762497010285,0.95,0.9119850187265918,0.994,1,0
mixed-independent,633,joint-long-schema,0.9952762497010285,0.95,0.9119850187265918,0.994,1,0
mixed-independent,634,field-average,0.9958548600264328,0.9556666666666667,0.921421889616464,0.9953333333333333,1,0
mixed-independent,634,whole-call,0.9958548600264328,0.9556666666666667,0.921421889616464,0.9953333333333333,1,0
mixed-independent,634,joint-long-schema,0.9958548600264328,0.9556666666666667,0.921421889616464,0.9953333333333333,1,0
mixed-independent,635,field-average,0.9950294550810015,0.948,0.8959365708622399,0.9951666666666666,1,1
mixed-independent,635,whole-call,0.9950294550810015,0.948,0.8959365708622399,0.9951666666666666,0,0
mixed-independent,635,joint-long-schema,0.9950294550810015,0.948,0.8959365708622399,0.9951666666666666,0,0
mixed-independent,636,field-average,0.9956769683590876,0.9566666666666667,0.9227799227799228,0.996,1,0
mixed-independent,636,whole-call,0.9956769683590876,0.9566666666666667,0.9227799227799228,0.996,1,0
mixed-independent,636,joint-long-schema,0.9956769683590876,0.9566666666666667,0.9227799227799228,0.996,1,0
mixed-independent,637,field-average,0.9957259663032706,0.9556666666666667,0.9209486166007905,0.9961666666666666,1,0
mixed-independent,637,whole-call,0.9957259663032706,0.9556666666666667,0.9209486166007905,0.9961666666666666,1,0
mixed-independent,637,joint-long-schema,0.9957259663032706,0.9556666666666667,0.9209486166007905,0.9961666666666666,1,0
mixed-independent,638,field-average,0.9946262240267495,0.9433333333333334,0.8933582787652011,0.9951666666666666,1,1
mixed-independent,638,whole-call,0.9946262240267495,0.9433333333333334,0.8933582787652011,0.9951666666666666,0,0
mixed-independent,638,joint-long-schema,0.9946262240267495,0.9433333333333334,0.8933582787652011,0.9951666666666666,0,0
mixed-independent,639,field-average,0.9956823671497584,0.9533333333333334,0.9247619047619048,0.9955,1,0
mixed-independent,639,whole-call,0.9956823671497584,0.9533333333333334,0.9247619047619048,0.9955,1,0
mixed-independent,639,joint-long-schema,0.9956823671497584,0.9533333333333334,0.9247619047619048,0.9955,1,0
mixed-independent,640,field-average,0.9963687150837989,0.962,0.9301868239921337,0.9961666666666666,1,0
mixed-independent,640,whole-call,0.9963687150837989,0.962,0.9301868239921337,0.9961666666666666,1,0
mixed-independent,640,joint-long-schema,0.9963687150837989,0.962,0.9301868239921337,0.9961666666666666,1,0
mixed-independent,641,field-average,0.9955586025992608,0.9513333333333334,0.914175506268081,0.9953333333333333,1,0
mixed-independent,641,whole-call,0.9955586025992608,0.9513333333333334,0.914175506268081,0.9953333333333333,1,0
mixed-independent,641,joint-long-schema,0.9955586025992608,0.9513333333333334,0.914175506268081,0.9953333333333333,1,0
mixed-independent,642,field-average,0.9945304818092429,0.9446666666666667,0.8981390793339863,0.9956666666666667,1,1
mixed-independent,642,whole-call,0.9945304818092429,0.9446666666666667,0.8981390793339863,0.9956666666666667,0,0
mixed-independent,642,joint-long-schema,0.9945304818092429,0.9446666666666667,0.8981390793339863,0.9956666666666667,0,0
mixed-independent,643,field-average,0.9948630136986302,0.9446666666666667,0.8958333333333334,0.9935,1,1
mixed-independent,643,whole-call,0.9948630136986302,0.9446666666666667,0.8958333333333334,0.9935,0,0
mixed-independent,643,joint-long-schema,0.9948630136986302,0.9446666666666667,0.8958333333333334,0.9935,0,0
mixed-independent,644,field-average,0.9962359619893867,0.96,0.9188921859545005,0.9976666666666667,1,0
mixed-independent,644,whole-call,0.9962359619893867,0.96,0.9188921859545005,0.9976666666666667,1,0
mixed-independent,644,joint-long-schema,0.9962359619893867,0.96,0.9188921859545005,0.9976666666666667,1,0
mixed-independent,645,field-average,0.9952168746286393,0.948,0.9077946768060836,0.9941666666666666,1,1
mixed-independent,645,whole-call,0.9952168746286393,0.948,0.9077946768060836,0.9941666666666666,0,0
mixed-independent,645,joint-long-schema,0.9952168746286393,0.948,0.9077946768060836,0.9941666666666666,0,0
mixed-independent,646,field-average,0.9954572986069049,0.9526666666666667,0.9153992395437263,0.9948333333333333,1,0
mixed-independent,646,whole-call,0.9954572986069049,0.9526666666666667,0.9153992395437263,0.9948333333333333,1,0
mixed-independent,646,joint-long-schema,0.9954572986069049,0.9526666666666667,0.9153992395437263,0.9948333333333333,1,0
mixed-independent,647,field-average,0.9954178222597371,0.9513333333333334,0.9023696682464455,0.995,1,0
mixed-independent,647,whole-call,0.9954178222597371,0.9513333333333334,0.9023696682464455,0.995,1,0
mixed-independent,647,joint-long-schema,0.9954178222597371,0.9513333333333334,0.9023696682464455,0.995,1,0
mixed-independent,648,field-average,0.9957339949171004,0.9533333333333334,0.9161041465766635,0.9945,1,0
mixed-independent,648,whole-call,0.9957339949171004,0.9533333333333334,0.9161041465766635,0.9945,1,0
mixed-independent,648,joint-long-schema,0.9957339949171004,0.9533333333333334,0.9161041465766635,0.9945,1,0
mixed-independent,649,field-average,0.9959193470955353,0.956,0.9154135338345865,0.9963333333333333,1,0
mixed-independent,649,whole-call,0.9959193470955353,0.956,0.9154135338345865,0.9963333333333333,1,0
mixed-independent,649,joint-long-schema,0.9959193470955353,0.956,0.9154135338345865,0.9963333333333333,1,0
mixed-independent,650,field-average,0.9952295766249255,0.9483333333333334,0.9057639524245197,0.9936666666666667,1,1
mixed-independent,650,whole-call,0.9952295766249255,0.9483333333333334,0.9057639524245197,0.9936666666666667,0,0
mixed-independent,650,joint-long-schema,0.9952295766249255,0.9483333333333334,0.9057639524245197,0.9936666666666667,0,0
mixed-independent,651,field-average,0.9952527889864704,0.9473333333333334,0.9022421524663677,0.9943333333333333,1,1
mixed-independent,651,whole-call,0.9952527889864704,0.9473333333333334,0.9022421524663677,0.9943333333333333,0,0
mixed-independent,651,joint-long-schema,0.9952527889864704,0.9473333333333334,0.9022421524663677,0.9943333333333333,0,0
mixed-independent,652,field-average,0.9956161567299553,0.9543333333333334,0.9083175803402647,0.9966666666666667,1,0
mixed-independent,652,whole-call,0.9956161567299553,0.9543333333333334,0.9083175803402647,0.9966666666666667,1,0
mixed-independent,652,joint-long-schema,0.9956161567299553,0.9543333333333334,0.9083175803402647,0.9966666666666667,1,0
mixed-independent,653,field-average,0.9957436458713365,0.9546666666666667,0.9101338432122371,0.996,1,0
mixed-independent,653,whole-call,0.9957436458713365,0.9546666666666667,0.9101338432122371,0.996,1,0
mixed-independent,653,joint-long-schema,0.9957436458713365,0.9546666666666667,0.9101338432122371,0.996,1,0
mixed-independent,654,field-average,0.9956733698964046,0.9536666666666667,0.9124157844080847,0.9963333333333333,1,0
mixed-independent,654,whole-call,0.9956733698964046,0.9536666666666667,0.9124157844080847,0.9963333333333333,1,0
mixed-independent,654,joint-long-schema,0.9956733698964046,0.9536666666666667,0.9124157844080847,0.9963333333333333,1,0
mixed-independent,655,field-average,0.9949320223355184,0.9486666666666667,0.8980769230769231,0.9951666666666666,1,1
mixed-independent,655,whole-call,0.9949320223355184,0.9486666666666667,0.8980769230769231,0.9951666666666666,0,0
mixed-independent,655,joint-long-schema,0.9949320223355184,0.9486666666666667,0.8980769230769231,0.9951666666666666,0,0
mixed-independent,656,field-average,0.9953692566754871,0.951,0.9144486692015209,0.9955,1,0
mixed-independent,656,whole-call,0.9953692566754871,0.951,0.9144486692015209,0.9955,1,0
mixed-independent,656,joint-long-schema,0.9953692566754871,0.951,0.9144486692015209,0.9955,1,0
mixed-independent,657,field-average,0.9949898604318264,0.9466666666666667,0.9095149253731343,0.9945,1,1
mixed-independent,657,whole-call,0.9949898604318264,0.9466666666666667,0.9095149253731343,0.9945,0,0
mixed-independent,657,joint-long-schema,0.9949898604318264,0.9466666666666667,0.9095149253731343,0.9945,0,0
mixed-independent,658,field-average,0.9955510554737359,0.953,0.9117938553022795,0.9948333333333333,1,0
mixed-independent,658,whole-call,0.9955510554737359,0.953,0.9117938553022795,0.9948333333333333,1,0
mixed-independent,658,joint-long-schema,0.9955510554737359,0.953,0.9117938553022795,0.9948333333333333,1,0
mixed-independent,659,field-average,0.9952616521635475,0.948,0.9019426456984274,0.9966666666666667,1,1
mixed-independent,659,whole-call,0.9952616521635475,0.948,0.9019426456984274,0.9966666666666667,0,0
mixed-independent,659,joint-long-schema,0.9952616521635475,0.948,0.9019426456984274,0.9966666666666667,0,0
mixed-independent,660,field-average,0.9953895945285784,0.951,0.9156279961649089,0.9938333333333333,1,0
mixed-independent,660,whole-call,0.9953895945285784,0.951,0.9156279961649089,0.9938333333333333,1,0
mixed-independent,660,joint-long-schema,0.9953895945285784,0.951,0.9156279961649089,0.9938333333333333,1,0
mixed-independent,661,field-average,0.9962284482758621,0.9603333333333334,0.9295774647887324,0.9958333333333333,1,0
mixed-independent,661,whole-call,0.9962284482758621,0.9603333333333334,0.9295774647887324,0.9958333333333333,1,0
mixed-independent,661,joint-long-schema,0.9962284482758621,0.9603333333333334,0.9295774647887324,0.9958333333333333,1,0
mixed-independent,662,field-average,0.99541909124675,0.954,0.9184890656063618,0.9948333333333333,1,0
mixed-independent,662,whole-call,0.99541909124675,0.954,0.9184890656063618,0.9948333333333333,1,0
mixed-independent,662,joint-long-schema,0.99541909124675,0.954,0.9184890656063618,0.9948333333333333,1,0
mixed-independent,663,field-average,0.9954922027290448,0.9513333333333334,0.9250972762645915,0.9935,1,0
mixed-independent,663,whole-call,0.9954922027290448,0.9513333333333334,0.9250972762645915,0.9935,1,0
mixed-independent,663,joint-long-schema,0.9954922027290448,0.9513333333333334,0.9250972762645915,0.9935,1,0
mixed-independent,664,field-average,0.9958512416427889,0.9546666666666667,0.9226519337016574,0.9963333333333333,1,0
mixed-independent,664,whole-call,0.9958512416427889,0.9546666666666667,0.9226519337016574,0.9963333333333333,1,0
mixed-independent,664,joint-long-schema,0.9958512416427889,0.9546666666666667,0.9226519337016574,0.9963333333333333,1,0
mixed-independent,665,field-average,0.9951783992285439,0.9483333333333334,0.9056429232192414,0.9958333333333333,1,1
mixed-independent,665,whole-call,0.9951783992285439,0.9483333333333334,0.9056429232192414,0.9958333333333333,0,0
mixed-independent,665,joint-long-schema,0.9951783992285439,0.9483333333333334,0.9056429232192414,0.9958333333333333,0,0
mixed-independent,666,field-average,0.9955984839222399,0.953,0.9143672692673644,0.9951666666666666,1,0
mixed-independent,666,whole-call,0.9955984839222399,0.953,0.9143672692673644,0.9951666666666666,1,0
mixed-independent,666,joint-long-schema,0.9955984839222399,0.953,0.9143672692673644,0.9951666666666666,1,0
mixed-independent,667,field-average,0.9956008195733398,0.9543333333333334,0.9092592592592592,0.9961666666666666,1,0
mixed-independent,667,whole-call,0.9956008195733398,0.9543333333333334,0.9092592592592592,0.9961666666666666,1,0
mixed-independent,667,joint-long-schema,0.9956008195733398,0.9543333333333334,0.9092592592592592,0.9961666666666666,1,0
mixed-independent,668,field-average,0.9955671529175051,0.9546666666666667,0.9237804878048781,0.996,1,0
mixed-independent,668,whole-call,0.9955671529175051,0.9546666666666667,0.9237804878048781,0.996,1,0
mixed-independent,668,joint-long-schema,0.9955671529175051,0.9546666666666667,0.9237804878048781,0.996,1,0
mixed-independent,669,field-average,0.9946207148067104,0.945,0.8990384615384616,0.9955,1,1
mixed-independent,669,whole-call,0.9946207148067104,0.945,0.8990384615384616,0.9955,0,0
mixed-independent,669,joint-long-schema,0.9946207148067104,0.945,0.8990384615384616,0.9955,0,0
mixed-independent,670,field-average,0.9959912536443148,0.957,0.9216589861751152,0.9951666666666666,1,0
mixed-independent,670,whole-call,0.9959912536443148,0.957,0.9216589861751152,0.9951666666666666,1,0
mixed-independent,670,joint-long-schema,0.9959912536443148,0.957,0.9216589861751152,0.9951666666666666,1,0
mixed-independent,671,field-average,0.9954122752634842,0.9513333333333334,0.9135559921414538,0.9938333333333333,1,0
mixed-independent,671,whole-call,0.9954122752634842,0.9513333333333334,0.9135559921414538,0.9938333333333333,1,0
mixed-independent,671,joint-long-schema,0.9954122752634842,0.9513333333333334,0.9135559921414538,0.9938333333333333,1,0
mixed-independent,672,field-average,0.9959598432908913,0.958,0.9279538904899135,0.9951666666666666,1,0
mixed-independent,672,whole-call,0.9959598432908913,0.958,0.9279538904899135,0.9951666666666666,1,0
mixed-independent,672,joint-long-schema,0.9959598432908913,0.958,0.9279538904899135,0.9951666666666666,1,0
mixed-independent,673,field-average,0.995623292773777,0.9546666666666667,0.9078295341922695,0.9958333333333333,1,0
mixed-independent,673,whole-call,0.995623292773777,0.9546666666666667,0.9078295341922695,0.9958333333333333,1,0
mixed-independent,673,joint-long-schema,0.995623292773777,0.9546666666666667,0.9078295341922695,0.9958333333333333,1,0
mixed-independent,674,field-average,0.9959486412365993,0.9583333333333334,0.9168297455968689,0.9955,1,0
mixed-independent,674,whole-call,0.9959486412365993,0.9583333333333334,0.9168297455968689,0.9955,1,0
mixed-independent,674,joint-long-schema,0.9959486412365993,0.9583333333333334,0.9168297455968689,0.9955,1,0
mixed-independent,675,field-average,0.9952022349082958,0.9493333333333334,0.9146459747817652,0.9958333333333333,1,1
mixed-independent,675,whole-call,0.9952022349082958,0.9493333333333334,0.9146459747817652,0.9958333333333333,0,0
mixed-independent,675,joint-long-schema,0.9952022349082958,0.9493333333333334,0.9146459747817652,0.9958333333333333,0,0
mixed-independent,676,field-average,0.995489372219476,0.9533333333333334,0.9106090373280943,0.9946666666666667,1,0
mixed-independent,676,whole-call,0.995489372219476,0.9533333333333334,0.9106090373280943,0.9946666666666667,1,0
mixed-independent,676,joint-long-schema,0.995489372219476,0.9533333333333334,0.9106090373280943,0.9946666666666667,1,0
mixed-independent,677,field-average,0.9956567274519468,0.956,0.9114427860696518,0.995,1,0
mixed-independent,677,whole-call,0.9956567274519468,0.956,0.9114427860696518,0.995,1,0
mixed-independent,677,joint-long-schema,0.9956567274519468,0.956,0.9114427860696518,0.995,1,0
mixed-independent,678,field-average,0.995625150856867,0.9533333333333334,0.9134078212290503,0.9958333333333333,1,0
mixed-independent,678,whole-call,0.995625150856867,0.9533333333333334,0.9134078212290503,0.9958333333333333,1,0
mixed-independent,678,joint-long-schema,0.995625150856867,0.9533333333333334,0.9134078212290503,0.9958333333333333,1,0
mixed-independent,679,field-average,0.9957795731339684,0.9556666666666667,0.9136276391554703,0.9971666666666666,1,0
mixed-independent,679,whole-call,0.9957795731339684,0.9556666666666667,0.9136276391554703,0.9971666666666666,1,0
mixed-independent,679,joint-long-schema,0.9957795731339684,0.9556666666666667,0.9136276391554703,0.9971666666666666,1,0
mixed-independent,680,field-average,0.9956759077526988,0.9546666666666667,0.9072063178677197,0.9945,1,0
mixed-independent,680,whole-call,0.9956759077526988,0.9546666666666667,0.9072063178677197,0.9945,1,0
mixed-independent,680,joint-long-schema,0.9956759077526988,0.9546666666666667,0.9072063178677197,0.9945,1,0
mixed-independent,681,field-average,0.9955016021690904,0.9526666666666667,0.9116234390009607,0.9951666666666666,1,0
mixed-independent,681,whole-call,0.9955016021690904,0.9526666666666667,0.9116234390009607,0.9951666666666666,1,0
mixed-independent,681,joint-long-schema,0.9955016021690904,0.9526666666666667,0.9116234390009607,0.9951666666666666,1,0
mixed-independent,682,field-average,0.9953788713428816,0.951,0.9084645669291339,0.9945,1,0
mixed-independent,682,whole-call,0.9953788713428816,0.951,0.9084645669291339,0.9945,1,0
mixed-independent,682,joint-long-schema,0.9953788713428816,0.951,0.9084645669291339,0.9945,1,0
mixed-independent,683,field-average,0.9953271028037384,0.9506666666666667,0.9100478468899521,0.9961666666666666,1,0
mixed-independent,683,whole-call,0.9953271028037384,0.9506666666666667,0.9100478468899521,0.9961666666666666,1,0
mixed-independent,683,joint-long-schema,0.9953271028037384,0.9506666666666667,0.9100478468899521,0.9961666666666666,1,0
mixed-independent,684,field-average,0.9958652559892983,0.9563333333333334,0.9217557251908397,0.9951666666666666,1,0
mixed-independent,684,whole-call,0.9958652559892983,0.9563333333333334,0.9217557251908397,0.9951666666666666,1,0
mixed-independent,684,joint-long-schema,0.9958652559892983,0.9563333333333334,0.9217557251908397,0.9951666666666666,1,0
mixed-independent,685,field-average,0.9957234068184556,0.9536666666666667,0.904096834264432,0.9961666666666666,1,0
mixed-independent,685,whole-call,0.9957234068184556,0.9536666666666667,0.904096834264432,0.9961666666666666,1,0
mixed-independent,685,joint-long-schema,0.9957234068184556,0.9536666666666667,0.904096834264432,0.9961666666666666,1,0
mixed-independent,686,field-average,0.9954726548352046,0.9523333333333334,0.9167464114832536,0.994,1,0
mixed-independent,686,whole-call,0.9954726548352046,0.9523333333333334,0.9167464114832536,0.994,1,0
mixed-independent,686,joint-long-schema,0.9954726548352046,0.9523333333333334,0.9167464114832536,0.994,1,0
mixed-independent,687,field-average,0.9953589869682813,0.952,0.8963831867057673,0.9958333333333333,1,0
mixed-independent,687,whole-call,0.9953589869682813,0.952,0.8963831867057673,0.9958333333333333,1,0
mixed-independent,687,joint-long-schema,0.9953589869682813,0.952,0.8963831867057673,0.9958333333333333,0,0
mixed-independent,688,field-average,0.9954178222597371,0.951,0.9217877094972067,0.996,1,0
mixed-independent,688,whole-call,0.9954178222597371,0.951,0.9217877094972067,0.996,1,0
mixed-independent,688,joint-long-schema,0.9954178222597371,0.951,0.9217877094972067,0.996,1,0
mixed-independent,689,field-average,0.9957846153846154,0.9553333333333334,0.9150390625,0.9955,1,0
mixed-independent,689,whole-call,0.9957846153846154,0.9553333333333334,0.9150390625,0.9955,1,0
mixed-independent,689,joint-long-schema,0.9957846153846154,0.9553333333333334,0.9150390625,0.9955,1,0
mixed-independent,690,field-average,0.9953830573096628,0.9486666666666667,0.9088372093023256,0.995,1,1
mixed-independent,690,whole-call,0.9953830573096628,0.9486666666666667,0.9088372093023256,0.995,0,0
mixed-independent,690,joint-long-schema,0.9953830573096628,0.9486666666666667,0.9088372093023256,0.995,0,0
mixed-independent,691,field-average,0.9957937088514996,0.955,0.9157088122605364,0.9945,1,0
mixed-independent,691,whole-call,0.9957937088514996,0.955,0.9157088122605364,0.9945,1,0
mixed-independent,691,joint-long-schema,0.9957937088514996,0.955,0.9157088122605364,0.9945,1,0
mixed-independent,692,field-average,0.9954402705640778,0.9516666666666667,0.9123809523809524,0.9936666666666667,1,0
mixed-independent,692,whole-call,0.9954402705640778,0.9516666666666667,0.9123809523809524,0.9936666666666667,1,0
mixed-independent,692,joint-long-schema,0.9954402705640778,0.9516666666666667,0.9123809523809524,0.9936666666666667,1,0
mixed-independent,693,field-average,0.9955776503598878,0.954,0.901077375122429,0.9953333333333333,1,0
mixed-independent,693,whole-call,0.9955776503598878,0.954,0.901077375122429,0.9953333333333333,1,0
mixed-independent,693,joint-long-schema,0.9955776503598878,0.954,0.901077375122429,0.9953333333333333,1,0
mixed-independent,694,field-average,0.9950345161680998,0.948,0.8971596474045054,0.9951666666666666,1,1
mixed-independent,694,whole-call,0.9950345161680998,0.948,0.8971596474045054,0.9951666666666666,0,0
mixed-independent,694,joint-long-schema,0.9950345161680998,0.948,0.8971596474045054,0.9951666666666666,0,0
mixed-independent,695,field-average,0.9951529383429673,0.9476666666666667,0.9027128157156221,0.9963333333333333,1,1
mixed-independent,695,whole-call,0.9951529383429673,0.9476666666666667,0.9027128157156221,0.9963333333333333,0,0
mixed-independent,695,joint-long-schema,0.9951529383429673,0.9476666666666667,0.9027128157156221,0.9963333333333333,0,0
mixed-independent,696,field-average,0.9954669352927233,0.9513333333333334,0.9098436062557498,0.9963333333333333,1,0
mixed-independent,696,whole-call,0.9954669352927233,0.9513333333333334,0.9098436062557498,0.9963333333333333,1,0
mixed-independent,696,joint-long-schema,0.9954669352927233,0.9513333333333334,0.9098436062557498,0.9963333333333333,1,0
mixed-independent,697,field-average,0.9957492354740061,0.9543333333333334,0.9159335288367546,0.997,1,0
mixed-independent,697,whole-call,0.9957492354740061,0.9543333333333334,0.9159335288367546,0.997,1,0
mixed-independent,697,joint-long-schema,0.9957492354740061,0.9543333333333334,0.9159335288367546,0.997,1,0
mixed-independent,698,field-average,0.9955706882005544,0.9536666666666667,0.9119318181818182,0.9958333333333333,1,0
mixed-independent,698,whole-call,0.9955706882005544,0.9536666666666667,0.9119318181818182,0.9958333333333333,1,0
mixed-independent,698,joint-long-schema,0.9955706882005544,0.9536666666666667,0.9119318181818182,0.9958333333333333,1,0
mixed-independent,699,field-average,0.9955330730091113,0.9503333333333334,0.9077490774907749,0.9958333333333333,1,0
mixed-independent,699,whole-call,0.9955330730091113,0.9503333333333334,0.9077490774907749,0.9958333333333333,1,0
mixed-independent,699,joint-long-schema,0.9955330730091113,0.9503333333333334,0.9077490774907749,0.9958333333333333,1,0
mixed-independent,700,field-average,0.9955741332677649,0.9523333333333334,0.9252601702932829,0.9961666666666666,1,0
mixed-independent,700,whole-call,0.9955741332677649,0.9523333333333334,0.9252601702932829,0.9961666666666666,1,0
mixed-independent,700,joint-long-schema,0.9955741332677649,0.9523333333333334,0.9252601702932829,0.9961666666666666,1,0
mixed-independent,701,field-average,0.995395218345938,0.9513333333333334,0.9083011583011583,0.995,1,0
mixed-independent,701,whole-call,0.995395218345938,0.9513333333333334,0.9083011583011583,0.995,1,0
mixed-independent,701,joint-long-schema,0.995395218345938,0.9513333333333334,0.9083011583011583,0.995,1,0
mixed-independent,702,field-average,0.995367027677497,0.9503333333333334,0.9007633587786259,0.995,1,0
mixed-independent,702,whole-call,0.995367027677497,0.9503333333333334,0.9007633587786259,0.995,1,0
mixed-independent,702,joint-long-schema,0.995367027677497,0.9503333333333334,0.9007633587786259,0.995,1,0
mixed-independent,703,field-average,0.9954632856627809,0.9516666666666667,0.904363974001857,0.9956666666666667,1,0
mixed-independent,703,whole-call,0.9954632856627809,0.9516666666666667,0.904363974001857,0.9956666666666667,1,0
mixed-independent,703,joint-long-schema,0.9954632856627809,0.9516666666666667,0.904363974001857,0.9956666666666667,1,0
mixed-independent,704,field-average,0.9947582634435126,0.9456666666666667,0.8950980392156863,0.9948333333333333,1,1
mixed-independent,704,whole-call,0.9947582634435126,0.9456666666666667,0.8950980392156863,0.9948333333333333,0,0
mixed-independent,704,joint-long-schema,0.9947582634435126,0.9456666666666667,0.8950980392156863,0.9948333333333333,0,0
mixed-independent,705,field-average,0.9953884681162961,0.951,0.9062200956937799,0.9948333333333333,1,0
mixed-independent,705,whole-call,0.9953884681162961,0.951,0.9062200956937799,0.9948333333333333,1,0
mixed-independent,705,joint-long-schema,0.9953884681162961,0.951,0.9062200956937799,0.9948333333333333,1,0
mixed-independent,706,field-average,0.9956283809284187,0.9546666666666667,0.9098277608915907,0.9955,1,0
mixed-independent,706,whole-call,0.9956283809284187,0.9546666666666667,0.9098277608915907,0.9955,1,0
mixed-independent,706,joint-long-schema,0.9956283809284187,0.9546666666666667,0.9098277608915907,0.9955,1,0
mixed-independent,707,field-average,0.9952367036820573,0.9486666666666667,0.9080252479711451,0.9948333333333333,1,1
mixed-independent,707,whole-call,0.9952367036820573,0.9486666666666667,0.9080252479711451,0.9948333333333333,0,0
mixed-independent,707,joint-long-schema,0.9952367036820573,0.9486666666666667,0.9080252479711451,0.9948333333333333,0,0
mixed-independent,708,field-average,0.9947683561146728,0.944,0.9019792648444863,0.9928333333333333,1,1
mixed-independent,708,whole-call,0.9947683561146728,0.944,0.9019792648444863,0.9928333333333333,0,0
mixed-independent,708,joint-long-schema,0.9947683561146728,0.944,0.9019792648444863,0.9928333333333333,0,0
mixed-independent,709,field-average,0.9959322241252753,0.9583333333333334,0.9191102123356926,0.9971666666666666,1,0
mixed-independent,709,whole-call,0.9959322241252753,0.9583333333333334,0.9191102123356926,0.9971666666666666,1,0
mixed-independent,709,joint-long-schema,0.9959322241252753,0.9583333333333334,0.9191102123356926,0.9971666666666666,1,0
mixed-independent,710,field-average,0.9955709839597797,0.9526666666666667,0.9100378787878788,0.9971666666666666,1,0
mixed-independent,710,whole-call,0.9955709839597797,0.9526666666666667,0.9100378787878788,0.9971666666666666,1,0
mixed-independent,710,joint-long-schema,0.9955709839597797,0.9526666666666667,0.9100378787878788,0.9971666666666666,1,0
mixed-independent,711,field-average,0.9955965021861337,0.9533333333333334,0.9096209912536443,0.9963333333333333,1,0
mixed-independent,711,whole-call,0.9955965021861337,0.9533333333333334,0.9096209912536443,0.9963333333333333,1,0
mixed-independent,711,joint-long-schema,0.9955965021861337,0.9533333333333334,0.9096209912536443,0.9963333333333333,1,0
mixed-independent,712,field-average,0.9951651651651652,0.948,0.899335232668566,0.996,1,1
mixed-independent,712,whole-call,0.9951651651651652,0.948,0.899335232668566,0.996,0,0
mixed-independent,712,joint-long-schema,0.9951651651651652,0.948,0.899335232668566,0.996,0,0
mixed-independent,713,field-average,0.9952892861456698,0.95,0.9093511450381679,0.9951666666666666,1,0
mixed-independent,713,whole-call,0.9952892861456698,0.95,0.9093511450381679,0.9951666666666666,1,0
mixed-independent,713,joint-long-schema,0.9952892861456698,0.95,0.9093511450381679,0.9951666666666666,1,0
mixed-independent,714,field-average,0.9960088419501413,0.959,0.9206963249516441,0.9973333333333333,1,0
mixed-independent,714,whole-call,0.9960088419501413,0.959,0.9206963249516441,0.9973333333333333,1,0
mixed-independent,714,joint-long-schema,0.9960088419501413,0.959,0.9206963249516441,0.9973333333333333,1,0
mixed-independent,715,field-average,0.9953969392635102,0.9503333333333334,0.9110690633869442,0.9953333333333333,1,0
mixed-independent,715,whole-call,0.9953969392635102,0.9503333333333334,0.9110690633869442,0.9953333333333333,1,0
mixed-independent,715,joint-long-schema,0.9953969392635102,0.9503333333333334,0.9110690633869442,0.9953333333333333,1,0
mixed-independent,716,field-average,0.9958690145941382,0.9566666666666667,0.919431279620853,0.9961666666666666,1,0
mixed-independent,716,whole-call,0.9958690145941382,0.9566666666666667,0.919431279620853,0.9961666666666666,1,0
mixed-independent,716,joint-long-schema,0.9958690145941382,0.9566666666666667,0.919431279620853,0.9961666666666666,1,0
mixed-independent,717,field-average,0.9957463497043563,0.954,0.9098513011152416,0.996,1,0
mixed-independent,717,whole-call,0.9957463497043563,0.954,0.9098513011152416,0.996,1,0
mixed-independent,717,joint-long-schema,0.9957463497043563,0.954,0.9098513011152416,0.996,1,0
mixed-independent,718,field-average,0.9961806404302127,0.9593333333333334,0.9178605539637058,0.996,1,0
mixed-independent,718,whole-call,0.9961806404302127,0.9593333333333334,0.9178605539637058,0.996,1,0
mixed-independent,718,joint-long-schema,0.9961806404302127,0.9593333333333334,0.9178605539637058,0.996,1,0
mixed-independent,719,field-average,0.9957514764372665,0.955,0.9173789173789174,0.9955,1,0
mixed-independent,719,whole-call,0.9957514764372665,0.955,0.9173789173789174,0.9955,1,0
mixed-independent,719,joint-long-schema,0.9957514764372665,0.955,0.9173789173789174,0.9955,1,0
mixed-independent,720,field-average,0.9956574923547401,0.9553333333333334,0.9167482859941234,0.9963333333333333,1,0
mixed-independent,720,whole-call,0.9956574923547401,0.9553333333333334,0.9167482859941234,0.9963333333333333,1,0
mixed-independent,720,joint-long-schema,0.9956574923547401,0.9553333333333334,0.9167482859941234,0.9963333333333333,1,0
mixed-independent,721,field-average,0.9956824678418295,0.9526666666666667,0.9067796610169492,0.9948333333333333,1,0
mixed-independent,721,whole-call,0.9956824678418295,0.9526666666666667,0.9067796610169492,0.9948333333333333,1,0
mixed-independent,721,joint-long-schema,0.9956824678418295,0.9526666666666667,0.9067796610169492,0.9948333333333333,1,0
mixed-independent,722,field-average,0.9958058717795086,0.9543333333333334,0.9168260038240917,0.9958333333333333,1,0
mixed-independent,722,whole-call,0.9958058717795086,0.9543333333333334,0.9168260038240917,0.9958333333333333,1,0
mixed-independent,722,joint-long-schema,0.9958058717795086,0.9543333333333334,0.9168260038240917,0.9958333333333333,1,0
mixed-independent,723,field-average,0.9958150048875856,0.9566666666666667,0.9216634429400387,0.9955,1,0
mixed-independent,723,whole-call,0.9958150048875856,0.9566666666666667,0.9216634429400387,0.9955,1,0
mixed-independent,723,joint-long-schema,0.9958150048875856,0.9566666666666667,0.9216634429400387,0.9955,1,0
mixed-independent,724,field-average,0.9946933962264151,0.945,0.8928571428571429,0.9955,1,1
mixed-independent,724,whole-call,0.9946933962264151,0.945,0.8928571428571429,0.9955,0,0
mixed-independent,724,joint-long-schema,0.9946933962264151,0.945,0.8928571428571429,0.9955,0,0
mixed-independent,725,field-average,0.9948831294659077,0.9456666666666667,0.8935960591133005,0.9936666666666667,1,1
mixed-independent,725,whole-call,0.9948831294659077,0.9456666666666667,0.8935960591133005,0.9936666666666667,0,0
mixed-independent,725,joint-long-schema,0.9948831294659077,0.9456666666666667,0.8935960591133005,0.9936666666666667,0,0
mixed-independent,726,field-average,0.9949915520154478,0.948,0.910351201478743,0.9951666666666666,1,1
mixed-independent,726,whole-call,0.9949915520154478,0.948,0.910351201478743,0.9951666666666666,0,0
mixed-independent,726,joint-long-schema,0.9949915520154478,0.948,0.910351201478743,0.9951666666666666,0,0
mixed-independent,727,field-average,0.9952522075722753,0.9486666666666667,0.9090909090909091,0.9953333333333333,1,1
mixed-independent,727,whole-call,0.9952522075722753,0.9486666666666667,0.9090909090909091,0.9953333333333333,0,0
mixed-independent,727,joint-long-schema,0.9952522075722753,0.9486666666666667,0.9090909090909091,0.9953333333333333,0,0
mixed-independent,728,field-average,0.9957762287334594,0.9536666666666667,0.9237057220708447,0.9955,1,0
mixed-independent,728,whole-call,0.9957762287334594,0.9536666666666667,0.9237057220708447,0.9955,1,0
mixed-independent,728,joint-long-schema,0.9957762287334594,0.9536666666666667,0.9237057220708447,0.9955,1,0
mixed-independent,729,field-average,0.9951841014386735,0.9496666666666667,0.9031007751937985,0.9958333333333333,1,1
mixed-independent,729,whole-call,0.9951841014386735,0.9496666666666667,0.9031007751937985,0.9958333333333333,0,0
mixed-independent,729,joint-long-schema,0.9951841014386735,0.9496666666666667,0.9031007751937985,0.9958333333333333,0,0
mixed-independent,730,field-average,0.9955265385080402,0.952,0.9090909090909091,0.9946666666666667,1,0
mixed-independent,730,whole-call,0.9955265385080402,0.952,0.9090909090909091,0.9946666666666667,1,0
mixed-independent,730,joint-long-schema,0.9955265385080402,0.952,0.9090909090909091,0.9946666666666667,1,0
mixed-independent,731,field-average,0.9958852716930897,0.9566666666666667,0.9243295019157088,0.996,1,0
mixed-independent,731,whole-call,0.9958852716930897,0.9566666666666667,0.9243295019157088,0.996,1,0
mixed-independent,731,joint-long-schema,0.9958852716930897,0.9566666666666667,0.9243295019157088,0.996,1,0
mixed-independent,732,field-average,0.9957321471507574,0.9553333333333334,0.9198067632850242,0.9966666666666667,1,0
mixed-independent,732,whole-call,0.9957321471507574,0.9553333333333334,0.9198067632850242,0.9966666666666667,1,0
mixed-independent,732,joint-long-schema,0.9957321471507574,0.9553333333333334,0.9198067632850242,0.9966666666666667,1,0
mixed-independent,733,field-average,0.99496870781691,0.9476666666666667,0.9034749034749034,0.9948333333333333,1,1
mixed-independent,733,whole-call,0.99496870781691,0.9476666666666667,0.9034749034749034,0.9948333333333333,0,0
mixed-independent,733,joint-long-schema,0.99496870781691,0.9476666666666667,0.9034749034749034,0.9948333333333333,0,0
mixed-independent,734,field-average,0.9959105123887418,0.958,0.9184629803186504,0.9968333333333333,1,0
mixed-independent,734,whole-call,0.9959105123887418,0.958,0.9184629803186504,0.9968333333333333,1,0
mixed-independent,734,joint-long-schema,0.9959105123887418,0.958,0.9184629803186504,0.9968333333333333,1,0
mixed-independent,735,field-average,0.9952644526445265,0.9506666666666667,0.9174950298210736,0.994,1,0
mixed-independent,735,whole-call,0.9952644526445265,0.9506666666666667,0.9174950298210736,0.994,1,0
mixed-independent,735,joint-long-schema,0.9952644526445265,0.9506666666666667,0.9174950298210736,0.994,1,0
mixed-independent,736,field-average,0.9952970591737111,0.9503333333333334,0.903558052434457,0.9946666666666667,1,0
mixed-independent,736,whole-call,0.9952970591737111,0.9503333333333334,0.903558052434457,0.9946666666666667,1,0
mixed-independent,736,joint-long-schema,0.9952970591737111,0.9503333333333334,0.903558052434457,0.9946666666666667,1,0
mixed-independent,737,field-average,0.9953557552209811,0.95,0.9044465468306528,0.9961666666666666,1,0
mixed-independent,737,whole-call,0.9953557552209811,0.95,0.9044465468306528,0.9961666666666666,1,0
mixed-independent,737,joint-long-schema,0.9953557552209811,0.95,0.9044465468306528,0.9961666666666666,1,0
mixed-independent,738,field-average,0.9952491168229991,0.95,0.9130850047755492,0.9963333333333333,1,0
mixed-independent,738,whole-call,0.9952491168229991,0.95,0.9130850047755492,0.9963333333333333,1,0
mixed-independent,738,joint-long-schema,0.9952491168229991,0.95,0.9130850047755492,0.9963333333333333,1,0
mixed-independent,739,field-average,0.9953399122807017,0.951,0.9115384615384615,0.9951666666666666,1,0
mixed-independent,739,whole-call,0.9953399122807017,0.951,0.9115384615384615,0.9951666666666666,1,0
mixed-independent,739,joint-long-schema,0.9953399122807017,0.951,0.9115384615384615,0.9951666666666666,1,0
mixed-independent,740,field-average,0.9955002482621649,0.9536666666666667,0.9086395233366436,0.9938333333333333,1,0
mixed-independent,740,whole-call,0.9955002482621649,0.9536666666666667,0.9086395233366436,0.9938333333333333,1,0
mixed-independent,740,joint-long-schema,0.9955002482621649,0.9536666666666667,0.9086395233366436,0.9938333333333333,1,0
mixed-independent,741,field-average,0.9955530686771116,0.9526666666666667,0.9155313351498637,0.9966666666666667,1,0
mixed-independent,741,whole-call,0.9955530686771116,0.9526666666666667,0.9155313351498637,0.9966666666666667,1,0
mixed-independent,741,joint-long-schema,0.9955530686771116,0.9526666666666667,0.9155313351498637,0.9966666666666667,1,0
mixed-independent,742,field-average,0.995552035096271,0.953,0.9131274131274131,0.9965,1,0
mixed-independent,742,whole-call,0.995552035096271,0.953,0.9131274131274131,0.9965,1,0
mixed-independent,742,joint-long-schema,0.995552035096271,0.953,0.9131274131274131,0.9965,1,0
mixed-independent,743,field-average,0.9954430226943506,0.9496666666666667,0.9108341323106424,0.9961666666666666,1,1
mixed-independent,743,whole-call,0.9954430226943506,0.9496666666666667,0.9108341323106424,0.9961666666666666,0,0
mixed-independent,743,joint-long-schema,0.9954430226943506,0.9496666666666667,0.9108341323106424,0.9961666666666666,0,0
mixed-independent,744,field-average,0.9950323052541753,0.9466666666666667,0.8978444236176195,0.9956666666666667,1,1
mixed-independent,744,whole-call,0.9950323052541753,0.9466666666666667,0.8978444236176195,0.9956666666666667,0,0
mixed-independent,744,joint-long-schema,0.9950323052541753,0.9466666666666667,0.8978444236176195,0.9956666666666667,0,0
mixed-independent,745,field-average,0.9950637340664834,0.949,0.9056047197640118,0.9955,1,1
mixed-independent,745,whole-call,0.9950637340664834,0.949,0.9056047197640118,0.9955,0,0
mixed-independent,745,joint-long-schema,0.9950637340664834,0.949,0.9056047197640118,0.9955,0,0
mixed-independent,746,field-average,0.9955965737724696,0.9526666666666667,0.923943661971831,0.995,1,0
mixed-independent,746,whole-call,0.9955965737724696,0.9526666666666667,0.923943661971831,0.995,1,0
mixed-independent,746,joint-long-schema,0.9955965737724696,0.9526666666666667,0.923943661971831,0.995,1,0
mixed-independent,747,field-average,0.9953776435045317,0.9516666666666667,0.9204119850187266,0.994,1,0
mixed-independent,747,whole-call,0.9953776435045317,0.9516666666666667,0.9204119850187266,0.994,1,0
mixed-independent,747,joint-long-schema,0.9953776435045317,0.9516666666666667,0.9204119850187266,0.994,1,0
mixed-independent,748,field-average,0.9947672986949028,0.9466666666666667,0.9072463768115943,0.9943333333333333,1,1
mixed-independent,748,whole-call,0.9947672986949028,0.9466666666666667,0.9072463768115943,0.9943333333333333,0,0
mixed-independent,748,joint-long-schema,0.9947672986949028,0.9466666666666667,0.9072463768115943,0.9943333333333333,0,0
mixed-independent,749,field-average,0.9952634695085849,0.948,0.9154275092936803,0.9943333333333333,1,1
mixed-independent,749,whole-call,0.9952634695085849,0.948,0.9154275092936803,0.9943333333333333,0,0
mixed-independent,749,joint-long-schema,0.9952634695085849,0.948,0.9154275092936803,0.9943333333333333,0,0
mixed-independent,750,field-average,0.9950534110220928,0.9466666666666667,0.9123809523809524,0.9953333333333333,1,1
mixed-independent,750,whole-call,0.9950534110220928,0.9466666666666667,0.9123809523809524,0.9953333333333333,0,0
mixed-independent,750,joint-long-schema,0.9950534110220928,0.9466666666666667,0.9123809523809524,0.9953333333333333,0,0
mixed-independent,751,field-average,0.9955198232478213,0.9543333333333334,0.9146692233940557,0.9955,1,0
mixed-independent,751,whole-call,0.9955198232478213,0.9543333333333334,0.9146692233940557,0.9955,1,0
mixed-independent,751,joint-long-schema,0.9955198232478213,0.9543333333333334,0.9146692233940557,0.9955,1,0
mixed-independent,752,field-average,0.9949891330596474,0.9476666666666667,0.8941289701636189,0.9958333333333333,1,1
mixed-independent,752,whole-call,0.9949891330596474,0.9476666666666667,0.8941289701636189,0.9958333333333333,0,0
mixed-independent,752,joint-long-schema,0.9949891330596474,0.9476666666666667,0.8941289701636189,0.9958333333333333,0,0
mixed-independent,753,field-average,0.9956640388114009,0.9533333333333334,0.9165867689357622,0.995,1,0
mixed-independent,753,whole-call,0.9956640388114009,0.9533333333333334,0.9165867689357622,0.995,1,0
mixed-independent,753,joint-long-schema,0.9956640388114009,0.9533333333333334,0.9165867689357622,0.995,1,0
mixed-independent,754,field-average,0.9955161054172768,0.9536666666666667,0.9089128305582762,0.9963333333333333,1,0
mixed-independent,754,whole-call,0.9955161054172768,0.9536666666666667,0.9089128305582762,0.9963333333333333,1,0
mixed-independent,754,joint-long-schema,0.9955161054172768,0.9536666666666667,0.9089128305582762,0.9963333333333333,1,0
mixed-independent,755,field-average,0.9956650903358797,0.955,0.9106796116504854,0.9946666666666667,1,0
mixed-independent,755,whole-call,0.9956650903358797,0.955,0.9106796116504854,0.9946666666666667,1,0
mixed-independent,755,joint-long-schema,0.9956650903358797,0.955,0.9106796116504854,0.9946666666666667,1,0
mixed-independent,756,field-average,0.996099375900144,0.9586666666666667,0.9202566452795601,0.9965,1,0
mixed-independent,756,whole-call,0.996099375900144,0.9586666666666667,0.9202566452795601,0.9965,1,0
mixed-independent,756,joint-long-schema,0.996099375900144,0.9586666666666667,0.9202566452795601,0.9965,1,0
mixed-independent,757,field-average,0.9957322277771004,0.955,0.9325513196480938,0.9966666666666667,1,0
mixed-independent,757,whole-call,0.9957322277771004,0.955,0.9325513196480938,0.9966666666666667,1,0
mixed-independent,757,joint-long-schema,0.9957322277771004,0.955,0.9325513196480938,0.9966666666666667,1,0
mixed-independent,758,field-average,0.995600194198325,0.9526666666666667,0.9307116104868914,0.9943333333333333,1,0
mixed-independent,758,whole-call,0.995600194198325,0.9526666666666667,0.9307116104868914,0.9943333333333333,1,0
mixed-independent,758,joint-long-schema,0.995600194198325,0.9526666666666667,0.9307116104868914,0.9943333333333333,1,0
mixed-independent,759,field-average,0.9957980615875353,0.955,0.9201183431952663,0.9955,1,0
mixed-independent,759,whole-call,0.9957980615875353,0.955,0.9201183431952663,0.9955,1,0
mixed-independent,759,joint-long-schema,0.9957980615875353,0.955,0.9201183431952663,0.9955,1,0
mixed-independent,760,field-average,0.9953676031081888,0.9493333333333334,0.9032846715328468,0.9948333333333333,1,1
mixed-independent,760,whole-call,0.9953676031081888,0.9493333333333334,0.9032846715328468,0.9948333333333333,0,0
mixed-independent,760,joint-long-schema,0.9953676031081888,0.9493333333333334,0.9032846715328468,0.9948333333333333,0,0
mixed-independent,761,field-average,0.996100311975042,0.9586666666666667,0.9186155285313377,0.9953333333333333,1,0
mixed-independent,761,whole-call,0.996100311975042,0.9586666666666667,0.9186155285313377,0.9953333333333333,1,0
mixed-independent,761,joint-long-schema,0.996100311975042,0.9586666666666667,0.9186155285313377,0.9953333333333333,1,0
mixed-independent,762,field-average,0.9956675616304613,0.9536666666666667,0.9110459433040078,0.9948333333333333,1,0
mixed-independent,762,whole-call,0.9956675616304613,0.9536666666666667,0.9110459433040078,0.9948333333333333,1,0
mixed-independent,762,joint-long-schema,0.9956675616304613,0.9536666666666667,0.9110459433040078,0.9948333333333333,1,0
mixed-independent,763,field-average,0.9953748782862707,0.9503333333333334,0.912621359223301,0.9955,1,0
mixed-independent,763,whole-call,0.9953748782862707,0.9503333333333334,0.912621359223301,0.9955,1,0
mixed-independent,763,joint-long-schema,0.9953748782862707,0.9503333333333334,0.912621359223301,0.9955,1,0
mixed-independent,764,field-average,0.9954595319356412,0.9513333333333334,0.9018286814244466,0.996,1,0
mixed-independent,764,whole-call,0.9954595319356412,0.9513333333333334,0.9018286814244466,0.996,1,0
mixed-independent,764,joint-long-schema,0.9954595319356412,0.9513333333333334,0.9018286814244466,0.996,1,0
mixed-independent,765,field-average,0.9957002457002457,0.954,0.9116781157998037,0.9943333333333333,1,0
mixed-independent,765,whole-call,0.9957002457002457,0.954,0.9116781157998037,0.9943333333333333,1,0
mixed-independent,765,joint-long-schema,0.9957002457002457,0.954,0.9116781157998037,0.9943333333333333,1,0
mixed-independent,766,field-average,0.9955475330926594,0.9523333333333334,0.9072356215213359,0.9946666666666667,1,0
mixed-independent,766,whole-call,0.9955475330926594,0.9523333333333334,0.9072356215213359,0.9946666666666667,1,0
mixed-independent,766,joint-long-schema,0.9955475330926594,0.9523333333333334,0.9072356215213359,0.9946666666666667,1,0
mixed-independent,767,field-average,0.9956577974870657,0.9546666666666667,0.9135559921414538,0.9963333333333333,1,0
mixed-independent,767,whole-call,0.9956577974870657,0.9546666666666667,0.9135559921414538,0.9963333333333333,1,0
mixed-independent,767,joint-long-schema,0.9956577974870657,0.9546666666666667,0.9135559921414538,0.9963333333333333,1,0
mixed-independent,768,field-average,0.995683496070493,0.9543333333333334,0.9095193213949104,0.9968333333333333,1,0
mixed-independent,768,whole-call,0.995683496070493,0.9543333333333334,0.9095193213949104,0.9968333333333333,1,0
mixed-independent,768,joint-long-schema,0.995683496070493,0.9543333333333334,0.9095193213949104,0.9968333333333333,1,0
mixed-independent,769,field-average,0.9954590083456063,0.9516666666666667,0.9094449853943525,0.9956666666666667,1,0
mixed-independent,769,whole-call,0.9954590083456063,0.9516666666666667,0.9094449853943525,0.9956666666666667,1,0
mixed-independent,769,joint-long-schema,0.9954590083456063,0.9516666666666667,0.9094449853943525,0.9956666666666667,1,0
mixed-independent,770,field-average,0.995794505627496,0.955,0.9271523178807947,0.9945,1,0
mixed-independent,770,whole-call,0.995794505627496,0.955,0.9271523178807947,0.9945,1,0
mixed-independent,770,joint-long-schema,0.995794505627496,0.955,0.9271523178807947,0.9945,1,0
mixed-independent,771,field-average,0.9954993309816325,0.9523333333333334,0.9192118226600985,0.9945,1,0
mixed-independent,771,whole-call,0.9954993309816325,0.9523333333333334,0.9192118226600985,0.9945,1,0
mixed-independent,771,joint-long-schema,0.9954993309816325,0.9523333333333334,0.9192118226600985,0.9945,1,0
mixed-independent,772,field-average,0.9957353478737663,0.9563333333333334,0.9144800777453839,0.9968333333333333,1,0
mixed-independent,772,whole-call,0.9957353478737663,0.9563333333333334,0.9144800777453839,0.9968333333333333,1,0
mixed-independent,772,joint-long-schema,0.9957353478737663,0.9563333333333334,0.9144800777453839,0.9968333333333333,1,0
mixed-independent,773,field-average,0.9945916383082158,0.944,0.9104046242774566,0.993,1,1
mixed-independent,773,whole-call,0.9945916383082158,0.944,0.9104046242774566,0.993,0,0
mixed-independent,773,joint-long-schema,0.9945916383082158,0.944,0.9104046242774566,0.993,0,0
mixed-independent,774,field-average,0.9956706079063657,0.954,0.9155844155844156,0.9956666666666667,1,0
mixed-independent,774,whole-call,0.9956706079063657,0.954,0.9155844155844156,0.9956666666666667,1,0
mixed-independent,774,joint-long-schema,0.9956706079063657,0.954,0.9155844155844156,0.9956666666666667,1,0
mixed-independent,775,field-average,0.9960124193352002,0.958,0.9174573055028463,0.9955,1,0
mixed-independent,775,whole-call,0.9960124193352002,0.958,0.9174573055028463,0.9955,1,0
mixed-independent,775,joint-long-schema,0.9960124193352002,0.958,0.9174573055028463,0.9955,1,0
mixed-independent,776,field-average,0.9955443743937924,0.9523333333333334,0.9162702188392008,0.996,1,0
mixed-independent,776,whole-call,0.9955443743937924,0.9523333333333334,0.9162702188392008,0.996,1,0
mixed-independent,776,joint-long-schema,0.9955443743937924,0.9523333333333334,0.9162702188392008,0.996,1,0
mixed-independent,777,field-average,0.9949498004112738,0.9456666666666667,0.9000942507068803,0.9948333333333333,1,1
mixed-independent,777,whole-call,0.9949498004112738,0.9456666666666667,0.9000942507068803,0.9948333333333333,0,0
mixed-independent,777,joint-long-schema,0.9949498004112738,0.9456666666666667,0.9000942507068803,0.9948333333333333,0,0
mixed-independent,778,field-average,0.9957450716297294,0.9543333333333334,0.9128352490421456,0.9955,1,0
mixed-independent,778,whole-call,0.9957450716297294,0.9543333333333334,0.9128352490421456,0.9955,1,0
mixed-independent,778,joint-long-schema,0.9957450716297294,0.9543333333333334,0.9128352490421456,0.9955,1,0
mixed-independent,779,field-average,0.9955389007851535,0.9516666666666667,0.9037927844588344,0.9961666666666666,1,0
mixed-independent,779,whole-call,0.9955389007851535,0.9516666666666667,0.9037927844588344,0.9961666666666666,1,0
mixed-independent,779,joint-long-schema,0.9955389007851535,0.9516666666666667,0.9037927844588344,0.9961666666666666,1,0
mixed-independent,780,field-average,0.9959594741285731,0.957,0.9170638703527169,0.9963333333333333,1,0
mixed-independent,780,whole-call,0.9959594741285731,0.957,0.9170638703527169,0.9963333333333333,1,0
mixed-independent,780,joint-long-schema,0.9959594741285731,0.957,0.9170638703527169,0.9963333333333333,1,0
mixed-independent,781,field-average,0.9956326580128594,0.953,0.909875359539789,0.9958333333333333,1,0
mixed-independent,781,whole-call,0.9956326580128594,0.953,0.909875359539789,0.9958333333333333,1,0
mixed-independent,781,joint-long-schema,0.9956326580128594,0.953,0.909875359539789,0.9958333333333333,1,0
mixed-independent,782,field-average,0.9956415401981689,0.9556666666666667,0.9203539823008849,0.9958333333333333,1,0
mixed-independent,782,whole-call,0.9956415401981689,0.9556666666666667,0.9203539823008849,0.9958333333333333,1,0
mixed-independent,782,joint-long-schema,0.9956415401981689,0.9556666666666667,0.9203539823008849,0.9958333333333333,1,0
mixed-independent,783,field-average,0.9957075012177301,0.956,0.9165067178502879,0.9955,1,0
mixed-independent,783,whole-call,0.9957075012177301,0.956,0.9165067178502879,0.9955,1,0
mixed-independent,783,joint-long-schema,0.9957075012177301,0.956,0.9165067178502879,0.9955,1,0
mixed-independent,784,field-average,0.9954963124168783,0.952,0.9087415946205571,0.9961666666666666,1,0
mixed-independent,784,whole-call,0.9954963124168783,0.952,0.9087415946205571,0.9961666666666666,1,0
mixed-independent,784,joint-long-schema,0.9954963124168783,0.952,0.9087415946205571,0.9961666666666666,1,0
mixed-independent,785,field-average,0.9957094512932076,0.953,0.9257142857142857,0.9951666666666666,1,0
mixed-independent,785,whole-call,0.9957094512932076,0.953,0.9257142857142857,0.9951666666666666,1,0
mixed-independent,785,joint-long-schema,0.9957094512932076,0.953,0.9257142857142857,0.9951666666666666,1,0
mixed-independent,786,field-average,0.9952934662236987,0.9503333333333334,0.9098671726755219,0.9955,1,0
mixed-independent,786,whole-call,0.9952934662236987,0.9503333333333334,0.9098671726755219,0.9955,1,0
mixed-independent,786,joint-long-schema,0.9952934662236987,0.9503333333333334,0.9098671726755219,0.9955,1,0
mixed-independent,787,field-average,0.9945998251966538,0.9466666666666667,0.8955223880597015,0.9953333333333333,1,1
mixed-independent,787,whole-call,0.9945998251966538,0.9466666666666667,0.8955223880597015,0.9953333333333333,0,0
mixed-independent,787,joint-long-schema,0.9945998251966538,0.9466666666666667,0.8955223880597015,0.9953333333333333,0,0
mixed-independent,788,field-average,0.9962459667411269,0.9616666666666667,0.9376797698945349,0.996,1,0
mixed-independent,788,whole-call,0.9962459667411269,0.9616666666666667,0.9376797698945349,0.996,1,0
mixed-independent,788,joint-long-schema,0.9962459667411269,0.9616666666666667,0.9376797698945349,0.996,1,0
mixed-independent,789,field-average,0.9952790725469105,0.9476666666666667,0.9079189686924494,0.9951666666666666,1,1
mixed-independent,789,whole-call,0.9952790725469105,0.9476666666666667,0.9079189686924494,0.9951666666666666,0,0
mixed-independent,789,joint-long-schema,0.9952790725469105,0.9476666666666667,0.9079189686924494,0.9951666666666666,0,0
mixed-independent,790,field-average,0.995549675246572,0.9513333333333334,0.9133271202236719,0.9938333333333333,1,0
mixed-independent,790,whole-call,0.995549675246572,0.9513333333333334,0.9133271202236719,0.9938333333333333,1,0
mixed-independent,790,joint-long-schema,0.995549675246572,0.9513333333333334,0.9133271202236719,0.9938333333333333,1,0
mixed-independent,791,field-average,0.9948905550852581,0.945,0.9005681818181818,0.9943333333333333,1,1
mixed-independent,791,whole-call,0.9948905550852581,0.945,0.9005681818181818,0.9943333333333333,0,0
mixed-independent,791,joint-long-schema,0.9948905550852581,0.945,0.9005681818181818,0.9943333333333333,0,0
mixed-independent,792,field-average,0.9953845213351266,0.9503333333333334,0.9048076923076923,0.9963333333333333,1,0
mixed-independent,792,whole-call,0.9953845213351266,0.9503333333333334,0.9048076923076923,0.9963333333333333,1,0
mixed-independent,792,joint-long-schema,0.9953845213351266,0.9503333333333334,0.9048076923076923,0.9963333333333333,1,0
mixed-independent,793,field-average,0.9952987752072251,0.9516666666666667,0.9031620553359684,0.9963333333333333,1,0
mixed-independent,793,whole-call,0.9952987752072251,0.9516666666666667,0.9031620553359684,0.9963333333333333,1,0
mixed-independent,793,joint-long-schema,0.9952987752072251,0.9516666666666667,0.9031620553359684,0.9963333333333333,1,0
mixed-independent,794,field-average,0.9958519068845963,0.9576666666666667,0.9173955296404276,0.9953333333333333,1,0
mixed-independent,794,whole-call,0.9958519068845963,0.9576666666666667,0.9173955296404276,0.9953333333333333,1,0
mixed-independent,794,joint-long-schema,0.9958519068845963,0.9576666666666667,0.9173955296404276,0.9953333333333333,1,0
mixed-independent,795,field-average,0.9957475656354,0.955,0.9234496124031008,0.9958333333333333,1,0
mixed-independent,795,whole-call,0.9957475656354,0.955,0.9234496124031008,0.9958333333333333,1,0
mixed-independent,795,joint-long-schema,0.9957475656354,0.955,0.9234496124031008,0.9958333333333333,1,0
mixed-independent,796,field-average,0.9953077391834247,0.9506666666666667,0.9222941720629048,0.9955,1,0
mixed-independent,796,whole-call,0.9953077391834247,0.9506666666666667,0.9222941720629048,0.9955,1,0
mixed-independent,796,joint-long-schema,0.9953077391834247,0.9506666666666667,0.9222941720629048,0.9955,1,0
mixed-independent,797,field-average,0.9957168894289186,0.9553333333333334,0.9228571428571428,0.9958333333333333,1,0
mixed-independent,797,whole-call,0.9957168894289186,0.9553333333333334,0.9228571428571428,0.9958333333333333,1,0
mixed-independent,797,joint-long-schema,0.9957168894289186,0.9553333333333334,0.9228571428571428,0.9958333333333333,1,0
mixed-independent,798,field-average,0.9957034490932796,0.9533333333333334,0.9117379435850773,0.9945,1,0
mixed-independent,798,whole-call,0.9957034490932796,0.9533333333333334,0.9117379435850773,0.9945,1,0
mixed-independent,798,joint-long-schema,0.9957034490932796,0.9533333333333334,0.9117379435850773,0.9945,1,0
mixed-independent,799,field-average,0.995478343645883,0.951,0.9066788655077768,0.996,1,0
mixed-independent,799,whole-call,0.995478343645883,0.951,0.9066788655077768,0.996,1,0
mixed-independent,799,joint-long-schema,0.995478343645883,0.951,0.9066788655077768,0.996,1,0
fixed-eight,0,field-average,0.9945833333333334,0.9623333333333334,0.9623333333333334,0.9946666666666667,1,0
fixed-eight,0,whole-call,0.9945833333333334,0.9623333333333334,0.9623333333333334,0.9946666666666667,1,0
fixed-eight,0,joint-long-schema,0.9945833333333334,0.9623333333333334,0.9623333333333334,0.9946666666666667,1,0
fixed-eight,1,field-average,0.9950833333333333,0.9643333333333334,0.9643333333333334,0.994,1,0
fixed-eight,1,whole-call,0.9950833333333333,0.9643333333333334,0.9643333333333334,0.994,1,0
fixed-eight,1,joint-long-schema,0.9950833333333333,0.9643333333333334,0.9643333333333334,0.994,1,0
fixed-eight,2,field-average,0.995375,0.9673333333333334,0.9673333333333334,0.9956666666666667,1,0
fixed-eight,2,whole-call,0.995375,0.9673333333333334,0.9673333333333334,0.9956666666666667,1,0
fixed-eight,2,joint-long-schema,0.995375,0.9673333333333334,0.9673333333333334,0.9956666666666667,1,0
fixed-eight,3,field-average,0.9947916666666666,0.9616666666666667,0.9616666666666667,0.9963333333333333,1,0
fixed-eight,3,whole-call,0.9947916666666666,0.9616666666666667,0.9616666666666667,0.9963333333333333,1,0
fixed-eight,3,joint-long-schema,0.9947916666666666,0.9616666666666667,0.9616666666666667,0.9963333333333333,1,0
fixed-eight,4,field-average,0.9945416666666667,0.9626666666666667,0.9626666666666667,0.9933333333333333,1,0
fixed-eight,4,whole-call,0.9945416666666667,0.9626666666666667,0.9626666666666667,0.9933333333333333,1,0
fixed-eight,4,joint-long-schema,0.9945416666666667,0.9626666666666667,0.9626666666666667,0.9933333333333333,1,0
fixed-eight,5,field-average,0.99475,0.965,0.965,0.995,1,0
fixed-eight,5,whole-call,0.99475,0.965,0.965,0.995,1,0
fixed-eight,5,joint-long-schema,0.99475,0.965,0.965,0.995,1,0
fixed-eight,6,field-average,0.994375,0.9623333333333334,0.9623333333333334,0.9941666666666666,1,0
fixed-eight,6,whole-call,0.994375,0.9623333333333334,0.9623333333333334,0.9941666666666666,1,0
fixed-eight,6,joint-long-schema,0.994375,0.9623333333333334,0.9623333333333334,0.9941666666666666,1,0
fixed-eight,7,field-average,0.9949583333333333,0.9656666666666667,0.9656666666666667,0.9943333333333333,1,0
fixed-eight,7,whole-call,0.9949583333333333,0.9656666666666667,0.9656666666666667,0.9943333333333333,1,0
fixed-eight,7,joint-long-schema,0.9949583333333333,0.9656666666666667,0.9656666666666667,0.9943333333333333,1,0
fixed-eight,8,field-average,0.9955416666666667,0.9686666666666667,0.9686666666666667,0.9956666666666667,1,0
fixed-eight,8,whole-call,0.9955416666666667,0.9686666666666667,0.9686666666666667,0.9956666666666667,1,0
fixed-eight,8,joint-long-schema,0.9955416666666667,0.9686666666666667,0.9686666666666667,0.9956666666666667,1,0
fixed-eight,9,field-average,0.9967083333333333,0.976,0.976,0.9966666666666667,1,0
fixed-eight,9,whole-call,0.9967083333333333,0.976,0.976,0.9966666666666667,1,0
fixed-eight,9,joint-long-schema,0.9967083333333333,0.976,0.976,0.9966666666666667,1,0
fixed-eight,10,field-average,0.9940416666666667,0.9596666666666667,0.9596666666666667,0.9923333333333333,1,0
fixed-eight,10,whole-call,0.9940416666666667,0.9596666666666667,0.9596666666666667,0.9923333333333333,1,0
fixed-eight,10,joint-long-schema,0.9940416666666667,0.9596666666666667,0.9596666666666667,0.9923333333333333,1,0
fixed-eight,11,field-average,0.994875,0.964,0.964,0.9948333333333333,1,0
fixed-eight,11,whole-call,0.994875,0.964,0.964,0.9948333333333333,1,0
fixed-eight,11,joint-long-schema,0.994875,0.964,0.964,0.9948333333333333,1,0
fixed-eight,12,field-average,0.9945,0.9633333333333334,0.9633333333333334,0.9945,1,0
fixed-eight,12,whole-call,0.9945,0.9633333333333334,0.9633333333333334,0.9945,1,0
fixed-eight,12,joint-long-schema,0.9945,0.9633333333333334,0.9633333333333334,0.9945,1,0
fixed-eight,13,field-average,0.9948333333333333,0.963,0.963,0.9946666666666667,1,0
fixed-eight,13,whole-call,0.9948333333333333,0.963,0.963,0.9946666666666667,1,0
fixed-eight,13,joint-long-schema,0.9948333333333333,0.963,0.963,0.9946666666666667,1,0
fixed-eight,14,field-average,0.9946666666666667,0.9616666666666667,0.9616666666666667,0.9938333333333333,1,0
fixed-eight,14,whole-call,0.9946666666666667,0.9616666666666667,0.9616666666666667,0.9938333333333333,1,0
fixed-eight,14,joint-long-schema,0.9946666666666667,0.9616666666666667,0.9616666666666667,0.9938333333333333,1,0
fixed-eight,15,field-average,0.9942083333333334,0.9593333333333334,0.9593333333333334,0.995,1,0
fixed-eight,15,whole-call,0.9942083333333334,0.9593333333333334,0.9593333333333334,0.995,1,0
fixed-eight,15,joint-long-schema,0.9942083333333334,0.9593333333333334,0.9593333333333334,0.995,1,0
fixed-eight,16,field-average,0.9944166666666666,0.9593333333333334,0.9593333333333334,0.9946666666666667,1,0
fixed-eight,16,whole-call,0.9944166666666666,0.9593333333333334,0.9593333333333334,0.9946666666666667,1,0
fixed-eight,16,joint-long-schema,0.9944166666666666,0.9593333333333334,0.9593333333333334,0.9946666666666667,1,0
fixed-eight,17,field-average,0.9937083333333333,0.9586666666666667,0.9586666666666667,0.994,1,0
fixed-eight,17,whole-call,0.9937083333333333,0.9586666666666667,0.9586666666666667,0.994,1,0
fixed-eight,17,joint-long-schema,0.9937083333333333,0.9586666666666667,0.9586666666666667,0.994,1,0
fixed-eight,18,field-average,0.994875,0.964,0.964,0.9961666666666666,1,0
fixed-eight,18,whole-call,0.994875,0.964,0.964,0.9961666666666666,1,0
fixed-eight,18,joint-long-schema,0.994875,0.964,0.964,0.9961666666666666,1,0
fixed-eight,19,field-average,0.995375,0.9643333333333334,0.9643333333333334,0.9961666666666666,1,0
fixed-eight,19,whole-call,0.995375,0.9643333333333334,0.9643333333333334,0.9961666666666666,1,0
fixed-eight,19,joint-long-schema,0.995375,0.9643333333333334,0.9643333333333334,0.9961666666666666,1,0
fixed-eight,20,field-average,0.9949583333333333,0.964,0.964,0.9948333333333333,1,0
fixed-eight,20,whole-call,0.9949583333333333,0.964,0.964,0.9948333333333333,1,0
fixed-eight,20,joint-long-schema,0.9949583333333333,0.964,0.964,0.9948333333333333,1,0
fixed-eight,21,field-average,0.995125,0.9636666666666667,0.9636666666666667,0.9945,1,0
fixed-eight,21,whole-call,0.995125,0.9636666666666667,0.9636666666666667,0.9945,1,0
fixed-eight,21,joint-long-schema,0.995125,0.9636666666666667,0.9636666666666667,0.9945,1,0
fixed-eight,22,field-average,0.994375,0.963,0.963,0.9931666666666666,1,0
fixed-eight,22,whole-call,0.994375,0.963,0.963,0.9931666666666666,1,0
fixed-eight,22,joint-long-schema,0.994375,0.963,0.963,0.9931666666666666,1,0
fixed-eight,23,field-average,0.9939583333333334,0.9603333333333334,0.9603333333333334,0.9948333333333333,1,0
fixed-eight,23,whole-call,0.9939583333333334,0.9603333333333334,0.9603333333333334,0.9948333333333333,1,0
fixed-eight,23,joint-long-schema,0.9939583333333334,0.9603333333333334,0.9603333333333334,0.9948333333333333,1,0
fixed-eight,24,field-average,0.9942916666666667,0.9583333333333334,0.9583333333333334,0.9946666666666667,1,0
fixed-eight,24,whole-call,0.9942916666666667,0.9583333333333334,0.9583333333333334,0.9946666666666667,1,0
fixed-eight,24,joint-long-schema,0.9942916666666667,0.9583333333333334,0.9583333333333334,0.9946666666666667,1,0
fixed-eight,25,field-average,0.9944166666666666,0.9603333333333334,0.9603333333333334,0.9945,1,0
fixed-eight,25,whole-call,0.9944166666666666,0.9603333333333334,0.9603333333333334,0.9945,1,0
fixed-eight,25,joint-long-schema,0.9944166666666666,0.9603333333333334,0.9603333333333334,0.9945,1,0
fixed-eight,26,field-average,0.994375,0.9616666666666667,0.9616666666666667,0.9931666666666666,1,0
fixed-eight,26,whole-call,0.994375,0.9616666666666667,0.9616666666666667,0.9931666666666666,1,0
fixed-eight,26,joint-long-schema,0.994375,0.9616666666666667,0.9616666666666667,0.9931666666666666,1,0
fixed-eight,27,field-average,0.994625,0.9623333333333334,0.9623333333333334,0.9943333333333333,1,0
fixed-eight,27,whole-call,0.994625,0.9623333333333334,0.9623333333333334,0.9943333333333333,1,0
fixed-eight,27,joint-long-schema,0.994625,0.9623333333333334,0.9623333333333334,0.9943333333333333,1,0
fixed-eight,28,field-average,0.9935,0.9563333333333334,0.9563333333333334,0.9943333333333333,1,0
fixed-eight,28,whole-call,0.9935,0.9563333333333334,0.9563333333333334,0.9943333333333333,1,0
fixed-eight,28,joint-long-schema,0.9935,0.9563333333333334,0.9563333333333334,0.9943333333333333,1,0
fixed-eight,29,field-average,0.9945,0.9593333333333334,0.9593333333333334,0.9936666666666667,1,0
fixed-eight,29,whole-call,0.9945,0.9593333333333334,0.9593333333333334,0.9936666666666667,1,0
fixed-eight,29,joint-long-schema,0.9945,0.9593333333333334,0.9593333333333334,0.9936666666666667,1,0
fixed-eight,30,field-average,0.99425,0.9596666666666667,0.9596666666666667,0.995,1,0
fixed-eight,30,whole-call,0.99425,0.9596666666666667,0.9596666666666667,0.995,1,0
fixed-eight,30,joint-long-schema,0.99425,0.9596666666666667,0.9596666666666667,0.995,1,0
fixed-eight,31,field-average,0.99425,0.9586666666666667,0.9586666666666667,0.9945,1,0
fixed-eight,31,whole-call,0.99425,0.9586666666666667,0.9586666666666667,0.9945,1,0
fixed-eight,31,joint-long-schema,0.99425,0.9586666666666667,0.9586666666666667,0.9945,1,0
fixed-eight,32,field-average,0.994625,0.9613333333333334,0.9613333333333334,0.9946666666666667,1,0
fixed-eight,32,whole-call,0.994625,0.9613333333333334,0.9613333333333334,0.9946666666666667,1,0
fixed-eight,32,joint-long-schema,0.994625,0.9613333333333334,0.9613333333333334,0.9946666666666667,1,0
fixed-eight,33,field-average,0.9949583333333333,0.967,0.967,0.9938333333333333,1,0
fixed-eight,33,whole-call,0.9949583333333333,0.967,0.967,0.9938333333333333,1,0
fixed-eight,33,joint-long-schema,0.9949583333333333,0.967,0.967,0.9938333333333333,1,0
fixed-eight,34,field-average,0.9939166666666667,0.957,0.957,0.995,1,0
fixed-eight,34,whole-call,0.9939166666666667,0.957,0.957,0.995,1,0
fixed-eight,34,joint-long-schema,0.9939166666666667,0.957,0.957,0.995,1,0
fixed-eight,35,field-average,0.994875,0.9623333333333334,0.9623333333333334,0.995,1,0
fixed-eight,35,whole-call,0.994875,0.9623333333333334,0.9623333333333334,0.995,1,0
fixed-eight,35,joint-long-schema,0.994875,0.9623333333333334,0.9623333333333334,0.995,1,0
fixed-eight,36,field-average,0.9944166666666666,0.962,0.962,0.9948333333333333,1,0
fixed-eight,36,whole-call,0.9944166666666666,0.962,0.962,0.9948333333333333,1,0
fixed-eight,36,joint-long-schema,0.9944166666666666,0.962,0.962,0.9948333333333333,1,0
fixed-eight,37,field-average,0.9955833333333334,0.9693333333333334,0.9693333333333334,0.9956666666666667,1,0
fixed-eight,37,whole-call,0.9955833333333334,0.9693333333333334,0.9693333333333334,0.9956666666666667,1,0
fixed-eight,37,joint-long-schema,0.9955833333333334,0.9693333333333334,0.9693333333333334,0.9956666666666667,1,0
fixed-eight,38,field-average,0.9950833333333333,0.966,0.966,0.994,1,0
fixed-eight,38,whole-call,0.9950833333333333,0.966,0.966,0.994,1,0
fixed-eight,38,joint-long-schema,0.9950833333333333,0.966,0.966,0.994,1,0
fixed-eight,39,field-average,0.9948333333333333,0.9603333333333334,0.9603333333333334,0.9943333333333333,1,0
fixed-eight,39,whole-call,0.9948333333333333,0.9603333333333334,0.9603333333333334,0.9943333333333333,1,0
fixed-eight,39,joint-long-schema,0.9948333333333333,0.9603333333333334,0.9603333333333334,0.9943333333333333,1,0
fixed-eight,40,field-average,0.994625,0.964,0.964,0.995,1,0
fixed-eight,40,whole-call,0.994625,0.964,0.964,0.995,1,0
fixed-eight,40,joint-long-schema,0.994625,0.964,0.964,0.995,1,0
fixed-eight,41,field-average,0.994125,0.9603333333333334,0.9603333333333334,0.994,1,0
fixed-eight,41,whole-call,0.994125,0.9603333333333334,0.9603333333333334,0.994,1,0
fixed-eight,41,joint-long-schema,0.994125,0.9603333333333334,0.9603333333333334,0.994,1,0
fixed-eight,42,field-average,0.9947083333333333,0.963,0.963,0.9953333333333333,1,0
fixed-eight,42,whole-call,0.9947083333333333,0.963,0.963,0.9953333333333333,1,0
fixed-eight,42,joint-long-schema,0.9947083333333333,0.963,0.963,0.9953333333333333,1,0
fixed-eight,43,field-average,0.9946666666666667,0.9646666666666667,0.9646666666666667,0.9945,1,0
fixed-eight,43,whole-call,0.9946666666666667,0.9646666666666667,0.9646666666666667,0.9945,1,0
fixed-eight,43,joint-long-schema,0.9946666666666667,0.9646666666666667,0.9646666666666667,0.9945,1,0
fixed-eight,44,field-average,0.9935416666666667,0.9553333333333334,0.9553333333333334,0.992,1,0
fixed-eight,44,whole-call,0.9935416666666667,0.9553333333333334,0.9553333333333334,0.992,1,0
fixed-eight,44,joint-long-schema,0.9935416666666667,0.9553333333333334,0.9553333333333334,0.992,1,0
fixed-eight,45,field-average,0.994125,0.9583333333333334,0.9583333333333334,0.9946666666666667,1,0
fixed-eight,45,whole-call,0.994125,0.9583333333333334,0.9583333333333334,0.9946666666666667,1,0
fixed-eight,45,joint-long-schema,0.994125,0.9583333333333334,0.9583333333333334,0.9946666666666667,1,0
fixed-eight,46,field-average,0.9949166666666667,0.965,0.965,0.9968333333333333,1,0
fixed-eight,46,whole-call,0.9949166666666667,0.965,0.965,0.9968333333333333,1,0
fixed-eight,46,joint-long-schema,0.9949166666666667,0.965,0.965,0.9968333333333333,1,0
fixed-eight,47,field-average,0.993625,0.9553333333333334,0.9553333333333334,0.9948333333333333,1,0
fixed-eight,47,whole-call,0.993625,0.9553333333333334,0.9553333333333334,0.9948333333333333,1,0
fixed-eight,47,joint-long-schema,0.993625,0.9553333333333334,0.9553333333333334,0.9948333333333333,1,0
fixed-eight,48,field-average,0.9935,0.9563333333333334,0.9563333333333334,0.993,1,0
fixed-eight,48,whole-call,0.9935,0.9563333333333334,0.9563333333333334,0.993,1,0
fixed-eight,48,joint-long-schema,0.9935,0.9563333333333334,0.9563333333333334,0.993,1,0
fixed-eight,49,field-average,0.9945416666666667,0.9606666666666667,0.9606666666666667,0.9928333333333333,1,0
fixed-eight,49,whole-call,0.9945416666666667,0.9606666666666667,0.9606666666666667,0.9928333333333333,1,0
fixed-eight,49,joint-long-schema,0.9945416666666667,0.9606666666666667,0.9606666666666667,0.9928333333333333,1,0
fixed-eight,50,field-average,0.9944583333333333,0.9603333333333334,0.9603333333333334,0.9935,1,0
fixed-eight,50,whole-call,0.9944583333333333,0.9603333333333334,0.9603333333333334,0.9935,1,0
fixed-eight,50,joint-long-schema,0.9944583333333333,0.9603333333333334,0.9603333333333334,0.9935,1,0
fixed-eight,51,field-average,0.9944583333333333,0.9613333333333334,0.9613333333333334,0.9945,1,0
fixed-eight,51,whole-call,0.9944583333333333,0.9613333333333334,0.9613333333333334,0.9945,1,0
fixed-eight,51,joint-long-schema,0.9944583333333333,0.9613333333333334,0.9613333333333334,0.9945,1,0
fixed-eight,52,field-average,0.995125,0.965,0.965,0.9941666666666666,1,0
fixed-eight,52,whole-call,0.995125,0.965,0.965,0.9941666666666666,1,0
fixed-eight,52,joint-long-schema,0.995125,0.965,0.965,0.9941666666666666,1,0
fixed-eight,53,field-average,0.9945833333333334,0.96,0.96,0.995,1,0
fixed-eight,53,whole-call,0.9945833333333334,0.96,0.96,0.995,1,0
fixed-eight,53,joint-long-schema,0.9945833333333334,0.96,0.96,0.995,1,0
fixed-eight,54,field-average,0.9941666666666666,0.9583333333333334,0.9583333333333334,0.994,1,0
fixed-eight,54,whole-call,0.9941666666666666,0.9583333333333334,0.9583333333333334,0.994,1,0
fixed-eight,54,joint-long-schema,0.9941666666666666,0.9583333333333334,0.9583333333333334,0.994,1,0
fixed-eight,55,field-average,0.9942916666666667,0.96,0.96,0.994,1,0
fixed-eight,55,whole-call,0.9942916666666667,0.96,0.96,0.994,1,0
fixed-eight,55,joint-long-schema,0.9942916666666667,0.96,0.96,0.994,1,0
fixed-eight,56,field-average,0.995375,0.9673333333333334,0.9673333333333334,0.9951666666666666,1,0
fixed-eight,56,whole-call,0.995375,0.9673333333333334,0.9673333333333334,0.9951666666666666,1,0
fixed-eight,56,joint-long-schema,0.995375,0.9673333333333334,0.9673333333333334,0.9951666666666666,1,0
fixed-eight,57,field-average,0.9939166666666667,0.9596666666666667,0.9596666666666667,0.9941666666666666,1,0
fixed-eight,57,whole-call,0.9939166666666667,0.9596666666666667,0.9596666666666667,0.9941666666666666,1,0
fixed-eight,57,joint-long-schema,0.9939166666666667,0.9596666666666667,0.9596666666666667,0.9941666666666666,1,0
fixed-eight,58,field-average,0.994125,0.9583333333333334,0.9583333333333334,0.994,1,0
fixed-eight,58,whole-call,0.994125,0.9583333333333334,0.9583333333333334,0.994,1,0
fixed-eight,58,joint-long-schema,0.994125,0.9583333333333334,0.9583333333333334,0.994,1,0
fixed-eight,59,field-average,0.994875,0.9636666666666667,0.9636666666666667,0.995,1,0
fixed-eight,59,whole-call,0.994875,0.9636666666666667,0.9636666666666667,0.995,1,0
fixed-eight,59,joint-long-schema,0.994875,0.9636666666666667,0.9636666666666667,0.995,1,0
fixed-eight,60,field-average,0.9947916666666666,0.964,0.964,0.9946666666666667,1,0
fixed-eight,60,whole-call,0.9947916666666666,0.964,0.964,0.9946666666666667,1,0
fixed-eight,60,joint-long-schema,0.9947916666666666,0.964,0.964,0.9946666666666667,1,0
fixed-eight,61,field-average,0.9954583333333333,0.966,0.966,0.9953333333333333,1,0
fixed-eight,61,whole-call,0.9954583333333333,0.966,0.966,0.9953333333333333,1,0
fixed-eight,61,joint-long-schema,0.9954583333333333,0.966,0.966,0.9953333333333333,1,0
fixed-eight,62,field-average,0.994,0.9586666666666667,0.9586666666666667,0.9933333333333333,1,0
fixed-eight,62,whole-call,0.994,0.9586666666666667,0.9586666666666667,0.9933333333333333,1,0
fixed-eight,62,joint-long-schema,0.994,0.9586666666666667,0.9586666666666667,0.9933333333333333,1,0
fixed-eight,63,field-average,0.995375,0.9663333333333334,0.9663333333333334,0.9966666666666667,1,0
fixed-eight,63,whole-call,0.995375,0.9663333333333334,0.9663333333333334,0.9966666666666667,1,0
fixed-eight,63,joint-long-schema,0.995375,0.9663333333333334,0.9663333333333334,0.9966666666666667,1,0
fixed-eight,64,field-average,0.994,0.9576666666666667,0.9576666666666667,0.9935,1,0
fixed-eight,64,whole-call,0.994,0.9576666666666667,0.9576666666666667,0.9935,1,0
fixed-eight,64,joint-long-schema,0.994,0.9576666666666667,0.9576666666666667,0.9935,1,0
fixed-eight,65,field-average,0.9946666666666667,0.9616666666666667,0.9616666666666667,0.9956666666666667,1,0
fixed-eight,65,whole-call,0.9946666666666667,0.9616666666666667,0.9616666666666667,0.9956666666666667,1,0
fixed-eight,65,joint-long-schema,0.9946666666666667,0.9616666666666667,0.9616666666666667,0.9956666666666667,1,0
fixed-eight,66,field-average,0.9947083333333333,0.9643333333333334,0.9643333333333334,0.9953333333333333,1,0
fixed-eight,66,whole-call,0.9947083333333333,0.9643333333333334,0.9643333333333334,0.9953333333333333,1,0
fixed-eight,66,joint-long-schema,0.9947083333333333,0.9643333333333334,0.9643333333333334,0.9953333333333333,1,0
fixed-eight,67,field-average,0.993875,0.957,0.957,0.9941666666666666,1,0
fixed-eight,67,whole-call,0.993875,0.957,0.957,0.9941666666666666,1,0
fixed-eight,67,joint-long-schema,0.993875,0.957,0.957,0.9941666666666666,1,0
fixed-eight,68,field-average,0.9941666666666666,0.9586666666666667,0.9586666666666667,0.9936666666666667,1,0
fixed-eight,68,whole-call,0.9941666666666666,0.9586666666666667,0.9586666666666667,0.9936666666666667,1,0
fixed-eight,68,joint-long-schema,0.9941666666666666,0.9586666666666667,0.9586666666666667,0.9936666666666667,1,0
fixed-eight,69,field-average,0.993,0.9583333333333334,0.9583333333333334,0.9933333333333333,1,0
fixed-eight,69,whole-call,0.993,0.9583333333333334,0.9583333333333334,0.9933333333333333,1,0
fixed-eight,69,joint-long-schema,0.993,0.9583333333333334,0.9583333333333334,0.9933333333333333,1,0
fixed-eight,70,field-average,0.9950833333333333,0.9626666666666667,0.9626666666666667,0.9945,1,0
fixed-eight,70,whole-call,0.9950833333333333,0.9626666666666667,0.9626666666666667,0.9945,1,0
fixed-eight,70,joint-long-schema,0.9950833333333333,0.9626666666666667,0.9626666666666667,0.9945,1,0
fixed-eight,71,field-average,0.994375,0.9603333333333334,0.9603333333333334,0.995,1,0
fixed-eight,71,whole-call,0.994375,0.9603333333333334,0.9603333333333334,0.995,1,0
fixed-eight,71,joint-long-schema,0.994375,0.9603333333333334,0.9603333333333334,0.995,1,0
fixed-eight,72,field-average,0.9954166666666666,0.9666666666666667,0.9666666666666667,0.9956666666666667,1,0
fixed-eight,72,whole-call,0.9954166666666666,0.9666666666666667,0.9666666666666667,0.9956666666666667,1,0
fixed-eight,72,joint-long-schema,0.9954166666666666,0.9666666666666667,0.9666666666666667,0.9956666666666667,1,0
fixed-eight,73,field-average,0.994875,0.963,0.963,0.9955,1,0
fixed-eight,73,whole-call,0.994875,0.963,0.963,0.9955,1,0
fixed-eight,73,joint-long-schema,0.994875,0.963,0.963,0.9955,1,0
fixed-eight,74,field-average,0.994125,0.9603333333333334,0.9603333333333334,0.9946666666666667,1,0
fixed-eight,74,whole-call,0.994125,0.9603333333333334,0.9603333333333334,0.9946666666666667,1,0
fixed-eight,74,joint-long-schema,0.994125,0.9603333333333334,0.9603333333333334,0.9946666666666667,1,0
fixed-eight,75,field-average,0.9956666666666667,0.969,0.969,0.995,1,0
fixed-eight,75,whole-call,0.9956666666666667,0.969,0.969,0.995,1,0
fixed-eight,75,joint-long-schema,0.9956666666666667,0.969,0.969,0.995,1,0
fixed-eight,76,field-average,0.9954166666666666,0.9663333333333334,0.9663333333333334,0.995,1,0
fixed-eight,76,whole-call,0.9954166666666666,0.9663333333333334,0.9663333333333334,0.995,1,0
fixed-eight,76,joint-long-schema,0.9954166666666666,0.9663333333333334,0.9663333333333334,0.995,1,0
fixed-eight,77,field-average,0.9942083333333334,0.96,0.96,0.9943333333333333,1,0
fixed-eight,77,whole-call,0.9942083333333334,0.96,0.96,0.9943333333333333,1,0
fixed-eight,77,joint-long-schema,0.9942083333333334,0.96,0.96,0.9943333333333333,1,0
fixed-eight,78,field-average,0.99425,0.9606666666666667,0.9606666666666667,0.9941666666666666,1,0
fixed-eight,78,whole-call,0.99425,0.9606666666666667,0.9606666666666667,0.9941666666666666,1,0
fixed-eight,78,joint-long-schema,0.99425,0.9606666666666667,0.9606666666666667,0.9941666666666666,1,0
fixed-eight,79,field-average,0.9936666666666667,0.9593333333333334,0.9593333333333334,0.9938333333333333,1,0
fixed-eight,79,whole-call,0.9936666666666667,0.9593333333333334,0.9593333333333334,0.9938333333333333,1,0
fixed-eight,79,joint-long-schema,0.9936666666666667,0.9593333333333334,0.9593333333333334,0.9938333333333333,1,0
fixed-eight,80,field-average,0.9941666666666666,0.9583333333333334,0.9583333333333334,0.9933333333333333,1,0
fixed-eight,80,whole-call,0.9941666666666666,0.9583333333333334,0.9583333333333334,0.9933333333333333,1,0
fixed-eight,80,joint-long-schema,0.9941666666666666,0.9583333333333334,0.9583333333333334,0.9933333333333333,1,0
fixed-eight,81,field-average,0.9955,0.9683333333333334,0.9683333333333334,0.9946666666666667,1,0
fixed-eight,81,whole-call,0.9955,0.9683333333333334,0.9683333333333334,0.9946666666666667,1,0
fixed-eight,81,joint-long-schema,0.9955,0.9683333333333334,0.9683333333333334,0.9946666666666667,1,0
fixed-eight,82,field-average,0.9941666666666666,0.9626666666666667,0.9626666666666667,0.9928333333333333,1,0
fixed-eight,82,whole-call,0.9941666666666666,0.9626666666666667,0.9626666666666667,0.9928333333333333,1,0
fixed-eight,82,joint-long-schema,0.9941666666666666,0.9626666666666667,0.9626666666666667,0.9928333333333333,1,0
fixed-eight,83,field-average,0.994375,0.959,0.959,0.994,1,0
fixed-eight,83,whole-call,0.994375,0.959,0.959,0.994,1,0
fixed-eight,83,joint-long-schema,0.994375,0.959,0.959,0.994,1,0
fixed-eight,84,field-average,0.9950416666666667,0.9646666666666667,0.9646666666666667,0.9956666666666667,1,0
fixed-eight,84,whole-call,0.9950416666666667,0.9646666666666667,0.9646666666666667,0.9956666666666667,1,0
fixed-eight,84,joint-long-schema,0.9950416666666667,0.9646666666666667,0.9646666666666667,0.9956666666666667,1,0
fixed-eight,85,field-average,0.994625,0.9603333333333334,0.9603333333333334,0.9956666666666667,1,0
fixed-eight,85,whole-call,0.994625,0.9603333333333334,0.9603333333333334,0.9956666666666667,1,0
fixed-eight,85,joint-long-schema,0.994625,0.9603333333333334,0.9603333333333334,0.9956666666666667,1,0
fixed-eight,86,field-average,0.9945416666666667,0.9603333333333334,0.9603333333333334,0.9943333333333333,1,0
fixed-eight,86,whole-call,0.9945416666666667,0.9603333333333334,0.9603333333333334,0.9943333333333333,1,0
fixed-eight,86,joint-long-schema,0.9945416666666667,0.9603333333333334,0.9603333333333334,0.9943333333333333,1,0
fixed-eight,87,field-average,0.99525,0.967,0.967,0.9953333333333333,1,0
fixed-eight,87,whole-call,0.99525,0.967,0.967,0.9953333333333333,1,0
fixed-eight,87,joint-long-schema,0.99525,0.967,0.967,0.9953333333333333,1,0
fixed-eight,88,field-average,0.9951666666666666,0.967,0.967,0.9958333333333333,1,0
fixed-eight,88,whole-call,0.9951666666666666,0.967,0.967,0.9958333333333333,1,0
fixed-eight,88,joint-long-schema,0.9951666666666666,0.967,0.967,0.9958333333333333,1,0
fixed-eight,89,field-average,0.9942916666666667,0.96,0.96,0.9931666666666666,1,0
fixed-eight,89,whole-call,0.9942916666666667,0.96,0.96,0.9931666666666666,1,0
fixed-eight,89,joint-long-schema,0.9942916666666667,0.96,0.96,0.9931666666666666,1,0
fixed-eight,90,field-average,0.9958333333333333,0.9713333333333334,0.9713333333333334,0.9953333333333333,1,0
fixed-eight,90,whole-call,0.9958333333333333,0.9713333333333334,0.9713333333333334,0.9953333333333333,1,0
fixed-eight,90,joint-long-schema,0.9958333333333333,0.9713333333333334,0.9713333333333334,0.9953333333333333,1,0
fixed-eight,91,field-average,0.99375,0.9563333333333334,0.9563333333333334,0.9928333333333333,1,0
fixed-eight,91,whole-call,0.99375,0.9563333333333334,0.9563333333333334,0.9928333333333333,1,0
fixed-eight,91,joint-long-schema,0.99375,0.9563333333333334,0.9563333333333334,0.9928333333333333,1,0
fixed-eight,92,field-average,0.9940416666666667,0.9593333333333334,0.9593333333333334,0.9945,1,0
fixed-eight,92,whole-call,0.9940416666666667,0.9593333333333334,0.9593333333333334,0.9945,1,0
fixed-eight,92,joint-long-schema,0.9940416666666667,0.9593333333333334,0.9593333333333334,0.9945,1,0
fixed-eight,93,field-average,0.9951666666666666,0.9656666666666667,0.9656666666666667,0.995,1,0
fixed-eight,93,whole-call,0.9951666666666666,0.9656666666666667,0.9656666666666667,0.995,1,0
fixed-eight,93,joint-long-schema,0.9951666666666666,0.9656666666666667,0.9656666666666667,0.995,1,0
fixed-eight,94,field-average,0.994,0.9583333333333334,0.9583333333333334,0.9926666666666667,1,0
fixed-eight,94,whole-call,0.994,0.9583333333333334,0.9583333333333334,0.9926666666666667,1,0
fixed-eight,94,joint-long-schema,0.994,0.9583333333333334,0.9583333333333334,0.9926666666666667,1,0
fixed-eight,95,field-average,0.9944583333333333,0.9593333333333334,0.9593333333333334,0.9951666666666666,1,0
fixed-eight,95,whole-call,0.9944583333333333,0.9593333333333334,0.9593333333333334,0.9951666666666666,1,0
fixed-eight,95,joint-long-schema,0.9944583333333333,0.9593333333333334,0.9593333333333334,0.9951666666666666,1,0
fixed-eight,96,field-average,0.9945,0.9606666666666667,0.9606666666666667,0.9946666666666667,1,0
fixed-eight,96,whole-call,0.9945,0.9606666666666667,0.9606666666666667,0.9946666666666667,1,0
fixed-eight,96,joint-long-schema,0.9945,0.9606666666666667,0.9606666666666667,0.9946666666666667,1,0
fixed-eight,97,field-average,0.994375,0.9613333333333334,0.9613333333333334,0.9951666666666666,1,0
fixed-eight,97,whole-call,0.994375,0.9613333333333334,0.9613333333333334,0.9951666666666666,1,0
fixed-eight,97,joint-long-schema,0.994375,0.9613333333333334,0.9613333333333334,0.9951666666666666,1,0
fixed-eight,98,field-average,0.9937083333333333,0.9533333333333334,0.9533333333333334,0.9946666666666667,1,0
fixed-eight,98,whole-call,0.9937083333333333,0.9533333333333334,0.9533333333333334,0.9946666666666667,1,0
fixed-eight,98,joint-long-schema,0.9937083333333333,0.9533333333333334,0.9533333333333334,0.9946666666666667,1,0
fixed-eight,99,field-average,0.9940833333333333,0.9586666666666667,0.9586666666666667,0.9951666666666666,1,0
fixed-eight,99,whole-call,0.9940833333333333,0.9586666666666667,0.9586666666666667,0.9951666666666666,1,0
fixed-eight,99,joint-long-schema,0.9940833333333333,0.9586666666666667,0.9586666666666667,0.9951666666666666,1,0
fixed-eight,100,field-average,0.9938333333333333,0.9573333333333334,0.9573333333333334,0.9926666666666667,1,0
fixed-eight,100,whole-call,0.9938333333333333,0.9573333333333334,0.9573333333333334,0.9926666666666667,1,0
fixed-eight,100,joint-long-schema,0.9938333333333333,0.9573333333333334,0.9573333333333334,0.9926666666666667,1,0
fixed-eight,101,field-average,0.99375,0.9586666666666667,0.9586666666666667,0.9926666666666667,1,0
fixed-eight,101,whole-call,0.99375,0.9586666666666667,0.9586666666666667,0.9926666666666667,1,0
fixed-eight,101,joint-long-schema,0.99375,0.9586666666666667,0.9586666666666667,0.9926666666666667,1,0
fixed-eight,102,field-average,0.9945416666666667,0.9606666666666667,0.9606666666666667,0.9928333333333333,1,0
fixed-eight,102,whole-call,0.9945416666666667,0.9606666666666667,0.9606666666666667,0.9928333333333333,1,0
fixed-eight,102,joint-long-schema,0.9945416666666667,0.9606666666666667,0.9606666666666667,0.9928333333333333,1,0
fixed-eight,103,field-average,0.9954166666666666,0.966,0.966,0.9955,1,0
fixed-eight,103,whole-call,0.9954166666666666,0.966,0.966,0.9955,1,0
fixed-eight,103,joint-long-schema,0.9954166666666666,0.966,0.966,0.9955,1,0
fixed-eight,104,field-average,0.9949166666666667,0.961,0.961,0.9948333333333333,1,0
fixed-eight,104,whole-call,0.9949166666666667,0.961,0.961,0.9948333333333333,1,0
fixed-eight,104,joint-long-schema,0.9949166666666667,0.961,0.961,0.9948333333333333,1,0
fixed-eight,105,field-average,0.9953333333333333,0.9643333333333334,0.9643333333333334,0.9956666666666667,1,0
fixed-eight,105,whole-call,0.9953333333333333,0.9643333333333334,0.9643333333333334,0.9956666666666667,1,0
fixed-eight,105,joint-long-schema,0.9953333333333333,0.9643333333333334,0.9643333333333334,0.9956666666666667,1,0
fixed-eight,106,field-average,0.9943333333333333,0.9583333333333334,0.9583333333333334,0.9951666666666666,1,0
fixed-eight,106,whole-call,0.9943333333333333,0.9583333333333334,0.9583333333333334,0.9951666666666666,1,0
fixed-eight,106,joint-long-schema,0.9943333333333333,0.9583333333333334,0.9583333333333334,0.9951666666666666,1,0
fixed-eight,107,field-average,0.9945416666666667,0.962,0.962,0.9951666666666666,1,0
fixed-eight,107,whole-call,0.9945416666666667,0.962,0.962,0.9951666666666666,1,0
fixed-eight,107,joint-long-schema,0.9945416666666667,0.962,0.962,0.9951666666666666,1,0
fixed-eight,108,field-average,0.9945833333333334,0.9616666666666667,0.9616666666666667,0.9946666666666667,1,0
fixed-eight,108,whole-call,0.9945833333333334,0.9616666666666667,0.9616666666666667,0.9946666666666667,1,0
fixed-eight,108,joint-long-schema,0.9945833333333334,0.9616666666666667,0.9616666666666667,0.9946666666666667,1,0
fixed-eight,109,field-average,0.9943333333333333,0.96,0.96,0.9953333333333333,1,0
fixed-eight,109,whole-call,0.9943333333333333,0.96,0.96,0.9953333333333333,1,0
fixed-eight,109,joint-long-schema,0.9943333333333333,0.96,0.96,0.9953333333333333,1,0
fixed-eight,110,field-average,0.995625,0.968,0.968,0.9953333333333333,1,0
fixed-eight,110,whole-call,0.995625,0.968,0.968,0.9953333333333333,1,0
fixed-eight,110,joint-long-schema,0.995625,0.968,0.968,0.9953333333333333,1,0
fixed-eight,111,field-average,0.995125,0.9653333333333334,0.9653333333333334,0.9958333333333333,1,0
fixed-eight,111,whole-call,0.995125,0.9653333333333334,0.9653333333333334,0.9958333333333333,1,0
fixed-eight,111,joint-long-schema,0.995125,0.9653333333333334,0.9653333333333334,0.9958333333333333,1,0
fixed-eight,112,field-average,0.994625,0.963,0.963,0.9933333333333333,1,0
fixed-eight,112,whole-call,0.994625,0.963,0.963,0.9933333333333333,1,0
fixed-eight,112,joint-long-schema,0.994625,0.963,0.963,0.9933333333333333,1,0
fixed-eight,113,field-average,0.994625,0.9643333333333334,0.9643333333333334,0.9936666666666667,1,0
fixed-eight,113,whole-call,0.994625,0.9643333333333334,0.9643333333333334,0.9936666666666667,1,0
fixed-eight,113,joint-long-schema,0.994625,0.9643333333333334,0.9643333333333334,0.9936666666666667,1,0
fixed-eight,114,field-average,0.9929583333333334,0.951,0.951,0.9923333333333333,1,0
fixed-eight,114,whole-call,0.9929583333333334,0.951,0.951,0.9923333333333333,1,0
fixed-eight,114,joint-long-schema,0.9929583333333334,0.951,0.951,0.9923333333333333,1,0
fixed-eight,115,field-average,0.994625,0.964,0.964,0.9933333333333333,1,0
fixed-eight,115,whole-call,0.994625,0.964,0.964,0.9933333333333333,1,0
fixed-eight,115,joint-long-schema,0.994625,0.964,0.964,0.9933333333333333,1,0
fixed-eight,116,field-average,0.9947916666666666,0.9623333333333334,0.9623333333333334,0.996,1,0
fixed-eight,116,whole-call,0.9947916666666666,0.9623333333333334,0.9623333333333334,0.996,1,0
fixed-eight,116,joint-long-schema,0.9947916666666666,0.9623333333333334,0.9623333333333334,0.996,1,0
fixed-eight,117,field-average,0.99425,0.958,0.958,0.9926666666666667,1,0
fixed-eight,117,whole-call,0.99425,0.958,0.958,0.9926666666666667,1,0
fixed-eight,117,joint-long-schema,0.99425,0.958,0.958,0.9926666666666667,1,0
fixed-eight,118,field-average,0.9939166666666667,0.9573333333333334,0.9573333333333334,0.9946666666666667,1,0
fixed-eight,118,whole-call,0.9939166666666667,0.9573333333333334,0.9573333333333334,0.9946666666666667,1,0
fixed-eight,118,joint-long-schema,0.9939166666666667,0.9573333333333334,0.9573333333333334,0.9946666666666667,1,0
fixed-eight,119,field-average,0.9944583333333333,0.9613333333333334,0.9613333333333334,0.9953333333333333,1,0
fixed-eight,119,whole-call,0.9944583333333333,0.9613333333333334,0.9613333333333334,0.9953333333333333,1,0
fixed-eight,119,joint-long-schema,0.9944583333333333,0.9613333333333334,0.9613333333333334,0.9953333333333333,1,0
fixed-eight,120,field-average,0.9948333333333333,0.9646666666666667,0.9646666666666667,0.9945,1,0
fixed-eight,120,whole-call,0.9948333333333333,0.9646666666666667,0.9646666666666667,0.9945,1,0
fixed-eight,120,joint-long-schema,0.9948333333333333,0.9646666666666667,0.9646666666666667,0.9945,1,0
fixed-eight,121,field-average,0.994875,0.9616666666666667,0.9616666666666667,0.9943333333333333,1,0
fixed-eight,121,whole-call,0.994875,0.9616666666666667,0.9616666666666667,0.9943333333333333,1,0
fixed-eight,121,joint-long-schema,0.994875,0.9616666666666667,0.9616666666666667,0.9943333333333333,1,0
fixed-eight,122,field-average,0.994375,0.962,0.962,0.9943333333333333,1,0
fixed-eight,122,whole-call,0.994375,0.962,0.962,0.9943333333333333,1,0
fixed-eight,122,joint-long-schema,0.994375,0.962,0.962,0.9943333333333333,1,0
fixed-eight,123,field-average,0.9945,0.9606666666666667,0.9606666666666667,0.9948333333333333,1,0
fixed-eight,123,whole-call,0.9945,0.9606666666666667,0.9606666666666667,0.9948333333333333,1,0
fixed-eight,123,joint-long-schema,0.9945,0.9606666666666667,0.9606666666666667,0.9948333333333333,1,0
fixed-eight,124,field-average,0.995,0.9656666666666667,0.9656666666666667,0.9948333333333333,1,0
fixed-eight,124,whole-call,0.995,0.9656666666666667,0.9656666666666667,0.9948333333333333,1,0
fixed-eight,124,joint-long-schema,0.995,0.9656666666666667,0.9656666666666667,0.9948333333333333,1,0
fixed-eight,125,field-average,0.9940416666666667,0.9583333333333334,0.9583333333333334,0.9951666666666666,1,0
fixed-eight,125,whole-call,0.9940416666666667,0.9583333333333334,0.9583333333333334,0.9951666666666666,1,0
fixed-eight,125,joint-long-schema,0.9940416666666667,0.9583333333333334,0.9583333333333334,0.9951666666666666,1,0
fixed-eight,126,field-average,0.9942083333333334,0.9633333333333334,0.9633333333333334,0.995,1,0
fixed-eight,126,whole-call,0.9942083333333334,0.9633333333333334,0.9633333333333334,0.995,1,0
fixed-eight,126,joint-long-schema,0.9942083333333334,0.9633333333333334,0.9633333333333334,0.995,1,0
fixed-eight,127,field-average,0.9942916666666667,0.9613333333333334,0.9613333333333334,0.9943333333333333,1,0
fixed-eight,127,whole-call,0.9942916666666667,0.9613333333333334,0.9613333333333334,0.9943333333333333,1,0
fixed-eight,127,joint-long-schema,0.9942916666666667,0.9613333333333334,0.9613333333333334,0.9943333333333333,1,0
fixed-eight,128,field-average,0.9947083333333333,0.9646666666666667,0.9646666666666667,0.9931666666666666,1,0
fixed-eight,128,whole-call,0.9947083333333333,0.9646666666666667,0.9646666666666667,0.9931666666666666,1,0
fixed-eight,128,joint-long-schema,0.9947083333333333,0.9646666666666667,0.9646666666666667,0.9931666666666666,1,0
fixed-eight,129,field-average,0.994875,0.966,0.966,0.9938333333333333,1,0
fixed-eight,129,whole-call,0.994875,0.966,0.966,0.9938333333333333,1,0
fixed-eight,129,joint-long-schema,0.994875,0.966,0.966,0.9938333333333333,1,0
fixed-eight,130,field-average,0.9954166666666666,0.9663333333333334,0.9663333333333334,0.9955,1,0
fixed-eight,130,whole-call,0.9954166666666666,0.9663333333333334,0.9663333333333334,0.9955,1,0
fixed-eight,130,joint-long-schema,0.9954166666666666,0.9663333333333334,0.9663333333333334,0.9955,1,0
fixed-eight,131,field-average,0.994375,0.9613333333333334,0.9613333333333334,0.9946666666666667,1,0
fixed-eight,131,whole-call,0.994375,0.9613333333333334,0.9613333333333334,0.9946666666666667,1,0
fixed-eight,131,joint-long-schema,0.994375,0.9613333333333334,0.9613333333333334,0.9946666666666667,1,0
fixed-eight,132,field-average,0.994125,0.9596666666666667,0.9596666666666667,0.9941666666666666,1,0
fixed-eight,132,whole-call,0.994125,0.9596666666666667,0.9596666666666667,0.9941666666666666,1,0
fixed-eight,132,joint-long-schema,0.994125,0.9596666666666667,0.9596666666666667,0.9941666666666666,1,0
fixed-eight,133,field-average,0.9946666666666667,0.961,0.961,0.9945,1,0
fixed-eight,133,whole-call,0.9946666666666667,0.961,0.961,0.9945,1,0
fixed-eight,133,joint-long-schema,0.9946666666666667,0.961,0.961,0.9945,1,0
fixed-eight,134,field-average,0.995125,0.9643333333333334,0.9643333333333334,0.9955,1,0
fixed-eight,134,whole-call,0.995125,0.9643333333333334,0.9643333333333334,0.9955,1,0
fixed-eight,134,joint-long-schema,0.995125,0.9643333333333334,0.9643333333333334,0.9955,1,0
fixed-eight,135,field-average,0.9939166666666667,0.9556666666666667,0.9556666666666667,0.9948333333333333,1,0
fixed-eight,135,whole-call,0.9939166666666667,0.9556666666666667,0.9556666666666667,0.9948333333333333,1,0
fixed-eight,135,joint-long-schema,0.9939166666666667,0.9556666666666667,0.9556666666666667,0.9948333333333333,1,0
fixed-eight,136,field-average,0.993375,0.9533333333333334,0.9533333333333334,0.993,1,0
fixed-eight,136,whole-call,0.993375,0.9533333333333334,0.9533333333333334,0.993,1,0
fixed-eight,136,joint-long-schema,0.993375,0.9533333333333334,0.9533333333333334,0.993,1,0
fixed-eight,137,field-average,0.9945833333333334,0.9626666666666667,0.9626666666666667,0.9946666666666667,1,0
fixed-eight,137,whole-call,0.9945833333333334,0.9626666666666667,0.9626666666666667,0.9946666666666667,1,0
fixed-eight,137,joint-long-schema,0.9945833333333334,0.9626666666666667,0.9626666666666667,0.9946666666666667,1,0
fixed-eight,138,field-average,0.9949583333333333,0.964,0.964,0.9956666666666667,1,0
fixed-eight,138,whole-call,0.9949583333333333,0.964,0.964,0.9956666666666667,1,0
fixed-eight,138,joint-long-schema,0.9949583333333333,0.964,0.964,0.9956666666666667,1,0
fixed-eight,139,field-average,0.9937916666666666,0.9603333333333334,0.9603333333333334,0.9925,1,0
fixed-eight,139,whole-call,0.9937916666666666,0.9603333333333334,0.9603333333333334,0.9925,1,0
fixed-eight,139,joint-long-schema,0.9937916666666666,0.9603333333333334,0.9603333333333334,0.9925,1,0
fixed-eight,140,field-average,0.9945416666666667,0.962,0.962,0.993,1,0
fixed-eight,140,whole-call,0.9945416666666667,0.962,0.962,0.993,1,0
fixed-eight,140,joint-long-schema,0.9945416666666667,0.962,0.962,0.993,1,0
fixed-eight,141,field-average,0.9942083333333334,0.9576666666666667,0.9576666666666667,0.9935,1,0
fixed-eight,141,whole-call,0.9942083333333334,0.9576666666666667,0.9576666666666667,0.9935,1,0
fixed-eight,141,joint-long-schema,0.9942083333333334,0.9576666666666667,0.9576666666666667,0.9935,1,0
fixed-eight,142,field-average,0.99525,0.9663333333333334,0.9663333333333334,0.9956666666666667,1,0
fixed-eight,142,whole-call,0.99525,0.9663333333333334,0.9663333333333334,0.9956666666666667,1,0
fixed-eight,142,joint-long-schema,0.99525,0.9663333333333334,0.9663333333333334,0.9956666666666667,1,0
fixed-eight,143,field-average,0.9945416666666667,0.961,0.961,0.9948333333333333,1,0
fixed-eight,143,whole-call,0.9945416666666667,0.961,0.961,0.9948333333333333,1,0
fixed-eight,143,joint-long-schema,0.9945416666666667,0.961,0.961,0.9948333333333333,1,0
fixed-eight,144,field-average,0.9942916666666667,0.959,0.959,0.9946666666666667,1,0
fixed-eight,144,whole-call,0.9942916666666667,0.959,0.959,0.9946666666666667,1,0
fixed-eight,144,joint-long-schema,0.9942916666666667,0.959,0.959,0.9946666666666667,1,0
fixed-eight,145,field-average,0.9942083333333334,0.9603333333333334,0.9603333333333334,0.9961666666666666,1,0
fixed-eight,145,whole-call,0.9942083333333334,0.9603333333333334,0.9603333333333334,0.9961666666666666,1,0
fixed-eight,145,joint-long-schema,0.9942083333333334,0.9603333333333334,0.9603333333333334,0.9961666666666666,1,0
fixed-eight,146,field-average,0.9945416666666667,0.9583333333333334,0.9583333333333334,0.9953333333333333,1,0
fixed-eight,146,whole-call,0.9945416666666667,0.9583333333333334,0.9583333333333334,0.9953333333333333,1,0
fixed-eight,146,joint-long-schema,0.9945416666666667,0.9583333333333334,0.9583333333333334,0.9953333333333333,1,0
fixed-eight,147,field-average,0.9947083333333333,0.9623333333333334,0.9623333333333334,0.9945,1,0
fixed-eight,147,whole-call,0.9947083333333333,0.9623333333333334,0.9623333333333334,0.9945,1,0
fixed-eight,147,joint-long-schema,0.9947083333333333,0.9623333333333334,0.9623333333333334,0.9945,1,0
fixed-eight,148,field-average,0.9946666666666667,0.9626666666666667,0.9626666666666667,0.9955,1,0
fixed-eight,148,whole-call,0.9946666666666667,0.9626666666666667,0.9626666666666667,0.9955,1,0
fixed-eight,148,joint-long-schema,0.9946666666666667,0.9626666666666667,0.9626666666666667,0.9955,1,0
fixed-eight,149,field-average,0.9944583333333333,0.959,0.959,0.995,1,0
fixed-eight,149,whole-call,0.9944583333333333,0.959,0.959,0.995,1,0
fixed-eight,149,joint-long-schema,0.9944583333333333,0.959,0.959,0.995,1,0
fixed-eight,150,field-average,0.9946666666666667,0.9606666666666667,0.9606666666666667,0.9948333333333333,1,0
fixed-eight,150,whole-call,0.9946666666666667,0.9606666666666667,0.9606666666666667,0.9948333333333333,1,0
fixed-eight,150,joint-long-schema,0.9946666666666667,0.9606666666666667,0.9606666666666667,0.9948333333333333,1,0
fixed-eight,151,field-average,0.993625,0.9563333333333334,0.9563333333333334,0.9931666666666666,1,0
fixed-eight,151,whole-call,0.993625,0.9563333333333334,0.9563333333333334,0.9931666666666666,1,0
fixed-eight,151,joint-long-schema,0.993625,0.9563333333333334,0.9563333333333334,0.9931666666666666,1,0
fixed-eight,152,field-average,0.9948333333333333,0.9613333333333334,0.9613333333333334,0.995,1,0
fixed-eight,152,whole-call,0.9948333333333333,0.9613333333333334,0.9613333333333334,0.995,1,0
fixed-eight,152,joint-long-schema,0.9948333333333333,0.9613333333333334,0.9613333333333334,0.995,1,0
fixed-eight,153,field-average,0.995,0.9653333333333334,0.9653333333333334,0.994,1,0
fixed-eight,153,whole-call,0.995,0.9653333333333334,0.9653333333333334,0.994,1,0
fixed-eight,153,joint-long-schema,0.995,0.9653333333333334,0.9653333333333334,0.994,1,0
fixed-eight,154,field-average,0.9939166666666667,0.9593333333333334,0.9593333333333334,0.9933333333333333,1,0
fixed-eight,154,whole-call,0.9939166666666667,0.9593333333333334,0.9593333333333334,0.9933333333333333,1,0
fixed-eight,154,joint-long-schema,0.9939166666666667,0.9593333333333334,0.9593333333333334,0.9933333333333333,1,0
fixed-eight,155,field-average,0.9949583333333333,0.9626666666666667,0.9626666666666667,0.9948333333333333,1,0
fixed-eight,155,whole-call,0.9949583333333333,0.9626666666666667,0.9626666666666667,0.9948333333333333,1,0
fixed-eight,155,joint-long-schema,0.9949583333333333,0.9626666666666667,0.9626666666666667,0.9948333333333333,1,0
fixed-eight,156,field-average,0.994125,0.956,0.956,0.9936666666666667,1,0
fixed-eight,156,whole-call,0.994125,0.956,0.956,0.9936666666666667,1,0
fixed-eight,156,joint-long-schema,0.994125,0.956,0.956,0.9936666666666667,1,0
fixed-eight,157,field-average,0.9947083333333333,0.9623333333333334,0.9623333333333334,0.995,1,0
fixed-eight,157,whole-call,0.9947083333333333,0.9623333333333334,0.9623333333333334,0.995,1,0
fixed-eight,157,joint-long-schema,0.9947083333333333,0.9623333333333334,0.9623333333333334,0.995,1,0
fixed-eight,158,field-average,0.993375,0.9543333333333334,0.9543333333333334,0.9941666666666666,1,0
fixed-eight,158,whole-call,0.993375,0.9543333333333334,0.9543333333333334,0.9941666666666666,1,0
fixed-eight,158,joint-long-schema,0.993375,0.9543333333333334,0.9543333333333334,0.9941666666666666,1,0
fixed-eight,159,field-average,0.9952083333333334,0.967,0.967,0.9961666666666666,1,0
fixed-eight,159,whole-call,0.9952083333333334,0.967,0.967,0.9961666666666666,1,0
fixed-eight,159,joint-long-schema,0.9952083333333334,0.967,0.967,0.9961666666666666,1,0
fixed-eight,160,field-average,0.993875,0.9596666666666667,0.9596666666666667,0.9931666666666666,1,0
fixed-eight,160,whole-call,0.993875,0.9596666666666667,0.9596666666666667,0.9931666666666666,1,0
fixed-eight,160,joint-long-schema,0.993875,0.9596666666666667,0.9596666666666667,0.9931666666666666,1,0
fixed-eight,161,field-average,0.994375,0.96,0.96,0.9961666666666666,1,0
fixed-eight,161,whole-call,0.994375,0.96,0.96,0.9961666666666666,1,0
fixed-eight,161,joint-long-schema,0.994375,0.96,0.96,0.9961666666666666,1,0
fixed-eight,162,field-average,0.9935,0.9576666666666667,0.9576666666666667,0.9933333333333333,1,0
fixed-eight,162,whole-call,0.9935,0.9576666666666667,0.9576666666666667,0.9933333333333333,1,0
fixed-eight,162,joint-long-schema,0.9935,0.9576666666666667,0.9576666666666667,0.9933333333333333,1,0
fixed-eight,163,field-average,0.99325,0.954,0.954,0.9923333333333333,1,0
fixed-eight,163,whole-call,0.99325,0.954,0.954,0.9923333333333333,1,0
fixed-eight,163,joint-long-schema,0.99325,0.954,0.954,0.9923333333333333,1,0
fixed-eight,164,field-average,0.9950416666666667,0.9653333333333334,0.9653333333333334,0.9948333333333333,1,0
fixed-eight,164,whole-call,0.9950416666666667,0.9653333333333334,0.9653333333333334,0.9948333333333333,1,0
fixed-eight,164,joint-long-schema,0.9950416666666667,0.9653333333333334,0.9653333333333334,0.9948333333333333,1,0
fixed-eight,165,field-average,0.9947916666666666,0.963,0.963,0.9963333333333333,1,0
fixed-eight,165,whole-call,0.9947916666666666,0.963,0.963,0.9963333333333333,1,0
fixed-eight,165,joint-long-schema,0.9947916666666666,0.963,0.963,0.9963333333333333,1,0
fixed-eight,166,field-average,0.9950833333333333,0.9653333333333334,0.9653333333333334,0.9956666666666667,1,0
fixed-eight,166,whole-call,0.9950833333333333,0.9653333333333334,0.9653333333333334,0.9956666666666667,1,0
fixed-eight,166,joint-long-schema,0.9950833333333333,0.9653333333333334,0.9653333333333334,0.9956666666666667,1,0
fixed-eight,167,field-average,0.994125,0.9596666666666667,0.9596666666666667,0.9936666666666667,1,0
fixed-eight,167,whole-call,0.994125,0.9596666666666667,0.9596666666666667,0.9936666666666667,1,0
fixed-eight,167,joint-long-schema,0.994125,0.9596666666666667,0.9596666666666667,0.9936666666666667,1,0
fixed-eight,168,field-average,0.9947083333333333,0.9613333333333334,0.9613333333333334,0.9948333333333333,1,0
fixed-eight,168,whole-call,0.9947083333333333,0.9613333333333334,0.9613333333333334,0.9948333333333333,1,0
fixed-eight,168,joint-long-schema,0.9947083333333333,0.9613333333333334,0.9613333333333334,0.9948333333333333,1,0
fixed-eight,169,field-average,0.994875,0.963,0.963,0.9953333333333333,1,0
fixed-eight,169,whole-call,0.994875,0.963,0.963,0.9953333333333333,1,0
fixed-eight,169,joint-long-schema,0.994875,0.963,0.963,0.9953333333333333,1,0
fixed-eight,170,field-average,0.995125,0.964,0.964,0.9941666666666666,1,0
fixed-eight,170,whole-call,0.995125,0.964,0.964,0.9941666666666666,1,0
fixed-eight,170,joint-long-schema,0.995125,0.964,0.964,0.9941666666666666,1,0
fixed-eight,171,field-average,0.9952083333333334,0.9663333333333334,0.9663333333333334,0.9958333333333333,1,0
fixed-eight,171,whole-call,0.9952083333333334,0.9663333333333334,0.9663333333333334,0.9958333333333333,1,0
fixed-eight,171,joint-long-schema,0.9952083333333334,0.9663333333333334,0.9663333333333334,0.9958333333333333,1,0
fixed-eight,172,field-average,0.9940833333333333,0.9573333333333334,0.9573333333333334,0.9926666666666667,1,0
fixed-eight,172,whole-call,0.9940833333333333,0.9573333333333334,0.9573333333333334,0.9926666666666667,1,0
fixed-eight,172,joint-long-schema,0.9940833333333333,0.9573333333333334,0.9573333333333334,0.9926666666666667,1,0
fixed-eight,173,field-average,0.9950833333333333,0.9636666666666667,0.9636666666666667,0.9943333333333333,1,0
fixed-eight,173,whole-call,0.9950833333333333,0.9636666666666667,0.9636666666666667,0.9943333333333333,1,0
fixed-eight,173,joint-long-schema,0.9950833333333333,0.9636666666666667,0.9636666666666667,0.9943333333333333,1,0
fixed-eight,174,field-average,0.9945416666666667,0.9606666666666667,0.9606666666666667,0.9935,1,0
fixed-eight,174,whole-call,0.9945416666666667,0.9606666666666667,0.9606666666666667,0.9935,1,0
fixed-eight,174,joint-long-schema,0.9945416666666667,0.9606666666666667,0.9606666666666667,0.9935,1,0
fixed-eight,175,field-average,0.9939166666666667,0.96,0.96,0.9935,1,0
fixed-eight,175,whole-call,0.9939166666666667,0.96,0.96,0.9935,1,0
fixed-eight,175,joint-long-schema,0.9939166666666667,0.96,0.96,0.9935,1,0
fixed-eight,176,field-average,0.99425,0.9593333333333334,0.9593333333333334,0.9941666666666666,1,0
fixed-eight,176,whole-call,0.99425,0.9593333333333334,0.9593333333333334,0.9941666666666666,1,0
fixed-eight,176,joint-long-schema,0.99425,0.9593333333333334,0.9593333333333334,0.9941666666666666,1,0
fixed-eight,177,field-average,0.9949583333333333,0.965,0.965,0.9953333333333333,1,0
fixed-eight,177,whole-call,0.9949583333333333,0.965,0.965,0.9953333333333333,1,0
fixed-eight,177,joint-long-schema,0.9949583333333333,0.965,0.965,0.9953333333333333,1,0
fixed-eight,178,field-average,0.9934583333333333,0.9593333333333334,0.9593333333333334,0.9938333333333333,1,0
fixed-eight,178,whole-call,0.9934583333333333,0.9593333333333334,0.9593333333333334,0.9938333333333333,1,0
fixed-eight,178,joint-long-schema,0.9934583333333333,0.9593333333333334,0.9593333333333334,0.9938333333333333,1,0
fixed-eight,179,field-average,0.9949583333333333,0.9666666666666667,0.9666666666666667,0.9948333333333333,1,0
fixed-eight,179,whole-call,0.9949583333333333,0.9666666666666667,0.9666666666666667,0.9948333333333333,1,0
fixed-eight,179,joint-long-schema,0.9949583333333333,0.9666666666666667,0.9666666666666667,0.9948333333333333,1,0
fixed-eight,180,field-average,0.9951666666666666,0.9643333333333334,0.9643333333333334,0.9953333333333333,1,0
fixed-eight,180,whole-call,0.9951666666666666,0.9643333333333334,0.9643333333333334,0.9953333333333333,1,0
fixed-eight,180,joint-long-schema,0.9951666666666666,0.9643333333333334,0.9643333333333334,0.9953333333333333,1,0
fixed-eight,181,field-average,0.9947083333333333,0.9593333333333334,0.9593333333333334,0.995,1,0
fixed-eight,181,whole-call,0.9947083333333333,0.9593333333333334,0.9593333333333334,0.995,1,0
fixed-eight,181,joint-long-schema,0.9947083333333333,0.9593333333333334,0.9593333333333334,0.995,1,0
fixed-eight,182,field-average,0.9944583333333333,0.9606666666666667,0.9606666666666667,0.9948333333333333,1,0
fixed-eight,182,whole-call,0.9944583333333333,0.9606666666666667,0.9606666666666667,0.9948333333333333,1,0
fixed-eight,182,joint-long-schema,0.9944583333333333,0.9606666666666667,0.9606666666666667,0.9948333333333333,1,0
fixed-eight,183,field-average,0.9945,0.9626666666666667,0.9626666666666667,0.9948333333333333,1,0
fixed-eight,183,whole-call,0.9945,0.9626666666666667,0.9626666666666667,0.9948333333333333,1,0
fixed-eight,183,joint-long-schema,0.9945,0.9626666666666667,0.9626666666666667,0.9948333333333333,1,0
fixed-eight,184,field-average,0.9952083333333334,0.9656666666666667,0.9656666666666667,0.9938333333333333,1,0
fixed-eight,184,whole-call,0.9952083333333334,0.9656666666666667,0.9656666666666667,0.9938333333333333,1,0
fixed-eight,184,joint-long-schema,0.9952083333333334,0.9656666666666667,0.9656666666666667,0.9938333333333333,1,0
fixed-eight,185,field-average,0.994125,0.958,0.958,0.994,1,0
fixed-eight,185,whole-call,0.994125,0.958,0.958,0.994,1,0
fixed-eight,185,joint-long-schema,0.994125,0.958,0.958,0.994,1,0
fixed-eight,186,field-average,0.9949583333333333,0.9656666666666667,0.9656666666666667,0.9951666666666666,1,0
fixed-eight,186,whole-call,0.9949583333333333,0.9656666666666667,0.9656666666666667,0.9951666666666666,1,0
fixed-eight,186,joint-long-schema,0.9949583333333333,0.9656666666666667,0.9656666666666667,0.9951666666666666,1,0
fixed-eight,187,field-average,0.9948333333333333,0.9613333333333334,0.9613333333333334,0.9945,1,0
fixed-eight,187,whole-call,0.9948333333333333,0.9613333333333334,0.9613333333333334,0.9945,1,0
fixed-eight,187,joint-long-schema,0.9948333333333333,0.9613333333333334,0.9613333333333334,0.9945,1,0
fixed-eight,188,field-average,0.995375,0.9683333333333334,0.9683333333333334,0.9963333333333333,1,0
fixed-eight,188,whole-call,0.995375,0.9683333333333334,0.9683333333333334,0.9963333333333333,1,0
fixed-eight,188,joint-long-schema,0.995375,0.9683333333333334,0.9683333333333334,0.9963333333333333,1,0
fixed-eight,189,field-average,0.995625,0.9683333333333334,0.9683333333333334,0.9946666666666667,1,0
fixed-eight,189,whole-call,0.995625,0.9683333333333334,0.9683333333333334,0.9946666666666667,1,0
fixed-eight,189,joint-long-schema,0.995625,0.9683333333333334,0.9683333333333334,0.9946666666666667,1,0
fixed-eight,190,field-average,0.9952083333333334,0.9643333333333334,0.9643333333333334,0.9958333333333333,1,0
fixed-eight,190,whole-call,0.9952083333333334,0.9643333333333334,0.9643333333333334,0.9958333333333333,1,0
fixed-eight,190,joint-long-schema,0.9952083333333334,0.9643333333333334,0.9643333333333334,0.9958333333333333,1,0
fixed-eight,191,field-average,0.9942083333333334,0.957,0.957,0.9943333333333333,1,0
fixed-eight,191,whole-call,0.9942083333333334,0.957,0.957,0.9943333333333333,1,0
fixed-eight,191,joint-long-schema,0.9942083333333334,0.957,0.957,0.9943333333333333,1,0
fixed-eight,192,field-average,0.9953333333333333,0.9673333333333334,0.9673333333333334,0.9956666666666667,1,0
fixed-eight,192,whole-call,0.9953333333333333,0.9673333333333334,0.9673333333333334,0.9956666666666667,1,0
fixed-eight,192,joint-long-schema,0.9953333333333333,0.9673333333333334,0.9673333333333334,0.9956666666666667,1,0
fixed-eight,193,field-average,0.9940833333333333,0.9603333333333334,0.9603333333333334,0.9935,1,0
fixed-eight,193,whole-call,0.9940833333333333,0.9603333333333334,0.9603333333333334,0.9935,1,0
fixed-eight,193,joint-long-schema,0.9940833333333333,0.9603333333333334,0.9603333333333334,0.9935,1,0
fixed-eight,194,field-average,0.993625,0.955,0.955,0.9926666666666667,1,0
fixed-eight,194,whole-call,0.993625,0.955,0.955,0.9926666666666667,1,0
fixed-eight,194,joint-long-schema,0.993625,0.955,0.955,0.9926666666666667,1,0
fixed-eight,195,field-average,0.99475,0.963,0.963,0.9941666666666666,1,0
fixed-eight,195,whole-call,0.99475,0.963,0.963,0.9941666666666666,1,0
fixed-eight,195,joint-long-schema,0.99475,0.963,0.963,0.9941666666666666,1,0
fixed-eight,196,field-average,0.9946666666666667,0.9646666666666667,0.9646666666666667,0.9943333333333333,1,0
fixed-eight,196,whole-call,0.9946666666666667,0.9646666666666667,0.9646666666666667,0.9943333333333333,1,0
fixed-eight,196,joint-long-schema,0.9946666666666667,0.9646666666666667,0.9646666666666667,0.9943333333333333,1,0
fixed-eight,197,field-average,0.9952916666666667,0.9646666666666667,0.9646666666666667,0.9951666666666666,1,0
fixed-eight,197,whole-call,0.9952916666666667,0.9646666666666667,0.9646666666666667,0.9951666666666666,1,0
fixed-eight,197,joint-long-schema,0.9952916666666667,0.9646666666666667,0.9646666666666667,0.9951666666666666,1,0
fixed-eight,198,field-average,0.9944583333333333,0.9616666666666667,0.9616666666666667,0.9933333333333333,1,0
fixed-eight,198,whole-call,0.9944583333333333,0.9616666666666667,0.9616666666666667,0.9933333333333333,1,0
fixed-eight,198,joint-long-schema,0.9944583333333333,0.9616666666666667,0.9616666666666667,0.9933333333333333,1,0
fixed-eight,199,field-average,0.9945,0.9606666666666667,0.9606666666666667,0.9951666666666666,1,0
fixed-eight,199,whole-call,0.9945,0.9606666666666667,0.9606666666666667,0.9951666666666666,1,0
fixed-eight,199,joint-long-schema,0.9945,0.9606666666666667,0.9606666666666667,0.9951666666666666,1,0
fixed-eight,200,field-average,0.9947083333333333,0.9623333333333334,0.9623333333333334,0.9941666666666666,1,0
fixed-eight,200,whole-call,0.9947083333333333,0.9623333333333334,0.9623333333333334,0.9941666666666666,1,0
fixed-eight,200,joint-long-schema,0.9947083333333333,0.9623333333333334,0.9623333333333334,0.9941666666666666,1,0
fixed-eight,201,field-average,0.9944166666666666,0.9623333333333334,0.9623333333333334,0.9946666666666667,1,0
fixed-eight,201,whole-call,0.9944166666666666,0.9623333333333334,0.9623333333333334,0.9946666666666667,1,0
fixed-eight,201,joint-long-schema,0.9944166666666666,0.9623333333333334,0.9623333333333334,0.9946666666666667,1,0
fixed-eight,202,field-average,0.99475,0.963,0.963,0.9951666666666666,1,0
fixed-eight,202,whole-call,0.99475,0.963,0.963,0.9951666666666666,1,0
fixed-eight,202,joint-long-schema,0.99475,0.963,0.963,0.9951666666666666,1,0
fixed-eight,203,field-average,0.9954166666666666,0.9673333333333334,0.9673333333333334,0.996,1,0
fixed-eight,203,whole-call,0.9954166666666666,0.9673333333333334,0.9673333333333334,0.996,1,0
fixed-eight,203,joint-long-schema,0.9954166666666666,0.9673333333333334,0.9673333333333334,0.996,1,0
fixed-eight,204,field-average,0.9952083333333334,0.9643333333333334,0.9643333333333334,0.994,1,0
fixed-eight,204,whole-call,0.9952083333333334,0.9643333333333334,0.9643333333333334,0.994,1,0
fixed-eight,204,joint-long-schema,0.9952083333333334,0.9643333333333334,0.9643333333333334,0.994,1,0
fixed-eight,205,field-average,0.9951666666666666,0.9626666666666667,0.9626666666666667,0.9963333333333333,1,0
fixed-eight,205,whole-call,0.9951666666666666,0.9626666666666667,0.9626666666666667,0.9963333333333333,1,0
fixed-eight,205,joint-long-schema,0.9951666666666666,0.9626666666666667,0.9626666666666667,0.9963333333333333,1,0
fixed-eight,206,field-average,0.9940833333333333,0.9606666666666667,0.9606666666666667,0.9948333333333333,1,0
fixed-eight,206,whole-call,0.9940833333333333,0.9606666666666667,0.9606666666666667,0.9948333333333333,1,0
fixed-eight,206,joint-long-schema,0.9940833333333333,0.9606666666666667,0.9606666666666667,0.9948333333333333,1,0
fixed-eight,207,field-average,0.9945833333333334,0.9616666666666667,0.9616666666666667,0.9943333333333333,1,0
fixed-eight,207,whole-call,0.9945833333333334,0.9616666666666667,0.9616666666666667,0.9943333333333333,1,0
fixed-eight,207,joint-long-schema,0.9945833333333334,0.9616666666666667,0.9616666666666667,0.9943333333333333,1,0
fixed-eight,208,field-average,0.9939166666666667,0.9603333333333334,0.9603333333333334,0.994,1,0
fixed-eight,208,whole-call,0.9939166666666667,0.9603333333333334,0.9603333333333334,0.994,1,0
fixed-eight,208,joint-long-schema,0.9939166666666667,0.9603333333333334,0.9603333333333334,0.994,1,0
fixed-eight,209,field-average,0.9945833333333334,0.9593333333333334,0.9593333333333334,0.9951666666666666,1,0
fixed-eight,209,whole-call,0.9945833333333334,0.9593333333333334,0.9593333333333334,0.9951666666666666,1,0
fixed-eight,209,joint-long-schema,0.9945833333333334,0.9593333333333334,0.9593333333333334,0.9951666666666666,1,0
fixed-eight,210,field-average,0.9943333333333333,0.9603333333333334,0.9603333333333334,0.995,1,0
fixed-eight,210,whole-call,0.9943333333333333,0.9603333333333334,0.9603333333333334,0.995,1,0
fixed-eight,210,joint-long-schema,0.9943333333333333,0.9603333333333334,0.9603333333333334,0.995,1,0
fixed-eight,211,field-average,0.9952916666666667,0.9636666666666667,0.9636666666666667,0.9945,1,0
fixed-eight,211,whole-call,0.9952916666666667,0.9636666666666667,0.9636666666666667,0.9945,1,0
fixed-eight,211,joint-long-schema,0.9952916666666667,0.9636666666666667,0.9636666666666667,0.9945,1,0
fixed-eight,212,field-average,0.9942916666666667,0.9586666666666667,0.9586666666666667,0.994,1,0
fixed-eight,212,whole-call,0.9942916666666667,0.9586666666666667,0.9586666666666667,0.994,1,0
fixed-eight,212,joint-long-schema,0.9942916666666667,0.9586666666666667,0.9586666666666667,0.994,1,0
fixed-eight,213,field-average,0.9954583333333333,0.9656666666666667,0.9656666666666667,0.9958333333333333,1,0
fixed-eight,213,whole-call,0.9954583333333333,0.9656666666666667,0.9656666666666667,0.9958333333333333,1,0
fixed-eight,213,joint-long-schema,0.9954583333333333,0.9656666666666667,0.9656666666666667,0.9958333333333333,1,0
fixed-eight,214,field-average,0.9942083333333334,0.9606666666666667,0.9606666666666667,0.9945,1,0
fixed-eight,214,whole-call,0.9942083333333334,0.9606666666666667,0.9606666666666667,0.9945,1,0
fixed-eight,214,joint-long-schema,0.9942083333333334,0.9606666666666667,0.9606666666666667,0.9945,1,0
fixed-eight,215,field-average,0.9940416666666667,0.9563333333333334,0.9563333333333334,0.993,1,0
fixed-eight,215,whole-call,0.9940416666666667,0.9563333333333334,0.9563333333333334,0.993,1,0
fixed-eight,215,joint-long-schema,0.9940416666666667,0.9563333333333334,0.9563333333333334,0.993,1,0
fixed-eight,216,field-average,0.9950833333333333,0.9653333333333334,0.9653333333333334,0.994,1,0
fixed-eight,216,whole-call,0.9950833333333333,0.9653333333333334,0.9653333333333334,0.994,1,0
fixed-eight,216,joint-long-schema,0.9950833333333333,0.9653333333333334,0.9653333333333334,0.994,1,0
fixed-eight,217,field-average,0.994625,0.9606666666666667,0.9606666666666667,0.9931666666666666,1,0
fixed-eight,217,whole-call,0.994625,0.9606666666666667,0.9606666666666667,0.9931666666666666,1,0
fixed-eight,217,joint-long-schema,0.994625,0.9606666666666667,0.9606666666666667,0.9931666666666666,1,0
fixed-eight,218,field-average,0.99425,0.9573333333333334,0.9573333333333334,0.9946666666666667,1,0
fixed-eight,218,whole-call,0.99425,0.9573333333333334,0.9573333333333334,0.9946666666666667,1,0
fixed-eight,218,joint-long-schema,0.99425,0.9573333333333334,0.9573333333333334,0.9946666666666667,1,0
fixed-eight,219,field-average,0.9948333333333333,0.9643333333333334,0.9643333333333334,0.994,1,0
fixed-eight,219,whole-call,0.9948333333333333,0.9643333333333334,0.9643333333333334,0.994,1,0
fixed-eight,219,joint-long-schema,0.9948333333333333,0.9643333333333334,0.9643333333333334,0.994,1,0
fixed-eight,220,field-average,0.9949166666666667,0.9636666666666667,0.9636666666666667,0.9958333333333333,1,0
fixed-eight,220,whole-call,0.9949166666666667,0.9636666666666667,0.9636666666666667,0.9958333333333333,1,0
fixed-eight,220,joint-long-schema,0.9949166666666667,0.9636666666666667,0.9636666666666667,0.9958333333333333,1,0
fixed-eight,221,field-average,0.9947083333333333,0.9653333333333334,0.9653333333333334,0.9926666666666667,1,0
fixed-eight,221,whole-call,0.9947083333333333,0.9653333333333334,0.9653333333333334,0.9926666666666667,1,0
fixed-eight,221,joint-long-schema,0.9947083333333333,0.9653333333333334,0.9653333333333334,0.9926666666666667,1,0
fixed-eight,222,field-average,0.9946666666666667,0.9613333333333334,0.9613333333333334,0.9936666666666667,1,0
fixed-eight,222,whole-call,0.9946666666666667,0.9613333333333334,0.9613333333333334,0.9936666666666667,1,0
fixed-eight,222,joint-long-schema,0.9946666666666667,0.9613333333333334,0.9613333333333334,0.9936666666666667,1,0
fixed-eight,223,field-average,0.9947916666666666,0.9613333333333334,0.9613333333333334,0.9951666666666666,1,0
fixed-eight,223,whole-call,0.9947916666666666,0.9613333333333334,0.9613333333333334,0.9951666666666666,1,0
fixed-eight,223,joint-long-schema,0.9947916666666666,0.9613333333333334,0.9613333333333334,0.9951666666666666,1,0
fixed-eight,224,field-average,0.9949583333333333,0.9626666666666667,0.9626666666666667,0.9956666666666667,1,0
fixed-eight,224,whole-call,0.9949583333333333,0.9626666666666667,0.9626666666666667,0.9956666666666667,1,0
fixed-eight,224,joint-long-schema,0.9949583333333333,0.9626666666666667,0.9626666666666667,0.9956666666666667,1,0
fixed-eight,225,field-average,0.994125,0.959,0.959,0.9943333333333333,1,0
fixed-eight,225,whole-call,0.994125,0.959,0.959,0.9943333333333333,1,0
fixed-eight,225,joint-long-schema,0.994125,0.959,0.959,0.9943333333333333,1,0
fixed-eight,226,field-average,0.9942916666666667,0.9596666666666667,0.9596666666666667,0.9933333333333333,1,0
fixed-eight,226,whole-call,0.9942916666666667,0.9596666666666667,0.9596666666666667,0.9933333333333333,1,0
fixed-eight,226,joint-long-schema,0.9942916666666667,0.9596666666666667,0.9596666666666667,0.9933333333333333,1,0
fixed-eight,227,field-average,0.9938333333333333,0.9616666666666667,0.9616666666666667,0.9951666666666666,1,0
fixed-eight,227,whole-call,0.9938333333333333,0.9616666666666667,0.9616666666666667,0.9951666666666666,1,0
fixed-eight,227,joint-long-schema,0.9938333333333333,0.9616666666666667,0.9616666666666667,0.9951666666666666,1,0
fixed-eight,228,field-average,0.994375,0.9593333333333334,0.9593333333333334,0.9928333333333333,1,0
fixed-eight,228,whole-call,0.994375,0.9593333333333334,0.9593333333333334,0.9928333333333333,1,0
fixed-eight,228,joint-long-schema,0.994375,0.9593333333333334,0.9593333333333334,0.9928333333333333,1,0
fixed-eight,229,field-average,0.9945833333333334,0.9623333333333334,0.9623333333333334,0.9958333333333333,1,0
fixed-eight,229,whole-call,0.9945833333333334,0.9623333333333334,0.9623333333333334,0.9958333333333333,1,0
fixed-eight,229,joint-long-schema,0.9945833333333334,0.9623333333333334,0.9623333333333334,0.9958333333333333,1,0
fixed-eight,230,field-average,0.9950416666666667,0.964,0.964,0.994,1,0
fixed-eight,230,whole-call,0.9950416666666667,0.964,0.964,0.994,1,0
fixed-eight,230,joint-long-schema,0.9950416666666667,0.964,0.964,0.994,1,0
fixed-eight,231,field-average,0.9947916666666666,0.9596666666666667,0.9596666666666667,0.9966666666666667,1,0
fixed-eight,231,whole-call,0.9947916666666666,0.9596666666666667,0.9596666666666667,0.9966666666666667,1,0
fixed-eight,231,joint-long-schema,0.9947916666666666,0.9596666666666667,0.9596666666666667,0.9966666666666667,1,0
fixed-eight,232,field-average,0.9937083333333333,0.9563333333333334,0.9563333333333334,0.9946666666666667,1,0
fixed-eight,232,whole-call,0.9937083333333333,0.9563333333333334,0.9563333333333334,0.9946666666666667,1,0
fixed-eight,232,joint-long-schema,0.9937083333333333,0.9563333333333334,0.9563333333333334,0.9946666666666667,1,0
fixed-eight,233,field-average,0.9944166666666666,0.9593333333333334,0.9593333333333334,0.9928333333333333,1,0
fixed-eight,233,whole-call,0.9944166666666666,0.9593333333333334,0.9593333333333334,0.9928333333333333,1,0
fixed-eight,233,joint-long-schema,0.9944166666666666,0.9593333333333334,0.9593333333333334,0.9928333333333333,1,0
fixed-eight,234,field-average,0.9944166666666666,0.9593333333333334,0.9593333333333334,0.994,1,0
fixed-eight,234,whole-call,0.9944166666666666,0.9593333333333334,0.9593333333333334,0.994,1,0
fixed-eight,234,joint-long-schema,0.9944166666666666,0.9593333333333334,0.9593333333333334,0.994,1,0
fixed-eight,235,field-average,0.994375,0.96,0.96,0.9948333333333333,1,0
fixed-eight,235,whole-call,0.994375,0.96,0.96,0.9948333333333333,1,0
fixed-eight,235,joint-long-schema,0.994375,0.96,0.96,0.9948333333333333,1,0
fixed-eight,236,field-average,0.994875,0.9636666666666667,0.9636666666666667,0.9948333333333333,1,0
fixed-eight,236,whole-call,0.994875,0.9636666666666667,0.9636666666666667,0.9948333333333333,1,0
fixed-eight,236,joint-long-schema,0.994875,0.9636666666666667,0.9636666666666667,0.9948333333333333,1,0
fixed-eight,237,field-average,0.995,0.963,0.963,0.9936666666666667,1,0
fixed-eight,237,whole-call,0.995,0.963,0.963,0.9936666666666667,1,0
fixed-eight,237,joint-long-schema,0.995,0.963,0.963,0.9936666666666667,1,0
fixed-eight,238,field-average,0.9955833333333334,0.9686666666666667,0.9686666666666667,0.9951666666666666,1,0
fixed-eight,238,whole-call,0.9955833333333334,0.9686666666666667,0.9686666666666667,0.9951666666666666,1,0
fixed-eight,238,joint-long-schema,0.9955833333333334,0.9686666666666667,0.9686666666666667,0.9951666666666666,1,0
fixed-eight,239,field-average,0.993875,0.9563333333333334,0.9563333333333334,0.993,1,0
fixed-eight,239,whole-call,0.993875,0.9563333333333334,0.9563333333333334,0.993,1,0
fixed-eight,239,joint-long-schema,0.993875,0.9563333333333334,0.9563333333333334,0.993,1,0
fixed-eight,240,field-average,0.995,0.9653333333333334,0.9653333333333334,0.9953333333333333,1,0
fixed-eight,240,whole-call,0.995,0.9653333333333334,0.9653333333333334,0.9953333333333333,1,0
fixed-eight,240,joint-long-schema,0.995,0.9653333333333334,0.9653333333333334,0.9953333333333333,1,0
fixed-eight,241,field-average,0.9947083333333333,0.9603333333333334,0.9603333333333334,0.9941666666666666,1,0
fixed-eight,241,whole-call,0.9947083333333333,0.9603333333333334,0.9603333333333334,0.9941666666666666,1,0
fixed-eight,241,joint-long-schema,0.9947083333333333,0.9603333333333334,0.9603333333333334,0.9941666666666666,1,0
fixed-eight,242,field-average,0.9939583333333334,0.9586666666666667,0.9586666666666667,0.9936666666666667,1,0
fixed-eight,242,whole-call,0.9939583333333334,0.9586666666666667,0.9586666666666667,0.9936666666666667,1,0
fixed-eight,242,joint-long-schema,0.9939583333333334,0.9586666666666667,0.9586666666666667,0.9936666666666667,1,0
fixed-eight,243,field-average,0.9947916666666666,0.9626666666666667,0.9626666666666667,0.9948333333333333,1,0
fixed-eight,243,whole-call,0.9947916666666666,0.9626666666666667,0.9626666666666667,0.9948333333333333,1,0
fixed-eight,243,joint-long-schema,0.9947916666666666,0.9626666666666667,0.9626666666666667,0.9948333333333333,1,0
fixed-eight,244,field-average,0.994125,0.961,0.961,0.9941666666666666,1,0
fixed-eight,244,whole-call,0.994125,0.961,0.961,0.9941666666666666,1,0
fixed-eight,244,joint-long-schema,0.994125,0.961,0.961,0.9941666666666666,1,0
fixed-eight,245,field-average,0.9950833333333333,0.9646666666666667,0.9646666666666667,0.9951666666666666,1,0
fixed-eight,245,whole-call,0.9950833333333333,0.9646666666666667,0.9646666666666667,0.9951666666666666,1,0
fixed-eight,245,joint-long-schema,0.9950833333333333,0.9646666666666667,0.9646666666666667,0.9951666666666666,1,0
fixed-eight,246,field-average,0.9942916666666667,0.961,0.961,0.9941666666666666,1,0
fixed-eight,246,whole-call,0.9942916666666667,0.961,0.961,0.9941666666666666,1,0
fixed-eight,246,joint-long-schema,0.9942916666666667,0.961,0.961,0.9941666666666666,1,0
fixed-eight,247,field-average,0.99375,0.958,0.958,0.9948333333333333,1,0
fixed-eight,247,whole-call,0.99375,0.958,0.958,0.9948333333333333,1,0
fixed-eight,247,joint-long-schema,0.99375,0.958,0.958,0.9948333333333333,1,0
fixed-eight,248,field-average,0.9951666666666666,0.963,0.963,0.995,1,0
fixed-eight,248,whole-call,0.9951666666666666,0.963,0.963,0.995,1,0
fixed-eight,248,joint-long-schema,0.9951666666666666,0.963,0.963,0.995,1,0
fixed-eight,249,field-average,0.994,0.959,0.959,0.9931666666666666,1,0
fixed-eight,249,whole-call,0.994,0.959,0.959,0.9931666666666666,1,0
fixed-eight,249,joint-long-schema,0.994,0.959,0.959,0.9931666666666666,1,0
fixed-eight,250,field-average,0.9938333333333333,0.958,0.958,0.9936666666666667,1,0
fixed-eight,250,whole-call,0.9938333333333333,0.958,0.958,0.9936666666666667,1,0
fixed-eight,250,joint-long-schema,0.9938333333333333,0.958,0.958,0.9936666666666667,1,0
fixed-eight,251,field-average,0.994,0.957,0.957,0.993,1,0
fixed-eight,251,whole-call,0.994,0.957,0.957,0.993,1,0
fixed-eight,251,joint-long-schema,0.994,0.957,0.957,0.993,1,0
fixed-eight,252,field-average,0.9954166666666666,0.9656666666666667,0.9656666666666667,0.9951666666666666,1,0
fixed-eight,252,whole-call,0.9954166666666666,0.9656666666666667,0.9656666666666667,0.9951666666666666,1,0
fixed-eight,252,joint-long-schema,0.9954166666666666,0.9656666666666667,0.9656666666666667,0.9951666666666666,1,0
fixed-eight,253,field-average,0.9942916666666667,0.9603333333333334,0.9603333333333334,0.9946666666666667,1,0
fixed-eight,253,whole-call,0.9942916666666667,0.9603333333333334,0.9603333333333334,0.9946666666666667,1,0
fixed-eight,253,joint-long-schema,0.9942916666666667,0.9603333333333334,0.9603333333333334,0.9946666666666667,1,0
fixed-eight,254,field-average,0.994875,0.9646666666666667,0.9646666666666667,0.995,1,0
fixed-eight,254,whole-call,0.994875,0.9646666666666667,0.9646666666666667,0.995,1,0
fixed-eight,254,joint-long-schema,0.994875,0.9646666666666667,0.9646666666666667,0.995,1,0
fixed-eight,255,field-average,0.9945,0.9613333333333334,0.9613333333333334,0.9958333333333333,1,0
fixed-eight,255,whole-call,0.9945,0.9613333333333334,0.9613333333333334,0.9958333333333333,1,0
fixed-eight,255,joint-long-schema,0.9945,0.9613333333333334,0.9613333333333334,0.9958333333333333,1,0
fixed-eight,256,field-average,0.9955,0.9693333333333334,0.9693333333333334,0.9961666666666666,1,0
fixed-eight,256,whole-call,0.9955,0.9693333333333334,0.9693333333333334,0.9961666666666666,1,0
fixed-eight,256,joint-long-schema,0.9955,0.9693333333333334,0.9693333333333334,0.9961666666666666,1,0
fixed-eight,257,field-average,0.9947916666666666,0.9626666666666667,0.9626666666666667,0.9951666666666666,1,0
fixed-eight,257,whole-call,0.9947916666666666,0.9626666666666667,0.9626666666666667,0.9951666666666666,1,0
fixed-eight,257,joint-long-schema,0.9947916666666666,0.9626666666666667,0.9626666666666667,0.9951666666666666,1,0
fixed-eight,258,field-average,0.9951666666666666,0.964,0.964,0.9945,1,0
fixed-eight,258,whole-call,0.9951666666666666,0.964,0.964,0.9945,1,0
fixed-eight,258,joint-long-schema,0.9951666666666666,0.964,0.964,0.9945,1,0
fixed-eight,259,field-average,0.99525,0.9646666666666667,0.9646666666666667,0.9958333333333333,1,0
fixed-eight,259,whole-call,0.99525,0.9646666666666667,0.9646666666666667,0.9958333333333333,1,0
fixed-eight,259,joint-long-schema,0.99525,0.9646666666666667,0.9646666666666667,0.9958333333333333,1,0
fixed-eight,260,field-average,0.9944166666666666,0.9593333333333334,0.9593333333333334,0.9946666666666667,1,0
fixed-eight,260,whole-call,0.9944166666666666,0.9593333333333334,0.9593333333333334,0.9946666666666667,1,0
fixed-eight,260,joint-long-schema,0.9944166666666666,0.9593333333333334,0.9593333333333334,0.9946666666666667,1,0
fixed-eight,261,field-average,0.9945833333333334,0.9623333333333334,0.9623333333333334,0.9945,1,0
fixed-eight,261,whole-call,0.9945833333333334,0.9623333333333334,0.9623333333333334,0.9945,1,0
fixed-eight,261,joint-long-schema,0.9945833333333334,0.9623333333333334,0.9623333333333334,0.9945,1,0
fixed-eight,262,field-average,0.9944166666666666,0.962,0.962,0.9943333333333333,1,0
fixed-eight,262,whole-call,0.9944166666666666,0.962,0.962,0.9943333333333333,1,0
fixed-eight,262,joint-long-schema,0.9944166666666666,0.962,0.962,0.9943333333333333,1,0
fixed-eight,263,field-average,0.9952083333333334,0.965,0.965,0.9953333333333333,1,0
fixed-eight,263,whole-call,0.9952083333333334,0.965,0.965,0.9953333333333333,1,0
fixed-eight,263,joint-long-schema,0.9952083333333334,0.965,0.965,0.9953333333333333,1,0
fixed-eight,264,field-average,0.9942083333333334,0.957,0.957,0.9946666666666667,1,0
fixed-eight,264,whole-call,0.9942083333333334,0.957,0.957,0.9946666666666667,1,0
fixed-eight,264,joint-long-schema,0.9942083333333334,0.957,0.957,0.9946666666666667,1,0
fixed-eight,265,field-average,0.9937083333333333,0.9553333333333334,0.9553333333333334,0.9948333333333333,1,0
fixed-eight,265,whole-call,0.9937083333333333,0.9553333333333334,0.9553333333333334,0.9948333333333333,1,0
fixed-eight,265,joint-long-schema,0.9937083333333333,0.9553333333333334,0.9553333333333334,0.9948333333333333,1,0
fixed-eight,266,field-average,0.9954166666666666,0.967,0.967,0.9953333333333333,1,0
fixed-eight,266,whole-call,0.9954166666666666,0.967,0.967,0.9953333333333333,1,0
fixed-eight,266,joint-long-schema,0.9954166666666666,0.967,0.967,0.9953333333333333,1,0
fixed-eight,267,field-average,0.994375,0.959,0.959,0.9931666666666666,1,0
fixed-eight,267,whole-call,0.994375,0.959,0.959,0.9931666666666666,1,0
fixed-eight,267,joint-long-schema,0.994375,0.959,0.959,0.9931666666666666,1,0
fixed-eight,268,field-average,0.9945416666666667,0.9626666666666667,0.9626666666666667,0.9941666666666666,1,0
fixed-eight,268,whole-call,0.9945416666666667,0.9626666666666667,0.9626666666666667,0.9941666666666666,1,0
fixed-eight,268,joint-long-schema,0.9945416666666667,0.9626666666666667,0.9626666666666667,0.9941666666666666,1,0
fixed-eight,269,field-average,0.9947916666666666,0.9613333333333334,0.9613333333333334,0.9946666666666667,1,0
fixed-eight,269,whole-call,0.9947916666666666,0.9613333333333334,0.9613333333333334,0.9946666666666667,1,0
fixed-eight,269,joint-long-schema,0.9947916666666666,0.9613333333333334,0.9613333333333334,0.9946666666666667,1,0
fixed-eight,270,field-average,0.9944583333333333,0.9596666666666667,0.9596666666666667,0.9953333333333333,1,0
fixed-eight,270,whole-call,0.9944583333333333,0.9596666666666667,0.9596666666666667,0.9953333333333333,1,0
fixed-eight,270,joint-long-schema,0.9944583333333333,0.9596666666666667,0.9596666666666667,0.9953333333333333,1,0
fixed-eight,271,field-average,0.9924166666666666,0.9523333333333334,0.9523333333333334,0.9913333333333333,1,0
fixed-eight,271,whole-call,0.9924166666666666,0.9523333333333334,0.9523333333333334,0.9913333333333333,1,0
fixed-eight,271,joint-long-schema,0.9924166666666666,0.9523333333333334,0.9523333333333334,0.9913333333333333,1,0
fixed-eight,272,field-average,0.9953333333333333,0.967,0.967,0.9935,1,0
fixed-eight,272,whole-call,0.9953333333333333,0.967,0.967,0.9935,1,0
fixed-eight,272,joint-long-schema,0.9953333333333333,0.967,0.967,0.9935,1,0
fixed-eight,273,field-average,0.9947083333333333,0.961,0.961,0.9946666666666667,1,0
fixed-eight,273,whole-call,0.9947083333333333,0.961,0.961,0.9946666666666667,1,0
fixed-eight,273,joint-long-schema,0.9947083333333333,0.961,0.961,0.9946666666666667,1,0
fixed-eight,274,field-average,0.9940833333333333,0.9623333333333334,0.9623333333333334,0.9938333333333333,1,0
fixed-eight,274,whole-call,0.9940833333333333,0.9623333333333334,0.9623333333333334,0.9938333333333333,1,0
fixed-eight,274,joint-long-schema,0.9940833333333333,0.9623333333333334,0.9623333333333334,0.9938333333333333,1,0
fixed-eight,275,field-average,0.9948333333333333,0.9616666666666667,0.9616666666666667,0.9943333333333333,1,0
fixed-eight,275,whole-call,0.9948333333333333,0.9616666666666667,0.9616666666666667,0.9943333333333333,1,0
fixed-eight,275,joint-long-schema,0.9948333333333333,0.9616666666666667,0.9616666666666667,0.9943333333333333,1,0
fixed-eight,276,field-average,0.9945,0.9643333333333334,0.9643333333333334,0.9943333333333333,1,0
fixed-eight,276,whole-call,0.9945,0.9643333333333334,0.9643333333333334,0.9943333333333333,1,0
fixed-eight,276,joint-long-schema,0.9945,0.9643333333333334,0.9643333333333334,0.9943333333333333,1,0
fixed-eight,277,field-average,0.9948333333333333,0.9633333333333334,0.9633333333333334,0.996,1,0
fixed-eight,277,whole-call,0.9948333333333333,0.9633333333333334,0.9633333333333334,0.996,1,0
fixed-eight,277,joint-long-schema,0.9948333333333333,0.9633333333333334,0.9633333333333334,0.996,1,0
fixed-eight,278,field-average,0.99475,0.962,0.962,0.9936666666666667,1,0
fixed-eight,278,whole-call,0.99475,0.962,0.962,0.9936666666666667,1,0
fixed-eight,278,joint-long-schema,0.99475,0.962,0.962,0.9936666666666667,1,0
fixed-eight,279,field-average,0.9945,0.9616666666666667,0.9616666666666667,0.9931666666666666,1,0
fixed-eight,279,whole-call,0.9945,0.9616666666666667,0.9616666666666667,0.9931666666666666,1,0
fixed-eight,279,joint-long-schema,0.9945,0.9616666666666667,0.9616666666666667,0.9931666666666666,1,0
fixed-eight,280,field-average,0.994375,0.96,0.96,0.9945,1,0
fixed-eight,280,whole-call,0.994375,0.96,0.96,0.9945,1,0
fixed-eight,280,joint-long-schema,0.994375,0.96,0.96,0.9945,1,0
fixed-eight,281,field-average,0.99575,0.9686666666666667,0.9686666666666667,0.995,1,0
fixed-eight,281,whole-call,0.99575,0.9686666666666667,0.9686666666666667,0.995,1,0
fixed-eight,281,joint-long-schema,0.99575,0.9686666666666667,0.9686666666666667,0.995,1,0
fixed-eight,282,field-average,0.9936666666666667,0.9586666666666667,0.9586666666666667,0.995,1,0
fixed-eight,282,whole-call,0.9936666666666667,0.9586666666666667,0.9586666666666667,0.995,1,0
fixed-eight,282,joint-long-schema,0.9936666666666667,0.9586666666666667,0.9586666666666667,0.995,1,0
fixed-eight,283,field-average,0.995625,0.969,0.969,0.9953333333333333,1,0
fixed-eight,283,whole-call,0.995625,0.969,0.969,0.9953333333333333,1,0
fixed-eight,283,joint-long-schema,0.995625,0.969,0.969,0.9953333333333333,1,0
fixed-eight,284,field-average,0.995375,0.9673333333333334,0.9673333333333334,0.9955,1,0
fixed-eight,284,whole-call,0.995375,0.9673333333333334,0.9673333333333334,0.9955,1,0
fixed-eight,284,joint-long-schema,0.995375,0.9673333333333334,0.9673333333333334,0.9955,1,0
fixed-eight,285,field-average,0.995125,0.9646666666666667,0.9646666666666667,0.9948333333333333,1,0
fixed-eight,285,whole-call,0.995125,0.9646666666666667,0.9646666666666667,0.9948333333333333,1,0
fixed-eight,285,joint-long-schema,0.995125,0.9646666666666667,0.9646666666666667,0.9948333333333333,1,0
fixed-eight,286,field-average,0.9945833333333334,0.9613333333333334,0.9613333333333334,0.996,1,0
fixed-eight,286,whole-call,0.9945833333333334,0.9613333333333334,0.9613333333333334,0.996,1,0
fixed-eight,286,joint-long-schema,0.9945833333333334,0.9613333333333334,0.9613333333333334,0.996,1,0
fixed-eight,287,field-average,0.9952083333333334,0.9653333333333334,0.9653333333333334,0.9948333333333333,1,0
fixed-eight,287,whole-call,0.9952083333333334,0.9653333333333334,0.9653333333333334,0.9948333333333333,1,0
fixed-eight,287,joint-long-schema,0.9952083333333334,0.9653333333333334,0.9653333333333334,0.9948333333333333,1,0
fixed-eight,288,field-average,0.9937916666666666,0.9553333333333334,0.9553333333333334,0.9925,1,0
fixed-eight,288,whole-call,0.9937916666666666,0.9553333333333334,0.9553333333333334,0.9925,1,0
fixed-eight,288,joint-long-schema,0.9937916666666666,0.9553333333333334,0.9553333333333334,0.9925,1,0
fixed-eight,289,field-average,0.9942916666666667,0.9606666666666667,0.9606666666666667,0.9948333333333333,1,0
fixed-eight,289,whole-call,0.9942916666666667,0.9606666666666667,0.9606666666666667,0.9948333333333333,1,0
fixed-eight,289,joint-long-schema,0.9942916666666667,0.9606666666666667,0.9606666666666667,0.9948333333333333,1,0
fixed-eight,290,field-average,0.9948333333333333,0.964,0.964,0.996,1,0
fixed-eight,290,whole-call,0.9948333333333333,0.964,0.964,0.996,1,0
fixed-eight,290,joint-long-schema,0.9948333333333333,0.964,0.964,0.996,1,0
fixed-eight,291,field-average,0.9946666666666667,0.9643333333333334,0.9643333333333334,0.995,1,0
fixed-eight,291,whole-call,0.9946666666666667,0.9643333333333334,0.9643333333333334,0.995,1,0
fixed-eight,291,joint-long-schema,0.9946666666666667,0.9643333333333334,0.9643333333333334,0.995,1,0
fixed-eight,292,field-average,0.994875,0.963,0.963,0.995,1,0
fixed-eight,292,whole-call,0.994875,0.963,0.963,0.995,1,0
fixed-eight,292,joint-long-schema,0.994875,0.963,0.963,0.995,1,0
fixed-eight,293,field-average,0.99475,0.964,0.964,0.995,1,0
fixed-eight,293,whole-call,0.99475,0.964,0.964,0.995,1,0
fixed-eight,293,joint-long-schema,0.99475,0.964,0.964,0.995,1,0
fixed-eight,294,field-average,0.9947083333333333,0.9646666666666667,0.9646666666666667,0.9953333333333333,1,0
fixed-eight,294,whole-call,0.9947083333333333,0.9646666666666667,0.9646666666666667,0.9953333333333333,1,0
fixed-eight,294,joint-long-schema,0.9947083333333333,0.9646666666666667,0.9646666666666667,0.9953333333333333,1,0
fixed-eight,295,field-average,0.994625,0.963,0.963,0.9946666666666667,1,0
fixed-eight,295,whole-call,0.994625,0.963,0.963,0.9946666666666667,1,0
fixed-eight,295,joint-long-schema,0.994625,0.963,0.963,0.9946666666666667,1,0
fixed-eight,296,field-average,0.9948333333333333,0.963,0.963,0.9938333333333333,1,0
fixed-eight,296,whole-call,0.9948333333333333,0.963,0.963,0.9938333333333333,1,0
fixed-eight,296,joint-long-schema,0.9948333333333333,0.963,0.963,0.9938333333333333,1,0
fixed-eight,297,field-average,0.9949583333333333,0.9616666666666667,0.9616666666666667,0.995,1,0
fixed-eight,297,whole-call,0.9949583333333333,0.9616666666666667,0.9616666666666667,0.995,1,0
fixed-eight,297,joint-long-schema,0.9949583333333333,0.9616666666666667,0.9616666666666667,0.995,1,0
fixed-eight,298,field-average,0.993875,0.957,0.957,0.9935,1,0
fixed-eight,298,whole-call,0.993875,0.957,0.957,0.9935,1,0
fixed-eight,298,joint-long-schema,0.993875,0.957,0.957,0.9935,1,0
fixed-eight,299,field-average,0.993625,0.9556666666666667,0.9556666666666667,0.9923333333333333,1,0
fixed-eight,299,whole-call,0.993625,0.9556666666666667,0.9556666666666667,0.9923333333333333,1,0
fixed-eight,299,joint-long-schema,0.993625,0.9556666666666667,0.9556666666666667,0.9923333333333333,1,0
fixed-eight,300,field-average,0.9945833333333334,0.961,0.961,0.9948333333333333,1,0
fixed-eight,300,whole-call,0.9945833333333334,0.961,0.961,0.9948333333333333,1,0
fixed-eight,300,joint-long-schema,0.9945833333333334,0.961,0.961,0.9948333333333333,1,0
fixed-eight,301,field-average,0.9946666666666667,0.962,0.962,0.9933333333333333,1,0
fixed-eight,301,whole-call,0.9946666666666667,0.962,0.962,0.9933333333333333,1,0
fixed-eight,301,joint-long-schema,0.9946666666666667,0.962,0.962,0.9933333333333333,1,0
fixed-eight,302,field-average,0.9940833333333333,0.9596666666666667,0.9596666666666667,0.9935,1,0
fixed-eight,302,whole-call,0.9940833333333333,0.9596666666666667,0.9596666666666667,0.9935,1,0
fixed-eight,302,joint-long-schema,0.9940833333333333,0.9596666666666667,0.9596666666666667,0.9935,1,0
fixed-eight,303,field-average,0.9941666666666666,0.9593333333333334,0.9593333333333334,0.9933333333333333,1,0
fixed-eight,303,whole-call,0.9941666666666666,0.9593333333333334,0.9593333333333334,0.9933333333333333,1,0
fixed-eight,303,joint-long-schema,0.9941666666666666,0.9593333333333334,0.9593333333333334,0.9933333333333333,1,0
fixed-eight,304,field-average,0.994,0.957,0.957,0.9933333333333333,1,0
fixed-eight,304,whole-call,0.994,0.957,0.957,0.9933333333333333,1,0
fixed-eight,304,joint-long-schema,0.994,0.957,0.957,0.9933333333333333,1,0
fixed-eight,305,field-average,0.9949166666666667,0.9646666666666667,0.9646666666666667,0.995,1,0
fixed-eight,305,whole-call,0.9949166666666667,0.9646666666666667,0.9646666666666667,0.995,1,0
fixed-eight,305,joint-long-schema,0.9949166666666667,0.9646666666666667,0.9646666666666667,0.995,1,0
fixed-eight,306,field-average,0.9927916666666666,0.9503333333333334,0.9503333333333334,0.9931666666666666,1,0
fixed-eight,306,whole-call,0.9927916666666666,0.9503333333333334,0.9503333333333334,0.9931666666666666,1,0
fixed-eight,306,joint-long-schema,0.9927916666666666,0.9503333333333334,0.9503333333333334,0.9931666666666666,1,0
fixed-eight,307,field-average,0.9952916666666667,0.9676666666666667,0.9676666666666667,0.995,1,0
fixed-eight,307,whole-call,0.9952916666666667,0.9676666666666667,0.9676666666666667,0.995,1,0
fixed-eight,307,joint-long-schema,0.9952916666666667,0.9676666666666667,0.9676666666666667,0.995,1,0
fixed-eight,308,field-average,0.9945,0.9633333333333334,0.9633333333333334,0.9956666666666667,1,0
fixed-eight,308,whole-call,0.9945,0.9633333333333334,0.9633333333333334,0.9956666666666667,1,0
fixed-eight,308,joint-long-schema,0.9945,0.9633333333333334,0.9633333333333334,0.9956666666666667,1,0
fixed-eight,309,field-average,0.9945416666666667,0.9623333333333334,0.9623333333333334,0.9953333333333333,1,0
fixed-eight,309,whole-call,0.9945416666666667,0.9623333333333334,0.9623333333333334,0.9953333333333333,1,0
fixed-eight,309,joint-long-schema,0.9945416666666667,0.9623333333333334,0.9623333333333334,0.9953333333333333,1,0
fixed-eight,310,field-average,0.9949583333333333,0.9646666666666667,0.9646666666666667,0.995,1,0
fixed-eight,310,whole-call,0.9949583333333333,0.9646666666666667,0.9646666666666667,0.995,1,0
fixed-eight,310,joint-long-schema,0.9949583333333333,0.9646666666666667,0.9646666666666667,0.995,1,0
fixed-eight,311,field-average,0.994125,0.9596666666666667,0.9596666666666667,0.9933333333333333,1,0
fixed-eight,311,whole-call,0.994125,0.9596666666666667,0.9596666666666667,0.9933333333333333,1,0
fixed-eight,311,joint-long-schema,0.994125,0.9596666666666667,0.9596666666666667,0.9933333333333333,1,0
fixed-eight,312,field-average,0.99475,0.9616666666666667,0.9616666666666667,0.995,1,0
fixed-eight,312,whole-call,0.99475,0.9616666666666667,0.9616666666666667,0.995,1,0
fixed-eight,312,joint-long-schema,0.99475,0.9616666666666667,0.9616666666666667,0.995,1,0
fixed-eight,313,field-average,0.9944166666666666,0.962,0.962,0.9953333333333333,1,0
fixed-eight,313,whole-call,0.9944166666666666,0.962,0.962,0.9953333333333333,1,0
fixed-eight,313,joint-long-schema,0.9944166666666666,0.962,0.962,0.9953333333333333,1,0
fixed-eight,314,field-average,0.994375,0.9583333333333334,0.9583333333333334,0.9936666666666667,1,0
fixed-eight,314,whole-call,0.994375,0.9583333333333334,0.9583333333333334,0.9936666666666667,1,0
fixed-eight,314,joint-long-schema,0.994375,0.9583333333333334,0.9583333333333334,0.9936666666666667,1,0
fixed-eight,315,field-average,0.9951666666666666,0.965,0.965,0.9935,1,0
fixed-eight,315,whole-call,0.9951666666666666,0.965,0.965,0.9935,1,0
fixed-eight,315,joint-long-schema,0.9951666666666666,0.965,0.965,0.9935,1,0
fixed-eight,316,field-average,0.9937916666666666,0.9583333333333334,0.9583333333333334,0.994,1,0
fixed-eight,316,whole-call,0.9937916666666666,0.9583333333333334,0.9583333333333334,0.994,1,0
fixed-eight,316,joint-long-schema,0.9937916666666666,0.9583333333333334,0.9583333333333334,0.994,1,0
fixed-eight,317,field-average,0.995,0.9633333333333334,0.9633333333333334,0.9941666666666666,1,0
fixed-eight,317,whole-call,0.995,0.9633333333333334,0.9633333333333334,0.9941666666666666,1,0
fixed-eight,317,joint-long-schema,0.995,0.9633333333333334,0.9633333333333334,0.9941666666666666,1,0
fixed-eight,318,field-average,0.9945416666666667,0.961,0.961,0.9948333333333333,1,0
fixed-eight,318,whole-call,0.9945416666666667,0.961,0.961,0.9948333333333333,1,0
fixed-eight,318,joint-long-schema,0.9945416666666667,0.961,0.961,0.9948333333333333,1,0
fixed-eight,319,field-average,0.9951666666666666,0.9636666666666667,0.9636666666666667,0.996,1,0
fixed-eight,319,whole-call,0.9951666666666666,0.9636666666666667,0.9636666666666667,0.996,1,0
fixed-eight,319,joint-long-schema,0.9951666666666666,0.9636666666666667,0.9636666666666667,0.996,1,0
fixed-eight,320,field-average,0.9950833333333333,0.9636666666666667,0.9636666666666667,0.9945,1,0
fixed-eight,320,whole-call,0.9950833333333333,0.9636666666666667,0.9636666666666667,0.9945,1,0
fixed-eight,320,joint-long-schema,0.9950833333333333,0.9636666666666667,0.9636666666666667,0.9945,1,0
fixed-eight,321,field-average,0.9951666666666666,0.9643333333333334,0.9643333333333334,0.9965,1,0
fixed-eight,321,whole-call,0.9951666666666666,0.9643333333333334,0.9643333333333334,0.9965,1,0
fixed-eight,321,joint-long-schema,0.9951666666666666,0.9643333333333334,0.9643333333333334,0.9965,1,0
fixed-eight,322,field-average,0.9942083333333334,0.963,0.963,0.9928333333333333,1,0
fixed-eight,322,whole-call,0.9942083333333334,0.963,0.963,0.9928333333333333,1,0
fixed-eight,322,joint-long-schema,0.9942083333333334,0.963,0.963,0.9928333333333333,1,0
fixed-eight,323,field-average,0.9940833333333333,0.9566666666666667,0.9566666666666667,0.9948333333333333,1,0
fixed-eight,323,whole-call,0.9940833333333333,0.9566666666666667,0.9566666666666667,0.9948333333333333,1,0
fixed-eight,323,joint-long-schema,0.9940833333333333,0.9566666666666667,0.9566666666666667,0.9948333333333333,1,0
fixed-eight,324,field-average,0.9946666666666667,0.964,0.964,0.9935,1,0
fixed-eight,324,whole-call,0.9946666666666667,0.964,0.964,0.9935,1,0
fixed-eight,324,joint-long-schema,0.9946666666666667,0.964,0.964,0.9935,1,0
fixed-eight,325,field-average,0.9944166666666666,0.963,0.963,0.9926666666666667,1,0
fixed-eight,325,whole-call,0.9944166666666666,0.963,0.963,0.9926666666666667,1,0
fixed-eight,325,joint-long-schema,0.9944166666666666,0.963,0.963,0.9926666666666667,1,0
fixed-eight,326,field-average,0.9952083333333334,0.9683333333333334,0.9683333333333334,0.9965,1,0
fixed-eight,326,whole-call,0.9952083333333334,0.9683333333333334,0.9683333333333334,0.9965,1,0
fixed-eight,326,joint-long-schema,0.9952083333333334,0.9683333333333334,0.9683333333333334,0.9965,1,0
fixed-eight,327,field-average,0.995,0.964,0.964,0.9955,1,0
fixed-eight,327,whole-call,0.995,0.964,0.964,0.9955,1,0
fixed-eight,327,joint-long-schema,0.995,0.964,0.964,0.9955,1,0
fixed-eight,328,field-average,0.9935833333333334,0.9546666666666667,0.9546666666666667,0.9943333333333333,1,0
fixed-eight,328,whole-call,0.9935833333333334,0.9546666666666667,0.9546666666666667,0.9943333333333333,1,0
fixed-eight,328,joint-long-schema,0.9935833333333334,0.9546666666666667,0.9546666666666667,0.9943333333333333,1,0
fixed-eight,329,field-average,0.9942916666666667,0.96,0.96,0.9948333333333333,1,0
fixed-eight,329,whole-call,0.9942916666666667,0.96,0.96,0.9948333333333333,1,0
fixed-eight,329,joint-long-schema,0.9942916666666667,0.96,0.96,0.9948333333333333,1,0
fixed-eight,330,field-average,0.994,0.954,0.954,0.9955,1,0
fixed-eight,330,whole-call,0.994,0.954,0.954,0.9955,1,0
fixed-eight,330,joint-long-schema,0.994,0.954,0.954,0.9955,1,0
fixed-eight,331,field-average,0.994375,0.9616666666666667,0.9616666666666667,0.9938333333333333,1,0
fixed-eight,331,whole-call,0.994375,0.9616666666666667,0.9616666666666667,0.9938333333333333,1,0
fixed-eight,331,joint-long-schema,0.994375,0.9616666666666667,0.9616666666666667,0.9938333333333333,1,0
fixed-eight,332,field-average,0.99425,0.958,0.958,0.9943333333333333,1,0
fixed-eight,332,whole-call,0.99425,0.958,0.958,0.9943333333333333,1,0
fixed-eight,332,joint-long-schema,0.99425,0.958,0.958,0.9943333333333333,1,0
fixed-eight,333,field-average,0.995,0.9623333333333334,0.9623333333333334,0.9945,1,0
fixed-eight,333,whole-call,0.995,0.9623333333333334,0.9623333333333334,0.9945,1,0
fixed-eight,333,joint-long-schema,0.995,0.9623333333333334,0.9623333333333334,0.9945,1,0
fixed-eight,334,field-average,0.9944166666666666,0.9613333333333334,0.9613333333333334,0.9943333333333333,1,0
fixed-eight,334,whole-call,0.9944166666666666,0.9613333333333334,0.9613333333333334,0.9943333333333333,1,0
fixed-eight,334,joint-long-schema,0.9944166666666666,0.9613333333333334,0.9613333333333334,0.9943333333333333,1,0
fixed-eight,335,field-average,0.993875,0.96,0.96,0.9941666666666666,1,0
fixed-eight,335,whole-call,0.993875,0.96,0.96,0.9941666666666666,1,0
fixed-eight,335,joint-long-schema,0.993875,0.96,0.96,0.9941666666666666,1,0
fixed-eight,336,field-average,0.994875,0.965,0.965,0.9951666666666666,1,0
fixed-eight,336,whole-call,0.994875,0.965,0.965,0.9951666666666666,1,0
fixed-eight,336,joint-long-schema,0.994875,0.965,0.965,0.9951666666666666,1,0
fixed-eight,337,field-average,0.9936666666666667,0.9553333333333334,0.9553333333333334,0.9948333333333333,1,0
fixed-eight,337,whole-call,0.9936666666666667,0.9553333333333334,0.9553333333333334,0.9948333333333333,1,0
fixed-eight,337,joint-long-schema,0.9936666666666667,0.9553333333333334,0.9553333333333334,0.9948333333333333,1,0
fixed-eight,338,field-average,0.994625,0.9633333333333334,0.9633333333333334,0.9933333333333333,1,0
fixed-eight,338,whole-call,0.994625,0.9633333333333334,0.9633333333333334,0.9933333333333333,1,0
fixed-eight,338,joint-long-schema,0.994625,0.9633333333333334,0.9633333333333334,0.9933333333333333,1,0
fixed-eight,339,field-average,0.9945416666666667,0.965,0.965,0.995,1,0
fixed-eight,339,whole-call,0.9945416666666667,0.965,0.965,0.995,1,0
fixed-eight,339,joint-long-schema,0.9945416666666667,0.965,0.965,0.995,1,0
fixed-eight,340,field-average,0.9947916666666666,0.9633333333333334,0.9633333333333334,0.995,1,0
fixed-eight,340,whole-call,0.9947916666666666,0.9633333333333334,0.9633333333333334,0.995,1,0
fixed-eight,340,joint-long-schema,0.9947916666666666,0.9633333333333334,0.9633333333333334,0.995,1,0
fixed-eight,341,field-average,0.994375,0.9596666666666667,0.9596666666666667,0.9956666666666667,1,0
fixed-eight,341,whole-call,0.994375,0.9596666666666667,0.9596666666666667,0.9956666666666667,1,0
fixed-eight,341,joint-long-schema,0.994375,0.9596666666666667,0.9596666666666667,0.9956666666666667,1,0
fixed-eight,342,field-average,0.9936666666666667,0.955,0.955,0.9921666666666666,1,0
fixed-eight,342,whole-call,0.9936666666666667,0.955,0.955,0.9921666666666666,1,0
fixed-eight,342,joint-long-schema,0.9936666666666667,0.955,0.955,0.9921666666666666,1,0
fixed-eight,343,field-average,0.9937916666666666,0.955,0.955,0.9938333333333333,1,0
fixed-eight,343,whole-call,0.9937916666666666,0.955,0.955,0.9938333333333333,1,0
fixed-eight,343,joint-long-schema,0.9937916666666666,0.955,0.955,0.9938333333333333,1,0
fixed-eight,344,field-average,0.9934166666666666,0.9543333333333334,0.9543333333333334,0.9935,1,0
fixed-eight,344,whole-call,0.9934166666666666,0.9543333333333334,0.9543333333333334,0.9935,1,0
fixed-eight,344,joint-long-schema,0.9934166666666666,0.9543333333333334,0.9543333333333334,0.9935,1,0
fixed-eight,345,field-average,0.9949166666666667,0.9636666666666667,0.9636666666666667,0.9925,1,0
fixed-eight,345,whole-call,0.9949166666666667,0.9636666666666667,0.9636666666666667,0.9925,1,0
fixed-eight,345,joint-long-schema,0.9949166666666667,0.9636666666666667,0.9636666666666667,0.9925,1,0
fixed-eight,346,field-average,0.99475,0.9633333333333334,0.9633333333333334,0.9946666666666667,1,0
fixed-eight,346,whole-call,0.99475,0.9633333333333334,0.9633333333333334,0.9946666666666667,1,0
fixed-eight,346,joint-long-schema,0.99475,0.9633333333333334,0.9633333333333334,0.9946666666666667,1,0
fixed-eight,347,field-average,0.9950833333333333,0.9643333333333334,0.9643333333333334,0.9943333333333333,1,0
fixed-eight,347,whole-call,0.9950833333333333,0.9643333333333334,0.9643333333333334,0.9943333333333333,1,0
fixed-eight,347,joint-long-schema,0.9950833333333333,0.9643333333333334,0.9643333333333334,0.9943333333333333,1,0
fixed-eight,348,field-average,0.9951666666666666,0.9663333333333334,0.9663333333333334,0.9951666666666666,1,0
fixed-eight,348,whole-call,0.9951666666666666,0.9663333333333334,0.9663333333333334,0.9951666666666666,1,0
fixed-eight,348,joint-long-schema,0.9951666666666666,0.9663333333333334,0.9663333333333334,0.9951666666666666,1,0
fixed-eight,349,field-average,0.9947916666666666,0.9643333333333334,0.9643333333333334,0.9951666666666666,1,0
fixed-eight,349,whole-call,0.9947916666666666,0.9643333333333334,0.9643333333333334,0.9951666666666666,1,0
fixed-eight,349,joint-long-schema,0.9947916666666666,0.9643333333333334,0.9643333333333334,0.9951666666666666,1,0
fixed-eight,350,field-average,0.993875,0.9606666666666667,0.9606666666666667,0.9928333333333333,1,0
fixed-eight,350,whole-call,0.993875,0.9606666666666667,0.9606666666666667,0.9928333333333333,1,0
fixed-eight,350,joint-long-schema,0.993875,0.9606666666666667,0.9606666666666667,0.9928333333333333,1,0
fixed-eight,351,field-average,0.995125,0.9663333333333334,0.9663333333333334,0.9953333333333333,1,0
fixed-eight,351,whole-call,0.995125,0.9663333333333334,0.9663333333333334,0.9953333333333333,1,0
fixed-eight,351,joint-long-schema,0.995125,0.9663333333333334,0.9663333333333334,0.9953333333333333,1,0
fixed-eight,352,field-average,0.99425,0.9623333333333334,0.9623333333333334,0.995,1,0
fixed-eight,352,whole-call,0.99425,0.9623333333333334,0.9623333333333334,0.995,1,0
fixed-eight,352,joint-long-schema,0.99425,0.9623333333333334,0.9623333333333334,0.995,1,0
fixed-eight,353,field-average,0.9950416666666667,0.9636666666666667,0.9636666666666667,0.9948333333333333,1,0
fixed-eight,353,whole-call,0.9950416666666667,0.9636666666666667,0.9636666666666667,0.9948333333333333,1,0
fixed-eight,353,joint-long-schema,0.9950416666666667,0.9636666666666667,0.9636666666666667,0.9948333333333333,1,0
fixed-eight,354,field-average,0.9945833333333334,0.9606666666666667,0.9606666666666667,0.994,1,0
fixed-eight,354,whole-call,0.9945833333333334,0.9606666666666667,0.9606666666666667,0.994,1,0
fixed-eight,354,joint-long-schema,0.9945833333333334,0.9606666666666667,0.9606666666666667,0.994,1,0
fixed-eight,355,field-average,0.9950833333333333,0.9636666666666667,0.9636666666666667,0.9945,1,0
fixed-eight,355,whole-call,0.9950833333333333,0.9636666666666667,0.9636666666666667,0.9945,1,0
fixed-eight,355,joint-long-schema,0.9950833333333333,0.9636666666666667,0.9636666666666667,0.9945,1,0
fixed-eight,356,field-average,0.9947916666666666,0.9633333333333334,0.9633333333333334,0.995,1,0
fixed-eight,356,whole-call,0.9947916666666666,0.9633333333333334,0.9633333333333334,0.995,1,0
fixed-eight,356,joint-long-schema,0.9947916666666666,0.9633333333333334,0.9633333333333334,0.995,1,0
fixed-eight,357,field-average,0.993625,0.958,0.958,0.9936666666666667,1,0
fixed-eight,357,whole-call,0.993625,0.958,0.958,0.9936666666666667,1,0
fixed-eight,357,joint-long-schema,0.993625,0.958,0.958,0.9936666666666667,1,0
fixed-eight,358,field-average,0.99475,0.9616666666666667,0.9616666666666667,0.9941666666666666,1,0
fixed-eight,358,whole-call,0.99475,0.9616666666666667,0.9616666666666667,0.9941666666666666,1,0
fixed-eight,358,joint-long-schema,0.99475,0.9616666666666667,0.9616666666666667,0.9941666666666666,1,0
fixed-eight,359,field-average,0.9955833333333334,0.9686666666666667,0.9686666666666667,0.9953333333333333,1,0
fixed-eight,359,whole-call,0.9955833333333334,0.9686666666666667,0.9686666666666667,0.9953333333333333,1,0
fixed-eight,359,joint-long-schema,0.9955833333333334,0.9686666666666667,0.9686666666666667,0.9953333333333333,1,0
fixed-eight,360,field-average,0.9949583333333333,0.963,0.963,0.9948333333333333,1,0
fixed-eight,360,whole-call,0.9949583333333333,0.963,0.963,0.9948333333333333,1,0
fixed-eight,360,joint-long-schema,0.9949583333333333,0.963,0.963,0.9948333333333333,1,0
fixed-eight,361,field-average,0.9942083333333334,0.9613333333333334,0.9613333333333334,0.9938333333333333,1,0
fixed-eight,361,whole-call,0.9942083333333334,0.9613333333333334,0.9613333333333334,0.9938333333333333,1,0
fixed-eight,361,joint-long-schema,0.9942083333333334,0.9613333333333334,0.9613333333333334,0.9938333333333333,1,0
fixed-eight,362,field-average,0.994375,0.961,0.961,0.9946666666666667,1,0
fixed-eight,362,whole-call,0.994375,0.961,0.961,0.9946666666666667,1,0
fixed-eight,362,joint-long-schema,0.994375,0.961,0.961,0.9946666666666667,1,0
fixed-eight,363,field-average,0.99425,0.96,0.96,0.9938333333333333,1,0
fixed-eight,363,whole-call,0.99425,0.96,0.96,0.9938333333333333,1,0
fixed-eight,363,joint-long-schema,0.99425,0.96,0.96,0.9938333333333333,1,0
fixed-eight,364,field-average,0.9937083333333333,0.9593333333333334,0.9593333333333334,0.9935,1,0
fixed-eight,364,whole-call,0.9937083333333333,0.9593333333333334,0.9593333333333334,0.9935,1,0
fixed-eight,364,joint-long-schema,0.9937083333333333,0.9593333333333334,0.9593333333333334,0.9935,1,0
fixed-eight,365,field-average,0.9948333333333333,0.964,0.964,0.995,1,0
fixed-eight,365,whole-call,0.9948333333333333,0.964,0.964,0.995,1,0
fixed-eight,365,joint-long-schema,0.9948333333333333,0.964,0.964,0.995,1,0
fixed-eight,366,field-average,0.9949583333333333,0.9613333333333334,0.9613333333333334,0.996,1,0
fixed-eight,366,whole-call,0.9949583333333333,0.9613333333333334,0.9613333333333334,0.996,1,0
fixed-eight,366,joint-long-schema,0.9949583333333333,0.9613333333333334,0.9613333333333334,0.996,1,0
fixed-eight,367,field-average,0.994375,0.961,0.961,0.9951666666666666,1,0
fixed-eight,367,whole-call,0.994375,0.961,0.961,0.9951666666666666,1,0
fixed-eight,367,joint-long-schema,0.994375,0.961,0.961,0.9951666666666666,1,0
fixed-eight,368,field-average,0.9939583333333334,0.958,0.958,0.993,1,0
fixed-eight,368,whole-call,0.9939583333333334,0.958,0.958,0.993,1,0
fixed-eight,368,joint-long-schema,0.9939583333333334,0.958,0.958,0.993,1,0
fixed-eight,369,field-average,0.99475,0.961,0.961,0.9951666666666666,1,0
fixed-eight,369,whole-call,0.99475,0.961,0.961,0.9951666666666666,1,0
fixed-eight,369,joint-long-schema,0.99475,0.961,0.961,0.9951666666666666,1,0
fixed-eight,370,field-average,0.994625,0.962,0.962,0.9958333333333333,1,0
fixed-eight,370,whole-call,0.994625,0.962,0.962,0.9958333333333333,1,0
fixed-eight,370,joint-long-schema,0.994625,0.962,0.962,0.9958333333333333,1,0
fixed-eight,371,field-average,0.9955416666666667,0.9683333333333334,0.9683333333333334,0.9958333333333333,1,0
fixed-eight,371,whole-call,0.9955416666666667,0.9683333333333334,0.9683333333333334,0.9958333333333333,1,0
fixed-eight,371,joint-long-schema,0.9955416666666667,0.9683333333333334,0.9683333333333334,0.9958333333333333,1,0
fixed-eight,372,field-average,0.99475,0.9646666666666667,0.9646666666666667,0.995,1,0
fixed-eight,372,whole-call,0.99475,0.9646666666666667,0.9646666666666667,0.995,1,0
fixed-eight,372,joint-long-schema,0.99475,0.9646666666666667,0.9646666666666667,0.995,1,0
fixed-eight,373,field-average,0.9949166666666667,0.964,0.964,0.9938333333333333,1,0
fixed-eight,373,whole-call,0.9949166666666667,0.964,0.964,0.9938333333333333,1,0
fixed-eight,373,joint-long-schema,0.9949166666666667,0.964,0.964,0.9938333333333333,1,0
fixed-eight,374,field-average,0.9946666666666667,0.965,0.965,0.9948333333333333,1,0
fixed-eight,374,whole-call,0.9946666666666667,0.965,0.965,0.9948333333333333,1,0
fixed-eight,374,joint-long-schema,0.9946666666666667,0.965,0.965,0.9948333333333333,1,0
fixed-eight,375,field-average,0.9935416666666667,0.9553333333333334,0.9553333333333334,0.9935,1,0
fixed-eight,375,whole-call,0.9935416666666667,0.9553333333333334,0.9553333333333334,0.9935,1,0
fixed-eight,375,joint-long-schema,0.9935416666666667,0.9553333333333334,0.9553333333333334,0.9935,1,0
fixed-eight,376,field-average,0.99425,0.9576666666666667,0.9576666666666667,0.9953333333333333,1,0
fixed-eight,376,whole-call,0.99425,0.9576666666666667,0.9576666666666667,0.9953333333333333,1,0
fixed-eight,376,joint-long-schema,0.99425,0.9576666666666667,0.9576666666666667,0.9953333333333333,1,0
fixed-eight,377,field-average,0.9952083333333334,0.965,0.965,0.9951666666666666,1,0
fixed-eight,377,whole-call,0.9952083333333334,0.965,0.965,0.9951666666666666,1,0
fixed-eight,377,joint-long-schema,0.9952083333333334,0.965,0.965,0.9951666666666666,1,0
fixed-eight,378,field-average,0.9943333333333333,0.9613333333333334,0.9613333333333334,0.9925,1,0
fixed-eight,378,whole-call,0.9943333333333333,0.9613333333333334,0.9613333333333334,0.9925,1,0
fixed-eight,378,joint-long-schema,0.9943333333333333,0.9613333333333334,0.9613333333333334,0.9925,1,0
fixed-eight,379,field-average,0.9940833333333333,0.9563333333333334,0.9563333333333334,0.9945,1,0
fixed-eight,379,whole-call,0.9940833333333333,0.9563333333333334,0.9563333333333334,0.9945,1,0
fixed-eight,379,joint-long-schema,0.9940833333333333,0.9563333333333334,0.9563333333333334,0.9945,1,0
fixed-eight,380,field-average,0.99475,0.9636666666666667,0.9636666666666667,0.9946666666666667,1,0
fixed-eight,380,whole-call,0.99475,0.9636666666666667,0.9636666666666667,0.9946666666666667,1,0
fixed-eight,380,joint-long-schema,0.99475,0.9636666666666667,0.9636666666666667,0.9946666666666667,1,0
fixed-eight,381,field-average,0.9936666666666667,0.9586666666666667,0.9586666666666667,0.9931666666666666,1,0
fixed-eight,381,whole-call,0.9936666666666667,0.9586666666666667,0.9586666666666667,0.9931666666666666,1,0
fixed-eight,381,joint-long-schema,0.9936666666666667,0.9586666666666667,0.9586666666666667,0.9931666666666666,1,0
fixed-eight,382,field-average,0.9949166666666667,0.9636666666666667,0.9636666666666667,0.994,1,0
fixed-eight,382,whole-call,0.9949166666666667,0.9636666666666667,0.9636666666666667,0.994,1,0
fixed-eight,382,joint-long-schema,0.9949166666666667,0.9636666666666667,0.9636666666666667,0.994,1,0
fixed-eight,383,field-average,0.9942083333333334,0.9593333333333334,0.9593333333333334,0.9935,1,0
fixed-eight,383,whole-call,0.9942083333333334,0.9593333333333334,0.9593333333333334,0.9935,1,0
fixed-eight,383,joint-long-schema,0.9942083333333334,0.9593333333333334,0.9593333333333334,0.9935,1,0
fixed-eight,384,field-average,0.9954166666666666,0.9656666666666667,0.9656666666666667,0.995,1,0
fixed-eight,384,whole-call,0.9954166666666666,0.9656666666666667,0.9656666666666667,0.995,1,0
fixed-eight,384,joint-long-schema,0.9954166666666666,0.9656666666666667,0.9656666666666667,0.995,1,0
fixed-eight,385,field-average,0.9952916666666667,0.9663333333333334,0.9663333333333334,0.9938333333333333,1,0
fixed-eight,385,whole-call,0.9952916666666667,0.9663333333333334,0.9663333333333334,0.9938333333333333,1,0
fixed-eight,385,joint-long-schema,0.9952916666666667,0.9663333333333334,0.9663333333333334,0.9938333333333333,1,0
fixed-eight,386,field-average,0.9945833333333334,0.962,0.962,0.9945,1,0
fixed-eight,386,whole-call,0.9945833333333334,0.962,0.962,0.9945,1,0
fixed-eight,386,joint-long-schema,0.9945833333333334,0.962,0.962,0.9945,1,0
fixed-eight,387,field-average,0.994625,0.964,0.964,0.9926666666666667,1,0
fixed-eight,387,whole-call,0.994625,0.964,0.964,0.9926666666666667,1,0
fixed-eight,387,joint-long-schema,0.994625,0.964,0.964,0.9926666666666667,1,0
fixed-eight,388,field-average,0.9934166666666666,0.953,0.953,0.9928333333333333,1,0
fixed-eight,388,whole-call,0.9934166666666666,0.953,0.953,0.9928333333333333,1,0
fixed-eight,388,joint-long-schema,0.9934166666666666,0.953,0.953,0.9928333333333333,1,0
fixed-eight,389,field-average,0.995,0.9653333333333334,0.9653333333333334,0.9945,1,0
fixed-eight,389,whole-call,0.995,0.9653333333333334,0.9653333333333334,0.9945,1,0
fixed-eight,389,joint-long-schema,0.995,0.9653333333333334,0.9653333333333334,0.9945,1,0
fixed-eight,390,field-average,0.9942916666666667,0.9603333333333334,0.9603333333333334,0.996,1,0
fixed-eight,390,whole-call,0.9942916666666667,0.9603333333333334,0.9603333333333334,0.996,1,0
fixed-eight,390,joint-long-schema,0.9942916666666667,0.9603333333333334,0.9603333333333334,0.996,1,0
fixed-eight,391,field-average,0.994125,0.9623333333333334,0.9623333333333334,0.9943333333333333,1,0
fixed-eight,391,whole-call,0.994125,0.9623333333333334,0.9623333333333334,0.9943333333333333,1,0
fixed-eight,391,joint-long-schema,0.994125,0.9623333333333334,0.9623333333333334,0.9943333333333333,1,0
fixed-eight,392,field-average,0.994625,0.9623333333333334,0.9623333333333334,0.9946666666666667,1,0
fixed-eight,392,whole-call,0.994625,0.9623333333333334,0.9623333333333334,0.9946666666666667,1,0
fixed-eight,392,joint-long-schema,0.994625,0.9623333333333334,0.9623333333333334,0.9946666666666667,1,0
fixed-eight,393,field-average,0.994625,0.9636666666666667,0.9636666666666667,0.9955,1,0
fixed-eight,393,whole-call,0.994625,0.9636666666666667,0.9636666666666667,0.9955,1,0
fixed-eight,393,joint-long-schema,0.994625,0.9636666666666667,0.9636666666666667,0.9955,1,0
fixed-eight,394,field-average,0.9945416666666667,0.9636666666666667,0.9636666666666667,0.9948333333333333,1,0
fixed-eight,394,whole-call,0.9945416666666667,0.9636666666666667,0.9636666666666667,0.9948333333333333,1,0
fixed-eight,394,joint-long-schema,0.9945416666666667,0.9636666666666667,0.9636666666666667,0.9948333333333333,1,0
fixed-eight,395,field-average,0.9953333333333333,0.9656666666666667,0.9656666666666667,0.9953333333333333,1,0
fixed-eight,395,whole-call,0.9953333333333333,0.9656666666666667,0.9656666666666667,0.9953333333333333,1,0
fixed-eight,395,joint-long-schema,0.9953333333333333,0.9656666666666667,0.9656666666666667,0.9953333333333333,1,0
fixed-eight,396,field-average,0.994875,0.964,0.964,0.995,1,0
fixed-eight,396,whole-call,0.994875,0.964,0.964,0.995,1,0
fixed-eight,396,joint-long-schema,0.994875,0.964,0.964,0.995,1,0
fixed-eight,397,field-average,0.9950416666666667,0.9633333333333334,0.9633333333333334,0.9938333333333333,1,0
fixed-eight,397,whole-call,0.9950416666666667,0.9633333333333334,0.9633333333333334,0.9938333333333333,1,0
fixed-eight,397,joint-long-schema,0.9950416666666667,0.9633333333333334,0.9633333333333334,0.9938333333333333,1,0
fixed-eight,398,field-average,0.99575,0.9683333333333334,0.9683333333333334,0.9958333333333333,1,0
fixed-eight,398,whole-call,0.99575,0.9683333333333334,0.9683333333333334,0.9958333333333333,1,0
fixed-eight,398,joint-long-schema,0.99575,0.9683333333333334,0.9683333333333334,0.9958333333333333,1,0
fixed-eight,399,field-average,0.9943333333333333,0.962,0.962,0.9938333333333333,1,0
fixed-eight,399,whole-call,0.9943333333333333,0.962,0.962,0.9938333333333333,1,0
fixed-eight,399,joint-long-schema,0.9943333333333333,0.962,0.962,0.9938333333333333,1,0
fixed-eight,400,field-average,0.9934583333333333,0.9566666666666667,0.9566666666666667,0.9915,1,0
fixed-eight,400,whole-call,0.9934583333333333,0.9566666666666667,0.9566666666666667,0.9915,1,0
fixed-eight,400,joint-long-schema,0.9934583333333333,0.9566666666666667,0.9566666666666667,0.9915,1,0
fixed-eight,401,field-average,0.9952083333333334,0.966,0.966,0.9935,1,0
fixed-eight,401,whole-call,0.9952083333333334,0.966,0.966,0.9935,1,0
fixed-eight,401,joint-long-schema,0.9952083333333334,0.966,0.966,0.9935,1,0
fixed-eight,402,field-average,0.994875,0.9636666666666667,0.9636666666666667,0.9935,1,0
fixed-eight,402,whole-call,0.994875,0.9636666666666667,0.9636666666666667,0.9935,1,0
fixed-eight,402,joint-long-schema,0.994875,0.9636666666666667,0.9636666666666667,0.9935,1,0
fixed-eight,403,field-average,0.9944166666666666,0.9616666666666667,0.9616666666666667,0.995,1,0
fixed-eight,403,whole-call,0.9944166666666666,0.9616666666666667,0.9616666666666667,0.995,1,0
fixed-eight,403,joint-long-schema,0.9944166666666666,0.9616666666666667,0.9616666666666667,0.995,1,0
fixed-eight,404,field-average,0.9938333333333333,0.9613333333333334,0.9613333333333334,0.9935,1,0
fixed-eight,404,whole-call,0.9938333333333333,0.9613333333333334,0.9613333333333334,0.9935,1,0
fixed-eight,404,joint-long-schema,0.9938333333333333,0.9613333333333334,0.9613333333333334,0.9935,1,0
fixed-eight,405,field-average,0.994875,0.964,0.964,0.9935,1,0
fixed-eight,405,whole-call,0.994875,0.964,0.964,0.9935,1,0
fixed-eight,405,joint-long-schema,0.994875,0.964,0.964,0.9935,1,0
fixed-eight,406,field-average,0.9949583333333333,0.9626666666666667,0.9626666666666667,0.9946666666666667,1,0
fixed-eight,406,whole-call,0.9949583333333333,0.9626666666666667,0.9626666666666667,0.9946666666666667,1,0
fixed-eight,406,joint-long-schema,0.9949583333333333,0.9626666666666667,0.9626666666666667,0.9946666666666667,1,0
fixed-eight,407,field-average,0.994125,0.958,0.958,0.9941666666666666,1,0
fixed-eight,407,whole-call,0.994125,0.958,0.958,0.9941666666666666,1,0
fixed-eight,407,joint-long-schema,0.994125,0.958,0.958,0.9941666666666666,1,0
fixed-eight,408,field-average,0.9948333333333333,0.9646666666666667,0.9646666666666667,0.9938333333333333,1,0
fixed-eight,408,whole-call,0.9948333333333333,0.9646666666666667,0.9646666666666667,0.9938333333333333,1,0
fixed-eight,408,joint-long-schema,0.9948333333333333,0.9646666666666667,0.9646666666666667,0.9938333333333333,1,0
fixed-eight,409,field-average,0.9931666666666666,0.9556666666666667,0.9556666666666667,0.9943333333333333,1,0
fixed-eight,409,whole-call,0.9931666666666666,0.9556666666666667,0.9556666666666667,0.9943333333333333,1,0
fixed-eight,409,joint-long-schema,0.9931666666666666,0.9556666666666667,0.9556666666666667,0.9943333333333333,1,0
fixed-eight,410,field-average,0.994625,0.961,0.961,0.9953333333333333,1,0
fixed-eight,410,whole-call,0.994625,0.961,0.961,0.9953333333333333,1,0
fixed-eight,410,joint-long-schema,0.994625,0.961,0.961,0.9953333333333333,1,0
fixed-eight,411,field-average,0.9950416666666667,0.9626666666666667,0.9626666666666667,0.9941666666666666,1,0
fixed-eight,411,whole-call,0.9950416666666667,0.9626666666666667,0.9626666666666667,0.9941666666666666,1,0
fixed-eight,411,joint-long-schema,0.9950416666666667,0.9626666666666667,0.9626666666666667,0.9941666666666666,1,0
fixed-eight,412,field-average,0.9946666666666667,0.963,0.963,0.9963333333333333,1,0
fixed-eight,412,whole-call,0.9946666666666667,0.963,0.963,0.9963333333333333,1,0
fixed-eight,412,joint-long-schema,0.9946666666666667,0.963,0.963,0.9963333333333333,1,0
fixed-eight,413,field-average,0.994625,0.9626666666666667,0.9626666666666667,0.9938333333333333,1,0
fixed-eight,413,whole-call,0.994625,0.9626666666666667,0.9626666666666667,0.9938333333333333,1,0
fixed-eight,413,joint-long-schema,0.994625,0.9626666666666667,0.9626666666666667,0.9938333333333333,1,0
fixed-eight,414,field-average,0.9935,0.958,0.958,0.9931666666666666,1,0
fixed-eight,414,whole-call,0.9935,0.958,0.958,0.9931666666666666,1,0
fixed-eight,414,joint-long-schema,0.9935,0.958,0.958,0.9931666666666666,1,0
fixed-eight,415,field-average,0.993875,0.9586666666666667,0.9586666666666667,0.9946666666666667,1,0
fixed-eight,415,whole-call,0.993875,0.9586666666666667,0.9586666666666667,0.9946666666666667,1,0
fixed-eight,415,joint-long-schema,0.993875,0.9586666666666667,0.9586666666666667,0.9946666666666667,1,0
fixed-eight,416,field-average,0.9947916666666666,0.963,0.963,0.9943333333333333,1,0
fixed-eight,416,whole-call,0.9947916666666666,0.963,0.963,0.9943333333333333,1,0
fixed-eight,416,joint-long-schema,0.9947916666666666,0.963,0.963,0.9943333333333333,1,0
fixed-eight,417,field-average,0.994375,0.959,0.959,0.995,1,0
fixed-eight,417,whole-call,0.994375,0.959,0.959,0.995,1,0
fixed-eight,417,joint-long-schema,0.994375,0.959,0.959,0.995,1,0
fixed-eight,418,field-average,0.9949583333333333,0.9656666666666667,0.9656666666666667,0.9945,1,0
fixed-eight,418,whole-call,0.9949583333333333,0.9656666666666667,0.9656666666666667,0.9945,1,0
fixed-eight,418,joint-long-schema,0.9949583333333333,0.9656666666666667,0.9656666666666667,0.9945,1,0
fixed-eight,419,field-average,0.9953333333333333,0.9676666666666667,0.9676666666666667,0.9943333333333333,1,0
fixed-eight,419,whole-call,0.9953333333333333,0.9676666666666667,0.9676666666666667,0.9943333333333333,1,0
fixed-eight,419,joint-long-schema,0.9953333333333333,0.9676666666666667,0.9676666666666667,0.9943333333333333,1,0
fixed-eight,420,field-average,0.9936666666666667,0.9576666666666667,0.9576666666666667,0.9931666666666666,1,0
fixed-eight,420,whole-call,0.9936666666666667,0.9576666666666667,0.9576666666666667,0.9931666666666666,1,0
fixed-eight,420,joint-long-schema,0.9936666666666667,0.9576666666666667,0.9576666666666667,0.9931666666666666,1,0
fixed-eight,421,field-average,0.9955,0.968,0.968,0.9955,1,0
fixed-eight,421,whole-call,0.9955,0.968,0.968,0.9955,1,0
fixed-eight,421,joint-long-schema,0.9955,0.968,0.968,0.9955,1,0
fixed-eight,422,field-average,0.995125,0.965,0.965,0.995,1,0
fixed-eight,422,whole-call,0.995125,0.965,0.965,0.995,1,0
fixed-eight,422,joint-long-schema,0.995125,0.965,0.965,0.995,1,0
fixed-eight,423,field-average,0.9948333333333333,0.9636666666666667,0.9636666666666667,0.994,1,0
fixed-eight,423,whole-call,0.9948333333333333,0.9636666666666667,0.9636666666666667,0.994,1,0
fixed-eight,423,joint-long-schema,0.9948333333333333,0.9636666666666667,0.9636666666666667,0.994,1,0
fixed-eight,424,field-average,0.9949583333333333,0.9656666666666667,0.9656666666666667,0.9945,1,0
fixed-eight,424,whole-call,0.9949583333333333,0.9656666666666667,0.9656666666666667,0.9945,1,0
fixed-eight,424,joint-long-schema,0.9949583333333333,0.9656666666666667,0.9656666666666667,0.9945,1,0
fixed-eight,425,field-average,0.9947916666666666,0.9613333333333334,0.9613333333333334,0.9951666666666666,1,0
fixed-eight,425,whole-call,0.9947916666666666,0.9613333333333334,0.9613333333333334,0.9951666666666666,1,0
fixed-eight,425,joint-long-schema,0.9947916666666666,0.9613333333333334,0.9613333333333334,0.9951666666666666,1,0
fixed-eight,426,field-average,0.9949583333333333,0.966,0.966,0.9945,1,0
fixed-eight,426,whole-call,0.9949583333333333,0.966,0.966,0.9945,1,0
fixed-eight,426,joint-long-schema,0.9949583333333333,0.966,0.966,0.9945,1,0
fixed-eight,427,field-average,0.9941666666666666,0.9603333333333334,0.9603333333333334,0.9928333333333333,1,0
fixed-eight,427,whole-call,0.9941666666666666,0.9603333333333334,0.9603333333333334,0.9928333333333333,1,0
fixed-eight,427,joint-long-schema,0.9941666666666666,0.9603333333333334,0.9603333333333334,0.9928333333333333,1,0
fixed-eight,428,field-average,0.9945,0.967,0.967,0.9956666666666667,1,0
fixed-eight,428,whole-call,0.9945,0.967,0.967,0.9956666666666667,1,0
fixed-eight,428,joint-long-schema,0.9945,0.967,0.967,0.9956666666666667,1,0
fixed-eight,429,field-average,0.9942083333333334,0.961,0.961,0.9921666666666666,1,0
fixed-eight,429,whole-call,0.9942083333333334,0.961,0.961,0.9921666666666666,1,0
fixed-eight,429,joint-long-schema,0.9942083333333334,0.961,0.961,0.9921666666666666,1,0
fixed-eight,430,field-average,0.9944583333333333,0.961,0.961,0.9946666666666667,1,0
fixed-eight,430,whole-call,0.9944583333333333,0.961,0.961,0.9946666666666667,1,0
fixed-eight,430,joint-long-schema,0.9944583333333333,0.961,0.961,0.9946666666666667,1,0
fixed-eight,431,field-average,0.99525,0.9646666666666667,0.9646666666666667,0.9946666666666667,1,0
fixed-eight,431,whole-call,0.99525,0.9646666666666667,0.9646666666666667,0.9946666666666667,1,0
fixed-eight,431,joint-long-schema,0.99525,0.9646666666666667,0.9646666666666667,0.9946666666666667,1,0
fixed-eight,432,field-average,0.99375,0.9576666666666667,0.9576666666666667,0.9933333333333333,1,0
fixed-eight,432,whole-call,0.99375,0.9576666666666667,0.9576666666666667,0.9933333333333333,1,0
fixed-eight,432,joint-long-schema,0.99375,0.9576666666666667,0.9576666666666667,0.9933333333333333,1,0
fixed-eight,433,field-average,0.99475,0.9646666666666667,0.9646666666666667,0.995,1,0
fixed-eight,433,whole-call,0.99475,0.9646666666666667,0.9646666666666667,0.995,1,0
fixed-eight,433,joint-long-schema,0.99475,0.9646666666666667,0.9646666666666667,0.995,1,0
fixed-eight,434,field-average,0.99525,0.9676666666666667,0.9676666666666667,0.995,1,0
fixed-eight,434,whole-call,0.99525,0.9676666666666667,0.9676666666666667,0.995,1,0
fixed-eight,434,joint-long-schema,0.99525,0.9676666666666667,0.9676666666666667,0.995,1,0
fixed-eight,435,field-average,0.994875,0.965,0.965,0.994,1,0
fixed-eight,435,whole-call,0.994875,0.965,0.965,0.994,1,0
fixed-eight,435,joint-long-schema,0.994875,0.965,0.965,0.994,1,0
fixed-eight,436,field-average,0.9950416666666667,0.967,0.967,0.9963333333333333,1,0
fixed-eight,436,whole-call,0.9950416666666667,0.967,0.967,0.9963333333333333,1,0
fixed-eight,436,joint-long-schema,0.9950416666666667,0.967,0.967,0.9963333333333333,1,0
fixed-eight,437,field-average,0.995375,0.9663333333333334,0.9663333333333334,0.9948333333333333,1,0
fixed-eight,437,whole-call,0.995375,0.9663333333333334,0.9663333333333334,0.9948333333333333,1,0
fixed-eight,437,joint-long-schema,0.995375,0.9663333333333334,0.9663333333333334,0.9948333333333333,1,0
fixed-eight,438,field-average,0.9952916666666667,0.9666666666666667,0.9666666666666667,0.996,1,0
fixed-eight,438,whole-call,0.9952916666666667,0.9666666666666667,0.9666666666666667,0.996,1,0
fixed-eight,438,joint-long-schema,0.9952916666666667,0.9666666666666667,0.9666666666666667,0.996,1,0
fixed-eight,439,field-average,0.9944583333333333,0.961,0.961,0.994,1,0
fixed-eight,439,whole-call,0.9944583333333333,0.961,0.961,0.994,1,0
fixed-eight,439,joint-long-schema,0.9944583333333333,0.961,0.961,0.994,1,0
fixed-eight,440,field-average,0.9944583333333333,0.9606666666666667,0.9606666666666667,0.9955,1,0
fixed-eight,440,whole-call,0.9944583333333333,0.9606666666666667,0.9606666666666667,0.9955,1,0
fixed-eight,440,joint-long-schema,0.9944583333333333,0.9606666666666667,0.9606666666666667,0.9955,1,0
fixed-eight,441,field-average,0.9948333333333333,0.9613333333333334,0.9613333333333334,0.9956666666666667,1,0
fixed-eight,441,whole-call,0.9948333333333333,0.9613333333333334,0.9613333333333334,0.9956666666666667,1,0
fixed-eight,441,joint-long-schema,0.9948333333333333,0.9613333333333334,0.9613333333333334,0.9956666666666667,1,0
fixed-eight,442,field-average,0.99525,0.9663333333333334,0.9663333333333334,0.996,1,0
fixed-eight,442,whole-call,0.99525,0.9663333333333334,0.9663333333333334,0.996,1,0
fixed-eight,442,joint-long-schema,0.99525,0.9663333333333334,0.9663333333333334,0.996,1,0
fixed-eight,443,field-average,0.9944166666666666,0.9593333333333334,0.9593333333333334,0.9945,1,0
fixed-eight,443,whole-call,0.9944166666666666,0.9593333333333334,0.9593333333333334,0.9945,1,0
fixed-eight,443,joint-long-schema,0.9944166666666666,0.9593333333333334,0.9593333333333334,0.9945,1,0
fixed-eight,444,field-average,0.9950416666666667,0.9646666666666667,0.9646666666666667,0.9948333333333333,1,0
fixed-eight,444,whole-call,0.9950416666666667,0.9646666666666667,0.9646666666666667,0.9948333333333333,1,0
fixed-eight,444,joint-long-schema,0.9950416666666667,0.9646666666666667,0.9646666666666667,0.9948333333333333,1,0
fixed-eight,445,field-average,0.9944583333333333,0.9613333333333334,0.9613333333333334,0.994,1,0
fixed-eight,445,whole-call,0.9944583333333333,0.9613333333333334,0.9613333333333334,0.994,1,0
fixed-eight,445,joint-long-schema,0.9944583333333333,0.9613333333333334,0.9613333333333334,0.994,1,0
fixed-eight,446,field-average,0.99525,0.966,0.966,0.9945,1,0
fixed-eight,446,whole-call,0.99525,0.966,0.966,0.9945,1,0
fixed-eight,446,joint-long-schema,0.99525,0.966,0.966,0.9945,1,0
fixed-eight,447,field-average,0.9942083333333334,0.9596666666666667,0.9596666666666667,0.9948333333333333,1,0
fixed-eight,447,whole-call,0.9942083333333334,0.9596666666666667,0.9596666666666667,0.9948333333333333,1,0
fixed-eight,447,joint-long-schema,0.9942083333333334,0.9596666666666667,0.9596666666666667,0.9948333333333333,1,0
fixed-eight,448,field-average,0.995125,0.9663333333333334,0.9663333333333334,0.995,1,0
fixed-eight,448,whole-call,0.995125,0.9663333333333334,0.9663333333333334,0.995,1,0
fixed-eight,448,joint-long-schema,0.995125,0.9663333333333334,0.9663333333333334,0.995,1,0
fixed-eight,449,field-average,0.9937916666666666,0.955,0.955,0.9936666666666667,1,0
fixed-eight,449,whole-call,0.9937916666666666,0.955,0.955,0.9936666666666667,1,0
fixed-eight,449,joint-long-schema,0.9937916666666666,0.955,0.955,0.9936666666666667,1,0
fixed-eight,450,field-average,0.9950833333333333,0.9656666666666667,0.9656666666666667,0.9956666666666667,1,0
fixed-eight,450,whole-call,0.9950833333333333,0.9656666666666667,0.9656666666666667,0.9956666666666667,1,0
fixed-eight,450,joint-long-schema,0.9950833333333333,0.9656666666666667,0.9656666666666667,0.9956666666666667,1,0
fixed-eight,451,field-average,0.9940416666666667,0.958,0.958,0.9931666666666666,1,0
fixed-eight,451,whole-call,0.9940416666666667,0.958,0.958,0.9931666666666666,1,0
fixed-eight,451,joint-long-schema,0.9940416666666667,0.958,0.958,0.9931666666666666,1,0
fixed-eight,452,field-average,0.994375,0.963,0.963,0.9931666666666666,1,0
fixed-eight,452,whole-call,0.994375,0.963,0.963,0.9931666666666666,1,0
fixed-eight,452,joint-long-schema,0.994375,0.963,0.963,0.9931666666666666,1,0
fixed-eight,453,field-average,0.9947083333333333,0.9623333333333334,0.9623333333333334,0.9933333333333333,1,0
fixed-eight,453,whole-call,0.9947083333333333,0.9623333333333334,0.9623333333333334,0.9933333333333333,1,0
fixed-eight,453,joint-long-schema,0.9947083333333333,0.9623333333333334,0.9623333333333334,0.9933333333333333,1,0
fixed-eight,454,field-average,0.993875,0.959,0.959,0.9938333333333333,1,0
fixed-eight,454,whole-call,0.993875,0.959,0.959,0.9938333333333333,1,0
fixed-eight,454,joint-long-schema,0.993875,0.959,0.959,0.9938333333333333,1,0
fixed-eight,455,field-average,0.9935,0.9556666666666667,0.9556666666666667,0.9936666666666667,1,0
fixed-eight,455,whole-call,0.9935,0.9556666666666667,0.9556666666666667,0.9936666666666667,1,0
fixed-eight,455,joint-long-schema,0.9935,0.9556666666666667,0.9556666666666667,0.9936666666666667,1,0
fixed-eight,456,field-average,0.9942916666666667,0.962,0.962,0.9948333333333333,1,0
fixed-eight,456,whole-call,0.9942916666666667,0.962,0.962,0.9948333333333333,1,0
fixed-eight,456,joint-long-schema,0.9942916666666667,0.962,0.962,0.9948333333333333,1,0
fixed-eight,457,field-average,0.9949583333333333,0.9643333333333334,0.9643333333333334,0.9948333333333333,1,0
fixed-eight,457,whole-call,0.9949583333333333,0.9643333333333334,0.9643333333333334,0.9948333333333333,1,0
fixed-eight,457,joint-long-schema,0.9949583333333333,0.9643333333333334,0.9643333333333334,0.9948333333333333,1,0
fixed-eight,458,field-average,0.9933333333333333,0.9556666666666667,0.9556666666666667,0.994,1,0
fixed-eight,458,whole-call,0.9933333333333333,0.9556666666666667,0.9556666666666667,0.994,1,0
fixed-eight,458,joint-long-schema,0.9933333333333333,0.9556666666666667,0.9556666666666667,0.994,1,0
fixed-eight,459,field-average,0.9957916666666666,0.969,0.969,0.9931666666666666,1,0
fixed-eight,459,whole-call,0.9957916666666666,0.969,0.969,0.9931666666666666,1,0
fixed-eight,459,joint-long-schema,0.9957916666666666,0.969,0.969,0.9931666666666666,1,0
fixed-eight,460,field-average,0.995125,0.9646666666666667,0.9646666666666667,0.996,1,0
fixed-eight,460,whole-call,0.995125,0.9646666666666667,0.9646666666666667,0.996,1,0
fixed-eight,460,joint-long-schema,0.995125,0.9646666666666667,0.9646666666666667,0.996,1,0
fixed-eight,461,field-average,0.99475,0.961,0.961,0.9928333333333333,1,0
fixed-eight,461,whole-call,0.99475,0.961,0.961,0.9928333333333333,1,0
fixed-eight,461,joint-long-schema,0.99475,0.961,0.961,0.9928333333333333,1,0
fixed-eight,462,field-average,0.9945416666666667,0.9613333333333334,0.9613333333333334,0.9956666666666667,1,0
fixed-eight,462,whole-call,0.9945416666666667,0.9613333333333334,0.9613333333333334,0.9956666666666667,1,0
fixed-eight,462,joint-long-schema,0.9945416666666667,0.9613333333333334,0.9613333333333334,0.9956666666666667,1,0
fixed-eight,463,field-average,0.99475,0.9606666666666667,0.9606666666666667,0.9956666666666667,1,0
fixed-eight,463,whole-call,0.99475,0.9606666666666667,0.9606666666666667,0.9956666666666667,1,0
fixed-eight,463,joint-long-schema,0.99475,0.9606666666666667,0.9606666666666667,0.9956666666666667,1,0
fixed-eight,464,field-average,0.994125,0.9626666666666667,0.9626666666666667,0.9945,1,0
fixed-eight,464,whole-call,0.994125,0.9626666666666667,0.9626666666666667,0.9945,1,0
fixed-eight,464,joint-long-schema,0.994125,0.9626666666666667,0.9626666666666667,0.9945,1,0
fixed-eight,465,field-average,0.9924583333333333,0.951,0.951,0.9921666666666666,1,0
fixed-eight,465,whole-call,0.9924583333333333,0.951,0.951,0.9921666666666666,1,0
fixed-eight,465,joint-long-schema,0.9924583333333333,0.951,0.951,0.9921666666666666,1,0
fixed-eight,466,field-average,0.9941666666666666,0.9623333333333334,0.9623333333333334,0.9946666666666667,1,0
fixed-eight,466,whole-call,0.9941666666666666,0.9623333333333334,0.9623333333333334,0.9946666666666667,1,0
fixed-eight,466,joint-long-schema,0.9941666666666666,0.9623333333333334,0.9623333333333334,0.9946666666666667,1,0
fixed-eight,467,field-average,0.99475,0.9633333333333334,0.9633333333333334,0.9945,1,0
fixed-eight,467,whole-call,0.99475,0.9633333333333334,0.9633333333333334,0.9945,1,0
fixed-eight,467,joint-long-schema,0.99475,0.9633333333333334,0.9633333333333334,0.9945,1,0
fixed-eight,468,field-average,0.9954583333333333,0.966,0.966,0.994,1,0
fixed-eight,468,whole-call,0.9954583333333333,0.966,0.966,0.994,1,0
fixed-eight,468,joint-long-schema,0.9954583333333333,0.966,0.966,0.994,1,0
fixed-eight,469,field-average,0.995,0.9636666666666667,0.9636666666666667,0.9955,1,0
fixed-eight,469,whole-call,0.995,0.9636666666666667,0.9636666666666667,0.9955,1,0
fixed-eight,469,joint-long-schema,0.995,0.9636666666666667,0.9636666666666667,0.9955,1,0
fixed-eight,470,field-average,0.994125,0.9606666666666667,0.9606666666666667,0.995,1,0
fixed-eight,470,whole-call,0.994125,0.9606666666666667,0.9606666666666667,0.995,1,0
fixed-eight,470,joint-long-schema,0.994125,0.9606666666666667,0.9606666666666667,0.995,1,0
fixed-eight,471,field-average,0.9938333333333333,0.9566666666666667,0.9566666666666667,0.992,1,0
fixed-eight,471,whole-call,0.9938333333333333,0.9566666666666667,0.9566666666666667,0.992,1,0
fixed-eight,471,joint-long-schema,0.9938333333333333,0.9566666666666667,0.9566666666666667,0.992,1,0
fixed-eight,472,field-average,0.9947916666666666,0.963,0.963,0.9938333333333333,1,0
fixed-eight,472,whole-call,0.9947916666666666,0.963,0.963,0.9938333333333333,1,0
fixed-eight,472,joint-long-schema,0.9947916666666666,0.963,0.963,0.9938333333333333,1,0
fixed-eight,473,field-average,0.9944583333333333,0.96,0.96,0.9948333333333333,1,0
fixed-eight,473,whole-call,0.9944583333333333,0.96,0.96,0.9948333333333333,1,0
fixed-eight,473,joint-long-schema,0.9944583333333333,0.96,0.96,0.9948333333333333,1,0
fixed-eight,474,field-average,0.9947083333333333,0.962,0.962,0.9945,1,0
fixed-eight,474,whole-call,0.9947083333333333,0.962,0.962,0.9945,1,0
fixed-eight,474,joint-long-schema,0.9947083333333333,0.962,0.962,0.9945,1,0
fixed-eight,475,field-average,0.9942083333333334,0.9616666666666667,0.9616666666666667,0.9941666666666666,1,0
fixed-eight,475,whole-call,0.9942083333333334,0.9616666666666667,0.9616666666666667,0.9941666666666666,1,0
fixed-eight,475,joint-long-schema,0.9942083333333334,0.9616666666666667,0.9616666666666667,0.9941666666666666,1,0
fixed-eight,476,field-average,0.995,0.965,0.965,0.9956666666666667,1,0
fixed-eight,476,whole-call,0.995,0.965,0.965,0.9956666666666667,1,0
fixed-eight,476,joint-long-schema,0.995,0.965,0.965,0.9956666666666667,1,0
fixed-eight,477,field-average,0.9936666666666667,0.9573333333333334,0.9573333333333334,0.9931666666666666,1,0
fixed-eight,477,whole-call,0.9936666666666667,0.9573333333333334,0.9573333333333334,0.9931666666666666,1,0
fixed-eight,477,joint-long-schema,0.9936666666666667,0.9573333333333334,0.9573333333333334,0.9931666666666666,1,0
fixed-eight,478,field-average,0.99525,0.9656666666666667,0.9656666666666667,0.9943333333333333,1,0
fixed-eight,478,whole-call,0.99525,0.9656666666666667,0.9656666666666667,0.9943333333333333,1,0
fixed-eight,478,joint-long-schema,0.99525,0.9656666666666667,0.9656666666666667,0.9943333333333333,1,0
fixed-eight,479,field-average,0.9953333333333333,0.9656666666666667,0.9656666666666667,0.9958333333333333,1,0
fixed-eight,479,whole-call,0.9953333333333333,0.9656666666666667,0.9656666666666667,0.9958333333333333,1,0
fixed-eight,479,joint-long-schema,0.9953333333333333,0.9656666666666667,0.9656666666666667,0.9958333333333333,1,0
fixed-eight,480,field-average,0.9944583333333333,0.9606666666666667,0.9606666666666667,0.9945,1,0
fixed-eight,480,whole-call,0.9944583333333333,0.9606666666666667,0.9606666666666667,0.9945,1,0
fixed-eight,480,joint-long-schema,0.9944583333333333,0.9606666666666667,0.9606666666666667,0.9945,1,0
fixed-eight,481,field-average,0.9942916666666667,0.964,0.964,0.9941666666666666,1,0
fixed-eight,481,whole-call,0.9942916666666667,0.964,0.964,0.9941666666666666,1,0
fixed-eight,481,joint-long-schema,0.9942916666666667,0.964,0.964,0.9941666666666666,1,0
fixed-eight,482,field-average,0.9937083333333333,0.956,0.956,0.9945,1,0
fixed-eight,482,whole-call,0.9937083333333333,0.956,0.956,0.9945,1,0
fixed-eight,482,joint-long-schema,0.9937083333333333,0.956,0.956,0.9945,1,0
fixed-eight,483,field-average,0.994875,0.9636666666666667,0.9636666666666667,0.9951666666666666,1,0
fixed-eight,483,whole-call,0.994875,0.9636666666666667,0.9636666666666667,0.9951666666666666,1,0
fixed-eight,483,joint-long-schema,0.994875,0.9636666666666667,0.9636666666666667,0.9951666666666666,1,0
fixed-eight,484,field-average,0.99475,0.9623333333333334,0.9623333333333334,0.9948333333333333,1,0
fixed-eight,484,whole-call,0.99475,0.9623333333333334,0.9623333333333334,0.9948333333333333,1,0
fixed-eight,484,joint-long-schema,0.99475,0.9623333333333334,0.9623333333333334,0.9948333333333333,1,0
fixed-eight,485,field-average,0.9935833333333334,0.9586666666666667,0.9586666666666667,0.9933333333333333,1,0
fixed-eight,485,whole-call,0.9935833333333334,0.9586666666666667,0.9586666666666667,0.9933333333333333,1,0
fixed-eight,485,joint-long-schema,0.9935833333333334,0.9586666666666667,0.9586666666666667,0.9933333333333333,1,0
fixed-eight,486,field-average,0.9940416666666667,0.9583333333333334,0.9583333333333334,0.9943333333333333,1,0
fixed-eight,486,whole-call,0.9940416666666667,0.9583333333333334,0.9583333333333334,0.9943333333333333,1,0
fixed-eight,486,joint-long-schema,0.9940416666666667,0.9583333333333334,0.9583333333333334,0.9943333333333333,1,0
fixed-eight,487,field-average,0.9950416666666667,0.965,0.965,0.9955,1,0
fixed-eight,487,whole-call,0.9950416666666667,0.965,0.965,0.9955,1,0
fixed-eight,487,joint-long-schema,0.9950416666666667,0.965,0.965,0.9955,1,0
fixed-eight,488,field-average,0.9951666666666666,0.965,0.965,0.9945,1,0
fixed-eight,488,whole-call,0.9951666666666666,0.965,0.965,0.9945,1,0
fixed-eight,488,joint-long-schema,0.9951666666666666,0.965,0.965,0.9945,1,0
fixed-eight,489,field-average,0.9952916666666667,0.9656666666666667,0.9656666666666667,0.9946666666666667,1,0
fixed-eight,489,whole-call,0.9952916666666667,0.9656666666666667,0.9656666666666667,0.9946666666666667,1,0
fixed-eight,489,joint-long-schema,0.9952916666666667,0.9656666666666667,0.9656666666666667,0.9946666666666667,1,0
fixed-eight,490,field-average,0.99525,0.9673333333333334,0.9673333333333334,0.9955,1,0
fixed-eight,490,whole-call,0.99525,0.9673333333333334,0.9673333333333334,0.9955,1,0
fixed-eight,490,joint-long-schema,0.99525,0.9673333333333334,0.9673333333333334,0.9955,1,0
fixed-eight,491,field-average,0.994875,0.963,0.963,0.9936666666666667,1,0
fixed-eight,491,whole-call,0.994875,0.963,0.963,0.9936666666666667,1,0
fixed-eight,491,joint-long-schema,0.994875,0.963,0.963,0.9936666666666667,1,0
fixed-eight,492,field-average,0.99425,0.9613333333333334,0.9613333333333334,0.9933333333333333,1,0
fixed-eight,492,whole-call,0.99425,0.9613333333333334,0.9613333333333334,0.9933333333333333,1,0
fixed-eight,492,joint-long-schema,0.99425,0.9613333333333334,0.9613333333333334,0.9933333333333333,1,0
fixed-eight,493,field-average,0.994625,0.9633333333333334,0.9633333333333334,0.9943333333333333,1,0
fixed-eight,493,whole-call,0.994625,0.9633333333333334,0.9633333333333334,0.9943333333333333,1,0
fixed-eight,493,joint-long-schema,0.994625,0.9633333333333334,0.9633333333333334,0.9943333333333333,1,0
fixed-eight,494,field-average,0.9944583333333333,0.961,0.961,0.9938333333333333,1,0
fixed-eight,494,whole-call,0.9944583333333333,0.961,0.961,0.9938333333333333,1,0
fixed-eight,494,joint-long-schema,0.9944583333333333,0.961,0.961,0.9938333333333333,1,0
fixed-eight,495,field-average,0.9940416666666667,0.9583333333333334,0.9583333333333334,0.9935,1,0
fixed-eight,495,whole-call,0.9940416666666667,0.9583333333333334,0.9583333333333334,0.9935,1,0
fixed-eight,495,joint-long-schema,0.9940416666666667,0.9583333333333334,0.9583333333333334,0.9935,1,0
fixed-eight,496,field-average,0.9945833333333334,0.9626666666666667,0.9626666666666667,0.994,1,0
fixed-eight,496,whole-call,0.9945833333333334,0.9626666666666667,0.9626666666666667,0.994,1,0
fixed-eight,496,joint-long-schema,0.9945833333333334,0.9626666666666667,0.9626666666666667,0.994,1,0
fixed-eight,497,field-average,0.994,0.956,0.956,0.9935,1,0
fixed-eight,497,whole-call,0.994,0.956,0.956,0.9935,1,0
fixed-eight,497,joint-long-schema,0.994,0.956,0.956,0.9935,1,0
fixed-eight,498,field-average,0.9939166666666667,0.9623333333333334,0.9623333333333334,0.9938333333333333,1,0
fixed-eight,498,whole-call,0.9939166666666667,0.9623333333333334,0.9623333333333334,0.9938333333333333,1,0
fixed-eight,498,joint-long-schema,0.9939166666666667,0.9623333333333334,0.9623333333333334,0.9938333333333333,1,0
fixed-eight,499,field-average,0.9945416666666667,0.961,0.961,0.9946666666666667,1,0
fixed-eight,499,whole-call,0.9945416666666667,0.961,0.961,0.9946666666666667,1,0
fixed-eight,499,joint-long-schema,0.9945416666666667,0.961,0.961,0.9946666666666667,1,0
fixed-eight,500,field-average,0.994875,0.9633333333333334,0.9633333333333334,0.9945,1,0
fixed-eight,500,whole-call,0.994875,0.9633333333333334,0.9633333333333334,0.9945,1,0
fixed-eight,500,joint-long-schema,0.994875,0.9633333333333334,0.9633333333333334,0.9945,1,0
fixed-eight,501,field-average,0.99425,0.96,0.96,0.994,1,0
fixed-eight,501,whole-call,0.99425,0.96,0.96,0.994,1,0
fixed-eight,501,joint-long-schema,0.99425,0.96,0.96,0.994,1,0
fixed-eight,502,field-average,0.9942083333333334,0.9593333333333334,0.9593333333333334,0.9956666666666667,1,0
fixed-eight,502,whole-call,0.9942083333333334,0.9593333333333334,0.9593333333333334,0.9956666666666667,1,0
fixed-eight,502,joint-long-schema,0.9942083333333334,0.9593333333333334,0.9593333333333334,0.9956666666666667,1,0
fixed-eight,503,field-average,0.9945416666666667,0.9596666666666667,0.9596666666666667,0.9946666666666667,1,0
fixed-eight,503,whole-call,0.9945416666666667,0.9596666666666667,0.9596666666666667,0.9946666666666667,1,0
fixed-eight,503,joint-long-schema,0.9945416666666667,0.9596666666666667,0.9596666666666667,0.9946666666666667,1,0
fixed-eight,504,field-average,0.9945416666666667,0.9613333333333334,0.9613333333333334,0.9946666666666667,1,0
fixed-eight,504,whole-call,0.9945416666666667,0.9613333333333334,0.9613333333333334,0.9946666666666667,1,0
fixed-eight,504,joint-long-schema,0.9945416666666667,0.9613333333333334,0.9613333333333334,0.9946666666666667,1,0
fixed-eight,505,field-average,0.9945416666666667,0.9606666666666667,0.9606666666666667,0.9941666666666666,1,0
fixed-eight,505,whole-call,0.9945416666666667,0.9606666666666667,0.9606666666666667,0.9941666666666666,1,0
fixed-eight,505,joint-long-schema,0.9945416666666667,0.9606666666666667,0.9606666666666667,0.9941666666666666,1,0
fixed-eight,506,field-average,0.9949583333333333,0.9653333333333334,0.9653333333333334,0.9955,1,0
fixed-eight,506,whole-call,0.9949583333333333,0.9653333333333334,0.9653333333333334,0.9955,1,0
fixed-eight,506,joint-long-schema,0.9949583333333333,0.9653333333333334,0.9653333333333334,0.9955,1,0
fixed-eight,507,field-average,0.993875,0.959,0.959,0.9945,1,0
fixed-eight,507,whole-call,0.993875,0.959,0.959,0.9945,1,0
fixed-eight,507,joint-long-schema,0.993875,0.959,0.959,0.9945,1,0
fixed-eight,508,field-average,0.9944583333333333,0.96,0.96,0.995,1,0
fixed-eight,508,whole-call,0.9944583333333333,0.96,0.96,0.995,1,0
fixed-eight,508,joint-long-schema,0.9944583333333333,0.96,0.96,0.995,1,0
fixed-eight,509,field-average,0.994,0.9583333333333334,0.9583333333333334,0.9935,1,0
fixed-eight,509,whole-call,0.994,0.9583333333333334,0.9583333333333334,0.9935,1,0
fixed-eight,509,joint-long-schema,0.994,0.9583333333333334,0.9583333333333334,0.9935,1,0
fixed-eight,510,field-average,0.9942083333333334,0.9573333333333334,0.9573333333333334,0.9926666666666667,1,0
fixed-eight,510,whole-call,0.9942083333333334,0.9573333333333334,0.9573333333333334,0.9926666666666667,1,0
fixed-eight,510,joint-long-schema,0.9942083333333334,0.9573333333333334,0.9573333333333334,0.9926666666666667,1,0
fixed-eight,511,field-average,0.9953333333333333,0.9676666666666667,0.9676666666666667,0.9968333333333333,1,0
fixed-eight,511,whole-call,0.9953333333333333,0.9676666666666667,0.9676666666666667,0.9968333333333333,1,0
fixed-eight,511,joint-long-schema,0.9953333333333333,0.9676666666666667,0.9676666666666667,0.9968333333333333,1,0
fixed-eight,512,field-average,0.9944583333333333,0.9626666666666667,0.9626666666666667,0.9945,1,0
fixed-eight,512,whole-call,0.9944583333333333,0.9626666666666667,0.9626666666666667,0.9945,1,0
fixed-eight,512,joint-long-schema,0.9944583333333333,0.9626666666666667,0.9626666666666667,0.9945,1,0
fixed-eight,513,field-average,0.995,0.967,0.967,0.9945,1,0
fixed-eight,513,whole-call,0.995,0.967,0.967,0.9945,1,0
fixed-eight,513,joint-long-schema,0.995,0.967,0.967,0.9945,1,0
fixed-eight,514,field-average,0.99375,0.96,0.96,0.995,1,0
fixed-eight,514,whole-call,0.99375,0.96,0.96,0.995,1,0
fixed-eight,514,joint-long-schema,0.99375,0.96,0.96,0.995,1,0
fixed-eight,515,field-average,0.9945833333333334,0.9613333333333334,0.9613333333333334,0.9945,1,0
fixed-eight,515,whole-call,0.9945833333333334,0.9613333333333334,0.9613333333333334,0.9945,1,0
fixed-eight,515,joint-long-schema,0.9945833333333334,0.9613333333333334,0.9613333333333334,0.9945,1,0
fixed-eight,516,field-average,0.9942916666666667,0.961,0.961,0.9955,1,0
fixed-eight,516,whole-call,0.9942916666666667,0.961,0.961,0.9955,1,0
fixed-eight,516,joint-long-schema,0.9942916666666667,0.961,0.961,0.9955,1,0
fixed-eight,517,field-average,0.993875,0.9553333333333334,0.9553333333333334,0.9926666666666667,1,0
fixed-eight,517,whole-call,0.993875,0.9553333333333334,0.9553333333333334,0.9926666666666667,1,0
fixed-eight,517,joint-long-schema,0.993875,0.9553333333333334,0.9553333333333334,0.9926666666666667,1,0
fixed-eight,518,field-average,0.9948333333333333,0.964,0.964,0.9936666666666667,1,0
fixed-eight,518,whole-call,0.9948333333333333,0.964,0.964,0.9936666666666667,1,0
fixed-eight,518,joint-long-schema,0.9948333333333333,0.964,0.964,0.9936666666666667,1,0
fixed-eight,519,field-average,0.99425,0.9576666666666667,0.9576666666666667,0.9943333333333333,1,0
fixed-eight,519,whole-call,0.99425,0.9576666666666667,0.9576666666666667,0.9943333333333333,1,0
fixed-eight,519,joint-long-schema,0.99425,0.9576666666666667,0.9576666666666667,0.9943333333333333,1,0
fixed-eight,520,field-average,0.9955,0.969,0.969,0.9961666666666666,1,0
fixed-eight,520,whole-call,0.9955,0.969,0.969,0.9961666666666666,1,0
fixed-eight,520,joint-long-schema,0.9955,0.969,0.969,0.9961666666666666,1,0
fixed-eight,521,field-average,0.9949583333333333,0.9646666666666667,0.9646666666666667,0.995,1,0
fixed-eight,521,whole-call,0.9949583333333333,0.9646666666666667,0.9646666666666667,0.995,1,0
fixed-eight,521,joint-long-schema,0.9949583333333333,0.9646666666666667,0.9646666666666667,0.995,1,0
fixed-eight,522,field-average,0.9937916666666666,0.958,0.958,0.9935,1,0
fixed-eight,522,whole-call,0.9937916666666666,0.958,0.958,0.9935,1,0
fixed-eight,522,joint-long-schema,0.9937916666666666,0.958,0.958,0.9935,1,0
fixed-eight,523,field-average,0.995,0.9656666666666667,0.9656666666666667,0.9938333333333333,1,0
fixed-eight,523,whole-call,0.995,0.9656666666666667,0.9656666666666667,0.9938333333333333,1,0
fixed-eight,523,joint-long-schema,0.995,0.9656666666666667,0.9656666666666667,0.9938333333333333,1,0
fixed-eight,524,field-average,0.9943333333333333,0.9623333333333334,0.9623333333333334,0.9956666666666667,1,0
fixed-eight,524,whole-call,0.9943333333333333,0.9623333333333334,0.9623333333333334,0.9956666666666667,1,0
fixed-eight,524,joint-long-schema,0.9943333333333333,0.9623333333333334,0.9623333333333334,0.9956666666666667,1,0
fixed-eight,525,field-average,0.994125,0.9576666666666667,0.9576666666666667,0.9938333333333333,1,0
fixed-eight,525,whole-call,0.994125,0.9576666666666667,0.9576666666666667,0.9938333333333333,1,0
fixed-eight,525,joint-long-schema,0.994125,0.9576666666666667,0.9576666666666667,0.9938333333333333,1,0
fixed-eight,526,field-average,0.995125,0.9643333333333334,0.9643333333333334,0.9956666666666667,1,0
fixed-eight,526,whole-call,0.995125,0.9643333333333334,0.9643333333333334,0.9956666666666667,1,0
fixed-eight,526,joint-long-schema,0.995125,0.9643333333333334,0.9643333333333334,0.9956666666666667,1,0
fixed-eight,527,field-average,0.995,0.9633333333333334,0.9633333333333334,0.9946666666666667,1,0
fixed-eight,527,whole-call,0.995,0.9633333333333334,0.9633333333333334,0.9946666666666667,1,0
fixed-eight,527,joint-long-schema,0.995,0.9633333333333334,0.9633333333333334,0.9946666666666667,1,0
fixed-eight,528,field-average,0.9937916666666666,0.9566666666666667,0.9566666666666667,0.9933333333333333,1,0
fixed-eight,528,whole-call,0.9937916666666666,0.9566666666666667,0.9566666666666667,0.9933333333333333,1,0
fixed-eight,528,joint-long-schema,0.9937916666666666,0.9566666666666667,0.9566666666666667,0.9933333333333333,1,0
fixed-eight,529,field-average,0.9945416666666667,0.9586666666666667,0.9586666666666667,0.9943333333333333,1,0
fixed-eight,529,whole-call,0.9945416666666667,0.9586666666666667,0.9586666666666667,0.9943333333333333,1,0
fixed-eight,529,joint-long-schema,0.9945416666666667,0.9586666666666667,0.9586666666666667,0.9943333333333333,1,0
fixed-eight,530,field-average,0.9949583333333333,0.9606666666666667,0.9606666666666667,0.9936666666666667,1,0
fixed-eight,530,whole-call,0.9949583333333333,0.9606666666666667,0.9606666666666667,0.9936666666666667,1,0
fixed-eight,530,joint-long-schema,0.9949583333333333,0.9606666666666667,0.9606666666666667,0.9936666666666667,1,0
fixed-eight,531,field-average,0.9947083333333333,0.9616666666666667,0.9616666666666667,0.9943333333333333,1,0
fixed-eight,531,whole-call,0.9947083333333333,0.9616666666666667,0.9616666666666667,0.9943333333333333,1,0
fixed-eight,531,joint-long-schema,0.9947083333333333,0.9616666666666667,0.9616666666666667,0.9943333333333333,1,0
fixed-eight,532,field-average,0.994875,0.9623333333333334,0.9623333333333334,0.9951666666666666,1,0
fixed-eight,532,whole-call,0.994875,0.9623333333333334,0.9623333333333334,0.9951666666666666,1,0
fixed-eight,532,joint-long-schema,0.994875,0.9623333333333334,0.9623333333333334,0.9951666666666666,1,0
fixed-eight,533,field-average,0.9949583333333333,0.9636666666666667,0.9636666666666667,0.9965,1,0
fixed-eight,533,whole-call,0.9949583333333333,0.9636666666666667,0.9636666666666667,0.9965,1,0
fixed-eight,533,joint-long-schema,0.9949583333333333,0.9636666666666667,0.9636666666666667,0.9965,1,0
fixed-eight,534,field-average,0.9950416666666667,0.962,0.962,0.9948333333333333,1,0
fixed-eight,534,whole-call,0.9950416666666667,0.962,0.962,0.9948333333333333,1,0
fixed-eight,534,joint-long-schema,0.9950416666666667,0.962,0.962,0.9948333333333333,1,0
fixed-eight,535,field-average,0.9952916666666667,0.9666666666666667,0.9666666666666667,0.9946666666666667,1,0
fixed-eight,535,whole-call,0.9952916666666667,0.9666666666666667,0.9666666666666667,0.9946666666666667,1,0
fixed-eight,535,joint-long-schema,0.9952916666666667,0.9666666666666667,0.9666666666666667,0.9946666666666667,1,0
fixed-eight,536,field-average,0.9937916666666666,0.9573333333333334,0.9573333333333334,0.9928333333333333,1,0
fixed-eight,536,whole-call,0.9937916666666666,0.9573333333333334,0.9573333333333334,0.9928333333333333,1,0
fixed-eight,536,joint-long-schema,0.9937916666666666,0.9573333333333334,0.9573333333333334,0.9928333333333333,1,0
fixed-eight,537,field-average,0.9952916666666667,0.9643333333333334,0.9643333333333334,0.9956666666666667,1,0
fixed-eight,537,whole-call,0.9952916666666667,0.9643333333333334,0.9643333333333334,0.9956666666666667,1,0
fixed-eight,537,joint-long-schema,0.9952916666666667,0.9643333333333334,0.9643333333333334,0.9956666666666667,1,0
fixed-eight,538,field-average,0.9930416666666667,0.9536666666666667,0.9536666666666667,0.992,1,0
fixed-eight,538,whole-call,0.9930416666666667,0.9536666666666667,0.9536666666666667,0.992,1,0
fixed-eight,538,joint-long-schema,0.9930416666666667,0.9536666666666667,0.9536666666666667,0.992,1,0
fixed-eight,539,field-average,0.9952083333333334,0.9643333333333334,0.9643333333333334,0.9953333333333333,1,0
fixed-eight,539,whole-call,0.9952083333333334,0.9643333333333334,0.9643333333333334,0.9953333333333333,1,0
fixed-eight,539,joint-long-schema,0.9952083333333334,0.9643333333333334,0.9643333333333334,0.9953333333333333,1,0
fixed-eight,540,field-average,0.99375,0.955,0.955,0.994,1,0
fixed-eight,540,whole-call,0.99375,0.955,0.955,0.994,1,0
fixed-eight,540,joint-long-schema,0.99375,0.955,0.955,0.994,1,0
fixed-eight,541,field-average,0.9944166666666666,0.9596666666666667,0.9596666666666667,0.9943333333333333,1,0
fixed-eight,541,whole-call,0.9944166666666666,0.9596666666666667,0.9596666666666667,0.9943333333333333,1,0
fixed-eight,541,joint-long-schema,0.9944166666666666,0.9596666666666667,0.9596666666666667,0.9943333333333333,1,0
fixed-eight,542,field-average,0.9940833333333333,0.9586666666666667,0.9586666666666667,0.9958333333333333,1,0
fixed-eight,542,whole-call,0.9940833333333333,0.9586666666666667,0.9586666666666667,0.9958333333333333,1,0
fixed-eight,542,joint-long-schema,0.9940833333333333,0.9586666666666667,0.9586666666666667,0.9958333333333333,1,0
fixed-eight,543,field-average,0.9941666666666666,0.958,0.958,0.9945,1,0
fixed-eight,543,whole-call,0.9941666666666666,0.958,0.958,0.9945,1,0
fixed-eight,543,joint-long-schema,0.9941666666666666,0.958,0.958,0.9945,1,0
fixed-eight,544,field-average,0.9944583333333333,0.962,0.962,0.9945,1,0
fixed-eight,544,whole-call,0.9944583333333333,0.962,0.962,0.9945,1,0
fixed-eight,544,joint-long-schema,0.9944583333333333,0.962,0.962,0.9945,1,0
fixed-eight,545,field-average,0.9934166666666666,0.9576666666666667,0.9576666666666667,0.9925,1,0
fixed-eight,545,whole-call,0.9934166666666666,0.9576666666666667,0.9576666666666667,0.9925,1,0
fixed-eight,545,joint-long-schema,0.9934166666666666,0.9576666666666667,0.9576666666666667,0.9925,1,0
fixed-eight,546,field-average,0.99375,0.9556666666666667,0.9556666666666667,0.9928333333333333,1,0
fixed-eight,546,whole-call,0.99375,0.9556666666666667,0.9556666666666667,0.9928333333333333,1,0
fixed-eight,546,joint-long-schema,0.99375,0.9556666666666667,0.9556666666666667,0.9928333333333333,1,0
fixed-eight,547,field-average,0.9945,0.9613333333333334,0.9613333333333334,0.9958333333333333,1,0
fixed-eight,547,whole-call,0.9945,0.9613333333333334,0.9613333333333334,0.9958333333333333,1,0
fixed-eight,547,joint-long-schema,0.9945,0.9613333333333334,0.9613333333333334,0.9958333333333333,1,0
fixed-eight,548,field-average,0.9944166666666666,0.9633333333333334,0.9633333333333334,0.994,1,0
fixed-eight,548,whole-call,0.9944166666666666,0.9633333333333334,0.9633333333333334,0.994,1,0
fixed-eight,548,joint-long-schema,0.9944166666666666,0.9633333333333334,0.9633333333333334,0.994,1,0
fixed-eight,549,field-average,0.994125,0.958,0.958,0.9943333333333333,1,0
fixed-eight,549,whole-call,0.994125,0.958,0.958,0.9943333333333333,1,0
fixed-eight,549,joint-long-schema,0.994125,0.958,0.958,0.9943333333333333,1,0
fixed-eight,550,field-average,0.9942083333333334,0.9586666666666667,0.9586666666666667,0.9931666666666666,1,0
fixed-eight,550,whole-call,0.9942083333333334,0.9586666666666667,0.9586666666666667,0.9931666666666666,1,0
fixed-eight,550,joint-long-schema,0.9942083333333334,0.9586666666666667,0.9586666666666667,0.9931666666666666,1,0
fixed-eight,551,field-average,0.9942916666666667,0.9596666666666667,0.9596666666666667,0.9946666666666667,1,0
fixed-eight,551,whole-call,0.9942916666666667,0.9596666666666667,0.9596666666666667,0.9946666666666667,1,0
fixed-eight,551,joint-long-schema,0.9942916666666667,0.9596666666666667,0.9596666666666667,0.9946666666666667,1,0
fixed-eight,552,field-average,0.99475,0.9613333333333334,0.9613333333333334,0.9951666666666666,1,0
fixed-eight,552,whole-call,0.99475,0.9613333333333334,0.9613333333333334,0.9951666666666666,1,0
fixed-eight,552,joint-long-schema,0.99475,0.9613333333333334,0.9613333333333334,0.9951666666666666,1,0
fixed-eight,553,field-average,0.9944583333333333,0.9613333333333334,0.9613333333333334,0.994,1,0
fixed-eight,553,whole-call,0.9944583333333333,0.9613333333333334,0.9613333333333334,0.994,1,0
fixed-eight,553,joint-long-schema,0.9944583333333333,0.9613333333333334,0.9613333333333334,0.994,1,0
fixed-eight,554,field-average,0.9952083333333334,0.968,0.968,0.9961666666666666,1,0
fixed-eight,554,whole-call,0.9952083333333334,0.968,0.968,0.9961666666666666,1,0
fixed-eight,554,joint-long-schema,0.9952083333333334,0.968,0.968,0.9961666666666666,1,0
fixed-eight,555,field-average,0.994625,0.962,0.962,0.9945,1,0
fixed-eight,555,whole-call,0.994625,0.962,0.962,0.9945,1,0
fixed-eight,555,joint-long-schema,0.994625,0.962,0.962,0.9945,1,0
fixed-eight,556,field-average,0.9937083333333333,0.956,0.956,0.9933333333333333,1,0
fixed-eight,556,whole-call,0.9937083333333333,0.956,0.956,0.9933333333333333,1,0
fixed-eight,556,joint-long-schema,0.9937083333333333,0.956,0.956,0.9933333333333333,1,0
fixed-eight,557,field-average,0.993625,0.9566666666666667,0.9566666666666667,0.994,1,0
fixed-eight,557,whole-call,0.993625,0.9566666666666667,0.9566666666666667,0.994,1,0
fixed-eight,557,joint-long-schema,0.993625,0.9566666666666667,0.9566666666666667,0.994,1,0
fixed-eight,558,field-average,0.9940416666666667,0.9606666666666667,0.9606666666666667,0.995,1,0
fixed-eight,558,whole-call,0.9940416666666667,0.9606666666666667,0.9606666666666667,0.995,1,0
fixed-eight,558,joint-long-schema,0.9940416666666667,0.9606666666666667,0.9606666666666667,0.995,1,0
fixed-eight,559,field-average,0.9947916666666666,0.9643333333333334,0.9643333333333334,0.9941666666666666,1,0
fixed-eight,559,whole-call,0.9947916666666666,0.9643333333333334,0.9643333333333334,0.9941666666666666,1,0
fixed-eight,559,joint-long-schema,0.9947916666666666,0.9643333333333334,0.9643333333333334,0.9941666666666666,1,0
fixed-eight,560,field-average,0.9944166666666666,0.9613333333333334,0.9613333333333334,0.9936666666666667,1,0
fixed-eight,560,whole-call,0.9944166666666666,0.9613333333333334,0.9613333333333334,0.9936666666666667,1,0
fixed-eight,560,joint-long-schema,0.9944166666666666,0.9613333333333334,0.9613333333333334,0.9936666666666667,1,0
fixed-eight,561,field-average,0.9955416666666667,0.967,0.967,0.9941666666666666,1,0
fixed-eight,561,whole-call,0.9955416666666667,0.967,0.967,0.9941666666666666,1,0
fixed-eight,561,joint-long-schema,0.9955416666666667,0.967,0.967,0.9941666666666666,1,0
fixed-eight,562,field-average,0.9945833333333334,0.9616666666666667,0.9616666666666667,0.9951666666666666,1,0
fixed-eight,562,whole-call,0.9945833333333334,0.9616666666666667,0.9616666666666667,0.9951666666666666,1,0
fixed-eight,562,joint-long-schema,0.9945833333333334,0.9616666666666667,0.9616666666666667,0.9951666666666666,1,0
fixed-eight,563,field-average,0.9945833333333334,0.9613333333333334,0.9613333333333334,0.9936666666666667,1,0
fixed-eight,563,whole-call,0.9945833333333334,0.9613333333333334,0.9613333333333334,0.9936666666666667,1,0
fixed-eight,563,joint-long-schema,0.9945833333333334,0.9613333333333334,0.9613333333333334,0.9936666666666667,1,0
fixed-eight,564,field-average,0.9947083333333333,0.9646666666666667,0.9646666666666667,0.995,1,0
fixed-eight,564,whole-call,0.9947083333333333,0.9646666666666667,0.9646666666666667,0.995,1,0
fixed-eight,564,joint-long-schema,0.9947083333333333,0.9646666666666667,0.9646666666666667,0.995,1,0
fixed-eight,565,field-average,0.994875,0.9633333333333334,0.9633333333333334,0.9946666666666667,1,0
fixed-eight,565,whole-call,0.994875,0.9633333333333334,0.9633333333333334,0.9946666666666667,1,0
fixed-eight,565,joint-long-schema,0.994875,0.9633333333333334,0.9633333333333334,0.9946666666666667,1,0
fixed-eight,566,field-average,0.9945416666666667,0.9666666666666667,0.9666666666666667,0.9945,1,0
fixed-eight,566,whole-call,0.9945416666666667,0.9666666666666667,0.9666666666666667,0.9945,1,0
fixed-eight,566,joint-long-schema,0.9945416666666667,0.9666666666666667,0.9666666666666667,0.9945,1,0
fixed-eight,567,field-average,0.9940833333333333,0.9566666666666667,0.9566666666666667,0.995,1,0
fixed-eight,567,whole-call,0.9940833333333333,0.9566666666666667,0.9566666666666667,0.995,1,0
fixed-eight,567,joint-long-schema,0.9940833333333333,0.9566666666666667,0.9566666666666667,0.995,1,0
fixed-eight,568,field-average,0.9942916666666667,0.962,0.962,0.9953333333333333,1,0
fixed-eight,568,whole-call,0.9942916666666667,0.962,0.962,0.9953333333333333,1,0
fixed-eight,568,joint-long-schema,0.9942916666666667,0.962,0.962,0.9953333333333333,1,0
fixed-eight,569,field-average,0.9942083333333334,0.9566666666666667,0.9566666666666667,0.994,1,0
fixed-eight,569,whole-call,0.9942083333333334,0.9566666666666667,0.9566666666666667,0.994,1,0
fixed-eight,569,joint-long-schema,0.9942083333333334,0.9566666666666667,0.9566666666666667,0.994,1,0
fixed-eight,570,field-average,0.9950416666666667,0.964,0.964,0.9951666666666666,1,0
fixed-eight,570,whole-call,0.9950416666666667,0.964,0.964,0.9951666666666666,1,0
fixed-eight,570,joint-long-schema,0.9950416666666667,0.964,0.964,0.9951666666666666,1,0
fixed-eight,571,field-average,0.994,0.96,0.96,0.9938333333333333,1,0
fixed-eight,571,whole-call,0.994,0.96,0.96,0.9938333333333333,1,0
fixed-eight,571,joint-long-schema,0.994,0.96,0.96,0.9938333333333333,1,0
fixed-eight,572,field-average,0.9952083333333334,0.9656666666666667,0.9656666666666667,0.995,1,0
fixed-eight,572,whole-call,0.9952083333333334,0.9656666666666667,0.9656666666666667,0.995,1,0
fixed-eight,572,joint-long-schema,0.9952083333333334,0.9656666666666667,0.9656666666666667,0.995,1,0
fixed-eight,573,field-average,0.9931666666666666,0.956,0.956,0.994,1,0
fixed-eight,573,whole-call,0.9931666666666666,0.956,0.956,0.994,1,0
fixed-eight,573,joint-long-schema,0.9931666666666666,0.956,0.956,0.994,1,0
fixed-eight,574,field-average,0.9944166666666666,0.96,0.96,0.9943333333333333,1,0
fixed-eight,574,whole-call,0.9944166666666666,0.96,0.96,0.9943333333333333,1,0
fixed-eight,574,joint-long-schema,0.9944166666666666,0.96,0.96,0.9943333333333333,1,0
fixed-eight,575,field-average,0.9957083333333333,0.9693333333333334,0.9693333333333334,0.995,1,0
fixed-eight,575,whole-call,0.9957083333333333,0.9693333333333334,0.9693333333333334,0.995,1,0
fixed-eight,575,joint-long-schema,0.9957083333333333,0.9693333333333334,0.9693333333333334,0.995,1,0
fixed-eight,576,field-average,0.994875,0.9633333333333334,0.9633333333333334,0.994,1,0
fixed-eight,576,whole-call,0.994875,0.9633333333333334,0.9633333333333334,0.994,1,0
fixed-eight,576,joint-long-schema,0.994875,0.9633333333333334,0.9633333333333334,0.994,1,0
fixed-eight,577,field-average,0.9945,0.961,0.961,0.9943333333333333,1,0
fixed-eight,577,whole-call,0.9945,0.961,0.961,0.9943333333333333,1,0
fixed-eight,577,joint-long-schema,0.9945,0.961,0.961,0.9943333333333333,1,0
fixed-eight,578,field-average,0.9942916666666667,0.9593333333333334,0.9593333333333334,0.9946666666666667,1,0
fixed-eight,578,whole-call,0.9942916666666667,0.9593333333333334,0.9593333333333334,0.9946666666666667,1,0
fixed-eight,578,joint-long-schema,0.9942916666666667,0.9593333333333334,0.9593333333333334,0.9946666666666667,1,0
fixed-eight,579,field-average,0.995875,0.9703333333333334,0.9703333333333334,0.9951666666666666,1,0
fixed-eight,579,whole-call,0.995875,0.9703333333333334,0.9703333333333334,0.9951666666666666,1,0
fixed-eight,579,joint-long-schema,0.995875,0.9703333333333334,0.9703333333333334,0.9951666666666666,1,0
fixed-eight,580,field-average,0.993625,0.957,0.957,0.9926666666666667,1,0
fixed-eight,580,whole-call,0.993625,0.957,0.957,0.9926666666666667,1,0
fixed-eight,580,joint-long-schema,0.993625,0.957,0.957,0.9926666666666667,1,0
fixed-eight,581,field-average,0.9939583333333334,0.9563333333333334,0.9563333333333334,0.995,1,0
fixed-eight,581,whole-call,0.9939583333333334,0.9563333333333334,0.9563333333333334,0.995,1,0
fixed-eight,581,joint-long-schema,0.9939583333333334,0.9563333333333334,0.9563333333333334,0.995,1,0
fixed-eight,582,field-average,0.9942083333333334,0.96,0.96,0.9956666666666667,1,0
fixed-eight,582,whole-call,0.9942083333333334,0.96,0.96,0.9956666666666667,1,0
fixed-eight,582,joint-long-schema,0.9942083333333334,0.96,0.96,0.9956666666666667,1,0
fixed-eight,583,field-average,0.9949583333333333,0.9643333333333334,0.9643333333333334,0.9945,1,0
fixed-eight,583,whole-call,0.9949583333333333,0.9643333333333334,0.9643333333333334,0.9945,1,0
fixed-eight,583,joint-long-schema,0.9949583333333333,0.9643333333333334,0.9643333333333334,0.9945,1,0
fixed-eight,584,field-average,0.9944166666666666,0.9606666666666667,0.9606666666666667,0.9948333333333333,1,0
fixed-eight,584,whole-call,0.9944166666666666,0.9606666666666667,0.9606666666666667,0.9948333333333333,1,0
fixed-eight,584,joint-long-schema,0.9944166666666666,0.9606666666666667,0.9606666666666667,0.9948333333333333,1,0
fixed-eight,585,field-average,0.9942083333333334,0.96,0.96,0.9933333333333333,1,0
fixed-eight,585,whole-call,0.9942083333333334,0.96,0.96,0.9933333333333333,1,0
fixed-eight,585,joint-long-schema,0.9942083333333334,0.96,0.96,0.9933333333333333,1,0
fixed-eight,586,field-average,0.9949583333333333,0.9676666666666667,0.9676666666666667,0.995,1,0
fixed-eight,586,whole-call,0.9949583333333333,0.9676666666666667,0.9676666666666667,0.995,1,0
fixed-eight,586,joint-long-schema,0.9949583333333333,0.9676666666666667,0.9676666666666667,0.995,1,0
fixed-eight,587,field-average,0.995125,0.9646666666666667,0.9646666666666667,0.9961666666666666,1,0
fixed-eight,587,whole-call,0.995125,0.9646666666666667,0.9646666666666667,0.9961666666666666,1,0
fixed-eight,587,joint-long-schema,0.995125,0.9646666666666667,0.9646666666666667,0.9961666666666666,1,0
fixed-eight,588,field-average,0.9945833333333334,0.9613333333333334,0.9613333333333334,0.9946666666666667,1,0
fixed-eight,588,whole-call,0.9945833333333334,0.9613333333333334,0.9613333333333334,0.9946666666666667,1,0
fixed-eight,588,joint-long-schema,0.9945833333333334,0.9613333333333334,0.9613333333333334,0.9946666666666667,1,0
fixed-eight,589,field-average,0.9928333333333333,0.9513333333333334,0.9513333333333334,0.9935,1,0
fixed-eight,589,whole-call,0.9928333333333333,0.9513333333333334,0.9513333333333334,0.9935,1,0
fixed-eight,589,joint-long-schema,0.9928333333333333,0.9513333333333334,0.9513333333333334,0.9935,1,0
fixed-eight,590,field-average,0.9941666666666666,0.9596666666666667,0.9596666666666667,0.9935,1,0
fixed-eight,590,whole-call,0.9941666666666666,0.9596666666666667,0.9596666666666667,0.9935,1,0
fixed-eight,590,joint-long-schema,0.9941666666666666,0.9596666666666667,0.9596666666666667,0.9935,1,0
fixed-eight,591,field-average,0.9949583333333333,0.9653333333333334,0.9653333333333334,0.9955,1,0
fixed-eight,591,whole-call,0.9949583333333333,0.9653333333333334,0.9653333333333334,0.9955,1,0
fixed-eight,591,joint-long-schema,0.9949583333333333,0.9653333333333334,0.9653333333333334,0.9955,1,0
fixed-eight,592,field-average,0.9947916666666666,0.9603333333333334,0.9603333333333334,0.994,1,0
fixed-eight,592,whole-call,0.9947916666666666,0.9603333333333334,0.9603333333333334,0.994,1,0
fixed-eight,592,joint-long-schema,0.9947916666666666,0.9603333333333334,0.9603333333333334,0.994,1,0
fixed-eight,593,field-average,0.995375,0.9673333333333334,0.9673333333333334,0.9958333333333333,1,0
fixed-eight,593,whole-call,0.995375,0.9673333333333334,0.9673333333333334,0.9958333333333333,1,0
fixed-eight,593,joint-long-schema,0.995375,0.9673333333333334,0.9673333333333334,0.9958333333333333,1,0
fixed-eight,594,field-average,0.9949583333333333,0.9663333333333334,0.9663333333333334,0.9945,1,0
fixed-eight,594,whole-call,0.9949583333333333,0.9663333333333334,0.9663333333333334,0.9945,1,0
fixed-eight,594,joint-long-schema,0.9949583333333333,0.9663333333333334,0.9663333333333334,0.9945,1,0
fixed-eight,595,field-average,0.994625,0.9623333333333334,0.9623333333333334,0.9958333333333333,1,0
fixed-eight,595,whole-call,0.994625,0.9623333333333334,0.9623333333333334,0.9958333333333333,1,0
fixed-eight,595,joint-long-schema,0.994625,0.9623333333333334,0.9623333333333334,0.9958333333333333,1,0
fixed-eight,596,field-average,0.994375,0.962,0.962,0.994,1,0
fixed-eight,596,whole-call,0.994375,0.962,0.962,0.994,1,0
fixed-eight,596,joint-long-schema,0.994375,0.962,0.962,0.994,1,0
fixed-eight,597,field-average,0.9947916666666666,0.9653333333333334,0.9653333333333334,0.995,1,0
fixed-eight,597,whole-call,0.9947916666666666,0.9653333333333334,0.9653333333333334,0.995,1,0
fixed-eight,597,joint-long-schema,0.9947916666666666,0.9653333333333334,0.9653333333333334,0.995,1,0
fixed-eight,598,field-average,0.994125,0.957,0.957,0.9941666666666666,1,0
fixed-eight,598,whole-call,0.994125,0.957,0.957,0.9941666666666666,1,0
fixed-eight,598,joint-long-schema,0.994125,0.957,0.957,0.9941666666666666,1,0
fixed-eight,599,field-average,0.9945416666666667,0.963,0.963,0.9955,1,0
fixed-eight,599,whole-call,0.9945416666666667,0.963,0.963,0.9955,1,0
fixed-eight,599,joint-long-schema,0.9945416666666667,0.963,0.963,0.9955,1,0
fixed-eight,600,field-average,0.995,0.9613333333333334,0.9613333333333334,0.995,1,0
fixed-eight,600,whole-call,0.995,0.9613333333333334,0.9613333333333334,0.995,1,0
fixed-eight,600,joint-long-schema,0.995,0.9613333333333334,0.9613333333333334,0.995,1,0
fixed-eight,601,field-average,0.994625,0.961,0.961,0.9936666666666667,1,0
fixed-eight,601,whole-call,0.994625,0.961,0.961,0.9936666666666667,1,0
fixed-eight,601,joint-long-schema,0.994625,0.961,0.961,0.9936666666666667,1,0
fixed-eight,602,field-average,0.99475,0.9656666666666667,0.9656666666666667,0.9943333333333333,1,0
fixed-eight,602,whole-call,0.99475,0.9656666666666667,0.9656666666666667,0.9943333333333333,1,0
fixed-eight,602,joint-long-schema,0.99475,0.9656666666666667,0.9656666666666667,0.9943333333333333,1,0
fixed-eight,603,field-average,0.994375,0.961,0.961,0.9946666666666667,1,0
fixed-eight,603,whole-call,0.994375,0.961,0.961,0.9946666666666667,1,0
fixed-eight,603,joint-long-schema,0.994375,0.961,0.961,0.9946666666666667,1,0
fixed-eight,604,field-average,0.9945833333333334,0.9623333333333334,0.9623333333333334,0.9933333333333333,1,0
fixed-eight,604,whole-call,0.9945833333333334,0.9623333333333334,0.9623333333333334,0.9933333333333333,1,0
fixed-eight,604,joint-long-schema,0.9945833333333334,0.9623333333333334,0.9623333333333334,0.9933333333333333,1,0
fixed-eight,605,field-average,0.9944166666666666,0.9586666666666667,0.9586666666666667,0.9945,1,0
fixed-eight,605,whole-call,0.9944166666666666,0.9586666666666667,0.9586666666666667,0.9945,1,0
fixed-eight,605,joint-long-schema,0.9944166666666666,0.9586666666666667,0.9586666666666667,0.9945,1,0
fixed-eight,606,field-average,0.9947083333333333,0.9616666666666667,0.9616666666666667,0.9943333333333333,1,0
fixed-eight,606,whole-call,0.9947083333333333,0.9616666666666667,0.9616666666666667,0.9943333333333333,1,0
fixed-eight,606,joint-long-schema,0.9947083333333333,0.9616666666666667,0.9616666666666667,0.9943333333333333,1,0
fixed-eight,607,field-average,0.99475,0.961,0.961,0.9941666666666666,1,0
fixed-eight,607,whole-call,0.99475,0.961,0.961,0.9941666666666666,1,0
fixed-eight,607,joint-long-schema,0.99475,0.961,0.961,0.9941666666666666,1,0
fixed-eight,608,field-average,0.994875,0.9636666666666667,0.9636666666666667,0.9945,1,0
fixed-eight,608,whole-call,0.994875,0.9636666666666667,0.9636666666666667,0.9945,1,0
fixed-eight,608,joint-long-schema,0.994875,0.9636666666666667,0.9636666666666667,0.9945,1,0
fixed-eight,609,field-average,0.9944166666666666,0.963,0.963,0.9928333333333333,1,0
fixed-eight,609,whole-call,0.9944166666666666,0.963,0.963,0.9928333333333333,1,0
fixed-eight,609,joint-long-schema,0.9944166666666666,0.963,0.963,0.9928333333333333,1,0
fixed-eight,610,field-average,0.994375,0.961,0.961,0.9948333333333333,1,0
fixed-eight,610,whole-call,0.994375,0.961,0.961,0.9948333333333333,1,0
fixed-eight,610,joint-long-schema,0.994375,0.961,0.961,0.9948333333333333,1,0
fixed-eight,611,field-average,0.9951666666666666,0.964,0.964,0.9955,1,0
fixed-eight,611,whole-call,0.9951666666666666,0.964,0.964,0.9955,1,0
fixed-eight,611,joint-long-schema,0.9951666666666666,0.964,0.964,0.9955,1,0
fixed-eight,612,field-average,0.9949166666666667,0.9633333333333334,0.9633333333333334,0.9941666666666666,1,0
fixed-eight,612,whole-call,0.9949166666666667,0.9633333333333334,0.9633333333333334,0.9941666666666666,1,0
fixed-eight,612,joint-long-schema,0.9949166666666667,0.9633333333333334,0.9633333333333334,0.9941666666666666,1,0
fixed-eight,613,field-average,0.9950416666666667,0.965,0.965,0.996,1,0
fixed-eight,613,whole-call,0.9950416666666667,0.965,0.965,0.996,1,0
fixed-eight,613,joint-long-schema,0.9950416666666667,0.965,0.965,0.996,1,0
fixed-eight,614,field-average,0.9951666666666666,0.9686666666666667,0.9686666666666667,0.9953333333333333,1,0
fixed-eight,614,whole-call,0.9951666666666666,0.9686666666666667,0.9686666666666667,0.9953333333333333,1,0
fixed-eight,614,joint-long-schema,0.9951666666666666,0.9686666666666667,0.9686666666666667,0.9953333333333333,1,0
fixed-eight,615,field-average,0.9945,0.9623333333333334,0.9623333333333334,0.9935,1,0
fixed-eight,615,whole-call,0.9945,0.9623333333333334,0.9623333333333334,0.9935,1,0
fixed-eight,615,joint-long-schema,0.9945,0.9623333333333334,0.9623333333333334,0.9935,1,0
fixed-eight,616,field-average,0.99525,0.9633333333333334,0.9633333333333334,0.9936666666666667,1,0
fixed-eight,616,whole-call,0.99525,0.9633333333333334,0.9633333333333334,0.9936666666666667,1,0
fixed-eight,616,joint-long-schema,0.99525,0.9633333333333334,0.9633333333333334,0.9936666666666667,1,0
fixed-eight,617,field-average,0.995125,0.9656666666666667,0.9656666666666667,0.9958333333333333,1,0
fixed-eight,617,whole-call,0.995125,0.9656666666666667,0.9656666666666667,0.9958333333333333,1,0
fixed-eight,617,joint-long-schema,0.995125,0.9656666666666667,0.9656666666666667,0.9958333333333333,1,0
fixed-eight,618,field-average,0.9932083333333334,0.9556666666666667,0.9556666666666667,0.994,1,0
fixed-eight,618,whole-call,0.9932083333333334,0.9556666666666667,0.9556666666666667,0.994,1,0
fixed-eight,618,joint-long-schema,0.9932083333333334,0.9556666666666667,0.9556666666666667,0.994,1,0
fixed-eight,619,field-average,0.9955,0.9666666666666667,0.9666666666666667,0.9963333333333333,1,0
fixed-eight,619,whole-call,0.9955,0.9666666666666667,0.9666666666666667,0.9963333333333333,1,0
fixed-eight,619,joint-long-schema,0.9955,0.9666666666666667,0.9666666666666667,0.9963333333333333,1,0
fixed-eight,620,field-average,0.9954583333333333,0.9666666666666667,0.9666666666666667,0.9943333333333333,1,0
fixed-eight,620,whole-call,0.9954583333333333,0.9666666666666667,0.9666666666666667,0.9943333333333333,1,0
fixed-eight,620,joint-long-schema,0.9954583333333333,0.9666666666666667,0.9666666666666667,0.9943333333333333,1,0
fixed-eight,621,field-average,0.9944166666666666,0.961,0.961,0.9945,1,0
fixed-eight,621,whole-call,0.9944166666666666,0.961,0.961,0.9945,1,0
fixed-eight,621,joint-long-schema,0.9944166666666666,0.961,0.961,0.9945,1,0
fixed-eight,622,field-average,0.9936666666666667,0.9563333333333334,0.9563333333333334,0.9945,1,0
fixed-eight,622,whole-call,0.9936666666666667,0.9563333333333334,0.9563333333333334,0.9945,1,0
fixed-eight,622,joint-long-schema,0.9936666666666667,0.9563333333333334,0.9563333333333334,0.9945,1,0
fixed-eight,623,field-average,0.994125,0.957,0.957,0.9943333333333333,1,0
fixed-eight,623,whole-call,0.994125,0.957,0.957,0.9943333333333333,1,0
fixed-eight,623,joint-long-schema,0.994125,0.957,0.957,0.9943333333333333,1,0
fixed-eight,624,field-average,0.9945833333333334,0.9606666666666667,0.9606666666666667,0.9963333333333333,1,0
fixed-eight,624,whole-call,0.9945833333333334,0.9606666666666667,0.9606666666666667,0.9963333333333333,1,0
fixed-eight,624,joint-long-schema,0.9945833333333334,0.9606666666666667,0.9606666666666667,0.9963333333333333,1,0
fixed-eight,625,field-average,0.9944166666666666,0.9603333333333334,0.9603333333333334,0.9948333333333333,1,0
fixed-eight,625,whole-call,0.9944166666666666,0.9603333333333334,0.9603333333333334,0.9948333333333333,1,0
fixed-eight,625,joint-long-schema,0.9944166666666666,0.9603333333333334,0.9603333333333334,0.9948333333333333,1,0
fixed-eight,626,field-average,0.99475,0.96,0.96,0.9941666666666666,1,0
fixed-eight,626,whole-call,0.99475,0.96,0.96,0.9941666666666666,1,0
fixed-eight,626,joint-long-schema,0.99475,0.96,0.96,0.9941666666666666,1,0
fixed-eight,627,field-average,0.9941666666666666,0.9616666666666667,0.9616666666666667,0.9935,1,0
fixed-eight,627,whole-call,0.9941666666666666,0.9616666666666667,0.9616666666666667,0.9935,1,0
fixed-eight,627,joint-long-schema,0.9941666666666666,0.9616666666666667,0.9616666666666667,0.9935,1,0
fixed-eight,628,field-average,0.9945833333333334,0.9633333333333334,0.9633333333333334,0.9936666666666667,1,0
fixed-eight,628,whole-call,0.9945833333333334,0.9633333333333334,0.9633333333333334,0.9936666666666667,1,0
fixed-eight,628,joint-long-schema,0.9945833333333334,0.9633333333333334,0.9633333333333334,0.9936666666666667,1,0
fixed-eight,629,field-average,0.994125,0.958,0.958,0.9935,1,0
fixed-eight,629,whole-call,0.994125,0.958,0.958,0.9935,1,0
fixed-eight,629,joint-long-schema,0.994125,0.958,0.958,0.9935,1,0
fixed-eight,630,field-average,0.9947083333333333,0.9626666666666667,0.9626666666666667,0.9955,1,0
fixed-eight,630,whole-call,0.9947083333333333,0.9626666666666667,0.9626666666666667,0.9955,1,0
fixed-eight,630,joint-long-schema,0.9947083333333333,0.9626666666666667,0.9626666666666667,0.9955,1,0
fixed-eight,631,field-average,0.9949166666666667,0.9633333333333334,0.9633333333333334,0.9961666666666666,1,0
fixed-eight,631,whole-call,0.9949166666666667,0.9633333333333334,0.9633333333333334,0.9961666666666666,1,0
fixed-eight,631,joint-long-schema,0.9949166666666667,0.9633333333333334,0.9633333333333334,0.9961666666666666,1,0
fixed-eight,632,field-average,0.995625,0.9686666666666667,0.9686666666666667,0.9945,1,0
fixed-eight,632,whole-call,0.995625,0.9686666666666667,0.9686666666666667,0.9945,1,0
fixed-eight,632,joint-long-schema,0.995625,0.9686666666666667,0.9686666666666667,0.9945,1,0
fixed-eight,633,field-average,0.9952916666666667,0.9646666666666667,0.9646666666666667,0.9946666666666667,1,0
fixed-eight,633,whole-call,0.9952916666666667,0.9646666666666667,0.9646666666666667,0.9946666666666667,1,0
fixed-eight,633,joint-long-schema,0.9952916666666667,0.9646666666666667,0.9646666666666667,0.9946666666666667,1,0
fixed-eight,634,field-average,0.9947916666666666,0.9633333333333334,0.9633333333333334,0.996,1,0
fixed-eight,634,whole-call,0.9947916666666666,0.9633333333333334,0.9633333333333334,0.996,1,0
fixed-eight,634,joint-long-schema,0.9947916666666666,0.9633333333333334,0.9633333333333334,0.996,1,0
fixed-eight,635,field-average,0.9942083333333334,0.9603333333333334,0.9603333333333334,0.9945,1,0
fixed-eight,635,whole-call,0.9942083333333334,0.9603333333333334,0.9603333333333334,0.9945,1,0
fixed-eight,635,joint-long-schema,0.9942083333333334,0.9603333333333334,0.9603333333333334,0.9945,1,0
fixed-eight,636,field-average,0.994375,0.9596666666666667,0.9596666666666667,0.9945,1,0
fixed-eight,636,whole-call,0.994375,0.9596666666666667,0.9596666666666667,0.9945,1,0
fixed-eight,636,joint-long-schema,0.994375,0.9596666666666667,0.9596666666666667,0.9945,1,0
fixed-eight,637,field-average,0.99375,0.9583333333333334,0.9583333333333334,0.9933333333333333,1,0
fixed-eight,637,whole-call,0.99375,0.9583333333333334,0.9583333333333334,0.9933333333333333,1,0
fixed-eight,637,joint-long-schema,0.99375,0.9583333333333334,0.9583333333333334,0.9933333333333333,1,0
fixed-eight,638,field-average,0.9947916666666666,0.9623333333333334,0.9623333333333334,0.9945,1,0
fixed-eight,638,whole-call,0.9947916666666666,0.9623333333333334,0.9623333333333334,0.9945,1,0
fixed-eight,638,joint-long-schema,0.9947916666666666,0.9623333333333334,0.9623333333333334,0.9945,1,0
fixed-eight,639,field-average,0.99375,0.955,0.955,0.9933333333333333,1,0
fixed-eight,639,whole-call,0.99375,0.955,0.955,0.9933333333333333,1,0
fixed-eight,639,joint-long-schema,0.99375,0.955,0.955,0.9933333333333333,1,0
fixed-eight,640,field-average,0.993875,0.96,0.96,0.9956666666666667,1,0
fixed-eight,640,whole-call,0.993875,0.96,0.96,0.9956666666666667,1,0
fixed-eight,640,joint-long-schema,0.993875,0.96,0.96,0.9956666666666667,1,0
fixed-eight,641,field-average,0.9958333333333333,0.9693333333333334,0.9693333333333334,0.9958333333333333,1,0
fixed-eight,641,whole-call,0.9958333333333333,0.9693333333333334,0.9693333333333334,0.9958333333333333,1,0
fixed-eight,641,joint-long-schema,0.9958333333333333,0.9693333333333334,0.9693333333333334,0.9958333333333333,1,0
fixed-eight,642,field-average,0.9942916666666667,0.962,0.962,0.9945,1,0
fixed-eight,642,whole-call,0.9942916666666667,0.962,0.962,0.9945,1,0
fixed-eight,642,joint-long-schema,0.9942916666666667,0.962,0.962,0.9945,1,0
fixed-eight,643,field-average,0.9944166666666666,0.9623333333333334,0.9623333333333334,0.9948333333333333,1,0
fixed-eight,643,whole-call,0.9944166666666666,0.9623333333333334,0.9623333333333334,0.9948333333333333,1,0
fixed-eight,643,joint-long-schema,0.9944166666666666,0.9623333333333334,0.9623333333333334,0.9948333333333333,1,0
fixed-eight,644,field-average,0.9945416666666667,0.9613333333333334,0.9613333333333334,0.9945,1,0
fixed-eight,644,whole-call,0.9945416666666667,0.9613333333333334,0.9613333333333334,0.9945,1,0
fixed-eight,644,joint-long-schema,0.9945416666666667,0.9613333333333334,0.9613333333333334,0.9945,1,0
fixed-eight,645,field-average,0.9947916666666666,0.9606666666666667,0.9606666666666667,0.994,1,0
fixed-eight,645,whole-call,0.9947916666666666,0.9606666666666667,0.9606666666666667,0.994,1,0
fixed-eight,645,joint-long-schema,0.9947916666666666,0.9606666666666667,0.9606666666666667,0.994,1,0
fixed-eight,646,field-average,0.99475,0.964,0.964,0.9945,1,0
fixed-eight,646,whole-call,0.99475,0.964,0.964,0.9945,1,0
fixed-eight,646,joint-long-schema,0.99475,0.964,0.964,0.9945,1,0
fixed-eight,647,field-average,0.9945416666666667,0.965,0.965,0.993,1,0
fixed-eight,647,whole-call,0.9945416666666667,0.965,0.965,0.993,1,0
fixed-eight,647,joint-long-schema,0.9945416666666667,0.965,0.965,0.993,1,0
fixed-eight,648,field-average,0.99475,0.962,0.962,0.9951666666666666,1,0
fixed-eight,648,whole-call,0.99475,0.962,0.962,0.9951666666666666,1,0
fixed-eight,648,joint-long-schema,0.99475,0.962,0.962,0.9951666666666666,1,0
fixed-eight,649,field-average,0.9945,0.9586666666666667,0.9586666666666667,0.9943333333333333,1,0
fixed-eight,649,whole-call,0.9945,0.9586666666666667,0.9586666666666667,0.9943333333333333,1,0
fixed-eight,649,joint-long-schema,0.9945,0.9586666666666667,0.9586666666666667,0.9943333333333333,1,0
fixed-eight,650,field-average,0.994625,0.9626666666666667,0.9626666666666667,0.9956666666666667,1,0
fixed-eight,650,whole-call,0.994625,0.9626666666666667,0.9626666666666667,0.9956666666666667,1,0
fixed-eight,650,joint-long-schema,0.994625,0.9626666666666667,0.9626666666666667,0.9956666666666667,1,0
fixed-eight,651,field-average,0.9944583333333333,0.9593333333333334,0.9593333333333334,0.9945,1,0
fixed-eight,651,whole-call,0.9944583333333333,0.9593333333333334,0.9593333333333334,0.9945,1,0
fixed-eight,651,joint-long-schema,0.9944583333333333,0.9593333333333334,0.9593333333333334,0.9945,1,0
fixed-eight,652,field-average,0.994,0.9586666666666667,0.9586666666666667,0.9941666666666666,1,0
fixed-eight,652,whole-call,0.994,0.9586666666666667,0.9586666666666667,0.9941666666666666,1,0
fixed-eight,652,joint-long-schema,0.994,0.9586666666666667,0.9586666666666667,0.9941666666666666,1,0
fixed-eight,653,field-average,0.9952916666666667,0.965,0.965,0.9956666666666667,1,0
fixed-eight,653,whole-call,0.9952916666666667,0.965,0.965,0.9956666666666667,1,0
fixed-eight,653,joint-long-schema,0.9952916666666667,0.965,0.965,0.9956666666666667,1,0
fixed-eight,654,field-average,0.995,0.9666666666666667,0.9666666666666667,0.996,1,0
fixed-eight,654,whole-call,0.995,0.9666666666666667,0.9666666666666667,0.996,1,0
fixed-eight,654,joint-long-schema,0.995,0.9666666666666667,0.9666666666666667,0.996,1,0
fixed-eight,655,field-average,0.99425,0.961,0.961,0.9951666666666666,1,0
fixed-eight,655,whole-call,0.99425,0.961,0.961,0.9951666666666666,1,0
fixed-eight,655,joint-long-schema,0.99425,0.961,0.961,0.9951666666666666,1,0
fixed-eight,656,field-average,0.9939583333333334,0.9583333333333334,0.9583333333333334,0.9938333333333333,1,0
fixed-eight,656,whole-call,0.9939583333333334,0.9583333333333334,0.9583333333333334,0.9938333333333333,1,0
fixed-eight,656,joint-long-schema,0.9939583333333334,0.9583333333333334,0.9583333333333334,0.9938333333333333,1,0
fixed-eight,657,field-average,0.99425,0.9593333333333334,0.9593333333333334,0.9926666666666667,1,0
fixed-eight,657,whole-call,0.99425,0.9593333333333334,0.9593333333333334,0.9926666666666667,1,0
fixed-eight,657,joint-long-schema,0.99425,0.9593333333333334,0.9593333333333334,0.9926666666666667,1,0
fixed-eight,658,field-average,0.994375,0.9606666666666667,0.9606666666666667,0.9936666666666667,1,0
fixed-eight,658,whole-call,0.994375,0.9606666666666667,0.9606666666666667,0.9936666666666667,1,0
fixed-eight,658,joint-long-schema,0.994375,0.9606666666666667,0.9606666666666667,0.9936666666666667,1,0
fixed-eight,659,field-average,0.9943333333333333,0.9626666666666667,0.9626666666666667,0.9941666666666666,1,0
fixed-eight,659,whole-call,0.9943333333333333,0.9626666666666667,0.9626666666666667,0.9941666666666666,1,0
fixed-eight,659,joint-long-schema,0.9943333333333333,0.9626666666666667,0.9626666666666667,0.9941666666666666,1,0
fixed-eight,660,field-average,0.993625,0.956,0.956,0.9945,1,0
fixed-eight,660,whole-call,0.993625,0.956,0.956,0.9945,1,0
fixed-eight,660,joint-long-schema,0.993625,0.956,0.956,0.9945,1,0
fixed-eight,661,field-average,0.9947083333333333,0.9623333333333334,0.9623333333333334,0.9955,1,0
fixed-eight,661,whole-call,0.9947083333333333,0.9623333333333334,0.9623333333333334,0.9955,1,0
fixed-eight,661,joint-long-schema,0.9947083333333333,0.9623333333333334,0.9623333333333334,0.9955,1,0
fixed-eight,662,field-average,0.9955833333333334,0.9676666666666667,0.9676666666666667,0.9955,1,0
fixed-eight,662,whole-call,0.9955833333333334,0.9676666666666667,0.9676666666666667,0.9955,1,0
fixed-eight,662,joint-long-schema,0.9955833333333334,0.9676666666666667,0.9676666666666667,0.9955,1,0
fixed-eight,663,field-average,0.994375,0.9603333333333334,0.9603333333333334,0.9953333333333333,1,0
fixed-eight,663,whole-call,0.994375,0.9603333333333334,0.9603333333333334,0.9953333333333333,1,0
fixed-eight,663,joint-long-schema,0.994375,0.9603333333333334,0.9603333333333334,0.9953333333333333,1,0
fixed-eight,664,field-average,0.9950416666666667,0.963,0.963,0.9946666666666667,1,0
fixed-eight,664,whole-call,0.9950416666666667,0.963,0.963,0.9946666666666667,1,0
fixed-eight,664,joint-long-schema,0.9950416666666667,0.963,0.963,0.9946666666666667,1,0
fixed-eight,665,field-average,0.9949583333333333,0.9643333333333334,0.9643333333333334,0.9943333333333333,1,0
fixed-eight,665,whole-call,0.9949583333333333,0.9643333333333334,0.9643333333333334,0.9943333333333333,1,0
fixed-eight,665,joint-long-schema,0.9949583333333333,0.9643333333333334,0.9643333333333334,0.9943333333333333,1,0
fixed-eight,666,field-average,0.994875,0.9653333333333334,0.9653333333333334,0.9945,1,0
fixed-eight,666,whole-call,0.994875,0.9653333333333334,0.9653333333333334,0.9945,1,0
fixed-eight,666,joint-long-schema,0.994875,0.9653333333333334,0.9653333333333334,0.9945,1,0
fixed-eight,667,field-average,0.9948333333333333,0.9626666666666667,0.9626666666666667,0.9948333333333333,1,0
fixed-eight,667,whole-call,0.9948333333333333,0.9626666666666667,0.9626666666666667,0.9948333333333333,1,0
fixed-eight,667,joint-long-schema,0.9948333333333333,0.9626666666666667,0.9626666666666667,0.9948333333333333,1,0
fixed-eight,668,field-average,0.9954166666666666,0.9663333333333334,0.9663333333333334,0.9951666666666666,1,0
fixed-eight,668,whole-call,0.9954166666666666,0.9663333333333334,0.9663333333333334,0.9951666666666666,1,0
fixed-eight,668,joint-long-schema,0.9954166666666666,0.9663333333333334,0.9663333333333334,0.9951666666666666,1,0
fixed-eight,669,field-average,0.995125,0.9653333333333334,0.9653333333333334,0.9955,1,0
fixed-eight,669,whole-call,0.995125,0.9653333333333334,0.9653333333333334,0.9955,1,0
fixed-eight,669,joint-long-schema,0.995125,0.9653333333333334,0.9653333333333334,0.9955,1,0
fixed-eight,670,field-average,0.9940416666666667,0.958,0.958,0.994,1,0
fixed-eight,670,whole-call,0.9940416666666667,0.958,0.958,0.994,1,0
fixed-eight,670,joint-long-schema,0.9940416666666667,0.958,0.958,0.994,1,0
fixed-eight,671,field-average,0.9944166666666666,0.963,0.963,0.995,1,0
fixed-eight,671,whole-call,0.9944166666666666,0.963,0.963,0.995,1,0
fixed-eight,671,joint-long-schema,0.9944166666666666,0.963,0.963,0.995,1,0
fixed-eight,672,field-average,0.994875,0.9616666666666667,0.9616666666666667,0.9948333333333333,1,0
fixed-eight,672,whole-call,0.994875,0.9616666666666667,0.9616666666666667,0.9948333333333333,1,0
fixed-eight,672,joint-long-schema,0.994875,0.9616666666666667,0.9616666666666667,0.9948333333333333,1,0
fixed-eight,673,field-average,0.9942916666666667,0.959,0.959,0.9943333333333333,1,0
fixed-eight,673,whole-call,0.9942916666666667,0.959,0.959,0.9943333333333333,1,0
fixed-eight,673,joint-long-schema,0.9942916666666667,0.959,0.959,0.9943333333333333,1,0
fixed-eight,674,field-average,0.99425,0.9593333333333334,0.9593333333333334,0.9938333333333333,1,0
fixed-eight,674,whole-call,0.99425,0.9593333333333334,0.9593333333333334,0.9938333333333333,1,0
fixed-eight,674,joint-long-schema,0.99425,0.9593333333333334,0.9593333333333334,0.9938333333333333,1,0
fixed-eight,675,field-average,0.9943333333333333,0.9616666666666667,0.9616666666666667,0.9941666666666666,1,0
fixed-eight,675,whole-call,0.9943333333333333,0.9616666666666667,0.9616666666666667,0.9941666666666666,1,0
fixed-eight,675,joint-long-schema,0.9943333333333333,0.9616666666666667,0.9616666666666667,0.9941666666666666,1,0
fixed-eight,676,field-average,0.9950833333333333,0.9656666666666667,0.9656666666666667,0.9955,1,0
fixed-eight,676,whole-call,0.9950833333333333,0.9656666666666667,0.9656666666666667,0.9955,1,0
fixed-eight,676,joint-long-schema,0.9950833333333333,0.9656666666666667,0.9656666666666667,0.9955,1,0
fixed-eight,677,field-average,0.9940416666666667,0.958,0.958,0.9931666666666666,1,0
fixed-eight,677,whole-call,0.9940416666666667,0.958,0.958,0.9931666666666666,1,0
fixed-eight,677,joint-long-schema,0.9940416666666667,0.958,0.958,0.9931666666666666,1,0
fixed-eight,678,field-average,0.995,0.9643333333333334,0.9643333333333334,0.9943333333333333,1,0
fixed-eight,678,whole-call,0.995,0.9643333333333334,0.9643333333333334,0.9943333333333333,1,0
fixed-eight,678,joint-long-schema,0.995,0.9643333333333334,0.9643333333333334,0.9943333333333333,1,0
fixed-eight,679,field-average,0.9940416666666667,0.9586666666666667,0.9586666666666667,0.9933333333333333,1,0
fixed-eight,679,whole-call,0.9940416666666667,0.9586666666666667,0.9586666666666667,0.9933333333333333,1,0
fixed-eight,679,joint-long-schema,0.9940416666666667,0.9586666666666667,0.9586666666666667,0.9933333333333333,1,0
fixed-eight,680,field-average,0.9949166666666667,0.965,0.965,0.9943333333333333,1,0
fixed-eight,680,whole-call,0.9949166666666667,0.965,0.965,0.9943333333333333,1,0
fixed-eight,680,joint-long-schema,0.9949166666666667,0.965,0.965,0.9943333333333333,1,0
fixed-eight,681,field-average,0.9949583333333333,0.962,0.962,0.9946666666666667,1,0
fixed-eight,681,whole-call,0.9949583333333333,0.962,0.962,0.9946666666666667,1,0
fixed-eight,681,joint-long-schema,0.9949583333333333,0.962,0.962,0.9946666666666667,1,0
fixed-eight,682,field-average,0.994375,0.9603333333333334,0.9603333333333334,0.9931666666666666,1,0
fixed-eight,682,whole-call,0.994375,0.9603333333333334,0.9603333333333334,0.9931666666666666,1,0
fixed-eight,682,joint-long-schema,0.994375,0.9603333333333334,0.9603333333333334,0.9931666666666666,1,0
fixed-eight,683,field-average,0.9945833333333334,0.9603333333333334,0.9603333333333334,0.9943333333333333,1,0
fixed-eight,683,whole-call,0.9945833333333334,0.9603333333333334,0.9603333333333334,0.9943333333333333,1,0
fixed-eight,683,joint-long-schema,0.9945833333333334,0.9603333333333334,0.9603333333333334,0.9943333333333333,1,0
fixed-eight,684,field-average,0.9954166666666666,0.9646666666666667,0.9646666666666667,0.9953333333333333,1,0
fixed-eight,684,whole-call,0.9954166666666666,0.9646666666666667,0.9646666666666667,0.9953333333333333,1,0
fixed-eight,684,joint-long-schema,0.9954166666666666,0.9646666666666667,0.9646666666666667,0.9953333333333333,1,0
fixed-eight,685,field-average,0.9930833333333333,0.954,0.954,0.9941666666666666,1,0
fixed-eight,685,whole-call,0.9930833333333333,0.954,0.954,0.9941666666666666,1,0
fixed-eight,685,joint-long-schema,0.9930833333333333,0.954,0.954,0.9941666666666666,1,0
fixed-eight,686,field-average,0.993375,0.954,0.954,0.9938333333333333,1,0
fixed-eight,686,whole-call,0.993375,0.954,0.954,0.9938333333333333,1,0
fixed-eight,686,joint-long-schema,0.993375,0.954,0.954,0.9938333333333333,1,0
fixed-eight,687,field-average,0.99525,0.9643333333333334,0.9643333333333334,0.9961666666666666,1,0
fixed-eight,687,whole-call,0.99525,0.9643333333333334,0.9643333333333334,0.9961666666666666,1,0
fixed-eight,687,joint-long-schema,0.99525,0.9643333333333334,0.9643333333333334,0.9961666666666666,1,0
fixed-eight,688,field-average,0.9940416666666667,0.9603333333333334,0.9603333333333334,0.9936666666666667,1,0
fixed-eight,688,whole-call,0.9940416666666667,0.9603333333333334,0.9603333333333334,0.9936666666666667,1,0
fixed-eight,688,joint-long-schema,0.9940416666666667,0.9603333333333334,0.9603333333333334,0.9936666666666667,1,0
fixed-eight,689,field-average,0.9958333333333333,0.9703333333333334,0.9703333333333334,0.9948333333333333,1,0
fixed-eight,689,whole-call,0.9958333333333333,0.9703333333333334,0.9703333333333334,0.9948333333333333,1,0
fixed-eight,689,joint-long-schema,0.9958333333333333,0.9703333333333334,0.9703333333333334,0.9948333333333333,1,0
fixed-eight,690,field-average,0.99425,0.9616666666666667,0.9616666666666667,0.994,1,0
fixed-eight,690,whole-call,0.99425,0.9616666666666667,0.9616666666666667,0.994,1,0
fixed-eight,690,joint-long-schema,0.99425,0.9616666666666667,0.9616666666666667,0.994,1,0
fixed-eight,691,field-average,0.994,0.9666666666666667,0.9666666666666667,0.9946666666666667,1,0
fixed-eight,691,whole-call,0.994,0.9666666666666667,0.9666666666666667,0.9946666666666667,1,0
fixed-eight,691,joint-long-schema,0.994,0.9666666666666667,0.9666666666666667,0.9946666666666667,1,0
fixed-eight,692,field-average,0.9953333333333333,0.9673333333333334,0.9673333333333334,0.994,1,0
fixed-eight,692,whole-call,0.9953333333333333,0.9673333333333334,0.9673333333333334,0.994,1,0
fixed-eight,692,joint-long-schema,0.9953333333333333,0.9673333333333334,0.9673333333333334,0.994,1,0
fixed-eight,693,field-average,0.9944583333333333,0.9613333333333334,0.9613333333333334,0.996,1,0
fixed-eight,693,whole-call,0.9944583333333333,0.9613333333333334,0.9613333333333334,0.996,1,0
fixed-eight,693,joint-long-schema,0.9944583333333333,0.9613333333333334,0.9613333333333334,0.996,1,0
fixed-eight,694,field-average,0.9943333333333333,0.96,0.96,0.9953333333333333,1,0
fixed-eight,694,whole-call,0.9943333333333333,0.96,0.96,0.9953333333333333,1,0
fixed-eight,694,joint-long-schema,0.9943333333333333,0.96,0.96,0.9953333333333333,1,0
fixed-eight,695,field-average,0.99375,0.9613333333333334,0.9613333333333334,0.9933333333333333,1,0
fixed-eight,695,whole-call,0.99375,0.9613333333333334,0.9613333333333334,0.9933333333333333,1,0
fixed-eight,695,joint-long-schema,0.99375,0.9613333333333334,0.9613333333333334,0.9933333333333333,1,0
fixed-eight,696,field-average,0.99475,0.961,0.961,0.9951666666666666,1,0
fixed-eight,696,whole-call,0.99475,0.961,0.961,0.9951666666666666,1,0
fixed-eight,696,joint-long-schema,0.99475,0.961,0.961,0.9951666666666666,1,0
fixed-eight,697,field-average,0.9950416666666667,0.9646666666666667,0.9646666666666667,0.9953333333333333,1,0
fixed-eight,697,whole-call,0.9950416666666667,0.9646666666666667,0.9646666666666667,0.9953333333333333,1,0
fixed-eight,697,joint-long-schema,0.9950416666666667,0.9646666666666667,0.9646666666666667,0.9953333333333333,1,0
fixed-eight,698,field-average,0.99525,0.966,0.966,0.9953333333333333,1,0
fixed-eight,698,whole-call,0.99525,0.966,0.966,0.9953333333333333,1,0
fixed-eight,698,joint-long-schema,0.99525,0.966,0.966,0.9953333333333333,1,0
fixed-eight,699,field-average,0.9945833333333334,0.96,0.96,0.9943333333333333,1,0
fixed-eight,699,whole-call,0.9945833333333334,0.96,0.96,0.9943333333333333,1,0
fixed-eight,699,joint-long-schema,0.9945833333333334,0.96,0.96,0.9943333333333333,1,0
fixed-eight,700,field-average,0.9940416666666667,0.959,0.959,0.993,1,0
fixed-eight,700,whole-call,0.9940416666666667,0.959,0.959,0.993,1,0
fixed-eight,700,joint-long-schema,0.9940416666666667,0.959,0.959,0.993,1,0
fixed-eight,701,field-average,0.9947083333333333,0.9613333333333334,0.9613333333333334,0.9943333333333333,1,0
fixed-eight,701,whole-call,0.9947083333333333,0.9613333333333334,0.9613333333333334,0.9943333333333333,1,0
fixed-eight,701,joint-long-schema,0.9947083333333333,0.9613333333333334,0.9613333333333334,0.9943333333333333,1,0
fixed-eight,702,field-average,0.9940833333333333,0.9616666666666667,0.9616666666666667,0.9926666666666667,1,0
fixed-eight,702,whole-call,0.9940833333333333,0.9616666666666667,0.9616666666666667,0.9926666666666667,1,0
fixed-eight,702,joint-long-schema,0.9940833333333333,0.9616666666666667,0.9616666666666667,0.9926666666666667,1,0
fixed-eight,703,field-average,0.9945,0.9626666666666667,0.9626666666666667,0.9958333333333333,1,0
fixed-eight,703,whole-call,0.9945,0.9626666666666667,0.9626666666666667,0.9958333333333333,1,0
fixed-eight,703,joint-long-schema,0.9945,0.9626666666666667,0.9626666666666667,0.9958333333333333,1,0
fixed-eight,704,field-average,0.9942083333333334,0.9623333333333334,0.9623333333333334,0.9936666666666667,1,0
fixed-eight,704,whole-call,0.9942083333333334,0.9623333333333334,0.9623333333333334,0.9936666666666667,1,0
fixed-eight,704,joint-long-schema,0.9942083333333334,0.9623333333333334,0.9623333333333334,0.9936666666666667,1,0
fixed-eight,705,field-average,0.994,0.9586666666666667,0.9586666666666667,0.9935,1,0
fixed-eight,705,whole-call,0.994,0.9586666666666667,0.9586666666666667,0.9935,1,0
fixed-eight,705,joint-long-schema,0.994,0.9586666666666667,0.9586666666666667,0.9935,1,0
fixed-eight,706,field-average,0.9942916666666667,0.9606666666666667,0.9606666666666667,0.9943333333333333,1,0
fixed-eight,706,whole-call,0.9942916666666667,0.9606666666666667,0.9606666666666667,0.9943333333333333,1,0
fixed-eight,706,joint-long-schema,0.9942916666666667,0.9606666666666667,0.9606666666666667,0.9943333333333333,1,0
fixed-eight,707,field-average,0.9951666666666666,0.967,0.967,0.9963333333333333,1,0
fixed-eight,707,whole-call,0.9951666666666666,0.967,0.967,0.9963333333333333,1,0
fixed-eight,707,joint-long-schema,0.9951666666666666,0.967,0.967,0.9963333333333333,1,0
fixed-eight,708,field-average,0.99475,0.9646666666666667,0.9646666666666667,0.995,1,0
fixed-eight,708,whole-call,0.99475,0.9646666666666667,0.9646666666666667,0.995,1,0
fixed-eight,708,joint-long-schema,0.99475,0.9646666666666667,0.9646666666666667,0.995,1,0
fixed-eight,709,field-average,0.9949583333333333,0.9653333333333334,0.9653333333333334,0.9955,1,0
fixed-eight,709,whole-call,0.9949583333333333,0.9653333333333334,0.9653333333333334,0.9955,1,0
fixed-eight,709,joint-long-schema,0.9949583333333333,0.9653333333333334,0.9653333333333334,0.9955,1,0
fixed-eight,710,field-average,0.9954166666666666,0.968,0.968,0.9955,1,0
fixed-eight,710,whole-call,0.9954166666666666,0.968,0.968,0.9955,1,0
fixed-eight,710,joint-long-schema,0.9954166666666666,0.968,0.968,0.9955,1,0
fixed-eight,711,field-average,0.9947916666666666,0.9673333333333334,0.9673333333333334,0.995,1,0
fixed-eight,711,whole-call,0.9947916666666666,0.9673333333333334,0.9673333333333334,0.995,1,0
fixed-eight,711,joint-long-schema,0.9947916666666666,0.9673333333333334,0.9673333333333334,0.995,1,0
fixed-eight,712,field-average,0.9954166666666666,0.9666666666666667,0.9666666666666667,0.9958333333333333,1,0
fixed-eight,712,whole-call,0.9954166666666666,0.9666666666666667,0.9666666666666667,0.9958333333333333,1,0
fixed-eight,712,joint-long-schema,0.9954166666666666,0.9666666666666667,0.9666666666666667,0.9958333333333333,1,0
fixed-eight,713,field-average,0.99475,0.9616666666666667,0.9616666666666667,0.994,1,0
fixed-eight,713,whole-call,0.99475,0.9616666666666667,0.9616666666666667,0.994,1,0
fixed-eight,713,joint-long-schema,0.99475,0.9616666666666667,0.9616666666666667,0.994,1,0
fixed-eight,714,field-average,0.9949583333333333,0.965,0.965,0.994,1,0
fixed-eight,714,whole-call,0.9949583333333333,0.965,0.965,0.994,1,0
fixed-eight,714,joint-long-schema,0.9949583333333333,0.965,0.965,0.994,1,0
fixed-eight,715,field-average,0.994125,0.961,0.961,0.9936666666666667,1,0
fixed-eight,715,whole-call,0.994125,0.961,0.961,0.9936666666666667,1,0
fixed-eight,715,joint-long-schema,0.994125,0.961,0.961,0.9936666666666667,1,0
fixed-eight,716,field-average,0.9932916666666667,0.9526666666666667,0.9526666666666667,0.9936666666666667,1,0
fixed-eight,716,whole-call,0.9932916666666667,0.9526666666666667,0.9526666666666667,0.9936666666666667,1,0
fixed-eight,716,joint-long-schema,0.9932916666666667,0.9526666666666667,0.9526666666666667,0.9936666666666667,1,0
fixed-eight,717,field-average,0.9948333333333333,0.962,0.962,0.9943333333333333,1,0
fixed-eight,717,whole-call,0.9948333333333333,0.962,0.962,0.9943333333333333,1,0
fixed-eight,717,joint-long-schema,0.9948333333333333,0.962,0.962,0.9943333333333333,1,0
fixed-eight,718,field-average,0.9945833333333334,0.9646666666666667,0.9646666666666667,0.9951666666666666,1,0
fixed-eight,718,whole-call,0.9945833333333334,0.9646666666666667,0.9646666666666667,0.9951666666666666,1,0
fixed-eight,718,joint-long-schema,0.9945833333333334,0.9646666666666667,0.9646666666666667,0.9951666666666666,1,0
fixed-eight,719,field-average,0.9950833333333333,0.9633333333333334,0.9633333333333334,0.996,1,0
fixed-eight,719,whole-call,0.9950833333333333,0.9633333333333334,0.9633333333333334,0.996,1,0
fixed-eight,719,joint-long-schema,0.9950833333333333,0.9633333333333334,0.9633333333333334,0.996,1,0
fixed-eight,720,field-average,0.993375,0.9563333333333334,0.9563333333333334,0.9928333333333333,1,0
fixed-eight,720,whole-call,0.993375,0.9563333333333334,0.9563333333333334,0.9928333333333333,1,0
fixed-eight,720,joint-long-schema,0.993375,0.9563333333333334,0.9563333333333334,0.9928333333333333,1,0
fixed-eight,721,field-average,0.99525,0.9676666666666667,0.9676666666666667,0.9961666666666666,1,0
fixed-eight,721,whole-call,0.99525,0.9676666666666667,0.9676666666666667,0.9961666666666666,1,0
fixed-eight,721,joint-long-schema,0.99525,0.9676666666666667,0.9676666666666667,0.9961666666666666,1,0
fixed-eight,722,field-average,0.9950833333333333,0.965,0.965,0.9946666666666667,1,0
fixed-eight,722,whole-call,0.9950833333333333,0.965,0.965,0.9946666666666667,1,0
fixed-eight,722,joint-long-schema,0.9950833333333333,0.965,0.965,0.9946666666666667,1,0
fixed-eight,723,field-average,0.9939166666666667,0.9586666666666667,0.9586666666666667,0.9945,1,0
fixed-eight,723,whole-call,0.9939166666666667,0.9586666666666667,0.9586666666666667,0.9945,1,0
fixed-eight,723,joint-long-schema,0.9939166666666667,0.9586666666666667,0.9586666666666667,0.9945,1,0
fixed-eight,724,field-average,0.9940833333333333,0.9596666666666667,0.9596666666666667,0.9928333333333333,1,0
fixed-eight,724,whole-call,0.9940833333333333,0.9596666666666667,0.9596666666666667,0.9928333333333333,1,0
fixed-eight,724,joint-long-schema,0.9940833333333333,0.9596666666666667,0.9596666666666667,0.9928333333333333,1,0
fixed-eight,725,field-average,0.9952083333333334,0.966,0.966,0.9946666666666667,1,0
fixed-eight,725,whole-call,0.9952083333333334,0.966,0.966,0.9946666666666667,1,0
fixed-eight,725,joint-long-schema,0.9952083333333334,0.966,0.966,0.9946666666666667,1,0
fixed-eight,726,field-average,0.9949166666666667,0.963,0.963,0.9953333333333333,1,0
fixed-eight,726,whole-call,0.9949166666666667,0.963,0.963,0.9953333333333333,1,0
fixed-eight,726,joint-long-schema,0.9949166666666667,0.963,0.963,0.9953333333333333,1,0
fixed-eight,727,field-average,0.9950833333333333,0.966,0.966,0.996,1,0
fixed-eight,727,whole-call,0.9950833333333333,0.966,0.966,0.996,1,0
fixed-eight,727,joint-long-schema,0.9950833333333333,0.966,0.966,0.996,1,0
fixed-eight,728,field-average,0.9936666666666667,0.9606666666666667,0.9606666666666667,0.9936666666666667,1,0
fixed-eight,728,whole-call,0.9936666666666667,0.9606666666666667,0.9606666666666667,0.9936666666666667,1,0
fixed-eight,728,joint-long-schema,0.9936666666666667,0.9606666666666667,0.9606666666666667,0.9936666666666667,1,0
fixed-eight,729,field-average,0.99425,0.9613333333333334,0.9613333333333334,0.9945,1,0
fixed-eight,729,whole-call,0.99425,0.9613333333333334,0.9613333333333334,0.9945,1,0
fixed-eight,729,joint-long-schema,0.99425,0.9613333333333334,0.9613333333333334,0.9945,1,0
fixed-eight,730,field-average,0.9942083333333334,0.9586666666666667,0.9586666666666667,0.9933333333333333,1,0
fixed-eight,730,whole-call,0.9942083333333334,0.9586666666666667,0.9586666666666667,0.9933333333333333,1,0
fixed-eight,730,joint-long-schema,0.9942083333333334,0.9586666666666667,0.9586666666666667,0.9933333333333333,1,0
fixed-eight,731,field-average,0.9946666666666667,0.9633333333333334,0.9633333333333334,0.9956666666666667,1,0
fixed-eight,731,whole-call,0.9946666666666667,0.9633333333333334,0.9633333333333334,0.9956666666666667,1,0
fixed-eight,731,joint-long-schema,0.9946666666666667,0.9633333333333334,0.9633333333333334,0.9956666666666667,1,0
fixed-eight,732,field-average,0.994,0.955,0.955,0.9941666666666666,1,0
fixed-eight,732,whole-call,0.994,0.955,0.955,0.9941666666666666,1,0
fixed-eight,732,joint-long-schema,0.994,0.955,0.955,0.9941666666666666,1,0
fixed-eight,733,field-average,0.9945416666666667,0.96,0.96,0.9948333333333333,1,0
fixed-eight,733,whole-call,0.9945416666666667,0.96,0.96,0.9948333333333333,1,0
fixed-eight,733,joint-long-schema,0.9945416666666667,0.96,0.96,0.9948333333333333,1,0
fixed-eight,734,field-average,0.9949583333333333,0.9663333333333334,0.9663333333333334,0.995,1,0
fixed-eight,734,whole-call,0.9949583333333333,0.9663333333333334,0.9663333333333334,0.995,1,0
fixed-eight,734,joint-long-schema,0.9949583333333333,0.9663333333333334,0.9663333333333334,0.995,1,0
fixed-eight,735,field-average,0.9949583333333333,0.963,0.963,0.9936666666666667,1,0
fixed-eight,735,whole-call,0.9949583333333333,0.963,0.963,0.9936666666666667,1,0
fixed-eight,735,joint-long-schema,0.9949583333333333,0.963,0.963,0.9936666666666667,1,0
fixed-eight,736,field-average,0.9948333333333333,0.9613333333333334,0.9613333333333334,0.9955,1,0
fixed-eight,736,whole-call,0.9948333333333333,0.9613333333333334,0.9613333333333334,0.9955,1,0
fixed-eight,736,joint-long-schema,0.9948333333333333,0.9613333333333334,0.9613333333333334,0.9955,1,0
fixed-eight,737,field-average,0.9939166666666667,0.9573333333333334,0.9573333333333334,0.9945,1,0
fixed-eight,737,whole-call,0.9939166666666667,0.9573333333333334,0.9573333333333334,0.9945,1,0
fixed-eight,737,joint-long-schema,0.9939166666666667,0.9573333333333334,0.9573333333333334,0.9945,1,0
fixed-eight,738,field-average,0.995125,0.9663333333333334,0.9663333333333334,0.9965,1,0
fixed-eight,738,whole-call,0.995125,0.9663333333333334,0.9663333333333334,0.9965,1,0
fixed-eight,738,joint-long-schema,0.995125,0.9663333333333334,0.9663333333333334,0.9965,1,0
fixed-eight,739,field-average,0.9944583333333333,0.9623333333333334,0.9623333333333334,0.994,1,0
fixed-eight,739,whole-call,0.9944583333333333,0.9623333333333334,0.9623333333333334,0.994,1,0
fixed-eight,739,joint-long-schema,0.9944583333333333,0.9623333333333334,0.9623333333333334,0.994,1,0
fixed-eight,740,field-average,0.995375,0.967,0.967,0.9961666666666666,1,0
fixed-eight,740,whole-call,0.995375,0.967,0.967,0.9961666666666666,1,0
fixed-eight,740,joint-long-schema,0.995375,0.967,0.967,0.9961666666666666,1,0
fixed-eight,741,field-average,0.99375,0.9563333333333334,0.9563333333333334,0.9928333333333333,1,0
fixed-eight,741,whole-call,0.99375,0.9563333333333334,0.9563333333333334,0.9928333333333333,1,0
fixed-eight,741,joint-long-schema,0.99375,0.9563333333333334,0.9563333333333334,0.9928333333333333,1,0
fixed-eight,742,field-average,0.9942083333333334,0.963,0.963,0.9931666666666666,1,0
fixed-eight,742,whole-call,0.9942083333333334,0.963,0.963,0.9931666666666666,1,0
fixed-eight,742,joint-long-schema,0.9942083333333334,0.963,0.963,0.9931666666666666,1,0
fixed-eight,743,field-average,0.9941666666666666,0.9606666666666667,0.9606666666666667,0.993,1,0
fixed-eight,743,whole-call,0.9941666666666666,0.9606666666666667,0.9606666666666667,0.993,1,0
fixed-eight,743,joint-long-schema,0.9941666666666666,0.9606666666666667,0.9606666666666667,0.993,1,0
fixed-eight,744,field-average,0.9945416666666667,0.9603333333333334,0.9603333333333334,0.9938333333333333,1,0
fixed-eight,744,whole-call,0.9945416666666667,0.9603333333333334,0.9603333333333334,0.9938333333333333,1,0
fixed-eight,744,joint-long-schema,0.9945416666666667,0.9603333333333334,0.9603333333333334,0.9938333333333333,1,0
fixed-eight,745,field-average,0.9939166666666667,0.9563333333333334,0.9563333333333334,0.9961666666666666,1,0
fixed-eight,745,whole-call,0.9939166666666667,0.9563333333333334,0.9563333333333334,0.9961666666666666,1,0
fixed-eight,745,joint-long-schema,0.9939166666666667,0.9563333333333334,0.9563333333333334,0.9961666666666666,1,0
fixed-eight,746,field-average,0.9949583333333333,0.9646666666666667,0.9646666666666667,0.9948333333333333,1,0
fixed-eight,746,whole-call,0.9949583333333333,0.9646666666666667,0.9646666666666667,0.9948333333333333,1,0
fixed-eight,746,joint-long-schema,0.9949583333333333,0.9646666666666667,0.9646666666666667,0.9948333333333333,1,0
fixed-eight,747,field-average,0.995375,0.9653333333333334,0.9653333333333334,0.9953333333333333,1,0
fixed-eight,747,whole-call,0.995375,0.9653333333333334,0.9653333333333334,0.9953333333333333,1,0
fixed-eight,747,joint-long-schema,0.995375,0.9653333333333334,0.9653333333333334,0.9953333333333333,1,0
fixed-eight,748,field-average,0.9944166666666666,0.9596666666666667,0.9596666666666667,0.994,1,0
fixed-eight,748,whole-call,0.9944166666666666,0.9596666666666667,0.9596666666666667,0.994,1,0
fixed-eight,748,joint-long-schema,0.9944166666666666,0.9596666666666667,0.9596666666666667,0.994,1,0
fixed-eight,749,field-average,0.9939583333333334,0.9586666666666667,0.9586666666666667,0.994,1,0
fixed-eight,749,whole-call,0.9939583333333334,0.9586666666666667,0.9586666666666667,0.994,1,0
fixed-eight,749,joint-long-schema,0.9939583333333334,0.9586666666666667,0.9586666666666667,0.994,1,0
fixed-eight,750,field-average,0.9939166666666667,0.957,0.957,0.9955,1,0
fixed-eight,750,whole-call,0.9939166666666667,0.957,0.957,0.9955,1,0
fixed-eight,750,joint-long-schema,0.9939166666666667,0.957,0.957,0.9955,1,0
fixed-eight,751,field-average,0.9949583333333333,0.964,0.964,0.9941666666666666,1,0
fixed-eight,751,whole-call,0.9949583333333333,0.964,0.964,0.9941666666666666,1,0
fixed-eight,751,joint-long-schema,0.9949583333333333,0.964,0.964,0.9941666666666666,1,0
fixed-eight,752,field-average,0.9949583333333333,0.9643333333333334,0.9643333333333334,0.9958333333333333,1,0
fixed-eight,752,whole-call,0.9949583333333333,0.9643333333333334,0.9643333333333334,0.9958333333333333,1,0
fixed-eight,752,joint-long-schema,0.9949583333333333,0.9643333333333334,0.9643333333333334,0.9958333333333333,1,0
fixed-eight,753,field-average,0.9944166666666666,0.962,0.962,0.9948333333333333,1,0
fixed-eight,753,whole-call,0.9944166666666666,0.962,0.962,0.9948333333333333,1,0
fixed-eight,753,joint-long-schema,0.9944166666666666,0.962,0.962,0.9948333333333333,1,0
fixed-eight,754,field-average,0.9942916666666667,0.9623333333333334,0.9623333333333334,0.9955,1,0
fixed-eight,754,whole-call,0.9942916666666667,0.9623333333333334,0.9623333333333334,0.9955,1,0
fixed-eight,754,joint-long-schema,0.9942916666666667,0.9623333333333334,0.9623333333333334,0.9955,1,0
fixed-eight,755,field-average,0.9949166666666667,0.9656666666666667,0.9656666666666667,0.9948333333333333,1,0
fixed-eight,755,whole-call,0.9949166666666667,0.9656666666666667,0.9656666666666667,0.9948333333333333,1,0
fixed-eight,755,joint-long-schema,0.9949166666666667,0.9656666666666667,0.9656666666666667,0.9948333333333333,1,0
fixed-eight,756,field-average,0.99375,0.957,0.957,0.9935,1,0
fixed-eight,756,whole-call,0.99375,0.957,0.957,0.9935,1,0
fixed-eight,756,joint-long-schema,0.99375,0.957,0.957,0.9935,1,0
fixed-eight,757,field-average,0.9945,0.959,0.959,0.994,1,0
fixed-eight,757,whole-call,0.9945,0.959,0.959,0.994,1,0
fixed-eight,757,joint-long-schema,0.9945,0.959,0.959,0.994,1,0
fixed-eight,758,field-average,0.9948333333333333,0.9626666666666667,0.9626666666666667,0.9938333333333333,1,0
fixed-eight,758,whole-call,0.9948333333333333,0.9626666666666667,0.9626666666666667,0.9938333333333333,1,0
fixed-eight,758,joint-long-schema,0.9948333333333333,0.9626666666666667,0.9626666666666667,0.9938333333333333,1,0
fixed-eight,759,field-average,0.993375,0.9533333333333334,0.9533333333333334,0.9935,1,0
fixed-eight,759,whole-call,0.993375,0.9533333333333334,0.9533333333333334,0.9935,1,0
fixed-eight,759,joint-long-schema,0.993375,0.9533333333333334,0.9533333333333334,0.9935,1,0
fixed-eight,760,field-average,0.9944583333333333,0.9626666666666667,0.9626666666666667,0.995,1,0
fixed-eight,760,whole-call,0.9944583333333333,0.9626666666666667,0.9626666666666667,0.995,1,0
fixed-eight,760,joint-long-schema,0.9944583333333333,0.9626666666666667,0.9626666666666667,0.995,1,0
fixed-eight,761,field-average,0.9948333333333333,0.9636666666666667,0.9636666666666667,0.9953333333333333,1,0
fixed-eight,761,whole-call,0.9948333333333333,0.9636666666666667,0.9636666666666667,0.9953333333333333,1,0
fixed-eight,761,joint-long-schema,0.9948333333333333,0.9636666666666667,0.9636666666666667,0.9953333333333333,1,0
fixed-eight,762,field-average,0.9945,0.9606666666666667,0.9606666666666667,0.994,1,0
fixed-eight,762,whole-call,0.9945,0.9606666666666667,0.9606666666666667,0.994,1,0
fixed-eight,762,joint-long-schema,0.9945,0.9606666666666667,0.9606666666666667,0.994,1,0
fixed-eight,763,field-average,0.994375,0.9616666666666667,0.9616666666666667,0.9943333333333333,1,0
fixed-eight,763,whole-call,0.994375,0.9616666666666667,0.9616666666666667,0.9943333333333333,1,0
fixed-eight,763,joint-long-schema,0.994375,0.9616666666666667,0.9616666666666667,0.9943333333333333,1,0
fixed-eight,764,field-average,0.99525,0.9673333333333334,0.9673333333333334,0.9958333333333333,1,0
fixed-eight,764,whole-call,0.99525,0.9673333333333334,0.9673333333333334,0.9958333333333333,1,0
fixed-eight,764,joint-long-schema,0.99525,0.9673333333333334,0.9673333333333334,0.9958333333333333,1,0
fixed-eight,765,field-average,0.993125,0.955,0.955,0.9926666666666667,1,0
fixed-eight,765,whole-call,0.993125,0.955,0.955,0.9926666666666667,1,0
fixed-eight,765,joint-long-schema,0.993125,0.955,0.955,0.9926666666666667,1,0
fixed-eight,766,field-average,0.994375,0.9613333333333334,0.9613333333333334,0.9943333333333333,1,0
fixed-eight,766,whole-call,0.994375,0.9613333333333334,0.9613333333333334,0.9943333333333333,1,0
fixed-eight,766,joint-long-schema,0.994375,0.9613333333333334,0.9613333333333334,0.9943333333333333,1,0
fixed-eight,767,field-average,0.9940833333333333,0.962,0.962,0.9946666666666667,1,0
fixed-eight,767,whole-call,0.9940833333333333,0.962,0.962,0.9946666666666667,1,0
fixed-eight,767,joint-long-schema,0.9940833333333333,0.962,0.962,0.9946666666666667,1,0
fixed-eight,768,field-average,0.994625,0.961,0.961,0.9951666666666666,1,0
fixed-eight,768,whole-call,0.994625,0.961,0.961,0.9951666666666666,1,0
fixed-eight,768,joint-long-schema,0.994625,0.961,0.961,0.9951666666666666,1,0
fixed-eight,769,field-average,0.9947083333333333,0.9626666666666667,0.9626666666666667,0.9933333333333333,1,0
fixed-eight,769,whole-call,0.9947083333333333,0.9626666666666667,0.9626666666666667,0.9933333333333333,1,0
fixed-eight,769,joint-long-schema,0.9947083333333333,0.9626666666666667,0.9626666666666667,0.9933333333333333,1,0
fixed-eight,770,field-average,0.9946666666666667,0.9633333333333334,0.9633333333333334,0.995,1,0
fixed-eight,770,whole-call,0.9946666666666667,0.9633333333333334,0.9633333333333334,0.995,1,0
fixed-eight,770,joint-long-schema,0.9946666666666667,0.9633333333333334,0.9633333333333334,0.995,1,0
fixed-eight,771,field-average,0.9950416666666667,0.965,0.965,0.9955,1,0
fixed-eight,771,whole-call,0.9950416666666667,0.965,0.965,0.9955,1,0
fixed-eight,771,joint-long-schema,0.9950416666666667,0.965,0.965,0.9955,1,0
fixed-eight,772,field-average,0.995125,0.9636666666666667,0.9636666666666667,0.9938333333333333,1,0
fixed-eight,772,whole-call,0.995125,0.9636666666666667,0.9636666666666667,0.9938333333333333,1,0
fixed-eight,772,joint-long-schema,0.995125,0.9636666666666667,0.9636666666666667,0.9938333333333333,1,0
fixed-eight,773,field-average,0.9944166666666666,0.963,0.963,0.9951666666666666,1,0
fixed-eight,773,whole-call,0.9944166666666666,0.963,0.963,0.9951666666666666,1,0
fixed-eight,773,joint-long-schema,0.9944166666666666,0.963,0.963,0.9951666666666666,1,0
fixed-eight,774,field-average,0.994875,0.9633333333333334,0.9633333333333334,0.9941666666666666,1,0
fixed-eight,774,whole-call,0.994875,0.9633333333333334,0.9633333333333334,0.9941666666666666,1,0
fixed-eight,774,joint-long-schema,0.994875,0.9633333333333334,0.9633333333333334,0.9941666666666666,1,0
fixed-eight,775,field-average,0.9935416666666667,0.9623333333333334,0.9623333333333334,0.9945,1,0
fixed-eight,775,whole-call,0.9935416666666667,0.9623333333333334,0.9623333333333334,0.9945,1,0
fixed-eight,775,joint-long-schema,0.9935416666666667,0.9623333333333334,0.9623333333333334,0.9945,1,0
fixed-eight,776,field-average,0.995625,0.9676666666666667,0.9676666666666667,0.9951666666666666,1,0
fixed-eight,776,whole-call,0.995625,0.9676666666666667,0.9676666666666667,0.9951666666666666,1,0
fixed-eight,776,joint-long-schema,0.995625,0.9676666666666667,0.9676666666666667,0.9951666666666666,1,0
fixed-eight,777,field-average,0.9940833333333333,0.959,0.959,0.9938333333333333,1,0
fixed-eight,777,whole-call,0.9940833333333333,0.959,0.959,0.9938333333333333,1,0
fixed-eight,777,joint-long-schema,0.9940833333333333,0.959,0.959,0.9938333333333333,1,0
fixed-eight,778,field-average,0.9943333333333333,0.9576666666666667,0.9576666666666667,0.9946666666666667,1,0
fixed-eight,778,whole-call,0.9943333333333333,0.9576666666666667,0.9576666666666667,0.9946666666666667,1,0
fixed-eight,778,joint-long-schema,0.9943333333333333,0.9576666666666667,0.9576666666666667,0.9946666666666667,1,0
fixed-eight,779,field-average,0.994375,0.962,0.962,0.9956666666666667,1,0
fixed-eight,779,whole-call,0.994375,0.962,0.962,0.9956666666666667,1,0
fixed-eight,779,joint-long-schema,0.994375,0.962,0.962,0.9956666666666667,1,0
fixed-eight,780,field-average,0.9945416666666667,0.9603333333333334,0.9603333333333334,0.995,1,0
fixed-eight,780,whole-call,0.9945416666666667,0.9603333333333334,0.9603333333333334,0.995,1,0
fixed-eight,780,joint-long-schema,0.9945416666666667,0.9603333333333334,0.9603333333333334,0.995,1,0
fixed-eight,781,field-average,0.9949166666666667,0.9653333333333334,0.9653333333333334,0.9945,1,0
fixed-eight,781,whole-call,0.9949166666666667,0.9653333333333334,0.9653333333333334,0.9945,1,0
fixed-eight,781,joint-long-schema,0.9949166666666667,0.9653333333333334,0.9653333333333334,0.9945,1,0
fixed-eight,782,field-average,0.994375,0.962,0.962,0.995,1,0
fixed-eight,782,whole-call,0.994375,0.962,0.962,0.995,1,0
fixed-eight,782,joint-long-schema,0.994375,0.962,0.962,0.995,1,0
fixed-eight,783,field-average,0.9946666666666667,0.962,0.962,0.9943333333333333,1,0
fixed-eight,783,whole-call,0.9946666666666667,0.962,0.962,0.9943333333333333,1,0
fixed-eight,783,joint-long-schema,0.9946666666666667,0.962,0.962,0.9943333333333333,1,0
fixed-eight,784,field-average,0.9941666666666666,0.9583333333333334,0.9583333333333334,0.9955,1,0
fixed-eight,784,whole-call,0.9941666666666666,0.9583333333333334,0.9583333333333334,0.9955,1,0
fixed-eight,784,joint-long-schema,0.9941666666666666,0.9583333333333334,0.9583333333333334,0.9955,1,0
fixed-eight,785,field-average,0.9954583333333333,0.9676666666666667,0.9676666666666667,0.996,1,0
fixed-eight,785,whole-call,0.9954583333333333,0.9676666666666667,0.9676666666666667,0.996,1,0
fixed-eight,785,joint-long-schema,0.9954583333333333,0.9676666666666667,0.9676666666666667,0.996,1,0
fixed-eight,786,field-average,0.9954166666666666,0.9663333333333334,0.9663333333333334,0.996,1,0
fixed-eight,786,whole-call,0.9954166666666666,0.9663333333333334,0.9663333333333334,0.996,1,0
fixed-eight,786,joint-long-schema,0.9954166666666666,0.9663333333333334,0.9663333333333334,0.996,1,0
fixed-eight,787,field-average,0.9944166666666666,0.961,0.961,0.9948333333333333,1,0
fixed-eight,787,whole-call,0.9944166666666666,0.961,0.961,0.9948333333333333,1,0
fixed-eight,787,joint-long-schema,0.9944166666666666,0.961,0.961,0.9948333333333333,1,0
fixed-eight,788,field-average,0.9939166666666667,0.9563333333333334,0.9563333333333334,0.9945,1,0
fixed-eight,788,whole-call,0.9939166666666667,0.9563333333333334,0.9563333333333334,0.9945,1,0
fixed-eight,788,joint-long-schema,0.9939166666666667,0.9563333333333334,0.9563333333333334,0.9945,1,0
fixed-eight,789,field-average,0.9953333333333333,0.9653333333333334,0.9653333333333334,0.9956666666666667,1,0
fixed-eight,789,whole-call,0.9953333333333333,0.9653333333333334,0.9653333333333334,0.9956666666666667,1,0
fixed-eight,789,joint-long-schema,0.9953333333333333,0.9653333333333334,0.9653333333333334,0.9956666666666667,1,0
fixed-eight,790,field-average,0.99425,0.9586666666666667,0.9586666666666667,0.995,1,0
fixed-eight,790,whole-call,0.99425,0.9586666666666667,0.9586666666666667,0.995,1,0
fixed-eight,790,joint-long-schema,0.99425,0.9586666666666667,0.9586666666666667,0.995,1,0
fixed-eight,791,field-average,0.9944166666666666,0.9613333333333334,0.9613333333333334,0.9948333333333333,1,0
fixed-eight,791,whole-call,0.9944166666666666,0.9613333333333334,0.9613333333333334,0.9948333333333333,1,0
fixed-eight,791,joint-long-schema,0.9944166666666666,0.9613333333333334,0.9613333333333334,0.9948333333333333,1,0
fixed-eight,792,field-average,0.994625,0.959,0.959,0.9936666666666667,1,0
fixed-eight,792,whole-call,0.994625,0.959,0.959,0.9936666666666667,1,0
fixed-eight,792,joint-long-schema,0.994625,0.959,0.959,0.9936666666666667,1,0
fixed-eight,793,field-average,0.9948333333333333,0.964,0.964,0.9955,1,0
fixed-eight,793,whole-call,0.9948333333333333,0.964,0.964,0.9955,1,0
fixed-eight,793,joint-long-schema,0.9948333333333333,0.964,0.964,0.9955,1,0
fixed-eight,794,field-average,0.994125,0.9596666666666667,0.9596666666666667,0.9928333333333333,1,0
fixed-eight,794,whole-call,0.994125,0.9596666666666667,0.9596666666666667,0.9928333333333333,1,0
fixed-eight,794,joint-long-schema,0.994125,0.9596666666666667,0.9596666666666667,0.9928333333333333,1,0
fixed-eight,795,field-average,0.9945416666666667,0.9586666666666667,0.9586666666666667,0.9938333333333333,1,0
fixed-eight,795,whole-call,0.9945416666666667,0.9586666666666667,0.9586666666666667,0.9938333333333333,1,0
fixed-eight,795,joint-long-schema,0.9945416666666667,0.9586666666666667,0.9586666666666667,0.9938333333333333,1,0
fixed-eight,796,field-average,0.9940416666666667,0.9596666666666667,0.9596666666666667,0.9938333333333333,1,0
fixed-eight,796,whole-call,0.9940416666666667,0.9596666666666667,0.9596666666666667,0.9938333333333333,1,0
fixed-eight,796,joint-long-schema,0.9940416666666667,0.9596666666666667,0.9596666666666667,0.9938333333333333,1,0
fixed-eight,797,field-average,0.9949166666666667,0.9646666666666667,0.9646666666666667,0.9951666666666666,1,0
fixed-eight,797,whole-call,0.9949166666666667,0.9646666666666667,0.9646666666666667,0.9951666666666666,1,0
fixed-eight,797,joint-long-schema,0.9949166666666667,0.9646666666666667,0.9646666666666667,0.9951666666666666,1,0
fixed-eight,798,field-average,0.995,0.965,0.965,0.9938333333333333,1,0
fixed-eight,798,whole-call,0.995,0.965,0.965,0.9938333333333333,1,0
fixed-eight,798,joint-long-schema,0.995,0.965,0.965,0.9938333333333333,1,0
fixed-eight,799,field-average,0.9943333333333333,0.96,0.96,0.9938333333333333,1,0
fixed-eight,799,whole-call,0.9943333333333333,0.96,0.96,0.9938333333333333,1,0
fixed-eight,799,joint-long-schema,0.9943333333333333,0.96,0.96,0.9938333333333333,1,0
one-field-control,0,field-average,0.9943333333333333,0.9943333333333333,0.9943333333333333,0.9943333333333333,1,0
one-field-control,0,whole-call,0.9943333333333333,0.9943333333333333,0.9943333333333333,0.9943333333333333,1,0
one-field-control,0,joint-long-schema,0.9943333333333333,0.9943333333333333,0.9943333333333333,0.9943333333333333,1,0
one-field-control,1,field-average,0.9923333333333333,0.9923333333333333,0.9923333333333333,0.9923333333333333,1,0
one-field-control,1,whole-call,0.9923333333333333,0.9923333333333333,0.9923333333333333,0.9923333333333333,1,0
one-field-control,1,joint-long-schema,0.9923333333333333,0.9923333333333333,0.9923333333333333,0.9923333333333333,1,0
one-field-control,2,field-average,0.9913333333333333,0.9913333333333333,0.9913333333333333,0.9913333333333333,1,0
one-field-control,2,whole-call,0.9913333333333333,0.9913333333333333,0.9913333333333333,0.9913333333333333,1,0
one-field-control,2,joint-long-schema,0.9913333333333333,0.9913333333333333,0.9913333333333333,0.9913333333333333,1,0
one-field-control,3,field-average,0.9936666666666667,0.9936666666666667,0.9936666666666667,0.9936666666666667,1,0
one-field-control,3,whole-call,0.9936666666666667,0.9936666666666667,0.9936666666666667,0.9936666666666667,1,0
one-field-control,3,joint-long-schema,0.9936666666666667,0.9936666666666667,0.9936666666666667,0.9936666666666667,1,0
one-field-control,4,field-average,0.9956666666666667,0.9956666666666667,0.9956666666666667,0.9956666666666667,1,0
one-field-control,4,whole-call,0.9956666666666667,0.9956666666666667,0.9956666666666667,0.9956666666666667,1,0
one-field-control,4,joint-long-schema,0.9956666666666667,0.9956666666666667,0.9956666666666667,0.9956666666666667,1,0
one-field-control,5,field-average,0.9953333333333333,0.9953333333333333,0.9953333333333333,0.9953333333333333,1,0
one-field-control,5,whole-call,0.9953333333333333,0.9953333333333333,0.9953333333333333,0.9953333333333333,1,0
one-field-control,5,joint-long-schema,0.9953333333333333,0.9953333333333333,0.9953333333333333,0.9953333333333333,1,0
one-field-control,6,field-average,0.9976666666666667,0.9976666666666667,0.9976666666666667,0.9976666666666667,1,0
one-field-control,6,whole-call,0.9976666666666667,0.9976666666666667,0.9976666666666667,0.9976666666666667,1,0
one-field-control,6,joint-long-schema,0.9976666666666667,0.9976666666666667,0.9976666666666667,0.9976666666666667,1,0
one-field-control,7,field-average,0.996,0.996,0.996,0.996,1,0
one-field-control,7,whole-call,0.996,0.996,0.996,0.996,1,0
one-field-control,7,joint-long-schema,0.996,0.996,0.996,0.996,1,0
one-field-control,8,field-average,0.9963333333333333,0.9963333333333333,0.9963333333333333,0.9963333333333333,1,0
one-field-control,8,whole-call,0.9963333333333333,0.9963333333333333,0.9963333333333333,0.9963333333333333,1,0
one-field-control,8,joint-long-schema,0.9963333333333333,0.9963333333333333,0.9963333333333333,0.9963333333333333,1,0
one-field-control,9,field-average,0.9953333333333333,0.9953333333333333,0.9953333333333333,0.9953333333333333,1,0
one-field-control,9,whole-call,0.9953333333333333,0.9953333333333333,0.9953333333333333,0.9953333333333333,1,0
one-field-control,9,joint-long-schema,0.9953333333333333,0.9953333333333333,0.9953333333333333,0.9953333333333333,1,0
one-field-control,10,field-average,0.996,0.996,0.996,0.996,1,0
one-field-control,10,whole-call,0.996,0.996,0.996,0.996,1,0
one-field-control,10,joint-long-schema,0.996,0.996,0.996,0.996,1,0
one-field-control,11,field-average,0.9936666666666667,0.9936666666666667,0.9936666666666667,0.9936666666666667,1,0
one-field-control,11,whole-call,0.9936666666666667,0.9936666666666667,0.9936666666666667,0.9936666666666667,1,0
one-field-control,11,joint-long-schema,0.9936666666666667,0.9936666666666667,0.9936666666666667,0.9936666666666667,1,0
one-field-control,12,field-average,0.993,0.993,0.993,0.993,1,0
one-field-control,12,whole-call,0.993,0.993,0.993,0.993,1,0
one-field-control,12,joint-long-schema,0.993,0.993,0.993,0.993,1,0
one-field-control,13,field-average,0.995,0.995,0.995,0.995,1,0
one-field-control,13,whole-call,0.995,0.995,0.995,0.995,1,0
one-field-control,13,joint-long-schema,0.995,0.995,0.995,0.995,1,0
one-field-control,14,field-average,0.996,0.996,0.996,0.996,1,0
one-field-control,14,whole-call,0.996,0.996,0.996,0.996,1,0
one-field-control,14,joint-long-schema,0.996,0.996,0.996,0.996,1,0
one-field-control,15,field-average,0.994,0.994,0.994,0.994,1,0
one-field-control,15,whole-call,0.994,0.994,0.994,0.994,1,0
one-field-control,15,joint-long-schema,0.994,0.994,0.994,0.994,1,0
one-field-control,16,field-average,0.9953333333333333,0.9953333333333333,0.9953333333333333,0.9953333333333333,1,0
one-field-control,16,whole-call,0.9953333333333333,0.9953333333333333,0.9953333333333333,0.9953333333333333,1,0
one-field-control,16,joint-long-schema,0.9953333333333333,0.9953333333333333,0.9953333333333333,0.9953333333333333,1,0
one-field-control,17,field-average,0.9966666666666667,0.9966666666666667,0.9966666666666667,0.9966666666666667,1,0
one-field-control,17,whole-call,0.9966666666666667,0.9966666666666667,0.9966666666666667,0.9966666666666667,1,0
one-field-control,17,joint-long-schema,0.9966666666666667,0.9966666666666667,0.9966666666666667,0.9966666666666667,1,0
one-field-control,18,field-average,0.993,0.993,0.993,0.993,1,0
one-field-control,18,whole-call,0.993,0.993,0.993,0.993,1,0
one-field-control,18,joint-long-schema,0.993,0.993,0.993,0.993,1,0
one-field-control,19,field-average,0.995,0.995,0.995,0.995,1,0
one-field-control,19,whole-call,0.995,0.995,0.995,0.995,1,0
one-field-control,19,joint-long-schema,0.995,0.995,0.995,0.995,1,0
one-field-control,20,field-average,0.9956666666666667,0.9956666666666667,0.9956666666666667,0.9956666666666667,1,0
one-field-control,20,whole-call,0.9956666666666667,0.9956666666666667,0.9956666666666667,0.9956666666666667,1,0
one-field-control,20,joint-long-schema,0.9956666666666667,0.9956666666666667,0.9956666666666667,0.9956666666666667,1,0
one-field-control,21,field-average,0.995,0.995,0.995,0.995,1,0
one-field-control,21,whole-call,0.995,0.995,0.995,0.995,1,0
one-field-control,21,joint-long-schema,0.995,0.995,0.995,0.995,1,0
one-field-control,22,field-average,0.9926666666666667,0.9926666666666667,0.9926666666666667,0.9926666666666667,1,0
one-field-control,22,whole-call,0.9926666666666667,0.9926666666666667,0.9926666666666667,0.9926666666666667,1,0
one-field-control,22,joint-long-schema,0.9926666666666667,0.9926666666666667,0.9926666666666667,0.9926666666666667,1,0
one-field-control,23,field-average,0.9936666666666667,0.9936666666666667,0.9936666666666667,0.9936666666666667,1,0
one-field-control,23,whole-call,0.9936666666666667,0.9936666666666667,0.9936666666666667,0.9936666666666667,1,0
one-field-control,23,joint-long-schema,0.9936666666666667,0.9936666666666667,0.9936666666666667,0.9936666666666667,1,0
one-field-control,24,field-average,0.9936666666666667,0.9936666666666667,0.9936666666666667,0.9936666666666667,1,0
one-field-control,24,whole-call,0.9936666666666667,0.9936666666666667,0.9936666666666667,0.9936666666666667,1,0
one-field-control,24,joint-long-schema,0.9936666666666667,0.9936666666666667,0.9936666666666667,0.9936666666666667,1,0
one-field-control,25,field-average,0.993,0.993,0.993,0.993,1,0
one-field-control,25,whole-call,0.993,0.993,0.993,0.993,1,0
one-field-control,25,joint-long-schema,0.993,0.993,0.993,0.993,1,0
one-field-control,26,field-average,0.996,0.996,0.996,0.996,1,0
one-field-control,26,whole-call,0.996,0.996,0.996,0.996,1,0
one-field-control,26,joint-long-schema,0.996,0.996,0.996,0.996,1,0
one-field-control,27,field-average,0.9913333333333333,0.9913333333333333,0.9913333333333333,0.9913333333333333,1,0
one-field-control,27,whole-call,0.9913333333333333,0.9913333333333333,0.9913333333333333,0.9913333333333333,1,0
one-field-control,27,joint-long-schema,0.9913333333333333,0.9913333333333333,0.9913333333333333,0.9913333333333333,1,0
one-field-control,28,field-average,0.9943333333333333,0.9943333333333333,0.9943333333333333,0.9943333333333333,1,0
one-field-control,28,whole-call,0.9943333333333333,0.9943333333333333,0.9943333333333333,0.9943333333333333,1,0
one-field-control,28,joint-long-schema,0.9943333333333333,0.9943333333333333,0.9943333333333333,0.9943333333333333,1,0
one-field-control,29,field-average,0.9956666666666667,0.9956666666666667,0.9956666666666667,0.9956666666666667,1,0
one-field-control,29,whole-call,0.9956666666666667,0.9956666666666667,0.9956666666666667,0.9956666666666667,1,0
one-field-control,29,joint-long-schema,0.9956666666666667,0.9956666666666667,0.9956666666666667,0.9956666666666667,1,0
one-field-control,30,field-average,0.996,0.996,0.996,0.996,1,0
one-field-control,30,whole-call,0.996,0.996,0.996,0.996,1,0
one-field-control,30,joint-long-schema,0.996,0.996,0.996,0.996,1,0
one-field-control,31,field-average,0.993,0.993,0.993,0.993,1,0
one-field-control,31,whole-call,0.993,0.993,0.993,0.993,1,0
one-field-control,31,joint-long-schema,0.993,0.993,0.993,0.993,1,0
one-field-control,32,field-average,0.9936666666666667,0.9936666666666667,0.9936666666666667,0.9936666666666667,1,0
one-field-control,32,whole-call,0.9936666666666667,0.9936666666666667,0.9936666666666667,0.9936666666666667,1,0
one-field-control,32,joint-long-schema,0.9936666666666667,0.9936666666666667,0.9936666666666667,0.9936666666666667,1,0
one-field-control,33,field-average,0.9953333333333333,0.9953333333333333,0.9953333333333333,0.9953333333333333,1,0
one-field-control,33,whole-call,0.9953333333333333,0.9953333333333333,0.9953333333333333,0.9953333333333333,1,0
one-field-control,33,joint-long-schema,0.9953333333333333,0.9953333333333333,0.9953333333333333,0.9953333333333333,1,0
one-field-control,34,field-average,0.996,0.996,0.996,0.996,1,0
one-field-control,34,whole-call,0.996,0.996,0.996,0.996,1,0
one-field-control,34,joint-long-schema,0.996,0.996,0.996,0.996,1,0
one-field-control,35,field-average,0.9946666666666667,0.9946666666666667,0.9946666666666667,0.9946666666666667,1,0
one-field-control,35,whole-call,0.9946666666666667,0.9946666666666667,0.9946666666666667,0.9946666666666667,1,0
one-field-control,35,joint-long-schema,0.9946666666666667,0.9946666666666667,0.9946666666666667,0.9946666666666667,1,0
one-field-control,36,field-average,0.995,0.995,0.995,0.995,1,0
one-field-control,36,whole-call,0.995,0.995,0.995,0.995,1,0
one-field-control,36,joint-long-schema,0.995,0.995,0.995,0.995,1,0
one-field-control,37,field-average,0.9913333333333333,0.9913333333333333,0.9913333333333333,0.9913333333333333,1,0
one-field-control,37,whole-call,0.9913333333333333,0.9913333333333333,0.9913333333333333,0.9913333333333333,1,0
one-field-control,37,joint-long-schema,0.9913333333333333,0.9913333333333333,0.9913333333333333,0.9913333333333333,1,0
one-field-control,38,field-average,0.9936666666666667,0.9936666666666667,0.9936666666666667,0.9936666666666667,1,0
one-field-control,38,whole-call,0.9936666666666667,0.9936666666666667,0.9936666666666667,0.9936666666666667,1,0
one-field-control,38,joint-long-schema,0.9936666666666667,0.9936666666666667,0.9936666666666667,0.9936666666666667,1,0
one-field-control,39,field-average,0.9946666666666667,0.9946666666666667,0.9946666666666667,0.9946666666666667,1,0
one-field-control,39,whole-call,0.9946666666666667,0.9946666666666667,0.9946666666666667,0.9946666666666667,1,0
one-field-control,39,joint-long-schema,0.9946666666666667,0.9946666666666667,0.9946666666666667,0.9946666666666667,1,0
one-field-control,40,field-average,0.9943333333333333,0.9943333333333333,0.9943333333333333,0.9943333333333333,1,0
one-field-control,40,whole-call,0.9943333333333333,0.9943333333333333,0.9943333333333333,0.9943333333333333,1,0
one-field-control,40,joint-long-schema,0.9943333333333333,0.9943333333333333,0.9943333333333333,0.9943333333333333,1,0
one-field-control,41,field-average,0.995,0.995,0.995,0.995,1,0
one-field-control,41,whole-call,0.995,0.995,0.995,0.995,1,0
one-field-control,41,joint-long-schema,0.995,0.995,0.995,0.995,1,0
one-field-control,42,field-average,0.9943333333333333,0.9943333333333333,0.9943333333333333,0.9943333333333333,1,0
one-field-control,42,whole-call,0.9943333333333333,0.9943333333333333,0.9943333333333333,0.9943333333333333,1,0
one-field-control,42,joint-long-schema,0.9943333333333333,0.9943333333333333,0.9943333333333333,0.9943333333333333,1,0
one-field-control,43,field-average,0.9923333333333333,0.9923333333333333,0.9923333333333333,0.9923333333333333,1,0
one-field-control,43,whole-call,0.9923333333333333,0.9923333333333333,0.9923333333333333,0.9923333333333333,1,0
one-field-control,43,joint-long-schema,0.9923333333333333,0.9923333333333333,0.9923333333333333,0.9923333333333333,1,0
one-field-control,44,field-average,0.9953333333333333,0.9953333333333333,0.9953333333333333,0.9953333333333333,1,0
one-field-control,44,whole-call,0.9953333333333333,0.9953333333333333,0.9953333333333333,0.9953333333333333,1,0
one-field-control,44,joint-long-schema,0.9953333333333333,0.9953333333333333,0.9953333333333333,0.9953333333333333,1,0
one-field-control,45,field-average,0.9933333333333333,0.9933333333333333,0.9933333333333333,0.9933333333333333,1,0
one-field-control,45,whole-call,0.9933333333333333,0.9933333333333333,0.9933333333333333,0.9933333333333333,1,0
one-field-control,45,joint-long-schema,0.9933333333333333,0.9933333333333333,0.9933333333333333,0.9933333333333333,1,0
one-field-control,46,field-average,0.9963333333333333,0.9963333333333333,0.9963333333333333,0.9963333333333333,1,0
one-field-control,46,whole-call,0.9963333333333333,0.9963333333333333,0.9963333333333333,0.9963333333333333,1,0
one-field-control,46,joint-long-schema,0.9963333333333333,0.9963333333333333,0.9963333333333333,0.9963333333333333,1,0
one-field-control,47,field-average,0.995,0.995,0.995,0.995,1,0
one-field-control,47,whole-call,0.995,0.995,0.995,0.995,1,0
one-field-control,47,joint-long-schema,0.995,0.995,0.995,0.995,1,0
one-field-control,48,field-average,0.9933333333333333,0.9933333333333333,0.9933333333333333,0.9933333333333333,1,0
one-field-control,48,whole-call,0.9933333333333333,0.9933333333333333,0.9933333333333333,0.9933333333333333,1,0
one-field-control,48,joint-long-schema,0.9933333333333333,0.9933333333333333,0.9933333333333333,0.9933333333333333,1,0
one-field-control,49,field-average,0.994,0.994,0.994,0.994,1,0
one-field-control,49,whole-call,0.994,0.994,0.994,0.994,1,0
one-field-control,49,joint-long-schema,0.994,0.994,0.994,0.994,1,0
one-field-control,50,field-average,0.994,0.994,0.994,0.994,1,0
one-field-control,50,whole-call,0.994,0.994,0.994,0.994,1,0
one-field-control,50,joint-long-schema,0.994,0.994,0.994,0.994,1,0
one-field-control,51,field-average,0.996,0.996,0.996,0.996,1,0
one-field-control,51,whole-call,0.996,0.996,0.996,0.996,1,0
one-field-control,51,joint-long-schema,0.996,0.996,0.996,0.996,1,0
one-field-control,52,field-average,0.9916666666666667,0.9916666666666667,0.9916666666666667,0.9916666666666667,1,0
one-field-control,52,whole-call,0.9916666666666667,0.9916666666666667,0.9916666666666667,0.9916666666666667,1,0
one-field-control,52,joint-long-schema,0.9916666666666667,0.9916666666666667,0.9916666666666667,0.9916666666666667,1,0
one-field-control,53,field-average,0.9973333333333333,0.9973333333333333,0.9973333333333333,0.9973333333333333,1,0
one-field-control,53,whole-call,0.9973333333333333,0.9973333333333333,0.9973333333333333,0.9973333333333333,1,0
one-field-control,53,joint-long-schema,0.9973333333333333,0.9973333333333333,0.9973333333333333,0.9973333333333333,1,0
one-field-control,54,field-average,0.996,0.996,0.996,0.996,1,0
one-field-control,54,whole-call,0.996,0.996,0.996,0.996,1,0
one-field-control,54,joint-long-schema,0.996,0.996,0.996,0.996,1,0
one-field-control,55,field-average,0.9936666666666667,0.9936666666666667,0.9936666666666667,0.9936666666666667,1,0
one-field-control,55,whole-call,0.9936666666666667,0.9936666666666667,0.9936666666666667,0.9936666666666667,1,0
one-field-control,55,joint-long-schema,0.9936666666666667,0.9936666666666667,0.9936666666666667,0.9936666666666667,1,0
one-field-control,56,field-average,0.9953333333333333,0.9953333333333333,0.9953333333333333,0.9953333333333333,1,0
one-field-control,56,whole-call,0.9953333333333333,0.9953333333333333,0.9953333333333333,0.9953333333333333,1,0
one-field-control,56,joint-long-schema,0.9953333333333333,0.9953333333333333,0.9953333333333333,0.9953333333333333,1,0
one-field-control,57,field-average,0.993,0.993,0.993,0.993,1,0
one-field-control,57,whole-call,0.993,0.993,0.993,0.993,1,0
one-field-control,57,joint-long-schema,0.993,0.993,0.993,0.993,1,0
one-field-control,58,field-average,0.9946666666666667,0.9946666666666667,0.9946666666666667,0.9946666666666667,1,0
one-field-control,58,whole-call,0.9946666666666667,0.9946666666666667,0.9946666666666667,0.9946666666666667,1,0
one-field-control,58,joint-long-schema,0.9946666666666667,0.9946666666666667,0.9946666666666667,0.9946666666666667,1,0
one-field-control,59,field-average,0.9946666666666667,0.9946666666666667,0.9946666666666667,0.9946666666666667,1,0
one-field-control,59,whole-call,0.9946666666666667,0.9946666666666667,0.9946666666666667,0.9946666666666667,1,0
one-field-control,59,joint-long-schema,0.9946666666666667,0.9946666666666667,0.9946666666666667,0.9946666666666667,1,0
one-field-control,60,field-average,0.993,0.993,0.993,0.993,1,0
one-field-control,60,whole-call,0.993,0.993,0.993,0.993,1,0
one-field-control,60,joint-long-schema,0.993,0.993,0.993,0.993,1,0
one-field-control,61,field-average,0.995,0.995,0.995,0.995,1,0
one-field-control,61,whole-call,0.995,0.995,0.995,0.995,1,0
one-field-control,61,joint-long-schema,0.995,0.995,0.995,0.995,1,0
one-field-control,62,field-average,0.9956666666666667,0.9956666666666667,0.9956666666666667,0.9956666666666667,1,0
one-field-control,62,whole-call,0.9956666666666667,0.9956666666666667,0.9956666666666667,0.9956666666666667,1,0
one-field-control,62,joint-long-schema,0.9956666666666667,0.9956666666666667,0.9956666666666667,0.9956666666666667,1,0
one-field-control,63,field-average,0.9926666666666667,0.9926666666666667,0.9926666666666667,0.9926666666666667,1,0
one-field-control,63,whole-call,0.9926666666666667,0.9926666666666667,0.9926666666666667,0.9926666666666667,1,0
one-field-control,63,joint-long-schema,0.9926666666666667,0.9926666666666667,0.9926666666666667,0.9926666666666667,1,0
one-field-control,64,field-average,0.997,0.997,0.997,0.997,1,0
one-field-control,64,whole-call,0.997,0.997,0.997,0.997,1,0
one-field-control,64,joint-long-schema,0.997,0.997,0.997,0.997,1,0
one-field-control,65,field-average,0.9926666666666667,0.9926666666666667,0.9926666666666667,0.9926666666666667,1,0
one-field-control,65,whole-call,0.9926666666666667,0.9926666666666667,0.9926666666666667,0.9926666666666667,1,0
one-field-control,65,joint-long-schema,0.9926666666666667,0.9926666666666667,0.9926666666666667,0.9926666666666667,1,0
one-field-control,66,field-average,0.9946666666666667,0.9946666666666667,0.9946666666666667,0.9946666666666667,1,0
one-field-control,66,whole-call,0.9946666666666667,0.9946666666666667,0.9946666666666667,0.9946666666666667,1,0
one-field-control,66,joint-long-schema,0.9946666666666667,0.9946666666666667,0.9946666666666667,0.9946666666666667,1,0
one-field-control,67,field-average,0.9953333333333333,0.9953333333333333,0.9953333333333333,0.9953333333333333,1,0
one-field-control,67,whole-call,0.9953333333333333,0.9953333333333333,0.9953333333333333,0.9953333333333333,1,0
one-field-control,67,joint-long-schema,0.9953333333333333,0.9953333333333333,0.9953333333333333,0.9953333333333333,1,0
one-field-control,68,field-average,0.9933333333333333,0.9933333333333333,0.9933333333333333,0.9933333333333333,1,0
one-field-control,68,whole-call,0.9933333333333333,0.9933333333333333,0.9933333333333333,0.9933333333333333,1,0
one-field-control,68,joint-long-schema,0.9933333333333333,0.9933333333333333,0.9933333333333333,0.9933333333333333,1,0
one-field-control,69,field-average,0.995,0.995,0.995,0.995,1,0
one-field-control,69,whole-call,0.995,0.995,0.995,0.995,1,0
one-field-control,69,joint-long-schema,0.995,0.995,0.995,0.995,1,0
one-field-control,70,field-average,0.992,0.992,0.992,0.992,1,0
one-field-control,70,whole-call,0.992,0.992,0.992,0.992,1,0
one-field-control,70,joint-long-schema,0.992,0.992,0.992,0.992,1,0
one-field-control,71,field-average,0.9923333333333333,0.9923333333333333,0.9923333333333333,0.9923333333333333,1,0
one-field-control,71,whole-call,0.9923333333333333,0.9923333333333333,0.9923333333333333,0.9923333333333333,1,0
one-field-control,71,joint-long-schema,0.9923333333333333,0.9923333333333333,0.9923333333333333,0.9923333333333333,1,0
one-field-control,72,field-average,0.9943333333333333,0.9943333333333333,0.9943333333333333,0.9943333333333333,1,0
one-field-control,72,whole-call,0.9943333333333333,0.9943333333333333,0.9943333333333333,0.9943333333333333,1,0
one-field-control,72,joint-long-schema,0.9943333333333333,0.9943333333333333,0.9943333333333333,0.9943333333333333,1,0
one-field-control,73,field-average,0.9953333333333333,0.9953333333333333,0.9953333333333333,0.9953333333333333,1,0
one-field-control,73,whole-call,0.9953333333333333,0.9953333333333333,0.9953333333333333,0.9953333333333333,1,0
one-field-control,73,joint-long-schema,0.9953333333333333,0.9953333333333333,0.9953333333333333,0.9953333333333333,1,0
one-field-control,74,field-average,0.994,0.994,0.994,0.994,1,0
one-field-control,74,whole-call,0.994,0.994,0.994,0.994,1,0
one-field-control,74,joint-long-schema,0.994,0.994,0.994,0.994,1,0
one-field-control,75,field-average,0.994,0.994,0.994,0.994,1,0
one-field-control,75,whole-call,0.994,0.994,0.994,0.994,1,0
one-field-control,75,joint-long-schema,0.994,0.994,0.994,0.994,1,0
one-field-control,76,field-average,0.9923333333333333,0.9923333333333333,0.9923333333333333,0.9923333333333333,1,0
one-field-control,76,whole-call,0.9923333333333333,0.9923333333333333,0.9923333333333333,0.9923333333333333,1,0
one-field-control,76,joint-long-schema,0.9923333333333333,0.9923333333333333,0.9923333333333333,0.9923333333333333,1,0
one-field-control,77,field-average,0.9956666666666667,0.9956666666666667,0.9956666666666667,0.9956666666666667,1,0
one-field-control,77,whole-call,0.9956666666666667,0.9956666666666667,0.9956666666666667,0.9956666666666667,1,0
one-field-control,77,joint-long-schema,0.9956666666666667,0.9956666666666667,0.9956666666666667,0.9956666666666667,1,0
one-field-control,78,field-average,0.9963333333333333,0.9963333333333333,0.9963333333333333,0.9963333333333333,1,0
one-field-control,78,whole-call,0.9963333333333333,0.9963333333333333,0.9963333333333333,0.9963333333333333,1,0
one-field-control,78,joint-long-schema,0.9963333333333333,0.9963333333333333,0.9963333333333333,0.9963333333333333,1,0
one-field-control,79,field-average,0.9933333333333333,0.9933333333333333,0.9933333333333333,0.9933333333333333,1,0
one-field-control,79,whole-call,0.9933333333333333,0.9933333333333333,0.9933333333333333,0.9933333333333333,1,0
one-field-control,79,joint-long-schema,0.9933333333333333,0.9933333333333333,0.9933333333333333,0.9933333333333333,1,0
one-field-control,80,field-average,0.9943333333333333,0.9943333333333333,0.9943333333333333,0.9943333333333333,1,0
one-field-control,80,whole-call,0.9943333333333333,0.9943333333333333,0.9943333333333333,0.9943333333333333,1,0
one-field-control,80,joint-long-schema,0.9943333333333333,0.9943333333333333,0.9943333333333333,0.9943333333333333,1,0
one-field-control,81,field-average,0.9953333333333333,0.9953333333333333,0.9953333333333333,0.9953333333333333,1,0
one-field-control,81,whole-call,0.9953333333333333,0.9953333333333333,0.9953333333333333,0.9953333333333333,1,0
one-field-control,81,joint-long-schema,0.9953333333333333,0.9953333333333333,0.9953333333333333,0.9953333333333333,1,0
one-field-control,82,field-average,0.9943333333333333,0.9943333333333333,0.9943333333333333,0.9943333333333333,1,0
one-field-control,82,whole-call,0.9943333333333333,0.9943333333333333,0.9943333333333333,0.9943333333333333,1,0
one-field-control,82,joint-long-schema,0.9943333333333333,0.9943333333333333,0.9943333333333333,0.9943333333333333,1,0
one-field-control,83,field-average,0.9946666666666667,0.9946666666666667,0.9946666666666667,0.9946666666666667,1,0
one-field-control,83,whole-call,0.9946666666666667,0.9946666666666667,0.9946666666666667,0.9946666666666667,1,0
one-field-control,83,joint-long-schema,0.9946666666666667,0.9946666666666667,0.9946666666666667,0.9946666666666667,1,0
one-field-control,84,field-average,0.993,0.993,0.993,0.993,1,0
one-field-control,84,whole-call,0.993,0.993,0.993,0.993,1,0
one-field-control,84,joint-long-schema,0.993,0.993,0.993,0.993,1,0
one-field-control,85,field-average,0.9926666666666667,0.9926666666666667,0.9926666666666667,0.9926666666666667,1,0
one-field-control,85,whole-call,0.9926666666666667,0.9926666666666667,0.9926666666666667,0.9926666666666667,1,0
one-field-control,85,joint-long-schema,0.9926666666666667,0.9926666666666667,0.9926666666666667,0.9926666666666667,1,0
one-field-control,86,field-average,0.9943333333333333,0.9943333333333333,0.9943333333333333,0.9943333333333333,1,0
one-field-control,86,whole-call,0.9943333333333333,0.9943333333333333,0.9943333333333333,0.9943333333333333,1,0
one-field-control,86,joint-long-schema,0.9943333333333333,0.9943333333333333,0.9943333333333333,0.9943333333333333,1,0
one-field-control,87,field-average,0.9946666666666667,0.9946666666666667,0.9946666666666667,0.9946666666666667,1,0
one-field-control,87,whole-call,0.9946666666666667,0.9946666666666667,0.9946666666666667,0.9946666666666667,1,0
one-field-control,87,joint-long-schema,0.9946666666666667,0.9946666666666667,0.9946666666666667,0.9946666666666667,1,0
one-field-control,88,field-average,0.9933333333333333,0.9933333333333333,0.9933333333333333,0.9933333333333333,1,0
one-field-control,88,whole-call,0.9933333333333333,0.9933333333333333,0.9933333333333333,0.9933333333333333,1,0
one-field-control,88,joint-long-schema,0.9933333333333333,0.9933333333333333,0.9933333333333333,0.9933333333333333,1,0
one-field-control,89,field-average,0.9943333333333333,0.9943333333333333,0.9943333333333333,0.9943333333333333,1,0
one-field-control,89,whole-call,0.9943333333333333,0.9943333333333333,0.9943333333333333,0.9943333333333333,1,0
one-field-control,89,joint-long-schema,0.9943333333333333,0.9943333333333333,0.9943333333333333,0.9943333333333333,1,0
one-field-control,90,field-average,0.994,0.994,0.994,0.994,1,0
one-field-control,90,whole-call,0.994,0.994,0.994,0.994,1,0
one-field-control,90,joint-long-schema,0.994,0.994,0.994,0.994,1,0
one-field-control,91,field-average,0.996,0.996,0.996,0.996,1,0
one-field-control,91,whole-call,0.996,0.996,0.996,0.996,1,0
one-field-control,91,joint-long-schema,0.996,0.996,0.996,0.996,1,0
one-field-control,92,field-average,0.9946666666666667,0.9946666666666667,0.9946666666666667,0.9946666666666667,1,0
one-field-control,92,whole-call,0.9946666666666667,0.9946666666666667,0.9946666666666667,0.9946666666666667,1,0
one-field-control,92,joint-long-schema,0.9946666666666667,0.9946666666666667,0.9946666666666667,0.9946666666666667,1,0
one-field-control,93,field-average,0.9946666666666667,0.9946666666666667,0.9946666666666667,0.9946666666666667,1,0
one-field-control,93,whole-call,0.9946666666666667,0.9946666666666667,0.9946666666666667,0.9946666666666667,1,0
one-field-control,93,joint-long-schema,0.9946666666666667,0.9946666666666667,0.9946666666666667,0.9946666666666667,1,0
one-field-control,94,field-average,0.9973333333333333,0.9973333333333333,0.9973333333333333,0.9973333333333333,1,0
one-field-control,94,whole-call,0.9973333333333333,0.9973333333333333,0.9973333333333333,0.9973333333333333,1,0
one-field-control,94,joint-long-schema,0.9973333333333333,0.9973333333333333,0.9973333333333333,0.9973333333333333,1,0
one-field-control,95,field-average,0.9953333333333333,0.9953333333333333,0.9953333333333333,0.9953333333333333,1,0
one-field-control,95,whole-call,0.9953333333333333,0.9953333333333333,0.9953333333333333,0.9953333333333333,1,0
one-field-control,95,joint-long-schema,0.9953333333333333,0.9953333333333333,0.9953333333333333,0.9953333333333333,1,0
one-field-control,96,field-average,0.9936666666666667,0.9936666666666667,0.9936666666666667,0.9936666666666667,1,0
one-field-control,96,whole-call,0.9936666666666667,0.9936666666666667,0.9936666666666667,0.9936666666666667,1,0
one-field-control,96,joint-long-schema,0.9936666666666667,0.9936666666666667,0.9936666666666667,0.9936666666666667,1,0
one-field-control,97,field-average,0.9936666666666667,0.9936666666666667,0.9936666666666667,0.9936666666666667,1,0
one-field-control,97,whole-call,0.9936666666666667,0.9936666666666667,0.9936666666666667,0.9936666666666667,1,0
one-field-control,97,joint-long-schema,0.9936666666666667,0.9936666666666667,0.9936666666666667,0.9936666666666667,1,0
one-field-control,98,field-average,0.9956666666666667,0.9956666666666667,0.9956666666666667,0.9956666666666667,1,0
one-field-control,98,whole-call,0.9956666666666667,0.9956666666666667,0.9956666666666667,0.9956666666666667,1,0
one-field-control,98,joint-long-schema,0.9956666666666667,0.9956666666666667,0.9956666666666667,0.9956666666666667,1,0
one-field-control,99,field-average,0.994,0.994,0.994,0.994,1,0
one-field-control,99,whole-call,0.994,0.994,0.994,0.994,1,0
one-field-control,99,joint-long-schema,0.994,0.994,0.994,0.994,1,0
one-field-control,100,field-average,0.9956666666666667,0.9956666666666667,0.9956666666666667,0.9956666666666667,1,0
one-field-control,100,whole-call,0.9956666666666667,0.9956666666666667,0.9956666666666667,0.9956666666666667,1,0
one-field-control,100,joint-long-schema,0.9956666666666667,0.9956666666666667,0.9956666666666667,0.9956666666666667,1,0
one-field-control,101,field-average,0.995,0.995,0.995,0.995,1,0
one-field-control,101,whole-call,0.995,0.995,0.995,0.995,1,0
one-field-control,101,joint-long-schema,0.995,0.995,0.995,0.995,1,0
one-field-control,102,field-average,0.996,0.996,0.996,0.996,1,0
one-field-control,102,whole-call,0.996,0.996,0.996,0.996,1,0
one-field-control,102,joint-long-schema,0.996,0.996,0.996,0.996,1,0
one-field-control,103,field-average,0.993,0.993,0.993,0.993,1,0
one-field-control,103,whole-call,0.993,0.993,0.993,0.993,1,0
one-field-control,103,joint-long-schema,0.993,0.993,0.993,0.993,1,0
one-field-control,104,field-average,0.9936666666666667,0.9936666666666667,0.9936666666666667,0.9936666666666667,1,0
one-field-control,104,whole-call,0.9936666666666667,0.9936666666666667,0.9936666666666667,0.9936666666666667,1,0
one-field-control,104,joint-long-schema,0.9936666666666667,0.9936666666666667,0.9936666666666667,0.9936666666666667,1,0
one-field-control,105,field-average,0.9946666666666667,0.9946666666666667,0.9946666666666667,0.9946666666666667,1,0
one-field-control,105,whole-call,0.9946666666666667,0.9946666666666667,0.9946666666666667,0.9946666666666667,1,0
one-field-control,105,joint-long-schema,0.9946666666666667,0.9946666666666667,0.9946666666666667,0.9946666666666667,1,0
one-field-control,106,field-average,0.9926666666666667,0.9926666666666667,0.9926666666666667,0.9926666666666667,1,0
one-field-control,106,whole-call,0.9926666666666667,0.9926666666666667,0.9926666666666667,0.9926666666666667,1,0
one-field-control,106,joint-long-schema,0.9926666666666667,0.9926666666666667,0.9926666666666667,0.9926666666666667,1,0
one-field-control,107,field-average,0.9946666666666667,0.9946666666666667,0.9946666666666667,0.9946666666666667,1,0
one-field-control,107,whole-call,0.9946666666666667,0.9946666666666667,0.9946666666666667,0.9946666666666667,1,0
one-field-control,107,joint-long-schema,0.9946666666666667,0.9946666666666667,0.9946666666666667,0.9946666666666667,1,0
one-field-control,108,field-average,0.993,0.993,0.993,0.993,1,0
one-field-control,108,whole-call,0.993,0.993,0.993,0.993,1,0
one-field-control,108,joint-long-schema,0.993,0.993,0.993,0.993,1,0
one-field-control,109,field-average,0.994,0.994,0.994,0.994,1,0
one-field-control,109,whole-call,0.994,0.994,0.994,0.994,1,0
one-field-control,109,joint-long-schema,0.994,0.994,0.994,0.994,1,0
one-field-control,110,field-average,0.9956666666666667,0.9956666666666667,0.9956666666666667,0.9956666666666667,1,0
one-field-control,110,whole-call,0.9956666666666667,0.9956666666666667,0.9956666666666667,0.9956666666666667,1,0
one-field-control,110,joint-long-schema,0.9956666666666667,0.9956666666666667,0.9956666666666667,0.9956666666666667,1,0
one-field-control,111,field-average,0.995,0.995,0.995,0.995,1,0
one-field-control,111,whole-call,0.995,0.995,0.995,0.995,1,0
one-field-control,111,joint-long-schema,0.995,0.995,0.995,0.995,1,0
one-field-control,112,field-average,0.9976666666666667,0.9976666666666667,0.9976666666666667,0.9976666666666667,1,0
one-field-control,112,whole-call,0.9976666666666667,0.9976666666666667,0.9976666666666667,0.9976666666666667,1,0
one-field-control,112,joint-long-schema,0.9976666666666667,0.9976666666666667,0.9976666666666667,0.9976666666666667,1,0
one-field-control,113,field-average,0.995,0.995,0.995,0.995,1,0
one-field-control,113,whole-call,0.995,0.995,0.995,0.995,1,0
one-field-control,113,joint-long-schema,0.995,0.995,0.995,0.995,1,0
one-field-control,114,field-average,0.9936666666666667,0.9936666666666667,0.9936666666666667,0.9936666666666667,1,0
one-field-control,114,whole-call,0.9936666666666667,0.9936666666666667,0.9936666666666667,0.9936666666666667,1,0
one-field-control,114,joint-long-schema,0.9936666666666667,0.9936666666666667,0.9936666666666667,0.9936666666666667,1,0
one-field-control,115,field-average,0.9946666666666667,0.9946666666666667,0.9946666666666667,0.9946666666666667,1,0
one-field-control,115,whole-call,0.9946666666666667,0.9946666666666667,0.9946666666666667,0.9946666666666667,1,0
one-field-control,115,joint-long-schema,0.9946666666666667,0.9946666666666667,0.9946666666666667,0.9946666666666667,1,0
one-field-control,116,field-average,0.9926666666666667,0.9926666666666667,0.9926666666666667,0.9926666666666667,1,0
one-field-control,116,whole-call,0.9926666666666667,0.9926666666666667,0.9926666666666667,0.9926666666666667,1,0
one-field-control,116,joint-long-schema,0.9926666666666667,0.9926666666666667,0.9926666666666667,0.9926666666666667,1,0
one-field-control,117,field-average,0.9933333333333333,0.9933333333333333,0.9933333333333333,0.9933333333333333,1,0
one-field-control,117,whole-call,0.9933333333333333,0.9933333333333333,0.9933333333333333,0.9933333333333333,1,0
one-field-control,117,joint-long-schema,0.9933333333333333,0.9933333333333333,0.9933333333333333,0.9933333333333333,1,0
one-field-control,118,field-average,0.9946666666666667,0.9946666666666667,0.9946666666666667,0.9946666666666667,1,0
one-field-control,118,whole-call,0.9946666666666667,0.9946666666666667,0.9946666666666667,0.9946666666666667,1,0
one-field-control,118,joint-long-schema,0.9946666666666667,0.9946666666666667,0.9946666666666667,0.9946666666666667,1,0
one-field-control,119,field-average,0.9936666666666667,0.9936666666666667,0.9936666666666667,0.9936666666666667,1,0
one-field-control,119,whole-call,0.9936666666666667,0.9936666666666667,0.9936666666666667,0.9936666666666667,1,0
one-field-control,119,joint-long-schema,0.9936666666666667,0.9936666666666667,0.9936666666666667,0.9936666666666667,1,0
one-field-control,120,field-average,0.996,0.996,0.996,0.996,1,0
one-field-control,120,whole-call,0.996,0.996,0.996,0.996,1,0
one-field-control,120,joint-long-schema,0.996,0.996,0.996,0.996,1,0
one-field-control,121,field-average,0.9956666666666667,0.9956666666666667,0.9956666666666667,0.9956666666666667,1,0
one-field-control,121,whole-call,0.9956666666666667,0.9956666666666667,0.9956666666666667,0.9956666666666667,1,0
one-field-control,121,joint-long-schema,0.9956666666666667,0.9956666666666667,0.9956666666666667,0.9956666666666667,1,0
one-field-control,122,field-average,0.993,0.993,0.993,0.993,1,0
one-field-control,122,whole-call,0.993,0.993,0.993,0.993,1,0
one-field-control,122,joint-long-schema,0.993,0.993,0.993,0.993,1,0
one-field-control,123,field-average,0.9933333333333333,0.9933333333333333,0.9933333333333333,0.9933333333333333,1,0
one-field-control,123,whole-call,0.9933333333333333,0.9933333333333333,0.9933333333333333,0.9933333333333333,1,0
one-field-control,123,joint-long-schema,0.9933333333333333,0.9933333333333333,0.9933333333333333,0.9933333333333333,1,0
one-field-control,124,field-average,0.9953333333333333,0.9953333333333333,0.9953333333333333,0.9953333333333333,1,0
one-field-control,124,whole-call,0.9953333333333333,0.9953333333333333,0.9953333333333333,0.9953333333333333,1,0
one-field-control,124,joint-long-schema,0.9953333333333333,0.9953333333333333,0.9953333333333333,0.9953333333333333,1,0
one-field-control,125,field-average,0.996,0.996,0.996,0.996,1,0
one-field-control,125,whole-call,0.996,0.996,0.996,0.996,1,0
one-field-control,125,joint-long-schema,0.996,0.996,0.996,0.996,1,0
one-field-control,126,field-average,0.9953333333333333,0.9953333333333333,0.9953333333333333,0.9953333333333333,1,0
one-field-control,126,whole-call,0.9953333333333333,0.9953333333333333,0.9953333333333333,0.9953333333333333,1,0
one-field-control,126,joint-long-schema,0.9953333333333333,0.9953333333333333,0.9953333333333333,0.9953333333333333,1,0
one-field-control,127,field-average,0.9943333333333333,0.9943333333333333,0.9943333333333333,0.9943333333333333,1,0
one-field-control,127,whole-call,0.9943333333333333,0.9943333333333333,0.9943333333333333,0.9943333333333333,1,0
one-field-control,127,joint-long-schema,0.9943333333333333,0.9943333333333333,0.9943333333333333,0.9943333333333333,1,0
one-field-control,128,field-average,0.9946666666666667,0.9946666666666667,0.9946666666666667,0.9946666666666667,1,0
one-field-control,128,whole-call,0.9946666666666667,0.9946666666666667,0.9946666666666667,0.9946666666666667,1,0
one-field-control,128,joint-long-schema,0.9946666666666667,0.9946666666666667,0.9946666666666667,0.9946666666666667,1,0
one-field-control,129,field-average,0.9946666666666667,0.9946666666666667,0.9946666666666667,0.9946666666666667,1,0
one-field-control,129,whole-call,0.9946666666666667,0.9946666666666667,0.9946666666666667,0.9946666666666667,1,0
one-field-control,129,joint-long-schema,0.9946666666666667,0.9946666666666667,0.9946666666666667,0.9946666666666667,1,0
one-field-control,130,field-average,0.996,0.996,0.996,0.996,1,0
one-field-control,130,whole-call,0.996,0.996,0.996,0.996,1,0
one-field-control,130,joint-long-schema,0.996,0.996,0.996,0.996,1,0
one-field-control,131,field-average,0.993,0.993,0.993,0.993,1,0
one-field-control,131,whole-call,0.993,0.993,0.993,0.993,1,0
one-field-control,131,joint-long-schema,0.993,0.993,0.993,0.993,1,0
one-field-control,132,field-average,0.9933333333333333,0.9933333333333333,0.9933333333333333,0.9933333333333333,1,0
one-field-control,132,whole-call,0.9933333333333333,0.9933333333333333,0.9933333333333333,0.9933333333333333,1,0
one-field-control,132,joint-long-schema,0.9933333333333333,0.9933333333333333,0.9933333333333333,0.9933333333333333,1,0
one-field-control,133,field-average,0.9953333333333333,0.9953333333333333,0.9953333333333333,0.9953333333333333,1,0
one-field-control,133,whole-call,0.9953333333333333,0.9953333333333333,0.9953333333333333,0.9953333333333333,1,0
one-field-control,133,joint-long-schema,0.9953333333333333,0.9953333333333333,0.9953333333333333,0.9953333333333333,1,0
one-field-control,134,field-average,0.9953333333333333,0.9953333333333333,0.9953333333333333,0.9953333333333333,1,0
one-field-control,134,whole-call,0.9953333333333333,0.9953333333333333,0.9953333333333333,0.9953333333333333,1,0
one-field-control,134,joint-long-schema,0.9953333333333333,0.9953333333333333,0.9953333333333333,0.9953333333333333,1,0
one-field-control,135,field-average,0.9923333333333333,0.9923333333333333,0.9923333333333333,0.9923333333333333,1,0
one-field-control,135,whole-call,0.9923333333333333,0.9923333333333333,0.9923333333333333,0.9923333333333333,1,0
one-field-control,135,joint-long-schema,0.9923333333333333,0.9923333333333333,0.9923333333333333,0.9923333333333333,1,0
one-field-control,136,field-average,0.9936666666666667,0.9936666666666667,0.9936666666666667,0.9936666666666667,1,0
one-field-control,136,whole-call,0.9936666666666667,0.9936666666666667,0.9936666666666667,0.9936666666666667,1,0
one-field-control,136,joint-long-schema,0.9936666666666667,0.9936666666666667,0.9936666666666667,0.9936666666666667,1,0
one-field-control,137,field-average,0.993,0.993,0.993,0.993,1,0
one-field-control,137,whole-call,0.993,0.993,0.993,0.993,1,0
one-field-control,137,joint-long-schema,0.993,0.993,0.993,0.993,1,0
one-field-control,138,field-average,0.9966666666666667,0.9966666666666667,0.9966666666666667,0.9966666666666667,1,0
one-field-control,138,whole-call,0.9966666666666667,0.9966666666666667,0.9966666666666667,0.9966666666666667,1,0
one-field-control,138,joint-long-schema,0.9966666666666667,0.9966666666666667,0.9966666666666667,0.9966666666666667,1,0
one-field-control,139,field-average,0.9946666666666667,0.9946666666666667,0.9946666666666667,0.9946666666666667,1,0
one-field-control,139,whole-call,0.9946666666666667,0.9946666666666667,0.9946666666666667,0.9946666666666667,1,0
one-field-control,139,joint-long-schema,0.9946666666666667,0.9946666666666667,0.9946666666666667,0.9946666666666667,1,0
one-field-control,140,field-average,0.9946666666666667,0.9946666666666667,0.9946666666666667,0.9946666666666667,1,0
one-field-control,140,whole-call,0.9946666666666667,0.9946666666666667,0.9946666666666667,0.9946666666666667,1,0
one-field-control,140,joint-long-schema,0.9946666666666667,0.9946666666666667,0.9946666666666667,0.9946666666666667,1,0
one-field-control,141,field-average,0.9956666666666667,0.9956666666666667,0.9956666666666667,0.9956666666666667,1,0
one-field-control,141,whole-call,0.9956666666666667,0.9956666666666667,0.9956666666666667,0.9956666666666667,1,0
one-field-control,141,joint-long-schema,0.9956666666666667,0.9956666666666667,0.9956666666666667,0.9956666666666667,1,0
one-field-control,142,field-average,0.9953333333333333,0.9953333333333333,0.9953333333333333,0.9953333333333333,1,0
one-field-control,142,whole-call,0.9953333333333333,0.9953333333333333,0.9953333333333333,0.9953333333333333,1,0
one-field-control,142,joint-long-schema,0.9953333333333333,0.9953333333333333,0.9953333333333333,0.9953333333333333,1,0
one-field-control,143,field-average,0.996,0.996,0.996,0.996,1,0
one-field-control,143,whole-call,0.996,0.996,0.996,0.996,1,0
one-field-control,143,joint-long-schema,0.996,0.996,0.996,0.996,1,0
one-field-control,144,field-average,0.9933333333333333,0.9933333333333333,0.9933333333333333,0.9933333333333333,1,0
one-field-control,144,whole-call,0.9933333333333333,0.9933333333333333,0.9933333333333333,0.9933333333333333,1,0
one-field-control,144,joint-long-schema,0.9933333333333333,0.9933333333333333,0.9933333333333333,0.9933333333333333,1,0
one-field-control,145,field-average,0.9923333333333333,0.9923333333333333,0.9923333333333333,0.9923333333333333,1,0
one-field-control,145,whole-call,0.9923333333333333,0.9923333333333333,0.9923333333333333,0.9923333333333333,1,0
one-field-control,145,joint-long-schema,0.9923333333333333,0.9923333333333333,0.9923333333333333,0.9923333333333333,1,0
one-field-control,146,field-average,0.992,0.992,0.992,0.992,1,0
one-field-control,146,whole-call,0.992,0.992,0.992,0.992,1,0
one-field-control,146,joint-long-schema,0.992,0.992,0.992,0.992,1,0
one-field-control,147,field-average,0.9946666666666667,0.9946666666666667,0.9946666666666667,0.9946666666666667,1,0
one-field-control,147,whole-call,0.9946666666666667,0.9946666666666667,0.9946666666666667,0.9946666666666667,1,0
one-field-control,147,joint-long-schema,0.9946666666666667,0.9946666666666667,0.9946666666666667,0.9946666666666667,1,0
one-field-control,148,field-average,0.9963333333333333,0.9963333333333333,0.9963333333333333,0.9963333333333333,1,0
one-field-control,148,whole-call,0.9963333333333333,0.9963333333333333,0.9963333333333333,0.9963333333333333,1,0
one-field-control,148,joint-long-schema,0.9963333333333333,0.9963333333333333,0.9963333333333333,0.9963333333333333,1,0
one-field-control,149,field-average,0.998,0.998,0.998,0.998,1,0
one-field-control,149,whole-call,0.998,0.998,0.998,0.998,1,0
one-field-control,149,joint-long-schema,0.998,0.998,0.998,0.998,1,0
one-field-control,150,field-average,0.9936666666666667,0.9936666666666667,0.9936666666666667,0.9936666666666667,1,0
one-field-control,150,whole-call,0.9936666666666667,0.9936666666666667,0.9936666666666667,0.9936666666666667,1,0
one-field-control,150,joint-long-schema,0.9936666666666667,0.9936666666666667,0.9936666666666667,0.9936666666666667,1,0
one-field-control,151,field-average,0.9953333333333333,0.9953333333333333,0.9953333333333333,0.9953333333333333,1,0
one-field-control,151,whole-call,0.9953333333333333,0.9953333333333333,0.9953333333333333,0.9953333333333333,1,0
one-field-control,151,joint-long-schema,0.9953333333333333,0.9953333333333333,0.9953333333333333,0.9953333333333333,1,0
one-field-control,152,field-average,0.9953333333333333,0.9953333333333333,0.9953333333333333,0.9953333333333333,1,0
one-field-control,152,whole-call,0.9953333333333333,0.9953333333333333,0.9953333333333333,0.9953333333333333,1,0
one-field-control,152,joint-long-schema,0.9953333333333333,0.9953333333333333,0.9953333333333333,0.9953333333333333,1,0
one-field-control,153,field-average,0.996,0.996,0.996,0.996,1,0
one-field-control,153,whole-call,0.996,0.996,0.996,0.996,1,0
one-field-control,153,joint-long-schema,0.996,0.996,0.996,0.996,1,0
one-field-control,154,field-average,0.9926666666666667,0.9926666666666667,0.9926666666666667,0.9926666666666667,1,0
one-field-control,154,whole-call,0.9926666666666667,0.9926666666666667,0.9926666666666667,0.9926666666666667,1,0
one-field-control,154,joint-long-schema,0.9926666666666667,0.9926666666666667,0.9926666666666667,0.9926666666666667,1,0
one-field-control,155,field-average,0.9946666666666667,0.9946666666666667,0.9946666666666667,0.9946666666666667,1,0
one-field-control,155,whole-call,0.9946666666666667,0.9946666666666667,0.9946666666666667,0.9946666666666667,1,0
one-field-control,155,joint-long-schema,0.9946666666666667,0.9946666666666667,0.9946666666666667,0.9946666666666667,1,0
one-field-control,156,field-average,0.9943333333333333,0.9943333333333333,0.9943333333333333,0.9943333333333333,1,0
one-field-control,156,whole-call,0.9943333333333333,0.9943333333333333,0.9943333333333333,0.9943333333333333,1,0
one-field-control,156,joint-long-schema,0.9943333333333333,0.9943333333333333,0.9943333333333333,0.9943333333333333,1,0
one-field-control,157,field-average,0.994,0.994,0.994,0.994,1,0
one-field-control,157,whole-call,0.994,0.994,0.994,0.994,1,0
one-field-control,157,joint-long-schema,0.994,0.994,0.994,0.994,1,0
one-field-control,158,field-average,0.9966666666666667,0.9966666666666667,0.9966666666666667,0.9966666666666667,1,0
one-field-control,158,whole-call,0.9966666666666667,0.9966666666666667,0.9966666666666667,0.9966666666666667,1,0
one-field-control,158,joint-long-schema,0.9966666666666667,0.9966666666666667,0.9966666666666667,0.9966666666666667,1,0
one-field-control,159,field-average,0.9966666666666667,0.9966666666666667,0.9966666666666667,0.9966666666666667,1,0
one-field-control,159,whole-call,0.9966666666666667,0.9966666666666667,0.9966666666666667,0.9966666666666667,1,0
one-field-control,159,joint-long-schema,0.9966666666666667,0.9966666666666667,0.9966666666666667,0.9966666666666667,1,0
one-field-control,160,field-average,0.994,0.994,0.994,0.994,1,0
one-field-control,160,whole-call,0.994,0.994,0.994,0.994,1,0
one-field-control,160,joint-long-schema,0.994,0.994,0.994,0.994,1,0
one-field-control,161,field-average,0.9953333333333333,0.9953333333333333,0.9953333333333333,0.9953333333333333,1,0
one-field-control,161,whole-call,0.9953333333333333,0.9953333333333333,0.9953333333333333,0.9953333333333333,1,0
one-field-control,161,joint-long-schema,0.9953333333333333,0.9953333333333333,0.9953333333333333,0.9953333333333333,1,0
one-field-control,162,field-average,0.995,0.995,0.995,0.995,1,0
one-field-control,162,whole-call,0.995,0.995,0.995,0.995,1,0
one-field-control,162,joint-long-schema,0.995,0.995,0.995,0.995,1,0
one-field-control,163,field-average,0.9926666666666667,0.9926666666666667,0.9926666666666667,0.9926666666666667,1,0
one-field-control,163,whole-call,0.9926666666666667,0.9926666666666667,0.9926666666666667,0.9926666666666667,1,0
one-field-control,163,joint-long-schema,0.9926666666666667,0.9926666666666667,0.9926666666666667,0.9926666666666667,1,0
one-field-control,164,field-average,0.9953333333333333,0.9953333333333333,0.9953333333333333,0.9953333333333333,1,0
one-field-control,164,whole-call,0.9953333333333333,0.9953333333333333,0.9953333333333333,0.9953333333333333,1,0
one-field-control,164,joint-long-schema,0.9953333333333333,0.9953333333333333,0.9953333333333333,0.9953333333333333,1,0
one-field-control,165,field-average,0.9936666666666667,0.9936666666666667,0.9936666666666667,0.9936666666666667,1,0
one-field-control,165,whole-call,0.9936666666666667,0.9936666666666667,0.9936666666666667,0.9936666666666667,1,0
one-field-control,165,joint-long-schema,0.9936666666666667,0.9936666666666667,0.9936666666666667,0.9936666666666667,1,0
one-field-control,166,field-average,0.9946666666666667,0.9946666666666667,0.9946666666666667,0.9946666666666667,1,0
one-field-control,166,whole-call,0.9946666666666667,0.9946666666666667,0.9946666666666667,0.9946666666666667,1,0
one-field-control,166,joint-long-schema,0.9946666666666667,0.9946666666666667,0.9946666666666667,0.9946666666666667,1,0
one-field-control,167,field-average,0.9926666666666667,0.9926666666666667,0.9926666666666667,0.9926666666666667,1,0
one-field-control,167,whole-call,0.9926666666666667,0.9926666666666667,0.9926666666666667,0.9926666666666667,1,0
one-field-control,167,joint-long-schema,0.9926666666666667,0.9926666666666667,0.9926666666666667,0.9926666666666667,1,0
one-field-control,168,field-average,0.9946666666666667,0.9946666666666667,0.9946666666666667,0.9946666666666667,1,0
one-field-control,168,whole-call,0.9946666666666667,0.9946666666666667,0.9946666666666667,0.9946666666666667,1,0
one-field-control,168,joint-long-schema,0.9946666666666667,0.9946666666666667,0.9946666666666667,0.9946666666666667,1,0
one-field-control,169,field-average,0.9956666666666667,0.9956666666666667,0.9956666666666667,0.9956666666666667,1,0
one-field-control,169,whole-call,0.9956666666666667,0.9956666666666667,0.9956666666666667,0.9956666666666667,1,0
one-field-control,169,joint-long-schema,0.9956666666666667,0.9956666666666667,0.9956666666666667,0.9956666666666667,1,0
one-field-control,170,field-average,0.9946666666666667,0.9946666666666667,0.9946666666666667,0.9946666666666667,1,0
one-field-control,170,whole-call,0.9946666666666667,0.9946666666666667,0.9946666666666667,0.9946666666666667,1,0
one-field-control,170,joint-long-schema,0.9946666666666667,0.9946666666666667,0.9946666666666667,0.9946666666666667,1,0
one-field-control,171,field-average,0.9946666666666667,0.9946666666666667,0.9946666666666667,0.9946666666666667,1,0
one-field-control,171,whole-call,0.9946666666666667,0.9946666666666667,0.9946666666666667,0.9946666666666667,1,0
one-field-control,171,joint-long-schema,0.9946666666666667,0.9946666666666667,0.9946666666666667,0.9946666666666667,1,0
one-field-control,172,field-average,0.995,0.995,0.995,0.995,1,0
one-field-control,172,whole-call,0.995,0.995,0.995,0.995,1,0
one-field-control,172,joint-long-schema,0.995,0.995,0.995,0.995,1,0
one-field-control,173,field-average,0.9943333333333333,0.9943333333333333,0.9943333333333333,0.9943333333333333,1,0
one-field-control,173,whole-call,0.9943333333333333,0.9943333333333333,0.9943333333333333,0.9943333333333333,1,0
one-field-control,173,joint-long-schema,0.9943333333333333,0.9943333333333333,0.9943333333333333,0.9943333333333333,1,0
one-field-control,174,field-average,0.9936666666666667,0.9936666666666667,0.9936666666666667,0.9936666666666667,1,0
one-field-control,174,whole-call,0.9936666666666667,0.9936666666666667,0.9936666666666667,0.9936666666666667,1,0
one-field-control,174,joint-long-schema,0.9936666666666667,0.9936666666666667,0.9936666666666667,0.9936666666666667,1,0
one-field-control,175,field-average,0.994,0.994,0.994,0.994,1,0
one-field-control,175,whole-call,0.994,0.994,0.994,0.994,1,0
one-field-control,175,joint-long-schema,0.994,0.994,0.994,0.994,1,0
one-field-control,176,field-average,0.9943333333333333,0.9943333333333333,0.9943333333333333,0.9943333333333333,1,0
one-field-control,176,whole-call,0.9943333333333333,0.9943333333333333,0.9943333333333333,0.9943333333333333,1,0
one-field-control,176,joint-long-schema,0.9943333333333333,0.9943333333333333,0.9943333333333333,0.9943333333333333,1,0
one-field-control,177,field-average,0.9946666666666667,0.9946666666666667,0.9946666666666667,0.9946666666666667,1,0
one-field-control,177,whole-call,0.9946666666666667,0.9946666666666667,0.9946666666666667,0.9946666666666667,1,0
one-field-control,177,joint-long-schema,0.9946666666666667,0.9946666666666667,0.9946666666666667,0.9946666666666667,1,0
one-field-control,178,field-average,0.9953333333333333,0.9953333333333333,0.9953333333333333,0.9953333333333333,1,0
one-field-control,178,whole-call,0.9953333333333333,0.9953333333333333,0.9953333333333333,0.9953333333333333,1,0
one-field-control,178,joint-long-schema,0.9953333333333333,0.9953333333333333,0.9953333333333333,0.9953333333333333,1,0
one-field-control,179,field-average,0.9946666666666667,0.9946666666666667,0.9946666666666667,0.9946666666666667,1,0
one-field-control,179,whole-call,0.9946666666666667,0.9946666666666667,0.9946666666666667,0.9946666666666667,1,0
one-field-control,179,joint-long-schema,0.9946666666666667,0.9946666666666667,0.9946666666666667,0.9946666666666667,1,0
one-field-control,180,field-average,0.9943333333333333,0.9943333333333333,0.9943333333333333,0.9943333333333333,1,0
one-field-control,180,whole-call,0.9943333333333333,0.9943333333333333,0.9943333333333333,0.9943333333333333,1,0
one-field-control,180,joint-long-schema,0.9943333333333333,0.9943333333333333,0.9943333333333333,0.9943333333333333,1,0
one-field-control,181,field-average,0.9946666666666667,0.9946666666666667,0.9946666666666667,0.9946666666666667,1,0
one-field-control,181,whole-call,0.9946666666666667,0.9946666666666667,0.9946666666666667,0.9946666666666667,1,0
one-field-control,181,joint-long-schema,0.9946666666666667,0.9946666666666667,0.9946666666666667,0.9946666666666667,1,0
one-field-control,182,field-average,0.9943333333333333,0.9943333333333333,0.9943333333333333,0.9943333333333333,1,0
one-field-control,182,whole-call,0.9943333333333333,0.9943333333333333,0.9943333333333333,0.9943333333333333,1,0
one-field-control,182,joint-long-schema,0.9943333333333333,0.9943333333333333,0.9943333333333333,0.9943333333333333,1,0
one-field-control,183,field-average,0.9923333333333333,0.9923333333333333,0.9923333333333333,0.9923333333333333,1,0
one-field-control,183,whole-call,0.9923333333333333,0.9923333333333333,0.9923333333333333,0.9923333333333333,1,0
one-field-control,183,joint-long-schema,0.9923333333333333,0.9923333333333333,0.9923333333333333,0.9923333333333333,1,0
one-field-control,184,field-average,0.997,0.997,0.997,0.997,1,0
one-field-control,184,whole-call,0.997,0.997,0.997,0.997,1,0
one-field-control,184,joint-long-schema,0.997,0.997,0.997,0.997,1,0
one-field-control,185,field-average,0.9966666666666667,0.9966666666666667,0.9966666666666667,0.9966666666666667,1,0
one-field-control,185,whole-call,0.9966666666666667,0.9966666666666667,0.9966666666666667,0.9966666666666667,1,0
one-field-control,185,joint-long-schema,0.9966666666666667,0.9966666666666667,0.9966666666666667,0.9966666666666667,1,0
one-field-control,186,field-average,0.9943333333333333,0.9943333333333333,0.9943333333333333,0.9943333333333333,1,0
one-field-control,186,whole-call,0.9943333333333333,0.9943333333333333,0.9943333333333333,0.9943333333333333,1,0
one-field-control,186,joint-long-schema,0.9943333333333333,0.9943333333333333,0.9943333333333333,0.9943333333333333,1,0
one-field-control,187,field-average,0.9956666666666667,0.9956666666666667,0.9956666666666667,0.9956666666666667,1,0
one-field-control,187,whole-call,0.9956666666666667,0.9956666666666667,0.9956666666666667,0.9956666666666667,1,0
one-field-control,187,joint-long-schema,0.9956666666666667,0.9956666666666667,0.9956666666666667,0.9956666666666667,1,0
one-field-control,188,field-average,0.9916666666666667,0.9916666666666667,0.9916666666666667,0.9916666666666667,1,0
one-field-control,188,whole-call,0.9916666666666667,0.9916666666666667,0.9916666666666667,0.9916666666666667,1,0
one-field-control,188,joint-long-schema,0.9916666666666667,0.9916666666666667,0.9916666666666667,0.9916666666666667,1,0
one-field-control,189,field-average,0.9936666666666667,0.9936666666666667,0.9936666666666667,0.9936666666666667,1,0
one-field-control,189,whole-call,0.9936666666666667,0.9936666666666667,0.9936666666666667,0.9936666666666667,1,0
one-field-control,189,joint-long-schema,0.9936666666666667,0.9936666666666667,0.9936666666666667,0.9936666666666667,1,0
one-field-control,190,field-average,0.9963333333333333,0.9963333333333333,0.9963333333333333,0.9963333333333333,1,0
one-field-control,190,whole-call,0.9963333333333333,0.9963333333333333,0.9963333333333333,0.9963333333333333,1,0
one-field-control,190,joint-long-schema,0.9963333333333333,0.9963333333333333,0.9963333333333333,0.9963333333333333,1,0
one-field-control,191,field-average,0.9953333333333333,0.9953333333333333,0.9953333333333333,0.9953333333333333,1,0
one-field-control,191,whole-call,0.9953333333333333,0.9953333333333333,0.9953333333333333,0.9953333333333333,1,0
one-field-control,191,joint-long-schema,0.9953333333333333,0.9953333333333333,0.9953333333333333,0.9953333333333333,1,0
one-field-control,192,field-average,0.9946666666666667,0.9946666666666667,0.9946666666666667,0.9946666666666667,1,0
one-field-control,192,whole-call,0.9946666666666667,0.9946666666666667,0.9946666666666667,0.9946666666666667,1,0
one-field-control,192,joint-long-schema,0.9946666666666667,0.9946666666666667,0.9946666666666667,0.9946666666666667,1,0
one-field-control,193,field-average,0.9963333333333333,0.9963333333333333,0.9963333333333333,0.9963333333333333,1,0
one-field-control,193,whole-call,0.9963333333333333,0.9963333333333333,0.9963333333333333,0.9963333333333333,1,0
one-field-control,193,joint-long-schema,0.9963333333333333,0.9963333333333333,0.9963333333333333,0.9963333333333333,1,0
one-field-control,194,field-average,0.9943333333333333,0.9943333333333333,0.9943333333333333,0.9943333333333333,1,0
one-field-control,194,whole-call,0.9943333333333333,0.9943333333333333,0.9943333333333333,0.9943333333333333,1,0
one-field-control,194,joint-long-schema,0.9943333333333333,0.9943333333333333,0.9943333333333333,0.9943333333333333,1,0
one-field-control,195,field-average,0.9926666666666667,0.9926666666666667,0.9926666666666667,0.9926666666666667,1,0
one-field-control,195,whole-call,0.9926666666666667,0.9926666666666667,0.9926666666666667,0.9926666666666667,1,0
one-field-control,195,joint-long-schema,0.9926666666666667,0.9926666666666667,0.9926666666666667,0.9926666666666667,1,0
one-field-control,196,field-average,0.9926666666666667,0.9926666666666667,0.9926666666666667,0.9926666666666667,1,0
one-field-control,196,whole-call,0.9926666666666667,0.9926666666666667,0.9926666666666667,0.9926666666666667,1,0
one-field-control,196,joint-long-schema,0.9926666666666667,0.9926666666666667,0.9926666666666667,0.9926666666666667,1,0
one-field-control,197,field-average,0.9953333333333333,0.9953333333333333,0.9953333333333333,0.9953333333333333,1,0
one-field-control,197,whole-call,0.9953333333333333,0.9953333333333333,0.9953333333333333,0.9953333333333333,1,0
one-field-control,197,joint-long-schema,0.9953333333333333,0.9953333333333333,0.9953333333333333,0.9953333333333333,1,0
one-field-control,198,field-average,0.996,0.996,0.996,0.996,1,0
one-field-control,198,whole-call,0.996,0.996,0.996,0.996,1,0
one-field-control,198,joint-long-schema,0.996,0.996,0.996,0.996,1,0
one-field-control,199,field-average,0.9956666666666667,0.9956666666666667,0.9956666666666667,0.9956666666666667,1,0
one-field-control,199,whole-call,0.9956666666666667,0.9956666666666667,0.9956666666666667,0.9956666666666667,1,0
one-field-control,199,joint-long-schema,0.9956666666666667,0.9956666666666667,0.9956666666666667,0.9956666666666667,1,0
one-field-control,200,field-average,0.9963333333333333,0.9963333333333333,0.9963333333333333,0.9963333333333333,1,0
one-field-control,200,whole-call,0.9963333333333333,0.9963333333333333,0.9963333333333333,0.9963333333333333,1,0
one-field-control,200,joint-long-schema,0.9963333333333333,0.9963333333333333,0.9963333333333333,0.9963333333333333,1,0
one-field-control,201,field-average,0.9953333333333333,0.9953333333333333,0.9953333333333333,0.9953333333333333,1,0
one-field-control,201,whole-call,0.9953333333333333,0.9953333333333333,0.9953333333333333,0.9953333333333333,1,0
one-field-control,201,joint-long-schema,0.9953333333333333,0.9953333333333333,0.9953333333333333,0.9953333333333333,1,0
one-field-control,202,field-average,0.996,0.996,0.996,0.996,1,0
one-field-control,202,whole-call,0.996,0.996,0.996,0.996,1,0
one-field-control,202,joint-long-schema,0.996,0.996,0.996,0.996,1,0
one-field-control,203,field-average,0.9936666666666667,0.9936666666666667,0.9936666666666667,0.9936666666666667,1,0
one-field-control,203,whole-call,0.9936666666666667,0.9936666666666667,0.9936666666666667,0.9936666666666667,1,0
one-field-control,203,joint-long-schema,0.9936666666666667,0.9936666666666667,0.9936666666666667,0.9936666666666667,1,0
one-field-control,204,field-average,0.9936666666666667,0.9936666666666667,0.9936666666666667,0.9936666666666667,1,0
one-field-control,204,whole-call,0.9936666666666667,0.9936666666666667,0.9936666666666667,0.9936666666666667,1,0
one-field-control,204,joint-long-schema,0.9936666666666667,0.9936666666666667,0.9936666666666667,0.9936666666666667,1,0
one-field-control,205,field-average,0.9936666666666667,0.9936666666666667,0.9936666666666667,0.9936666666666667,1,0
one-field-control,205,whole-call,0.9936666666666667,0.9936666666666667,0.9936666666666667,0.9936666666666667,1,0
one-field-control,205,joint-long-schema,0.9936666666666667,0.9936666666666667,0.9936666666666667,0.9936666666666667,1,0
one-field-control,206,field-average,0.997,0.997,0.997,0.997,1,0
one-field-control,206,whole-call,0.997,0.997,0.997,0.997,1,0
one-field-control,206,joint-long-schema,0.997,0.997,0.997,0.997,1,0
one-field-control,207,field-average,0.9966666666666667,0.9966666666666667,0.9966666666666667,0.9966666666666667,1,0
one-field-control,207,whole-call,0.9966666666666667,0.9966666666666667,0.9966666666666667,0.9966666666666667,1,0
one-field-control,207,joint-long-schema,0.9966666666666667,0.9966666666666667,0.9966666666666667,0.9966666666666667,1,0
one-field-control,208,field-average,0.9946666666666667,0.9946666666666667,0.9946666666666667,0.9946666666666667,1,0
one-field-control,208,whole-call,0.9946666666666667,0.9946666666666667,0.9946666666666667,0.9946666666666667,1,0
one-field-control,208,joint-long-schema,0.9946666666666667,0.9946666666666667,0.9946666666666667,0.9946666666666667,1,0
one-field-control,209,field-average,0.9966666666666667,0.9966666666666667,0.9966666666666667,0.9966666666666667,1,0
one-field-control,209,whole-call,0.9966666666666667,0.9966666666666667,0.9966666666666667,0.9966666666666667,1,0
one-field-control,209,joint-long-schema,0.9966666666666667,0.9966666666666667,0.9966666666666667,0.9966666666666667,1,0
one-field-control,210,field-average,0.995,0.995,0.995,0.995,1,0
one-field-control,210,whole-call,0.995,0.995,0.995,0.995,1,0
one-field-control,210,joint-long-schema,0.995,0.995,0.995,0.995,1,0
one-field-control,211,field-average,0.995,0.995,0.995,0.995,1,0
one-field-control,211,whole-call,0.995,0.995,0.995,0.995,1,0
one-field-control,211,joint-long-schema,0.995,0.995,0.995,0.995,1,0
one-field-control,212,field-average,0.9946666666666667,0.9946666666666667,0.9946666666666667,0.9946666666666667,1,0
one-field-control,212,whole-call,0.9946666666666667,0.9946666666666667,0.9946666666666667,0.9946666666666667,1,0
one-field-control,212,joint-long-schema,0.9946666666666667,0.9946666666666667,0.9946666666666667,0.9946666666666667,1,0
one-field-control,213,field-average,0.994,0.994,0.994,0.994,1,0
one-field-control,213,whole-call,0.994,0.994,0.994,0.994,1,0
one-field-control,213,joint-long-schema,0.994,0.994,0.994,0.994,1,0
one-field-control,214,field-average,0.9963333333333333,0.9963333333333333,0.9963333333333333,0.9963333333333333,1,0
one-field-control,214,whole-call,0.9963333333333333,0.9963333333333333,0.9963333333333333,0.9963333333333333,1,0
one-field-control,214,joint-long-schema,0.9963333333333333,0.9963333333333333,0.9963333333333333,0.9963333333333333,1,0
one-field-control,215,field-average,0.995,0.995,0.995,0.995,1,0
one-field-control,215,whole-call,0.995,0.995,0.995,0.995,1,0
one-field-control,215,joint-long-schema,0.995,0.995,0.995,0.995,1,0
one-field-control,216,field-average,0.9946666666666667,0.9946666666666667,0.9946666666666667,0.9946666666666667,1,0
one-field-control,216,whole-call,0.9946666666666667,0.9946666666666667,0.9946666666666667,0.9946666666666667,1,0
one-field-control,216,joint-long-schema,0.9946666666666667,0.9946666666666667,0.9946666666666667,0.9946666666666667,1,0
one-field-control,217,field-average,0.9946666666666667,0.9946666666666667,0.9946666666666667,0.9946666666666667,1,0
one-field-control,217,whole-call,0.9946666666666667,0.9946666666666667,0.9946666666666667,0.9946666666666667,1,0
one-field-control,217,joint-long-schema,0.9946666666666667,0.9946666666666667,0.9946666666666667,0.9946666666666667,1,0
one-field-control,218,field-average,0.9936666666666667,0.9936666666666667,0.9936666666666667,0.9936666666666667,1,0
one-field-control,218,whole-call,0.9936666666666667,0.9936666666666667,0.9936666666666667,0.9936666666666667,1,0
one-field-control,218,joint-long-schema,0.9936666666666667,0.9936666666666667,0.9936666666666667,0.9936666666666667,1,0
one-field-control,219,field-average,0.996,0.996,0.996,0.996,1,0
one-field-control,219,whole-call,0.996,0.996,0.996,0.996,1,0
one-field-control,219,joint-long-schema,0.996,0.996,0.996,0.996,1,0
one-field-control,220,field-average,0.9926666666666667,0.9926666666666667,0.9926666666666667,0.9926666666666667,1,0
one-field-control,220,whole-call,0.9926666666666667,0.9926666666666667,0.9926666666666667,0.9926666666666667,1,0
one-field-control,220,joint-long-schema,0.9926666666666667,0.9926666666666667,0.9926666666666667,0.9926666666666667,1,0
one-field-control,221,field-average,0.991,0.991,0.991,0.991,1,0
one-field-control,221,whole-call,0.991,0.991,0.991,0.991,1,0
one-field-control,221,joint-long-schema,0.991,0.991,0.991,0.991,1,0
one-field-control,222,field-average,0.9956666666666667,0.9956666666666667,0.9956666666666667,0.9956666666666667,1,0
one-field-control,222,whole-call,0.9956666666666667,0.9956666666666667,0.9956666666666667,0.9956666666666667,1,0
one-field-control,222,joint-long-schema,0.9956666666666667,0.9956666666666667,0.9956666666666667,0.9956666666666667,1,0
one-field-control,223,field-average,0.9933333333333333,0.9933333333333333,0.9933333333333333,0.9933333333333333,1,0
one-field-control,223,whole-call,0.9933333333333333,0.9933333333333333,0.9933333333333333,0.9933333333333333,1,0
one-field-control,223,joint-long-schema,0.9933333333333333,0.9933333333333333,0.9933333333333333,0.9933333333333333,1,0
one-field-control,224,field-average,0.9956666666666667,0.9956666666666667,0.9956666666666667,0.9956666666666667,1,0
one-field-control,224,whole-call,0.9956666666666667,0.9956666666666667,0.9956666666666667,0.9956666666666667,1,0
one-field-control,224,joint-long-schema,0.9956666666666667,0.9956666666666667,0.9956666666666667,0.9956666666666667,1,0
one-field-control,225,field-average,0.9946666666666667,0.9946666666666667,0.9946666666666667,0.9946666666666667,1,0
one-field-control,225,whole-call,0.9946666666666667,0.9946666666666667,0.9946666666666667,0.9946666666666667,1,0
one-field-control,225,joint-long-schema,0.9946666666666667,0.9946666666666667,0.9946666666666667,0.9946666666666667,1,0
one-field-control,226,field-average,0.9943333333333333,0.9943333333333333,0.9943333333333333,0.9943333333333333,1,0
one-field-control,226,whole-call,0.9943333333333333,0.9943333333333333,0.9943333333333333,0.9943333333333333,1,0
one-field-control,226,joint-long-schema,0.9943333333333333,0.9943333333333333,0.9943333333333333,0.9943333333333333,1,0
one-field-control,227,field-average,0.996,0.996,0.996,0.996,1,0
one-field-control,227,whole-call,0.996,0.996,0.996,0.996,1,0
one-field-control,227,joint-long-schema,0.996,0.996,0.996,0.996,1,0
one-field-control,228,field-average,0.9956666666666667,0.9956666666666667,0.9956666666666667,0.9956666666666667,1,0
one-field-control,228,whole-call,0.9956666666666667,0.9956666666666667,0.9956666666666667,0.9956666666666667,1,0
one-field-control,228,joint-long-schema,0.9956666666666667,0.9956666666666667,0.9956666666666667,0.9956666666666667,1,0
one-field-control,229,field-average,0.9963333333333333,0.9963333333333333,0.9963333333333333,0.9963333333333333,1,0
one-field-control,229,whole-call,0.9963333333333333,0.9963333333333333,0.9963333333333333,0.9963333333333333,1,0
one-field-control,229,joint-long-schema,0.9963333333333333,0.9963333333333333,0.9963333333333333,0.9963333333333333,1,0
one-field-control,230,field-average,0.9943333333333333,0.9943333333333333,0.9943333333333333,0.9943333333333333,1,0
one-field-control,230,whole-call,0.9943333333333333,0.9943333333333333,0.9943333333333333,0.9943333333333333,1,0
one-field-control,230,joint-long-schema,0.9943333333333333,0.9943333333333333,0.9943333333333333,0.9943333333333333,1,0
one-field-control,231,field-average,0.9946666666666667,0.9946666666666667,0.9946666666666667,0.9946666666666667,1,0
one-field-control,231,whole-call,0.9946666666666667,0.9946666666666667,0.9946666666666667,0.9946666666666667,1,0
one-field-control,231,joint-long-schema,0.9946666666666667,0.9946666666666667,0.9946666666666667,0.9946666666666667,1,0
one-field-control,232,field-average,0.9946666666666667,0.9946666666666667,0.9946666666666667,0.9946666666666667,1,0
one-field-control,232,whole-call,0.9946666666666667,0.9946666666666667,0.9946666666666667,0.9946666666666667,1,0
one-field-control,232,joint-long-schema,0.9946666666666667,0.9946666666666667,0.9946666666666667,0.9946666666666667,1,0
one-field-control,233,field-average,0.994,0.994,0.994,0.994,1,0
one-field-control,233,whole-call,0.994,0.994,0.994,0.994,1,0
one-field-control,233,joint-long-schema,0.994,0.994,0.994,0.994,1,0
one-field-control,234,field-average,0.9936666666666667,0.9936666666666667,0.9936666666666667,0.9936666666666667,1,0
one-field-control,234,whole-call,0.9936666666666667,0.9936666666666667,0.9936666666666667,0.9936666666666667,1,0
one-field-control,234,joint-long-schema,0.9936666666666667,0.9936666666666667,0.9936666666666667,0.9936666666666667,1,0
one-field-control,235,field-average,0.9943333333333333,0.9943333333333333,0.9943333333333333,0.9943333333333333,1,0
one-field-control,235,whole-call,0.9943333333333333,0.9943333333333333,0.9943333333333333,0.9943333333333333,1,0
one-field-control,235,joint-long-schema,0.9943333333333333,0.9943333333333333,0.9943333333333333,0.9943333333333333,1,0
one-field-control,236,field-average,0.994,0.994,0.994,0.994,1,0
one-field-control,236,whole-call,0.994,0.994,0.994,0.994,1,0
one-field-control,236,joint-long-schema,0.994,0.994,0.994,0.994,1,0
one-field-control,237,field-average,0.996,0.996,0.996,0.996,1,0
one-field-control,237,whole-call,0.996,0.996,0.996,0.996,1,0
one-field-control,237,joint-long-schema,0.996,0.996,0.996,0.996,1,0
one-field-control,238,field-average,0.9943333333333333,0.9943333333333333,0.9943333333333333,0.9943333333333333,1,0
one-field-control,238,whole-call,0.9943333333333333,0.9943333333333333,0.9943333333333333,0.9943333333333333,1,0
one-field-control,238,joint-long-schema,0.9943333333333333,0.9943333333333333,0.9943333333333333,0.9943333333333333,1,0
one-field-control,239,field-average,0.9946666666666667,0.9946666666666667,0.9946666666666667,0.9946666666666667,1,0
one-field-control,239,whole-call,0.9946666666666667,0.9946666666666667,0.9946666666666667,0.9946666666666667,1,0
one-field-control,239,joint-long-schema,0.9946666666666667,0.9946666666666667,0.9946666666666667,0.9946666666666667,1,0
one-field-control,240,field-average,0.995,0.995,0.995,0.995,1,0
one-field-control,240,whole-call,0.995,0.995,0.995,0.995,1,0
one-field-control,240,joint-long-schema,0.995,0.995,0.995,0.995,1,0
one-field-control,241,field-average,0.996,0.996,0.996,0.996,1,0
one-field-control,241,whole-call,0.996,0.996,0.996,0.996,1,0
one-field-control,241,joint-long-schema,0.996,0.996,0.996,0.996,1,0
one-field-control,242,field-average,0.9953333333333333,0.9953333333333333,0.9953333333333333,0.9953333333333333,1,0
one-field-control,242,whole-call,0.9953333333333333,0.9953333333333333,0.9953333333333333,0.9953333333333333,1,0
one-field-control,242,joint-long-schema,0.9953333333333333,0.9953333333333333,0.9953333333333333,0.9953333333333333,1,0
one-field-control,243,field-average,0.994,0.994,0.994,0.994,1,0
one-field-control,243,whole-call,0.994,0.994,0.994,0.994,1,0
one-field-control,243,joint-long-schema,0.994,0.994,0.994,0.994,1,0
one-field-control,244,field-average,0.9946666666666667,0.9946666666666667,0.9946666666666667,0.9946666666666667,1,0
one-field-control,244,whole-call,0.9946666666666667,0.9946666666666667,0.9946666666666667,0.9946666666666667,1,0
one-field-control,244,joint-long-schema,0.9946666666666667,0.9946666666666667,0.9946666666666667,0.9946666666666667,1,0
one-field-control,245,field-average,0.9923333333333333,0.9923333333333333,0.9923333333333333,0.9923333333333333,1,0
one-field-control,245,whole-call,0.9923333333333333,0.9923333333333333,0.9923333333333333,0.9923333333333333,1,0
one-field-control,245,joint-long-schema,0.9923333333333333,0.9923333333333333,0.9923333333333333,0.9923333333333333,1,0
one-field-control,246,field-average,0.994,0.994,0.994,0.994,1,0
one-field-control,246,whole-call,0.994,0.994,0.994,0.994,1,0
one-field-control,246,joint-long-schema,0.994,0.994,0.994,0.994,1,0
one-field-control,247,field-average,0.9936666666666667,0.9936666666666667,0.9936666666666667,0.9936666666666667,1,0
one-field-control,247,whole-call,0.9936666666666667,0.9936666666666667,0.9936666666666667,0.9936666666666667,1,0
one-field-control,247,joint-long-schema,0.9936666666666667,0.9936666666666667,0.9936666666666667,0.9936666666666667,1,0
one-field-control,248,field-average,0.995,0.995,0.995,0.995,1,0
one-field-control,248,whole-call,0.995,0.995,0.995,0.995,1,0
one-field-control,248,joint-long-schema,0.995,0.995,0.995,0.995,1,0
one-field-control,249,field-average,0.9946666666666667,0.9946666666666667,0.9946666666666667,0.9946666666666667,1,0
one-field-control,249,whole-call,0.9946666666666667,0.9946666666666667,0.9946666666666667,0.9946666666666667,1,0
one-field-control,249,joint-long-schema,0.9946666666666667,0.9946666666666667,0.9946666666666667,0.9946666666666667,1,0
one-field-control,250,field-average,0.9956666666666667,0.9956666666666667,0.9956666666666667,0.9956666666666667,1,0
one-field-control,250,whole-call,0.9956666666666667,0.9956666666666667,0.9956666666666667,0.9956666666666667,1,0
one-field-control,250,joint-long-schema,0.9956666666666667,0.9956666666666667,0.9956666666666667,0.9956666666666667,1,0
one-field-control,251,field-average,0.995,0.995,0.995,0.995,1,0
one-field-control,251,whole-call,0.995,0.995,0.995,0.995,1,0
one-field-control,251,joint-long-schema,0.995,0.995,0.995,0.995,1,0
one-field-control,252,field-average,0.9943333333333333,0.9943333333333333,0.9943333333333333,0.9943333333333333,1,0
one-field-control,252,whole-call,0.9943333333333333,0.9943333333333333,0.9943333333333333,0.9943333333333333,1,0
one-field-control,252,joint-long-schema,0.9943333333333333,0.9943333333333333,0.9943333333333333,0.9943333333333333,1,0
one-field-control,253,field-average,0.9943333333333333,0.9943333333333333,0.9943333333333333,0.9943333333333333,1,0
one-field-control,253,whole-call,0.9943333333333333,0.9943333333333333,0.9943333333333333,0.9943333333333333,1,0
one-field-control,253,joint-long-schema,0.9943333333333333,0.9943333333333333,0.9943333333333333,0.9943333333333333,1,0
one-field-control,254,field-average,0.9953333333333333,0.9953333333333333,0.9953333333333333,0.9953333333333333,1,0
one-field-control,254,whole-call,0.9953333333333333,0.9953333333333333,0.9953333333333333,0.9953333333333333,1,0
one-field-control,254,joint-long-schema,0.9953333333333333,0.9953333333333333,0.9953333333333333,0.9953333333333333,1,0
one-field-control,255,field-average,0.9936666666666667,0.9936666666666667,0.9936666666666667,0.9936666666666667,1,0
one-field-control,255,whole-call,0.9936666666666667,0.9936666666666667,0.9936666666666667,0.9936666666666667,1,0
one-field-control,255,joint-long-schema,0.9936666666666667,0.9936666666666667,0.9936666666666667,0.9936666666666667,1,0
one-field-control,256,field-average,0.9936666666666667,0.9936666666666667,0.9936666666666667,0.9936666666666667,1,0
one-field-control,256,whole-call,0.9936666666666667,0.9936666666666667,0.9936666666666667,0.9936666666666667,1,0
one-field-control,256,joint-long-schema,0.9936666666666667,0.9936666666666667,0.9936666666666667,0.9936666666666667,1,0
one-field-control,257,field-average,0.9946666666666667,0.9946666666666667,0.9946666666666667,0.9946666666666667,1,0
one-field-control,257,whole-call,0.9946666666666667,0.9946666666666667,0.9946666666666667,0.9946666666666667,1,0
one-field-control,257,joint-long-schema,0.9946666666666667,0.9946666666666667,0.9946666666666667,0.9946666666666667,1,0
one-field-control,258,field-average,0.9943333333333333,0.9943333333333333,0.9943333333333333,0.9943333333333333,1,0
one-field-control,258,whole-call,0.9943333333333333,0.9943333333333333,0.9943333333333333,0.9943333333333333,1,0
one-field-control,258,joint-long-schema,0.9943333333333333,0.9943333333333333,0.9943333333333333,0.9943333333333333,1,0
one-field-control,259,field-average,0.9933333333333333,0.9933333333333333,0.9933333333333333,0.9933333333333333,1,0
one-field-control,259,whole-call,0.9933333333333333,0.9933333333333333,0.9933333333333333,0.9933333333333333,1,0
one-field-control,259,joint-long-schema,0.9933333333333333,0.9933333333333333,0.9933333333333333,0.9933333333333333,1,0
one-field-control,260,field-average,0.994,0.994,0.994,0.994,1,0
one-field-control,260,whole-call,0.994,0.994,0.994,0.994,1,0
one-field-control,260,joint-long-schema,0.994,0.994,0.994,0.994,1,0
one-field-control,261,field-average,0.9933333333333333,0.9933333333333333,0.9933333333333333,0.9933333333333333,1,0
one-field-control,261,whole-call,0.9933333333333333,0.9933333333333333,0.9933333333333333,0.9933333333333333,1,0
one-field-control,261,joint-long-schema,0.9933333333333333,0.9933333333333333,0.9933333333333333,0.9933333333333333,1,0
one-field-control,262,field-average,0.9946666666666667,0.9946666666666667,0.9946666666666667,0.9946666666666667,1,0
one-field-control,262,whole-call,0.9946666666666667,0.9946666666666667,0.9946666666666667,0.9946666666666667,1,0
one-field-control,262,joint-long-schema,0.9946666666666667,0.9946666666666667,0.9946666666666667,0.9946666666666667,1,0
one-field-control,263,field-average,0.9953333333333333,0.9953333333333333,0.9953333333333333,0.9953333333333333,1,0
one-field-control,263,whole-call,0.9953333333333333,0.9953333333333333,0.9953333333333333,0.9953333333333333,1,0
one-field-control,263,joint-long-schema,0.9953333333333333,0.9953333333333333,0.9953333333333333,0.9953333333333333,1,0
one-field-control,264,field-average,0.994,0.994,0.994,0.994,1,0
one-field-control,264,whole-call,0.994,0.994,0.994,0.994,1,0
one-field-control,264,joint-long-schema,0.994,0.994,0.994,0.994,1,0
one-field-control,265,field-average,0.9956666666666667,0.9956666666666667,0.9956666666666667,0.9956666666666667,1,0
one-field-control,265,whole-call,0.9956666666666667,0.9956666666666667,0.9956666666666667,0.9956666666666667,1,0
one-field-control,265,joint-long-schema,0.9956666666666667,0.9956666666666667,0.9956666666666667,0.9956666666666667,1,0
one-field-control,266,field-average,0.9946666666666667,0.9946666666666667,0.9946666666666667,0.9946666666666667,1,0
one-field-control,266,whole-call,0.9946666666666667,0.9946666666666667,0.9946666666666667,0.9946666666666667,1,0
one-field-control,266,joint-long-schema,0.9946666666666667,0.9946666666666667,0.9946666666666667,0.9946666666666667,1,0
one-field-control,267,field-average,0.9953333333333333,0.9953333333333333,0.9953333333333333,0.9953333333333333,1,0
one-field-control,267,whole-call,0.9953333333333333,0.9953333333333333,0.9953333333333333,0.9953333333333333,1,0
one-field-control,267,joint-long-schema,0.9953333333333333,0.9953333333333333,0.9953333333333333,0.9953333333333333,1,0
one-field-control,268,field-average,0.9943333333333333,0.9943333333333333,0.9943333333333333,0.9943333333333333,1,0
one-field-control,268,whole-call,0.9943333333333333,0.9943333333333333,0.9943333333333333,0.9943333333333333,1,0
one-field-control,268,joint-long-schema,0.9943333333333333,0.9943333333333333,0.9943333333333333,0.9943333333333333,1,0
one-field-control,269,field-average,0.9956666666666667,0.9956666666666667,0.9956666666666667,0.9956666666666667,1,0
one-field-control,269,whole-call,0.9956666666666667,0.9956666666666667,0.9956666666666667,0.9956666666666667,1,0
one-field-control,269,joint-long-schema,0.9956666666666667,0.9956666666666667,0.9956666666666667,0.9956666666666667,1,0
one-field-control,270,field-average,0.9936666666666667,0.9936666666666667,0.9936666666666667,0.9936666666666667,1,0
one-field-control,270,whole-call,0.9936666666666667,0.9936666666666667,0.9936666666666667,0.9936666666666667,1,0
one-field-control,270,joint-long-schema,0.9936666666666667,0.9936666666666667,0.9936666666666667,0.9936666666666667,1,0
one-field-control,271,field-average,0.997,0.997,0.997,0.997,1,0
one-field-control,271,whole-call,0.997,0.997,0.997,0.997,1,0
one-field-control,271,joint-long-schema,0.997,0.997,0.997,0.997,1,0
one-field-control,272,field-average,0.995,0.995,0.995,0.995,1,0
one-field-control,272,whole-call,0.995,0.995,0.995,0.995,1,0
one-field-control,272,joint-long-schema,0.995,0.995,0.995,0.995,1,0
one-field-control,273,field-average,0.9926666666666667,0.9926666666666667,0.9926666666666667,0.9926666666666667,1,0
one-field-control,273,whole-call,0.9926666666666667,0.9926666666666667,0.9926666666666667,0.9926666666666667,1,0
one-field-control,273,joint-long-schema,0.9926666666666667,0.9926666666666667,0.9926666666666667,0.9926666666666667,1,0
one-field-control,274,field-average,0.9966666666666667,0.9966666666666667,0.9966666666666667,0.9966666666666667,1,0
one-field-control,274,whole-call,0.9966666666666667,0.9966666666666667,0.9966666666666667,0.9966666666666667,1,0
one-field-control,274,joint-long-schema,0.9966666666666667,0.9966666666666667,0.9966666666666667,0.9966666666666667,1,0
one-field-control,275,field-average,0.996,0.996,0.996,0.996,1,0
one-field-control,275,whole-call,0.996,0.996,0.996,0.996,1,0
one-field-control,275,joint-long-schema,0.996,0.996,0.996,0.996,1,0
one-field-control,276,field-average,0.9923333333333333,0.9923333333333333,0.9923333333333333,0.9923333333333333,1,0
one-field-control,276,whole-call,0.9923333333333333,0.9923333333333333,0.9923333333333333,0.9923333333333333,1,0
one-field-control,276,joint-long-schema,0.9923333333333333,0.9923333333333333,0.9923333333333333,0.9923333333333333,1,0
one-field-control,277,field-average,0.9946666666666667,0.9946666666666667,0.9946666666666667,0.9946666666666667,1,0
one-field-control,277,whole-call,0.9946666666666667,0.9946666666666667,0.9946666666666667,0.9946666666666667,1,0
one-field-control,277,joint-long-schema,0.9946666666666667,0.9946666666666667,0.9946666666666667,0.9946666666666667,1,0
one-field-control,278,field-average,0.9956666666666667,0.9956666666666667,0.9956666666666667,0.9956666666666667,1,0
one-field-control,278,whole-call,0.9956666666666667,0.9956666666666667,0.9956666666666667,0.9956666666666667,1,0
one-field-control,278,joint-long-schema,0.9956666666666667,0.9956666666666667,0.9956666666666667,0.9956666666666667,1,0
one-field-control,279,field-average,0.9946666666666667,0.9946666666666667,0.9946666666666667,0.9946666666666667,1,0
one-field-control,279,whole-call,0.9946666666666667,0.9946666666666667,0.9946666666666667,0.9946666666666667,1,0
one-field-control,279,joint-long-schema,0.9946666666666667,0.9946666666666667,0.9946666666666667,0.9946666666666667,1,0
one-field-control,280,field-average,0.9936666666666667,0.9936666666666667,0.9936666666666667,0.9936666666666667,1,0
one-field-control,280,whole-call,0.9936666666666667,0.9936666666666667,0.9936666666666667,0.9936666666666667,1,0
one-field-control,280,joint-long-schema,0.9936666666666667,0.9936666666666667,0.9936666666666667,0.9936666666666667,1,0
one-field-control,281,field-average,0.9946666666666667,0.9946666666666667,0.9946666666666667,0.9946666666666667,1,0
one-field-control,281,whole-call,0.9946666666666667,0.9946666666666667,0.9946666666666667,0.9946666666666667,1,0
one-field-control,281,joint-long-schema,0.9946666666666667,0.9946666666666667,0.9946666666666667,0.9946666666666667,1,0
one-field-control,282,field-average,0.9933333333333333,0.9933333333333333,0.9933333333333333,0.9933333333333333,1,0
one-field-control,282,whole-call,0.9933333333333333,0.9933333333333333,0.9933333333333333,0.9933333333333333,1,0
one-field-control,282,joint-long-schema,0.9933333333333333,0.9933333333333333,0.9933333333333333,0.9933333333333333,1,0
one-field-control,283,field-average,0.992,0.992,0.992,0.992,1,0
one-field-control,283,whole-call,0.992,0.992,0.992,0.992,1,0
one-field-control,283,joint-long-schema,0.992,0.992,0.992,0.992,1,0
one-field-control,284,field-average,0.9946666666666667,0.9946666666666667,0.9946666666666667,0.9946666666666667,1,0
one-field-control,284,whole-call,0.9946666666666667,0.9946666666666667,0.9946666666666667,0.9946666666666667,1,0
one-field-control,284,joint-long-schema,0.9946666666666667,0.9946666666666667,0.9946666666666667,0.9946666666666667,1,0
one-field-control,285,field-average,0.9943333333333333,0.9943333333333333,0.9943333333333333,0.9943333333333333,1,0
one-field-control,285,whole-call,0.9943333333333333,0.9943333333333333,0.9943333333333333,0.9943333333333333,1,0
one-field-control,285,joint-long-schema,0.9943333333333333,0.9943333333333333,0.9943333333333333,0.9943333333333333,1,0
one-field-control,286,field-average,0.994,0.994,0.994,0.994,1,0
one-field-control,286,whole-call,0.994,0.994,0.994,0.994,1,0
one-field-control,286,joint-long-schema,0.994,0.994,0.994,0.994,1,0
one-field-control,287,field-average,0.9936666666666667,0.9936666666666667,0.9936666666666667,0.9936666666666667,1,0
one-field-control,287,whole-call,0.9936666666666667,0.9936666666666667,0.9936666666666667,0.9936666666666667,1,0
one-field-control,287,joint-long-schema,0.9936666666666667,0.9936666666666667,0.9936666666666667,0.9936666666666667,1,0
one-field-control,288,field-average,0.9943333333333333,0.9943333333333333,0.9943333333333333,0.9943333333333333,1,0
one-field-control,288,whole-call,0.9943333333333333,0.9943333333333333,0.9943333333333333,0.9943333333333333,1,0
one-field-control,288,joint-long-schema,0.9943333333333333,0.9943333333333333,0.9943333333333333,0.9943333333333333,1,0
one-field-control,289,field-average,0.996,0.996,0.996,0.996,1,0
one-field-control,289,whole-call,0.996,0.996,0.996,0.996,1,0
one-field-control,289,joint-long-schema,0.996,0.996,0.996,0.996,1,0
one-field-control,290,field-average,0.9936666666666667,0.9936666666666667,0.9936666666666667,0.9936666666666667,1,0
one-field-control,290,whole-call,0.9936666666666667,0.9936666666666667,0.9936666666666667,0.9936666666666667,1,0
one-field-control,290,joint-long-schema,0.9936666666666667,0.9936666666666667,0.9936666666666667,0.9936666666666667,1,0
one-field-control,291,field-average,0.995,0.995,0.995,0.995,1,0
one-field-control,291,whole-call,0.995,0.995,0.995,0.995,1,0
one-field-control,291,joint-long-schema,0.995,0.995,0.995,0.995,1,0
one-field-control,292,field-average,0.995,0.995,0.995,0.995,1,0
one-field-control,292,whole-call,0.995,0.995,0.995,0.995,1,0
one-field-control,292,joint-long-schema,0.995,0.995,0.995,0.995,1,0
one-field-control,293,field-average,0.995,0.995,0.995,0.995,1,0
one-field-control,293,whole-call,0.995,0.995,0.995,0.995,1,0
one-field-control,293,joint-long-schema,0.995,0.995,0.995,0.995,1,0
one-field-control,294,field-average,0.996,0.996,0.996,0.996,1,0
one-field-control,294,whole-call,0.996,0.996,0.996,0.996,1,0
one-field-control,294,joint-long-schema,0.996,0.996,0.996,0.996,1,0
one-field-control,295,field-average,0.9943333333333333,0.9943333333333333,0.9943333333333333,0.9943333333333333,1,0
one-field-control,295,whole-call,0.9943333333333333,0.9943333333333333,0.9943333333333333,0.9943333333333333,1,0
one-field-control,295,joint-long-schema,0.9943333333333333,0.9943333333333333,0.9943333333333333,0.9943333333333333,1,0
one-field-control,296,field-average,0.9916666666666667,0.9916666666666667,0.9916666666666667,0.9916666666666667,1,0
one-field-control,296,whole-call,0.9916666666666667,0.9916666666666667,0.9916666666666667,0.9916666666666667,1,0
one-field-control,296,joint-long-schema,0.9916666666666667,0.9916666666666667,0.9916666666666667,0.9916666666666667,1,0
one-field-control,297,field-average,0.991,0.991,0.991,0.991,1,0
one-field-control,297,whole-call,0.991,0.991,0.991,0.991,1,0
one-field-control,297,joint-long-schema,0.991,0.991,0.991,0.991,1,0
one-field-control,298,field-average,0.995,0.995,0.995,0.995,1,0
one-field-control,298,whole-call,0.995,0.995,0.995,0.995,1,0
one-field-control,298,joint-long-schema,0.995,0.995,0.995,0.995,1,0
one-field-control,299,field-average,0.9936666666666667,0.9936666666666667,0.9936666666666667,0.9936666666666667,1,0
one-field-control,299,whole-call,0.9936666666666667,0.9936666666666667,0.9936666666666667,0.9936666666666667,1,0
one-field-control,299,joint-long-schema,0.9936666666666667,0.9936666666666667,0.9936666666666667,0.9936666666666667,1,0
one-field-control,300,field-average,0.9943333333333333,0.9943333333333333,0.9943333333333333,0.9943333333333333,1,0
one-field-control,300,whole-call,0.9943333333333333,0.9943333333333333,0.9943333333333333,0.9943333333333333,1,0
one-field-control,300,joint-long-schema,0.9943333333333333,0.9943333333333333,0.9943333333333333,0.9943333333333333,1,0
one-field-control,301,field-average,0.9926666666666667,0.9926666666666667,0.9926666666666667,0.9926666666666667,1,0
one-field-control,301,whole-call,0.9926666666666667,0.9926666666666667,0.9926666666666667,0.9926666666666667,1,0
one-field-control,301,joint-long-schema,0.9926666666666667,0.9926666666666667,0.9926666666666667,0.9926666666666667,1,0
one-field-control,302,field-average,0.9923333333333333,0.9923333333333333,0.9923333333333333,0.9923333333333333,1,0
one-field-control,302,whole-call,0.9923333333333333,0.9923333333333333,0.9923333333333333,0.9923333333333333,1,0
one-field-control,302,joint-long-schema,0.9923333333333333,0.9923333333333333,0.9923333333333333,0.9923333333333333,1,0
one-field-control,303,field-average,0.9946666666666667,0.9946666666666667,0.9946666666666667,0.9946666666666667,1,0
one-field-control,303,whole-call,0.9946666666666667,0.9946666666666667,0.9946666666666667,0.9946666666666667,1,0
one-field-control,303,joint-long-schema,0.9946666666666667,0.9946666666666667,0.9946666666666667,0.9946666666666667,1,0
one-field-control,304,field-average,0.9963333333333333,0.9963333333333333,0.9963333333333333,0.9963333333333333,1,0
one-field-control,304,whole-call,0.9963333333333333,0.9963333333333333,0.9963333333333333,0.9963333333333333,1,0
one-field-control,304,joint-long-schema,0.9963333333333333,0.9963333333333333,0.9963333333333333,0.9963333333333333,1,0
one-field-control,305,field-average,0.9946666666666667,0.9946666666666667,0.9946666666666667,0.9946666666666667,1,0
one-field-control,305,whole-call,0.9946666666666667,0.9946666666666667,0.9946666666666667,0.9946666666666667,1,0
one-field-control,305,joint-long-schema,0.9946666666666667,0.9946666666666667,0.9946666666666667,0.9946666666666667,1,0
one-field-control,306,field-average,0.993,0.993,0.993,0.993,1,0
one-field-control,306,whole-call,0.993,0.993,0.993,0.993,1,0
one-field-control,306,joint-long-schema,0.993,0.993,0.993,0.993,1,0
one-field-control,307,field-average,0.9936666666666667,0.9936666666666667,0.9936666666666667,0.9936666666666667,1,0
one-field-control,307,whole-call,0.9936666666666667,0.9936666666666667,0.9936666666666667,0.9936666666666667,1,0
one-field-control,307,joint-long-schema,0.9936666666666667,0.9936666666666667,0.9936666666666667,0.9936666666666667,1,0
one-field-control,308,field-average,0.994,0.994,0.994,0.994,1,0
one-field-control,308,whole-call,0.994,0.994,0.994,0.994,1,0
one-field-control,308,joint-long-schema,0.994,0.994,0.994,0.994,1,0
one-field-control,309,field-average,0.9953333333333333,0.9953333333333333,0.9953333333333333,0.9953333333333333,1,0
one-field-control,309,whole-call,0.9953333333333333,0.9953333333333333,0.9953333333333333,0.9953333333333333,1,0
one-field-control,309,joint-long-schema,0.9953333333333333,0.9953333333333333,0.9953333333333333,0.9953333333333333,1,0
one-field-control,310,field-average,0.993,0.993,0.993,0.993,1,0
one-field-control,310,whole-call,0.993,0.993,0.993,0.993,1,0
one-field-control,310,joint-long-schema,0.993,0.993,0.993,0.993,1,0
one-field-control,311,field-average,0.9926666666666667,0.9926666666666667,0.9926666666666667,0.9926666666666667,1,0
one-field-control,311,whole-call,0.9926666666666667,0.9926666666666667,0.9926666666666667,0.9926666666666667,1,0
one-field-control,311,joint-long-schema,0.9926666666666667,0.9926666666666667,0.9926666666666667,0.9926666666666667,1,0
one-field-control,312,field-average,0.9953333333333333,0.9953333333333333,0.9953333333333333,0.9953333333333333,1,0
one-field-control,312,whole-call,0.9953333333333333,0.9953333333333333,0.9953333333333333,0.9953333333333333,1,0
one-field-control,312,joint-long-schema,0.9953333333333333,0.9953333333333333,0.9953333333333333,0.9953333333333333,1,0
one-field-control,313,field-average,0.9946666666666667,0.9946666666666667,0.9946666666666667,0.9946666666666667,1,0
one-field-control,313,whole-call,0.9946666666666667,0.9946666666666667,0.9946666666666667,0.9946666666666667,1,0
one-field-control,313,joint-long-schema,0.9946666666666667,0.9946666666666667,0.9946666666666667,0.9946666666666667,1,0
one-field-control,314,field-average,0.9963333333333333,0.9963333333333333,0.9963333333333333,0.9963333333333333,1,0
one-field-control,314,whole-call,0.9963333333333333,0.9963333333333333,0.9963333333333333,0.9963333333333333,1,0
one-field-control,314,joint-long-schema,0.9963333333333333,0.9963333333333333,0.9963333333333333,0.9963333333333333,1,0
one-field-control,315,field-average,0.9973333333333333,0.9973333333333333,0.9973333333333333,0.9973333333333333,1,0
one-field-control,315,whole-call,0.9973333333333333,0.9973333333333333,0.9973333333333333,0.9973333333333333,1,0
one-field-control,315,joint-long-schema,0.9973333333333333,0.9973333333333333,0.9973333333333333,0.9973333333333333,1,0
one-field-control,316,field-average,0.9956666666666667,0.9956666666666667,0.9956666666666667,0.9956666666666667,1,0
one-field-control,316,whole-call,0.9956666666666667,0.9956666666666667,0.9956666666666667,0.9956666666666667,1,0
one-field-control,316,joint-long-schema,0.9956666666666667,0.9956666666666667,0.9956666666666667,0.9956666666666667,1,0
one-field-control,317,field-average,0.995,0.995,0.995,0.995,1,0
one-field-control,317,whole-call,0.995,0.995,0.995,0.995,1,0
one-field-control,317,joint-long-schema,0.995,0.995,0.995,0.995,1,0
one-field-control,318,field-average,0.995,0.995,0.995,0.995,1,0
one-field-control,318,whole-call,0.995,0.995,0.995,0.995,1,0
one-field-control,318,joint-long-schema,0.995,0.995,0.995,0.995,1,0
one-field-control,319,field-average,0.9943333333333333,0.9943333333333333,0.9943333333333333,0.9943333333333333,1,0
one-field-control,319,whole-call,0.9943333333333333,0.9943333333333333,0.9943333333333333,0.9943333333333333,1,0
one-field-control,319,joint-long-schema,0.9943333333333333,0.9943333333333333,0.9943333333333333,0.9943333333333333,1,0
one-field-control,320,field-average,0.9933333333333333,0.9933333333333333,0.9933333333333333,0.9933333333333333,1,0
one-field-control,320,whole-call,0.9933333333333333,0.9933333333333333,0.9933333333333333,0.9933333333333333,1,0
one-field-control,320,joint-long-schema,0.9933333333333333,0.9933333333333333,0.9933333333333333,0.9933333333333333,1,0
one-field-control,321,field-average,0.9936666666666667,0.9936666666666667,0.9936666666666667,0.9936666666666667,1,0
one-field-control,321,whole-call,0.9936666666666667,0.9936666666666667,0.9936666666666667,0.9936666666666667,1,0
one-field-control,321,joint-long-schema,0.9936666666666667,0.9936666666666667,0.9936666666666667,0.9936666666666667,1,0
one-field-control,322,field-average,0.995,0.995,0.995,0.995,1,0
one-field-control,322,whole-call,0.995,0.995,0.995,0.995,1,0
one-field-control,322,joint-long-schema,0.995,0.995,0.995,0.995,1,0
one-field-control,323,field-average,0.994,0.994,0.994,0.994,1,0
one-field-control,323,whole-call,0.994,0.994,0.994,0.994,1,0
one-field-control,323,joint-long-schema,0.994,0.994,0.994,0.994,1,0
one-field-control,324,field-average,0.9926666666666667,0.9926666666666667,0.9926666666666667,0.9926666666666667,1,0
one-field-control,324,whole-call,0.9926666666666667,0.9926666666666667,0.9926666666666667,0.9926666666666667,1,0
one-field-control,324,joint-long-schema,0.9926666666666667,0.9926666666666667,0.9926666666666667,0.9926666666666667,1,0
one-field-control,325,field-average,0.9963333333333333,0.9963333333333333,0.9963333333333333,0.9963333333333333,1,0
one-field-control,325,whole-call,0.9963333333333333,0.9963333333333333,0.9963333333333333,0.9963333333333333,1,0
one-field-control,325,joint-long-schema,0.9963333333333333,0.9963333333333333,0.9963333333333333,0.9963333333333333,1,0
one-field-control,326,field-average,0.9946666666666667,0.9946666666666667,0.9946666666666667,0.9946666666666667,1,0
one-field-control,326,whole-call,0.9946666666666667,0.9946666666666667,0.9946666666666667,0.9946666666666667,1,0
one-field-control,326,joint-long-schema,0.9946666666666667,0.9946666666666667,0.9946666666666667,0.9946666666666667,1,0
one-field-control,327,field-average,0.9966666666666667,0.9966666666666667,0.9966666666666667,0.9966666666666667,1,0
one-field-control,327,whole-call,0.9966666666666667,0.9966666666666667,0.9966666666666667,0.9966666666666667,1,0
one-field-control,327,joint-long-schema,0.9966666666666667,0.9966666666666667,0.9966666666666667,0.9966666666666667,1,0
one-field-control,328,field-average,0.9906666666666667,0.9906666666666667,0.9906666666666667,0.9906666666666667,1,0
one-field-control,328,whole-call,0.9906666666666667,0.9906666666666667,0.9906666666666667,0.9906666666666667,1,0
one-field-control,328,joint-long-schema,0.9906666666666667,0.9906666666666667,0.9906666666666667,0.9906666666666667,1,0
one-field-control,329,field-average,0.995,0.995,0.995,0.995,1,0
one-field-control,329,whole-call,0.995,0.995,0.995,0.995,1,0
one-field-control,329,joint-long-schema,0.995,0.995,0.995,0.995,1,0
one-field-control,330,field-average,0.9956666666666667,0.9956666666666667,0.9956666666666667,0.9956666666666667,1,0
one-field-control,330,whole-call,0.9956666666666667,0.9956666666666667,0.9956666666666667,0.9956666666666667,1,0
one-field-control,330,joint-long-schema,0.9956666666666667,0.9956666666666667,0.9956666666666667,0.9956666666666667,1,0
one-field-control,331,field-average,0.9953333333333333,0.9953333333333333,0.9953333333333333,0.9953333333333333,1,0
one-field-control,331,whole-call,0.9953333333333333,0.9953333333333333,0.9953333333333333,0.9953333333333333,1,0
one-field-control,331,joint-long-schema,0.9953333333333333,0.9953333333333333,0.9953333333333333,0.9953333333333333,1,0
one-field-control,332,field-average,0.995,0.995,0.995,0.995,1,0
one-field-control,332,whole-call,0.995,0.995,0.995,0.995,1,0
one-field-control,332,joint-long-schema,0.995,0.995,0.995,0.995,1,0
one-field-control,333,field-average,0.9973333333333333,0.9973333333333333,0.9973333333333333,0.9973333333333333,1,0
one-field-control,333,whole-call,0.9973333333333333,0.9973333333333333,0.9973333333333333,0.9973333333333333,1,0
one-field-control,333,joint-long-schema,0.9973333333333333,0.9973333333333333,0.9973333333333333,0.9973333333333333,1,0
one-field-control,334,field-average,0.995,0.995,0.995,0.995,1,0
one-field-control,334,whole-call,0.995,0.995,0.995,0.995,1,0
one-field-control,334,joint-long-schema,0.995,0.995,0.995,0.995,1,0
one-field-control,335,field-average,0.9943333333333333,0.9943333333333333,0.9943333333333333,0.9943333333333333,1,0
one-field-control,335,whole-call,0.9943333333333333,0.9943333333333333,0.9943333333333333,0.9943333333333333,1,0
one-field-control,335,joint-long-schema,0.9943333333333333,0.9943333333333333,0.9943333333333333,0.9943333333333333,1,0
one-field-control,336,field-average,0.994,0.994,0.994,0.994,1,0
one-field-control,336,whole-call,0.994,0.994,0.994,0.994,1,0
one-field-control,336,joint-long-schema,0.994,0.994,0.994,0.994,1,0
one-field-control,337,field-average,0.9946666666666667,0.9946666666666667,0.9946666666666667,0.9946666666666667,1,0
one-field-control,337,whole-call,0.9946666666666667,0.9946666666666667,0.9946666666666667,0.9946666666666667,1,0
one-field-control,337,joint-long-schema,0.9946666666666667,0.9946666666666667,0.9946666666666667,0.9946666666666667,1,0
one-field-control,338,field-average,0.9953333333333333,0.9953333333333333,0.9953333333333333,0.9953333333333333,1,0
one-field-control,338,whole-call,0.9953333333333333,0.9953333333333333,0.9953333333333333,0.9953333333333333,1,0
one-field-control,338,joint-long-schema,0.9953333333333333,0.9953333333333333,0.9953333333333333,0.9953333333333333,1,0
one-field-control,339,field-average,0.996,0.996,0.996,0.996,1,0
one-field-control,339,whole-call,0.996,0.996,0.996,0.996,1,0
one-field-control,339,joint-long-schema,0.996,0.996,0.996,0.996,1,0
one-field-control,340,field-average,0.9943333333333333,0.9943333333333333,0.9943333333333333,0.9943333333333333,1,0
one-field-control,340,whole-call,0.9943333333333333,0.9943333333333333,0.9943333333333333,0.9943333333333333,1,0
one-field-control,340,joint-long-schema,0.9943333333333333,0.9943333333333333,0.9943333333333333,0.9943333333333333,1,0
one-field-control,341,field-average,0.9953333333333333,0.9953333333333333,0.9953333333333333,0.9953333333333333,1,0
one-field-control,341,whole-call,0.9953333333333333,0.9953333333333333,0.9953333333333333,0.9953333333333333,1,0
one-field-control,341,joint-long-schema,0.9953333333333333,0.9953333333333333,0.9953333333333333,0.9953333333333333,1,0
one-field-control,342,field-average,0.995,0.995,0.995,0.995,1,0
one-field-control,342,whole-call,0.995,0.995,0.995,0.995,1,0
one-field-control,342,joint-long-schema,0.995,0.995,0.995,0.995,1,0
one-field-control,343,field-average,0.989,0.989,0.989,0.989,0,0
one-field-control,343,whole-call,0.989,0.989,0.989,0.989,1,0
one-field-control,343,joint-long-schema,0.989,0.989,0.989,0.989,1,0
one-field-control,344,field-average,0.994,0.994,0.994,0.994,1,0
one-field-control,344,whole-call,0.994,0.994,0.994,0.994,1,0
one-field-control,344,joint-long-schema,0.994,0.994,0.994,0.994,1,0
one-field-control,345,field-average,0.9946666666666667,0.9946666666666667,0.9946666666666667,0.9946666666666667,1,0
one-field-control,345,whole-call,0.9946666666666667,0.9946666666666667,0.9946666666666667,0.9946666666666667,1,0
one-field-control,345,joint-long-schema,0.9946666666666667,0.9946666666666667,0.9946666666666667,0.9946666666666667,1,0
one-field-control,346,field-average,0.9953333333333333,0.9953333333333333,0.9953333333333333,0.9953333333333333,1,0
one-field-control,346,whole-call,0.9953333333333333,0.9953333333333333,0.9953333333333333,0.9953333333333333,1,0
one-field-control,346,joint-long-schema,0.9953333333333333,0.9953333333333333,0.9953333333333333,0.9953333333333333,1,0
one-field-control,347,field-average,0.991,0.991,0.991,0.991,1,0
one-field-control,347,whole-call,0.991,0.991,0.991,0.991,1,0
one-field-control,347,joint-long-schema,0.991,0.991,0.991,0.991,1,0
one-field-control,348,field-average,0.992,0.992,0.992,0.992,1,0
one-field-control,348,whole-call,0.992,0.992,0.992,0.992,1,0
one-field-control,348,joint-long-schema,0.992,0.992,0.992,0.992,1,0
one-field-control,349,field-average,0.9956666666666667,0.9956666666666667,0.9956666666666667,0.9956666666666667,1,0
one-field-control,349,whole-call,0.9956666666666667,0.9956666666666667,0.9956666666666667,0.9956666666666667,1,0
one-field-control,349,joint-long-schema,0.9956666666666667,0.9956666666666667,0.9956666666666667,0.9956666666666667,1,0
one-field-control,350,field-average,0.995,0.995,0.995,0.995,1,0
one-field-control,350,whole-call,0.995,0.995,0.995,0.995,1,0
one-field-control,350,joint-long-schema,0.995,0.995,0.995,0.995,1,0
one-field-control,351,field-average,0.9963333333333333,0.9963333333333333,0.9963333333333333,0.9963333333333333,1,0
one-field-control,351,whole-call,0.9963333333333333,0.9963333333333333,0.9963333333333333,0.9963333333333333,1,0
one-field-control,351,joint-long-schema,0.9963333333333333,0.9963333333333333,0.9963333333333333,0.9963333333333333,1,0
one-field-control,352,field-average,0.9926666666666667,0.9926666666666667,0.9926666666666667,0.9926666666666667,1,0
one-field-control,352,whole-call,0.9926666666666667,0.9926666666666667,0.9926666666666667,0.9926666666666667,1,0
one-field-control,352,joint-long-schema,0.9926666666666667,0.9926666666666667,0.9926666666666667,0.9926666666666667,1,0
one-field-control,353,field-average,0.9933333333333333,0.9933333333333333,0.9933333333333333,0.9933333333333333,1,0
one-field-control,353,whole-call,0.9933333333333333,0.9933333333333333,0.9933333333333333,0.9933333333333333,1,0
one-field-control,353,joint-long-schema,0.9933333333333333,0.9933333333333333,0.9933333333333333,0.9933333333333333,1,0
one-field-control,354,field-average,0.9963333333333333,0.9963333333333333,0.9963333333333333,0.9963333333333333,1,0
one-field-control,354,whole-call,0.9963333333333333,0.9963333333333333,0.9963333333333333,0.9963333333333333,1,0
one-field-control,354,joint-long-schema,0.9963333333333333,0.9963333333333333,0.9963333333333333,0.9963333333333333,1,0
one-field-control,355,field-average,0.993,0.993,0.993,0.993,1,0
one-field-control,355,whole-call,0.993,0.993,0.993,0.993,1,0
one-field-control,355,joint-long-schema,0.993,0.993,0.993,0.993,1,0
one-field-control,356,field-average,0.994,0.994,0.994,0.994,1,0
one-field-control,356,whole-call,0.994,0.994,0.994,0.994,1,0
one-field-control,356,joint-long-schema,0.994,0.994,0.994,0.994,1,0
one-field-control,357,field-average,0.9946666666666667,0.9946666666666667,0.9946666666666667,0.9946666666666667,1,0
one-field-control,357,whole-call,0.9946666666666667,0.9946666666666667,0.9946666666666667,0.9946666666666667,1,0
one-field-control,357,joint-long-schema,0.9946666666666667,0.9946666666666667,0.9946666666666667,0.9946666666666667,1,0
one-field-control,358,field-average,0.994,0.994,0.994,0.994,1,0
one-field-control,358,whole-call,0.994,0.994,0.994,0.994,1,0
one-field-control,358,joint-long-schema,0.994,0.994,0.994,0.994,1,0
one-field-control,359,field-average,0.9923333333333333,0.9923333333333333,0.9923333333333333,0.9923333333333333,1,0
one-field-control,359,whole-call,0.9923333333333333,0.9923333333333333,0.9923333333333333,0.9923333333333333,1,0
one-field-control,359,joint-long-schema,0.9923333333333333,0.9923333333333333,0.9923333333333333,0.9923333333333333,1,0
one-field-control,360,field-average,0.9943333333333333,0.9943333333333333,0.9943333333333333,0.9943333333333333,1,0
one-field-control,360,whole-call,0.9943333333333333,0.9943333333333333,0.9943333333333333,0.9943333333333333,1,0
one-field-control,360,joint-long-schema,0.9943333333333333,0.9943333333333333,0.9943333333333333,0.9943333333333333,1,0
one-field-control,361,field-average,0.9943333333333333,0.9943333333333333,0.9943333333333333,0.9943333333333333,1,0
one-field-control,361,whole-call,0.9943333333333333,0.9943333333333333,0.9943333333333333,0.9943333333333333,1,0
one-field-control,361,joint-long-schema,0.9943333333333333,0.9943333333333333,0.9943333333333333,0.9943333333333333,1,0
one-field-control,362,field-average,0.9933333333333333,0.9933333333333333,0.9933333333333333,0.9933333333333333,1,0
one-field-control,362,whole-call,0.9933333333333333,0.9933333333333333,0.9933333333333333,0.9933333333333333,1,0
one-field-control,362,joint-long-schema,0.9933333333333333,0.9933333333333333,0.9933333333333333,0.9933333333333333,1,0
one-field-control,363,field-average,0.9953333333333333,0.9953333333333333,0.9953333333333333,0.9953333333333333,1,0
one-field-control,363,whole-call,0.9953333333333333,0.9953333333333333,0.9953333333333333,0.9953333333333333,1,0
one-field-control,363,joint-long-schema,0.9953333333333333,0.9953333333333333,0.9953333333333333,0.9953333333333333,1,0
one-field-control,364,field-average,0.995,0.995,0.995,0.995,1,0
one-field-control,364,whole-call,0.995,0.995,0.995,0.995,1,0
one-field-control,364,joint-long-schema,0.995,0.995,0.995,0.995,1,0
one-field-control,365,field-average,0.9966666666666667,0.9966666666666667,0.9966666666666667,0.9966666666666667,1,0
one-field-control,365,whole-call,0.9966666666666667,0.9966666666666667,0.9966666666666667,0.9966666666666667,1,0
one-field-control,365,joint-long-schema,0.9966666666666667,0.9966666666666667,0.9966666666666667,0.9966666666666667,1,0
one-field-control,366,field-average,0.9946666666666667,0.9946666666666667,0.9946666666666667,0.9946666666666667,1,0
one-field-control,366,whole-call,0.9946666666666667,0.9946666666666667,0.9946666666666667,0.9946666666666667,1,0
one-field-control,366,joint-long-schema,0.9946666666666667,0.9946666666666667,0.9946666666666667,0.9946666666666667,1,0
one-field-control,367,field-average,0.995,0.995,0.995,0.995,1,0
one-field-control,367,whole-call,0.995,0.995,0.995,0.995,1,0
one-field-control,367,joint-long-schema,0.995,0.995,0.995,0.995,1,0
one-field-control,368,field-average,0.9946666666666667,0.9946666666666667,0.9946666666666667,0.9946666666666667,1,0
one-field-control,368,whole-call,0.9946666666666667,0.9946666666666667,0.9946666666666667,0.9946666666666667,1,0
one-field-control,368,joint-long-schema,0.9946666666666667,0.9946666666666667,0.9946666666666667,0.9946666666666667,1,0
one-field-control,369,field-average,0.9963333333333333,0.9963333333333333,0.9963333333333333,0.9963333333333333,1,0
one-field-control,369,whole-call,0.9963333333333333,0.9963333333333333,0.9963333333333333,0.9963333333333333,1,0
one-field-control,369,joint-long-schema,0.9963333333333333,0.9963333333333333,0.9963333333333333,0.9963333333333333,1,0
one-field-control,370,field-average,0.9916666666666667,0.9916666666666667,0.9916666666666667,0.9916666666666667,1,0
one-field-control,370,whole-call,0.9916666666666667,0.9916666666666667,0.9916666666666667,0.9916666666666667,1,0
one-field-control,370,joint-long-schema,0.9916666666666667,0.9916666666666667,0.9916666666666667,0.9916666666666667,1,0
one-field-control,371,field-average,0.993,0.993,0.993,0.993,1,0
one-field-control,371,whole-call,0.993,0.993,0.993,0.993,1,0
one-field-control,371,joint-long-schema,0.993,0.993,0.993,0.993,1,0
one-field-control,372,field-average,0.9943333333333333,0.9943333333333333,0.9943333333333333,0.9943333333333333,1,0
one-field-control,372,whole-call,0.9943333333333333,0.9943333333333333,0.9943333333333333,0.9943333333333333,1,0
one-field-control,372,joint-long-schema,0.9943333333333333,0.9943333333333333,0.9943333333333333,0.9943333333333333,1,0
one-field-control,373,field-average,0.9913333333333333,0.9913333333333333,0.9913333333333333,0.9913333333333333,1,0
one-field-control,373,whole-call,0.9913333333333333,0.9913333333333333,0.9913333333333333,0.9913333333333333,1,0
one-field-control,373,joint-long-schema,0.9913333333333333,0.9913333333333333,0.9913333333333333,0.9913333333333333,1,0
one-field-control,374,field-average,0.994,0.994,0.994,0.994,1,0
one-field-control,374,whole-call,0.994,0.994,0.994,0.994,1,0
one-field-control,374,joint-long-schema,0.994,0.994,0.994,0.994,1,0
one-field-control,375,field-average,0.9936666666666667,0.9936666666666667,0.9936666666666667,0.9936666666666667,1,0
one-field-control,375,whole-call,0.9936666666666667,0.9936666666666667,0.9936666666666667,0.9936666666666667,1,0
one-field-control,375,joint-long-schema,0.9936666666666667,0.9936666666666667,0.9936666666666667,0.9936666666666667,1,0
one-field-control,376,field-average,0.9963333333333333,0.9963333333333333,0.9963333333333333,0.9963333333333333,1,0
one-field-control,376,whole-call,0.9963333333333333,0.9963333333333333,0.9963333333333333,0.9963333333333333,1,0
one-field-control,376,joint-long-schema,0.9963333333333333,0.9963333333333333,0.9963333333333333,0.9963333333333333,1,0
one-field-control,377,field-average,0.993,0.993,0.993,0.993,1,0
one-field-control,377,whole-call,0.993,0.993,0.993,0.993,1,0
one-field-control,377,joint-long-schema,0.993,0.993,0.993,0.993,1,0
one-field-control,378,field-average,0.9953333333333333,0.9953333333333333,0.9953333333333333,0.9953333333333333,1,0
one-field-control,378,whole-call,0.9953333333333333,0.9953333333333333,0.9953333333333333,0.9953333333333333,1,0
one-field-control,378,joint-long-schema,0.9953333333333333,0.9953333333333333,0.9953333333333333,0.9953333333333333,1,0
one-field-control,379,field-average,0.9953333333333333,0.9953333333333333,0.9953333333333333,0.9953333333333333,1,0
one-field-control,379,whole-call,0.9953333333333333,0.9953333333333333,0.9953333333333333,0.9953333333333333,1,0
one-field-control,379,joint-long-schema,0.9953333333333333,0.9953333333333333,0.9953333333333333,0.9953333333333333,1,0
one-field-control,380,field-average,0.9956666666666667,0.9956666666666667,0.9956666666666667,0.9956666666666667,1,0
one-field-control,380,whole-call,0.9956666666666667,0.9956666666666667,0.9956666666666667,0.9956666666666667,1,0
one-field-control,380,joint-long-schema,0.9956666666666667,0.9956666666666667,0.9956666666666667,0.9956666666666667,1,0
one-field-control,381,field-average,0.996,0.996,0.996,0.996,1,0
one-field-control,381,whole-call,0.996,0.996,0.996,0.996,1,0
one-field-control,381,joint-long-schema,0.996,0.996,0.996,0.996,1,0
one-field-control,382,field-average,0.9946666666666667,0.9946666666666667,0.9946666666666667,0.9946666666666667,1,0
one-field-control,382,whole-call,0.9946666666666667,0.9946666666666667,0.9946666666666667,0.9946666666666667,1,0
one-field-control,382,joint-long-schema,0.9946666666666667,0.9946666666666667,0.9946666666666667,0.9946666666666667,1,0
one-field-control,383,field-average,0.9963333333333333,0.9963333333333333,0.9963333333333333,0.9963333333333333,1,0
one-field-control,383,whole-call,0.9963333333333333,0.9963333333333333,0.9963333333333333,0.9963333333333333,1,0
one-field-control,383,joint-long-schema,0.9963333333333333,0.9963333333333333,0.9963333333333333,0.9963333333333333,1,0
one-field-control,384,field-average,0.9956666666666667,0.9956666666666667,0.9956666666666667,0.9956666666666667,1,0
one-field-control,384,whole-call,0.9956666666666667,0.9956666666666667,0.9956666666666667,0.9956666666666667,1,0
one-field-control,384,joint-long-schema,0.9956666666666667,0.9956666666666667,0.9956666666666667,0.9956666666666667,1,0
one-field-control,385,field-average,0.994,0.994,0.994,0.994,1,0
one-field-control,385,whole-call,0.994,0.994,0.994,0.994,1,0
one-field-control,385,joint-long-schema,0.994,0.994,0.994,0.994,1,0
one-field-control,386,field-average,0.9956666666666667,0.9956666666666667,0.9956666666666667,0.9956666666666667,1,0
one-field-control,386,whole-call,0.9956666666666667,0.9956666666666667,0.9956666666666667,0.9956666666666667,1,0
one-field-control,386,joint-long-schema,0.9956666666666667,0.9956666666666667,0.9956666666666667,0.9956666666666667,1,0
one-field-control,387,field-average,0.9963333333333333,0.9963333333333333,0.9963333333333333,0.9963333333333333,1,0
one-field-control,387,whole-call,0.9963333333333333,0.9963333333333333,0.9963333333333333,0.9963333333333333,1,0
one-field-control,387,joint-long-schema,0.9963333333333333,0.9963333333333333,0.9963333333333333,0.9963333333333333,1,0
one-field-control,388,field-average,0.9956666666666667,0.9956666666666667,0.9956666666666667,0.9956666666666667,1,0
one-field-control,388,whole-call,0.9956666666666667,0.9956666666666667,0.9956666666666667,0.9956666666666667,1,0
one-field-control,388,joint-long-schema,0.9956666666666667,0.9956666666666667,0.9956666666666667,0.9956666666666667,1,0
one-field-control,389,field-average,0.9943333333333333,0.9943333333333333,0.9943333333333333,0.9943333333333333,1,0
one-field-control,389,whole-call,0.9943333333333333,0.9943333333333333,0.9943333333333333,0.9943333333333333,1,0
one-field-control,389,joint-long-schema,0.9943333333333333,0.9943333333333333,0.9943333333333333,0.9943333333333333,1,0
one-field-control,390,field-average,0.9953333333333333,0.9953333333333333,0.9953333333333333,0.9953333333333333,1,0
one-field-control,390,whole-call,0.9953333333333333,0.9953333333333333,0.9953333333333333,0.9953333333333333,1,0
one-field-control,390,joint-long-schema,0.9953333333333333,0.9953333333333333,0.9953333333333333,0.9953333333333333,1,0
one-field-control,391,field-average,0.9953333333333333,0.9953333333333333,0.9953333333333333,0.9953333333333333,1,0
one-field-control,391,whole-call,0.9953333333333333,0.9953333333333333,0.9953333333333333,0.9953333333333333,1,0
one-field-control,391,joint-long-schema,0.9953333333333333,0.9953333333333333,0.9953333333333333,0.9953333333333333,1,0
one-field-control,392,field-average,0.995,0.995,0.995,0.995,1,0
one-field-control,392,whole-call,0.995,0.995,0.995,0.995,1,0
one-field-control,392,joint-long-schema,0.995,0.995,0.995,0.995,1,0
one-field-control,393,field-average,0.994,0.994,0.994,0.994,1,0
one-field-control,393,whole-call,0.994,0.994,0.994,0.994,1,0
one-field-control,393,joint-long-schema,0.994,0.994,0.994,0.994,1,0
one-field-control,394,field-average,0.996,0.996,0.996,0.996,1,0
one-field-control,394,whole-call,0.996,0.996,0.996,0.996,1,0
one-field-control,394,joint-long-schema,0.996,0.996,0.996,0.996,1,0
one-field-control,395,field-average,0.9966666666666667,0.9966666666666667,0.9966666666666667,0.9966666666666667,1,0
one-field-control,395,whole-call,0.9966666666666667,0.9966666666666667,0.9966666666666667,0.9966666666666667,1,0
one-field-control,395,joint-long-schema,0.9966666666666667,0.9966666666666667,0.9966666666666667,0.9966666666666667,1,0
one-field-control,396,field-average,0.9943333333333333,0.9943333333333333,0.9943333333333333,0.9943333333333333,1,0
one-field-control,396,whole-call,0.9943333333333333,0.9943333333333333,0.9943333333333333,0.9943333333333333,1,0
one-field-control,396,joint-long-schema,0.9943333333333333,0.9943333333333333,0.9943333333333333,0.9943333333333333,1,0
one-field-control,397,field-average,0.995,0.995,0.995,0.995,1,0
one-field-control,397,whole-call,0.995,0.995,0.995,0.995,1,0
one-field-control,397,joint-long-schema,0.995,0.995,0.995,0.995,1,0
one-field-control,398,field-average,0.9923333333333333,0.9923333333333333,0.9923333333333333,0.9923333333333333,1,0
one-field-control,398,whole-call,0.9923333333333333,0.9923333333333333,0.9923333333333333,0.9923333333333333,1,0
one-field-control,398,joint-long-schema,0.9923333333333333,0.9923333333333333,0.9923333333333333,0.9923333333333333,1,0
one-field-control,399,field-average,0.9933333333333333,0.9933333333333333,0.9933333333333333,0.9933333333333333,1,0
one-field-control,399,whole-call,0.9933333333333333,0.9933333333333333,0.9933333333333333,0.9933333333333333,1,0
one-field-control,399,joint-long-schema,0.9933333333333333,0.9933333333333333,0.9933333333333333,0.9933333333333333,1,0
one-field-control,400,field-average,0.9943333333333333,0.9943333333333333,0.9943333333333333,0.9943333333333333,1,0
one-field-control,400,whole-call,0.9943333333333333,0.9943333333333333,0.9943333333333333,0.9943333333333333,1,0
one-field-control,400,joint-long-schema,0.9943333333333333,0.9943333333333333,0.9943333333333333,0.9943333333333333,1,0
one-field-control,401,field-average,0.9963333333333333,0.9963333333333333,0.9963333333333333,0.9963333333333333,1,0
one-field-control,401,whole-call,0.9963333333333333,0.9963333333333333,0.9963333333333333,0.9963333333333333,1,0
one-field-control,401,joint-long-schema,0.9963333333333333,0.9963333333333333,0.9963333333333333,0.9963333333333333,1,0
one-field-control,402,field-average,0.995,0.995,0.995,0.995,1,0
one-field-control,402,whole-call,0.995,0.995,0.995,0.995,1,0
one-field-control,402,joint-long-schema,0.995,0.995,0.995,0.995,1,0
one-field-control,403,field-average,0.9936666666666667,0.9936666666666667,0.9936666666666667,0.9936666666666667,1,0
one-field-control,403,whole-call,0.9936666666666667,0.9936666666666667,0.9936666666666667,0.9936666666666667,1,0
one-field-control,403,joint-long-schema,0.9936666666666667,0.9936666666666667,0.9936666666666667,0.9936666666666667,1,0
one-field-control,404,field-average,0.9936666666666667,0.9936666666666667,0.9936666666666667,0.9936666666666667,1,0
one-field-control,404,whole-call,0.9936666666666667,0.9936666666666667,0.9936666666666667,0.9936666666666667,1,0
one-field-control,404,joint-long-schema,0.9936666666666667,0.9936666666666667,0.9936666666666667,0.9936666666666667,1,0
one-field-control,405,field-average,0.9963333333333333,0.9963333333333333,0.9963333333333333,0.9963333333333333,1,0
one-field-control,405,whole-call,0.9963333333333333,0.9963333333333333,0.9963333333333333,0.9963333333333333,1,0
one-field-control,405,joint-long-schema,0.9963333333333333,0.9963333333333333,0.9963333333333333,0.9963333333333333,1,0
one-field-control,406,field-average,0.9916666666666667,0.9916666666666667,0.9916666666666667,0.9916666666666667,1,0
one-field-control,406,whole-call,0.9916666666666667,0.9916666666666667,0.9916666666666667,0.9916666666666667,1,0
one-field-control,406,joint-long-schema,0.9916666666666667,0.9916666666666667,0.9916666666666667,0.9916666666666667,1,0
one-field-control,407,field-average,0.995,0.995,0.995,0.995,1,0
one-field-control,407,whole-call,0.995,0.995,0.995,0.995,1,0
one-field-control,407,joint-long-schema,0.995,0.995,0.995,0.995,1,0
one-field-control,408,field-average,0.9946666666666667,0.9946666666666667,0.9946666666666667,0.9946666666666667,1,0
one-field-control,408,whole-call,0.9946666666666667,0.9946666666666667,0.9946666666666667,0.9946666666666667,1,0
one-field-control,408,joint-long-schema,0.9946666666666667,0.9946666666666667,0.9946666666666667,0.9946666666666667,1,0
one-field-control,409,field-average,0.9943333333333333,0.9943333333333333,0.9943333333333333,0.9943333333333333,1,0
one-field-control,409,whole-call,0.9943333333333333,0.9943333333333333,0.9943333333333333,0.9943333333333333,1,0
one-field-control,409,joint-long-schema,0.9943333333333333,0.9943333333333333,0.9943333333333333,0.9943333333333333,1,0
one-field-control,410,field-average,0.995,0.995,0.995,0.995,1,0
one-field-control,410,whole-call,0.995,0.995,0.995,0.995,1,0
one-field-control,410,joint-long-schema,0.995,0.995,0.995,0.995,1,0
one-field-control,411,field-average,0.995,0.995,0.995,0.995,1,0
one-field-control,411,whole-call,0.995,0.995,0.995,0.995,1,0
one-field-control,411,joint-long-schema,0.995,0.995,0.995,0.995,1,0
one-field-control,412,field-average,0.993,0.993,0.993,0.993,1,0
one-field-control,412,whole-call,0.993,0.993,0.993,0.993,1,0
one-field-control,412,joint-long-schema,0.993,0.993,0.993,0.993,1,0
one-field-control,413,field-average,0.9946666666666667,0.9946666666666667,0.9946666666666667,0.9946666666666667,1,0
one-field-control,413,whole-call,0.9946666666666667,0.9946666666666667,0.9946666666666667,0.9946666666666667,1,0
one-field-control,413,joint-long-schema,0.9946666666666667,0.9946666666666667,0.9946666666666667,0.9946666666666667,1,0
one-field-control,414,field-average,0.9913333333333333,0.9913333333333333,0.9913333333333333,0.9913333333333333,1,0
one-field-control,414,whole-call,0.9913333333333333,0.9913333333333333,0.9913333333333333,0.9913333333333333,1,0
one-field-control,414,joint-long-schema,0.9913333333333333,0.9913333333333333,0.9913333333333333,0.9913333333333333,1,0
one-field-control,415,field-average,0.9936666666666667,0.9936666666666667,0.9936666666666667,0.9936666666666667,1,0
one-field-control,415,whole-call,0.9936666666666667,0.9936666666666667,0.9936666666666667,0.9936666666666667,1,0
one-field-control,415,joint-long-schema,0.9936666666666667,0.9936666666666667,0.9936666666666667,0.9936666666666667,1,0
one-field-control,416,field-average,0.991,0.991,0.991,0.991,1,0
one-field-control,416,whole-call,0.991,0.991,0.991,0.991,1,0
one-field-control,416,joint-long-schema,0.991,0.991,0.991,0.991,1,0
one-field-control,417,field-average,0.9966666666666667,0.9966666666666667,0.9966666666666667,0.9966666666666667,1,0
one-field-control,417,whole-call,0.9966666666666667,0.9966666666666667,0.9966666666666667,0.9966666666666667,1,0
one-field-control,417,joint-long-schema,0.9966666666666667,0.9966666666666667,0.9966666666666667,0.9966666666666667,1,0
one-field-control,418,field-average,0.9963333333333333,0.9963333333333333,0.9963333333333333,0.9963333333333333,1,0
one-field-control,418,whole-call,0.9963333333333333,0.9963333333333333,0.9963333333333333,0.9963333333333333,1,0
one-field-control,418,joint-long-schema,0.9963333333333333,0.9963333333333333,0.9963333333333333,0.9963333333333333,1,0
one-field-control,419,field-average,0.9956666666666667,0.9956666666666667,0.9956666666666667,0.9956666666666667,1,0
one-field-control,419,whole-call,0.9956666666666667,0.9956666666666667,0.9956666666666667,0.9956666666666667,1,0
one-field-control,419,joint-long-schema,0.9956666666666667,0.9956666666666667,0.9956666666666667,0.9956666666666667,1,0
one-field-control,420,field-average,0.993,0.993,0.993,0.993,1,0
one-field-control,420,whole-call,0.993,0.993,0.993,0.993,1,0
one-field-control,420,joint-long-schema,0.993,0.993,0.993,0.993,1,0
one-field-control,421,field-average,0.995,0.995,0.995,0.995,1,0
one-field-control,421,whole-call,0.995,0.995,0.995,0.995,1,0
one-field-control,421,joint-long-schema,0.995,0.995,0.995,0.995,1,0
one-field-control,422,field-average,0.9933333333333333,0.9933333333333333,0.9933333333333333,0.9933333333333333,1,0
one-field-control,422,whole-call,0.9933333333333333,0.9933333333333333,0.9933333333333333,0.9933333333333333,1,0
one-field-control,422,joint-long-schema,0.9933333333333333,0.9933333333333333,0.9933333333333333,0.9933333333333333,1,0
one-field-control,423,field-average,0.9946666666666667,0.9946666666666667,0.9946666666666667,0.9946666666666667,1,0
one-field-control,423,whole-call,0.9946666666666667,0.9946666666666667,0.9946666666666667,0.9946666666666667,1,0
one-field-control,423,joint-long-schema,0.9946666666666667,0.9946666666666667,0.9946666666666667,0.9946666666666667,1,0
one-field-control,424,field-average,0.995,0.995,0.995,0.995,1,0
one-field-control,424,whole-call,0.995,0.995,0.995,0.995,1,0
one-field-control,424,joint-long-schema,0.995,0.995,0.995,0.995,1,0
one-field-control,425,field-average,0.997,0.997,0.997,0.997,1,0
one-field-control,425,whole-call,0.997,0.997,0.997,0.997,1,0
one-field-control,425,joint-long-schema,0.997,0.997,0.997,0.997,1,0
one-field-control,426,field-average,0.9946666666666667,0.9946666666666667,0.9946666666666667,0.9946666666666667,1,0
one-field-control,426,whole-call,0.9946666666666667,0.9946666666666667,0.9946666666666667,0.9946666666666667,1,0
one-field-control,426,joint-long-schema,0.9946666666666667,0.9946666666666667,0.9946666666666667,0.9946666666666667,1,0
one-field-control,427,field-average,0.9953333333333333,0.9953333333333333,0.9953333333333333,0.9953333333333333,1,0
one-field-control,427,whole-call,0.9953333333333333,0.9953333333333333,0.9953333333333333,0.9953333333333333,1,0
one-field-control,427,joint-long-schema,0.9953333333333333,0.9953333333333333,0.9953333333333333,0.9953333333333333,1,0
one-field-control,428,field-average,0.9913333333333333,0.9913333333333333,0.9913333333333333,0.9913333333333333,1,0
one-field-control,428,whole-call,0.9913333333333333,0.9913333333333333,0.9913333333333333,0.9913333333333333,1,0
one-field-control,428,joint-long-schema,0.9913333333333333,0.9913333333333333,0.9913333333333333,0.9913333333333333,1,0
one-field-control,429,field-average,0.9973333333333333,0.9973333333333333,0.9973333333333333,0.9973333333333333,1,0
one-field-control,429,whole-call,0.9973333333333333,0.9973333333333333,0.9973333333333333,0.9973333333333333,1,0
one-field-control,429,joint-long-schema,0.9973333333333333,0.9973333333333333,0.9973333333333333,0.9973333333333333,1,0
one-field-control,430,field-average,0.996,0.996,0.996,0.996,1,0
one-field-control,430,whole-call,0.996,0.996,0.996,0.996,1,0
one-field-control,430,joint-long-schema,0.996,0.996,0.996,0.996,1,0
one-field-control,431,field-average,0.992,0.992,0.992,0.992,1,0
one-field-control,431,whole-call,0.992,0.992,0.992,0.992,1,0
one-field-control,431,joint-long-schema,0.992,0.992,0.992,0.992,1,0
one-field-control,432,field-average,0.993,0.993,0.993,0.993,1,0
one-field-control,432,whole-call,0.993,0.993,0.993,0.993,1,0
one-field-control,432,joint-long-schema,0.993,0.993,0.993,0.993,1,0
one-field-control,433,field-average,0.9966666666666667,0.9966666666666667,0.9966666666666667,0.9966666666666667,1,0
one-field-control,433,whole-call,0.9966666666666667,0.9966666666666667,0.9966666666666667,0.9966666666666667,1,0
one-field-control,433,joint-long-schema,0.9966666666666667,0.9966666666666667,0.9966666666666667,0.9966666666666667,1,0
one-field-control,434,field-average,0.9946666666666667,0.9946666666666667,0.9946666666666667,0.9946666666666667,1,0
one-field-control,434,whole-call,0.9946666666666667,0.9946666666666667,0.9946666666666667,0.9946666666666667,1,0
one-field-control,434,joint-long-schema,0.9946666666666667,0.9946666666666667,0.9946666666666667,0.9946666666666667,1,0
one-field-control,435,field-average,0.9926666666666667,0.9926666666666667,0.9926666666666667,0.9926666666666667,1,0
one-field-control,435,whole-call,0.9926666666666667,0.9926666666666667,0.9926666666666667,0.9926666666666667,1,0
one-field-control,435,joint-long-schema,0.9926666666666667,0.9926666666666667,0.9926666666666667,0.9926666666666667,1,0
one-field-control,436,field-average,0.9943333333333333,0.9943333333333333,0.9943333333333333,0.9943333333333333,1,0
one-field-control,436,whole-call,0.9943333333333333,0.9943333333333333,0.9943333333333333,0.9943333333333333,1,0
one-field-control,436,joint-long-schema,0.9943333333333333,0.9943333333333333,0.9943333333333333,0.9943333333333333,1,0
one-field-control,437,field-average,0.9953333333333333,0.9953333333333333,0.9953333333333333,0.9953333333333333,1,0
one-field-control,437,whole-call,0.9953333333333333,0.9953333333333333,0.9953333333333333,0.9953333333333333,1,0
one-field-control,437,joint-long-schema,0.9953333333333333,0.9953333333333333,0.9953333333333333,0.9953333333333333,1,0
one-field-control,438,field-average,0.995,0.995,0.995,0.995,1,0
one-field-control,438,whole-call,0.995,0.995,0.995,0.995,1,0
one-field-control,438,joint-long-schema,0.995,0.995,0.995,0.995,1,0
one-field-control,439,field-average,0.9926666666666667,0.9926666666666667,0.9926666666666667,0.9926666666666667,1,0
one-field-control,439,whole-call,0.9926666666666667,0.9926666666666667,0.9926666666666667,0.9926666666666667,1,0
one-field-control,439,joint-long-schema,0.9926666666666667,0.9926666666666667,0.9926666666666667,0.9926666666666667,1,0
one-field-control,440,field-average,0.9943333333333333,0.9943333333333333,0.9943333333333333,0.9943333333333333,1,0
one-field-control,440,whole-call,0.9943333333333333,0.9943333333333333,0.9943333333333333,0.9943333333333333,1,0
one-field-control,440,joint-long-schema,0.9943333333333333,0.9943333333333333,0.9943333333333333,0.9943333333333333,1,0
one-field-control,441,field-average,0.994,0.994,0.994,0.994,1,0
one-field-control,441,whole-call,0.994,0.994,0.994,0.994,1,0
one-field-control,441,joint-long-schema,0.994,0.994,0.994,0.994,1,0
one-field-control,442,field-average,0.9936666666666667,0.9936666666666667,0.9936666666666667,0.9936666666666667,1,0
one-field-control,442,whole-call,0.9936666666666667,0.9936666666666667,0.9936666666666667,0.9936666666666667,1,0
one-field-control,442,joint-long-schema,0.9936666666666667,0.9936666666666667,0.9936666666666667,0.9936666666666667,1,0
one-field-control,443,field-average,0.995,0.995,0.995,0.995,1,0
one-field-control,443,whole-call,0.995,0.995,0.995,0.995,1,0
one-field-control,443,joint-long-schema,0.995,0.995,0.995,0.995,1,0
one-field-control,444,field-average,0.996,0.996,0.996,0.996,1,0
one-field-control,444,whole-call,0.996,0.996,0.996,0.996,1,0
one-field-control,444,joint-long-schema,0.996,0.996,0.996,0.996,1,0
one-field-control,445,field-average,0.9946666666666667,0.9946666666666667,0.9946666666666667,0.9946666666666667,1,0
one-field-control,445,whole-call,0.9946666666666667,0.9946666666666667,0.9946666666666667,0.9946666666666667,1,0
one-field-control,445,joint-long-schema,0.9946666666666667,0.9946666666666667,0.9946666666666667,0.9946666666666667,1,0
one-field-control,446,field-average,0.9963333333333333,0.9963333333333333,0.9963333333333333,0.9963333333333333,1,0
one-field-control,446,whole-call,0.9963333333333333,0.9963333333333333,0.9963333333333333,0.9963333333333333,1,0
one-field-control,446,joint-long-schema,0.9963333333333333,0.9963333333333333,0.9963333333333333,0.9963333333333333,1,0
one-field-control,447,field-average,0.997,0.997,0.997,0.997,1,0
one-field-control,447,whole-call,0.997,0.997,0.997,0.997,1,0
one-field-control,447,joint-long-schema,0.997,0.997,0.997,0.997,1,0
one-field-control,448,field-average,0.994,0.994,0.994,0.994,1,0
one-field-control,448,whole-call,0.994,0.994,0.994,0.994,1,0
one-field-control,448,joint-long-schema,0.994,0.994,0.994,0.994,1,0
one-field-control,449,field-average,0.9943333333333333,0.9943333333333333,0.9943333333333333,0.9943333333333333,1,0
one-field-control,449,whole-call,0.9943333333333333,0.9943333333333333,0.9943333333333333,0.9943333333333333,1,0
one-field-control,449,joint-long-schema,0.9943333333333333,0.9943333333333333,0.9943333333333333,0.9943333333333333,1,0
one-field-control,450,field-average,0.9943333333333333,0.9943333333333333,0.9943333333333333,0.9943333333333333,1,0
one-field-control,450,whole-call,0.9943333333333333,0.9943333333333333,0.9943333333333333,0.9943333333333333,1,0
one-field-control,450,joint-long-schema,0.9943333333333333,0.9943333333333333,0.9943333333333333,0.9943333333333333,1,0
one-field-control,451,field-average,0.9936666666666667,0.9936666666666667,0.9936666666666667,0.9936666666666667,1,0
one-field-control,451,whole-call,0.9936666666666667,0.9936666666666667,0.9936666666666667,0.9936666666666667,1,0
one-field-control,451,joint-long-schema,0.9936666666666667,0.9936666666666667,0.9936666666666667,0.9936666666666667,1,0
one-field-control,452,field-average,0.9956666666666667,0.9956666666666667,0.9956666666666667,0.9956666666666667,1,0
one-field-control,452,whole-call,0.9956666666666667,0.9956666666666667,0.9956666666666667,0.9956666666666667,1,0
one-field-control,452,joint-long-schema,0.9956666666666667,0.9956666666666667,0.9956666666666667,0.9956666666666667,1,0
one-field-control,453,field-average,0.9946666666666667,0.9946666666666667,0.9946666666666667,0.9946666666666667,1,0
one-field-control,453,whole-call,0.9946666666666667,0.9946666666666667,0.9946666666666667,0.9946666666666667,1,0
one-field-control,453,joint-long-schema,0.9946666666666667,0.9946666666666667,0.9946666666666667,0.9946666666666667,1,0
one-field-control,454,field-average,0.9946666666666667,0.9946666666666667,0.9946666666666667,0.9946666666666667,1,0
one-field-control,454,whole-call,0.9946666666666667,0.9946666666666667,0.9946666666666667,0.9946666666666667,1,0
one-field-control,454,joint-long-schema,0.9946666666666667,0.9946666666666667,0.9946666666666667,0.9946666666666667,1,0
one-field-control,455,field-average,0.9933333333333333,0.9933333333333333,0.9933333333333333,0.9933333333333333,1,0
one-field-control,455,whole-call,0.9933333333333333,0.9933333333333333,0.9933333333333333,0.9933333333333333,1,0
one-field-control,455,joint-long-schema,0.9933333333333333,0.9933333333333333,0.9933333333333333,0.9933333333333333,1,0
one-field-control,456,field-average,0.993,0.993,0.993,0.993,1,0
one-field-control,456,whole-call,0.993,0.993,0.993,0.993,1,0
one-field-control,456,joint-long-schema,0.993,0.993,0.993,0.993,1,0
one-field-control,457,field-average,0.994,0.994,0.994,0.994,1,0
one-field-control,457,whole-call,0.994,0.994,0.994,0.994,1,0
one-field-control,457,joint-long-schema,0.994,0.994,0.994,0.994,1,0
one-field-control,458,field-average,0.995,0.995,0.995,0.995,1,0
one-field-control,458,whole-call,0.995,0.995,0.995,0.995,1,0
one-field-control,458,joint-long-schema,0.995,0.995,0.995,0.995,1,0
one-field-control,459,field-average,0.9936666666666667,0.9936666666666667,0.9936666666666667,0.9936666666666667,1,0
one-field-control,459,whole-call,0.9936666666666667,0.9936666666666667,0.9936666666666667,0.9936666666666667,1,0
one-field-control,459,joint-long-schema,0.9936666666666667,0.9936666666666667,0.9936666666666667,0.9936666666666667,1,0
one-field-control,460,field-average,0.994,0.994,0.994,0.994,1,0
one-field-control,460,whole-call,0.994,0.994,0.994,0.994,1,0
one-field-control,460,joint-long-schema,0.994,0.994,0.994,0.994,1,0
one-field-control,461,field-average,0.993,0.993,0.993,0.993,1,0
one-field-control,461,whole-call,0.993,0.993,0.993,0.993,1,0
one-field-control,461,joint-long-schema,0.993,0.993,0.993,0.993,1,0
one-field-control,462,field-average,0.9946666666666667,0.9946666666666667,0.9946666666666667,0.9946666666666667,1,0
one-field-control,462,whole-call,0.9946666666666667,0.9946666666666667,0.9946666666666667,0.9946666666666667,1,0
one-field-control,462,joint-long-schema,0.9946666666666667,0.9946666666666667,0.9946666666666667,0.9946666666666667,1,0
one-field-control,463,field-average,0.9943333333333333,0.9943333333333333,0.9943333333333333,0.9943333333333333,1,0
one-field-control,463,whole-call,0.9943333333333333,0.9943333333333333,0.9943333333333333,0.9943333333333333,1,0
one-field-control,463,joint-long-schema,0.9943333333333333,0.9943333333333333,0.9943333333333333,0.9943333333333333,1,0
one-field-control,464,field-average,0.9953333333333333,0.9953333333333333,0.9953333333333333,0.9953333333333333,1,0
one-field-control,464,whole-call,0.9953333333333333,0.9953333333333333,0.9953333333333333,0.9953333333333333,1,0
one-field-control,464,joint-long-schema,0.9953333333333333,0.9953333333333333,0.9953333333333333,0.9953333333333333,1,0
one-field-control,465,field-average,0.9966666666666667,0.9966666666666667,0.9966666666666667,0.9966666666666667,1,0
one-field-control,465,whole-call,0.9966666666666667,0.9966666666666667,0.9966666666666667,0.9966666666666667,1,0
one-field-control,465,joint-long-schema,0.9966666666666667,0.9966666666666667,0.9966666666666667,0.9966666666666667,1,0
one-field-control,466,field-average,0.9936666666666667,0.9936666666666667,0.9936666666666667,0.9936666666666667,1,0
one-field-control,466,whole-call,0.9936666666666667,0.9936666666666667,0.9936666666666667,0.9936666666666667,1,0
one-field-control,466,joint-long-schema,0.9936666666666667,0.9936666666666667,0.9936666666666667,0.9936666666666667,1,0
one-field-control,467,field-average,0.995,0.995,0.995,0.995,1,0
one-field-control,467,whole-call,0.995,0.995,0.995,0.995,1,0
one-field-control,467,joint-long-schema,0.995,0.995,0.995,0.995,1,0
one-field-control,468,field-average,0.9923333333333333,0.9923333333333333,0.9923333333333333,0.9923333333333333,1,0
one-field-control,468,whole-call,0.9923333333333333,0.9923333333333333,0.9923333333333333,0.9923333333333333,1,0
one-field-control,468,joint-long-schema,0.9923333333333333,0.9923333333333333,0.9923333333333333,0.9923333333333333,1,0
one-field-control,469,field-average,0.9956666666666667,0.9956666666666667,0.9956666666666667,0.9956666666666667,1,0
one-field-control,469,whole-call,0.9956666666666667,0.9956666666666667,0.9956666666666667,0.9956666666666667,1,0
one-field-control,469,joint-long-schema,0.9956666666666667,0.9956666666666667,0.9956666666666667,0.9956666666666667,1,0
one-field-control,470,field-average,0.9923333333333333,0.9923333333333333,0.9923333333333333,0.9923333333333333,1,0
one-field-control,470,whole-call,0.9923333333333333,0.9923333333333333,0.9923333333333333,0.9923333333333333,1,0
one-field-control,470,joint-long-schema,0.9923333333333333,0.9923333333333333,0.9923333333333333,0.9923333333333333,1,0
one-field-control,471,field-average,0.9953333333333333,0.9953333333333333,0.9953333333333333,0.9953333333333333,1,0
one-field-control,471,whole-call,0.9953333333333333,0.9953333333333333,0.9953333333333333,0.9953333333333333,1,0
one-field-control,471,joint-long-schema,0.9953333333333333,0.9953333333333333,0.9953333333333333,0.9953333333333333,1,0
one-field-control,472,field-average,0.9953333333333333,0.9953333333333333,0.9953333333333333,0.9953333333333333,1,0
one-field-control,472,whole-call,0.9953333333333333,0.9953333333333333,0.9953333333333333,0.9953333333333333,1,0
one-field-control,472,joint-long-schema,0.9953333333333333,0.9953333333333333,0.9953333333333333,0.9953333333333333,1,0
one-field-control,473,field-average,0.9946666666666667,0.9946666666666667,0.9946666666666667,0.9946666666666667,1,0
one-field-control,473,whole-call,0.9946666666666667,0.9946666666666667,0.9946666666666667,0.9946666666666667,1,0
one-field-control,473,joint-long-schema,0.9946666666666667,0.9946666666666667,0.9946666666666667,0.9946666666666667,1,0
one-field-control,474,field-average,0.9956666666666667,0.9956666666666667,0.9956666666666667,0.9956666666666667,1,0
one-field-control,474,whole-call,0.9956666666666667,0.9956666666666667,0.9956666666666667,0.9956666666666667,1,0
one-field-control,474,joint-long-schema,0.9956666666666667,0.9956666666666667,0.9956666666666667,0.9956666666666667,1,0
one-field-control,475,field-average,0.9933333333333333,0.9933333333333333,0.9933333333333333,0.9933333333333333,1,0
one-field-control,475,whole-call,0.9933333333333333,0.9933333333333333,0.9933333333333333,0.9933333333333333,1,0
one-field-control,475,joint-long-schema,0.9933333333333333,0.9933333333333333,0.9933333333333333,0.9933333333333333,1,0
one-field-control,476,field-average,0.995,0.995,0.995,0.995,1,0
one-field-control,476,whole-call,0.995,0.995,0.995,0.995,1,0
one-field-control,476,joint-long-schema,0.995,0.995,0.995,0.995,1,0
one-field-control,477,field-average,0.9936666666666667,0.9936666666666667,0.9936666666666667,0.9936666666666667,1,0
one-field-control,477,whole-call,0.9936666666666667,0.9936666666666667,0.9936666666666667,0.9936666666666667,1,0
one-field-control,477,joint-long-schema,0.9936666666666667,0.9936666666666667,0.9936666666666667,0.9936666666666667,1,0
one-field-control,478,field-average,0.9943333333333333,0.9943333333333333,0.9943333333333333,0.9943333333333333,1,0
one-field-control,478,whole-call,0.9943333333333333,0.9943333333333333,0.9943333333333333,0.9943333333333333,1,0
one-field-control,478,joint-long-schema,0.9943333333333333,0.9943333333333333,0.9943333333333333,0.9943333333333333,1,0
one-field-control,479,field-average,0.993,0.993,0.993,0.993,1,0
one-field-control,479,whole-call,0.993,0.993,0.993,0.993,1,0
one-field-control,479,joint-long-schema,0.993,0.993,0.993,0.993,1,0
one-field-control,480,field-average,0.996,0.996,0.996,0.996,1,0
one-field-control,480,whole-call,0.996,0.996,0.996,0.996,1,0
one-field-control,480,joint-long-schema,0.996,0.996,0.996,0.996,1,0
one-field-control,481,field-average,0.995,0.995,0.995,0.995,1,0
one-field-control,481,whole-call,0.995,0.995,0.995,0.995,1,0
one-field-control,481,joint-long-schema,0.995,0.995,0.995,0.995,1,0
one-field-control,482,field-average,0.992,0.992,0.992,0.992,1,0
one-field-control,482,whole-call,0.992,0.992,0.992,0.992,1,0
one-field-control,482,joint-long-schema,0.992,0.992,0.992,0.992,1,0
one-field-control,483,field-average,0.9916666666666667,0.9916666666666667,0.9916666666666667,0.9916666666666667,1,0
one-field-control,483,whole-call,0.9916666666666667,0.9916666666666667,0.9916666666666667,0.9916666666666667,1,0
one-field-control,483,joint-long-schema,0.9916666666666667,0.9916666666666667,0.9916666666666667,0.9916666666666667,1,0
one-field-control,484,field-average,0.9973333333333333,0.9973333333333333,0.9973333333333333,0.9973333333333333,1,0
one-field-control,484,whole-call,0.9973333333333333,0.9973333333333333,0.9973333333333333,0.9973333333333333,1,0
one-field-control,484,joint-long-schema,0.9973333333333333,0.9973333333333333,0.9973333333333333,0.9973333333333333,1,0
one-field-control,485,field-average,0.9943333333333333,0.9943333333333333,0.9943333333333333,0.9943333333333333,1,0
one-field-control,485,whole-call,0.9943333333333333,0.9943333333333333,0.9943333333333333,0.9943333333333333,1,0
one-field-control,485,joint-long-schema,0.9943333333333333,0.9943333333333333,0.9943333333333333,0.9943333333333333,1,0
one-field-control,486,field-average,0.9923333333333333,0.9923333333333333,0.9923333333333333,0.9923333333333333,1,0
one-field-control,486,whole-call,0.9923333333333333,0.9923333333333333,0.9923333333333333,0.9923333333333333,1,0
one-field-control,486,joint-long-schema,0.9923333333333333,0.9923333333333333,0.9923333333333333,0.9923333333333333,1,0
one-field-control,487,field-average,0.9943333333333333,0.9943333333333333,0.9943333333333333,0.9943333333333333,1,0
one-field-control,487,whole-call,0.9943333333333333,0.9943333333333333,0.9943333333333333,0.9943333333333333,1,0
one-field-control,487,joint-long-schema,0.9943333333333333,0.9943333333333333,0.9943333333333333,0.9943333333333333,1,0
one-field-control,488,field-average,0.996,0.996,0.996,0.996,1,0
one-field-control,488,whole-call,0.996,0.996,0.996,0.996,1,0
one-field-control,488,joint-long-schema,0.996,0.996,0.996,0.996,1,0
one-field-control,489,field-average,0.992,0.992,0.992,0.992,1,0
one-field-control,489,whole-call,0.992,0.992,0.992,0.992,1,0
one-field-control,489,joint-long-schema,0.992,0.992,0.992,0.992,1,0
one-field-control,490,field-average,0.9926666666666667,0.9926666666666667,0.9926666666666667,0.9926666666666667,1,0
one-field-control,490,whole-call,0.9926666666666667,0.9926666666666667,0.9926666666666667,0.9926666666666667,1,0
one-field-control,490,joint-long-schema,0.9926666666666667,0.9926666666666667,0.9926666666666667,0.9926666666666667,1,0
one-field-control,491,field-average,0.9896666666666667,0.9896666666666667,0.9896666666666667,0.9896666666666667,0,0
one-field-control,491,whole-call,0.9896666666666667,0.9896666666666667,0.9896666666666667,0.9896666666666667,1,0
one-field-control,491,joint-long-schema,0.9896666666666667,0.9896666666666667,0.9896666666666667,0.9896666666666667,1,0
one-field-control,492,field-average,0.9953333333333333,0.9953333333333333,0.9953333333333333,0.9953333333333333,1,0
one-field-control,492,whole-call,0.9953333333333333,0.9953333333333333,0.9953333333333333,0.9953333333333333,1,0
one-field-control,492,joint-long-schema,0.9953333333333333,0.9953333333333333,0.9953333333333333,0.9953333333333333,1,0
one-field-control,493,field-average,0.996,0.996,0.996,0.996,1,0
one-field-control,493,whole-call,0.996,0.996,0.996,0.996,1,0
one-field-control,493,joint-long-schema,0.996,0.996,0.996,0.996,1,0
one-field-control,494,field-average,0.9953333333333333,0.9953333333333333,0.9953333333333333,0.9953333333333333,1,0
one-field-control,494,whole-call,0.9953333333333333,0.9953333333333333,0.9953333333333333,0.9953333333333333,1,0
one-field-control,494,joint-long-schema,0.9953333333333333,0.9953333333333333,0.9953333333333333,0.9953333333333333,1,0
one-field-control,495,field-average,0.9936666666666667,0.9936666666666667,0.9936666666666667,0.9936666666666667,1,0
one-field-control,495,whole-call,0.9936666666666667,0.9936666666666667,0.9936666666666667,0.9936666666666667,1,0
one-field-control,495,joint-long-schema,0.9936666666666667,0.9936666666666667,0.9936666666666667,0.9936666666666667,1,0
one-field-control,496,field-average,0.9963333333333333,0.9963333333333333,0.9963333333333333,0.9963333333333333,1,0
one-field-control,496,whole-call,0.9963333333333333,0.9963333333333333,0.9963333333333333,0.9963333333333333,1,0
one-field-control,496,joint-long-schema,0.9963333333333333,0.9963333333333333,0.9963333333333333,0.9963333333333333,1,0
one-field-control,497,field-average,0.9963333333333333,0.9963333333333333,0.9963333333333333,0.9963333333333333,1,0
one-field-control,497,whole-call,0.9963333333333333,0.9963333333333333,0.9963333333333333,0.9963333333333333,1,0
one-field-control,497,joint-long-schema,0.9963333333333333,0.9963333333333333,0.9963333333333333,0.9963333333333333,1,0
one-field-control,498,field-average,0.995,0.995,0.995,0.995,1,0
one-field-control,498,whole-call,0.995,0.995,0.995,0.995,1,0
one-field-control,498,joint-long-schema,0.995,0.995,0.995,0.995,1,0
one-field-control,499,field-average,0.9933333333333333,0.9933333333333333,0.9933333333333333,0.9933333333333333,1,0
one-field-control,499,whole-call,0.9933333333333333,0.9933333333333333,0.9933333333333333,0.9933333333333333,1,0
one-field-control,499,joint-long-schema,0.9933333333333333,0.9933333333333333,0.9933333333333333,0.9933333333333333,1,0
one-field-control,500,field-average,0.994,0.994,0.994,0.994,1,0
one-field-control,500,whole-call,0.994,0.994,0.994,0.994,1,0
one-field-control,500,joint-long-schema,0.994,0.994,0.994,0.994,1,0
one-field-control,501,field-average,0.9963333333333333,0.9963333333333333,0.9963333333333333,0.9963333333333333,1,0
one-field-control,501,whole-call,0.9963333333333333,0.9963333333333333,0.9963333333333333,0.9963333333333333,1,0
one-field-control,501,joint-long-schema,0.9963333333333333,0.9963333333333333,0.9963333333333333,0.9963333333333333,1,0
one-field-control,502,field-average,0.995,0.995,0.995,0.995,1,0
one-field-control,502,whole-call,0.995,0.995,0.995,0.995,1,0
one-field-control,502,joint-long-schema,0.995,0.995,0.995,0.995,1,0
one-field-control,503,field-average,0.9933333333333333,0.9933333333333333,0.9933333333333333,0.9933333333333333,1,0
one-field-control,503,whole-call,0.9933333333333333,0.9933333333333333,0.9933333333333333,0.9933333333333333,1,0
one-field-control,503,joint-long-schema,0.9933333333333333,0.9933333333333333,0.9933333333333333,0.9933333333333333,1,0
one-field-control,504,field-average,0.9973333333333333,0.9973333333333333,0.9973333333333333,0.9973333333333333,1,0
one-field-control,504,whole-call,0.9973333333333333,0.9973333333333333,0.9973333333333333,0.9973333333333333,1,0
one-field-control,504,joint-long-schema,0.9973333333333333,0.9973333333333333,0.9973333333333333,0.9973333333333333,1,0
one-field-control,505,field-average,0.9933333333333333,0.9933333333333333,0.9933333333333333,0.9933333333333333,1,0
one-field-control,505,whole-call,0.9933333333333333,0.9933333333333333,0.9933333333333333,0.9933333333333333,1,0
one-field-control,505,joint-long-schema,0.9933333333333333,0.9933333333333333,0.9933333333333333,0.9933333333333333,1,0
one-field-control,506,field-average,0.9966666666666667,0.9966666666666667,0.9966666666666667,0.9966666666666667,1,0
one-field-control,506,whole-call,0.9966666666666667,0.9966666666666667,0.9966666666666667,0.9966666666666667,1,0
one-field-control,506,joint-long-schema,0.9966666666666667,0.9966666666666667,0.9966666666666667,0.9966666666666667,1,0
one-field-control,507,field-average,0.993,0.993,0.993,0.993,1,0
one-field-control,507,whole-call,0.993,0.993,0.993,0.993,1,0
one-field-control,507,joint-long-schema,0.993,0.993,0.993,0.993,1,0
one-field-control,508,field-average,0.9953333333333333,0.9953333333333333,0.9953333333333333,0.9953333333333333,1,0
one-field-control,508,whole-call,0.9953333333333333,0.9953333333333333,0.9953333333333333,0.9953333333333333,1,0
one-field-control,508,joint-long-schema,0.9953333333333333,0.9953333333333333,0.9953333333333333,0.9953333333333333,1,0
one-field-control,509,field-average,0.995,0.995,0.995,0.995,1,0
one-field-control,509,whole-call,0.995,0.995,0.995,0.995,1,0
one-field-control,509,joint-long-schema,0.995,0.995,0.995,0.995,1,0
one-field-control,510,field-average,0.997,0.997,0.997,0.997,1,0
one-field-control,510,whole-call,0.997,0.997,0.997,0.997,1,0
one-field-control,510,joint-long-schema,0.997,0.997,0.997,0.997,1,0
one-field-control,511,field-average,0.9956666666666667,0.9956666666666667,0.9956666666666667,0.9956666666666667,1,0
one-field-control,511,whole-call,0.9956666666666667,0.9956666666666667,0.9956666666666667,0.9956666666666667,1,0
one-field-control,511,joint-long-schema,0.9956666666666667,0.9956666666666667,0.9956666666666667,0.9956666666666667,1,0
one-field-control,512,field-average,0.9963333333333333,0.9963333333333333,0.9963333333333333,0.9963333333333333,1,0
one-field-control,512,whole-call,0.9963333333333333,0.9963333333333333,0.9963333333333333,0.9963333333333333,1,0
one-field-control,512,joint-long-schema,0.9963333333333333,0.9963333333333333,0.9963333333333333,0.9963333333333333,1,0
one-field-control,513,field-average,0.9923333333333333,0.9923333333333333,0.9923333333333333,0.9923333333333333,1,0
one-field-control,513,whole-call,0.9923333333333333,0.9923333333333333,0.9923333333333333,0.9923333333333333,1,0
one-field-control,513,joint-long-schema,0.9923333333333333,0.9923333333333333,0.9923333333333333,0.9923333333333333,1,0
one-field-control,514,field-average,0.9963333333333333,0.9963333333333333,0.9963333333333333,0.9963333333333333,1,0
one-field-control,514,whole-call,0.9963333333333333,0.9963333333333333,0.9963333333333333,0.9963333333333333,1,0
one-field-control,514,joint-long-schema,0.9963333333333333,0.9963333333333333,0.9963333333333333,0.9963333333333333,1,0
one-field-control,515,field-average,0.9953333333333333,0.9953333333333333,0.9953333333333333,0.9953333333333333,1,0
one-field-control,515,whole-call,0.9953333333333333,0.9953333333333333,0.9953333333333333,0.9953333333333333,1,0
one-field-control,515,joint-long-schema,0.9953333333333333,0.9953333333333333,0.9953333333333333,0.9953333333333333,1,0
one-field-control,516,field-average,0.993,0.993,0.993,0.993,1,0
one-field-control,516,whole-call,0.993,0.993,0.993,0.993,1,0
one-field-control,516,joint-long-schema,0.993,0.993,0.993,0.993,1,0
one-field-control,517,field-average,0.9936666666666667,0.9936666666666667,0.9936666666666667,0.9936666666666667,1,0
one-field-control,517,whole-call,0.9936666666666667,0.9936666666666667,0.9936666666666667,0.9936666666666667,1,0
one-field-control,517,joint-long-schema,0.9936666666666667,0.9936666666666667,0.9936666666666667,0.9936666666666667,1,0
one-field-control,518,field-average,0.9943333333333333,0.9943333333333333,0.9943333333333333,0.9943333333333333,1,0
one-field-control,518,whole-call,0.9943333333333333,0.9943333333333333,0.9943333333333333,0.9943333333333333,1,0
one-field-control,518,joint-long-schema,0.9943333333333333,0.9943333333333333,0.9943333333333333,0.9943333333333333,1,0
one-field-control,519,field-average,0.988,0.988,0.988,0.988,0,0
one-field-control,519,whole-call,0.988,0.988,0.988,0.988,1,0
one-field-control,519,joint-long-schema,0.988,0.988,0.988,0.988,1,0
one-field-control,520,field-average,0.9976666666666667,0.9976666666666667,0.9976666666666667,0.9976666666666667,1,0
one-field-control,520,whole-call,0.9976666666666667,0.9976666666666667,0.9976666666666667,0.9976666666666667,1,0
one-field-control,520,joint-long-schema,0.9976666666666667,0.9976666666666667,0.9976666666666667,0.9976666666666667,1,0
one-field-control,521,field-average,0.9923333333333333,0.9923333333333333,0.9923333333333333,0.9923333333333333,1,0
one-field-control,521,whole-call,0.9923333333333333,0.9923333333333333,0.9923333333333333,0.9923333333333333,1,0
one-field-control,521,joint-long-schema,0.9923333333333333,0.9923333333333333,0.9923333333333333,0.9923333333333333,1,0
one-field-control,522,field-average,0.9936666666666667,0.9936666666666667,0.9936666666666667,0.9936666666666667,1,0
one-field-control,522,whole-call,0.9936666666666667,0.9936666666666667,0.9936666666666667,0.9936666666666667,1,0
one-field-control,522,joint-long-schema,0.9936666666666667,0.9936666666666667,0.9936666666666667,0.9936666666666667,1,0
one-field-control,523,field-average,0.994,0.994,0.994,0.994,1,0
one-field-control,523,whole-call,0.994,0.994,0.994,0.994,1,0
one-field-control,523,joint-long-schema,0.994,0.994,0.994,0.994,1,0
one-field-control,524,field-average,0.9936666666666667,0.9936666666666667,0.9936666666666667,0.9936666666666667,1,0
one-field-control,524,whole-call,0.9936666666666667,0.9936666666666667,0.9936666666666667,0.9936666666666667,1,0
one-field-control,524,joint-long-schema,0.9936666666666667,0.9936666666666667,0.9936666666666667,0.9936666666666667,1,0
one-field-control,525,field-average,0.9946666666666667,0.9946666666666667,0.9946666666666667,0.9946666666666667,1,0
one-field-control,525,whole-call,0.9946666666666667,0.9946666666666667,0.9946666666666667,0.9946666666666667,1,0
one-field-control,525,joint-long-schema,0.9946666666666667,0.9946666666666667,0.9946666666666667,0.9946666666666667,1,0
one-field-control,526,field-average,0.9946666666666667,0.9946666666666667,0.9946666666666667,0.9946666666666667,1,0
one-field-control,526,whole-call,0.9946666666666667,0.9946666666666667,0.9946666666666667,0.9946666666666667,1,0
one-field-control,526,joint-long-schema,0.9946666666666667,0.9946666666666667,0.9946666666666667,0.9946666666666667,1,0
one-field-control,527,field-average,0.995,0.995,0.995,0.995,1,0
one-field-control,527,whole-call,0.995,0.995,0.995,0.995,1,0
one-field-control,527,joint-long-schema,0.995,0.995,0.995,0.995,1,0
one-field-control,528,field-average,0.9943333333333333,0.9943333333333333,0.9943333333333333,0.9943333333333333,1,0
one-field-control,528,whole-call,0.9943333333333333,0.9943333333333333,0.9943333333333333,0.9943333333333333,1,0
one-field-control,528,joint-long-schema,0.9943333333333333,0.9943333333333333,0.9943333333333333,0.9943333333333333,1,0
one-field-control,529,field-average,0.994,0.994,0.994,0.994,1,0
one-field-control,529,whole-call,0.994,0.994,0.994,0.994,1,0
one-field-control,529,joint-long-schema,0.994,0.994,0.994,0.994,1,0
one-field-control,530,field-average,0.9926666666666667,0.9926666666666667,0.9926666666666667,0.9926666666666667,1,0
one-field-control,530,whole-call,0.9926666666666667,0.9926666666666667,0.9926666666666667,0.9926666666666667,1,0
one-field-control,530,joint-long-schema,0.9926666666666667,0.9926666666666667,0.9926666666666667,0.9926666666666667,1,0
one-field-control,531,field-average,0.9956666666666667,0.9956666666666667,0.9956666666666667,0.9956666666666667,1,0
one-field-control,531,whole-call,0.9956666666666667,0.9956666666666667,0.9956666666666667,0.9956666666666667,1,0
one-field-control,531,joint-long-schema,0.9956666666666667,0.9956666666666667,0.9956666666666667,0.9956666666666667,1,0
one-field-control,532,field-average,0.9943333333333333,0.9943333333333333,0.9943333333333333,0.9943333333333333,1,0
one-field-control,532,whole-call,0.9943333333333333,0.9943333333333333,0.9943333333333333,0.9943333333333333,1,0
one-field-control,532,joint-long-schema,0.9943333333333333,0.9943333333333333,0.9943333333333333,0.9943333333333333,1,0
one-field-control,533,field-average,0.995,0.995,0.995,0.995,1,0
one-field-control,533,whole-call,0.995,0.995,0.995,0.995,1,0
one-field-control,533,joint-long-schema,0.995,0.995,0.995,0.995,1,0
one-field-control,534,field-average,0.9956666666666667,0.9956666666666667,0.9956666666666667,0.9956666666666667,1,0
one-field-control,534,whole-call,0.9956666666666667,0.9956666666666667,0.9956666666666667,0.9956666666666667,1,0
one-field-control,534,joint-long-schema,0.9956666666666667,0.9956666666666667,0.9956666666666667,0.9956666666666667,1,0
one-field-control,535,field-average,0.995,0.995,0.995,0.995,1,0
one-field-control,535,whole-call,0.995,0.995,0.995,0.995,1,0
one-field-control,535,joint-long-schema,0.995,0.995,0.995,0.995,1,0
one-field-control,536,field-average,0.995,0.995,0.995,0.995,1,0
one-field-control,536,whole-call,0.995,0.995,0.995,0.995,1,0
one-field-control,536,joint-long-schema,0.995,0.995,0.995,0.995,1,0
one-field-control,537,field-average,0.9956666666666667,0.9956666666666667,0.9956666666666667,0.9956666666666667,1,0
one-field-control,537,whole-call,0.9956666666666667,0.9956666666666667,0.9956666666666667,0.9956666666666667,1,0
one-field-control,537,joint-long-schema,0.9956666666666667,0.9956666666666667,0.9956666666666667,0.9956666666666667,1,0
one-field-control,538,field-average,0.995,0.995,0.995,0.995,1,0
one-field-control,538,whole-call,0.995,0.995,0.995,0.995,1,0
one-field-control,538,joint-long-schema,0.995,0.995,0.995,0.995,1,0
one-field-control,539,field-average,0.9943333333333333,0.9943333333333333,0.9943333333333333,0.9943333333333333,1,0
one-field-control,539,whole-call,0.9943333333333333,0.9943333333333333,0.9943333333333333,0.9943333333333333,1,0
one-field-control,539,joint-long-schema,0.9943333333333333,0.9943333333333333,0.9943333333333333,0.9943333333333333,1,0
one-field-control,540,field-average,0.9973333333333333,0.9973333333333333,0.9973333333333333,0.9973333333333333,1,0
one-field-control,540,whole-call,0.9973333333333333,0.9973333333333333,0.9973333333333333,0.9973333333333333,1,0
one-field-control,540,joint-long-schema,0.9973333333333333,0.9973333333333333,0.9973333333333333,0.9973333333333333,1,0
one-field-control,541,field-average,0.9933333333333333,0.9933333333333333,0.9933333333333333,0.9933333333333333,1,0
one-field-control,541,whole-call,0.9933333333333333,0.9933333333333333,0.9933333333333333,0.9933333333333333,1,0
one-field-control,541,joint-long-schema,0.9933333333333333,0.9933333333333333,0.9933333333333333,0.9933333333333333,1,0
one-field-control,542,field-average,0.9953333333333333,0.9953333333333333,0.9953333333333333,0.9953333333333333,1,0
one-field-control,542,whole-call,0.9953333333333333,0.9953333333333333,0.9953333333333333,0.9953333333333333,1,0
one-field-control,542,joint-long-schema,0.9953333333333333,0.9953333333333333,0.9953333333333333,0.9953333333333333,1,0
one-field-control,543,field-average,0.995,0.995,0.995,0.995,1,0
one-field-control,543,whole-call,0.995,0.995,0.995,0.995,1,0
one-field-control,543,joint-long-schema,0.995,0.995,0.995,0.995,1,0
one-field-control,544,field-average,0.9923333333333333,0.9923333333333333,0.9923333333333333,0.9923333333333333,1,0
one-field-control,544,whole-call,0.9923333333333333,0.9923333333333333,0.9923333333333333,0.9923333333333333,1,0
one-field-control,544,joint-long-schema,0.9923333333333333,0.9923333333333333,0.9923333333333333,0.9923333333333333,1,0
one-field-control,545,field-average,0.9943333333333333,0.9943333333333333,0.9943333333333333,0.9943333333333333,1,0
one-field-control,545,whole-call,0.9943333333333333,0.9943333333333333,0.9943333333333333,0.9943333333333333,1,0
one-field-control,545,joint-long-schema,0.9943333333333333,0.9943333333333333,0.9943333333333333,0.9943333333333333,1,0
one-field-control,546,field-average,0.997,0.997,0.997,0.997,1,0
one-field-control,546,whole-call,0.997,0.997,0.997,0.997,1,0
one-field-control,546,joint-long-schema,0.997,0.997,0.997,0.997,1,0
one-field-control,547,field-average,0.9963333333333333,0.9963333333333333,0.9963333333333333,0.9963333333333333,1,0
one-field-control,547,whole-call,0.9963333333333333,0.9963333333333333,0.9963333333333333,0.9963333333333333,1,0
one-field-control,547,joint-long-schema,0.9963333333333333,0.9963333333333333,0.9963333333333333,0.9963333333333333,1,0
one-field-control,548,field-average,0.9946666666666667,0.9946666666666667,0.9946666666666667,0.9946666666666667,1,0
one-field-control,548,whole-call,0.9946666666666667,0.9946666666666667,0.9946666666666667,0.9946666666666667,1,0
one-field-control,548,joint-long-schema,0.9946666666666667,0.9946666666666667,0.9946666666666667,0.9946666666666667,1,0
one-field-control,549,field-average,0.9946666666666667,0.9946666666666667,0.9946666666666667,0.9946666666666667,1,0
one-field-control,549,whole-call,0.9946666666666667,0.9946666666666667,0.9946666666666667,0.9946666666666667,1,0
one-field-control,549,joint-long-schema,0.9946666666666667,0.9946666666666667,0.9946666666666667,0.9946666666666667,1,0
one-field-control,550,field-average,0.9953333333333333,0.9953333333333333,0.9953333333333333,0.9953333333333333,1,0
one-field-control,550,whole-call,0.9953333333333333,0.9953333333333333,0.9953333333333333,0.9953333333333333,1,0
one-field-control,550,joint-long-schema,0.9953333333333333,0.9953333333333333,0.9953333333333333,0.9953333333333333,1,0
one-field-control,551,field-average,0.9966666666666667,0.9966666666666667,0.9966666666666667,0.9966666666666667,1,0
one-field-control,551,whole-call,0.9966666666666667,0.9966666666666667,0.9966666666666667,0.9966666666666667,1,0
one-field-control,551,joint-long-schema,0.9966666666666667,0.9966666666666667,0.9966666666666667,0.9966666666666667,1,0
one-field-control,552,field-average,0.994,0.994,0.994,0.994,1,0
one-field-control,552,whole-call,0.994,0.994,0.994,0.994,1,0
one-field-control,552,joint-long-schema,0.994,0.994,0.994,0.994,1,0
one-field-control,553,field-average,0.9953333333333333,0.9953333333333333,0.9953333333333333,0.9953333333333333,1,0
one-field-control,553,whole-call,0.9953333333333333,0.9953333333333333,0.9953333333333333,0.9953333333333333,1,0
one-field-control,553,joint-long-schema,0.9953333333333333,0.9953333333333333,0.9953333333333333,0.9953333333333333,1,0
one-field-control,554,field-average,0.9936666666666667,0.9936666666666667,0.9936666666666667,0.9936666666666667,1,0
one-field-control,554,whole-call,0.9936666666666667,0.9936666666666667,0.9936666666666667,0.9936666666666667,1,0
one-field-control,554,joint-long-schema,0.9936666666666667,0.9936666666666667,0.9936666666666667,0.9936666666666667,1,0
one-field-control,555,field-average,0.9973333333333333,0.9973333333333333,0.9973333333333333,0.9973333333333333,1,0
one-field-control,555,whole-call,0.9973333333333333,0.9973333333333333,0.9973333333333333,0.9973333333333333,1,0
one-field-control,555,joint-long-schema,0.9973333333333333,0.9973333333333333,0.9973333333333333,0.9973333333333333,1,0
one-field-control,556,field-average,0.9933333333333333,0.9933333333333333,0.9933333333333333,0.9933333333333333,1,0
one-field-control,556,whole-call,0.9933333333333333,0.9933333333333333,0.9933333333333333,0.9933333333333333,1,0
one-field-control,556,joint-long-schema,0.9933333333333333,0.9933333333333333,0.9933333333333333,0.9933333333333333,1,0
one-field-control,557,field-average,0.9926666666666667,0.9926666666666667,0.9926666666666667,0.9926666666666667,1,0
one-field-control,557,whole-call,0.9926666666666667,0.9926666666666667,0.9926666666666667,0.9926666666666667,1,0
one-field-control,557,joint-long-schema,0.9926666666666667,0.9926666666666667,0.9926666666666667,0.9926666666666667,1,0
one-field-control,558,field-average,0.9953333333333333,0.9953333333333333,0.9953333333333333,0.9953333333333333,1,0
one-field-control,558,whole-call,0.9953333333333333,0.9953333333333333,0.9953333333333333,0.9953333333333333,1,0
one-field-control,558,joint-long-schema,0.9953333333333333,0.9953333333333333,0.9953333333333333,0.9953333333333333,1,0
one-field-control,559,field-average,0.9956666666666667,0.9956666666666667,0.9956666666666667,0.9956666666666667,1,0
one-field-control,559,whole-call,0.9956666666666667,0.9956666666666667,0.9956666666666667,0.9956666666666667,1,0
one-field-control,559,joint-long-schema,0.9956666666666667,0.9956666666666667,0.9956666666666667,0.9956666666666667,1,0
one-field-control,560,field-average,0.9946666666666667,0.9946666666666667,0.9946666666666667,0.9946666666666667,1,0
one-field-control,560,whole-call,0.9946666666666667,0.9946666666666667,0.9946666666666667,0.9946666666666667,1,0
one-field-control,560,joint-long-schema,0.9946666666666667,0.9946666666666667,0.9946666666666667,0.9946666666666667,1,0
one-field-control,561,field-average,0.993,0.993,0.993,0.993,1,0
one-field-control,561,whole-call,0.993,0.993,0.993,0.993,1,0
one-field-control,561,joint-long-schema,0.993,0.993,0.993,0.993,1,0
one-field-control,562,field-average,0.9953333333333333,0.9953333333333333,0.9953333333333333,0.9953333333333333,1,0
one-field-control,562,whole-call,0.9953333333333333,0.9953333333333333,0.9953333333333333,0.9953333333333333,1,0
one-field-control,562,joint-long-schema,0.9953333333333333,0.9953333333333333,0.9953333333333333,0.9953333333333333,1,0
one-field-control,563,field-average,0.9953333333333333,0.9953333333333333,0.9953333333333333,0.9953333333333333,1,0
one-field-control,563,whole-call,0.9953333333333333,0.9953333333333333,0.9953333333333333,0.9953333333333333,1,0
one-field-control,563,joint-long-schema,0.9953333333333333,0.9953333333333333,0.9953333333333333,0.9953333333333333,1,0
one-field-control,564,field-average,0.9943333333333333,0.9943333333333333,0.9943333333333333,0.9943333333333333,1,0
one-field-control,564,whole-call,0.9943333333333333,0.9943333333333333,0.9943333333333333,0.9943333333333333,1,0
one-field-control,564,joint-long-schema,0.9943333333333333,0.9943333333333333,0.9943333333333333,0.9943333333333333,1,0
one-field-control,565,field-average,0.9956666666666667,0.9956666666666667,0.9956666666666667,0.9956666666666667,1,0
one-field-control,565,whole-call,0.9956666666666667,0.9956666666666667,0.9956666666666667,0.9956666666666667,1,0
one-field-control,565,joint-long-schema,0.9956666666666667,0.9956666666666667,0.9956666666666667,0.9956666666666667,1,0
one-field-control,566,field-average,0.9946666666666667,0.9946666666666667,0.9946666666666667,0.9946666666666667,1,0
one-field-control,566,whole-call,0.9946666666666667,0.9946666666666667,0.9946666666666667,0.9946666666666667,1,0
one-field-control,566,joint-long-schema,0.9946666666666667,0.9946666666666667,0.9946666666666667,0.9946666666666667,1,0
one-field-control,567,field-average,0.9973333333333333,0.9973333333333333,0.9973333333333333,0.9973333333333333,1,0
one-field-control,567,whole-call,0.9973333333333333,0.9973333333333333,0.9973333333333333,0.9973333333333333,1,0
one-field-control,567,joint-long-schema,0.9973333333333333,0.9973333333333333,0.9973333333333333,0.9973333333333333,1,0
one-field-control,568,field-average,0.9923333333333333,0.9923333333333333,0.9923333333333333,0.9923333333333333,1,0
one-field-control,568,whole-call,0.9923333333333333,0.9923333333333333,0.9923333333333333,0.9923333333333333,1,0
one-field-control,568,joint-long-schema,0.9923333333333333,0.9923333333333333,0.9923333333333333,0.9923333333333333,1,0
one-field-control,569,field-average,0.992,0.992,0.992,0.992,1,0
one-field-control,569,whole-call,0.992,0.992,0.992,0.992,1,0
one-field-control,569,joint-long-schema,0.992,0.992,0.992,0.992,1,0
one-field-control,570,field-average,0.9946666666666667,0.9946666666666667,0.9946666666666667,0.9946666666666667,1,0
one-field-control,570,whole-call,0.9946666666666667,0.9946666666666667,0.9946666666666667,0.9946666666666667,1,0
one-field-control,570,joint-long-schema,0.9946666666666667,0.9946666666666667,0.9946666666666667,0.9946666666666667,1,0
one-field-control,571,field-average,0.9933333333333333,0.9933333333333333,0.9933333333333333,0.9933333333333333,1,0
one-field-control,571,whole-call,0.9933333333333333,0.9933333333333333,0.9933333333333333,0.9933333333333333,1,0
one-field-control,571,joint-long-schema,0.9933333333333333,0.9933333333333333,0.9933333333333333,0.9933333333333333,1,0
one-field-control,572,field-average,0.9956666666666667,0.9956666666666667,0.9956666666666667,0.9956666666666667,1,0
one-field-control,572,whole-call,0.9956666666666667,0.9956666666666667,0.9956666666666667,0.9956666666666667,1,0
one-field-control,572,joint-long-schema,0.9956666666666667,0.9956666666666667,0.9956666666666667,0.9956666666666667,1,0
one-field-control,573,field-average,0.9946666666666667,0.9946666666666667,0.9946666666666667,0.9946666666666667,1,0
one-field-control,573,whole-call,0.9946666666666667,0.9946666666666667,0.9946666666666667,0.9946666666666667,1,0
one-field-control,573,joint-long-schema,0.9946666666666667,0.9946666666666667,0.9946666666666667,0.9946666666666667,1,0
one-field-control,574,field-average,0.9926666666666667,0.9926666666666667,0.9926666666666667,0.9926666666666667,1,0
one-field-control,574,whole-call,0.9926666666666667,0.9926666666666667,0.9926666666666667,0.9926666666666667,1,0
one-field-control,574,joint-long-schema,0.9926666666666667,0.9926666666666667,0.9926666666666667,0.9926666666666667,1,0
one-field-control,575,field-average,0.995,0.995,0.995,0.995,1,0
one-field-control,575,whole-call,0.995,0.995,0.995,0.995,1,0
one-field-control,575,joint-long-schema,0.995,0.995,0.995,0.995,1,0
one-field-control,576,field-average,0.995,0.995,0.995,0.995,1,0
one-field-control,576,whole-call,0.995,0.995,0.995,0.995,1,0
one-field-control,576,joint-long-schema,0.995,0.995,0.995,0.995,1,0
one-field-control,577,field-average,0.997,0.997,0.997,0.997,1,0
one-field-control,577,whole-call,0.997,0.997,0.997,0.997,1,0
one-field-control,577,joint-long-schema,0.997,0.997,0.997,0.997,1,0
one-field-control,578,field-average,0.9953333333333333,0.9953333333333333,0.9953333333333333,0.9953333333333333,1,0
one-field-control,578,whole-call,0.9953333333333333,0.9953333333333333,0.9953333333333333,0.9953333333333333,1,0
one-field-control,578,joint-long-schema,0.9953333333333333,0.9953333333333333,0.9953333333333333,0.9953333333333333,1,0
one-field-control,579,field-average,0.996,0.996,0.996,0.996,1,0
one-field-control,579,whole-call,0.996,0.996,0.996,0.996,1,0
one-field-control,579,joint-long-schema,0.996,0.996,0.996,0.996,1,0
one-field-control,580,field-average,0.994,0.994,0.994,0.994,1,0
one-field-control,580,whole-call,0.994,0.994,0.994,0.994,1,0
one-field-control,580,joint-long-schema,0.994,0.994,0.994,0.994,1,0
one-field-control,581,field-average,0.9943333333333333,0.9943333333333333,0.9943333333333333,0.9943333333333333,1,0
one-field-control,581,whole-call,0.9943333333333333,0.9943333333333333,0.9943333333333333,0.9943333333333333,1,0
one-field-control,581,joint-long-schema,0.9943333333333333,0.9943333333333333,0.9943333333333333,0.9943333333333333,1,0
one-field-control,582,field-average,0.9966666666666667,0.9966666666666667,0.9966666666666667,0.9966666666666667,1,0
one-field-control,582,whole-call,0.9966666666666667,0.9966666666666667,0.9966666666666667,0.9966666666666667,1,0
one-field-control,582,joint-long-schema,0.9966666666666667,0.9966666666666667,0.9966666666666667,0.9966666666666667,1,0
one-field-control,583,field-average,0.9936666666666667,0.9936666666666667,0.9936666666666667,0.9936666666666667,1,0
one-field-control,583,whole-call,0.9936666666666667,0.9936666666666667,0.9936666666666667,0.9936666666666667,1,0
one-field-control,583,joint-long-schema,0.9936666666666667,0.9936666666666667,0.9936666666666667,0.9936666666666667,1,0
one-field-control,584,field-average,0.995,0.995,0.995,0.995,1,0
one-field-control,584,whole-call,0.995,0.995,0.995,0.995,1,0
one-field-control,584,joint-long-schema,0.995,0.995,0.995,0.995,1,0
one-field-control,585,field-average,0.9976666666666667,0.9976666666666667,0.9976666666666667,0.9976666666666667,1,0
one-field-control,585,whole-call,0.9976666666666667,0.9976666666666667,0.9976666666666667,0.9976666666666667,1,0
one-field-control,585,joint-long-schema,0.9976666666666667,0.9976666666666667,0.9976666666666667,0.9976666666666667,1,0
one-field-control,586,field-average,0.9953333333333333,0.9953333333333333,0.9953333333333333,0.9953333333333333,1,0
one-field-control,586,whole-call,0.9953333333333333,0.9953333333333333,0.9953333333333333,0.9953333333333333,1,0
one-field-control,586,joint-long-schema,0.9953333333333333,0.9953333333333333,0.9953333333333333,0.9953333333333333,1,0
one-field-control,587,field-average,0.996,0.996,0.996,0.996,1,0
one-field-control,587,whole-call,0.996,0.996,0.996,0.996,1,0
one-field-control,587,joint-long-schema,0.996,0.996,0.996,0.996,1,0
one-field-control,588,field-average,0.9946666666666667,0.9946666666666667,0.9946666666666667,0.9946666666666667,1,0
one-field-control,588,whole-call,0.9946666666666667,0.9946666666666667,0.9946666666666667,0.9946666666666667,1,0
one-field-control,588,joint-long-schema,0.9946666666666667,0.9946666666666667,0.9946666666666667,0.9946666666666667,1,0
one-field-control,589,field-average,0.9943333333333333,0.9943333333333333,0.9943333333333333,0.9943333333333333,1,0
one-field-control,589,whole-call,0.9943333333333333,0.9943333333333333,0.9943333333333333,0.9943333333333333,1,0
one-field-control,589,joint-long-schema,0.9943333333333333,0.9943333333333333,0.9943333333333333,0.9943333333333333,1,0
one-field-control,590,field-average,0.9956666666666667,0.9956666666666667,0.9956666666666667,0.9956666666666667,1,0
one-field-control,590,whole-call,0.9956666666666667,0.9956666666666667,0.9956666666666667,0.9956666666666667,1,0
one-field-control,590,joint-long-schema,0.9956666666666667,0.9956666666666667,0.9956666666666667,0.9956666666666667,1,0
one-field-control,591,field-average,0.995,0.995,0.995,0.995,1,0
one-field-control,591,whole-call,0.995,0.995,0.995,0.995,1,0
one-field-control,591,joint-long-schema,0.995,0.995,0.995,0.995,1,0
one-field-control,592,field-average,0.9933333333333333,0.9933333333333333,0.9933333333333333,0.9933333333333333,1,0
one-field-control,592,whole-call,0.9933333333333333,0.9933333333333333,0.9933333333333333,0.9933333333333333,1,0
one-field-control,592,joint-long-schema,0.9933333333333333,0.9933333333333333,0.9933333333333333,0.9933333333333333,1,0
one-field-control,593,field-average,0.994,0.994,0.994,0.994,1,0
one-field-control,593,whole-call,0.994,0.994,0.994,0.994,1,0
one-field-control,593,joint-long-schema,0.994,0.994,0.994,0.994,1,0
one-field-control,594,field-average,0.994,0.994,0.994,0.994,1,0
one-field-control,594,whole-call,0.994,0.994,0.994,0.994,1,0
one-field-control,594,joint-long-schema,0.994,0.994,0.994,0.994,1,0
one-field-control,595,field-average,0.9966666666666667,0.9966666666666667,0.9966666666666667,0.9966666666666667,1,0
one-field-control,595,whole-call,0.9966666666666667,0.9966666666666667,0.9966666666666667,0.9966666666666667,1,0
one-field-control,595,joint-long-schema,0.9966666666666667,0.9966666666666667,0.9966666666666667,0.9966666666666667,1,0
one-field-control,596,field-average,0.9936666666666667,0.9936666666666667,0.9936666666666667,0.9936666666666667,1,0
one-field-control,596,whole-call,0.9936666666666667,0.9936666666666667,0.9936666666666667,0.9936666666666667,1,0
one-field-control,596,joint-long-schema,0.9936666666666667,0.9936666666666667,0.9936666666666667,0.9936666666666667,1,0
one-field-control,597,field-average,0.994,0.994,0.994,0.994,1,0
one-field-control,597,whole-call,0.994,0.994,0.994,0.994,1,0
one-field-control,597,joint-long-schema,0.994,0.994,0.994,0.994,1,0
one-field-control,598,field-average,0.9953333333333333,0.9953333333333333,0.9953333333333333,0.9953333333333333,1,0
one-field-control,598,whole-call,0.9953333333333333,0.9953333333333333,0.9953333333333333,0.9953333333333333,1,0
one-field-control,598,joint-long-schema,0.9953333333333333,0.9953333333333333,0.9953333333333333,0.9953333333333333,1,0
one-field-control,599,field-average,0.994,0.994,0.994,0.994,1,0
one-field-control,599,whole-call,0.994,0.994,0.994,0.994,1,0
one-field-control,599,joint-long-schema,0.994,0.994,0.994,0.994,1,0
one-field-control,600,field-average,0.9926666666666667,0.9926666666666667,0.9926666666666667,0.9926666666666667,1,0
one-field-control,600,whole-call,0.9926666666666667,0.9926666666666667,0.9926666666666667,0.9926666666666667,1,0
one-field-control,600,joint-long-schema,0.9926666666666667,0.9926666666666667,0.9926666666666667,0.9926666666666667,1,0
one-field-control,601,field-average,0.993,0.993,0.993,0.993,1,0
one-field-control,601,whole-call,0.993,0.993,0.993,0.993,1,0
one-field-control,601,joint-long-schema,0.993,0.993,0.993,0.993,1,0
one-field-control,602,field-average,0.993,0.993,0.993,0.993,1,0
one-field-control,602,whole-call,0.993,0.993,0.993,0.993,1,0
one-field-control,602,joint-long-schema,0.993,0.993,0.993,0.993,1,0
one-field-control,603,field-average,0.9973333333333333,0.9973333333333333,0.9973333333333333,0.9973333333333333,1,0
one-field-control,603,whole-call,0.9973333333333333,0.9973333333333333,0.9973333333333333,0.9973333333333333,1,0
one-field-control,603,joint-long-schema,0.9973333333333333,0.9973333333333333,0.9973333333333333,0.9973333333333333,1,0
one-field-control,604,field-average,0.9966666666666667,0.9966666666666667,0.9966666666666667,0.9966666666666667,1,0
one-field-control,604,whole-call,0.9966666666666667,0.9966666666666667,0.9966666666666667,0.9966666666666667,1,0
one-field-control,604,joint-long-schema,0.9966666666666667,0.9966666666666667,0.9966666666666667,0.9966666666666667,1,0
one-field-control,605,field-average,0.995,0.995,0.995,0.995,1,0
one-field-control,605,whole-call,0.995,0.995,0.995,0.995,1,0
one-field-control,605,joint-long-schema,0.995,0.995,0.995,0.995,1,0
one-field-control,606,field-average,0.992,0.992,0.992,0.992,1,0
one-field-control,606,whole-call,0.992,0.992,0.992,0.992,1,0
one-field-control,606,joint-long-schema,0.992,0.992,0.992,0.992,1,0
one-field-control,607,field-average,0.9946666666666667,0.9946666666666667,0.9946666666666667,0.9946666666666667,1,0
one-field-control,607,whole-call,0.9946666666666667,0.9946666666666667,0.9946666666666667,0.9946666666666667,1,0
one-field-control,607,joint-long-schema,0.9946666666666667,0.9946666666666667,0.9946666666666667,0.9946666666666667,1,0
one-field-control,608,field-average,0.994,0.994,0.994,0.994,1,0
one-field-control,608,whole-call,0.994,0.994,0.994,0.994,1,0
one-field-control,608,joint-long-schema,0.994,0.994,0.994,0.994,1,0
one-field-control,609,field-average,0.9943333333333333,0.9943333333333333,0.9943333333333333,0.9943333333333333,1,0
one-field-control,609,whole-call,0.9943333333333333,0.9943333333333333,0.9943333333333333,0.9943333333333333,1,0
one-field-control,609,joint-long-schema,0.9943333333333333,0.9943333333333333,0.9943333333333333,0.9943333333333333,1,0
one-field-control,610,field-average,0.993,0.993,0.993,0.993,1,0
one-field-control,610,whole-call,0.993,0.993,0.993,0.993,1,0
one-field-control,610,joint-long-schema,0.993,0.993,0.993,0.993,1,0
one-field-control,611,field-average,0.9956666666666667,0.9956666666666667,0.9956666666666667,0.9956666666666667,1,0
one-field-control,611,whole-call,0.9956666666666667,0.9956666666666667,0.9956666666666667,0.9956666666666667,1,0
one-field-control,611,joint-long-schema,0.9956666666666667,0.9956666666666667,0.9956666666666667,0.9956666666666667,1,0
one-field-control,612,field-average,0.9933333333333333,0.9933333333333333,0.9933333333333333,0.9933333333333333,1,0
one-field-control,612,whole-call,0.9933333333333333,0.9933333333333333,0.9933333333333333,0.9933333333333333,1,0
one-field-control,612,joint-long-schema,0.9933333333333333,0.9933333333333333,0.9933333333333333,0.9933333333333333,1,0
one-field-control,613,field-average,0.993,0.993,0.993,0.993,1,0
one-field-control,613,whole-call,0.993,0.993,0.993,0.993,1,0
one-field-control,613,joint-long-schema,0.993,0.993,0.993,0.993,1,0
one-field-control,614,field-average,0.9956666666666667,0.9956666666666667,0.9956666666666667,0.9956666666666667,1,0
one-field-control,614,whole-call,0.9956666666666667,0.9956666666666667,0.9956666666666667,0.9956666666666667,1,0
one-field-control,614,joint-long-schema,0.9956666666666667,0.9956666666666667,0.9956666666666667,0.9956666666666667,1,0
one-field-control,615,field-average,0.9963333333333333,0.9963333333333333,0.9963333333333333,0.9963333333333333,1,0
one-field-control,615,whole-call,0.9963333333333333,0.9963333333333333,0.9963333333333333,0.9963333333333333,1,0
one-field-control,615,joint-long-schema,0.9963333333333333,0.9963333333333333,0.9963333333333333,0.9963333333333333,1,0
one-field-control,616,field-average,0.9943333333333333,0.9943333333333333,0.9943333333333333,0.9943333333333333,1,0
one-field-control,616,whole-call,0.9943333333333333,0.9943333333333333,0.9943333333333333,0.9943333333333333,1,0
one-field-control,616,joint-long-schema,0.9943333333333333,0.9943333333333333,0.9943333333333333,0.9943333333333333,1,0
one-field-control,617,field-average,0.9936666666666667,0.9936666666666667,0.9936666666666667,0.9936666666666667,1,0
one-field-control,617,whole-call,0.9936666666666667,0.9936666666666667,0.9936666666666667,0.9936666666666667,1,0
one-field-control,617,joint-long-schema,0.9936666666666667,0.9936666666666667,0.9936666666666667,0.9936666666666667,1,0
one-field-control,618,field-average,0.995,0.995,0.995,0.995,1,0
one-field-control,618,whole-call,0.995,0.995,0.995,0.995,1,0
one-field-control,618,joint-long-schema,0.995,0.995,0.995,0.995,1,0
one-field-control,619,field-average,0.9946666666666667,0.9946666666666667,0.9946666666666667,0.9946666666666667,1,0
one-field-control,619,whole-call,0.9946666666666667,0.9946666666666667,0.9946666666666667,0.9946666666666667,1,0
one-field-control,619,joint-long-schema,0.9946666666666667,0.9946666666666667,0.9946666666666667,0.9946666666666667,1,0
one-field-control,620,field-average,0.9923333333333333,0.9923333333333333,0.9923333333333333,0.9923333333333333,1,0
one-field-control,620,whole-call,0.9923333333333333,0.9923333333333333,0.9923333333333333,0.9923333333333333,1,0
one-field-control,620,joint-long-schema,0.9923333333333333,0.9923333333333333,0.9923333333333333,0.9923333333333333,1,0
one-field-control,621,field-average,0.995,0.995,0.995,0.995,1,0
one-field-control,621,whole-call,0.995,0.995,0.995,0.995,1,0
one-field-control,621,joint-long-schema,0.995,0.995,0.995,0.995,1,0
one-field-control,622,field-average,0.994,0.994,0.994,0.994,1,0
one-field-control,622,whole-call,0.994,0.994,0.994,0.994,1,0
one-field-control,622,joint-long-schema,0.994,0.994,0.994,0.994,1,0
one-field-control,623,field-average,0.9933333333333333,0.9933333333333333,0.9933333333333333,0.9933333333333333,1,0
one-field-control,623,whole-call,0.9933333333333333,0.9933333333333333,0.9933333333333333,0.9933333333333333,1,0
one-field-control,623,joint-long-schema,0.9933333333333333,0.9933333333333333,0.9933333333333333,0.9933333333333333,1,0
one-field-control,624,field-average,0.9946666666666667,0.9946666666666667,0.9946666666666667,0.9946666666666667,1,0
one-field-control,624,whole-call,0.9946666666666667,0.9946666666666667,0.9946666666666667,0.9946666666666667,1,0
one-field-control,624,joint-long-schema,0.9946666666666667,0.9946666666666667,0.9946666666666667,0.9946666666666667,1,0
one-field-control,625,field-average,0.9936666666666667,0.9936666666666667,0.9936666666666667,0.9936666666666667,1,0
one-field-control,625,whole-call,0.9936666666666667,0.9936666666666667,0.9936666666666667,0.9936666666666667,1,0
one-field-control,625,joint-long-schema,0.9936666666666667,0.9936666666666667,0.9936666666666667,0.9936666666666667,1,0
one-field-control,626,field-average,0.9963333333333333,0.9963333333333333,0.9963333333333333,0.9963333333333333,1,0
one-field-control,626,whole-call,0.9963333333333333,0.9963333333333333,0.9963333333333333,0.9963333333333333,1,0
one-field-control,626,joint-long-schema,0.9963333333333333,0.9963333333333333,0.9963333333333333,0.9963333333333333,1,0
one-field-control,627,field-average,0.996,0.996,0.996,0.996,1,0
one-field-control,627,whole-call,0.996,0.996,0.996,0.996,1,0
one-field-control,627,joint-long-schema,0.996,0.996,0.996,0.996,1,0
one-field-control,628,field-average,0.996,0.996,0.996,0.996,1,0
one-field-control,628,whole-call,0.996,0.996,0.996,0.996,1,0
one-field-control,628,joint-long-schema,0.996,0.996,0.996,0.996,1,0
one-field-control,629,field-average,0.994,0.994,0.994,0.994,1,0
one-field-control,629,whole-call,0.994,0.994,0.994,0.994,1,0
one-field-control,629,joint-long-schema,0.994,0.994,0.994,0.994,1,0
one-field-control,630,field-average,0.994,0.994,0.994,0.994,1,0
one-field-control,630,whole-call,0.994,0.994,0.994,0.994,1,0
one-field-control,630,joint-long-schema,0.994,0.994,0.994,0.994,1,0
one-field-control,631,field-average,0.9943333333333333,0.9943333333333333,0.9943333333333333,0.9943333333333333,1,0
one-field-control,631,whole-call,0.9943333333333333,0.9943333333333333,0.9943333333333333,0.9943333333333333,1,0
one-field-control,631,joint-long-schema,0.9943333333333333,0.9943333333333333,0.9943333333333333,0.9943333333333333,1,0
one-field-control,632,field-average,0.9946666666666667,0.9946666666666667,0.9946666666666667,0.9946666666666667,1,0
one-field-control,632,whole-call,0.9946666666666667,0.9946666666666667,0.9946666666666667,0.9946666666666667,1,0
one-field-control,632,joint-long-schema,0.9946666666666667,0.9946666666666667,0.9946666666666667,0.9946666666666667,1,0
one-field-control,633,field-average,0.9943333333333333,0.9943333333333333,0.9943333333333333,0.9943333333333333,1,0
one-field-control,633,whole-call,0.9943333333333333,0.9943333333333333,0.9943333333333333,0.9943333333333333,1,0
one-field-control,633,joint-long-schema,0.9943333333333333,0.9943333333333333,0.9943333333333333,0.9943333333333333,1,0
one-field-control,634,field-average,0.9953333333333333,0.9953333333333333,0.9953333333333333,0.9953333333333333,1,0
one-field-control,634,whole-call,0.9953333333333333,0.9953333333333333,0.9953333333333333,0.9953333333333333,1,0
one-field-control,634,joint-long-schema,0.9953333333333333,0.9953333333333333,0.9953333333333333,0.9953333333333333,1,0
one-field-control,635,field-average,0.9946666666666667,0.9946666666666667,0.9946666666666667,0.9946666666666667,1,0
one-field-control,635,whole-call,0.9946666666666667,0.9946666666666667,0.9946666666666667,0.9946666666666667,1,0
one-field-control,635,joint-long-schema,0.9946666666666667,0.9946666666666667,0.9946666666666667,0.9946666666666667,1,0
one-field-control,636,field-average,0.9933333333333333,0.9933333333333333,0.9933333333333333,0.9933333333333333,1,0
one-field-control,636,whole-call,0.9933333333333333,0.9933333333333333,0.9933333333333333,0.9933333333333333,1,0
one-field-control,636,joint-long-schema,0.9933333333333333,0.9933333333333333,0.9933333333333333,0.9933333333333333,1,0
one-field-control,637,field-average,0.9946666666666667,0.9946666666666667,0.9946666666666667,0.9946666666666667,1,0
one-field-control,637,whole-call,0.9946666666666667,0.9946666666666667,0.9946666666666667,0.9946666666666667,1,0
one-field-control,637,joint-long-schema,0.9946666666666667,0.9946666666666667,0.9946666666666667,0.9946666666666667,1,0
one-field-control,638,field-average,0.9946666666666667,0.9946666666666667,0.9946666666666667,0.9946666666666667,1,0
one-field-control,638,whole-call,0.9946666666666667,0.9946666666666667,0.9946666666666667,0.9946666666666667,1,0
one-field-control,638,joint-long-schema,0.9946666666666667,0.9946666666666667,0.9946666666666667,0.9946666666666667,1,0
one-field-control,639,field-average,0.9966666666666667,0.9966666666666667,0.9966666666666667,0.9966666666666667,1,0
one-field-control,639,whole-call,0.9966666666666667,0.9966666666666667,0.9966666666666667,0.9966666666666667,1,0
one-field-control,639,joint-long-schema,0.9966666666666667,0.9966666666666667,0.9966666666666667,0.9966666666666667,1,0
one-field-control,640,field-average,0.9953333333333333,0.9953333333333333,0.9953333333333333,0.9953333333333333,1,0
one-field-control,640,whole-call,0.9953333333333333,0.9953333333333333,0.9953333333333333,0.9953333333333333,1,0
one-field-control,640,joint-long-schema,0.9953333333333333,0.9953333333333333,0.9953333333333333,0.9953333333333333,1,0
one-field-control,641,field-average,0.9926666666666667,0.9926666666666667,0.9926666666666667,0.9926666666666667,1,0
one-field-control,641,whole-call,0.9926666666666667,0.9926666666666667,0.9926666666666667,0.9926666666666667,1,0
one-field-control,641,joint-long-schema,0.9926666666666667,0.9926666666666667,0.9926666666666667,0.9926666666666667,1,0
one-field-control,642,field-average,0.9943333333333333,0.9943333333333333,0.9943333333333333,0.9943333333333333,1,0
one-field-control,642,whole-call,0.9943333333333333,0.9943333333333333,0.9943333333333333,0.9943333333333333,1,0
one-field-control,642,joint-long-schema,0.9943333333333333,0.9943333333333333,0.9943333333333333,0.9943333333333333,1,0
one-field-control,643,field-average,0.9933333333333333,0.9933333333333333,0.9933333333333333,0.9933333333333333,1,0
one-field-control,643,whole-call,0.9933333333333333,0.9933333333333333,0.9933333333333333,0.9933333333333333,1,0
one-field-control,643,joint-long-schema,0.9933333333333333,0.9933333333333333,0.9933333333333333,0.9933333333333333,1,0
one-field-control,644,field-average,0.9946666666666667,0.9946666666666667,0.9946666666666667,0.9946666666666667,1,0
one-field-control,644,whole-call,0.9946666666666667,0.9946666666666667,0.9946666666666667,0.9946666666666667,1,0
one-field-control,644,joint-long-schema,0.9946666666666667,0.9946666666666667,0.9946666666666667,0.9946666666666667,1,0
one-field-control,645,field-average,0.9943333333333333,0.9943333333333333,0.9943333333333333,0.9943333333333333,1,0
one-field-control,645,whole-call,0.9943333333333333,0.9943333333333333,0.9943333333333333,0.9943333333333333,1,0
one-field-control,645,joint-long-schema,0.9943333333333333,0.9943333333333333,0.9943333333333333,0.9943333333333333,1,0
one-field-control,646,field-average,0.9956666666666667,0.9956666666666667,0.9956666666666667,0.9956666666666667,1,0
one-field-control,646,whole-call,0.9956666666666667,0.9956666666666667,0.9956666666666667,0.9956666666666667,1,0
one-field-control,646,joint-long-schema,0.9956666666666667,0.9956666666666667,0.9956666666666667,0.9956666666666667,1,0
one-field-control,647,field-average,0.996,0.996,0.996,0.996,1,0
one-field-control,647,whole-call,0.996,0.996,0.996,0.996,1,0
one-field-control,647,joint-long-schema,0.996,0.996,0.996,0.996,1,0
one-field-control,648,field-average,0.9933333333333333,0.9933333333333333,0.9933333333333333,0.9933333333333333,1,0
one-field-control,648,whole-call,0.9933333333333333,0.9933333333333333,0.9933333333333333,0.9933333333333333,1,0
one-field-control,648,joint-long-schema,0.9933333333333333,0.9933333333333333,0.9933333333333333,0.9933333333333333,1,0
one-field-control,649,field-average,0.9926666666666667,0.9926666666666667,0.9926666666666667,0.9926666666666667,1,0
one-field-control,649,whole-call,0.9926666666666667,0.9926666666666667,0.9926666666666667,0.9926666666666667,1,0
one-field-control,649,joint-long-schema,0.9926666666666667,0.9926666666666667,0.9926666666666667,0.9926666666666667,1,0
one-field-control,650,field-average,0.9956666666666667,0.9956666666666667,0.9956666666666667,0.9956666666666667,1,0
one-field-control,650,whole-call,0.9956666666666667,0.9956666666666667,0.9956666666666667,0.9956666666666667,1,0
one-field-control,650,joint-long-schema,0.9956666666666667,0.9956666666666667,0.9956666666666667,0.9956666666666667,1,0
one-field-control,651,field-average,0.994,0.994,0.994,0.994,1,0
one-field-control,651,whole-call,0.994,0.994,0.994,0.994,1,0
one-field-control,651,joint-long-schema,0.994,0.994,0.994,0.994,1,0
one-field-control,652,field-average,0.994,0.994,0.994,0.994,1,0
one-field-control,652,whole-call,0.994,0.994,0.994,0.994,1,0
one-field-control,652,joint-long-schema,0.994,0.994,0.994,0.994,1,0
one-field-control,653,field-average,0.9956666666666667,0.9956666666666667,0.9956666666666667,0.9956666666666667,1,0
one-field-control,653,whole-call,0.9956666666666667,0.9956666666666667,0.9956666666666667,0.9956666666666667,1,0
one-field-control,653,joint-long-schema,0.9956666666666667,0.9956666666666667,0.9956666666666667,0.9956666666666667,1,0
one-field-control,654,field-average,0.995,0.995,0.995,0.995,1,0
one-field-control,654,whole-call,0.995,0.995,0.995,0.995,1,0
one-field-control,654,joint-long-schema,0.995,0.995,0.995,0.995,1,0
one-field-control,655,field-average,0.996,0.996,0.996,0.996,1,0
one-field-control,655,whole-call,0.996,0.996,0.996,0.996,1,0
one-field-control,655,joint-long-schema,0.996,0.996,0.996,0.996,1,0
one-field-control,656,field-average,0.9953333333333333,0.9953333333333333,0.9953333333333333,0.9953333333333333,1,0
one-field-control,656,whole-call,0.9953333333333333,0.9953333333333333,0.9953333333333333,0.9953333333333333,1,0
one-field-control,656,joint-long-schema,0.9953333333333333,0.9953333333333333,0.9953333333333333,0.9953333333333333,1,0
one-field-control,657,field-average,0.994,0.994,0.994,0.994,1,0
one-field-control,657,whole-call,0.994,0.994,0.994,0.994,1,0
one-field-control,657,joint-long-schema,0.994,0.994,0.994,0.994,1,0
one-field-control,658,field-average,0.998,0.998,0.998,0.998,1,0
one-field-control,658,whole-call,0.998,0.998,0.998,0.998,1,0
one-field-control,658,joint-long-schema,0.998,0.998,0.998,0.998,1,0
one-field-control,659,field-average,0.9953333333333333,0.9953333333333333,0.9953333333333333,0.9953333333333333,1,0
one-field-control,659,whole-call,0.9953333333333333,0.9953333333333333,0.9953333333333333,0.9953333333333333,1,0
one-field-control,659,joint-long-schema,0.9953333333333333,0.9953333333333333,0.9953333333333333,0.9953333333333333,1,0
one-field-control,660,field-average,0.995,0.995,0.995,0.995,1,0
one-field-control,660,whole-call,0.995,0.995,0.995,0.995,1,0
one-field-control,660,joint-long-schema,0.995,0.995,0.995,0.995,1,0
one-field-control,661,field-average,0.996,0.996,0.996,0.996,1,0
one-field-control,661,whole-call,0.996,0.996,0.996,0.996,1,0
one-field-control,661,joint-long-schema,0.996,0.996,0.996,0.996,1,0
one-field-control,662,field-average,0.996,0.996,0.996,0.996,1,0
one-field-control,662,whole-call,0.996,0.996,0.996,0.996,1,0
one-field-control,662,joint-long-schema,0.996,0.996,0.996,0.996,1,0
one-field-control,663,field-average,0.9953333333333333,0.9953333333333333,0.9953333333333333,0.9953333333333333,1,0
one-field-control,663,whole-call,0.9953333333333333,0.9953333333333333,0.9953333333333333,0.9953333333333333,1,0
one-field-control,663,joint-long-schema,0.9953333333333333,0.9953333333333333,0.9953333333333333,0.9953333333333333,1,0
one-field-control,664,field-average,0.9923333333333333,0.9923333333333333,0.9923333333333333,0.9923333333333333,1,0
one-field-control,664,whole-call,0.9923333333333333,0.9923333333333333,0.9923333333333333,0.9923333333333333,1,0
one-field-control,664,joint-long-schema,0.9923333333333333,0.9923333333333333,0.9923333333333333,0.9923333333333333,1,0
one-field-control,665,field-average,0.9953333333333333,0.9953333333333333,0.9953333333333333,0.9953333333333333,1,0
one-field-control,665,whole-call,0.9953333333333333,0.9953333333333333,0.9953333333333333,0.9953333333333333,1,0
one-field-control,665,joint-long-schema,0.9953333333333333,0.9953333333333333,0.9953333333333333,0.9953333333333333,1,0
one-field-control,666,field-average,0.9943333333333333,0.9943333333333333,0.9943333333333333,0.9943333333333333,1,0
one-field-control,666,whole-call,0.9943333333333333,0.9943333333333333,0.9943333333333333,0.9943333333333333,1,0
one-field-control,666,joint-long-schema,0.9943333333333333,0.9943333333333333,0.9943333333333333,0.9943333333333333,1,0
one-field-control,667,field-average,0.9953333333333333,0.9953333333333333,0.9953333333333333,0.9953333333333333,1,0
one-field-control,667,whole-call,0.9953333333333333,0.9953333333333333,0.9953333333333333,0.9953333333333333,1,0
one-field-control,667,joint-long-schema,0.9953333333333333,0.9953333333333333,0.9953333333333333,0.9953333333333333,1,0
one-field-control,668,field-average,0.994,0.994,0.994,0.994,1,0
one-field-control,668,whole-call,0.994,0.994,0.994,0.994,1,0
one-field-control,668,joint-long-schema,0.994,0.994,0.994,0.994,1,0
one-field-control,669,field-average,0.994,0.994,0.994,0.994,1,0
one-field-control,669,whole-call,0.994,0.994,0.994,0.994,1,0
one-field-control,669,joint-long-schema,0.994,0.994,0.994,0.994,1,0
one-field-control,670,field-average,0.9946666666666667,0.9946666666666667,0.9946666666666667,0.9946666666666667,1,0
one-field-control,670,whole-call,0.9946666666666667,0.9946666666666667,0.9946666666666667,0.9946666666666667,1,0
one-field-control,670,joint-long-schema,0.9946666666666667,0.9946666666666667,0.9946666666666667,0.9946666666666667,1,0
one-field-control,671,field-average,0.9953333333333333,0.9953333333333333,0.9953333333333333,0.9953333333333333,1,0
one-field-control,671,whole-call,0.9953333333333333,0.9953333333333333,0.9953333333333333,0.9953333333333333,1,0
one-field-control,671,joint-long-schema,0.9953333333333333,0.9953333333333333,0.9953333333333333,0.9953333333333333,1,0
one-field-control,672,field-average,0.9953333333333333,0.9953333333333333,0.9953333333333333,0.9953333333333333,1,0
one-field-control,672,whole-call,0.9953333333333333,0.9953333333333333,0.9953333333333333,0.9953333333333333,1,0
one-field-control,672,joint-long-schema,0.9953333333333333,0.9953333333333333,0.9953333333333333,0.9953333333333333,1,0
one-field-control,673,field-average,0.9886666666666667,0.9886666666666667,0.9886666666666667,0.9886666666666667,0,0
one-field-control,673,whole-call,0.9886666666666667,0.9886666666666667,0.9886666666666667,0.9886666666666667,1,0
one-field-control,673,joint-long-schema,0.9886666666666667,0.9886666666666667,0.9886666666666667,0.9886666666666667,1,0
one-field-control,674,field-average,0.995,0.995,0.995,0.995,1,0
one-field-control,674,whole-call,0.995,0.995,0.995,0.995,1,0
one-field-control,674,joint-long-schema,0.995,0.995,0.995,0.995,1,0
one-field-control,675,field-average,0.9953333333333333,0.9953333333333333,0.9953333333333333,0.9953333333333333,1,0
one-field-control,675,whole-call,0.9953333333333333,0.9953333333333333,0.9953333333333333,0.9953333333333333,1,0
one-field-control,675,joint-long-schema,0.9953333333333333,0.9953333333333333,0.9953333333333333,0.9953333333333333,1,0
one-field-control,676,field-average,0.9956666666666667,0.9956666666666667,0.9956666666666667,0.9956666666666667,1,0
one-field-control,676,whole-call,0.9956666666666667,0.9956666666666667,0.9956666666666667,0.9956666666666667,1,0
one-field-control,676,joint-long-schema,0.9956666666666667,0.9956666666666667,0.9956666666666667,0.9956666666666667,1,0
one-field-control,677,field-average,0.9953333333333333,0.9953333333333333,0.9953333333333333,0.9953333333333333,1,0
one-field-control,677,whole-call,0.9953333333333333,0.9953333333333333,0.9953333333333333,0.9953333333333333,1,0
one-field-control,677,joint-long-schema,0.9953333333333333,0.9953333333333333,0.9953333333333333,0.9953333333333333,1,0
one-field-control,678,field-average,0.9933333333333333,0.9933333333333333,0.9933333333333333,0.9933333333333333,1,0
one-field-control,678,whole-call,0.9933333333333333,0.9933333333333333,0.9933333333333333,0.9933333333333333,1,0
one-field-control,678,joint-long-schema,0.9933333333333333,0.9933333333333333,0.9933333333333333,0.9933333333333333,1,0
one-field-control,679,field-average,0.9956666666666667,0.9956666666666667,0.9956666666666667,0.9956666666666667,1,0
one-field-control,679,whole-call,0.9956666666666667,0.9956666666666667,0.9956666666666667,0.9956666666666667,1,0
one-field-control,679,joint-long-schema,0.9956666666666667,0.9956666666666667,0.9956666666666667,0.9956666666666667,1,0
one-field-control,680,field-average,0.9936666666666667,0.9936666666666667,0.9936666666666667,0.9936666666666667,1,0
one-field-control,680,whole-call,0.9936666666666667,0.9936666666666667,0.9936666666666667,0.9936666666666667,1,0
one-field-control,680,joint-long-schema,0.9936666666666667,0.9936666666666667,0.9936666666666667,0.9936666666666667,1,0
one-field-control,681,field-average,0.996,0.996,0.996,0.996,1,0
one-field-control,681,whole-call,0.996,0.996,0.996,0.996,1,0
one-field-control,681,joint-long-schema,0.996,0.996,0.996,0.996,1,0
one-field-control,682,field-average,0.9943333333333333,0.9943333333333333,0.9943333333333333,0.9943333333333333,1,0
one-field-control,682,whole-call,0.9943333333333333,0.9943333333333333,0.9943333333333333,0.9943333333333333,1,0
one-field-control,682,joint-long-schema,0.9943333333333333,0.9943333333333333,0.9943333333333333,0.9943333333333333,1,0
one-field-control,683,field-average,0.995,0.995,0.995,0.995,1,0
one-field-control,683,whole-call,0.995,0.995,0.995,0.995,1,0
one-field-control,683,joint-long-schema,0.995,0.995,0.995,0.995,1,0
one-field-control,684,field-average,0.995,0.995,0.995,0.995,1,0
one-field-control,684,whole-call,0.995,0.995,0.995,0.995,1,0
one-field-control,684,joint-long-schema,0.995,0.995,0.995,0.995,1,0
one-field-control,685,field-average,0.9956666666666667,0.9956666666666667,0.9956666666666667,0.9956666666666667,1,0
one-field-control,685,whole-call,0.9956666666666667,0.9956666666666667,0.9956666666666667,0.9956666666666667,1,0
one-field-control,685,joint-long-schema,0.9956666666666667,0.9956666666666667,0.9956666666666667,0.9956666666666667,1,0
one-field-control,686,field-average,0.995,0.995,0.995,0.995,1,0
one-field-control,686,whole-call,0.995,0.995,0.995,0.995,1,0
one-field-control,686,joint-long-schema,0.995,0.995,0.995,0.995,1,0
one-field-control,687,field-average,0.9956666666666667,0.9956666666666667,0.9956666666666667,0.9956666666666667,1,0
one-field-control,687,whole-call,0.9956666666666667,0.9956666666666667,0.9956666666666667,0.9956666666666667,1,0
one-field-control,687,joint-long-schema,0.9956666666666667,0.9956666666666667,0.9956666666666667,0.9956666666666667,1,0
one-field-control,688,field-average,0.9926666666666667,0.9926666666666667,0.9926666666666667,0.9926666666666667,1,0
one-field-control,688,whole-call,0.9926666666666667,0.9926666666666667,0.9926666666666667,0.9926666666666667,1,0
one-field-control,688,joint-long-schema,0.9926666666666667,0.9926666666666667,0.9926666666666667,0.9926666666666667,1,0
one-field-control,689,field-average,0.996,0.996,0.996,0.996,1,0
one-field-control,689,whole-call,0.996,0.996,0.996,0.996,1,0
one-field-control,689,joint-long-schema,0.996,0.996,0.996,0.996,1,0
one-field-control,690,field-average,0.995,0.995,0.995,0.995,1,0
one-field-control,690,whole-call,0.995,0.995,0.995,0.995,1,0
one-field-control,690,joint-long-schema,0.995,0.995,0.995,0.995,1,0
one-field-control,691,field-average,0.9943333333333333,0.9943333333333333,0.9943333333333333,0.9943333333333333,1,0
one-field-control,691,whole-call,0.9943333333333333,0.9943333333333333,0.9943333333333333,0.9943333333333333,1,0
one-field-control,691,joint-long-schema,0.9943333333333333,0.9943333333333333,0.9943333333333333,0.9943333333333333,1,0
one-field-control,692,field-average,0.9926666666666667,0.9926666666666667,0.9926666666666667,0.9926666666666667,1,0
one-field-control,692,whole-call,0.9926666666666667,0.9926666666666667,0.9926666666666667,0.9926666666666667,1,0
one-field-control,692,joint-long-schema,0.9926666666666667,0.9926666666666667,0.9926666666666667,0.9926666666666667,1,0
one-field-control,693,field-average,0.994,0.994,0.994,0.994,1,0
one-field-control,693,whole-call,0.994,0.994,0.994,0.994,1,0
one-field-control,693,joint-long-schema,0.994,0.994,0.994,0.994,1,0
one-field-control,694,field-average,0.9946666666666667,0.9946666666666667,0.9946666666666667,0.9946666666666667,1,0
one-field-control,694,whole-call,0.9946666666666667,0.9946666666666667,0.9946666666666667,0.9946666666666667,1,0
one-field-control,694,joint-long-schema,0.9946666666666667,0.9946666666666667,0.9946666666666667,0.9946666666666667,1,0
one-field-control,695,field-average,0.9943333333333333,0.9943333333333333,0.9943333333333333,0.9943333333333333,1,0
one-field-control,695,whole-call,0.9943333333333333,0.9943333333333333,0.9943333333333333,0.9943333333333333,1,0
one-field-control,695,joint-long-schema,0.9943333333333333,0.9943333333333333,0.9943333333333333,0.9943333333333333,1,0
one-field-control,696,field-average,0.996,0.996,0.996,0.996,1,0
one-field-control,696,whole-call,0.996,0.996,0.996,0.996,1,0
one-field-control,696,joint-long-schema,0.996,0.996,0.996,0.996,1,0
one-field-control,697,field-average,0.9963333333333333,0.9963333333333333,0.9963333333333333,0.9963333333333333,1,0
one-field-control,697,whole-call,0.9963333333333333,0.9963333333333333,0.9963333333333333,0.9963333333333333,1,0
one-field-control,697,joint-long-schema,0.9963333333333333,0.9963333333333333,0.9963333333333333,0.9963333333333333,1,0
one-field-control,698,field-average,0.9946666666666667,0.9946666666666667,0.9946666666666667,0.9946666666666667,1,0
one-field-control,698,whole-call,0.9946666666666667,0.9946666666666667,0.9946666666666667,0.9946666666666667,1,0
one-field-control,698,joint-long-schema,0.9946666666666667,0.9946666666666667,0.9946666666666667,0.9946666666666667,1,0
one-field-control,699,field-average,0.9953333333333333,0.9953333333333333,0.9953333333333333,0.9953333333333333,1,0
one-field-control,699,whole-call,0.9953333333333333,0.9953333333333333,0.9953333333333333,0.9953333333333333,1,0
one-field-control,699,joint-long-schema,0.9953333333333333,0.9953333333333333,0.9953333333333333,0.9953333333333333,1,0
one-field-control,700,field-average,0.9916666666666667,0.9916666666666667,0.9916666666666667,0.9916666666666667,1,0
one-field-control,700,whole-call,0.9916666666666667,0.9916666666666667,0.9916666666666667,0.9916666666666667,1,0
one-field-control,700,joint-long-schema,0.9916666666666667,0.9916666666666667,0.9916666666666667,0.9916666666666667,1,0
one-field-control,701,field-average,0.9953333333333333,0.9953333333333333,0.9953333333333333,0.9953333333333333,1,0
one-field-control,701,whole-call,0.9953333333333333,0.9953333333333333,0.9953333333333333,0.9953333333333333,1,0
one-field-control,701,joint-long-schema,0.9953333333333333,0.9953333333333333,0.9953333333333333,0.9953333333333333,1,0
one-field-control,702,field-average,0.9966666666666667,0.9966666666666667,0.9966666666666667,0.9966666666666667,1,0
one-field-control,702,whole-call,0.9966666666666667,0.9966666666666667,0.9966666666666667,0.9966666666666667,1,0
one-field-control,702,joint-long-schema,0.9966666666666667,0.9966666666666667,0.9966666666666667,0.9966666666666667,1,0
one-field-control,703,field-average,0.9933333333333333,0.9933333333333333,0.9933333333333333,0.9933333333333333,1,0
one-field-control,703,whole-call,0.9933333333333333,0.9933333333333333,0.9933333333333333,0.9933333333333333,1,0
one-field-control,703,joint-long-schema,0.9933333333333333,0.9933333333333333,0.9933333333333333,0.9933333333333333,1,0
one-field-control,704,field-average,0.992,0.992,0.992,0.992,1,0
one-field-control,704,whole-call,0.992,0.992,0.992,0.992,1,0
one-field-control,704,joint-long-schema,0.992,0.992,0.992,0.992,1,0
one-field-control,705,field-average,0.9956666666666667,0.9956666666666667,0.9956666666666667,0.9956666666666667,1,0
one-field-control,705,whole-call,0.9956666666666667,0.9956666666666667,0.9956666666666667,0.9956666666666667,1,0
one-field-control,705,joint-long-schema,0.9956666666666667,0.9956666666666667,0.9956666666666667,0.9956666666666667,1,0
one-field-control,706,field-average,0.9943333333333333,0.9943333333333333,0.9943333333333333,0.9943333333333333,1,0
one-field-control,706,whole-call,0.9943333333333333,0.9943333333333333,0.9943333333333333,0.9943333333333333,1,0
one-field-control,706,joint-long-schema,0.9943333333333333,0.9943333333333333,0.9943333333333333,0.9943333333333333,1,0
one-field-control,707,field-average,0.9936666666666667,0.9936666666666667,0.9936666666666667,0.9936666666666667,1,0
one-field-control,707,whole-call,0.9936666666666667,0.9936666666666667,0.9936666666666667,0.9936666666666667,1,0
one-field-control,707,joint-long-schema,0.9936666666666667,0.9936666666666667,0.9936666666666667,0.9936666666666667,1,0
one-field-control,708,field-average,0.9933333333333333,0.9933333333333333,0.9933333333333333,0.9933333333333333,1,0
one-field-control,708,whole-call,0.9933333333333333,0.9933333333333333,0.9933333333333333,0.9933333333333333,1,0
one-field-control,708,joint-long-schema,0.9933333333333333,0.9933333333333333,0.9933333333333333,0.9933333333333333,1,0
one-field-control,709,field-average,0.9953333333333333,0.9953333333333333,0.9953333333333333,0.9953333333333333,1,0
one-field-control,709,whole-call,0.9953333333333333,0.9953333333333333,0.9953333333333333,0.9953333333333333,1,0
one-field-control,709,joint-long-schema,0.9953333333333333,0.9953333333333333,0.9953333333333333,0.9953333333333333,1,0
one-field-control,710,field-average,0.9953333333333333,0.9953333333333333,0.9953333333333333,0.9953333333333333,1,0
one-field-control,710,whole-call,0.9953333333333333,0.9953333333333333,0.9953333333333333,0.9953333333333333,1,0
one-field-control,710,joint-long-schema,0.9953333333333333,0.9953333333333333,0.9953333333333333,0.9953333333333333,1,0
one-field-control,711,field-average,0.994,0.994,0.994,0.994,1,0
one-field-control,711,whole-call,0.994,0.994,0.994,0.994,1,0
one-field-control,711,joint-long-schema,0.994,0.994,0.994,0.994,1,0
one-field-control,712,field-average,0.994,0.994,0.994,0.994,1,0
one-field-control,712,whole-call,0.994,0.994,0.994,0.994,1,0
one-field-control,712,joint-long-schema,0.994,0.994,0.994,0.994,1,0
one-field-control,713,field-average,0.9956666666666667,0.9956666666666667,0.9956666666666667,0.9956666666666667,1,0
one-field-control,713,whole-call,0.9956666666666667,0.9956666666666667,0.9956666666666667,0.9956666666666667,1,0
one-field-control,713,joint-long-schema,0.9956666666666667,0.9956666666666667,0.9956666666666667,0.9956666666666667,1,0
one-field-control,714,field-average,0.9946666666666667,0.9946666666666667,0.9946666666666667,0.9946666666666667,1,0
one-field-control,714,whole-call,0.9946666666666667,0.9946666666666667,0.9946666666666667,0.9946666666666667,1,0
one-field-control,714,joint-long-schema,0.9946666666666667,0.9946666666666667,0.9946666666666667,0.9946666666666667,1,0
one-field-control,715,field-average,0.996,0.996,0.996,0.996,1,0
one-field-control,715,whole-call,0.996,0.996,0.996,0.996,1,0
one-field-control,715,joint-long-schema,0.996,0.996,0.996,0.996,1,0
one-field-control,716,field-average,0.9946666666666667,0.9946666666666667,0.9946666666666667,0.9946666666666667,1,0
one-field-control,716,whole-call,0.9946666666666667,0.9946666666666667,0.9946666666666667,0.9946666666666667,1,0
one-field-control,716,joint-long-schema,0.9946666666666667,0.9946666666666667,0.9946666666666667,0.9946666666666667,1,0
one-field-control,717,field-average,0.995,0.995,0.995,0.995,1,0
one-field-control,717,whole-call,0.995,0.995,0.995,0.995,1,0
one-field-control,717,joint-long-schema,0.995,0.995,0.995,0.995,1,0
one-field-control,718,field-average,0.996,0.996,0.996,0.996,1,0
one-field-control,718,whole-call,0.996,0.996,0.996,0.996,1,0
one-field-control,718,joint-long-schema,0.996,0.996,0.996,0.996,1,0
one-field-control,719,field-average,0.9936666666666667,0.9936666666666667,0.9936666666666667,0.9936666666666667,1,0
one-field-control,719,whole-call,0.9936666666666667,0.9936666666666667,0.9936666666666667,0.9936666666666667,1,0
one-field-control,719,joint-long-schema,0.9936666666666667,0.9936666666666667,0.9936666666666667,0.9936666666666667,1,0
one-field-control,720,field-average,0.9956666666666667,0.9956666666666667,0.9956666666666667,0.9956666666666667,1,0
one-field-control,720,whole-call,0.9956666666666667,0.9956666666666667,0.9956666666666667,0.9956666666666667,1,0
one-field-control,720,joint-long-schema,0.9956666666666667,0.9956666666666667,0.9956666666666667,0.9956666666666667,1,0
one-field-control,721,field-average,0.9943333333333333,0.9943333333333333,0.9943333333333333,0.9943333333333333,1,0
one-field-control,721,whole-call,0.9943333333333333,0.9943333333333333,0.9943333333333333,0.9943333333333333,1,0
one-field-control,721,joint-long-schema,0.9943333333333333,0.9943333333333333,0.9943333333333333,0.9943333333333333,1,0
one-field-control,722,field-average,0.9953333333333333,0.9953333333333333,0.9953333333333333,0.9953333333333333,1,0
one-field-control,722,whole-call,0.9953333333333333,0.9953333333333333,0.9953333333333333,0.9953333333333333,1,0
one-field-control,722,joint-long-schema,0.9953333333333333,0.9953333333333333,0.9953333333333333,0.9953333333333333,1,0
one-field-control,723,field-average,0.9933333333333333,0.9933333333333333,0.9933333333333333,0.9933333333333333,1,0
one-field-control,723,whole-call,0.9933333333333333,0.9933333333333333,0.9933333333333333,0.9933333333333333,1,0
one-field-control,723,joint-long-schema,0.9933333333333333,0.9933333333333333,0.9933333333333333,0.9933333333333333,1,0
one-field-control,724,field-average,0.9943333333333333,0.9943333333333333,0.9943333333333333,0.9943333333333333,1,0
one-field-control,724,whole-call,0.9943333333333333,0.9943333333333333,0.9943333333333333,0.9943333333333333,1,0
one-field-control,724,joint-long-schema,0.9943333333333333,0.9943333333333333,0.9943333333333333,0.9943333333333333,1,0
one-field-control,725,field-average,0.9963333333333333,0.9963333333333333,0.9963333333333333,0.9963333333333333,1,0
one-field-control,725,whole-call,0.9963333333333333,0.9963333333333333,0.9963333333333333,0.9963333333333333,1,0
one-field-control,725,joint-long-schema,0.9963333333333333,0.9963333333333333,0.9963333333333333,0.9963333333333333,1,0
one-field-control,726,field-average,0.9956666666666667,0.9956666666666667,0.9956666666666667,0.9956666666666667,1,0
one-field-control,726,whole-call,0.9956666666666667,0.9956666666666667,0.9956666666666667,0.9956666666666667,1,0
one-field-control,726,joint-long-schema,0.9956666666666667,0.9956666666666667,0.9956666666666667,0.9956666666666667,1,0
one-field-control,727,field-average,0.9953333333333333,0.9953333333333333,0.9953333333333333,0.9953333333333333,1,0
one-field-control,727,whole-call,0.9953333333333333,0.9953333333333333,0.9953333333333333,0.9953333333333333,1,0
one-field-control,727,joint-long-schema,0.9953333333333333,0.9953333333333333,0.9953333333333333,0.9953333333333333,1,0
one-field-control,728,field-average,0.9953333333333333,0.9953333333333333,0.9953333333333333,0.9953333333333333,1,0
one-field-control,728,whole-call,0.9953333333333333,0.9953333333333333,0.9953333333333333,0.9953333333333333,1,0
one-field-control,728,joint-long-schema,0.9953333333333333,0.9953333333333333,0.9953333333333333,0.9953333333333333,1,0
one-field-control,729,field-average,0.9953333333333333,0.9953333333333333,0.9953333333333333,0.9953333333333333,1,0
one-field-control,729,whole-call,0.9953333333333333,0.9953333333333333,0.9953333333333333,0.9953333333333333,1,0
one-field-control,729,joint-long-schema,0.9953333333333333,0.9953333333333333,0.9953333333333333,0.9953333333333333,1,0
one-field-control,730,field-average,0.9946666666666667,0.9946666666666667,0.9946666666666667,0.9946666666666667,1,0
one-field-control,730,whole-call,0.9946666666666667,0.9946666666666667,0.9946666666666667,0.9946666666666667,1,0
one-field-control,730,joint-long-schema,0.9946666666666667,0.9946666666666667,0.9946666666666667,0.9946666666666667,1,0
one-field-control,731,field-average,0.998,0.998,0.998,0.998,1,0
one-field-control,731,whole-call,0.998,0.998,0.998,0.998,1,0
one-field-control,731,joint-long-schema,0.998,0.998,0.998,0.998,1,0
one-field-control,732,field-average,0.9943333333333333,0.9943333333333333,0.9943333333333333,0.9943333333333333,1,0
one-field-control,732,whole-call,0.9943333333333333,0.9943333333333333,0.9943333333333333,0.9943333333333333,1,0
one-field-control,732,joint-long-schema,0.9943333333333333,0.9943333333333333,0.9943333333333333,0.9943333333333333,1,0
one-field-control,733,field-average,0.996,0.996,0.996,0.996,1,0
one-field-control,733,whole-call,0.996,0.996,0.996,0.996,1,0
one-field-control,733,joint-long-schema,0.996,0.996,0.996,0.996,1,0
one-field-control,734,field-average,0.9936666666666667,0.9936666666666667,0.9936666666666667,0.9936666666666667,1,0
one-field-control,734,whole-call,0.9936666666666667,0.9936666666666667,0.9936666666666667,0.9936666666666667,1,0
one-field-control,734,joint-long-schema,0.9936666666666667,0.9936666666666667,0.9936666666666667,0.9936666666666667,1,0
one-field-control,735,field-average,0.995,0.995,0.995,0.995,1,0
one-field-control,735,whole-call,0.995,0.995,0.995,0.995,1,0
one-field-control,735,joint-long-schema,0.995,0.995,0.995,0.995,1,0
one-field-control,736,field-average,0.9933333333333333,0.9933333333333333,0.9933333333333333,0.9933333333333333,1,0
one-field-control,736,whole-call,0.9933333333333333,0.9933333333333333,0.9933333333333333,0.9933333333333333,1,0
one-field-control,736,joint-long-schema,0.9933333333333333,0.9933333333333333,0.9933333333333333,0.9933333333333333,1,0
one-field-control,737,field-average,0.9963333333333333,0.9963333333333333,0.9963333333333333,0.9963333333333333,1,0
one-field-control,737,whole-call,0.9963333333333333,0.9963333333333333,0.9963333333333333,0.9963333333333333,1,0
one-field-control,737,joint-long-schema,0.9963333333333333,0.9963333333333333,0.9963333333333333,0.9963333333333333,1,0
one-field-control,738,field-average,0.9953333333333333,0.9953333333333333,0.9953333333333333,0.9953333333333333,1,0
one-field-control,738,whole-call,0.9953333333333333,0.9953333333333333,0.9953333333333333,0.9953333333333333,1,0
one-field-control,738,joint-long-schema,0.9953333333333333,0.9953333333333333,0.9953333333333333,0.9953333333333333,1,0
one-field-control,739,field-average,0.9936666666666667,0.9936666666666667,0.9936666666666667,0.9936666666666667,1,0
one-field-control,739,whole-call,0.9936666666666667,0.9936666666666667,0.9936666666666667,0.9936666666666667,1,0
one-field-control,739,joint-long-schema,0.9936666666666667,0.9936666666666667,0.9936666666666667,0.9936666666666667,1,0
one-field-control,740,field-average,0.9946666666666667,0.9946666666666667,0.9946666666666667,0.9946666666666667,1,0
one-field-control,740,whole-call,0.9946666666666667,0.9946666666666667,0.9946666666666667,0.9946666666666667,1,0
one-field-control,740,joint-long-schema,0.9946666666666667,0.9946666666666667,0.9946666666666667,0.9946666666666667,1,0
one-field-control,741,field-average,0.9946666666666667,0.9946666666666667,0.9946666666666667,0.9946666666666667,1,0
one-field-control,741,whole-call,0.9946666666666667,0.9946666666666667,0.9946666666666667,0.9946666666666667,1,0
one-field-control,741,joint-long-schema,0.9946666666666667,0.9946666666666667,0.9946666666666667,0.9946666666666667,1,0
one-field-control,742,field-average,0.9926666666666667,0.9926666666666667,0.9926666666666667,0.9926666666666667,1,0
one-field-control,742,whole-call,0.9926666666666667,0.9926666666666667,0.9926666666666667,0.9926666666666667,1,0
one-field-control,742,joint-long-schema,0.9926666666666667,0.9926666666666667,0.9926666666666667,0.9926666666666667,1,0
one-field-control,743,field-average,0.9933333333333333,0.9933333333333333,0.9933333333333333,0.9933333333333333,1,0
one-field-control,743,whole-call,0.9933333333333333,0.9933333333333333,0.9933333333333333,0.9933333333333333,1,0
one-field-control,743,joint-long-schema,0.9933333333333333,0.9933333333333333,0.9933333333333333,0.9933333333333333,1,0
one-field-control,744,field-average,0.9956666666666667,0.9956666666666667,0.9956666666666667,0.9956666666666667,1,0
one-field-control,744,whole-call,0.9956666666666667,0.9956666666666667,0.9956666666666667,0.9956666666666667,1,0
one-field-control,744,joint-long-schema,0.9956666666666667,0.9956666666666667,0.9956666666666667,0.9956666666666667,1,0
one-field-control,745,field-average,0.9943333333333333,0.9943333333333333,0.9943333333333333,0.9943333333333333,1,0
one-field-control,745,whole-call,0.9943333333333333,0.9943333333333333,0.9943333333333333,0.9943333333333333,1,0
one-field-control,745,joint-long-schema,0.9943333333333333,0.9943333333333333,0.9943333333333333,0.9943333333333333,1,0
one-field-control,746,field-average,0.996,0.996,0.996,0.996,1,0
one-field-control,746,whole-call,0.996,0.996,0.996,0.996,1,0
one-field-control,746,joint-long-schema,0.996,0.996,0.996,0.996,1,0
one-field-control,747,field-average,0.994,0.994,0.994,0.994,1,0
one-field-control,747,whole-call,0.994,0.994,0.994,0.994,1,0
one-field-control,747,joint-long-schema,0.994,0.994,0.994,0.994,1,0
one-field-control,748,field-average,0.992,0.992,0.992,0.992,1,0
one-field-control,748,whole-call,0.992,0.992,0.992,0.992,1,0
one-field-control,748,joint-long-schema,0.992,0.992,0.992,0.992,1,0
one-field-control,749,field-average,0.9953333333333333,0.9953333333333333,0.9953333333333333,0.9953333333333333,1,0
one-field-control,749,whole-call,0.9953333333333333,0.9953333333333333,0.9953333333333333,0.9953333333333333,1,0
one-field-control,749,joint-long-schema,0.9953333333333333,0.9953333333333333,0.9953333333333333,0.9953333333333333,1,0
one-field-control,750,field-average,0.9946666666666667,0.9946666666666667,0.9946666666666667,0.9946666666666667,1,0
one-field-control,750,whole-call,0.9946666666666667,0.9946666666666667,0.9946666666666667,0.9946666666666667,1,0
one-field-control,750,joint-long-schema,0.9946666666666667,0.9946666666666667,0.9946666666666667,0.9946666666666667,1,0
one-field-control,751,field-average,0.9953333333333333,0.9953333333333333,0.9953333333333333,0.9953333333333333,1,0
one-field-control,751,whole-call,0.9953333333333333,0.9953333333333333,0.9953333333333333,0.9953333333333333,1,0
one-field-control,751,joint-long-schema,0.9953333333333333,0.9953333333333333,0.9953333333333333,0.9953333333333333,1,0
one-field-control,752,field-average,0.996,0.996,0.996,0.996,1,0
one-field-control,752,whole-call,0.996,0.996,0.996,0.996,1,0
one-field-control,752,joint-long-schema,0.996,0.996,0.996,0.996,1,0
one-field-control,753,field-average,0.996,0.996,0.996,0.996,1,0
one-field-control,753,whole-call,0.996,0.996,0.996,0.996,1,0
one-field-control,753,joint-long-schema,0.996,0.996,0.996,0.996,1,0
one-field-control,754,field-average,0.9943333333333333,0.9943333333333333,0.9943333333333333,0.9943333333333333,1,0
one-field-control,754,whole-call,0.9943333333333333,0.9943333333333333,0.9943333333333333,0.9943333333333333,1,0
one-field-control,754,joint-long-schema,0.9943333333333333,0.9943333333333333,0.9943333333333333,0.9943333333333333,1,0
one-field-control,755,field-average,0.9956666666666667,0.9956666666666667,0.9956666666666667,0.9956666666666667,1,0
one-field-control,755,whole-call,0.9956666666666667,0.9956666666666667,0.9956666666666667,0.9956666666666667,1,0
one-field-control,755,joint-long-schema,0.9956666666666667,0.9956666666666667,0.9956666666666667,0.9956666666666667,1,0
one-field-control,756,field-average,0.995,0.995,0.995,0.995,1,0
one-field-control,756,whole-call,0.995,0.995,0.995,0.995,1,0
one-field-control,756,joint-long-schema,0.995,0.995,0.995,0.995,1,0
one-field-control,757,field-average,0.9943333333333333,0.9943333333333333,0.9943333333333333,0.9943333333333333,1,0
one-field-control,757,whole-call,0.9943333333333333,0.9943333333333333,0.9943333333333333,0.9943333333333333,1,0
one-field-control,757,joint-long-schema,0.9943333333333333,0.9943333333333333,0.9943333333333333,0.9943333333333333,1,0
one-field-control,758,field-average,0.9943333333333333,0.9943333333333333,0.9943333333333333,0.9943333333333333,1,0
one-field-control,758,whole-call,0.9943333333333333,0.9943333333333333,0.9943333333333333,0.9943333333333333,1,0
one-field-control,758,joint-long-schema,0.9943333333333333,0.9943333333333333,0.9943333333333333,0.9943333333333333,1,0
one-field-control,759,field-average,0.9956666666666667,0.9956666666666667,0.9956666666666667,0.9956666666666667,1,0
one-field-control,759,whole-call,0.9956666666666667,0.9956666666666667,0.9956666666666667,0.9956666666666667,1,0
one-field-control,759,joint-long-schema,0.9956666666666667,0.9956666666666667,0.9956666666666667,0.9956666666666667,1,0
one-field-control,760,field-average,0.9946666666666667,0.9946666666666667,0.9946666666666667,0.9946666666666667,1,0
one-field-control,760,whole-call,0.9946666666666667,0.9946666666666667,0.9946666666666667,0.9946666666666667,1,0
one-field-control,760,joint-long-schema,0.9946666666666667,0.9946666666666667,0.9946666666666667,0.9946666666666667,1,0
one-field-control,761,field-average,0.9943333333333333,0.9943333333333333,0.9943333333333333,0.9943333333333333,1,0
one-field-control,761,whole-call,0.9943333333333333,0.9943333333333333,0.9943333333333333,0.9943333333333333,1,0
one-field-control,761,joint-long-schema,0.9943333333333333,0.9943333333333333,0.9943333333333333,0.9943333333333333,1,0
one-field-control,762,field-average,0.995,0.995,0.995,0.995,1,0
one-field-control,762,whole-call,0.995,0.995,0.995,0.995,1,0
one-field-control,762,joint-long-schema,0.995,0.995,0.995,0.995,1,0
one-field-control,763,field-average,0.9933333333333333,0.9933333333333333,0.9933333333333333,0.9933333333333333,1,0
one-field-control,763,whole-call,0.9933333333333333,0.9933333333333333,0.9933333333333333,0.9933333333333333,1,0
one-field-control,763,joint-long-schema,0.9933333333333333,0.9933333333333333,0.9933333333333333,0.9933333333333333,1,0
one-field-control,764,field-average,0.994,0.994,0.994,0.994,1,0
one-field-control,764,whole-call,0.994,0.994,0.994,0.994,1,0
one-field-control,764,joint-long-schema,0.994,0.994,0.994,0.994,1,0
one-field-control,765,field-average,0.9933333333333333,0.9933333333333333,0.9933333333333333,0.9933333333333333,1,0
one-field-control,765,whole-call,0.9933333333333333,0.9933333333333333,0.9933333333333333,0.9933333333333333,1,0
one-field-control,765,joint-long-schema,0.9933333333333333,0.9933333333333333,0.9933333333333333,0.9933333333333333,1,0
one-field-control,766,field-average,0.995,0.995,0.995,0.995,1,0
one-field-control,766,whole-call,0.995,0.995,0.995,0.995,1,0
one-field-control,766,joint-long-schema,0.995,0.995,0.995,0.995,1,0
one-field-control,767,field-average,0.9946666666666667,0.9946666666666667,0.9946666666666667,0.9946666666666667,1,0
one-field-control,767,whole-call,0.9946666666666667,0.9946666666666667,0.9946666666666667,0.9946666666666667,1,0
one-field-control,767,joint-long-schema,0.9946666666666667,0.9946666666666667,0.9946666666666667,0.9946666666666667,1,0
one-field-control,768,field-average,0.9946666666666667,0.9946666666666667,0.9946666666666667,0.9946666666666667,1,0
one-field-control,768,whole-call,0.9946666666666667,0.9946666666666667,0.9946666666666667,0.9946666666666667,1,0
one-field-control,768,joint-long-schema,0.9946666666666667,0.9946666666666667,0.9946666666666667,0.9946666666666667,1,0
one-field-control,769,field-average,0.9936666666666667,0.9936666666666667,0.9936666666666667,0.9936666666666667,1,0
one-field-control,769,whole-call,0.9936666666666667,0.9936666666666667,0.9936666666666667,0.9936666666666667,1,0
one-field-control,769,joint-long-schema,0.9936666666666667,0.9936666666666667,0.9936666666666667,0.9936666666666667,1,0
one-field-control,770,field-average,0.993,0.993,0.993,0.993,1,0
one-field-control,770,whole-call,0.993,0.993,0.993,0.993,1,0
one-field-control,770,joint-long-schema,0.993,0.993,0.993,0.993,1,0
one-field-control,771,field-average,0.994,0.994,0.994,0.994,1,0
one-field-control,771,whole-call,0.994,0.994,0.994,0.994,1,0
one-field-control,771,joint-long-schema,0.994,0.994,0.994,0.994,1,0
one-field-control,772,field-average,0.9953333333333333,0.9953333333333333,0.9953333333333333,0.9953333333333333,1,0
one-field-control,772,whole-call,0.9953333333333333,0.9953333333333333,0.9953333333333333,0.9953333333333333,1,0
one-field-control,772,joint-long-schema,0.9953333333333333,0.9953333333333333,0.9953333333333333,0.9953333333333333,1,0
one-field-control,773,field-average,0.9936666666666667,0.9936666666666667,0.9936666666666667,0.9936666666666667,1,0
one-field-control,773,whole-call,0.9936666666666667,0.9936666666666667,0.9936666666666667,0.9936666666666667,1,0
one-field-control,773,joint-long-schema,0.9936666666666667,0.9936666666666667,0.9936666666666667,0.9936666666666667,1,0
one-field-control,774,field-average,0.9963333333333333,0.9963333333333333,0.9963333333333333,0.9963333333333333,1,0
one-field-control,774,whole-call,0.9963333333333333,0.9963333333333333,0.9963333333333333,0.9963333333333333,1,0
one-field-control,774,joint-long-schema,0.9963333333333333,0.9963333333333333,0.9963333333333333,0.9963333333333333,1,0
one-field-control,775,field-average,0.9946666666666667,0.9946666666666667,0.9946666666666667,0.9946666666666667,1,0
one-field-control,775,whole-call,0.9946666666666667,0.9946666666666667,0.9946666666666667,0.9946666666666667,1,0
one-field-control,775,joint-long-schema,0.9946666666666667,0.9946666666666667,0.9946666666666667,0.9946666666666667,1,0
one-field-control,776,field-average,0.9946666666666667,0.9946666666666667,0.9946666666666667,0.9946666666666667,1,0
one-field-control,776,whole-call,0.9946666666666667,0.9946666666666667,0.9946666666666667,0.9946666666666667,1,0
one-field-control,776,joint-long-schema,0.9946666666666667,0.9946666666666667,0.9946666666666667,0.9946666666666667,1,0
one-field-control,777,field-average,0.9936666666666667,0.9936666666666667,0.9936666666666667,0.9936666666666667,1,0
one-field-control,777,whole-call,0.9936666666666667,0.9936666666666667,0.9936666666666667,0.9936666666666667,1,0
one-field-control,777,joint-long-schema,0.9936666666666667,0.9936666666666667,0.9936666666666667,0.9936666666666667,1,0
one-field-control,778,field-average,0.9936666666666667,0.9936666666666667,0.9936666666666667,0.9936666666666667,1,0
one-field-control,778,whole-call,0.9936666666666667,0.9936666666666667,0.9936666666666667,0.9936666666666667,1,0
one-field-control,778,joint-long-schema,0.9936666666666667,0.9936666666666667,0.9936666666666667,0.9936666666666667,1,0
one-field-control,779,field-average,0.995,0.995,0.995,0.995,1,0
one-field-control,779,whole-call,0.995,0.995,0.995,0.995,1,0
one-field-control,779,joint-long-schema,0.995,0.995,0.995,0.995,1,0
one-field-control,780,field-average,0.9953333333333333,0.9953333333333333,0.9953333333333333,0.9953333333333333,1,0
one-field-control,780,whole-call,0.9953333333333333,0.9953333333333333,0.9953333333333333,0.9953333333333333,1,0
one-field-control,780,joint-long-schema,0.9953333333333333,0.9953333333333333,0.9953333333333333,0.9953333333333333,1,0
one-field-control,781,field-average,0.997,0.997,0.997,0.997,1,0
one-field-control,781,whole-call,0.997,0.997,0.997,0.997,1,0
one-field-control,781,joint-long-schema,0.997,0.997,0.997,0.997,1,0
one-field-control,782,field-average,0.9953333333333333,0.9953333333333333,0.9953333333333333,0.9953333333333333,1,0
one-field-control,782,whole-call,0.9953333333333333,0.9953333333333333,0.9953333333333333,0.9953333333333333,1,0
one-field-control,782,joint-long-schema,0.9953333333333333,0.9953333333333333,0.9953333333333333,0.9953333333333333,1,0
one-field-control,783,field-average,0.9956666666666667,0.9956666666666667,0.9956666666666667,0.9956666666666667,1,0
one-field-control,783,whole-call,0.9956666666666667,0.9956666666666667,0.9956666666666667,0.9956666666666667,1,0
one-field-control,783,joint-long-schema,0.9956666666666667,0.9956666666666667,0.9956666666666667,0.9956666666666667,1,0
one-field-control,784,field-average,0.996,0.996,0.996,0.996,1,0
one-field-control,784,whole-call,0.996,0.996,0.996,0.996,1,0
one-field-control,784,joint-long-schema,0.996,0.996,0.996,0.996,1,0
one-field-control,785,field-average,0.9966666666666667,0.9966666666666667,0.9966666666666667,0.9966666666666667,1,0
one-field-control,785,whole-call,0.9966666666666667,0.9966666666666667,0.9966666666666667,0.9966666666666667,1,0
one-field-control,785,joint-long-schema,0.9966666666666667,0.9966666666666667,0.9966666666666667,0.9966666666666667,1,0
one-field-control,786,field-average,0.9953333333333333,0.9953333333333333,0.9953333333333333,0.9953333333333333,1,0
one-field-control,786,whole-call,0.9953333333333333,0.9953333333333333,0.9953333333333333,0.9953333333333333,1,0
one-field-control,786,joint-long-schema,0.9953333333333333,0.9953333333333333,0.9953333333333333,0.9953333333333333,1,0
one-field-control,787,field-average,0.9943333333333333,0.9943333333333333,0.9943333333333333,0.9943333333333333,1,0
one-field-control,787,whole-call,0.9943333333333333,0.9943333333333333,0.9943333333333333,0.9943333333333333,1,0
one-field-control,787,joint-long-schema,0.9943333333333333,0.9943333333333333,0.9943333333333333,0.9943333333333333,1,0
one-field-control,788,field-average,0.9926666666666667,0.9926666666666667,0.9926666666666667,0.9926666666666667,1,0
one-field-control,788,whole-call,0.9926666666666667,0.9926666666666667,0.9926666666666667,0.9926666666666667,1,0
one-field-control,788,joint-long-schema,0.9926666666666667,0.9926666666666667,0.9926666666666667,0.9926666666666667,1,0
one-field-control,789,field-average,0.9933333333333333,0.9933333333333333,0.9933333333333333,0.9933333333333333,1,0
one-field-control,789,whole-call,0.9933333333333333,0.9933333333333333,0.9933333333333333,0.9933333333333333,1,0
one-field-control,789,joint-long-schema,0.9933333333333333,0.9933333333333333,0.9933333333333333,0.9933333333333333,1,0
one-field-control,790,field-average,0.9943333333333333,0.9943333333333333,0.9943333333333333,0.9943333333333333,1,0
one-field-control,790,whole-call,0.9943333333333333,0.9943333333333333,0.9943333333333333,0.9943333333333333,1,0
one-field-control,790,joint-long-schema,0.9943333333333333,0.9943333333333333,0.9943333333333333,0.9943333333333333,1,0
one-field-control,791,field-average,0.9953333333333333,0.9953333333333333,0.9953333333333333,0.9953333333333333,1,0
one-field-control,791,whole-call,0.9953333333333333,0.9953333333333333,0.9953333333333333,0.9953333333333333,1,0
one-field-control,791,joint-long-schema,0.9953333333333333,0.9953333333333333,0.9953333333333333,0.9953333333333333,1,0
one-field-control,792,field-average,0.9953333333333333,0.9953333333333333,0.9953333333333333,0.9953333333333333,1,0
one-field-control,792,whole-call,0.9953333333333333,0.9953333333333333,0.9953333333333333,0.9953333333333333,1,0
one-field-control,792,joint-long-schema,0.9953333333333333,0.9953333333333333,0.9953333333333333,0.9953333333333333,1,0
one-field-control,793,field-average,0.9936666666666667,0.9936666666666667,0.9936666666666667,0.9936666666666667,1,0
one-field-control,793,whole-call,0.9936666666666667,0.9936666666666667,0.9936666666666667,0.9936666666666667,1,0
one-field-control,793,joint-long-schema,0.9936666666666667,0.9936666666666667,0.9936666666666667,0.9936666666666667,1,0
one-field-control,794,field-average,0.9943333333333333,0.9943333333333333,0.9943333333333333,0.9943333333333333,1,0
one-field-control,794,whole-call,0.9943333333333333,0.9943333333333333,0.9943333333333333,0.9943333333333333,1,0
one-field-control,794,joint-long-schema,0.9943333333333333,0.9943333333333333,0.9943333333333333,0.9943333333333333,1,0
one-field-control,795,field-average,0.994,0.994,0.994,0.994,1,0
one-field-control,795,whole-call,0.994,0.994,0.994,0.994,1,0
one-field-control,795,joint-long-schema,0.994,0.994,0.994,0.994,1,0
one-field-control,796,field-average,0.9963333333333333,0.9963333333333333,0.9963333333333333,0.9963333333333333,1,0
one-field-control,796,whole-call,0.9963333333333333,0.9963333333333333,0.9963333333333333,0.9963333333333333,1,0
one-field-control,796,joint-long-schema,0.9963333333333333,0.9963333333333333,0.9963333333333333,0.9963333333333333,1,0
one-field-control,797,field-average,0.997,0.997,0.997,0.997,1,0
one-field-control,797,whole-call,0.997,0.997,0.997,0.997,1,0
one-field-control,797,joint-long-schema,0.997,0.997,0.997,0.997,1,0
one-field-control,798,field-average,0.994,0.994,0.994,0.994,1,0
one-field-control,798,whole-call,0.994,0.994,0.994,0.994,1,0
one-field-control,798,joint-long-schema,0.994,0.994,0.994,0.994,1,0
one-field-control,799,field-average,0.9943333333333333,0.9943333333333333,0.9943333333333333,0.9943333333333333,1,0
one-field-control,799,whole-call,0.9943333333333333,0.9943333333333333,0.9943333333333333,0.9943333333333333,1,0
one-field-control,799,joint-long-schema,0.9943333333333333,0.9943333333333333,0.9943333333333333,0.9943333333333333,1,0
