scenario,repeat,policy,completionRate,p50Latency,p95Latency,p99Latency,workSecondsPerRequest,hedgeRate,hedgeWinRate,maxQueueDepth,canceledQueuedPerRequest
moderate_independent,0,no_hedge,1,0.19378690636021645,1.4546012650038733,3.336826148829667,0.31707473654974294,0,0,2,0
moderate_independent,0,fixed_250ms,1,0.19328873947860004,0.42888514105742104,0.5387365069385481,0.2426084186422828,0.28875,0.2748917748917749,2,0.28875
moderate_independent,0,fixed_500ms,1,0.19281743625041514,0.6044100877498728,0.7799861144112903,0.2406864835072563,0.0625,0.83,2,0.0625
moderate_independent,0,queue_capped_250ms,1,0.19328873947860004,0.42888514105742104,0.5387365069385481,0.2426084186422828,0.28875,0.2748917748917749,2,0.28875
moderate_independent,1,no_hedge,1,0.19715584416074705,1.2169176308274956,3.2406362495986265,0.3133960401819802,0,0,2,0
moderate_independent,1,fixed_250ms,1,0.19608360796073754,0.44167820208183173,0.755779562691417,0.25049803602543597,0.29125,0.2811158798283262,4,0.290625
moderate_independent,1,fixed_500ms,1,0.1959644537353853,0.6105825173184911,0.8156289814115354,0.24840911697388424,0.070625,0.7345132743362832,3,0.070625
moderate_independent,1,queue_capped_250ms,1,0.19608360796073754,0.44167820208183173,0.7670193953412836,0.25350327151276353,0.28375,0.28193832599118945,3,0.283125
moderate_independent,2,no_hedge,1,0.1945506842795055,1.226917928657505,3.10051539739527,0.30935195635925616,0,0,2,0
moderate_independent,2,fixed_250ms,1,0.19220172046830442,0.398215176838562,0.5320531171061162,0.2356577635822678,0.28875,0.2619047619047619,2,0.28875
moderate_independent,2,fixed_500ms,1,0.19153852467991328,0.584486054664481,0.7820531171060665,0.2348712295658494,0.060625,0.8041237113402062,2,0.060625
moderate_independent,2,queue_capped_250ms,1,0.19220172046830442,0.398215176838562,0.5320531171061162,0.2356577635822678,0.28875,0.2619047619047619,2,0.28875
moderate_independent,3,no_hedge,1,0.19354770571393587,0.5672183782176035,3.35629375480711,0.29947316364787097,0,0,3,0
moderate_independent,3,fixed_250ms,1,0.19102853828597688,0.4120090512547847,0.49795093925038714,0.24096488321759185,0.28125,0.23777777777777778,2,0.28125
moderate_independent,3,fixed_500ms,1,0.19102853828597688,0.5294197230975293,0.7364004654286269,0.23500938301117913,0.05125,0.7560975609756098,2,0.05125
moderate_independent,3,queue_capped_250ms,1,0.19102853828597688,0.4120090512547847,0.49795093925038714,0.24096488321759185,0.28125,0.23777777777777778,2,0.28125
moderate_independent,4,no_hedge,1,0.1969112644611073,1.805868761899319,3.951735551732469,0.3301730132954324,0,0,2,0
moderate_independent,4,fixed_250ms,1,0.18914768622840583,0.42369581681609114,0.5304468076519058,0.2449305924111826,0.29,0.28448275862068967,2,0.29
moderate_independent,4,fixed_500ms,1,0.18853007491142648,0.6167746694230232,0.7456576763773732,0.2445085038436363,0.0675,0.8148148148148148,2,0.0675
moderate_independent,4,queue_capped_250ms,1,0.18914768622840583,0.42369581681609114,0.5304468076519058,0.2449305924111826,0.29,0.28448275862068967,2,0.29
moderate_independent,5,no_hedge,1,0.20058978527043791,1.8499984510764165,3.7610156839506885,0.3432367750583468,0,0,2,0
moderate_independent,5,fixed_250ms,1,0.19755652964300907,0.437672479507329,0.651057375391666,0.25947962302205346,0.298125,0.29979035639413,2,0.2975
moderate_independent,5,fixed_500ms,1,0.19706543980507973,0.631925179944389,0.806009533350931,0.25711762032089347,0.071875,0.808695652173913,2,0.071875
moderate_independent,5,queue_capped_250ms,1,0.19755652964300907,0.437672479507329,0.651057375391666,0.25947962302205346,0.298125,0.29979035639413,2,0.2975
moderate_independent,6,no_hedge,1,0.19805996244778612,1.961209695764552,3.8289622155183167,0.34672150828962905,0,0,2,0
moderate_independent,6,fixed_250ms,1,0.19380709736380908,0.4374420926959033,0.5777208631325124,0.2521830191622472,0.293125,0.29850746268656714,2,0.293125
moderate_independent,6,fixed_500ms,1,0.19441195726586025,0.6209880618311914,0.8312456297053075,0.25381984841258576,0.074375,0.8319327731092437,2,0.074375
moderate_independent,6,queue_capped_250ms,1,0.19380709736380908,0.4374420926959033,0.5777208631325124,0.2521830191622472,0.293125,0.29850746268656714,2,0.293125
moderate_independent,7,no_hedge,1,0.19080665649143214,0.6284567798013683,3.4760485753269563,0.3036598421955332,0,0,2,0
moderate_independent,7,fixed_250ms,1,0.18917513580120726,0.41698151649993065,0.5668954888977566,0.24531737079480936,0.273125,0.2585812356979405,2,0.2725
moderate_independent,7,fixed_500ms,1,0.18917513580120726,0.5440593339512105,0.8142187880985432,0.24180667132444744,0.05375,0.8023255813953488,2,0.053125
moderate_independent,7,queue_capped_250ms,1,0.18917513580120726,0.41698151649993065,0.5668954888977566,0.24531737079480936,0.273125,0.2585812356979405,2,0.2725
moderate_independent,8,no_hedge,1,0.19699768046174526,1.8951496808965516,3.891191307487915,0.3446751836288175,0,0,2,0
moderate_independent,8,fixed_250ms,1,0.1908781723990245,0.4292000439497059,0.5926870863162321,0.24709156127409063,0.29125,0.3090128755364807,2,0.29125
moderate_independent,8,fixed_500ms,1,0.19075882538476563,0.6375979159079748,0.799531581586777,0.24878865202227426,0.069375,0.8468468468468469,2,0.069375
moderate_independent,8,queue_capped_250ms,1,0.1908781723990245,0.4292000439497059,0.5926870863162321,0.24709156127409063,0.29125,0.3090128755364807,2,0.29125
moderate_independent,9,no_hedge,1,0.19367094946673546,1.5529115824207125,3.250668822184359,0.3172715984372125,0,0,2,0
moderate_independent,9,fixed_250ms,1,0.19039909358271956,0.42122311622659936,0.5485537771976325,0.24685295486165565,0.285625,0.29321663019693656,2,0.285625
moderate_independent,9,fixed_500ms,1,0.19088137932421745,0.5945872743290002,0.7478464777593068,0.2461578539947361,0.064375,0.7378640776699029,2,0.064375
moderate_independent,9,queue_capped_250ms,1,0.19039909358271956,0.42122311622659936,0.5485537771976325,0.24685295486165565,0.285625,0.29321663019693656,2,0.285625
moderate_independent,10,no_hedge,1,0.19201740686698088,0.9270939306507984,3.417018267658918,0.31864458336812984,0,0,2,0
moderate_independent,10,fixed_250ms,1,0.1902944328192433,0.42988142218855785,0.5699312675809551,0.2472843577114322,0.2675,0.3037383177570093,2,0.266875
moderate_independent,10,fixed_500ms,1,0.1904872590376172,0.5844721245888849,0.8199312675809054,0.2446133739667256,0.060625,0.7319587628865979,2,0.060625
moderate_independent,10,queue_capped_250ms,1,0.1902944328192433,0.42988142218855785,0.5699312675809551,0.2472843577114322,0.2675,0.3037383177570093,2,0.266875
moderate_independent,11,no_hedge,1,0.19439674464445744,1.1311249698356676,3.3947164263671255,0.31403132729363553,0,0,2,0
moderate_independent,11,fixed_250ms,1,0.19249520619590932,0.42805637148352105,0.5678197646343932,0.23935591863134698,0.2775,0.2635135135135135,2,0.2775
moderate_independent,11,fixed_500ms,1,0.19108665963703686,0.6066245308940346,0.8033011950356581,0.23727175308387188,0.06,0.8229166666666666,2,0.06
moderate_independent,11,queue_capped_250ms,1,0.19249520619590932,0.42805637148352105,0.5678197646343932,0.23935591863134698,0.2775,0.2635135135135135,2,0.2775
moderate_independent,12,no_hedge,1,0.19047750274336295,1.1855460584842916,3.294809852653856,0.3130482112345464,0,0,2,0
moderate_independent,12,fixed_250ms,1,0.18987029380470233,0.413740511558899,0.5223240033229217,0.24084423290455437,0.283125,0.27593818984547464,2,0.2825
moderate_independent,12,fixed_500ms,1,0.18963887577528027,0.5914895508738596,0.76261678433508,0.23927626874049351,0.061875,0.8080808080808081,2,0.06125
moderate_independent,12,queue_capped_250ms,1,0.18987029380470233,0.413740511558899,0.5223240033229217,0.24084423290455437,0.283125,0.27593818984547464,2,0.2825
moderate_independent,13,no_hedge,1,0.19647601492468425,1.288296303508119,3.5529048794621048,0.32347771719151114,0,0,2,0
moderate_independent,13,fixed_250ms,1,0.1947881158830569,0.42619945957350325,0.564850453097705,0.24783544455503584,0.291875,0.2569593147751606,2,0.291875
moderate_independent,13,fixed_500ms,1,0.19502408447636554,0.6070405538555121,0.7974922855633366,0.2455623322655404,0.063125,0.7920792079207921,2,0.063125
moderate_independent,13,queue_capped_250ms,1,0.1947881158830569,0.42619945957350325,0.564850453097705,0.24783544455503584,0.291875,0.2569593147751606,2,0.291875
moderate_independent,14,no_hedge,1,0.1912972531878392,1.2921490155417814,3.477692357120688,0.3131435319797216,0,0,2,0
moderate_independent,14,fixed_250ms,1,0.19010595055756596,0.421720828350729,0.5712079582827867,0.24196018870955135,0.27375,0.2899543378995434,2,0.27375
moderate_independent,14,fixed_500ms,1,0.19010595055756596,0.6099868187266679,0.798876954430078,0.24214443526446286,0.063125,0.8118811881188119,2,0.0625
moderate_independent,14,queue_capped_250ms,1,0.19010595055756596,0.421720828350729,0.5712079582827867,0.24196018870955135,0.27375,0.2899543378995434,2,0.27375
moderate_independent,15,no_hedge,0.999375,0.19165408168267106,1.5156869186837767,3.3899383858922523,0.3287359191149136,0,0,2,0
moderate_independent,15,fixed_250ms,1,0.18838459130391527,0.43983225049552743,0.6590092164567594,0.25080299437351494,0.2775,0.2927927927927928,2,0.276875
moderate_independent,15,fixed_500ms,1,0.1882092525168133,0.6262705154859134,0.8328184841302146,0.24920963098318655,0.068125,0.7614678899082569,2,0.068125
moderate_independent,15,queue_capped_250ms,1,0.18838459130391527,0.43983225049552743,0.6590092164567594,0.25080299437351494,0.2775,0.2927927927927928,2,0.276875
moderate_independent,16,no_hedge,1,0.19001310840744168,0.591609217284855,2.7999567686708957,0.283308969872613,0,0,2,0
moderate_independent,16,fixed_250ms,1,0.18861442099325743,0.3984665047767635,0.5203063367450227,0.22807260713543084,0.258125,0.24455205811138014,2,0.258125
moderate_independent,16,fixed_500ms,1,0.18861442099325743,0.5044482429559167,0.7288095440664364,0.22598806747211872,0.05125,0.7804878048780488,2,0.05125
moderate_independent,16,queue_capped_250ms,1,0.18861442099325743,0.3984665047767635,0.5203063367450227,0.22807260713543084,0.258125,0.24455205811138014,2,0.258125
moderate_independent,17,no_hedge,0.999375,0.19639009043134337,2.1018074255530097,3.6292534162408643,0.3577852280135487,0,0,3,0
moderate_independent,17,fixed_250ms,1,0.19081385578348886,0.4364522962575421,0.5756065202017133,0.2518022698513144,0.281875,0.3170731707317073,3,0.281875
moderate_independent,17,fixed_500ms,1,0.19064491799667138,0.6512921516865937,0.8730720386267796,0.2554952830935028,0.079375,0.8346456692913385,3,0.079375
moderate_independent,17,queue_capped_250ms,1,0.19081385578348886,0.4364522962575421,0.5756065202017133,0.2518022698513144,0.281875,0.3170731707317073,3,0.281875
moderate_independent,18,no_hedge,1,0.19397110714964394,1.6117516472971687,3.871474210868123,0.3240708431929814,0,0,2,0
moderate_independent,18,fixed_250ms,1,0.19028566915440592,0.4287102648479255,0.5820942310176065,0.2448557791576984,0.281875,0.31042128603104213,2,0.280625
moderate_independent,18,fixed_500ms,1,0.19028566915440592,0.6095957090280848,0.8284279268812966,0.2438374054120599,0.065625,0.7904761904761904,2,0.065
moderate_independent,18,queue_capped_250ms,1,0.19028566915440592,0.4287102648479255,0.5820942310176065,0.2448557791576984,0.281875,0.31042128603104213,2,0.280625
moderate_independent,19,no_hedge,1,0.18962495120685574,0.6486094384014223,3.196413595541017,0.2940885662106248,0,0,2,0
moderate_independent,19,fixed_250ms,1,0.1885693321599291,0.4128357881960625,0.5554806237922136,0.2343026234885548,0.26625,0.2605633802816901,2,0.26625
moderate_independent,19,fixed_500ms,1,0.18830659718557996,0.5672279038258701,0.740783685512028,0.23053796820136102,0.056875,0.7362637362637363,2,0.056875
moderate_independent,19,queue_capped_250ms,1,0.1885693321599291,0.4128357881960625,0.5554806237922136,0.2343026234885548,0.26625,0.2605633802816901,2,0.26625
moderate_independent,20,no_hedge,1,0.19047075182096762,1.0204507083883527,3.3599923866564474,0.300371879403359,0,0,2,0
moderate_independent,20,fixed_250ms,1,0.18721113567798398,0.4137945061031445,0.5584322237288006,0.23347223069568948,0.253125,0.2814814814814815,2,0.253125
moderate_independent,20,fixed_500ms,1,0.1871506817397588,0.5814548505881447,0.7836229596241395,0.23087464615625808,0.055625,0.7865168539325843,2,0.055625
moderate_independent,20,queue_capped_250ms,1,0.18721113567798398,0.4137945061031445,0.5584322237288006,0.23347223069568948,0.253125,0.2814814814814815,2,0.253125
moderate_independent,21,no_hedge,1,0.1932773797573759,1.5736648724092532,3.3808993591246974,0.31704789139401734,0,0,2,0
moderate_independent,21,fixed_250ms,1,0.19102767678211308,0.41288573077684987,0.5636745494400017,0.23660982039324135,0.26625,0.2934272300469484,2,0.26625
moderate_independent,21,fixed_500ms,1,0.19144936119467815,0.5979375121217458,0.8390065503003967,0.23809144237483612,0.056875,0.9010989010989011,2,0.056875
moderate_independent,21,queue_capped_250ms,1,0.19102767678211308,0.41288573077684987,0.5636745494400017,0.23660982039324135,0.26625,0.2934272300469484,2,0.26625
moderate_independent,22,no_hedge,1,0.19410962956359867,1.3815022053630912,3.310176268994013,0.3067790899684091,0,0,2,0
moderate_independent,22,fixed_250ms,1,0.1921084591729567,0.4196974323249094,0.5679574508636378,0.2357272677351504,0.271875,0.2827586206896552,2,0.271875
moderate_independent,22,fixed_500ms,1,0.1915983710421898,0.592021679808056,0.8161666073647353,0.23501414793480752,0.061875,0.797979797979798,2,0.061875
moderate_independent,22,queue_capped_250ms,1,0.1921084591729567,0.4196974323249094,0.5679574508636378,0.2357272677351504,0.271875,0.2827586206896552,2,0.271875
moderate_independent,23,no_hedge,1,0.1921533001843727,1.5839455054054241,3.284465754105028,0.31976618844992183,0,0,2,0
moderate_independent,23,fixed_250ms,1,0.18915577341124923,0.4171837114221262,0.5384919775059132,0.23751385929377394,0.269375,0.2877030162412993,2,0.269375
moderate_independent,23,fixed_500ms,1,0.18898868254635914,0.6105674486962869,0.788491977506041,0.23702744321728655,0.059375,0.8736842105263158,2,0.05875
moderate_independent,23,queue_capped_250ms,1,0.18915577341124923,0.4171837114221262,0.5384919775059132,0.23751385929377394,0.269375,0.2877030162412993,2,0.269375
moderate_independent,24,no_hedge,1,0.19221206484222364,1.3645209082959866,2.835012226767077,0.30350371351394906,0,0,2,0
moderate_independent,24,fixed_250ms,1,0.19170509402246694,0.42713848518192776,0.564243767152675,0.24772468266552164,0.265,0.2806603773584906,2,0.265
moderate_independent,24,fixed_500ms,1,0.19109825301336514,0.6200426621577151,0.8083737159697222,0.24667697845725697,0.0625,0.79,2,0.0625
moderate_independent,24,queue_capped_250ms,1,0.19170509402246694,0.42713848518192776,0.564243767152675,0.24772468266552164,0.265,0.2806603773584906,2,0.265
moderate_independent,25,no_hedge,1,0.1918731346602769,1.5180395005137655,3.1762874773265253,0.3158280040876086,0,0,2,0
moderate_independent,25,fixed_250ms,1,0.19123975032493945,0.4183204709683821,0.5811498068170664,0.23939735557351377,0.27875,0.3295964125560538,3,0.27875
moderate_independent,25,fixed_500ms,1,0.19086452825409594,0.5982819804075419,0.8205456933684872,0.24067168368525155,0.07,0.7857142857142857,2,0.07
moderate_independent,25,queue_capped_250ms,1,0.19123975032493945,0.41828111196991813,0.5811498068170664,0.23927860557351388,0.27625,0.332579185520362,3,0.27625
moderate_independent,26,no_hedge,1,0.1990350701790078,1.8842171559101928,3.8362077470502385,0.3315069998410153,0,0,3,0
moderate_independent,26,fixed_250ms,1,0.1929628975309754,0.41222189904368634,0.5358336545156703,0.24079165527294386,0.278125,0.2786516853932584,2,0.2775
moderate_independent,26,fixed_500ms,1,0.1929628975309754,0.6150096306444652,0.784656796287095,0.24203184308143427,0.068125,0.8256880733944955,2,0.0675
moderate_independent,26,queue_capped_250ms,1,0.1929628975309754,0.41222189904368634,0.5358336545156703,0.24079165527294386,0.278125,0.2786516853932584,2,0.2775
moderate_independent,27,no_hedge,0.99875,0.20031785989888817,1.5385404395614586,3.7391214530723733,0.32435064309372313,0,0,3,0
moderate_independent,27,fixed_250ms,1,0.1976195517598196,0.43624044298574916,0.6996620527080122,0.2488373895030694,0.29875,0.2615062761506276,3,0.29875
moderate_independent,27,fixed_500ms,1,0.1957390329264257,0.6132135710047919,0.8850602620272277,0.24416734061609616,0.061875,0.8282828282828283,3,0.061875
moderate_independent,27,queue_capped_250ms,1,0.19670687509170648,0.4331072959757165,0.6350602620271886,0.24802384232698896,0.29,0.26939655172413796,3,0.29
moderate_independent,28,no_hedge,1,0.1904538768505688,0.7148290637252614,3.004205162741167,0.3003268218987592,0,0,2,0
moderate_independent,28,fixed_250ms,1,0.189880876361606,0.4096673578501471,0.5336754425155448,0.23024217371591785,0.266875,0.2786885245901639,2,0.266875
moderate_independent,28,fixed_500ms,1,0.18936874120325342,0.5426139447413192,0.8163937634519414,0.22988146778227872,0.0525,0.8571428571428571,2,0.0525
moderate_independent,28,queue_capped_250ms,1,0.189880876361606,0.4096673578501471,0.5336754425155448,0.23024217371591785,0.266875,0.2786885245901639,2,0.266875
moderate_independent,29,no_hedge,1,0.1964045791743274,1.869979819376459,3.510328973897188,0.34271889012251433,0,0,2,0
moderate_independent,29,fixed_250ms,1,0.19443235944402204,0.4376031965403726,0.5894836314243577,0.24956530449001246,0.285,0.3223684210526316,2,0.285
moderate_independent,29,fixed_500ms,1,0.19421195422329518,0.6231159505988728,0.8382229227991687,0.2516798299895825,0.0775,0.782258064516129,2,0.0775
moderate_independent,29,queue_capped_250ms,1,0.19443235944402204,0.4376031965403726,0.5894836314243577,0.24956530449001246,0.285,0.3223684210526316,2,0.285
moderate_independent,30,no_hedge,1,0.18944868233006673,1.4257941836016386,3.544878877150083,0.3137865318283312,0,0,2,0
moderate_independent,30,fixed_250ms,1,0.18698112415864898,0.4253378374377661,0.5961600178663389,0.24176655835891672,0.27125,0.26497695852534564,2,0.27125
moderate_independent,30,fixed_500ms,1,0.18686971066864544,0.6159166382095975,0.8203670310768132,0.24035889434502786,0.0625,0.8,2,0.0625
moderate_independent,30,queue_capped_250ms,1,0.18698112415864898,0.4253378374377661,0.5961600178663389,0.24176655835891672,0.27125,0.26497695852534564,2,0.27125
moderate_independent,31,no_hedge,1,0.19621457780065654,1.8809292698747413,3.5269316757094558,0.32777947520122397,0,0,3,0
moderate_independent,31,fixed_250ms,1,0.19245649542928334,0.4473435348218686,0.7053123327017659,0.24407139867410074,0.283125,0.2980132450331126,4,0.283125
moderate_independent,31,fixed_500ms,1,0.1923166468550903,0.6377273772775709,0.7985771074428669,0.2462518886638302,0.076875,0.7723577235772358,3,0.076875
moderate_independent,31,queue_capped_250ms,1,0.19245649542928334,0.4409787930270568,0.6404378771934631,0.2451352147696449,0.2725,0.29128440366972475,3,0.2725
moderate_independent,32,no_hedge,1,0.1980059053839156,1.7278605340532494,4.002441670985922,0.3254783973936615,0,0,2,0
moderate_independent,32,fixed_250ms,1,0.19365595123899482,0.4268911781021301,0.5929944121658846,0.24725062737976558,0.275625,0.29024943310657597,2,0.275625
moderate_independent,32,fixed_500ms,1,0.19319575802569489,0.6124673516270605,0.8480183160990862,0.2462246555711965,0.060625,0.8041237113402062,2,0.060625
moderate_independent,32,queue_capped_250ms,1,0.19365595123899482,0.4268911781021301,0.5929944121658846,0.24725062737976558,0.275625,0.29024943310657597,2,0.275625
moderate_independent,33,no_hedge,1,0.1895449074573321,1.0982335594090387,3.4220608443789473,0.3050419280881867,0,0,2,0
moderate_independent,33,fixed_250ms,1,0.18890992511163063,0.4164964435281888,0.5281922634052592,0.23511271280836726,0.2675,0.29439252336448596,2,0.266875
moderate_independent,33,fixed_500ms,1,0.18890992511163063,0.566383166268043,0.7591078843373964,0.23334147795181553,0.059375,0.7578947368421053,2,0.059375
moderate_independent,33,queue_capped_250ms,1,0.18890992511163063,0.4164964435281888,0.5281922634052592,0.23511271280836726,0.2675,0.29439252336448596,2,0.266875
moderate_independent,34,no_hedge,1,0.1976474158974355,1.8059983194554547,3.4296678857754532,0.34200661762653767,0,0,2,0
moderate_independent,34,fixed_250ms,1,0.19651057325587828,0.4364416233453454,0.6086943485085925,0.2519004804949786,0.2925,0.32905982905982906,2,0.2925
moderate_independent,34,fixed_500ms,1,0.19560776721277762,0.6452026273233464,0.802034355294488,0.25408314014598676,0.079375,0.7637795275590551,2,0.079375
moderate_independent,34,queue_capped_250ms,1,0.19651057325587828,0.4364416233453454,0.6086943485085925,0.2519004804949786,0.2925,0.32905982905982906,2,0.2925
moderate_independent,35,no_hedge,1,0.1910322288630084,1.4244153367366152,3.506721449925209,0.3194530496694367,0,0,2,0
moderate_independent,35,fixed_250ms,1,0.18925483009576283,0.4246207535525457,0.5742213192358783,0.2499547243087398,0.271875,0.2620689655172414,2,0.271875
moderate_independent,35,fixed_500ms,1,0.18932461175280224,0.6112149439560852,0.8229125964335964,0.24930910991993976,0.065625,0.819047619047619,2,0.065
moderate_independent,35,queue_capped_250ms,1,0.18925483009576283,0.4246207535525457,0.5742213192358783,0.2499547243087398,0.271875,0.2620689655172414,2,0.271875
moderate_independent,36,no_hedge,1,0.1935977476650983,0.8029804314451496,3.2263265413554265,0.3102449011778961,0,0,3,0
moderate_independent,36,fixed_250ms,1,0.19359033441573104,0.43988679550174936,0.56921393294094,0.24898403912366565,0.28875,0.2792207792207792,3,0.288125
moderate_independent,36,fixed_500ms,1,0.19261216275921322,0.5895358547109915,0.7939835544342628,0.24434808293854812,0.065625,0.7047619047619048,3,0.065625
moderate_independent,36,queue_capped_250ms,1,0.19359033441573104,0.43988679550174936,0.5653512839636718,0.24878403912366578,0.2875,0.28043478260869564,3,0.286875
moderate_independent,37,no_hedge,1,0.190263502395851,0.8124043386009703,3.1719971250932133,0.3046184030588611,0,0,2,0
moderate_independent,37,fixed_250ms,1,0.190219053126242,0.415344726190888,0.5899359150222026,0.23929964785906732,0.25375,0.2561576354679803,2,0.25375
moderate_independent,37,fixed_500ms,1,0.18952067538271677,0.5655252827868154,0.8290304800332251,0.23737523770166202,0.055,0.8181818181818182,2,0.055
moderate_independent,37,queue_capped_250ms,1,0.190219053126242,0.415344726190888,0.5899359150222026,0.23929964785906732,0.25375,0.2561576354679803,2,0.25375
moderate_independent,38,no_hedge,1,0.19049600858181748,1.1410588941254218,3.6550946872169803,0.30913638548448225,0,0,2,0
moderate_independent,38,fixed_250ms,1,0.18728264594177801,0.40722044696317994,0.5340605100016091,0.23698543772945077,0.255625,0.2567237163814181,2,0.255
moderate_independent,38,fixed_500ms,1,0.18735248439165275,0.5576503093060197,0.7563160951824415,0.23485874089351433,0.05375,0.8604651162790697,2,0.053125
moderate_independent,38,queue_capped_250ms,1,0.18728264594177801,0.40722044696317994,0.5340605100016091,0.23698543772945077,0.255625,0.2567237163814181,2,0.255
moderate_independent,39,no_hedge,1,0.19072756974925653,1.0236517082310286,3.8705887137906316,0.32156262712488437,0,0,2,0
moderate_independent,39,fixed_250ms,1,0.18908631613243188,0.42564429917626967,0.5850171859132516,0.2448017761661089,0.28,0.30580357142857145,2,0.28
moderate_independent,39,fixed_500ms,1,0.18953626631346054,0.6062598817082936,0.8520530626866929,0.24308187446265545,0.068125,0.7064220183486238,3,0.068125
moderate_independent,39,queue_capped_250ms,1,0.18908631613243188,0.42564429917626967,0.5850171859132516,0.2448017761661089,0.28,0.30580357142857145,2,0.28
moderate_independent,40,no_hedge,0.99875,0.2003959502337267,2.3822988655080053,3.8069634864431094,0.3697462668292949,0,0,3,0
moderate_independent,40,fixed_250ms,1,0.1919381042283348,0.455645883741969,0.6146832693378883,0.25168149298822856,0.2875,0.3717391304347826,2,0.2875
moderate_independent,40,fixed_500ms,1,0.19171675026861168,0.6518301919719107,0.8425111220674193,0.25645631574168726,0.08625,0.8115942028985508,2,0.08625
moderate_independent,40,queue_capped_250ms,1,0.1919381042283348,0.455645883741969,0.6146832693378883,0.25168149298822856,0.2875,0.3717391304347826,2,0.2875
moderate_independent,41,no_hedge,1,0.19342497649589774,1.5249353521061266,3.8401923719273015,0.32426711345715875,0,0,3,0
moderate_independent,41,fixed_250ms,1,0.1895061545896084,0.42185115261888484,0.5701069292351875,0.24615572312218859,0.27,0.30787037037037035,2,0.269375
moderate_independent,41,fixed_500ms,1,0.18841935464248039,0.6130873024507082,0.8134231768858768,0.24516508401172948,0.066875,0.794392523364486,2,0.066875
moderate_independent,41,queue_capped_250ms,1,0.1895061545896084,0.42185115261888484,0.5701069292351875,0.24615572312218859,0.27,0.30787037037037035,2,0.269375
moderate_independent,42,no_hedge,1,0.19195542626048478,1.3807039350314056,3.049702564176201,0.3182687730218607,0,0,2,0
moderate_independent,42,fixed_250ms,1,0.1917540709900578,0.42737859522378585,0.601722731901809,0.24995057154146888,0.27875,0.3116591928251121,2,0.27875
moderate_independent,42,fixed_500ms,1,0.19161045158082857,0.6001831508208113,0.7851050258289405,0.24770545646407108,0.064375,0.8543689320388349,2,0.064375
moderate_independent,42,queue_capped_250ms,1,0.1917540709900578,0.42737859522378585,0.601722731901809,0.24995057154146888,0.27875,0.3116591928251121,2,0.27875
moderate_independent,43,no_hedge,1,0.19351268736275173,1.6757536274329183,3.329741476293421,0.3337046614819464,0,0,2,0
moderate_independent,43,fixed_250ms,1,0.19118174043805425,0.4497628858181315,0.6421915113544685,0.25347012295083216,0.2875,0.29782608695652174,2,0.2875
moderate_independent,43,fixed_500ms,1,0.1913032600498461,0.6397710033791384,0.8462663800514871,0.2527756023240768,0.079375,0.7795275590551181,2,0.079375
moderate_independent,43,queue_capped_250ms,1,0.19118174043805425,0.4497628858181315,0.6421915113544685,0.25347012295083216,0.2875,0.29782608695652174,2,0.2875
moderate_independent,44,no_hedge,1,0.19062846810415301,1.111045810172417,2.993984339642765,0.3013340249829458,0,0,2,0
moderate_independent,44,fixed_250ms,1,0.19038185464782487,0.408600697832469,0.5313895812038396,0.23860008404063926,0.269375,0.27610208816705334,2,0.269375
moderate_independent,44,fixed_500ms,1,0.19038185464782487,0.5895006476335567,0.7813895812037899,0.23821300278396418,0.058125,0.8064516129032258,2,0.058125
moderate_independent,44,queue_capped_250ms,1,0.19038185464782487,0.408600697832469,0.5313895812038396,0.23860008404063926,0.269375,0.27610208816705334,2,0.269375
moderate_independent,45,no_hedge,0.999375,0.18845024916839748,1.0038235320723885,3.800418063742484,0.30680721345468387,0,0,2,0
moderate_independent,45,fixed_250ms,1,0.1865219930759423,0.4191554013681582,0.5737899243460252,0.24020024046168015,0.258125,0.2784503631961259,2,0.2575
moderate_independent,45,fixed_500ms,1,0.18648830135170863,0.5498428048143467,0.8037158861250475,0.23837745263086382,0.055625,0.797752808988764,2,0.055625
moderate_independent,45,queue_capped_250ms,1,0.1865219930759423,0.4191554013681582,0.5737899243460252,0.24020024046168015,0.258125,0.2784503631961259,2,0.2575
moderate_independent,46,no_hedge,1,0.19788456090783768,1.3317111049075834,3.4009222646988064,0.3165859448353043,0,0,3,0
moderate_independent,46,fixed_250ms,1,0.19516166233434262,0.42186191345878044,0.5777010459823941,0.2467177248800562,0.27625,0.27828054298642535,2,0.275625
moderate_independent,46,fixed_500ms,1,0.19406673076582592,0.6080315424077165,0.7875946048276106,0.24449103040305714,0.06,0.7916666666666666,2,0.059375
moderate_independent,46,queue_capped_250ms,1,0.19516166233434262,0.42186191345878044,0.5777010459823941,0.2467177248800562,0.27625,0.27828054298642535,2,0.275625
moderate_independent,47,no_hedge,1,0.19438647663896802,1.4874307683490002,3.498804367391184,0.32319189676106796,0,0,2,0
moderate_independent,47,fixed_250ms,1,0.19397862734075488,0.4325567214863355,0.588653936321208,0.24888819828639913,0.281875,0.2616407982261641,2,0.281875
moderate_independent,47,fixed_500ms,1,0.1936446902169937,0.5979427425884865,0.791908938366177,0.24546959283596434,0.06125,0.826530612244898,2,0.06125
moderate_independent,47,queue_capped_250ms,1,0.19397862734075488,0.4325567214863355,0.588653936321208,0.24888819828639913,0.281875,0.2616407982261641,2,0.281875
moderate_independent,48,no_hedge,1,0.18889457521403585,1.2837864346526402,3.3382883179164935,0.3083382829735428,0,0,2,0
moderate_independent,48,fixed_250ms,1,0.18719509830540915,0.4047040272091671,0.5231941988173361,0.23574436051975456,0.263125,0.28028503562945367,2,0.263125
moderate_independent,48,fixed_500ms,1,0.18705924118038553,0.5625392576253461,0.7613357928517313,0.234579065453547,0.058125,0.8279569892473119,2,0.058125
moderate_independent,48,queue_capped_250ms,1,0.18719509830540915,0.4047040272091671,0.5231941988173361,0.23574436051975456,0.263125,0.28028503562945367,2,0.263125
moderate_independent,49,no_hedge,1,0.19363230156960753,1.6172938160826362,3.5337851496781667,0.32205948763656594,0,0,2,0
moderate_independent,49,fixed_250ms,1,0.19199628766469345,0.4276167796658399,0.5279456584322695,0.24475772776479515,0.280625,0.29398663697104677,2,0.28
moderate_independent,49,fixed_500ms,1,0.19118753612762163,0.5972000275861973,0.769621379627111,0.24407816941608346,0.066875,0.7663551401869159,2,0.066875
moderate_independent,49,queue_capped_250ms,1,0.19199628766469345,0.4276167796658399,0.5279456584322695,0.24475772776479515,0.280625,0.29398663697104677,2,0.28
moderate_independent,50,no_hedge,0.999375,0.1909187798110139,1.7584798925516907,3.8677247275501045,0.33373290069597855,0,0,2,0
moderate_independent,50,fixed_250ms,1,0.18775425543873325,0.4265610402445077,0.5667896338204912,0.24185918225953834,0.265,0.28773584905660377,2,0.264375
moderate_independent,50,fixed_500ms,1,0.1873272874848695,0.6152825604272252,0.7886495937332398,0.24109479010854706,0.065625,0.8095238095238095,2,0.065625
moderate_independent,50,queue_capped_250ms,1,0.18775425543873325,0.4265610402445077,0.5667896338204912,0.24185918225953834,0.265,0.28773584905660377,2,0.264375
moderate_independent,51,no_hedge,1,0.19597408299277674,1.658687115285403,3.7641147215415884,0.34222616370102577,0,0,3,0
moderate_independent,51,fixed_250ms,1,0.19386666255817886,0.43107344179509255,0.6450751413760507,0.2568964850171108,0.290625,0.3053763440860215,3,0.290625
moderate_independent,51,fixed_500ms,1,0.19410196408894898,0.6518034567099775,0.905924228685123,0.2571103653040696,0.074375,0.773109243697479,2,0.074375
moderate_independent,51,queue_capped_250ms,1,0.19381027443605703,0.42903763679412066,0.6450751413760507,0.25640419828815847,0.288125,0.3036876355748373,2,0.288125
moderate_independent,52,no_hedge,1,0.20419774108384559,1.9956607125967594,3.824279235316709,0.3232928759405458,0,0,3,0
moderate_independent,52,fixed_250ms,1,0.19931240952472962,0.44488972117445513,0.6116522714477455,0.2447675673589256,0.3,0.26875,3,0.299375
moderate_independent,52,fixed_500ms,1,0.19978845343789686,0.6319773674797204,0.8623207175259182,0.2428933370401205,0.07375,0.7372881355932204,3,0.073125
moderate_independent,52,queue_capped_250ms,1,0.19936956961616303,0.44488972117445513,0.6116522714477455,0.24500791607910308,0.29875,0.27405857740585776,3,0.298125
moderate_independent,53,no_hedge,1,0.19527367145325059,2.0552199199263805,3.402069722375048,0.339819156695485,0,0,3,0
moderate_independent,53,fixed_250ms,1,0.1915860144801087,0.4172560826694749,0.557541125337579,0.2494683970952714,0.29,0.28663793103448276,2,0.29
moderate_independent,53,fixed_500ms,1,0.19147148824411886,0.6170499841014188,0.7975787324066239,0.24954971254097544,0.068125,0.8348623853211009,2,0.0675
moderate_independent,53,queue_capped_250ms,1,0.1915860144801087,0.4172560826694749,0.557541125337579,0.2494683970952714,0.29,0.28663793103448276,2,0.29
moderate_independent,54,no_hedge,1,0.19673946711107426,1.393351739558021,3.586882064724904,0.3242646997065176,0,0,2,0
moderate_independent,54,fixed_250ms,1,0.19499367896425213,0.43167302022922627,0.5722235481008084,0.25174877645794114,0.298125,0.26834381551362685,2,0.298125
moderate_independent,54,fixed_500ms,1,0.19575532747908397,0.6032619358928741,0.8211372509781256,0.2487465344350701,0.063125,0.8316831683168316,2,0.063125
moderate_independent,54,queue_capped_250ms,1,0.19499367896425213,0.43167302022922627,0.5722235481008084,0.25174877645794114,0.298125,0.26834381551362685,2,0.298125
moderate_independent,55,no_hedge,1,0.1914288933373759,1.6862658245361786,3.3318242722395057,0.3271664125368364,0,0,2,0
moderate_independent,55,fixed_250ms,1,0.19042714948987083,0.4171487667334901,0.5573251003312372,0.23607954966543665,0.259375,0.28433734939759037,2,0.25875
moderate_independent,55,fixed_500ms,1,0.1903508027629499,0.6243419333228957,0.8003038689999684,0.23877690356580902,0.059375,0.9368421052631579,2,0.05875
moderate_independent,55,queue_capped_250ms,1,0.19042714948987083,0.4171487667334901,0.5573251003312372,0.23607954966543665,0.259375,0.28433734939759037,2,0.25875
moderate_independent,56,no_hedge,1,0.19352611401292563,1.7004805181788,3.6625892179272768,0.3202260533237304,0,0,2,0
moderate_independent,56,fixed_250ms,1,0.19148396955850444,0.41538587782585523,0.5665206784478585,0.24439629210223537,0.28,0.2924107142857143,2,0.279375
moderate_independent,56,fixed_500ms,1,0.19148396955850444,0.6138076314042564,0.8058564679108962,0.2449696178948776,0.063125,0.8118811881188119,2,0.063125
moderate_independent,56,queue_capped_250ms,1,0.19148396955850444,0.41538587782585523,0.5665206784478585,0.24439629210223537,0.28,0.2924107142857143,2,0.279375
moderate_independent,57,no_hedge,0.999375,0.19083812210671525,1.677912609205329,3.631647269668269,0.32924122259579447,0,0,2,0
moderate_independent,57,fixed_250ms,1,0.18863888928154893,0.41585535190333545,0.5669470299118871,0.24011736349302737,0.268125,0.2937062937062937,2,0.2675
moderate_independent,57,fixed_500ms,1,0.18813103066122494,0.5946316738495412,0.8166718993794859,0.24071757163800045,0.059375,0.8526315789473684,2,0.05875
moderate_independent,57,queue_capped_250ms,1,0.18863888928154893,0.41585535190333545,0.5669470299118871,0.24011736349302737,0.268125,0.2937062937062937,2,0.2675
moderate_independent,58,no_hedge,1,0.1895370285634499,0.8252931116196294,3.090284040030788,0.29953159444842703,0,0,2,0
moderate_independent,58,fixed_250ms,1,0.18919322126009774,0.41747848284525446,0.5690947904841419,0.24041429955243576,0.263125,0.27315914489311166,2,0.2625
moderate_independent,58,fixed_500ms,1,0.18919322126009774,0.5900254897193733,0.8140908444226511,0.23959887574593022,0.05875,0.8297872340425532,2,0.05875
moderate_independent,58,queue_capped_250ms,1,0.18919322126009774,0.41747848284525446,0.5690947904841419,0.24041429955243576,0.263125,0.27315914489311166,2,0.2625
moderate_independent,59,no_hedge,1,0.1943615585155527,1.8092676715497191,3.739519840430134,0.3246629623525601,0,0,2,0
moderate_independent,59,fixed_250ms,1,0.19196782359309594,0.408062870443203,0.5722589892321537,0.2369881537649641,0.2725,0.2958715596330275,2,0.271875
moderate_independent,59,fixed_500ms,1,0.19246621775733885,0.6055753808436606,0.7711647719086585,0.23754589358297296,0.065625,0.8285714285714286,2,0.065
moderate_independent,59,queue_capped_250ms,1,0.19196782359309594,0.408062870443203,0.5722589892321537,0.2369881537649641,0.2725,0.2958715596330275,2,0.271875
moderate_independent,60,no_hedge,0.999375,0.19842663695779095,1.8328733915555304,3.790982043523627,0.34209301948745335,0,0,2,0
moderate_independent,60,fixed_250ms,1,0.1935534294871175,0.4351386310213785,0.594800808953174,0.24612304511706046,0.290625,0.3096774193548387,2,0.290625
moderate_independent,60,fixed_500ms,1,0.1920492067009434,0.642611221630915,0.8400248256630007,0.24726398424833415,0.073125,0.811965811965812,2,0.073125
moderate_independent,60,queue_capped_250ms,1,0.1935534294871175,0.4351386310213785,0.594800808953174,0.24612304511706046,0.290625,0.3096774193548387,2,0.290625
moderate_independent,61,no_hedge,1,0.19796724743662963,1.7856403861364107,3.346403417620728,0.3278295953505016,0,0,2,0
moderate_independent,61,fixed_250ms,1,0.19425792728746671,0.4282182046687524,0.5709214029418206,0.24265638919168717,0.276875,0.30248306997742663,2,0.276875
moderate_independent,61,fixed_500ms,1,0.19219325383420482,0.6262255548422679,0.8111396699065381,0.2442755496475943,0.0725,0.8017241379310345,2,0.0725
moderate_independent,61,queue_capped_250ms,1,0.19425792728746671,0.4282182046687524,0.5709214029418206,0.24265638919168717,0.276875,0.30248306997742663,2,0.276875
moderate_independent,62,no_hedge,0.999375,0.19453373889001568,1.2185273778500925,3.5506781965441405,0.3168792801992812,0,0,2,0
moderate_independent,62,fixed_250ms,1,0.19331136548388628,0.4169384211636782,0.5642729950837122,0.24061402912450372,0.275625,0.30385487528344673,2,0.275625
moderate_independent,62,fixed_500ms,1,0.1933323709844803,0.6265959237918111,0.7882844837708092,0.240539083528762,0.06625,0.7735849056603774,2,0.06625
moderate_independent,62,queue_capped_250ms,1,0.19331136548388628,0.4169384211636782,0.5642729950837122,0.24061402912450372,0.275625,0.30385487528344673,2,0.275625
moderate_independent,63,no_hedge,1,0.19694573475629795,1.9008377398550174,4.130397113767216,0.33928244788729706,0,0,3,0
moderate_independent,63,fixed_250ms,1,0.19264594988693062,0.4309731328396751,0.5885173201831151,0.25419224918763184,0.295625,0.3128964059196617,2,0.295625
moderate_independent,63,fixed_500ms,1,0.19178829580150136,0.6261929545965756,0.905680307454503,0.25557778859959857,0.0775,0.7580645161290323,2,0.0775
moderate_independent,63,queue_capped_250ms,1,0.19264594988693062,0.4309731328396751,0.5885173201831151,0.25419224918763184,0.295625,0.3128964059196617,2,0.295625
moderate_independent,64,no_hedge,0.999375,0.1944999450354601,1.5567120176124263,3.509019285176425,0.3198410653907407,0,0,2,0
moderate_independent,64,fixed_250ms,1,0.19082968771833464,0.41603665532461775,0.5848403373426327,0.2471428041772626,0.280625,0.2717149220489978,2,0.280625
moderate_independent,64,fixed_500ms,1,0.19102077581300492,0.5982084868059019,0.8093734818289562,0.2469608335080367,0.06125,0.8061224489795918,2,0.06125
moderate_independent,64,queue_capped_250ms,1,0.19082968771833464,0.41603665532461775,0.5848403373426327,0.2471428041772626,0.280625,0.2717149220489978,2,0.280625
moderate_independent,65,no_hedge,1,0.19078856648216203,1.5904229256975242,3.5202060143361393,0.31601677031299014,0,0,3,0
moderate_independent,65,fixed_250ms,1,0.18879986663012716,0.4209990874625973,0.5546823150122293,0.23983596083123754,0.266875,0.2927400468384075,2,0.266875
moderate_independent,65,fixed_500ms,1,0.18897421092013644,0.6073700785296552,0.7912036115833061,0.24004113446344,0.063125,0.7920792079207921,2,0.063125
moderate_independent,65,queue_capped_250ms,1,0.18879986663012716,0.4209990874625973,0.5546823150122293,0.23983596083123754,0.266875,0.2927400468384075,2,0.266875
moderate_independent,66,no_hedge,0.999375,0.19605573172316326,1.7446942303999293,3.8548055613905134,0.3365118296695882,0,0,2,0
moderate_independent,66,fixed_250ms,1,0.19339128100120462,0.40859706209084123,0.5682366475866303,0.24051080861796706,0.276875,0.29345372460496616,2,0.276875
moderate_independent,66,fixed_500ms,1,0.19352957084413447,0.6104273868164327,0.8039720759057758,0.2410416244760907,0.063125,0.8217821782178217,2,0.063125
moderate_independent,66,queue_capped_250ms,1,0.19339128100120462,0.40859706209084123,0.5682366475866303,0.24051080861796706,0.276875,0.29345372460496616,2,0.276875
moderate_independent,67,no_hedge,1,0.1947648706126479,1.4750373094273552,3.5307285679166114,0.3041105121205849,0,0,3,0
moderate_independent,67,fixed_250ms,1,0.1900938094568545,0.4198127473994049,0.5581988888152907,0.23765503706999738,0.28,0.2611607142857143,2,0.28
moderate_independent,67,fixed_500ms,1,0.18949072133672473,0.57190148381396,0.764620907512068,0.23443419858705197,0.05875,0.7659574468085106,2,0.05875
moderate_independent,67,queue_capped_250ms,1,0.1900938094568545,0.4198127473994049,0.5581988888152907,0.23765503706999738,0.28,0.2611607142857143,2,0.28
moderate_independent,68,no_hedge,1,0.18967679142785698,1.4236800053888423,3.4179526171301546,0.30484827755195926,0,0,3,0
moderate_independent,68,fixed_250ms,1,0.1868800484844293,0.4219828258422069,0.5467192334431239,0.2393900524198778,0.269375,0.2877030162412993,2,0.269375
moderate_independent,68,fixed_500ms,1,0.18679771194886996,0.6022602435551647,0.767850532738386,0.23758332837660182,0.059375,0.8105263157894737,2,0.059375
moderate_independent,68,queue_capped_250ms,1,0.1868800484844293,0.4219828258422069,0.5467192334431239,0.2393900524198778,0.269375,0.2877030162412993,2,0.269375
moderate_independent,69,no_hedge,0.999375,0.19893386758920428,2.2394654023591585,4.044541936143631,0.35780148514036375,0,0,2,0
moderate_independent,69,fixed_250ms,1,0.1960009107466476,0.4204401705713394,0.5587643022254909,0.24735996381582737,0.28,0.32142857142857145,2,0.28
moderate_independent,69,fixed_500ms,1,0.1958912957675807,0.6357240763329486,0.7609612860560162,0.2502758644547995,0.075,0.8,2,0.075
moderate_independent,69,queue_capped_250ms,1,0.1960009107466476,0.4204401705713394,0.5587643022254909,0.24735996381582737,0.28,0.32142857142857145,2,0.28
moderate_independent,70,no_hedge,1,0.19478871388972152,1.4778390293909496,3.382998775871215,0.3166958048000906,0,0,2,0
moderate_independent,70,fixed_250ms,1,0.19091010049388046,0.41795507073972615,0.5422386605074685,0.24277891705925086,0.274375,0.2619589977220957,2,0.274375
moderate_independent,70,fixed_500ms,1,0.19140108378644527,0.5741525785174844,0.7827866484832242,0.23990103183280115,0.05875,0.7978723404255319,2,0.058125
moderate_independent,70,queue_capped_250ms,1,0.19091010049388046,0.41795507073972615,0.5422386605074685,0.24277891705925086,0.274375,0.2619589977220957,2,0.274375
moderate_independent,71,no_hedge,0.999375,0.19226344561327835,1.3007383263680055,3.308486393846934,0.312083077257482,0,0,2,0
moderate_independent,71,fixed_250ms,1,0.18938212032219326,0.4243973569094579,0.5502478358350089,0.24069515099392239,0.26375,0.3104265402843602,2,0.26375
moderate_independent,71,fixed_500ms,1,0.18907261958973542,0.6068389509860879,0.7788271964401758,0.24112449380802659,0.060625,0.8144329896907216,2,0.060625
moderate_independent,71,queue_capped_250ms,1,0.18938212032219326,0.4243973569094579,0.5502478358350089,0.24069515099392239,0.26375,0.3104265402843602,2,0.26375
moderate_independent,72,no_hedge,1,0.19405889908183838,1.1528816344747028,3.2499127297169075,0.3157054518374897,0,0,2,0
moderate_independent,72,fixed_250ms,1,0.19379425557723096,0.43600608990560374,0.5694251673021498,0.24397132078492084,0.278125,0.27640449438202247,3,0.278125
moderate_independent,72,fixed_500ms,1,0.19405889908183838,0.5969691449629551,0.800747139405388,0.24256949452172635,0.06125,0.8469387755102041,2,0.06125
moderate_independent,72,queue_capped_250ms,1,0.19379425557723096,0.43600608990560374,0.5694251673021498,0.24397132078492084,0.278125,0.27640449438202247,3,0.278125
moderate_independent,73,no_hedge,1,0.1886550263654989,1.580880405694412,3.2026539299113725,0.3177442375254515,0,0,2,0
moderate_independent,73,fixed_250ms,1,0.1882933686947581,0.42418938686610197,0.6407724364080778,0.2546755690856117,0.29,0.27370689655172414,2,0.29
moderate_independent,73,fixed_500ms,1,0.18753804470000546,0.6292709454179999,0.8469506642933453,0.2512596687233259,0.06875,0.7454545454545455,2,0.06875
moderate_independent,73,queue_capped_250ms,1,0.1882933686947581,0.42418938686610197,0.6407724364080778,0.2546755690856117,0.29,0.27370689655172414,2,0.29
moderate_independent,74,no_hedge,1,0.19088497643006974,1.5207189227056688,3.7207115254545187,0.31789160457253957,0,0,2,0
moderate_independent,74,fixed_250ms,1,0.1898924973341991,0.42117033607213017,0.5587026843377032,0.23939897981239086,0.26375,0.2914691943127962,2,0.26375
moderate_independent,74,fixed_500ms,1,0.1894553097136651,0.6164230820377554,0.7798117070736197,0.23892824643072252,0.061875,0.8282828282828283,2,0.061875
moderate_independent,74,queue_capped_250ms,1,0.1898924973341991,0.42117033607213017,0.5587026843377032,0.23939897981239086,0.26375,0.2914691943127962,2,0.26375
moderate_independent,75,no_hedge,0.99875,0.19627371315559117,1.9615616837071173,3.945995374818281,0.3491056708687676,0,0,3,0
moderate_independent,75,fixed_250ms,1,0.19077073557394897,0.4331967415728428,0.5766006073368999,0.24937369945309132,0.28,0.32589285714285715,2,0.279375
moderate_independent,75,fixed_500ms,1,0.1911255216814709,0.6324674884971841,0.8097998675622549,0.24884687442131562,0.074375,0.7983193277310925,2,0.074375
moderate_independent,75,queue_capped_250ms,1,0.19077073557394897,0.4331967415728428,0.5766006073368999,0.24937369945309132,0.28,0.32589285714285715,2,0.279375
moderate_independent,76,no_hedge,1,0.20071895879654278,1.6028909164259773,3.8450612932235373,0.32926853477837303,0,0,2,0
moderate_independent,76,fixed_250ms,1,0.19718729675766156,0.4147421890106955,0.5302309268626786,0.2388413585681542,0.285,0.2719298245614035,2,0.284375
moderate_independent,76,fixed_500ms,1,0.19718729675766156,0.5906813278531473,0.7716870184068547,0.23841091102768783,0.065625,0.7904761904761904,2,0.065625
moderate_independent,76,queue_capped_250ms,1,0.19718729675766156,0.4147421890106955,0.5302309268626786,0.2388413585681542,0.285,0.2719298245614035,2,0.284375
moderate_independent,77,no_hedge,1,0.19382180001360894,1.3746988667897941,3.4940585333867915,0.3232012809875709,0,0,2,0
moderate_independent,77,fixed_250ms,1,0.1930050740479956,0.4196024397497049,0.5784096448515612,0.25303712207840134,0.27875,0.3183856502242152,2,0.278125
moderate_independent,77,fixed_500ms,1,0.19271059635745758,0.6150171233802837,0.8062735418366316,0.25142680728890665,0.0675,0.7685185185185185,2,0.066875
moderate_independent,77,queue_capped_250ms,1,0.1930050740479956,0.4196024397497049,0.5784096448515612,0.25303712207840134,0.27875,0.3183856502242152,2,0.278125
moderate_independent,78,no_hedge,0.999375,0.1920934239698795,1.3476415058317883,3.4884355487843237,0.31172387707389787,0,0,2,0
moderate_independent,78,fixed_250ms,1,0.19026816085864073,0.42351598060869833,0.5401390682892497,0.23931623050774423,0.283125,0.2781456953642384,2,0.283125
moderate_independent,78,fixed_500ms,1,0.18975069365558284,0.5929327859862283,0.7700521043048525,0.23721742125303943,0.060625,0.7835051546391752,2,0.060625
moderate_independent,78,queue_capped_250ms,1,0.19026816085864073,0.42351598060869833,0.5401390682892497,0.23931623050774423,0.283125,0.2781456953642384,2,0.283125
moderate_independent,79,no_hedge,1,0.19645570264182055,1.6752041513444311,3.4360496884746254,0.32079068404278566,0,0,3,0
moderate_independent,79,fixed_250ms,1,0.1937683609058105,0.4309025962039783,0.6446500761897695,0.2492122449599439,0.28625,0.28820960698689957,2,0.28625
moderate_independent,79,fixed_500ms,1,0.19290642662168977,0.6199999062016204,0.8163860305565862,0.2470330963974255,0.065625,0.8095238095238095,2,0.065625
moderate_independent,79,queue_capped_250ms,1,0.1937683609058105,0.4309025962039783,0.6446500761897695,0.2492122449599439,0.28625,0.28820960698689957,2,0.28625
moderate_independent,80,no_hedge,1,0.19789153382082247,1.6915389561366965,3.942113933682762,0.3385036376411443,0,0,2,0
moderate_independent,80,fixed_250ms,1,0.1953509913915923,0.42512455185034526,0.5518527732390339,0.24372683269191356,0.283125,0.2958057395143488,2,0.283125
moderate_independent,80,fixed_500ms,1,0.19551776634799012,0.6111160833298461,0.7974402467513073,0.2433315798843261,0.06625,0.8207547169811321,2,0.06625
moderate_independent,80,queue_capped_250ms,1,0.1953509913915923,0.42512455185034526,0.5518527732390339,0.24372683269191356,0.283125,0.2958057395143488,2,0.283125
moderate_independent,81,no_hedge,1,0.19113894628066674,0.5620940493260491,3.0278124190753744,0.2923779450955082,0,0,2,0
moderate_independent,81,fixed_250ms,1,0.1902254641706369,0.4088182958288371,0.5474899899931245,0.24334129128526436,0.29,0.2672413793103448,2,0.29
moderate_independent,81,fixed_500ms,1,0.18955695867607858,0.5037500611620658,0.7648840419912375,0.23673555531662757,0.05,0.7875,2,0.05
moderate_independent,81,queue_capped_250ms,1,0.1902254641706369,0.4088182958288371,0.5474899899931245,0.24334129128526436,0.29,0.2672413793103448,2,0.29
moderate_independent,82,no_hedge,1,0.19367114751022996,1.6584723179925511,3.2457260472408933,0.3227847181337787,0,0,2,0
moderate_independent,82,fixed_250ms,1,0.19249851019039,0.4075586540959719,0.5702433928901556,0.2358846538797232,0.259375,0.2819277108433735,2,0.259375
moderate_independent,82,fixed_500ms,1,0.19249851019039,0.6166191417049305,0.7993354002659459,0.23802132120737052,0.065,0.8461538461538461,2,0.065
moderate_independent,82,queue_capped_250ms,1,0.19249851019039,0.4075586540959719,0.5702433928901556,0.2358846538797232,0.259375,0.2819277108433735,2,0.259375
moderate_independent,83,no_hedge,1,0.193732787393337,1.1556481416687845,3.357763099894875,0.31398854559056266,0,0,2,0
moderate_independent,83,fixed_250ms,1,0.19250783608951894,0.4186812702842815,0.528076433187465,0.2381668787069764,0.28875,0.2727272727272727,2,0.288125
moderate_independent,83,fixed_500ms,1,0.19242433304985695,0.5693260195586021,0.7728851474411726,0.23587864630975272,0.05875,0.7978723404255319,2,0.058125
moderate_independent,83,queue_capped_250ms,1,0.19250783608951894,0.4186812702842815,0.528076433187465,0.2381668787069764,0.28875,0.2727272727272727,2,0.288125
moderate_independent,84,no_hedge,1,0.18875420061313264,1.6704670027913266,3.4609275888000113,0.32729294738975406,0,0,2,0
moderate_independent,84,fixed_250ms,1,0.1864517503869223,0.425512653981599,0.5747178663286441,0.23996943337494467,0.263125,0.3087885985748218,2,0.2625
moderate_independent,84,fixed_500ms,1,0.1862513113034865,0.6371135972414947,0.8143935557303834,0.24180829047642807,0.07,0.8303571428571429,2,0.07
moderate_independent,84,queue_capped_250ms,1,0.1864517503869223,0.425512653981599,0.5747178663286441,0.23996943337494467,0.263125,0.3087885985748218,2,0.2625
moderate_independent,85,no_hedge,1,0.1906848939449759,1.2619729977887602,3.0245085865616232,0.3150828606170619,0,0,2,0
moderate_independent,85,fixed_250ms,1,0.1881542683632631,0.4291383198970209,0.5578354319631558,0.24461542907200426,0.290625,0.2645161290322581,2,0.290625
moderate_independent,85,fixed_500ms,1,0.18886112563405,0.6082358788471254,0.8078354319632837,0.2429475190974065,0.061875,0.8282828282828283,2,0.061875
moderate_independent,85,queue_capped_250ms,1,0.1881542683632631,0.4291383198970209,0.5578354319631558,0.24461542907200426,0.290625,0.2645161290322581,2,0.290625
moderate_independent,86,no_hedge,0.999375,0.1957692360609542,1.8219567301477753,3.4426696216654875,0.3515796237178468,0,0,2,0
moderate_independent,86,fixed_250ms,1,0.19111589696319697,0.4266226210628741,0.5590972638272902,0.24285815393617236,0.27875,0.3251121076233184,2,0.278125
moderate_independent,86,fixed_500ms,1,0.19111589696319697,0.6358104877968458,0.8085038586845315,0.2463603303616207,0.075625,0.8512396694214877,2,0.075625
moderate_independent,86,queue_capped_250ms,1,0.19111589696319697,0.4266226210628741,0.5590972638272902,0.24285815393617236,0.27875,0.3251121076233184,2,0.278125
moderate_independent,87,no_hedge,1,0.19280974339911694,1.6867286498807346,3.5861154949466467,0.3234028915064534,0,0,2,0
moderate_independent,87,fixed_250ms,1,0.19124217215484407,0.4257217146548271,0.5308665247825672,0.2424817999793602,0.28,0.2857142857142857,2,0.28
moderate_independent,87,fixed_500ms,1,0.19113920568089782,0.6100958531315115,0.7679679132364612,0.24280090754080597,0.068125,0.7706422018348624,2,0.068125
moderate_independent,87,queue_capped_250ms,1,0.19124217215484407,0.4257217146548271,0.5308665247825672,0.2424817999793602,0.28,0.2857142857142857,2,0.28
moderate_independent,88,no_hedge,1,0.19494891241699008,1.7761871884471248,3.2145991277756707,0.32993711467823006,0,0,2,0
moderate_independent,88,fixed_250ms,1,0.19194756861270434,0.42611747503478625,0.5665708287952356,0.24194663455307605,0.280625,0.32516703786191536,2,0.280625
moderate_independent,88,fixed_500ms,1,0.1920688878467871,0.6391475016391723,0.7939894351981849,0.24454566646966214,0.073125,0.8632478632478633,2,0.073125
moderate_independent,88,queue_capped_250ms,1,0.19194756861270434,0.42611747503478625,0.5665708287952356,0.24194663455307605,0.280625,0.32516703786191536,2,0.280625
moderate_independent,89,no_hedge,1,0.18728407520852386,1.3421157597551172,2.956902063963625,0.3050877231868475,0,0,2,0
moderate_independent,89,fixed_250ms,1,0.1868406806755054,0.41211616977719245,0.5834952054221816,0.24301638858797694,0.27875,0.289237668161435,2,0.27875
moderate_independent,89,fixed_500ms,1,0.18643802708830925,0.5894665368745109,0.8043311624862568,0.24079815915134947,0.0575,0.8043478260869565,2,0.0575
moderate_independent,89,queue_capped_250ms,1,0.1868406806755054,0.41211616977719245,0.5834952054221816,0.24301638858797694,0.27875,0.289237668161435,2,0.27875
moderate_independent,90,no_hedge,1,0.18924953688313195,1.5935932217803064,3.699570250650524,0.33464200413032813,0,0,2,0
moderate_independent,90,fixed_250ms,1,0.18793568344048595,0.42079827179057006,0.53864549762352,0.2430458864090264,0.275,0.32272727272727275,2,0.275
moderate_independent,90,fixed_500ms,1,0.18786146793541292,0.6239911843169352,0.7696774171356395,0.2436276974868989,0.068125,0.7889908256880734,2,0.068125
moderate_independent,90,queue_capped_250ms,1,0.18793568344048595,0.42079827179057006,0.53864549762352,0.2430458864090264,0.275,0.32272727272727275,2,0.275
moderate_independent,91,no_hedge,1,0.1959589976017,1.1682049250515973,3.2704571150651276,0.3069015532785372,0,0,2,0
moderate_independent,91,fixed_250ms,1,0.1965397078915032,0.42903728446801637,0.7600920798771256,0.2501456509448656,0.290625,0.27956989247311825,4,0.29
moderate_independent,91,fixed_500ms,1,0.19624381971489413,0.6141548168714337,0.9363138216176985,0.2475288864474669,0.06875,0.6636363636363637,4,0.068125
moderate_independent,91,queue_capped_250ms,1,0.19613196596947802,0.4262839201135087,0.6966221625074454,0.24942849007541906,0.28125,0.27555555555555555,3,0.280625
moderate_independent,92,no_hedge,1,0.18680819298817397,1.0830680663992638,3.1972748011355137,0.30974985458487686,0,0,2,0
moderate_independent,92,fixed_250ms,1,0.18728885854975919,0.4191127695858512,0.5330550149128896,0.23443461587342235,0.263125,0.31116389548693585,2,0.263125
moderate_independent,92,fixed_500ms,1,0.18669517702552696,0.593246638855355,0.7684399296685172,0.23406100428413243,0.0625,0.8,2,0.061875
moderate_independent,92,queue_capped_250ms,1,0.18728885854975919,0.4191127695858512,0.5330550149128896,0.23443461587342235,0.263125,0.31116389548693585,2,0.263125
moderate_independent,93,no_hedge,1,0.18733283826485092,1.321243636286809,3.295943200586734,0.3151980748254156,0,0,2,0
moderate_independent,93,fixed_250ms,1,0.18682130236368266,0.42558746218472265,0.5721211706334355,0.24229660745771767,0.276875,0.2799097065462754,2,0.276875
moderate_independent,93,fixed_500ms,1,0.1866225339544627,0.5911875322016038,0.7850893294535126,0.23952751806664033,0.065625,0.7619047619047619,2,0.065
moderate_independent,93,queue_capped_250ms,1,0.18682130236368266,0.42558746218472265,0.5721211706334355,0.24229660745771767,0.276875,0.2799097065462754,2,0.276875
moderate_independent,94,no_hedge,1,0.19324440738558124,1.0016865834402857,3.7632796027404396,0.30283625745597736,0,0,3,0
moderate_independent,94,fixed_250ms,1,0.1919885914402215,0.41642001169549303,0.5611717517443395,0.24086989100071451,0.27375,0.2831050228310502,2,0.27375
moderate_independent,94,fixed_500ms,1,0.19207188396899788,0.5700205168304109,0.7815630774704978,0.2367961239938801,0.058125,0.7526881720430108,2,0.058125
moderate_independent,94,queue_capped_250ms,1,0.1919885914402215,0.41642001169549303,0.5611717517443395,0.24086989100071451,0.27375,0.2831050228310502,2,0.27375
moderate_independent,95,no_hedge,1,0.19241634949626985,1.2753699945312462,3.232359781971553,0.30533032245028735,0,0,2,0
moderate_independent,95,fixed_250ms,1,0.19013229782818364,0.41648671607126175,0.5594895131984643,0.23197146312483205,0.268125,0.2540792540792541,2,0.268125
moderate_independent,95,fixed_500ms,1,0.18960690885352705,0.580966374094281,0.7936748028370744,0.23125670124195236,0.060625,0.7835051546391752,2,0.060625
moderate_independent,95,queue_capped_250ms,1,0.19013229782818364,0.41648671607126175,0.5594895131984643,0.23197146312483205,0.268125,0.2540792540792541,2,0.268125
moderate_independent,96,no_hedge,1,0.1926749001226966,1.7325396607063936,3.4777503684579756,0.3272611062787653,0,0,2,0
moderate_independent,96,fixed_250ms,1,0.19008313063821447,0.42313401514563864,0.542001506780764,0.24138101172054252,0.279375,0.2841163310961969,2,0.279375
moderate_independent,96,fixed_500ms,1,0.19008313063821447,0.6139747807750524,0.7925147095368246,0.24333943114119097,0.064375,0.8737864077669902,2,0.064375
moderate_independent,96,queue_capped_250ms,1,0.19008313063821447,0.42313401514563864,0.542001506780764,0.24138101172054252,0.279375,0.2841163310961969,2,0.279375
moderate_independent,97,no_hedge,1,0.1900382346646694,1.1230102478381916,3.2111022114881393,0.30887827301998416,0,0,2,0
moderate_independent,97,fixed_250ms,1,0.1885297603889029,0.41476433284662306,0.5751314128071954,0.24661551733723852,0.27,0.2638888888888889,2,0.269375
moderate_independent,97,fixed_500ms,1,0.18849456252642938,0.5981733173779809,0.8041333630512639,0.2443207985107423,0.056875,0.8351648351648352,2,0.056875
moderate_independent,97,queue_capped_250ms,1,0.1885297603889029,0.41476433284662306,0.5751314128071954,0.24661551733723852,0.27,0.2638888888888889,2,0.269375
moderate_independent,98,no_hedge,0.999375,0.1986233951106957,1.7007816741152126,3.602575270369883,0.32830899783614526,0,0,3,0
moderate_independent,98,fixed_250ms,1,0.1969695831514997,0.422257905766557,0.5653906201888717,0.25541459204522676,0.2775,0.2747747747747748,2,0.2775
moderate_independent,98,fixed_500ms,1,0.19639710699154733,0.6163753350329202,0.7909928223730702,0.25280988212675864,0.066875,0.8411214953271028,2,0.066875
moderate_independent,98,queue_capped_250ms,1,0.1969695831514997,0.422257905766557,0.5653906201888717,0.25541459204522676,0.2775,0.2747747747747748,2,0.2775
moderate_independent,99,no_hedge,1,0.19873993922067257,1.8442636714987977,2.996093522858459,0.34071697551186697,0,0,2,0
moderate_independent,99,fixed_250ms,1,0.1959912992395232,0.4295054683592099,0.5611952420046435,0.2491005794669632,0.29125,0.3283261802575107,2,0.29125
moderate_independent,99,fixed_500ms,1,0.19567648854531683,0.6387483013974022,0.8122637710067977,0.252099480712055,0.07875,0.8333333333333334,2,0.07875
moderate_independent,99,queue_capped_250ms,1,0.1959912992395232,0.4295054683592099,0.5611952420046435,0.2491005794669632,0.29125,0.3283261802575107,2,0.29125
moderate_independent,100,no_hedge,1,0.20055982086563873,1.8595646801879866,3.6913461392600766,0.33061086907632986,0,0,2,0
moderate_independent,100,fixed_250ms,1,0.19915987801937263,0.4212094408529983,0.5328478223127675,0.24169807504735558,0.280625,0.29398663697104677,2,0.280625
moderate_independent,100,fixed_500ms,1,0.19905645806991856,0.59755463695776,0.769039141746088,0.24206861104937225,0.0675,0.8055555555555556,2,0.0675
moderate_independent,100,queue_capped_250ms,1,0.19915987801937263,0.4212094408529983,0.5328478223127675,0.24169807504735558,0.280625,0.29398663697104677,2,0.280625
moderate_independent,101,no_hedge,0.999375,0.18915085203454396,1.154779474763643,3.5237012739371565,0.3066157751702557,0,0,2,0
moderate_independent,101,fixed_250ms,1,0.18693543934582557,0.40147821919595117,0.5126444052353705,0.23197506467484014,0.26125,0.27751196172248804,2,0.260625
moderate_independent,101,fixed_500ms,1,0.1863488987133355,0.5526727538350968,0.7576753969429433,0.23116864958336877,0.055,0.8295454545454546,2,0.055
moderate_independent,101,queue_capped_250ms,1,0.18693543934582557,0.40147821919595117,0.5126444052353705,0.23197506467484014,0.26125,0.27751196172248804,2,0.260625
moderate_independent,102,no_hedge,1,0.19195447163512114,1.0767961096809628,3.0287700386341783,0.30058863446929274,0,0,2,0
moderate_independent,102,fixed_250ms,1,0.19133526595462058,0.4223010615333962,0.5454997642554957,0.24466986319206616,0.260625,0.2829736211031175,2,0.26
moderate_independent,102,fixed_500ms,1,0.19108999633935042,0.585908563357048,0.7954997642556236,0.24402683940285033,0.06125,0.7857142857142857,2,0.06125
moderate_independent,102,queue_capped_250ms,1,0.19133526595462058,0.4223010615333962,0.5454997642554957,0.24466986319206616,0.260625,0.2829736211031175,2,0.26
moderate_independent,103,no_hedge,1,0.19565608306953663,1.776370382701316,3.6807240187901584,0.33429016301816605,0,0,2,0
moderate_independent,103,fixed_250ms,1,0.19308438408835116,0.42372162909956046,0.5559252385798459,0.24643208543976833,0.290625,0.3118279569892473,2,0.29
moderate_independent,103,fixed_500ms,1,0.19249403708566604,0.6118428140547678,0.7811298850294577,0.24672906576399284,0.06375,0.8627450980392157,2,0.06375
moderate_independent,103,queue_capped_250ms,1,0.19308438408835116,0.42372162909956046,0.5559252385798459,0.24643208543976833,0.290625,0.3118279569892473,2,0.29
moderate_independent,104,no_hedge,1,0.19008558115275775,1.3061311757423617,3.2554849847862304,0.3092299636232891,0,0,3,0
moderate_independent,104,fixed_250ms,1,0.1887037416771804,0.40701757104413616,0.5387710818992133,0.2404783747272977,0.265625,0.2776470588235294,2,0.265625
moderate_independent,104,fixed_500ms,1,0.1887533864046418,0.6012682570501937,0.7775878299831191,0.23956365160925994,0.060625,0.7938144329896907,2,0.060625
moderate_independent,104,queue_capped_250ms,1,0.1887037416771804,0.40701757104413616,0.5387710818992133,0.2404783747272977,0.265625,0.2776470588235294,2,0.265625
moderate_independent,105,no_hedge,1,0.1882469961394122,0.7383559691947976,3.430202470675596,0.29897749519844674,0,0,2,0
moderate_independent,105,fixed_250ms,1,0.18758510645305293,0.41093831099858136,0.5842437365031969,0.23272012824429253,0.2675,0.26869158878504673,2,0.2675
moderate_independent,105,fixed_500ms,1,0.1871187061466575,0.5912832432143702,0.8059948667642551,0.23046122129626084,0.06,0.8020833333333334,2,0.059375
moderate_independent,105,queue_capped_250ms,1,0.18758510645305293,0.41093831099858136,0.5842437365031969,0.23272012824429253,0.2675,0.26869158878504673,2,0.2675
moderate_independent,106,no_hedge,1,0.19568535655901798,0.8383159075057023,3.0563371391726646,0.2979964627803727,0,0,3,0
moderate_independent,106,fixed_250ms,1,0.19373598781427148,0.40467096681183534,0.5583043100143925,0.24147709816693827,0.273125,0.2814645308924485,2,0.273125
moderate_independent,106,fixed_500ms,1,0.19327057014476168,0.5355593601734228,0.7764908704765148,0.23800392195516465,0.053125,0.7764705882352941,2,0.053125
moderate_independent,106,queue_capped_250ms,1,0.19373598781427148,0.40467096681183534,0.5583043100143925,0.24147709816693827,0.273125,0.2814645308924485,2,0.273125
moderate_independent,107,no_hedge,0.99875,0.19384566036383433,0.8592118709341037,2.7854577324181946,0.29569814498379293,0,0,2,0
moderate_independent,107,fixed_250ms,1,0.19194296965177493,0.41065591707101134,0.5421816584942363,0.23937997380652384,0.27,0.2662037037037037,2,0.27
moderate_independent,107,fixed_500ms,1,0.1917134126682214,0.5521416029594519,0.7700442646347154,0.23739852352649904,0.055,0.7954545454545454,2,0.055
moderate_independent,107,queue_capped_250ms,1,0.19194296965177493,0.41065591707101134,0.5421816584942363,0.23937997380652384,0.27,0.2662037037037037,2,0.27
moderate_independent,108,no_hedge,1,0.19172700449669788,0.6451904258257883,3.259473725120756,0.3005074765165762,0,0,2,0
moderate_independent,108,fixed_250ms,1,0.19117815242907454,0.4219442240457312,0.6132959284707624,0.24217929303594082,0.27,0.26851851851851855,2,0.27
moderate_independent,108,fixed_500ms,1,0.19126428665100548,0.5357619233217576,0.8696612390505436,0.23946368503680346,0.05375,0.813953488372093,2,0.05375
moderate_independent,108,queue_capped_250ms,1,0.19117815242907454,0.4219442240457312,0.6132959284707624,0.24217929303594082,0.27,0.26851851851851855,2,0.27
moderate_independent,109,no_hedge,1,0.19598310045226697,1.6484910293730763,3.181980471409844,0.3184387153359307,0,0,2,0
moderate_independent,109,fixed_250ms,1,0.191464133378215,0.41511468220608094,0.558687407624987,0.24143496554134802,0.273125,0.28832951945080093,2,0.273125
moderate_independent,109,fixed_500ms,1,0.19120151788482787,0.6118442402146158,0.8086874076250261,0.24290003529592327,0.063125,0.8613861386138614,2,0.063125
moderate_independent,109,queue_capped_250ms,1,0.191464133378215,0.41511468220608094,0.558687407624987,0.24143496554134802,0.273125,0.28832951945080093,2,0.273125
moderate_independent,110,no_hedge,0.999375,0.19416192676577282,1.7961240488334056,3.6799438124166954,0.33781239308490646,0,0,2,0
moderate_independent,110,fixed_250ms,1,0.1913528459934497,0.421421777834766,0.5612673739843927,0.24203663604643108,0.28125,0.3088888888888889,2,0.28125
moderate_independent,110,fixed_500ms,1,0.19131867501455702,0.6350597617247615,0.8073397250036578,0.2459444341418534,0.069375,0.8558558558558559,2,0.06875
moderate_independent,110,queue_capped_250ms,1,0.1913528459934497,0.421421777834766,0.5612673739843927,0.24203663604643108,0.28125,0.3088888888888889,2,0.28125
moderate_independent,111,no_hedge,0.999375,0.19111916879936075,1.6139312254101128,3.808519941276529,0.3329774609758377,0,0,2,0
moderate_independent,111,fixed_250ms,1,0.19038626386347746,0.41340518494850187,0.5253718643668535,0.24175994249191732,0.268125,0.27505827505827507,2,0.2675
moderate_independent,111,fixed_500ms,1,0.19004983817390553,0.6173981830397679,0.7753718643668037,0.24285517534473022,0.061875,0.8787878787878788,2,0.061875
moderate_independent,111,queue_capped_250ms,1,0.19038626386347746,0.41340518494850187,0.5253718643668535,0.24175994249191732,0.268125,0.27505827505827507,2,0.2675
moderate_independent,112,no_hedge,1,0.19331403731655783,0.5649954831037292,2.9234809766585528,0.2924195041786344,0,0,2,0
moderate_independent,112,fixed_250ms,1,0.19355204219483912,0.41394813192996693,0.5732785870466728,0.24228722221356624,0.264375,0.26713947990543735,2,0.264375
moderate_independent,112,fixed_500ms,1,0.19293749962007212,0.525491642187859,0.784050094383602,0.23787043722327098,0.051875,0.7469879518072289,2,0.051875
moderate_independent,112,queue_capped_250ms,1,0.19355204219483912,0.41394813192996693,0.5732785870466728,0.24228722221356624,0.264375,0.26713947990543735,2,0.264375
moderate_independent,113,no_hedge,1,0.19523214628286212,1.5997009471850667,3.472641765773343,0.32262098967376324,0,0,2,0
moderate_independent,113,fixed_250ms,1,0.19068953739639483,0.42826270564333413,0.5501973021569313,0.24993284567259383,0.291875,0.278372591006424,2,0.29125
moderate_independent,113,fixed_500ms,1,0.19044337604584882,0.6076368151769458,0.7813356654688874,0.24722895791604807,0.064375,0.7864077669902912,2,0.064375
moderate_independent,113,queue_capped_250ms,1,0.19068953739639483,0.42826270564333413,0.5501973021569313,0.24993284567259383,0.291875,0.278372591006424,2,0.29125
moderate_independent,114,no_hedge,0.999375,0.19444216754928334,2.1052368147830833,3.844741565089251,0.3529767804847282,0,0,2,0
moderate_independent,114,fixed_250ms,1,0.19051477872372402,0.4252545790089499,0.534243703595422,0.2442385546111354,0.29625,0.2911392405063291,2,0.29625
moderate_independent,114,fixed_500ms,1,0.19048199101591834,0.6271649740798466,0.781986444741861,0.2458800377102327,0.07375,0.8220338983050848,2,0.07375
moderate_independent,114,queue_capped_250ms,1,0.19051477872372402,0.4252545790089499,0.534243703595422,0.2442385546111354,0.29625,0.2911392405063291,2,0.29625
moderate_independent,115,no_hedge,1,0.19266667791598024,2.0413054646743944,3.848405787799,0.3482655493173018,0,0,3,0
moderate_independent,115,fixed_250ms,1,0.18817027363954253,0.4238967113076013,0.556337346123513,0.24234139044992936,0.27125,0.3456221198156682,2,0.27125
moderate_independent,115,fixed_500ms,1,0.18830060873334276,0.6161380293282628,0.8063373461236409,0.24484708048858092,0.0725,0.8362068965517241,2,0.071875
moderate_independent,115,queue_capped_250ms,1,0.18817027363954253,0.4238967113076013,0.556337346123513,0.24234139044992936,0.27125,0.3456221198156682,2,0.27125
moderate_independent,116,no_hedge,1,0.19231205289004905,1.7424725259006948,3.484701899510412,0.327234215511731,0,0,2,0
moderate_independent,116,fixed_250ms,1,0.19087345126044397,0.41146094864933147,0.581712498482247,0.2433946119892232,0.271875,0.2988505747126437,2,0.271875
moderate_independent,116,fixed_500ms,1,0.1905454885563671,0.611853208374491,0.8167405083032406,0.24462091545262057,0.065,0.8365384615384616,2,0.065
moderate_independent,116,queue_capped_250ms,1,0.19087345126044397,0.41146094864933147,0.581712498482247,0.2433946119892232,0.271875,0.2988505747126437,2,0.271875
moderate_independent,117,no_hedge,1,0.1936097056966446,1.3719690168949725,3.670410256696016,0.3243464441857686,0,0,2,0
moderate_independent,117,fixed_250ms,1,0.19328782261017352,0.42671112036842374,0.5929943458294957,0.2555436603128056,0.289375,0.2678185745140389,2,0.289375
moderate_independent,117,fixed_500ms,1,0.19228191669829187,0.6112399689502936,0.8163581490545084,0.2534329558729976,0.063125,0.8217821782178217,2,0.063125
moderate_independent,117,queue_capped_250ms,1,0.19328782261017352,0.42671112036842374,0.5929943458294957,0.2555436603128056,0.289375,0.2678185745140389,2,0.289375
moderate_independent,118,no_hedge,1,0.20115046633887346,2.0051523134971916,3.7339763051728383,0.3412535268040874,0,0,2,0
moderate_independent,118,fixed_250ms,1,0.19762481583661895,0.4263245887002416,0.5882462683308631,0.24737191650947993,0.2975,0.296218487394958,2,0.296875
moderate_independent,118,fixed_500ms,1,0.1970315166242642,0.6262246782063423,0.829116450246218,0.24656758202780416,0.0675,0.8333333333333334,2,0.0675
moderate_independent,118,queue_capped_250ms,1,0.19762481583661895,0.4263245887002416,0.5882462683308631,0.24737191650947993,0.2975,0.296218487394958,2,0.296875
moderate_independent,119,no_hedge,1,0.19656773607240297,1.737577194026592,3.6746709270575195,0.341264144594386,0,0,2,0
moderate_independent,119,fixed_250ms,1,0.19360795353627225,0.42328442487028184,0.6291002914137067,0.2527478628465045,0.296875,0.29473684210526313,2,0.29625
moderate_independent,119,fixed_500ms,1,0.19324918264797475,0.6379921908137192,0.8791002914138346,0.25420268892872216,0.071875,0.7739130434782608,2,0.071875
moderate_independent,119,queue_capped_250ms,1,0.19360795353627225,0.42328442487028184,0.6291002914137067,0.2527478628465045,0.296875,0.29473684210526313,2,0.29625
moderate_independent,120,no_hedge,1,0.1904230691324793,1.9554139430426218,3.9056219046903866,0.3292993765412067,0,0,3,0
moderate_independent,120,fixed_250ms,1,0.18869790719523394,0.4236975550647557,0.6177369212109198,0.24601080344661075,0.26125,0.291866028708134,3,0.26125
moderate_independent,120,fixed_500ms,1,0.18869790719523394,0.6316662382422891,0.7900899678794673,0.24611197136902227,0.06875,0.8,2,0.06875
moderate_independent,120,queue_capped_250ms,1,0.18869790719523394,0.4236975550647557,0.6177369212109198,0.24601080344661075,0.260625,0.29256594724220625,2,0.260625
moderate_independent,121,no_hedge,0.999375,0.19146496673930358,1.870092867892268,3.693159634144493,0.33074749782684765,0,0,3,0
moderate_independent,121,fixed_250ms,1,0.1873908244497784,0.4367785140376199,0.5692110373051023,0.24212497060013596,0.27875,0.3251121076233184,2,0.27875
moderate_independent,121,fixed_500ms,1,0.18596895422496118,0.634090759732004,0.8132977699215226,0.24400707114552575,0.07125,0.8421052631578947,2,0.07125
moderate_independent,121,queue_capped_250ms,1,0.1873908244497784,0.4367785140376199,0.5692110373051023,0.24212497060013596,0.27875,0.3251121076233184,2,0.27875
moderate_independent,122,no_hedge,1,0.1940954955641132,1.6105624025718068,3.9816917563015934,0.324544831883556,0,0,3,0
moderate_independent,122,fixed_250ms,1,0.18917807531565245,0.41333797815811124,0.5175564618561594,0.23588703332809938,0.2775,0.30855855855855857,2,0.2775
moderate_independent,122,fixed_500ms,1,0.18730760026551962,0.6122204353059999,0.7787657454269663,0.23896036158628287,0.0675,0.8240740740740741,2,0.0675
moderate_independent,122,queue_capped_250ms,1,0.18917807531565245,0.41333797815811124,0.5175564618561594,0.23588703332809938,0.2775,0.30855855855855857,2,0.2775
moderate_independent,123,no_hedge,1,0.1951056025844764,1.2132512462426916,3.8506298319612142,0.323393614495852,0,0,2,0
moderate_independent,123,fixed_250ms,1,0.1943325798437101,0.4198823329170054,0.5521444326797535,0.23679839981725828,0.273125,0.2654462242562929,2,0.273125
moderate_independent,123,fixed_500ms,1,0.19425209159658152,0.5722450164507933,0.7506433302571907,0.23539097880062296,0.060625,0.8041237113402062,2,0.060625
moderate_independent,123,queue_capped_250ms,1,0.1943325798437101,0.4198823329170054,0.5521444326797535,0.23679839981725828,0.273125,0.2654462242562929,2,0.273125
moderate_independent,124,no_hedge,1,0.19123826757088125,1.1107925700418448,3.473209743787777,0.31172969199666123,0,0,2,0
moderate_independent,124,fixed_250ms,1,0.18918952529094213,0.4088210540887047,0.5278847914456613,0.2383258333067298,0.2775,0.2747747747747748,2,0.2775
moderate_independent,124,fixed_500ms,1,0.18935160112350502,0.5771664772257061,0.7561323554725163,0.23737532033162034,0.05625,0.8777777777777778,2,0.05625
moderate_independent,124,queue_capped_250ms,1,0.18918952529094213,0.4088210540887047,0.5278847914456613,0.2383258333067298,0.2775,0.2747747747747748,2,0.2775
moderate_independent,125,no_hedge,1,0.1946615367339941,1.3337194524844591,3.2518163748944175,0.3037939267379313,0,0,2,0
moderate_independent,125,fixed_250ms,1,0.1910029267676805,0.4138587437808283,0.5623971315927498,0.23655310290378764,0.276875,0.26636568848758463,2,0.276875
moderate_independent,125,fixed_500ms,1,0.19090235067286088,0.5896053854472001,0.7877175030449877,0.2358179742823669,0.0575,0.8369565217391305,2,0.0575
moderate_independent,125,queue_capped_250ms,1,0.1910029267676805,0.4138587437808283,0.5623971315927498,0.23655310290378764,0.276875,0.26636568848758463,2,0.276875
moderate_independent,126,no_hedge,1,0.18729718942993756,1.5118802027570126,3.099460578196826,0.31878886520107946,0,0,2,0
moderate_independent,126,fixed_250ms,1,0.18614149038622685,0.4202784226979901,0.5566918334973963,0.24317226418833573,0.256875,0.30900243309002434,2,0.25625
moderate_independent,126,fixed_500ms,1,0.18578283937049989,0.6223656651606007,0.8035970305388318,0.24490511317168515,0.06875,0.8272727272727273,2,0.06875
moderate_independent,126,queue_capped_250ms,1,0.18614149038622685,0.4202784226979901,0.5566918334973963,0.24317226418833573,0.256875,0.30900243309002434,2,0.25625
moderate_independent,127,no_hedge,1,0.19435589180285717,1.7012284661894164,3.5040910639627114,0.3278825138003107,0,0,2,0
moderate_independent,127,fixed_250ms,1,0.19242544261669536,0.4358345330774682,0.5854481682294974,0.23891273688318596,0.27,0.3449074074074074,3,0.269375
moderate_independent,127,fixed_500ms,1,0.1913410498955983,0.611388195208832,0.797177682558349,0.238871677232322,0.066875,0.7850467289719626,2,0.066875
moderate_independent,127,queue_capped_250ms,1,0.19265212371850282,0.43569589747184523,0.5854481682294974,0.23892688623659578,0.26875,0.34418604651162793,3,0.268125
moderate_independent,128,no_hedge,1,0.19781213074851678,1.655449844286892,3.3817399969481556,0.32841818559150504,0,0,2,0
moderate_independent,128,fixed_250ms,1,0.1962124677380359,0.41878772064192216,0.5859942846962696,0.24800155402180987,0.28125,0.3022222222222222,2,0.28125
moderate_independent,128,fixed_500ms,1,0.1962124677380359,0.6153771926730611,0.8700015091688726,0.2492760602763309,0.07,0.7678571428571429,2,0.07
moderate_independent,128,queue_capped_250ms,1,0.1962124677380359,0.41878772064192216,0.5859942846962696,0.24800155402180987,0.28125,0.3022222222222222,2,0.28125
moderate_independent,129,no_hedge,0.99875,0.18817599373917915,1.2961283839273818,3.3927177287206725,0.31873248616176286,0,0,2,0
moderate_independent,129,fixed_250ms,1,0.18713729086964292,0.4317060776894408,0.5949813259734782,0.24201430092811727,0.274375,0.28018223234624146,2,0.274375
moderate_independent,129,fixed_500ms,1,0.1870669718125555,0.6196419271723812,0.8684605976937831,0.24234256311071836,0.064375,0.8252427184466019,2,0.064375
moderate_independent,129,queue_capped_250ms,1,0.18713729086964292,0.4317060776894408,0.5949813259734782,0.24201430092811727,0.274375,0.28018223234624146,2,0.274375
moderate_independent,130,no_hedge,1,0.19219687339979785,1.6855848416523909,3.7885923589165884,0.3191930724894203,0,0,3,0
moderate_independent,130,fixed_250ms,1,0.18927945220083586,0.4195494500031671,0.5404960302564739,0.23783490771837304,0.251875,0.3002481389578164,2,0.251875
moderate_independent,130,fixed_500ms,1,0.18929743323425896,0.5957310549397334,0.8022793476769721,0.2391854445076821,0.06125,0.8163265306122449,2,0.06125
moderate_independent,130,queue_capped_250ms,1,0.18927945220083586,0.4195494500031671,0.5404960302564739,0.23783490771837304,0.251875,0.3002481389578164,2,0.251875
moderate_independent,131,no_hedge,0.999375,0.1938292075129624,0.7919120453711344,3.6415390459298322,0.30939463226331254,0,0,2,0
moderate_independent,131,fixed_250ms,1,0.1912123450297969,0.4213036180491301,0.5231897541754762,0.24419969736279193,0.285,0.25219298245614036,2,0.285
moderate_independent,131,fixed_500ms,1,0.19059091893335633,0.5475737523424336,0.7519653219997338,0.2399449049259011,0.06,0.71875,2,0.06
moderate_independent,131,queue_capped_250ms,1,0.1912123450297969,0.4213036180491301,0.5231897541754762,0.24419969736279193,0.285,0.25219298245614036,2,0.285
moderate_independent,132,no_hedge,1,0.19079970656353495,1.0220397222598558,3.052601064279413,0.3013452573519537,0,0,3,0
moderate_independent,132,fixed_250ms,1,0.19053151356445142,0.4058321496726336,0.5254771924869246,0.23992276139842164,0.27125,0.2764976958525346,2,0.270625
moderate_independent,132,fixed_500ms,1,0.19040787343998034,0.5631765089207903,0.7777095484263299,0.23698720517653116,0.053125,0.8941176470588236,2,0.0525
moderate_independent,132,queue_capped_250ms,1,0.19053151356445142,0.4058321496726336,0.5254771924869246,0.23992276139842164,0.27125,0.2764976958525346,2,0.270625
moderate_independent,133,no_hedge,1,0.1956370608406246,1.7794685806502137,3.870015558699137,0.3361487615607529,0,0,2,0
moderate_independent,133,fixed_250ms,1,0.1923182655775122,0.42129376164227494,0.5571753590863011,0.2427706388224659,0.27875,0.3004484304932735,2,0.27875
moderate_independent,133,fixed_500ms,1,0.19153948471962678,0.6128537140786818,0.8030885342639209,0.24121523924150087,0.06,0.875,2,0.06
moderate_independent,133,queue_capped_250ms,1,0.1923182655775122,0.42129376164227494,0.5571753590863011,0.2427706388224659,0.27875,0.3004484304932735,2,0.27875
moderate_independent,134,no_hedge,1,0.19783301636067563,1.8862511032762228,3.321332790487247,0.3372642131126631,0,0,3,0
moderate_independent,134,fixed_250ms,1,0.1923491854444137,0.42845555837013194,0.5604991446422432,0.24189462332223535,0.288125,0.3123644251626898,2,0.288125
moderate_independent,134,fixed_500ms,1,0.19205781137357292,0.6336746202793861,0.7803778277552986,0.24433641755899252,0.073125,0.8205128205128205,2,0.073125
moderate_independent,134,queue_capped_250ms,1,0.1923491854444137,0.42845555837013194,0.5604991446422432,0.24189462332223535,0.288125,0.3123644251626898,2,0.288125
moderate_independent,135,no_hedge,1,0.1970145398118035,1.5733219836701844,3.830169938698816,0.33377921608771344,0,0,2,0
moderate_independent,135,fixed_250ms,1,0.19465030463398847,0.4445708572321294,0.7001113222756956,0.26256201572685417,0.28125,0.29777777777777775,3,0.28125
moderate_independent,135,fixed_500ms,1,0.19360153462677765,0.6389190159262554,0.8974284463712152,0.2600578773930668,0.071875,0.7652173913043478,2,0.07125
moderate_independent,135,queue_capped_250ms,1,0.19492183084352632,0.44488426785255797,0.792997028260622,0.263017916432376,0.28,0.296875,3,0.28
moderate_independent,136,no_hedge,1,0.19619017108186654,1.6056685599064195,3.4293891947439477,0.317387693021117,0,0,3,0
moderate_independent,136,fixed_250ms,1,0.19178594735127774,0.42753753950650264,0.6094220289978161,0.2490019822798178,0.263125,0.3016627078384798,2,0.263125
moderate_independent,136,fixed_500ms,1,0.19173439007170856,0.6306068289771218,0.8954293348207862,0.24785888622916846,0.06875,0.7454545454545455,3,0.06875
moderate_independent,136,queue_capped_250ms,1,0.19178594735127774,0.42753753950650264,0.6094220289978161,0.2490019822798178,0.263125,0.3016627078384798,2,0.263125
moderate_independent,137,no_hedge,1,0.193844675953315,1.4511688287321505,3.579399856843324,0.3321283248868283,0,0,2,0
moderate_independent,137,fixed_250ms,1,0.1915869403373165,0.417769333291119,0.5264368664632286,0.23756848232811648,0.2775,0.2927927927927928,2,0.276875
moderate_independent,137,fixed_500ms,1,0.1914698523357785,0.6075448049832488,0.7664927508298414,0.23755783058349222,0.064375,0.8543689320388349,2,0.06375
moderate_independent,137,queue_capped_250ms,1,0.1915869403373165,0.417769333291119,0.5264368664632286,0.23756848232811648,0.2775,0.2927927927927928,2,0.276875
moderate_independent,138,no_hedge,1,0.19808931996648482,0.6139064313540956,3.9338425869549454,0.3006674145448481,0,0,2,0
moderate_independent,138,fixed_250ms,1,0.19557693507206508,0.4001512475801263,0.5111990987128934,0.23484011193009727,0.284375,0.24615384615384617,2,0.284375
moderate_independent,138,fixed_500ms,1,0.1956879182799156,0.520515070426427,0.7486170392643601,0.23205064176547868,0.055,0.7386363636363636,2,0.055
moderate_independent,138,queue_capped_250ms,1,0.19557693507206508,0.4001512475801263,0.5111990987128934,0.23484011193009727,0.284375,0.24615384615384617,2,0.284375
moderate_independent,139,no_hedge,1,0.1900174376116226,1.4346518729490612,3.5229797983931306,0.3194959168712542,0,0,2,0
moderate_independent,139,fixed_250ms,1,0.18839400872590772,0.40915314773678446,0.5380672016287207,0.2383301574610107,0.266875,0.28805620608899296,2,0.266875
moderate_independent,139,fixed_500ms,1,0.18839423019959156,0.6086842965233217,0.8129134011813477,0.24011880588893,0.0625,0.81,2,0.061875
moderate_independent,139,queue_capped_250ms,1,0.18839400872590772,0.40915314773678446,0.5380672016287207,0.2383301574610107,0.266875,0.28805620608899296,2,0.266875
moderate_independent,140,no_hedge,1,0.19148190011142674,1.7282106183885038,4.273265811483569,0.32927615876152544,0,0,2,0
moderate_independent,140,fixed_250ms,1,0.1866302285389949,0.4133798124413772,0.5341030520284988,0.24186817782241604,0.28,0.28125,2,0.279375
moderate_independent,140,fixed_500ms,1,0.1863706656133104,0.5980058166354212,0.7604877573714823,0.24068351117225845,0.0625,0.81,2,0.061875
moderate_independent,140,queue_capped_250ms,1,0.1866302285389949,0.4133798124413772,0.5341030520284988,0.24186817782241604,0.28,0.28125,2,0.279375
moderate_independent,141,no_hedge,1,0.1963108540423164,1.9365829016856537,3.497748003328269,0.3422540940392911,0,0,2,0
moderate_independent,141,fixed_250ms,1,0.1919011927683556,0.4257833873501795,0.5520011258000856,0.24845341071087734,0.26875,0.32790697674418606,2,0.26875
moderate_independent,141,fixed_500ms,1,0.1920513799957888,0.6388414855858002,0.8020011258001247,0.2504409612470793,0.07375,0.788135593220339,2,0.07375
moderate_independent,141,queue_capped_250ms,1,0.1919011927683556,0.4257833873501795,0.5520011258000856,0.24845341071087734,0.26875,0.32790697674418606,2,0.26875
moderate_independent,142,no_hedge,1,0.19513725056846454,1.6772941870117393,3.9029676436401246,0.326954004217052,0,0,2,0
moderate_independent,142,fixed_250ms,1,0.1934738895620196,0.42874647513642117,0.6484696209394585,0.2531039527731821,0.2775,0.28378378378378377,3,0.2775
moderate_independent,142,fixed_500ms,1,0.1927313796088015,0.6082719589849575,0.880361676517353,0.25286604427709863,0.068125,0.7981651376146789,2,0.068125
moderate_independent,142,queue_capped_250ms,1,0.1934738895620196,0.42874647513642117,0.6484696209394585,0.2531039527731821,0.2775,0.28378378378378377,3,0.2775
moderate_independent,143,no_hedge,1,0.19861771106428705,1.6283986803261072,3.9038134187025264,0.3415693419852782,0,0,2,0
moderate_independent,143,fixed_250ms,1,0.19729679214870544,0.4348586546214932,0.6250943505462558,0.2547992191421184,0.29875,0.28451882845188287,2,0.298125
moderate_independent,143,fixed_500ms,1,0.19754730158233258,0.6377595441319883,0.7842132237658674,0.25325299743896806,0.075625,0.768595041322314,2,0.075625
moderate_independent,143,queue_capped_250ms,1,0.19729679214870544,0.4348586546214932,0.6250943505462558,0.2547992191421184,0.29875,0.28451882845188287,2,0.298125
moderate_independent,144,no_hedge,1,0.20113103814730904,2.1660652342474833,4.454264760961294,0.3517883489565172,0,0,3,0
moderate_independent,144,fixed_250ms,1,0.19362108160912328,0.43434361335833316,0.5613331036230562,0.2524336290167409,0.28,0.34375,2,0.279375
moderate_independent,144,fixed_500ms,1,0.19370280193649236,0.6255595242405612,0.7804114399003943,0.252664473592795,0.078125,0.744,2,0.078125
moderate_independent,144,queue_capped_250ms,1,0.19362108160912328,0.43434361335833316,0.5613331036230562,0.2524336290167409,0.28,0.34375,2,0.279375
moderate_independent,145,no_hedge,1,0.19998957794977912,1.6188625596653026,3.901571364676375,0.3370100736904578,0,0,3,0
moderate_independent,145,fixed_250ms,1,0.19477732050121688,0.43033365676924973,0.589057379811635,0.24644175963147075,0.294375,0.3057324840764331,3,0.29375
moderate_independent,145,fixed_500ms,1,0.19440688619393143,0.634746309318075,0.8163252607295988,0.2475264611231366,0.070625,0.8230088495575221,2,0.07
moderate_independent,145,queue_capped_250ms,1,0.19470712703692072,0.43033365676924973,0.5722619287168413,0.2468813915928757,0.290625,0.30752688172043013,2,0.29
moderate_independent,146,no_hedge,1,0.1966600675455652,0.6518610738790163,2.8421654315791045,0.2969701900953954,0,0,2,0
moderate_independent,146,fixed_250ms,1,0.19535086173734584,0.40719541661522385,0.5615494086273785,0.24442900413629196,0.2725,0.25229357798165136,2,0.271875
moderate_independent,146,fixed_500ms,1,0.1944534671587803,0.518603666752739,0.8111838259413418,0.2413510965882839,0.051875,0.8313253012048193,2,0.05125
moderate_independent,146,queue_capped_250ms,1,0.19535086173734584,0.40719541661522385,0.5615494086273785,0.24442900413629196,0.2725,0.25229357798165136,2,0.271875
moderate_independent,147,no_hedge,0.999375,0.19366323851301814,1.8022598036230972,3.5132567491283666,0.33950609347319644,0,0,2,0
moderate_independent,147,fixed_250ms,1,0.1921169410635386,0.44252383179714627,0.6341846600728971,0.26345955499296714,0.279375,0.3243847874720358,2,0.279375
moderate_independent,147,fixed_500ms,1,0.19196005697024532,0.6479596051815406,0.875396284945765,0.262535604392309,0.075625,0.743801652892562,2,0.075625
moderate_independent,147,queue_capped_250ms,1,0.1921169410635386,0.44252383179714627,0.6341846600728971,0.26345955499296714,0.279375,0.3243847874720358,2,0.279375
moderate_independent,148,no_hedge,1,0.19477068296414757,1.6666963628122886,3.5242528522665566,0.3179796400169634,0,0,3,0
moderate_independent,148,fixed_250ms,1,0.19071551958764132,0.41823023643063095,0.5667668135553896,0.2460553186037235,0.28875,0.2683982683982684,2,0.28875
moderate_independent,148,fixed_500ms,1,0.1897052491699185,0.6061825470954147,0.8167668135555175,0.24443079965624392,0.060625,0.8762886597938144,2,0.060625
moderate_independent,148,queue_capped_250ms,1,0.19071551958764132,0.41823023643063095,0.5667668135553896,0.2460553186037235,0.28875,0.2683982683982684,2,0.28875
moderate_independent,149,no_hedge,1,0.19455079266640496,1.6800982441967491,3.694130150258559,0.32052163585087945,0,0,3,0
moderate_independent,149,fixed_250ms,1,0.19167901690040168,0.4213977956877244,0.5575051565969602,0.2397432186131679,0.263125,0.27790973871733965,3,0.2625
moderate_independent,149,fixed_500ms,1,0.19170820909375585,0.6149161689426279,0.8218736322621965,0.23984543226991836,0.06625,0.7358490566037735,2,0.065625
moderate_independent,149,queue_capped_250ms,1,0.19167901690040168,0.4212536825682207,0.5575051565969602,0.239649468613168,0.2625,0.2785714285714286,2,0.261875
moderate_independent,150,no_hedge,1,0.20050881616570848,1.5031702869405024,3.468312274763072,0.3249005302165023,0,0,2,0
moderate_independent,150,fixed_250ms,1,0.19586410525730713,0.4318571304526486,0.5638684947965729,0.24935247726387255,0.298125,0.2746331236897275,2,0.2975
moderate_independent,150,fixed_500ms,1,0.19586410525730713,0.6268446383665918,0.8164579083567105,0.25095609515809203,0.07,0.7767857142857143,2,0.07
moderate_independent,150,queue_capped_250ms,1,0.19586410525730713,0.4318571304526486,0.5638684947965729,0.24935247726387255,0.298125,0.2746331236897275,2,0.2975
moderate_independent,151,no_hedge,1,0.19165246066195607,1.7172870788623698,3.509926629034112,0.3202246476314203,0,0,3,0
moderate_independent,151,fixed_250ms,1,0.18861943499986467,0.42581069889008916,0.5549513685990135,0.23514829294832082,0.260625,0.3117505995203837,2,0.26
moderate_independent,151,fixed_500ms,1,0.18965316597926574,0.6068840598337317,0.7781088573302384,0.23505849257513045,0.064375,0.8058252427184466,2,0.064375
moderate_independent,151,queue_capped_250ms,1,0.18861943499986467,0.42581069889008916,0.5549513685990135,0.23514829294832082,0.260625,0.3117505995203837,2,0.26
moderate_independent,152,no_hedge,1,0.19341603224318504,1.5918223234365172,3.6177935159220596,0.32507165461001075,0,0,2,0
moderate_independent,152,fixed_250ms,1,0.1915662430389773,0.40627338560392445,0.5449974531431181,0.24578141093197858,0.281875,0.28824833702882485,2,0.281875
moderate_independent,152,fixed_500ms,1,0.19054096619439065,0.5896748515544061,0.7896999716240742,0.2447701092280834,0.05875,0.8617021276595744,2,0.05875
moderate_independent,152,queue_capped_250ms,1,0.1915662430389773,0.40627338560392445,0.5449974531431181,0.24578141093197858,0.281875,0.28824833702882485,2,0.281875
moderate_independent,153,no_hedge,1,0.19862792251522876,1.6068207346550025,3.2977247801822287,0.3292662482881125,0,0,2,0
moderate_independent,153,fixed_250ms,1,0.19712077907681902,0.43202877660912975,0.6094685556174966,0.25256524098357536,0.295625,0.27906976744186046,2,0.295
moderate_independent,153,fixed_500ms,1,0.19656975192054382,0.629464961400032,0.8594685556174468,0.25127394891181487,0.06625,0.8301886792452831,2,0.06625
moderate_independent,153,queue_capped_250ms,1,0.19712077907681902,0.43202877660912975,0.6094685556174966,0.25256524098357536,0.295625,0.27906976744186046,2,0.295
moderate_independent,154,no_hedge,0.999375,0.20372795546997224,1.7546830136922011,3.576491951881536,0.3337572442335403,0,0,2,0
moderate_independent,154,fixed_250ms,1,0.19962730308520804,0.4303605775965451,0.5887277158024489,0.2554002452896682,0.3075,0.27439024390243905,2,0.3075
moderate_independent,154,fixed_500ms,1,0.19928356351275056,0.5999784134925221,0.8080120080656741,0.25213028147294614,0.060625,0.8247422680412371,2,0.060625
moderate_independent,154,queue_capped_250ms,1,0.19962730308520804,0.4303605775965451,0.5887277158024489,0.2554002452896682,0.3075,0.27439024390243905,2,0.3075
moderate_independent,155,no_hedge,1,0.192140643094298,0.7399563493234353,3.1347175974682386,0.3028128992629161,0,0,2,0
moderate_independent,155,fixed_250ms,1,0.19285988397521692,0.4181602071739974,0.5704483146677468,0.24760307238598794,0.28,0.26339285714285715,2,0.279375
moderate_independent,155,fixed_500ms,1,0.19212380256348638,0.5881404885909944,0.8049686480078009,0.2455396286975375,0.065,0.75,2,0.064375
moderate_independent,155,queue_capped_250ms,1,0.19285988397521692,0.4181602071739974,0.5704483146677468,0.24760307238598794,0.28,0.26339285714285715,2,0.279375
moderate_independent,156,no_hedge,1,0.1976995953580314,1.4426184182059671,3.3428860362832893,0.3112938877229298,0,0,2,0
moderate_independent,156,fixed_250ms,1,0.1952630001250526,0.4246509540019616,0.5800940561727828,0.24773298026743404,0.280625,0.289532293986637,2,0.280625
moderate_independent,156,fixed_500ms,1,0.19474300375681253,0.5863177572726528,0.8141095375165577,0.2446904718374169,0.06125,0.7857142857142857,2,0.06125
moderate_independent,156,queue_capped_250ms,1,0.1952630001250526,0.4246509540019616,0.5800940561727828,0.24773298026743404,0.280625,0.289532293986637,2,0.280625
moderate_independent,157,no_hedge,1,0.19574951955034692,1.3256386846323363,3.383820911199642,0.31766101990476675,0,0,2,0
moderate_independent,157,fixed_250ms,1,0.19481954087329,0.44163781775132094,0.6293023330571756,0.2598817158284662,0.291875,0.284796573875803,2,0.29125
moderate_independent,157,fixed_500ms,1,0.19510846529531278,0.6372990497867264,0.8339902839191922,0.259831543362663,0.07125,0.7368421052631579,2,0.07125
moderate_independent,157,queue_capped_250ms,1,0.19481954087329,0.44163781775132094,0.6293023330571756,0.2598817158284662,0.291875,0.284796573875803,2,0.29125
moderate_independent,158,no_hedge,1,0.19521550155281675,1.6430457330202657,3.707201651995483,0.3251333139927053,0,0,2,0
moderate_independent,158,fixed_250ms,1,0.19321050508932558,0.4340094217534096,0.5399059010402567,0.24095629589441508,0.27,0.2916666666666667,2,0.269375
moderate_independent,158,fixed_500ms,1,0.19305932771681,0.62819578495683,0.7899059010403846,0.24174129262596536,0.068125,0.8165137614678899,2,0.068125
moderate_independent,158,queue_capped_250ms,1,0.19321050508932558,0.4340094217534096,0.5399059010402567,0.24095629589441508,0.27,0.2916666666666667,2,0.269375
moderate_independent,159,no_hedge,1,0.19456313742605857,1.3231661147533913,3.4939966743545767,0.31829361441145493,0,0,2,0
moderate_independent,159,fixed_250ms,1,0.19318998307858237,0.4265805644863221,0.6008691453543378,0.2485736603042334,0.2875,0.2847826086956522,2,0.2875
moderate_independent,159,fixed_500ms,1,0.1930939203221982,0.6018552376389437,0.7570874088095749,0.2447169765387494,0.06625,0.7358490566037735,2,0.06625
moderate_independent,159,queue_capped_250ms,1,0.19318998307858237,0.4265805644863221,0.6008691453543378,0.2485736603042334,0.2875,0.2847826086956522,2,0.2875
moderate_independent,160,no_hedge,1,0.18964472556372414,1.5130432189177383,3.302074038938713,0.32208439308002823,0,0,2,0
moderate_independent,160,fixed_250ms,1,0.1886185017532256,0.4234174641903863,0.5293717436008905,0.24532384617969327,0.2625,0.31666666666666665,2,0.2625
moderate_independent,160,fixed_500ms,1,0.18834418238849082,0.596705075044909,0.7717290661770582,0.24499368810470323,0.06625,0.7264150943396226,2,0.06625
moderate_independent,160,queue_capped_250ms,1,0.1886185017532256,0.4234174641903863,0.5293717436008905,0.24532384617969327,0.2625,0.31666666666666665,2,0.2625
moderate_independent,161,no_hedge,1,0.19254864795536264,1.147869331133169,3.1294045464707096,0.30534696876924794,0,0,2,0
moderate_independent,161,fixed_250ms,1,0.19173232094939863,0.40948531516144726,0.5269834144030767,0.2363711835485395,0.2875,0.26304347826086955,2,0.2875
moderate_independent,161,fixed_500ms,1,0.19036670637510866,0.6034797682121535,0.7698561303241434,0.23573465095970444,0.06,0.8229166666666666,2,0.06
moderate_independent,161,queue_capped_250ms,1,0.19173232094939863,0.40948531516144726,0.5269834144030767,0.2363711835485395,0.2875,0.26304347826086955,2,0.2875
moderate_independent,162,no_hedge,0.999375,0.19054349520916958,1.493478886085228,3.212032654564169,0.3176113844112327,0,0,2,0
moderate_independent,162,fixed_250ms,1,0.18869437133432854,0.4021868812527174,0.516838874798637,0.2368088015984613,0.266875,0.2997658079625293,2,0.266875
moderate_independent,162,fixed_500ms,1,0.18819817600444377,0.5768954272186306,0.7559140799142225,0.2358805113739967,0.055625,0.898876404494382,2,0.055625
moderate_independent,162,queue_capped_250ms,1,0.18869437133432854,0.4021868812527174,0.516838874798637,0.2368088015984613,0.266875,0.2997658079625293,2,0.266875
moderate_independent,163,no_hedge,1,0.19242038561134223,0.6337224503479746,3.161443434332668,0.30744670562700926,0,0,2,0
moderate_independent,163,fixed_250ms,1,0.19242038561134223,0.4147790591743572,0.5717832720748106,0.24126834118487245,0.2775,0.2702702702702703,2,0.276875
moderate_independent,163,fixed_500ms,1,0.1917070224735724,0.5665966271040652,0.785516239874525,0.23909273335704817,0.0575,0.7717391304347826,2,0.056875
moderate_independent,163,queue_capped_250ms,1,0.19242038561134223,0.4147790591743572,0.5717832720748106,0.24126834118487245,0.2775,0.2702702702702703,2,0.276875
moderate_independent,164,no_hedge,1,0.19115661328029887,1.2667538440135075,2.9503072193526805,0.307546284298132,0,0,2,0
moderate_independent,164,fixed_250ms,1,0.19090258156504092,0.41689278113716544,0.569705311123542,0.24272293814941762,0.2575,0.3106796116504854,2,0.256875
moderate_independent,164,fixed_500ms,1,0.19032469921293682,0.6019786795301485,0.8197053111234922,0.2427688089152024,0.0575,0.8369565217391305,2,0.056875
moderate_independent,164,queue_capped_250ms,1,0.19090258156504092,0.41689278113716544,0.569705311123542,0.24272293814941762,0.2575,0.3106796116504854,2,0.256875
moderate_independent,165,no_hedge,1,0.19106186321856455,1.7171407600006958,3.2250407168634183,0.30463121173365065,0,0,3,0
moderate_independent,165,fixed_250ms,1,0.18825369750778975,0.408320874172702,0.5628499283058375,0.2375080046752172,0.2575,0.28398058252427183,2,0.2575
moderate_independent,165,fixed_500ms,1,0.18825369750778975,0.5768513185481225,0.8152792318451745,0.23688441436530588,0.055625,0.8314606741573034,2,0.055625
moderate_independent,165,queue_capped_250ms,1,0.18825369750778975,0.408320874172702,0.5628499283058375,0.2375080046752172,0.2575,0.28398058252427183,2,0.2575
moderate_independent,166,no_hedge,1,0.19175689087653325,1.7317043563630392,3.4491265713097015,0.3209335804895902,0,0,2,0
moderate_independent,166,fixed_250ms,1,0.18974866506362975,0.4235736574910405,0.5524270296677685,0.23730888383759707,0.26,0.28125,2,0.26
moderate_independent,166,fixed_500ms,1,0.18974866506362975,0.6126849059631443,0.8024270296678964,0.238372204902414,0.0625,0.82,2,0.061875
moderate_independent,166,queue_capped_250ms,1,0.18974866506362975,0.4235736574910405,0.5524270296677685,0.23730888383759707,0.26,0.28125,2,0.26
moderate_independent,167,no_hedge,1,0.19593145135729628,1.5169151782233712,3.5465051875444615,0.3149327050532267,0,0,3,0
moderate_independent,167,fixed_250ms,1,0.19133957927303413,0.4168315483996139,0.5775865510666165,0.2424396472326353,0.2775,0.2725225225225225,2,0.276875
moderate_independent,167,fixed_500ms,1,0.1904510339836385,0.5794872174373751,0.8129287284384361,0.2404873913631441,0.06,0.8229166666666666,2,0.06
moderate_independent,167,queue_capped_250ms,1,0.19133957927303413,0.4168315483996139,0.5775865510666165,0.2424396472326353,0.2775,0.2725225225225225,2,0.276875
moderate_independent,168,no_hedge,1,0.19372710888833922,1.4963719904386243,3.635451825841784,0.3209441332948644,0,0,2,0
moderate_independent,168,fixed_250ms,1,0.1925277914020569,0.42241769820344643,0.521268251428026,0.2406018423603677,0.27875,0.2914798206278027,2,0.27875
moderate_independent,168,fixed_500ms,1,0.1918360995995556,0.6153270163515998,0.7773331111515915,0.2399034891601472,0.0675,0.7870370370370371,2,0.0675
moderate_independent,168,queue_capped_250ms,1,0.1925277914020569,0.42241769820344643,0.521268251428026,0.2406018423603677,0.27875,0.2914798206278027,2,0.27875
moderate_independent,169,no_hedge,1,0.1910759802298969,0.6385160277857835,3.5691149416558403,0.307143990296853,0,0,2,0
moderate_independent,169,fixed_250ms,1,0.18995281115233809,0.423364200567228,0.531544348905733,0.24066069830985,0.26625,0.27230046948356806,2,0.26625
moderate_independent,169,fixed_500ms,1,0.19030905101779183,0.5512727334782586,0.761565344042836,0.23810360808314304,0.056875,0.7362637362637363,2,0.056875
moderate_independent,169,queue_capped_250ms,1,0.18995281115233809,0.423364200567228,0.531544348905733,0.24066069830985,0.26625,0.27230046948356806,2,0.26625
moderate_independent,170,no_hedge,1,0.19600823751341068,1.538770623751418,3.491726753642766,0.32549487076323863,0,0,2,0
moderate_independent,170,fixed_250ms,1,0.19304132602724167,0.4305976915385372,0.6080760707883854,0.24674258377197625,0.288125,0.3036876355748373,2,0.288125
moderate_independent,170,fixed_500ms,1,0.1922442101955255,0.5993082499520597,0.8580760707885133,0.24523434788267973,0.06125,0.826530612244898,2,0.06125
moderate_independent,170,queue_capped_250ms,1,0.19304132602724167,0.4305976915385372,0.6080760707883854,0.24674258377197625,0.288125,0.3036876355748373,2,0.288125
moderate_independent,171,no_hedge,1,0.19638008640542282,1.7950865213152412,3.371954895060739,0.323192252913098,0,0,3,0
moderate_independent,171,fixed_250ms,1,0.19336286728737662,0.4268591013974685,0.5888561832793044,0.24297055606408485,0.284375,0.29010989010989013,2,0.284375
moderate_independent,171,fixed_500ms,1,0.1935384067076953,0.6273108033439101,0.8179459266606308,0.24284539186583648,0.0675,0.8425925925925926,2,0.0675
moderate_independent,171,queue_capped_250ms,1,0.19336286728737662,0.4268591013974685,0.5888561832793044,0.24297055606408485,0.284375,0.29010989010989013,2,0.284375
moderate_independent,172,no_hedge,1,0.19731340538058362,1.6680669552052763,3.6195250379207735,0.3275575207768769,0,0,2,0
moderate_independent,172,fixed_250ms,1,0.19525954067797358,0.4358705601243713,0.6268918421188943,0.25199505090887026,0.2875,0.30869565217391304,2,0.2875
moderate_independent,172,fixed_500ms,1,0.19569573992491485,0.6402500449381421,0.9197010572372193,0.25235226118120585,0.07125,0.7456140350877193,3,0.07125
moderate_independent,172,queue_capped_250ms,1,0.19525954067797358,0.4358705601243713,0.6268918421188943,0.25199505090887026,0.2875,0.30869565217391304,2,0.2875
moderate_independent,173,no_hedge,1,0.1941088275789915,1.3402669199377257,3.6367033498384984,0.32862583325434164,0,0,2,0
moderate_independent,173,fixed_250ms,1,0.19233176636634397,0.4173493353101918,0.558923786659733,0.24443436714740066,0.285625,0.26695842450765866,2,0.285625
moderate_independent,173,fixed_500ms,1,0.19211005935444803,0.6028231034582916,0.7945227496189773,0.24159227688519885,0.060625,0.7835051546391752,2,0.060625
moderate_independent,173,queue_capped_250ms,1,0.19233176636634397,0.4173493353101918,0.558923786659733,0.24443436714740066,0.285625,0.26695842450765866,2,0.285625
moderate_independent,174,no_hedge,1,0.19555529605376876,1.8671331664827306,3.654029745240848,0.3274553620352099,0,0,3,0
moderate_independent,174,fixed_250ms,1,0.1920855384591249,0.4244821717780809,0.572920433737039,0.23990739433530067,0.27125,0.3064516129032258,2,0.270625
moderate_independent,174,fixed_500ms,1,0.19168335984547014,0.6063201693383942,0.822920433737167,0.24077493829562335,0.066875,0.8317757009345794,2,0.066875
moderate_independent,174,queue_capped_250ms,1,0.1920855384591249,0.4244821717780809,0.572920433737039,0.23990739433530067,0.27125,0.3064516129032258,2,0.270625
moderate_independent,175,no_hedge,1,0.18918361523060412,1.0339405981089627,3.1634105899204883,0.3013546146314349,0,0,2,0
moderate_independent,175,fixed_250ms,1,0.18856961342993372,0.41634110982697337,0.5505254030990905,0.23661443970173499,0.275625,0.29931972789115646,2,0.275
moderate_independent,175,fixed_500ms,1,0.18856961342993372,0.5888183110952809,0.7576344112562907,0.2358112894361712,0.061875,0.8181818181818182,2,0.061875
moderate_independent,175,queue_capped_250ms,1,0.18856961342993372,0.41634110982697337,0.5505254030990905,0.23661443970173499,0.275625,0.29931972789115646,2,0.275
moderate_independent,176,no_hedge,1,0.19584828349395167,1.4126923405526952,3.4198479236807486,0.3131671163025118,0,0,2,0
moderate_independent,176,fixed_250ms,1,0.19458464610406656,0.4147536899606621,0.5232447658280819,0.24724881941231622,0.28375,0.2599118942731278,2,0.28375
moderate_independent,176,fixed_500ms,1,0.19458464610406656,0.5898256102254109,0.7680041506889665,0.24450421545863704,0.06,0.7604166666666666,2,0.06
moderate_independent,176,queue_capped_250ms,1,0.19458464610406656,0.4147536899606621,0.5232447658280819,0.24724881941231622,0.28375,0.2599118942731278,2,0.28375
moderate_independent,177,no_hedge,0.999375,0.1972950249850527,2.046070997582518,3.605256349300035,0.35441546458812184,0,0,2,0
moderate_independent,177,fixed_250ms,1,0.19359854824557488,0.4326809620927463,0.5765678159067562,0.24921635985506227,0.285625,0.32166301969365424,2,0.285625
moderate_independent,177,fixed_500ms,1,0.19353279708271032,0.6305898849611253,0.8323333970064368,0.25177747023224956,0.079375,0.8031496062992126,2,0.079375
moderate_independent,177,queue_capped_250ms,1,0.19359854824557488,0.4326809620927463,0.5765678159067562,0.24921635985506227,0.285625,0.32166301969365424,2,0.285625
moderate_independent,178,no_hedge,1,0.19370117545336996,1.6303110999377282,3.282189663451941,0.32557016191582105,0,0,2,0
moderate_independent,178,fixed_250ms,1,0.191834235375282,0.4156461640859419,0.5579366473580549,0.24108093946071782,0.280625,0.2873051224944321,2,0.280625
moderate_independent,178,fixed_500ms,1,0.19071028763335107,0.589253016553041,0.7807880904187243,0.24088500406838206,0.061875,0.8585858585858586,2,0.061875
moderate_independent,178,queue_capped_250ms,1,0.191834235375282,0.4156461640859419,0.5579366473580549,0.24108093946071782,0.280625,0.2873051224944321,2,0.280625
moderate_independent,179,no_hedge,1,0.19510664507336628,1.3952467811083693,3.7089082665595186,0.32300317436924125,0,0,2,0
moderate_independent,179,fixed_250ms,1,0.19336185797359207,0.4059951793435559,0.5379410885043434,0.2406864271953432,0.274375,0.26651480637813213,2,0.274375
moderate_independent,179,fixed_500ms,1,0.1938336208325211,0.5974634545785733,0.7905846307097093,0.24150821744812886,0.061875,0.8686868686868687,2,0.061875
moderate_independent,179,queue_capped_250ms,1,0.19336185797359207,0.4059951793435559,0.5379410885043434,0.2406864271953432,0.274375,0.26651480637813213,2,0.274375
moderate_independent,180,no_hedge,0.99875,0.1984673452685044,1.6979124230438458,3.5140896330802462,0.33531362990128705,0,0,2,0
moderate_independent,180,fixed_250ms,1,0.19572545405912933,0.4198369813915743,0.5301897184088915,0.24919989876198986,0.295,0.288135593220339,2,0.294375
moderate_independent,180,fixed_500ms,1,0.19561146180052447,0.624421696836535,0.7785167283423391,0.24862936074418607,0.068125,0.8440366972477065,2,0.0675
moderate_independent,180,queue_capped_250ms,1,0.19572545405912933,0.4198369813915743,0.5301897184088915,0.24919989876198986,0.295,0.288135593220339,2,0.294375
moderate_independent,181,no_hedge,0.999375,0.19940657097802728,1.8634204018889164,3.6449760534207467,0.35174726287046587,0,0,2,0
moderate_independent,181,fixed_250ms,1,0.1963243313111036,0.428563929416228,0.5992211464103088,0.25465562083969917,0.28,0.31026785714285715,2,0.28
moderate_independent,181,fixed_500ms,1,0.19656957872030212,0.632900533695973,0.8229974456845355,0.2552122502711473,0.074375,0.7899159663865546,2,0.074375
moderate_independent,181,queue_capped_250ms,1,0.1963243313111036,0.428563929416228,0.5992211464103088,0.25465562083969917,0.28,0.31026785714285715,2,0.28
moderate_independent,182,no_hedge,1,0.18948713614918233,1.3228115787573316,3.730124989572346,0.319877590429331,0,0,2,0
moderate_independent,182,fixed_250ms,1,0.18922597096822358,0.41990807325799295,0.5444786883424655,0.24047918507776633,0.2725,0.32798165137614677,2,0.2725
moderate_independent,182,fixed_500ms,1,0.1884952363530843,0.6042157975162183,0.7856059504354054,0.24114523760400225,0.0675,0.7685185185185185,2,0.0675
moderate_independent,182,queue_capped_250ms,1,0.18922597096822358,0.41990807325799295,0.5444786883424655,0.24047918507776633,0.2725,0.32798165137614677,2,0.2725
moderate_independent,183,no_hedge,1,0.2078448386558307,2.177895101042921,3.713167916609507,0.3318579800856587,0,0,3,0
moderate_independent,183,fixed_250ms,1,0.19863917797572128,0.41922852223927976,0.5495484604878627,0.24987107969453018,0.304375,0.26283367556468173,2,0.304375
moderate_independent,183,fixed_500ms,1,0.19846917788209417,0.6184156409636756,0.79422957228374,0.2498774557163533,0.0675,0.8333333333333334,2,0.0675
moderate_independent,183,queue_capped_250ms,1,0.19863917797572128,0.41922852223927976,0.5495484604878627,0.24987107969453018,0.304375,0.26283367556468173,2,0.304375
moderate_independent,184,no_hedge,1,0.19461843737675366,1.5770887511970884,3.417263484355793,0.32333736990155565,0,0,2,0
moderate_independent,184,fixed_250ms,1,0.19375969436066143,0.4203342044669398,0.5446967510188188,0.2505217942683075,0.278125,0.29213483146067415,2,0.278125
moderate_independent,184,fixed_500ms,1,0.19316912549034626,0.5942225929769052,0.7937565873910444,0.24933019634397463,0.061875,0.7777777777777778,2,0.061875
moderate_independent,184,queue_capped_250ms,1,0.19375969436066143,0.4203342044669398,0.5446967510188188,0.2505217942683075,0.278125,0.29213483146067415,2,0.278125
moderate_independent,185,no_hedge,1,0.19496675687625498,1.6511509987873083,3.6708815669486796,0.32452442022033295,0,0,3,0
moderate_independent,185,fixed_250ms,1,0.19141718746052305,0.4214709783508681,0.579544699038749,0.24861438434840138,0.285625,0.29540481400437635,2,0.285625
moderate_independent,185,fixed_500ms,1,0.19144468406288695,0.5977931173672602,0.8078876177974068,0.24638552407319092,0.068125,0.7431192660550459,2,0.068125
moderate_independent,185,queue_capped_250ms,1,0.19141718746052305,0.4214709783508681,0.579544699038749,0.24861438434840138,0.285625,0.29540481400437635,2,0.285625
moderate_independent,186,no_hedge,1,0.200064958114325,2.124185204835996,3.7164734665469865,0.350633668738304,0,0,3,0
moderate_independent,186,fixed_250ms,1,0.19381644572668932,0.4274073266939169,0.5739383776699754,0.2566599766369955,0.275,0.3340909090909091,2,0.275
moderate_independent,186,fixed_500ms,1,0.19354117803237614,0.6303147299247911,0.8173824325910743,0.2573745082190851,0.079375,0.7322834645669292,2,0.079375
moderate_independent,186,queue_capped_250ms,1,0.19381644572668932,0.4274073266939169,0.5739383776699754,0.2566599766369955,0.275,0.3340909090909091,2,0.275
moderate_independent,187,no_hedge,0.99875,0.1939504304772015,1.6721124386455983,4.313647984034283,0.3322714184951698,0,0,2,0
moderate_independent,187,fixed_250ms,1,0.19003045213118952,0.4209984772750346,0.5650190384423794,0.24313614806463935,0.27,0.31712962962962965,2,0.269375
moderate_independent,187,fixed_500ms,1,0.189407356120185,0.6158841123323668,0.8035488678235003,0.24454466397873845,0.065,0.8173076923076923,2,0.065
moderate_independent,187,queue_capped_250ms,1,0.19003045213118952,0.4209984772750346,0.5650190384423794,0.24313614806463935,0.27,0.31712962962962965,2,0.269375
moderate_independent,188,no_hedge,1,0.19472861866502633,1.2972434976550886,3.272105801777826,0.30415552193199064,0,0,2,0
moderate_independent,188,fixed_250ms,1,0.19190549853983896,0.41205789802954484,0.530369603880132,0.23474997613084156,0.279375,0.2550335570469799,2,0.279375
moderate_independent,188,fixed_500ms,1,0.1927829764009168,0.5724540010278503,0.7693831454972866,0.23259606059045054,0.055,0.8295454545454546,2,0.055
moderate_independent,188,queue_capped_250ms,1,0.19190549853983896,0.41205789802954484,0.530369603880132,0.23474997613084156,0.279375,0.2550335570469799,2,0.279375
moderate_independent,189,no_hedge,1,0.1984185527110398,1.660159875371349,3.31988907956228,0.3184114826688161,0,0,2,0
moderate_independent,189,fixed_250ms,1,0.19504819018920116,0.41918501856063983,0.5770342372080179,0.24561258995741947,0.278125,0.29213483146067415,2,0.278125
moderate_independent,189,fixed_500ms,1,0.19504819018920116,0.6104316944128243,0.8349659703667709,0.24514975458127278,0.06375,0.7745098039215687,2,0.06375
moderate_independent,189,queue_capped_250ms,1,0.19504819018920116,0.41918501856063983,0.5770342372080179,0.24561258995741947,0.278125,0.29213483146067415,2,0.278125
moderate_independent,190,no_hedge,1,0.19759545180896199,1.9655693310393758,3.7837020706387214,0.3474900640538634,0,0,2,0
moderate_independent,190,fixed_250ms,1,0.19391390684016585,0.4264390294608873,0.5290514007448621,0.2457736258764061,0.290625,0.3096774193548387,2,0.290625
moderate_independent,190,fixed_500ms,1,0.19391390684016585,0.6300657713543103,0.7685406195877391,0.2457827086595731,0.070625,0.8495575221238938,2,0.070625
moderate_independent,190,queue_capped_250ms,1,0.19391390684016585,0.4264390294608873,0.5290514007448621,0.2457736258764061,0.290625,0.3096774193548387,2,0.290625
moderate_independent,191,no_hedge,1,0.193893639933151,1.8135003332083888,3.1996795797322903,0.32919751550037435,0,0,3,0
moderate_independent,191,fixed_250ms,1,0.19336167644937063,0.4545434806477573,0.6760532075298471,0.2512964414677777,0.280625,0.3051224944320713,3,0.280625
moderate_independent,191,fixed_500ms,1,0.19189488940831723,0.6326727860873831,0.8200821195744439,0.24904194869852067,0.075625,0.7933884297520661,2,0.075625
moderate_independent,191,queue_capped_250ms,1,0.19306541385093112,0.4544951676998892,0.6760532075298471,0.25098196993966915,0.275,0.3090909090909091,3,0.275
moderate_independent,192,no_hedge,1,0.19399146717719873,1.0231716501487966,3.6333649179334344,0.30694034957481026,0,0,2,0
moderate_independent,192,fixed_250ms,1,0.19280867951719927,0.4061762393700459,0.5600879500895033,0.2412481557186471,0.27875,0.2600896860986547,2,0.278125
moderate_independent,192,fixed_500ms,1,0.19249975723060686,0.5691991970146404,0.7838943501036653,0.23805907093671494,0.05375,0.8372093023255814,2,0.05375
moderate_independent,192,queue_capped_250ms,1,0.19280867951719927,0.4061762393700459,0.5600879500895033,0.2412481557186471,0.27875,0.2600896860986547,2,0.278125
moderate_independent,193,no_hedge,1,0.19196624523260652,1.1476887717831445,3.5814132627282618,0.3018427220746889,0,0,2,0
moderate_independent,193,fixed_250ms,1,0.1914672255779628,0.41005200564306676,0.5259580349430735,0.23997397742033807,0.2775,0.27702702702702703,2,0.2775
moderate_independent,193,fixed_500ms,1,0.1911218154108809,0.5736522717736818,0.76521363888763,0.23734056353373476,0.059375,0.7473684210526316,2,0.059375
moderate_independent,193,queue_capped_250ms,1,0.1914672255779628,0.41005200564306676,0.5259580349430735,0.23997397742033807,0.2775,0.27702702702702703,2,0.2775
moderate_independent,194,no_hedge,1,0.1956923663488226,1.6774765460775072,3.14309423352114,0.33024710123829093,0,0,2,0
moderate_independent,194,fixed_250ms,1,0.19461655573711312,0.4271911031859901,0.5292294804586675,0.24532962634342625,0.286875,0.31808278867102396,2,0.286875
moderate_independent,194,fixed_500ms,1,0.19402046539962559,0.6069626043541776,0.7520759994921029,0.2433907067945953,0.065625,0.8476190476190476,2,0.065625
moderate_independent,194,queue_capped_250ms,1,0.19461655573711312,0.4271911031859901,0.5292294804586675,0.24532962634342625,0.286875,0.31808278867102396,2,0.286875
moderate_independent,195,no_hedge,1,0.19187297224229383,1.6842692018459076,3.167231350538053,0.31813112252322456,0,0,2,0
moderate_independent,195,fixed_250ms,1,0.19021786142148756,0.4103997090503171,0.5553999582423472,0.24313531903742078,0.27125,0.31336405529953915,2,0.27125
moderate_independent,195,fixed_500ms,1,0.18976675139552412,0.6172497690320426,0.8250680622633695,0.24450476295738302,0.065625,0.819047619047619,2,0.065625
moderate_independent,195,queue_capped_250ms,1,0.19021786142148756,0.4103997090503171,0.5553999582423472,0.24313531903742078,0.27125,0.31336405529953915,2,0.27125
moderate_independent,196,no_hedge,1,0.19688454537029543,1.9277776777418012,3.5674064998885626,0.3343561006403123,0,0,3,0
moderate_independent,196,fixed_250ms,1,0.19491400260187675,0.4284557447449089,0.5327191193896148,0.24644238236101526,0.295625,0.28964059196617337,2,0.295625
moderate_independent,196,fixed_500ms,1,0.194503410964046,0.6154620959172092,0.76772962346773,0.24561965870671074,0.065625,0.8476190476190476,2,0.065625
moderate_independent,196,queue_capped_250ms,1,0.19491400260187675,0.4284557447449089,0.5327191193896148,0.24644238236101526,0.295625,0.28964059196617337,2,0.295625
moderate_independent,197,no_hedge,1,0.18865223820567678,1.6261927405647931,3.32777088213178,0.3135304948772281,0,0,2,0
moderate_independent,197,fixed_250ms,1,0.18693461342091666,0.4126870989590401,0.5454041551388009,0.23555802538710324,0.258125,0.31234866828087166,2,0.258125
moderate_independent,197,fixed_500ms,1,0.18704329375242423,0.5993695037048319,0.7744810709929126,0.23615112124128423,0.0625,0.82,2,0.0625
moderate_independent,197,queue_capped_250ms,1,0.18693461342091666,0.4126870989590401,0.5454041551388009,0.23555802538710324,0.258125,0.31234866828087166,2,0.258125
moderate_independent,198,no_hedge,1,0.1966245639124935,1.5677498363045892,3.3752809437681464,0.31870352202105834,0,0,3,0
moderate_independent,198,fixed_250ms,1,0.19339090838680306,0.42317003781434437,0.5324188240340355,0.2475791349306386,0.288125,0.27765726681127983,2,0.288125
moderate_independent,198,fixed_500ms,1,0.19304922966107796,0.6145738950577169,0.8082056724084694,0.24858065109077773,0.06625,0.839622641509434,2,0.06625
moderate_independent,198,queue_capped_250ms,1,0.19339090838680306,0.42317003781434437,0.5324188240340355,0.2475791349306386,0.288125,0.27765726681127983,2,0.288125
moderate_independent,199,no_hedge,1,0.19581967302694636,1.6947987464731824,3.6325430864557138,0.3299946958834361,0,0,2,0
moderate_independent,199,fixed_250ms,1,0.1942832590026029,0.4237490563802737,0.5142358680856063,0.2448314387401791,0.28875,0.29004329004329005,2,0.28875
moderate_independent,199,fixed_500ms,1,0.19383685637693304,0.6155678837262002,0.7580412448455576,0.24519204244731124,0.07375,0.7542372881355932,2,0.07375
moderate_independent,199,queue_capped_250ms,1,0.1942832590026029,0.4237490563802737,0.5142358680856063,0.2448314387401791,0.28875,0.29004329004329005,2,0.28875
moderate_independent,200,no_hedge,1,0.19439436919572017,1.5527766484373657,3.012179545779233,0.30948623465397795,0,0,2,0
moderate_independent,200,fixed_250ms,1,0.19326847895871424,0.4216856297446796,0.5690367336875966,0.24363435414143356,0.256875,0.2822384428223844,2,0.256875
moderate_independent,200,fixed_500ms,1,0.19245640961564892,0.6008417310881669,0.8032158568816801,0.24149580241278965,0.05875,0.8085106382978723,2,0.05875
moderate_independent,200,queue_capped_250ms,1,0.19326847895871424,0.4216856297446796,0.5690367336875966,0.24363435414143356,0.256875,0.2822384428223844,2,0.256875
moderate_independent,201,no_hedge,1,0.19429545660653247,1.1923667312710577,3.390113855280255,0.3101537768000311,0,0,2,0
moderate_independent,201,fixed_250ms,1,0.19396818176215902,0.42288001989345503,0.6059369753293566,0.25351777002102877,0.288125,0.27114967462039047,2,0.288125
moderate_independent,201,fixed_500ms,1,0.19379347604593988,0.5947492048818575,0.8689600170688436,0.249652908582903,0.06125,0.7755102040816326,2,0.06125
moderate_independent,201,queue_capped_250ms,1,0.19396818176215902,0.42288001989345503,0.6059369753293566,0.25351777002102877,0.288125,0.27114967462039047,2,0.288125
moderate_independent,202,no_hedge,1,0.19954337204022465,1.670450159792722,3.664282260006388,0.3147218327845949,0,0,4,0
moderate_independent,202,fixed_250ms,1,0.19483180576821724,0.42835957458942175,0.599073600481228,0.2436049310516977,0.28125,0.2822222222222222,3,0.28125
moderate_independent,202,fixed_500ms,1,0.19483180576821724,0.6005905172013257,0.8519968716705506,0.24155792918733116,0.068125,0.6880733944954128,3,0.068125
moderate_independent,202,queue_capped_250ms,1,0.1947558770086153,0.42785543770378354,0.599073600481228,0.24359778518098907,0.278125,0.2898876404494382,2,0.278125
moderate_independent,203,no_hedge,1,0.19056413874194877,1.5088926799699323,3.4880165670323464,0.3135311747595188,0,0,2,0
moderate_independent,203,fixed_250ms,1,0.18956805757500916,0.40867951917245193,0.5438394031050677,0.23636088853739876,0.266875,0.27400468384074944,2,0.266875
moderate_independent,203,fixed_500ms,1,0.18947351754603403,0.5951589720754669,0.7544003091630742,0.23508722247260466,0.06,0.8020833333333334,2,0.06
moderate_independent,203,queue_capped_250ms,1,0.18956805757500916,0.40867951917245193,0.5438394031050677,0.23636088853739876,0.266875,0.27400468384074944,2,0.266875
moderate_independent,204,no_hedge,1,0.18901856507574166,1.3754884328652457,3.154225335200408,0.30799197338332146,0,0,2,0
moderate_independent,204,fixed_250ms,1,0.186944255704816,0.42221619565178514,0.5356999082929406,0.2344341800021186,0.254375,0.2972972972972973,2,0.254375
moderate_independent,204,fixed_500ms,1,0.18810310944517994,0.588117164383732,0.7607566438944389,0.23524978747371758,0.063125,0.7722772277227723,2,0.063125
moderate_independent,204,queue_capped_250ms,1,0.186944255704816,0.42221619565178514,0.5356999082929406,0.2344341800021186,0.254375,0.2972972972972973,2,0.254375
moderate_independent,205,no_hedge,1,0.18633526129056577,1.4664588801393847,3.1031218448605102,0.3083278318850763,0,0,2,0
moderate_independent,205,fixed_250ms,1,0.1853253913507915,0.4189181616965527,0.56579627166838,0.24148819437686822,0.255625,0.30073349633251834,2,0.255625
moderate_independent,205,fixed_500ms,1,0.1840949825005822,0.6141364053661817,0.8031430373046291,0.2409492460976555,0.065625,0.7619047619047619,2,0.065625
moderate_independent,205,queue_capped_250ms,1,0.1853253913507915,0.4189181616965527,0.56579627166838,0.24148819437686822,0.255625,0.30073349633251834,2,0.255625
moderate_independent,206,no_hedge,1,0.1896964569755255,1.2941790865786729,3.239543351255662,0.30436740057441336,0,0,2,0
moderate_independent,206,fixed_250ms,1,0.187647010057443,0.42899929157158123,0.6134384023010773,0.2456303315144833,0.275,0.2772727272727273,2,0.275
moderate_independent,206,fixed_500ms,1,0.1882799624209497,0.605491716282927,0.8228591708188304,0.24444447694518612,0.0675,0.7314814814814815,2,0.0675
moderate_independent,206,queue_capped_250ms,1,0.187647010057443,0.42899929157158123,0.6134384023010773,0.2456303315144833,0.275,0.2772727272727273,2,0.275
moderate_independent,207,no_hedge,1,0.19678350054142868,1.2143023247118734,2.9104667900999175,0.30477679064672936,0,0,2,0
moderate_independent,207,fixed_250ms,1,0.19496416798243388,0.4208064134505989,0.5378699984114164,0.24344580325827447,0.289375,0.2570194384449244,2,0.289375
moderate_independent,207,fixed_500ms,1,0.19533518783685366,0.5910114455174735,0.756740036222638,0.24078548001243605,0.059375,0.8421052631578947,2,0.059375
moderate_independent,207,queue_capped_250ms,1,0.19496416798243388,0.4208064134505989,0.5378699984114164,0.24344580325827447,0.289375,0.2570194384449244,2,0.289375
moderate_independent,208,no_hedge,1,0.2024374750302087,1.7142692723682842,3.3388166074020447,0.32140182249419263,0,0,3,0
moderate_independent,208,fixed_250ms,1,0.1958467671059907,0.42306018917875576,0.5521698899371756,0.24655705437529638,0.300625,0.288981288981289,2,0.300625
moderate_independent,208,fixed_500ms,1,0.1943281498479621,0.6104508524356618,0.7953807834281577,0.24521693189750798,0.06625,0.8018867924528302,2,0.06625
moderate_independent,208,queue_capped_250ms,1,0.1958467671059907,0.42306018917875576,0.5521698899371756,0.24655705437529638,0.300625,0.288981288981289,2,0.300625
moderate_independent,209,no_hedge,0.99875,0.1920207068092452,1.2869938480923295,3.2824404302578145,0.30950696158010566,0,0,2,0
moderate_independent,209,fixed_250ms,1,0.18992732649461708,0.4132096392038136,0.561546746475269,0.23929373697403378,0.271875,0.28735632183908044,2,0.27125
moderate_independent,209,fixed_500ms,1,0.18973490150156636,0.5806462910288275,0.7756101644797297,0.23803847043281842,0.05625,0.8555555555555555,2,0.05625
moderate_independent,209,queue_capped_250ms,1,0.18992732649461708,0.4132096392038136,0.561546746475269,0.23929373697403378,0.271875,0.28735632183908044,2,0.27125
moderate_independent,210,no_hedge,1,0.19455352475012688,1.0845855532425333,3.0546369307052714,0.2985389184120971,0,0,2,0
moderate_independent,210,fixed_250ms,1,0.1930532534828444,0.41686020166636695,0.528439887890741,0.23692556366858908,0.268125,0.28438228438228436,2,0.2675
moderate_independent,210,fixed_500ms,1,0.19257415141980516,0.5867654641579776,0.7668754526854258,0.2354419990339797,0.05625,0.8111111111111111,2,0.05625
moderate_independent,210,queue_capped_250ms,1,0.1930532534828444,0.41686020166636695,0.528439887890741,0.23692556366858908,0.268125,0.28438228438228436,2,0.2675
moderate_independent,211,no_hedge,1,0.19345203693076485,1.3361824229653365,3.0876106821079716,0.29702716609568963,0,0,3,0
moderate_independent,211,fixed_250ms,1,0.19122540136452315,0.4010635105728113,0.5047370012889374,0.2356955906549107,0.28625,0.2445414847161572,2,0.285625
moderate_independent,211,fixed_500ms,1,0.1906966088240054,0.5434330467267543,0.7385191651400191,0.23310106311291331,0.053125,0.8235294117647058,2,0.053125
moderate_independent,211,queue_capped_250ms,1,0.19122540136452315,0.4010635105728113,0.5047370012889374,0.2356955906549107,0.28625,0.2445414847161572,2,0.285625
moderate_independent,212,no_hedge,1,0.1977377441123167,1.4662155850577498,3.4280019784220457,0.3107190566238943,0,0,3,0
moderate_independent,212,fixed_250ms,1,0.19325795610455643,0.43419509511440424,0.5815864958248653,0.24970079683550447,0.293125,0.279317697228145,2,0.293125
moderate_independent,212,fixed_500ms,1,0.19320207600207162,0.612975578360647,0.7779318702342621,0.24739735415355937,0.065625,0.7619047619047619,2,0.065625
moderate_independent,212,queue_capped_250ms,1,0.19325795610455643,0.43419509511440424,0.5815864958248653,0.24970079683550447,0.293125,0.279317697228145,2,0.293125
moderate_independent,213,no_hedge,1,0.19339856027905,1.556179493595863,3.620440567633124,0.3210309336439215,0,0,2,0
moderate_independent,213,fixed_250ms,1,0.19094911548782534,0.42308657852277065,0.5444452903612742,0.24686014302760245,0.27375,0.2808219178082192,2,0.273125
moderate_independent,213,fixed_500ms,1,0.19068344000579884,0.6217689857656028,0.7645200885543346,0.24525681238415245,0.061875,0.7777777777777778,2,0.061875
moderate_independent,213,queue_capped_250ms,1,0.19094911548782534,0.42308657852277065,0.5444452903612742,0.24686014302760245,0.27375,0.2808219178082192,2,0.273125
moderate_independent,214,no_hedge,1,0.19427165777003808,1.5540510457364576,3.7280192735330218,0.3267673462865038,0,0,2,0
moderate_independent,214,fixed_250ms,1,0.19298725879673562,0.4270647808427981,0.597201643104782,0.2422739103819708,0.278125,0.2966292134831461,2,0.278125
moderate_independent,214,fixed_500ms,1,0.1914676489947773,0.6100988856779033,0.8338806036319326,0.24308484330847738,0.06375,0.803921568627451,2,0.06375
moderate_independent,214,queue_capped_250ms,1,0.19298725879673562,0.4270647808427981,0.597201643104782,0.2422739103819708,0.278125,0.2966292134831461,2,0.278125
moderate_independent,215,no_hedge,1,0.19440949832961651,1.0405465211020868,3.2295083966330367,0.3119482575865658,0,0,2,0
moderate_independent,215,fixed_250ms,1,0.19312846779087067,0.41268725140045603,0.5761463854430957,0.2457220917169048,0.27125,0.24193548387096775,2,0.27125
moderate_independent,215,fixed_500ms,1,0.19259542967961352,0.5769095604203613,0.7745938748062713,0.2425561626613658,0.060625,0.7628865979381443,2,0.060625
moderate_independent,215,queue_capped_250ms,1,0.19312846779087067,0.41268725140045603,0.5761463854430957,0.2457220917169048,0.27125,0.24193548387096775,2,0.27125
moderate_independent,216,no_hedge,1,0.19034106818354246,1.6627579704953206,3.019325197541548,0.3214866584161026,0,0,2,0
moderate_independent,216,fixed_250ms,1,0.18932736711049714,0.41086972910425246,0.5374325511692373,0.23749372573353497,0.29,0.3017241379310345,2,0.29
moderate_independent,216,fixed_500ms,1,0.18873078029700707,0.6191327473030057,0.7797305540439154,0.23916480689289749,0.068125,0.8348623853211009,2,0.068125
moderate_independent,216,queue_capped_250ms,1,0.18932736711049714,0.41086972910425246,0.5374325511692373,0.23749372573353497,0.29,0.3017241379310345,2,0.29
moderate_independent,217,no_hedge,1,0.19529072113579105,1.3352610202888542,3.278736295032303,0.32300847185246157,0,0,2,0
moderate_independent,217,fixed_250ms,1,0.1946429680315589,0.435041370612268,0.5377741894931631,0.25181260364715385,0.294375,0.2929936305732484,2,0.294375
moderate_independent,217,fixed_500ms,1,0.19379342982259118,0.6176777551604573,0.7640074570625779,0.24810958427441798,0.064375,0.7669902912621359,2,0.064375
moderate_independent,217,queue_capped_250ms,1,0.1946429680315589,0.435041370612268,0.5377741894931631,0.25181260364715385,0.294375,0.2929936305732484,2,0.294375
moderate_independent,218,no_hedge,1,0.19957970262274216,2.163082644717912,3.6872122148725737,0.3475115888995608,0,0,2,0
moderate_independent,218,fixed_250ms,1,0.19668550327338608,0.4317484860847891,0.5772111389741639,0.25275418355108425,0.29625,0.29324894514767935,2,0.295625
moderate_independent,218,fixed_500ms,1,0.19510106393973103,0.6343454367801122,0.7993247815038416,0.2514406288979061,0.06625,0.839622641509434,2,0.06625
moderate_independent,218,queue_capped_250ms,1,0.19668550327338608,0.4317484860847891,0.5772111389741639,0.25275418355108425,0.29625,0.29324894514767935,2,0.295625
moderate_independent,219,no_hedge,1,0.19227526624149505,1.6038410122756943,3.4500199072190583,0.31403085326383573,0,0,3,0
moderate_independent,219,fixed_250ms,1,0.18882773463894864,0.4160708650335412,0.5739865442372434,0.24346249644683662,0.261875,0.315035799522673,2,0.261875
moderate_independent,219,fixed_500ms,1,0.18893277851802992,0.6247545898172859,0.8216761607523537,0.2454927876089894,0.068125,0.7981651376146789,2,0.068125
moderate_independent,219,queue_capped_250ms,1,0.18882773463894864,0.4160708650335412,0.5739865442372434,0.24346249644683662,0.261875,0.315035799522673,2,0.261875
moderate_independent,220,no_hedge,0.999375,0.19732423818111045,2.0400976114202223,3.8455257101794444,0.35507703486781594,0,0,3,0
moderate_independent,220,fixed_250ms,1,0.1933845242869836,0.41921984963676096,0.5944287804292365,0.24306073694899868,0.29,0.34051724137931033,3,0.29
moderate_independent,220,fixed_500ms,1,0.19225657093178938,0.6357354012396002,0.8189524814644784,0.24786614497846696,0.076875,0.8211382113821138,2,0.076875
moderate_independent,220,queue_capped_250ms,1,0.1933845242869836,0.41921984963676096,0.5944287804292365,0.24306073694899868,0.289375,0.3412526997840173,3,0.289375
moderate_independent,221,no_hedge,1,0.19817661676027853,1.71568378259812,3.466284291487497,0.3399360918310394,0,0,2,0
moderate_independent,221,fixed_250ms,1,0.19726818689885306,0.4245772252540867,0.5555755535832105,0.24760219413332724,0.286875,0.3028322440087146,2,0.286875
moderate_independent,221,fixed_500ms,1,0.1976629985283722,0.6343017027383269,0.8055755535833384,0.24855765957358153,0.066875,0.8598130841121495,2,0.066875
moderate_independent,221,queue_capped_250ms,1,0.19726818689885306,0.4245772252540867,0.5555755535832105,0.24760219413332724,0.286875,0.3028322440087146,2,0.286875
moderate_independent,222,no_hedge,1,0.18854996009788216,1.59634107321682,3.6980158748390295,0.32056316360196135,0,0,2,0
moderate_independent,222,fixed_250ms,1,0.18516538109881253,0.4206404103194572,0.6256916659270537,0.24365482093251223,0.2625,0.2833333333333333,2,0.261875
moderate_independent,222,fixed_500ms,1,0.18506638104533124,0.6025606264973504,0.8369117231124505,0.24308209975810777,0.06125,0.7959183673469388,2,0.06125
moderate_independent,222,queue_capped_250ms,1,0.18516538109881253,0.4206404103194572,0.6256916659270537,0.24365482093251223,0.2625,0.2833333333333333,2,0.261875
moderate_independent,223,no_hedge,0.999375,0.19425592009646309,1.461776035573564,3.342474621938152,0.31858330836777843,0,0,2,0
moderate_independent,223,fixed_250ms,1,0.19258220964913164,0.41541709803823323,0.5402391126822685,0.24082846641419325,0.275625,0.272108843537415,2,0.275625
moderate_independent,223,fixed_500ms,1,0.19201292465477593,0.5936267267638158,0.7773697952393164,0.24022067562024266,0.061875,0.8686868686868687,2,0.061875
moderate_independent,223,queue_capped_250ms,1,0.19258220964913164,0.41541709803823323,0.5402391126822685,0.24082846641419325,0.275625,0.272108843537415,2,0.275625
moderate_independent,224,no_hedge,0.998125,0.19335140193109623,1.5806000545982783,3.1335557508152476,0.31807390016944703,0,0,2,0
moderate_independent,224,fixed_250ms,1,0.19155169409369677,0.43008750971901577,0.5455946730711698,0.2524951857683691,0.294375,0.2781316348195329,2,0.294375
moderate_independent,224,fixed_500ms,1,0.1914902114483823,0.6000948518588132,0.7798400444991458,0.24890524604696973,0.064375,0.7961165048543689,2,0.06375
moderate_independent,224,queue_capped_250ms,1,0.19155169409369677,0.43008750971901577,0.5455946730711698,0.2524951857683691,0.294375,0.2781316348195329,2,0.294375
moderate_independent,225,no_hedge,1,0.19158209522603897,0.6698280575935813,3.4428294848311083,0.3021463947046668,0,0,2,0
moderate_independent,225,fixed_250ms,1,0.19054501827878312,0.40458388237411214,0.5186175324355418,0.229280313173121,0.26,0.2668269230769231,2,0.26
moderate_independent,225,fixed_500ms,1,0.18961583492333034,0.5139114029772998,0.7446964516178447,0.22791133181841033,0.053125,0.8117647058823529,2,0.053125
moderate_independent,225,queue_capped_250ms,1,0.19054501827878312,0.40458388237411214,0.5186175324355418,0.229280313173121,0.26,0.2668269230769231,2,0.26
moderate_independent,226,no_hedge,0.999375,0.19230306190179647,1.4681065435339953,3.580595444696307,0.3146659738564326,0,0,2,0
moderate_independent,226,fixed_250ms,1,0.18968700727536714,0.4098900704556314,0.5208895243878402,0.23051949442047306,0.25625,0.26097560975609757,2,0.25625
moderate_independent,226,fixed_500ms,1,0.18886271500205964,0.5745515301588497,0.7744055142793513,0.2302719483420696,0.055625,0.8651685393258427,2,0.055625
moderate_independent,226,queue_capped_250ms,1,0.18968700727536714,0.4098900704556314,0.5208895243878402,0.23051949442047306,0.25625,0.26097560975609757,2,0.25625
moderate_independent,227,no_hedge,0.99875,0.1938124057014008,1.2081342265502855,3.868009036100946,0.31904607182436984,0,0,2,0
moderate_independent,227,fixed_250ms,1,0.19213815167575632,0.4281388478998309,0.5272126762667817,0.24175798472342755,0.28625,0.24672489082969432,2,0.28625
moderate_independent,227,fixed_500ms,1,0.19213815167575632,0.5854911270134338,0.7745058204390105,0.23906595960326155,0.05875,0.776595744680851,2,0.05875
moderate_independent,227,queue_capped_250ms,1,0.19213815167575632,0.4281388478998309,0.5272126762667817,0.24175798472342755,0.28625,0.24672489082969432,2,0.28625
moderate_independent,228,no_hedge,1,0.19257749876948083,0.623747170701705,3.62326283630769,0.29791791019616337,0,0,2,0
moderate_independent,228,fixed_250ms,1,0.19220350610470405,0.41168517527545134,0.5456925023823089,0.23595639520320044,0.26375,0.2938388625592417,2,0.26375
moderate_independent,228,fixed_500ms,1,0.19220350610470405,0.5603928680879662,0.7941487565682266,0.2346568542314566,0.056875,0.8021978021978022,2,0.056875
moderate_independent,228,queue_capped_250ms,1,0.19220350610470405,0.41168517527545134,0.5456925023823089,0.23595639520320044,0.26375,0.2938388625592417,2,0.26375
moderate_independent,229,no_hedge,1,0.19294779257923267,1.2351035417615748,3.134282070489604,0.29587207478729294,0,0,3,0
moderate_independent,229,fixed_250ms,1,0.19172574934351871,0.4244180282070751,0.5474688947925728,0.24410392780311643,0.27125,0.26036866359447003,2,0.27125
moderate_independent,229,fixed_500ms,1,0.190981974272745,0.5906222475137071,0.7902139812698294,0.2411944675179168,0.058125,0.8387096774193549,2,0.058125
moderate_independent,229,queue_capped_250ms,1,0.19172574934351871,0.4244180282070751,0.5474688947925728,0.24410392780311643,0.27125,0.26036866359447003,2,0.27125
moderate_independent,230,no_hedge,0.999375,0.19470855324537695,1.5275072271689396,3.519171690204324,0.3283833533108849,0,0,2,0
moderate_independent,230,fixed_250ms,1,0.19279379530991747,0.4145395748934675,0.5437124583195754,0.23596271884336964,0.27875,0.257847533632287,2,0.27875
moderate_independent,230,fixed_500ms,1,0.19288577692211106,0.5933461612611737,0.7521317313138152,0.23551916760280103,0.05875,0.8936170212765957,2,0.05875
moderate_independent,230,queue_capped_250ms,1,0.19279379530991747,0.4145395748934675,0.5437124583195754,0.23596271884336964,0.27875,0.257847533632287,2,0.27875
moderate_independent,231,no_hedge,0.999375,0.19385417229068302,1.266601242161598,3.0347452368472005,0.31098569585911684,0,0,2,0
moderate_independent,231,fixed_250ms,1,0.1934078312441585,0.41594351568485877,0.5223147617022619,0.24054663271152144,0.2825,0.2610619469026549,2,0.281875
moderate_independent,231,fixed_500ms,1,0.19329033906520543,0.5871683081067687,0.7635307222467702,0.23813076503689193,0.06125,0.8469387755102041,2,0.06125
moderate_independent,231,queue_capped_250ms,1,0.1934078312441585,0.41594351568485877,0.5223147617022619,0.24054663271152144,0.2825,0.2610619469026549,2,0.281875
moderate_independent,232,no_hedge,1,0.2005114547582707,2.088657259705329,3.716583045277602,0.33946647658904433,0,0,3,0
moderate_independent,232,fixed_250ms,1,0.1944132508075853,0.425363854077645,0.5815598835124831,0.2470682409340694,0.29625,0.3206751054852321,2,0.295625
moderate_independent,232,fixed_500ms,1,0.19415103377687615,0.6321356939938454,0.8435916112539417,0.248362653085951,0.075625,0.8347107438016529,2,0.075625
moderate_independent,232,queue_capped_250ms,1,0.1944132508075853,0.425363854077645,0.5815598835124831,0.2470682409340694,0.29625,0.3206751054852321,2,0.295625
moderate_independent,233,no_hedge,1,0.19471480359030835,1.563920731726455,3.5069937775731574,0.3200030253987861,0,0,2,0
moderate_independent,233,fixed_250ms,1,0.19082756775786436,0.4193702547313478,0.5327655214091749,0.2370785299190341,0.274375,0.3325740318906606,2,0.27375
moderate_independent,233,fixed_500ms,1,0.1907661151141724,0.60048843624587,0.7599873438483087,0.23728424160286163,0.063125,0.8514851485148515,2,0.063125
moderate_independent,233,queue_capped_250ms,1,0.19082756775786436,0.4193702547313478,0.5327655214091749,0.2370785299190341,0.274375,0.3325740318906606,2,0.27375
moderate_independent,234,no_hedge,1,0.19421166092124054,1.8662016447428513,3.7091221432922996,0.3441227720985184,0,0,3,0
moderate_independent,234,fixed_250ms,1,0.19156972522036142,0.455601630296286,0.623612364698527,0.24490134549402623,0.271875,0.33793103448275863,3,0.271875
moderate_independent,234,fixed_500ms,1,0.1922379627088162,0.6561030210157561,0.8473106920391729,0.2475992016297165,0.07875,0.7936507936507936,3,0.07875
moderate_independent,234,queue_capped_250ms,1,0.19156972522036142,0.455601630296286,0.623612364698527,0.2448388454940263,0.27125,0.3387096774193548,2,0.27125
moderate_independent,235,no_hedge,1,0.1949654530900915,1.9180378482122151,3.7415011506559246,0.3344576055682578,0,0,3,0
moderate_independent,235,fixed_250ms,1,0.18806079533265319,0.41633016780631493,0.5197262077641795,0.23922031241792674,0.27375,0.3082191780821918,2,0.273125
moderate_independent,235,fixed_500ms,1,0.18806079533265319,0.6245834174414426,0.7431635413179123,0.24120475547543518,0.069375,0.8558558558558559,2,0.06875
moderate_independent,235,queue_capped_250ms,1,0.18806079533265319,0.41633016780631493,0.5197262077641795,0.23922031241792674,0.27375,0.3082191780821918,2,0.273125
moderate_independent,236,no_hedge,1,0.189007219616542,1.3771260617464094,3.3741136465253305,0.3090313362594166,0,0,2,0
moderate_independent,236,fixed_250ms,1,0.18822992849806752,0.40673734437555,0.5059808764052534,0.2353941717822999,0.27125,0.27880184331797236,2,0.270625
moderate_independent,236,fixed_500ms,1,0.18795417356615474,0.5694759785947738,0.7402214577446774,0.23296858609360752,0.05875,0.776595744680851,2,0.05875
moderate_independent,236,queue_capped_250ms,1,0.18822992849806752,0.40673734437555,0.5059808764052534,0.2353941717822999,0.27125,0.27880184331797236,2,0.270625
moderate_independent,237,no_hedge,1,0.18717219870524815,0.726101358701797,3.3042827110541424,0.3001258129505835,0,0,2,0
moderate_independent,237,fixed_250ms,1,0.18661950010172745,0.4110879418038351,0.5382882393245723,0.2323860904536759,0.260625,0.27577937649880097,2,0.260625
moderate_independent,237,fixed_500ms,1,0.18661950010172745,0.6003592564196367,0.7632302647571976,0.2311773372681127,0.055625,0.8539325842696629,2,0.055625
moderate_independent,237,queue_capped_250ms,1,0.18661950010172745,0.4110879418038351,0.5382882393245723,0.2323860904536759,0.260625,0.27577937649880097,2,0.260625
moderate_independent,238,no_hedge,1,0.19028214855940107,0.6844405225127446,3.0687463094928056,0.2994922485523567,0,0,2,0
moderate_independent,238,fixed_250ms,1,0.18880961550157593,0.4161895470970478,0.544143007947202,0.23971787738294456,0.290625,0.25806451612903225,2,0.290625
moderate_independent,238,fixed_500ms,1,0.1886915360260133,0.567385930987168,0.7486420886759646,0.23523227441356973,0.06,0.7395833333333334,2,0.06
moderate_independent,238,queue_capped_250ms,1,0.18880961550157593,0.4161895470970478,0.544143007947202,0.23971787738294456,0.290625,0.25806451612903225,2,0.290625
moderate_independent,239,no_hedge,1,0.19555158929806282,1.488381393882527,3.7647885793752707,0.3196018731808698,0,0,2,0
moderate_independent,239,fixed_250ms,1,0.1943969867952262,0.4113715965246314,0.5456067256683923,0.24379157398742918,0.265,0.2806603773584906,2,0.265
moderate_independent,239,fixed_500ms,1,0.1948040173825092,0.6096496830174232,0.7765045575079768,0.24191299496944782,0.059375,0.8526315789473684,3,0.05875
moderate_independent,239,queue_capped_250ms,1,0.1943969867952262,0.4113715965246314,0.5456067256683923,0.24379157398742918,0.265,0.2806603773584906,2,0.265
moderate_independent,240,no_hedge,0.99875,0.1968144093737152,1.9036228437403437,3.954425961403956,0.35294991261591036,0,0,2,0
moderate_independent,240,fixed_250ms,1,0.19550645410554068,0.4440844696298214,0.5638083796216051,0.2537959213005989,0.3025,0.29545454545454547,2,0.301875
moderate_independent,240,fixed_500ms,1,0.1953441331995407,0.6530069191606458,0.8328180917949339,0.25542055148707177,0.073125,0.8547008547008547,3,0.0725
moderate_independent,240,queue_capped_250ms,1,0.19550645410554068,0.4440844696298214,0.5638083796216051,0.2537959213005989,0.3025,0.29545454545454547,2,0.301875
moderate_independent,241,no_hedge,0.99875,0.19986942931382146,1.975889700723755,3.897812990155874,0.3440579726951807,0,0,2,0
moderate_independent,241,fixed_250ms,1,0.19340423560822728,0.43694050621198244,0.565764910359551,0.2540544078425977,0.28375,0.32819383259911894,2,0.28375
moderate_independent,241,fixed_500ms,1,0.1931125381787382,0.6314385056060328,0.7955021588914661,0.2542400708943305,0.07375,0.7796610169491526,2,0.073125
moderate_independent,241,queue_capped_250ms,1,0.19340423560822728,0.43694050621198244,0.565764910359551,0.2540544078425977,0.28375,0.32819383259911894,2,0.28375
moderate_independent,242,no_hedge,1,0.19249079229994948,1.6038675206440445,3.541351582905675,0.32760411491075864,0,0,2,0
moderate_independent,242,fixed_250ms,1,0.19199528606991123,0.4151404438679265,0.5456845378891586,0.24311451500812872,0.27625,0.2873303167420814,2,0.27625
moderate_independent,242,fixed_500ms,1,0.1916082103990604,0.5965500439276639,0.7956845378892865,0.24402729837134413,0.063125,0.8316831683168316,2,0.063125
moderate_independent,242,queue_capped_250ms,1,0.19199528606991123,0.4151404438679265,0.5456845378891586,0.24311451500812872,0.27625,0.2873303167420814,2,0.27625
moderate_independent,243,no_hedge,1,0.19183445108386366,1.176929717714728,2.926201605527268,0.2994684419382166,0,0,2,0
moderate_independent,243,fixed_250ms,1,0.1912107268461014,0.40144113527698266,0.5946518464010904,0.25259420579537567,0.28625,0.2292576419213974,2,0.285625
moderate_independent,243,fixed_500ms,1,0.19074344932467113,0.5239324094677613,0.8251308309520908,0.24731459577298143,0.05375,0.7790697674418605,2,0.053125
moderate_independent,243,queue_capped_250ms,1,0.1912107268461014,0.40144113527698266,0.5946518464010904,0.25259420579537567,0.28625,0.2292576419213974,2,0.285625
moderate_independent,244,no_hedge,0.99875,0.19910321831946476,1.6805302981732932,3.595618010565289,0.3357942810827092,0,0,2,0
moderate_independent,244,fixed_250ms,1,0.19583343720911728,0.4331108353490194,0.5892009651897285,0.255833145401178,0.29625,0.29324894514767935,2,0.29625
moderate_independent,244,fixed_500ms,1,0.19583343720911728,0.6015119627120953,0.8846285394428612,0.25440771776442,0.0675,0.7685185185185185,2,0.0675
moderate_independent,244,queue_capped_250ms,1,0.19583343720911728,0.4331108353490194,0.5892009651897285,0.255833145401178,0.29625,0.29324894514767935,2,0.29625
moderate_independent,245,no_hedge,1,0.1910135414996219,1.0025456453781345,3.2229785523556274,0.30224117388203614,0,0,3,0
moderate_independent,245,fixed_250ms,1,0.19077180395358795,0.4201431781368683,0.5239661971772591,0.2344435688357903,0.276875,0.2799097065462754,3,0.276875
moderate_independent,245,fixed_500ms,1,0.19016083544339324,0.5537380798526588,0.7702779275424163,0.23229999467812268,0.055625,0.8314606741573034,2,0.055625
moderate_independent,245,queue_capped_250ms,1,0.19077180395358795,0.4196337457433721,0.5239661971772591,0.23438077188587111,0.27625,0.2828054298642534,2,0.27625
moderate_independent,246,no_hedge,1,0.18987850728953504,1.3021851988226274,3.378997855975939,0.3192737687994569,0,0,2,0
moderate_independent,246,fixed_250ms,1,0.18794967588489442,0.40949403961163,0.5091936288994958,0.23848857321341527,0.280625,0.31403118040089084,2,0.28
moderate_independent,246,fixed_500ms,1,0.18776493011175077,0.5934819461911047,0.7519056703038842,0.23909438618880322,0.065625,0.8,2,0.065625
moderate_independent,246,queue_capped_250ms,1,0.18794967588489442,0.40949403961163,0.5091936288994958,0.23848857321341527,0.280625,0.31403118040089084,2,0.28
moderate_independent,247,no_hedge,1,0.19043210017176904,1.18513684549292,2.975977181308153,0.3050869067807845,0,0,2,0
moderate_independent,247,fixed_250ms,1,0.1897715382262959,0.42164068110881203,0.5700338160231695,0.24088680307229604,0.2775,0.25675675675675674,2,0.2775
moderate_independent,247,fixed_500ms,1,0.18876686256237463,0.6051022409470193,0.7749902767036332,0.24023617684286763,0.05875,0.8617021276595744,2,0.05875
moderate_independent,247,queue_capped_250ms,1,0.1897715382262959,0.42164068110881203,0.5700338160231695,0.24088680307229604,0.2775,0.25675675675675674,2,0.2775
moderate_independent,248,no_hedge,1,0.1961516769978715,1.1343759659134918,3.2410708033202367,0.3049677521629979,0,0,2,0
moderate_independent,248,fixed_250ms,1,0.1958354997218521,0.4243512034775203,0.5993256496402957,0.2495741575400144,0.285,0.27631578947368424,2,0.284375
moderate_independent,248,fixed_500ms,1,0.1937380280192258,0.5902253472854682,0.8384784783243333,0.24632693051201834,0.06,0.7604166666666666,2,0.06
moderate_independent,248,queue_capped_250ms,1,0.1958354997218521,0.4243512034775203,0.5993256496402957,0.2495741575400144,0.285,0.27631578947368424,2,0.284375
moderate_independent,249,no_hedge,1,0.19505362755951694,1.376468923060557,3.309419580348333,0.315947502946877,0,0,2,0
moderate_independent,249,fixed_250ms,1,0.19444399276407864,0.4265207981035317,0.5627564332250046,0.24576371785208534,0.27875,0.2802690582959641,2,0.27875
moderate_independent,249,fixed_500ms,1,0.19437507163259227,0.6014917888788318,0.7857612296412952,0.24439856796252848,0.068125,0.7614678899082569,2,0.068125
moderate_independent,249,queue_capped_250ms,1,0.19444399276407864,0.4265207981035317,0.5627564332250046,0.24576371785208534,0.27875,0.2802690582959641,2,0.27875
moderate_independent,250,no_hedge,1,0.19763181557695475,1.7424258715686847,3.781100197725955,0.32471023830176193,0,0,2,0
moderate_independent,250,fixed_250ms,1,0.19468441272934456,0.4254106391008605,0.5843001097220011,0.23890508305264782,0.275,0.27954545454545454,2,0.275
moderate_independent,250,fixed_500ms,1,0.19446025590268334,0.6285319958243889,0.8065637746190077,0.2399005090273255,0.064375,0.8446601941747572,2,0.064375
moderate_independent,250,queue_capped_250ms,1,0.19468441272934456,0.4254106391008605,0.5843001097220011,0.23890508305264782,0.275,0.27954545454545454,2,0.275
moderate_independent,251,no_hedge,1,0.19714158148291006,1.1180678795882955,3.3955903373017833,0.31035537101991406,0,0,2,0
moderate_independent,251,fixed_250ms,1,0.19715388085185426,0.41548543538473837,0.5721023579643827,0.2503242031930461,0.2975,0.2605042016806723,2,0.2975
moderate_independent,251,fixed_500ms,1,0.196202374666953,0.6005901330741779,0.814261347644532,0.24763170422571743,0.06125,0.8061224489795918,2,0.06125
moderate_independent,251,queue_capped_250ms,1,0.19715388085185426,0.41548543538473837,0.5721023579643827,0.2503242031930461,0.2975,0.2605042016806723,2,0.2975
moderate_independent,252,no_hedge,1,0.18869963689226665,1.717498436209766,3.263416649278568,0.3280314461769329,0,0,2,0
moderate_independent,252,fixed_250ms,1,0.18648443487581545,0.4251810375652525,0.5751475118196154,0.2393018437777311,0.2625,0.34285714285714286,2,0.2625
moderate_independent,252,fixed_500ms,1,0.18705659453152634,0.6228450509158421,0.8167176797535234,0.2413034511675291,0.07125,0.8333333333333334,2,0.07125
moderate_independent,252,queue_capped_250ms,1,0.18648443487581545,0.4251810375652525,0.5751475118196154,0.2393018437777311,0.2625,0.34285714285714286,2,0.2625
moderate_independent,253,no_hedge,1,0.19383617320990143,1.1071394259047196,3.196812940647419,0.3106404525709362,0,0,2,0
moderate_independent,253,fixed_250ms,1,0.1928634132078173,0.41669925511648387,0.5293872329352922,0.2463013662645628,0.291875,0.2740899357601713,2,0.291875
moderate_independent,253,fixed_500ms,1,0.1926946220774397,0.5973299375189036,0.7634451923317886,0.24525217170446356,0.06375,0.7647058823529411,2,0.063125
moderate_independent,253,queue_capped_250ms,1,0.1928634132078173,0.41669925511648387,0.5293872329352922,0.2463013662645628,0.291875,0.2740899357601713,2,0.291875
moderate_independent,254,no_hedge,1,0.19020513853398313,1.5341036110657145,3.266957510395798,0.3104302308527929,0,0,2,0
moderate_independent,254,fixed_250ms,1,0.18903466911783084,0.4268952259236798,0.5849857689330804,0.24054974188697925,0.275625,0.29931972789115646,2,0.275
moderate_independent,254,fixed_500ms,1,0.18850991328299926,0.6024000302556516,0.8395969895254893,0.24062872872381458,0.0675,0.7685185185185185,2,0.0675
moderate_independent,254,queue_capped_250ms,1,0.18903466911783084,0.4268952259236798,0.5849857689330804,0.24054974188697925,0.275625,0.29931972789115646,2,0.275
moderate_independent,255,no_hedge,1,0.19560945097074978,1.7828195291428983,3.9849655337607146,0.3396979565990705,0,0,2,0
moderate_independent,255,fixed_250ms,1,0.19382216531505492,0.4316959853257458,0.5721738563849001,0.24186635587872626,0.29375,0.2936170212765957,2,0.29375
moderate_independent,255,fixed_500ms,1,0.1924897999643278,0.6187371592179005,0.8233540003457591,0.24287523610190287,0.069375,0.8108108108108109,2,0.069375
moderate_independent,255,queue_capped_250ms,1,0.19382216531505492,0.4316959853257458,0.5721738563849001,0.24186635587872626,0.29375,0.2936170212765957,2,0.29375
moderate_independent,256,no_hedge,1,0.19510079603685426,1.6481449200819043,3.2802063375878436,0.3225367326902784,0,0,2,0
moderate_independent,256,fixed_250ms,1,0.1948788247865565,0.43373646862242765,0.6111594055454077,0.2533894607117055,0.295625,0.28964059196617337,2,0.295
moderate_independent,256,fixed_500ms,1,0.1948788247865565,0.6273221313169586,0.8611594055455356,0.25200315147892227,0.069375,0.7927927927927928,2,0.069375
moderate_independent,256,queue_capped_250ms,1,0.1948788247865565,0.43373646862242765,0.6111594055454077,0.2533894607117055,0.295625,0.28964059196617337,2,0.295
moderate_independent,257,no_hedge,1,0.1946939432569863,1.776103557467824,3.635629308992776,0.334670611767916,0,0,2,0
moderate_independent,257,fixed_250ms,1,0.19169321081821522,0.4300922591166927,0.5605637261587191,0.24265433634149322,0.28,0.29910714285714285,2,0.279375
moderate_independent,257,fixed_500ms,1,0.19217173858568515,0.6242255124456761,0.7860738781263947,0.24389727903971006,0.068125,0.8440366972477065,2,0.0675
moderate_independent,257,queue_capped_250ms,1,0.19169321081821522,0.4300922591166927,0.5605637261587191,0.24265433634149322,0.28,0.29910714285714285,2,0.279375
moderate_independent,258,no_hedge,1,0.19497579786388997,1.3751756709107497,3.7727978457857745,0.3241419489085204,0,0,3,0
moderate_independent,258,fixed_250ms,1,0.19333161659045928,0.4323591766723638,0.6259007875232214,0.25493151830637045,0.279375,0.2796420581655481,2,0.27875
moderate_independent,258,fixed_500ms,1,0.19269268587322586,0.603139963709225,0.8765380083094421,0.25152032785819023,0.066875,0.7663551401869159,2,0.065625
moderate_independent,258,queue_capped_250ms,1,0.19333161659045928,0.4323591766723638,0.6259007875232214,0.25493151830637045,0.279375,0.2796420581655481,2,0.27875
moderate_independent,259,no_hedge,1,0.1963271213034421,0.813330921767303,3.0750139215044285,0.29795312618827857,0,0,2,0
moderate_independent,259,fixed_250ms,1,0.1961541493363086,0.42262202869003573,0.5698763151552129,0.24874381304341292,0.31,0.24193548387096775,3,0.31
moderate_independent,259,fixed_500ms,1,0.19571787847449684,0.5815277102608576,0.801705067777581,0.24339920321926495,0.063125,0.693069306930693,3,0.063125
moderate_independent,259,queue_capped_250ms,1,0.1949916384228345,0.42262202869003573,0.5698763151552129,0.24854063314302097,0.3075,0.241869918699187,2,0.3075
moderate_independent,260,no_hedge,0.999375,0.19359560948096544,1.5621248506616183,3.536621756789515,0.31964691121732614,0,0,2,0
moderate_independent,260,fixed_250ms,1,0.1891089244747164,0.4123831515074041,0.580730030756996,0.23401122542158226,0.266875,0.3091334894613583,2,0.266875
moderate_independent,260,fixed_500ms,1,0.19013710113885196,0.5859726829247904,0.8101502601451074,0.23460019582257335,0.06,0.84375,2,0.059375
moderate_independent,260,queue_capped_250ms,1,0.1891089244747164,0.4123831515074041,0.580730030756996,0.23401122542158226,0.266875,0.3091334894613583,2,0.266875
moderate_independent,261,no_hedge,1,0.19242061486207263,1.584476802242932,3.425782582490161,0.3151926392685817,0,0,2,0
moderate_independent,261,fixed_250ms,1,0.19008108216559094,0.4264936787249747,0.5228958245023136,0.23969347233696633,0.2725,0.28440366972477066,2,0.2725
moderate_independent,261,fixed_500ms,1,0.1898282603786754,0.6190437177000696,0.7613716500079875,0.23984459276749565,0.065,0.8076923076923077,2,0.065
moderate_independent,261,queue_capped_250ms,1,0.19008108216559094,0.4264936787249747,0.5228958245023136,0.23969347233696633,0.2725,0.28440366972477066,2,0.2725
moderate_independent,262,no_hedge,1,0.19333444164104208,0.7570597772147494,3.3556411649605025,0.30671103355946655,0,0,2,0
moderate_independent,262,fixed_250ms,1,0.19472720733639903,0.4619917981301196,0.713477172172091,0.2420804757788131,0.281875,0.2682926829268293,4,0.281875
moderate_independent,262,fixed_500ms,1,0.19207912533126148,0.5939831115552181,0.7751805289567812,0.2372708944291123,0.063125,0.7326732673267327,3,0.063125
moderate_independent,262,queue_capped_250ms,1,0.1941850625025694,0.44160781039069263,0.6131779166055367,0.24226925450676012,0.268125,0.28205128205128205,3,0.268125
moderate_independent,263,no_hedge,1,0.18950435904056384,1.0327428386087973,3.4311320787832216,0.3039200515867552,0,0,3,0
moderate_independent,263,fixed_250ms,1,0.1886839947921075,0.4084563650544055,0.5230384707802151,0.2299981702747344,0.26375,0.26540284360189575,2,0.263125
moderate_independent,263,fixed_500ms,1,0.18863804414559127,0.5572935483061858,0.7379644451041756,0.228712336122211,0.0575,0.7608695652173914,2,0.0575
moderate_independent,263,queue_capped_250ms,1,0.1886839947921075,0.4084563650544055,0.5230384707802151,0.2299981702747344,0.26375,0.26540284360189575,2,0.263125
moderate_independent,264,no_hedge,1,0.19597411705752865,1.9680899959871425,3.9484746783491333,0.34254145130036107,0,0,2,0
moderate_independent,264,fixed_250ms,1,0.19061045049886616,0.450272912924504,0.5919421417449087,0.2504012893729093,0.293125,0.2878464818763326,2,0.293125
moderate_independent,264,fixed_500ms,1,0.18987140343816478,0.6343442983240379,0.8435005022928976,0.25009437413297686,0.074375,0.7983193277310925,2,0.07375
moderate_independent,264,queue_capped_250ms,1,0.19061045049886616,0.450272912924504,0.5919421417449087,0.2504012893729093,0.293125,0.2878464818763326,2,0.293125
moderate_independent,265,no_hedge,1,0.19891383168058852,1.8973966827080737,3.7143576187409906,0.3442469249746546,0,0,3,0
moderate_independent,265,fixed_250ms,1,0.193985324125876,0.4292755306248708,0.5528664845200311,0.24720717725197347,0.2825,0.3053097345132743,2,0.2825
moderate_independent,265,fixed_500ms,1,0.1939886692618984,0.63619028512462,0.7876020851415007,0.2485654956914147,0.0725,0.8189655172413793,2,0.0725
moderate_independent,265,queue_capped_250ms,1,0.193985324125876,0.4292755306248708,0.5528664845200311,0.24720717725197347,0.2825,0.3053097345132743,2,0.2825
moderate_independent,266,no_hedge,1,0.19411118924178083,0.614262500413794,2.9890729359008077,0.2872409282400325,0,0,2,0
moderate_independent,266,fixed_250ms,1,0.19345966177426988,0.41933779476634925,0.5341206992237773,0.2382920646182469,0.288125,0.24295010845986983,2,0.2875
moderate_independent,266,fixed_500ms,1,0.19258534848753683,0.5009689629205383,0.7841206992239051,0.23313113827349546,0.05,0.8,2,0.049375
moderate_independent,266,queue_capped_250ms,1,0.19345966177426988,0.41933779476634925,0.5341206992237773,0.2382920646182469,0.288125,0.24295010845986983,2,0.2875
moderate_independent,267,no_hedge,1,0.2019748958910803,1.8557829148522558,3.7717592779265914,0.34446263155513634,0,0,3,0
moderate_independent,267,fixed_250ms,1,0.19580877658255247,0.43038766161369324,0.5841291700250215,0.25646231415883575,0.293125,0.31556503198294245,2,0.2925
moderate_independent,267,fixed_500ms,1,0.19544052848980353,0.629954085767082,0.8185646139286433,0.25724750740921654,0.071875,0.8347826086956521,2,0.07125
moderate_independent,267,queue_capped_250ms,1,0.19580877658255247,0.43038766161369324,0.5841291700250215,0.25646231415883575,0.293125,0.31556503198294245,2,0.2925
moderate_independent,268,no_hedge,1,0.19118040017379911,1.4742244236968673,3.612866887621152,0.3195961417751587,0,0,2,0
moderate_independent,268,fixed_250ms,1,0.1904001825250674,0.4048827441973941,0.5551291297672947,0.23612756232076934,0.26625,0.2746478873239437,2,0.265625
moderate_independent,268,fixed_500ms,1,0.18972952644968188,0.6089631538346509,0.7954105616047826,0.2363857324264446,0.05875,0.8936170212765957,2,0.05875
moderate_independent,268,queue_capped_250ms,1,0.1904001825250674,0.4048827441973941,0.5551291297672947,0.23612756232076934,0.26625,0.2746478873239437,2,0.265625
moderate_independent,269,no_hedge,1,0.19345812320847244,1.4529437879653315,2.980182383053645,0.31348646839975,0,0,2,0
moderate_independent,269,fixed_250ms,1,0.19225436896457637,0.42724239175462486,0.5661361047600195,0.24587828414543583,0.284375,0.2879120879120879,2,0.284375
moderate_independent,269,fixed_500ms,1,0.19225436896457637,0.5968736647313477,0.8298724884502562,0.24591478232264852,0.06125,0.8163265306122449,2,0.06125
moderate_independent,269,queue_capped_250ms,1,0.19225436896457637,0.42724239175462486,0.5661361047600195,0.24587828414543583,0.284375,0.2879120879120879,2,0.284375
moderate_independent,270,no_hedge,1,0.19096905992141444,0.6638339055676212,3.061091030937188,0.29705087007021047,0,0,2,0
moderate_independent,270,fixed_250ms,1,0.18986547844130897,0.40831031610913726,0.5003725978053382,0.2318124220446342,0.273125,0.2654462242562929,2,0.273125
moderate_independent,270,fixed_500ms,1,0.1898034952803016,0.5571909434275994,0.731392900889972,0.23063368422401065,0.055625,0.8426966292134831,2,0.055625
moderate_independent,270,queue_capped_250ms,1,0.18986547844130897,0.40831031610913726,0.5003725978053382,0.2318124220446342,0.273125,0.2654462242562929,2,0.273125
moderate_independent,271,no_hedge,1,0.19437566243215088,1.6260092280202514,3.7107730847178004,0.32873177966820266,0,0,2,0
moderate_independent,271,fixed_250ms,1,0.19317748083877007,0.419886803200729,0.5775222771636237,0.24427887619300975,0.283125,0.2958057395143488,2,0.283125
moderate_independent,271,fixed_500ms,1,0.19390368714244488,0.6161975712139895,0.8049541424144948,0.2444309146543426,0.06625,0.8490566037735849,2,0.06625
moderate_independent,271,queue_capped_250ms,1,0.19317748083877007,0.419886803200729,0.5775222771636237,0.24427887619300975,0.283125,0.2958057395143488,2,0.283125
moderate_independent,272,no_hedge,1,0.19340561064431938,1.8101661529933466,3.6829990116944984,0.32835193034141924,0,0,3,0
moderate_independent,272,fixed_250ms,1,0.19129151082940155,0.4347075457147014,0.6042734401987175,0.25169518792851403,0.275625,0.35147392290249435,2,0.275
moderate_independent,272,fixed_500ms,1,0.19110190452028064,0.6337220128246486,0.8332037980735407,0.25412410439953853,0.0725,0.7844827586206896,2,0.0725
moderate_independent,272,queue_capped_250ms,1,0.19129151082940155,0.4347075457147014,0.6042734401987175,0.25169518792851403,0.275625,0.35147392290249435,2,0.275
moderate_independent,273,no_hedge,1,0.19953878442775874,1.605774071427362,3.4694647030805896,0.3239022402354418,0,0,3,0
moderate_independent,273,fixed_250ms,1,0.19667856907562964,0.4151792772045724,0.5632452570659154,0.24484042942095102,0.28875,0.2922077922077922,2,0.288125
moderate_independent,273,fixed_500ms,1,0.1962022373371468,0.6167957156792578,0.83683014408102,0.2467804144155924,0.066875,0.8598130841121495,2,0.06625
moderate_independent,273,queue_capped_250ms,1,0.19667856907562964,0.4151792772045724,0.5632452570659154,0.24484042942095102,0.28875,0.2922077922077922,2,0.288125
moderate_independent,274,no_hedge,1,0.19654720123084957,0.6379577081879262,3.5004358045620183,0.3098209702540867,0,0,2,0
moderate_independent,274,fixed_250ms,1,0.1966706419046531,0.412373245311926,0.5507521448461965,0.2472271859485196,0.293125,0.24520255863539445,2,0.2925
moderate_independent,274,fixed_500ms,1,0.1961016568573939,0.5448957921393998,0.7681083571045875,0.24298225337499083,0.0575,0.7608695652173914,2,0.0575
moderate_independent,274,queue_capped_250ms,1,0.1966706419046531,0.412373245311926,0.5507521448461965,0.2472271859485196,0.293125,0.24520255863539445,2,0.2925
moderate_independent,275,no_hedge,1,0.19523144444855234,1.6576656144606012,3.5466182280089464,0.3342913891148917,0,0,2,0
moderate_independent,275,fixed_250ms,1,0.19396512252717457,0.4302288615723526,0.5445026362660546,0.23861552710144843,0.284375,0.2923076923076923,2,0.284375
moderate_independent,275,fixed_500ms,1,0.1936361798746873,0.636349861203314,0.7741360459137638,0.24009787910501967,0.0675,0.8703703703703703,2,0.0675
moderate_independent,275,queue_capped_250ms,1,0.19396512252717457,0.4302288615723526,0.5445026362660546,0.23861552710144843,0.284375,0.2923076923076923,2,0.284375
moderate_independent,276,no_hedge,1,0.1953127764206073,1.3539878750103185,3.3920706127981965,0.3204546162615057,0,0,3,0
moderate_independent,276,fixed_250ms,1,0.19281903014123003,0.43048242787803304,0.558286221572537,0.24301793043202838,0.279375,0.2841163310961969,2,0.279375
moderate_independent,276,fixed_500ms,1,0.1923725516983108,0.5991985144536613,0.8225068981392099,0.24345213744887576,0.06875,0.7363636363636363,2,0.06875
moderate_independent,276,queue_capped_250ms,1,0.19281903014123003,0.43048242787803304,0.558286221572537,0.24301793043202838,0.279375,0.2841163310961969,2,0.279375
moderate_independent,277,no_hedge,1,0.19409306520965686,1.55692570267108,3.6557755397660543,0.3266874358954356,0,0,2,0
moderate_independent,277,fixed_250ms,1,0.19492998600932054,0.433117680608035,0.607332841257886,0.2539244546848218,0.293125,0.2942430703624733,2,0.293125
moderate_independent,277,fixed_500ms,1,0.19373290235853347,0.6059645460484262,0.8211886501964472,0.25069914131955107,0.066875,0.7850467289719626,2,0.06625
moderate_independent,277,queue_capped_250ms,1,0.19492998600932054,0.433117680608035,0.607332841257886,0.2539244546848218,0.293125,0.2942430703624733,2,0.293125
moderate_independent,278,no_hedge,1,0.19928007468360676,1.6769439710921574,3.8873199291604084,0.3455319550355178,0,0,2,0
moderate_independent,278,fixed_250ms,1,0.19625968189053822,0.4279531642014689,0.5873583197902761,0.25262269781619895,0.310625,0.3199195171026157,2,0.31
moderate_independent,278,fixed_500ms,1,0.19625968189053822,0.6194408959991549,0.8166464940614162,0.25219953271127926,0.076875,0.7723577235772358,2,0.076875
moderate_independent,278,queue_capped_250ms,1,0.19625968189053822,0.4279531642014689,0.5873583197902761,0.25262269781619895,0.310625,0.3199195171026157,2,0.31
moderate_independent,279,no_hedge,1,0.19641743036982007,1.2174197544698941,3.2382263949229895,0.3076822242206943,0,0,2,0
moderate_independent,279,fixed_250ms,1,0.19475172616650838,0.4212006795348344,0.5614016065212297,0.24562115700976364,0.27625,0.27828054298642535,2,0.275625
moderate_independent,279,fixed_500ms,1,0.19580972422615162,0.6148581698231936,0.7687150116778412,0.24483889416966537,0.05875,0.8404255319148937,2,0.058125
moderate_independent,279,queue_capped_250ms,1,0.19475172616650838,0.4212006795348344,0.5614016065212297,0.24562115700976364,0.27625,0.27828054298642535,2,0.275625
moderate_independent,280,no_hedge,1,0.19332450319883776,1.568794748773385,3.6751301682275184,0.3207601023239339,0,0,2,0
moderate_independent,280,fixed_250ms,1,0.19183895679293173,0.40076998334222935,0.5363920272923792,0.23167578105388362,0.266875,0.27400468384074944,2,0.26625
moderate_independent,280,fixed_500ms,1,0.191518972342422,0.5982178676783008,0.7706442783249585,0.23343083925787897,0.059375,0.8631578947368421,2,0.059375
moderate_independent,280,queue_capped_250ms,1,0.19183895679293173,0.40076998334222935,0.5363920272923792,0.23167578105388362,0.266875,0.27400468384074944,2,0.26625
moderate_independent,281,no_hedge,1,0.18558439815319616,0.9560612940136934,3.484403642828949,0.3027844904899667,0,0,2,0
moderate_independent,281,fixed_250ms,1,0.1840539857546446,0.409106200587118,0.6175392604172174,0.23899715767217067,0.249375,0.2781954887218045,2,0.249375
moderate_independent,281,fixed_500ms,1,0.18416294386516086,0.5438466332163756,0.8115479711993459,0.23794314492397498,0.05375,0.8255813953488372,2,0.05375
moderate_independent,281,queue_capped_250ms,1,0.1840539857546446,0.409106200587118,0.6175392604172174,0.23899715767217067,0.249375,0.2781954887218045,2,0.249375
moderate_independent,282,no_hedge,1,0.19196142268984318,1.4949682758463503,3.4210107843369713,0.3213636088575918,0,0,2,0
moderate_independent,282,fixed_250ms,1,0.19115596434391335,0.42587076192911866,0.5724688195963239,0.25375087223243464,0.29375,0.28085106382978725,2,0.29375
moderate_independent,282,fixed_500ms,1,0.19096694805905656,0.6136937535979001,0.8144004653389771,0.25235161014691554,0.06625,0.7830188679245284,2,0.06625
moderate_independent,282,queue_capped_250ms,1,0.19115596434391335,0.42587076192911866,0.5724688195963239,0.25375087223243464,0.29375,0.28085106382978725,2,0.29375
moderate_independent,283,no_hedge,1,0.19216348581525722,0.6759775037726286,2.8300792504506376,0.29443949098052946,0,0,2,0
moderate_independent,283,fixed_250ms,1,0.1896819023129268,0.40551249460715155,0.5339630481783644,0.23166103247533382,0.2775,0.2545045045045045,2,0.276875
moderate_independent,283,fixed_500ms,1,0.19048092898224667,0.5130871374800137,0.7715974752814532,0.2290026111406072,0.05125,0.8048780487804879,2,0.05125
moderate_independent,283,queue_capped_250ms,1,0.1896819023129268,0.40551249460715155,0.5339630481783644,0.23166103247533382,0.2775,0.2545045045045045,2,0.276875
moderate_independent,284,no_hedge,1,0.20251551776829047,2.100257624429986,3.6658003104494625,0.3540125123396636,0,0,2,0
moderate_independent,284,fixed_250ms,1,0.20007461721301922,0.45284821381298457,0.6453069613433513,0.26663991711821355,0.315,0.31547619047619047,2,0.315
moderate_independent,284,fixed_500ms,1,0.1985107227065157,0.6532845755298577,0.8258563089526376,0.2674459160901217,0.088125,0.7730496453900709,2,0.088125
moderate_independent,284,queue_capped_250ms,1,0.20007461721301922,0.45284821381298457,0.6453069613433513,0.26663991711821355,0.315,0.31547619047619047,2,0.315
moderate_independent,285,no_hedge,1,0.18567830824096632,0.5977098011893247,3.0135356214757962,0.28882859392454735,0,0,2,0
moderate_independent,285,fixed_250ms,1,0.18518150189936478,0.4023084692218788,0.5363413232552716,0.23740675848964723,0.243125,0.2519280205655527,2,0.2425
moderate_independent,285,fixed_500ms,1,0.1848010743568551,0.49900117328905935,0.7909392151119974,0.23632027047356932,0.04875,0.8461538461538461,2,0.04875
moderate_independent,285,queue_capped_250ms,1,0.18518150189936478,0.4023084692218788,0.5363413232552716,0.23740675848964723,0.243125,0.2519280205655527,2,0.2425
moderate_independent,286,no_hedge,1,0.1960206434425107,1.4560740545001707,3.4351699324325615,0.31765900147225046,0,0,2,0
moderate_independent,286,fixed_250ms,1,0.1942129210901733,0.4211217387515802,0.5544267143721697,0.2460496524029376,0.293125,0.27292110874200426,2,0.2925
moderate_independent,286,fixed_500ms,1,0.19310895601486777,0.5953656377650581,0.7992799561413074,0.24397010422603477,0.063125,0.7524752475247525,2,0.063125
moderate_independent,286,queue_capped_250ms,1,0.1942129210901733,0.4211217387515802,0.5544267143721697,0.2460496524029376,0.293125,0.27292110874200426,2,0.2925
moderate_independent,287,no_hedge,1,0.19004104687600343,1.2175632553739462,3.207474679868497,0.3129164688520101,0,0,2,0
moderate_independent,287,fixed_250ms,1,0.18954418918818305,0.4268729531181421,0.5368294174451904,0.24113238415655855,0.275,0.29318181818181815,2,0.275
moderate_independent,287,fixed_500ms,1,0.1895074879817571,0.6065297745308484,0.7868294174453183,0.23972852917308715,0.063125,0.7920792079207921,2,0.063125
moderate_independent,287,queue_capped_250ms,1,0.18954418918818305,0.4268729531181421,0.5368294174451904,0.24113238415655855,0.275,0.29318181818181815,2,0.275
moderate_independent,288,no_hedge,1,0.19282946633811804,1.322738075594465,3.332911453763458,0.30079494356387676,0,0,2,0
moderate_independent,288,fixed_250ms,1,0.1895023516302885,0.41801223728180403,0.5481831993206372,0.23369579035601112,0.27,0.25925925925925924,2,0.269375
moderate_independent,288,fixed_500ms,1,0.1894072860403071,0.5481831993206372,0.7778968887384252,0.23115516235442135,0.056875,0.7802197802197802,2,0.056875
moderate_independent,288,queue_capped_250ms,1,0.1895023516302885,0.41801223728180403,0.5481831993206372,0.23369579035601112,0.27,0.25925925925925924,2,0.269375
moderate_independent,289,no_hedge,1,0.19594791010701584,1.597362401901293,3.19888962513231,0.32221877393110804,0,0,2,0
moderate_independent,289,fixed_250ms,1,0.19466453486109003,0.42862672491119724,0.6360510618091268,0.2572480309370409,0.296875,0.2863157894736842,2,0.296875
moderate_independent,289,fixed_500ms,1,0.19375542530299583,0.6101744003394884,0.8176450246728777,0.25272636322352443,0.06875,0.7727272727272727,2,0.06875
moderate_independent,289,queue_capped_250ms,1,0.19466453486109003,0.42862672491119724,0.6360510618091268,0.2572480309370409,0.296875,0.2863157894736842,2,0.296875
moderate_independent,290,no_hedge,1,0.19943590197958017,1.961632224205161,3.4364537722205597,0.33629186410800543,0,0,3,0
moderate_independent,290,fixed_250ms,1,0.19438935163091742,0.43570967723388776,0.5730689819175936,0.2481299607283394,0.273125,0.3180778032036613,2,0.273125
moderate_independent,290,fixed_500ms,1,0.1941632609694608,0.625624285432977,0.8230689819175439,0.24879851114212184,0.069375,0.8288288288288288,2,0.069375
moderate_independent,290,queue_capped_250ms,1,0.19438935163091742,0.43570967723388776,0.5730689819175936,0.2481299607283394,0.273125,0.3180778032036613,2,0.273125
moderate_independent,291,no_hedge,1,0.19007428295416418,0.7939904060570306,3.36707346573327,0.29709707992134055,0,0,2,0
moderate_independent,291,fixed_250ms,1,0.18923324083871762,0.40837974596513504,0.5353687549838213,0.2360396848005749,0.248125,0.2619647355163728,2,0.248125
moderate_independent,291,fixed_500ms,1,0.18910576584516203,0.5779007868869073,0.7807956952494521,0.23436781175786556,0.055,0.7954545454545454,2,0.055
moderate_independent,291,queue_capped_250ms,1,0.18923324083871762,0.40837974596513504,0.5353687549838213,0.2360396848005749,0.248125,0.2619647355163728,2,0.248125
moderate_independent,292,no_hedge,1,0.19097306624544785,1.6096265473591842,3.488992163291357,0.31878729594335437,0,0,2,0
moderate_independent,292,fixed_250ms,1,0.18906664581226096,0.4241796551414012,0.5676642217935353,0.24406046065403597,0.258125,0.29782082324455206,2,0.2575
moderate_independent,292,fixed_500ms,1,0.18886028726201687,0.5854679361117832,0.7893933801013446,0.24284348749320636,0.056875,0.8461538461538461,2,0.056875
moderate_independent,292,queue_capped_250ms,1,0.18906664581226096,0.4241796551414012,0.5676642217935353,0.24406046065403597,0.258125,0.29782082324455206,2,0.2575
moderate_independent,293,no_hedge,1,0.19218575718084452,1.466326299060455,3.599864546151551,0.30779826521413467,0,0,2,0
moderate_independent,293,fixed_250ms,1,0.1909965125887254,0.41825657058167565,0.5575053881221876,0.2417226084301637,0.27875,0.28475336322869954,2,0.27875
moderate_independent,293,fixed_500ms,1,0.19092829078303453,0.5839581754249394,0.802493304634929,0.24005141432547855,0.0575,0.782608695652174,2,0.0575
moderate_independent,293,queue_capped_250ms,1,0.1909965125887254,0.41825657058167565,0.5575053881221876,0.2417226084301637,0.27875,0.28475336322869954,2,0.27875
moderate_independent,294,no_hedge,1,0.19383702825258808,1.8297987481944205,3.999713555362078,0.32624833251143687,0,0,3,0
moderate_independent,294,fixed_250ms,1,0.19223561983986315,0.4364144472878735,0.6158093421057629,0.2529993038955399,0.29,0.2823275862068966,3,0.289375
moderate_independent,294,fixed_500ms,1,0.19197923819032603,0.614212621245322,0.7921311126857731,0.25122162880238597,0.06625,0.8018867924528302,2,0.06625
moderate_independent,294,queue_capped_250ms,1,0.19223561983986315,0.4364144472878735,0.6158093421057629,0.25299141051887647,0.289375,0.28509719222462204,3,0.28875
moderate_independent,295,no_hedge,1,0.19681961157252204,1.7596847878250657,3.82557361132654,0.3251574346003438,0,0,3,0
moderate_independent,295,fixed_250ms,1,0.1916503496964026,0.43455867290074934,0.5819344159089059,0.24022722807118452,0.271875,0.296551724137931,2,0.271875
moderate_independent,295,fixed_500ms,1,0.19179209171667821,0.6308586072868394,0.8181180915648696,0.241533719178025,0.070625,0.7964601769911505,2,0.070625
moderate_independent,295,queue_capped_250ms,1,0.1916503496964026,0.43455867290074934,0.5819344159089059,0.24022722807118452,0.271875,0.296551724137931,2,0.271875
moderate_independent,296,no_hedge,0.999375,0.19108822741533515,1.3837310260076094,3.4470685716050724,0.3105824398417695,0,0,2,0
moderate_independent,296,fixed_250ms,1,0.18978182439354896,0.4144511611776984,0.5874716927149719,0.24104376214943468,0.260625,0.31414868105515587,2,0.260625
moderate_independent,296,fixed_500ms,1,0.18978182439354896,0.6009710170378355,0.8027699103521755,0.24001003037750576,0.065,0.7692307692307693,3,0.065
moderate_independent,296,queue_capped_250ms,1,0.18978182439354896,0.4144511611776984,0.5874716927149719,0.24104376214943468,0.260625,0.31414868105515587,2,0.260625
moderate_independent,297,no_hedge,1,0.1956106120361909,1.3904059637955584,4.22117415272951,0.32284112431336803,0,0,2,0
moderate_independent,297,fixed_250ms,1,0.1909447542190037,0.42327371028651406,0.5773821392480425,0.24930260009439542,0.28,0.28125,2,0.28
moderate_independent,297,fixed_500ms,1,0.19088247208686937,0.5923748667043611,0.8176079187127172,0.24513089099827842,0.060625,0.7835051546391752,2,0.060625
moderate_independent,297,queue_capped_250ms,1,0.1909447542190037,0.42327371028651406,0.5773821392480425,0.24930260009439542,0.28,0.28125,2,0.28
moderate_independent,298,no_hedge,1,0.18682076170752282,1.2170447185602562,3.7942340399366827,0.3131818493726177,0,0,3,0
moderate_independent,298,fixed_250ms,1,0.1833729616503561,0.4087192777105457,0.5277584720858588,0.23454798807424115,0.25125,0.26865671641791045,2,0.25125
moderate_independent,298,fixed_500ms,1,0.1836730418201391,0.5691848608186127,0.7777584720858535,0.23372409956355925,0.05625,0.7888888888888889,2,0.05625
moderate_independent,298,queue_capped_250ms,1,0.1833729616503561,0.4087192777105457,0.5277584720858588,0.23454798807424115,0.25125,0.26865671641791045,2,0.25125
moderate_independent,299,no_hedge,1,0.19462378288497462,1.0697167545487627,3.4470511958213166,0.30239603404869714,0,0,2,0
moderate_independent,299,fixed_250ms,1,0.19021616674845632,0.41735011829455004,0.5626625536529588,0.2412223441134259,0.280625,0.2516703786191537,2,0.280625
moderate_independent,299,fixed_500ms,1,0.1895705049022638,0.5812086831543368,0.812662553652959,0.23863496354735905,0.0575,0.8152173913043478,2,0.0575
moderate_independent,299,queue_capped_250ms,1,0.19021616674845632,0.41735011829455004,0.5626625536529588,0.2412223441134259,0.280625,0.2516703786191537,2,0.280625
moderate_independent,300,no_hedge,1,0.1918362644371001,0.8435659097189152,3.237926117356537,0.3060881982349688,0,0,2,0
moderate_independent,300,fixed_250ms,1,0.1909323249718824,0.4122487234526204,0.5007542183103482,0.2358825767191407,0.268125,0.2937062937062937,2,0.268125
moderate_independent,300,fixed_500ms,1,0.1909079668902507,0.5891674616688221,0.7464160902154138,0.236023906779093,0.055625,0.9213483146067416,2,0.055625
moderate_independent,300,queue_capped_250ms,1,0.1909323249718824,0.4122487234526204,0.5007542183103482,0.2358825767191407,0.268125,0.2937062937062937,2,0.268125
moderate_independent,301,no_hedge,1,0.19130590217288557,1.4759768909772362,3.1851431478175414,0.3130064876611441,0,0,3,0
moderate_independent,301,fixed_250ms,1,0.19006611350300062,0.4322536997107136,0.5996906317467676,0.25474678692166264,0.268125,0.3006993006993007,2,0.2675
moderate_independent,301,fixed_500ms,1,0.19017118828247703,0.6022976487041021,0.8496906317467179,0.2533229407576784,0.064375,0.7766990291262136,2,0.06375
moderate_independent,301,queue_capped_250ms,1,0.19006611350300062,0.4322536997107136,0.5996906317467676,0.25474678692166264,0.268125,0.3006993006993007,2,0.2675
moderate_independent,302,no_hedge,1,0.19935235901964177,1.75476983028652,3.4577860084845558,0.3313913816413334,0,0,2,0
moderate_independent,302,fixed_250ms,1,0.1964527408647232,0.42170067579587567,0.5930358890001313,0.2579074995765683,0.294375,0.2823779193205945,2,0.294375
moderate_independent,302,fixed_500ms,1,0.19645751191714567,0.6248350285130009,0.8265511898337934,0.258130707255062,0.071875,0.8173913043478261,2,0.071875
moderate_independent,302,queue_capped_250ms,1,0.1964527408647232,0.42170067579587567,0.5930358890001313,0.2579074995765683,0.294375,0.2823779193205945,2,0.294375
moderate_independent,303,no_hedge,1,0.1929941565925617,1.1872486027895803,3.0619998486902915,0.29716091186047267,0,0,2,0
moderate_independent,303,fixed_250ms,1,0.1919627539857589,0.41780928639219184,0.5688689982807453,0.24626926438420996,0.28125,0.29555555555555557,2,0.280625
moderate_independent,303,fixed_500ms,1,0.1919725429404977,0.6023859785577912,0.7784795895341894,0.2427451552671187,0.05875,0.7978723404255319,2,0.05875
moderate_independent,303,queue_capped_250ms,1,0.1919627539857589,0.41780928639219184,0.5688689982807453,0.24626926438420996,0.28125,0.29555555555555557,2,0.280625
moderate_independent,304,no_hedge,1,0.19316868048445457,0.7886820953908149,2.8817845816604617,0.3142716125953031,0,0,2,0
moderate_independent,304,fixed_250ms,1,0.192623642365632,0.42406782942472177,0.5663518912645458,0.25089541687993633,0.28375,0.2687224669603524,2,0.283125
moderate_independent,304,fixed_500ms,1,0.1924175146977305,0.6123492664649746,0.797692986903769,0.2489637478478952,0.063125,0.7722772277227723,2,0.063125
moderate_independent,304,queue_capped_250ms,1,0.192623642365632,0.42406782942472177,0.5663518912645458,0.25089541687993633,0.28375,0.2687224669603524,2,0.283125
moderate_independent,305,no_hedge,1,0.19431888146387166,1.778425355975628,3.4480520984451033,0.32072188219275516,0,0,2,0
moderate_independent,305,fixed_250ms,1,0.1904066875203192,0.4345251405326884,0.5652137971786431,0.25234045876907724,0.28,0.32142857142857145,2,0.28
moderate_independent,305,fixed_500ms,1,0.1896203958466316,0.6117601479384689,0.803453541896161,0.2502267455313175,0.071875,0.7391304347826086,2,0.07125
moderate_independent,305,queue_capped_250ms,1,0.1904066875203192,0.4345251405326884,0.5652137971786431,0.25234045876907724,0.28,0.32142857142857145,2,0.28
moderate_independent,306,no_hedge,1,0.19980675425886574,1.2716049059703494,3.14688620265445,0.3083298883800438,0,0,2,0
moderate_independent,306,fixed_250ms,1,0.19817724858299357,0.41955784450772304,0.582111701541038,0.2466997713103759,0.28125,0.3,2,0.28125
moderate_independent,306,fixed_500ms,1,0.1973600701064413,0.5735311493945545,0.7982465716317222,0.24390453758919942,0.05625,0.8555555555555555,2,0.055625
moderate_independent,306,queue_capped_250ms,1,0.19817724858299357,0.41955784450772304,0.582111701541038,0.2466997713103759,0.28125,0.3,2,0.28125
moderate_independent,307,no_hedge,1,0.19192117095914796,1.7965678342751623,3.8287555432852685,0.33081455809200316,0,0,2,0
moderate_independent,307,fixed_250ms,1,0.19009845670439773,0.42870287405726515,0.5529731337869137,0.24475233226232998,0.264375,0.3404255319148936,2,0.263125
moderate_independent,307,fixed_500ms,1,0.18986557104232205,0.6319158010585042,0.802973133786864,0.24697726275382867,0.071875,0.7913043478260869,2,0.07125
moderate_independent,307,queue_capped_250ms,1,0.19009845670439773,0.42870287405726515,0.5529731337869137,0.24475233226232998,0.264375,0.3404255319148936,2,0.263125
moderate_independent,308,no_hedge,1,0.19374524144058114,1.64934610864114,3.610688095112934,0.3225311712383607,0,0,2,0
moderate_independent,308,fixed_250ms,1,0.1911319505403668,0.4220148958230112,0.5955342556904384,0.2431725506063226,0.266875,0.27400468384074944,2,0.266875
moderate_independent,308,fixed_500ms,1,0.1924066450594779,0.609819721369135,0.8306692526057731,0.242962397029076,0.0625,0.82,2,0.0625
moderate_independent,308,queue_capped_250ms,1,0.1911319505403668,0.4220148958230112,0.5955342556904384,0.2431725506063226,0.266875,0.27400468384074944,2,0.266875
moderate_independent,309,no_hedge,1,0.1974021467483169,1.6675048511037573,3.7865430774769777,0.3334921354914283,0,0,2,0
moderate_independent,309,fixed_250ms,1,0.19495261059662994,0.4247227634668036,0.5523512110461901,0.2428411019305342,0.27875,0.3071748878923767,2,0.27875
moderate_independent,309,fixed_500ms,1,0.1938806582027297,0.6007096886962415,0.7768433778714865,0.24165493733512666,0.06375,0.8137254901960784,2,0.06375
moderate_independent,309,queue_capped_250ms,1,0.19495261059662994,0.4247227634668036,0.5523512110461901,0.2428411019305342,0.27875,0.3071748878923767,2,0.27875
moderate_independent,310,no_hedge,1,0.1976580852109322,1.746768642452949,3.635933349829365,0.32814452770070246,0,0,3,0
moderate_independent,310,fixed_250ms,1,0.19378617258615805,0.42508765956772265,0.5843630480237181,0.2469050524335924,0.289375,0.2937365010799136,3,0.289375
moderate_independent,310,fixed_500ms,1,0.19378617258615805,0.6018135932829694,0.8173713599120331,0.24638276048123925,0.066875,0.794392523364486,2,0.066875
moderate_independent,310,queue_capped_250ms,1,0.19378617258615805,0.42508765956772265,0.5843630480237181,0.2469050524335924,0.28875,0.2943722943722944,2,0.28875
moderate_independent,311,no_hedge,1,0.1909011372968905,1.4215915822410778,3.0435806360854443,0.3113965569139711,0,0,2,0
moderate_independent,311,fixed_250ms,1,0.19027680785846712,0.422600711707787,0.532597080184118,0.24443963879559605,0.27875,0.257847533632287,2,0.27875
moderate_independent,311,fixed_500ms,1,0.190212149188433,0.5850936899275538,0.780645436807788,0.24266533709709395,0.061875,0.7676767676767676,2,0.061875
moderate_independent,311,queue_capped_250ms,1,0.19027680785846712,0.422600711707787,0.532597080184118,0.24443963879559605,0.27875,0.257847533632287,2,0.27875
moderate_independent,312,no_hedge,1,0.19241031307965528,1.6656636744807116,3.1813430757736683,0.31299447207536335,0,0,3,0
moderate_independent,312,fixed_250ms,1,0.18907760943054086,0.43341775471640176,0.5538496779271611,0.24666211119837078,0.271875,0.30344827586206896,2,0.271875
moderate_independent,312,fixed_500ms,1,0.18865061300772723,0.6145176537313972,0.8022053737156938,0.2445991591192307,0.06625,0.7641509433962265,2,0.06625
moderate_independent,312,queue_capped_250ms,1,0.18907760943054086,0.43341775471640176,0.5538496779271611,0.24666211119837078,0.271875,0.30344827586206896,2,0.271875
moderate_independent,313,no_hedge,1,0.20027169514083454,2.0132188326122,3.474557445646383,0.3390513843680963,0,0,3,0
moderate_independent,313,fixed_250ms,1,0.1940086300782582,0.4329102700090317,0.5700371955386032,0.25115997238125704,0.305,0.29508196721311475,2,0.305
moderate_independent,313,fixed_500ms,1,0.1940086300782582,0.6393654016311174,0.8200371955385535,0.25167428313515916,0.07375,0.7796610169491526,2,0.07375
moderate_independent,313,queue_capped_250ms,1,0.1940086300782582,0.4329102700090317,0.5700371955386032,0.25115997238125704,0.305,0.29508196721311475,2,0.305
moderate_independent,314,no_hedge,1,0.19538894581852162,1.7345911829504814,3.891469739876044,0.3279465942519184,0,0,3,0
moderate_independent,314,fixed_250ms,1,0.19281578497442808,0.42742884448746565,0.5934792664424009,0.2421747289780107,0.288125,0.2754880694143167,2,0.2875
moderate_independent,314,fixed_500ms,1,0.19217740926417548,0.62358300256669,0.8089480055557337,0.24014235536238335,0.066875,0.8130841121495327,3,0.066875
moderate_independent,314,queue_capped_250ms,1,0.19281578497442808,0.42742884448746565,0.5934792664424009,0.2421747289780107,0.288125,0.2754880694143167,2,0.2875
moderate_independent,315,no_hedge,1,0.18998633542623367,1.3389041889214646,3.4083663936437887,0.31656997604968024,0,0,2,0
moderate_independent,315,fixed_250ms,1,0.18843940113352886,0.42852321613786515,0.5639586330658091,0.24012248956716298,0.2775,0.27702702702702703,2,0.276875
moderate_independent,315,fixed_500ms,1,0.18783964579166934,0.6135263442743053,0.7605752804203547,0.23823738440851563,0.060625,0.8350515463917526,2,0.06
moderate_independent,315,queue_capped_250ms,1,0.18843940113352886,0.42852321613786515,0.5639586330658091,0.24012248956716298,0.2775,0.27702702702702703,2,0.276875
moderate_independent,316,no_hedge,1,0.19325400780408586,1.8242984489553726,3.7909618765043733,0.3394366275970232,0,0,2,0
moderate_independent,316,fixed_250ms,1,0.19111150502730823,0.41620968625437627,0.5121491561501372,0.24058692998630218,0.275,0.30454545454545456,2,0.275
moderate_independent,316,fixed_500ms,1,0.18958734253911302,0.6172139576119449,0.7489743290102524,0.2415754061223383,0.0625,0.91,2,0.0625
moderate_independent,316,queue_capped_250ms,1,0.19111150502730823,0.41620968625437627,0.5121491561501372,0.24058692998630218,0.275,0.30454545454545456,2,0.275
moderate_independent,317,no_hedge,1,0.19466469625942295,0.8753376117742278,3.0635990541437437,0.28965489198892747,0,0,3,0
moderate_independent,317,fixed_250ms,1,0.19193387135425688,0.4137128354563515,0.5478074630637835,0.2338999702626544,0.26625,0.2511737089201878,2,0.26625
moderate_independent,317,fixed_500ms,1,0.19231825188312257,0.5567469978216764,0.7725976918371344,0.23078977511915613,0.055,0.8409090909090909,2,0.055
moderate_independent,317,queue_capped_250ms,1,0.19193387135425688,0.4137128354563515,0.5478074630637835,0.2338999702626544,0.26625,0.2511737089201878,2,0.26625
moderate_independent,318,no_hedge,1,0.19794001904157454,1.7897130965535304,3.7753739192335374,0.3191844993068623,0,0,3,0
moderate_independent,318,fixed_250ms,1,0.1922015261981258,0.4183051308723762,0.5718513211615175,0.24200079064718516,0.275,0.3,2,0.274375
moderate_independent,318,fixed_500ms,1,0.19236016297222136,0.5885476400775929,0.8160249653535345,0.2403345581500068,0.06,0.8229166666666666,2,0.06
moderate_independent,318,queue_capped_250ms,1,0.1922015261981258,0.4183051308723762,0.5718513211615175,0.24200079064718516,0.275,0.3,2,0.274375
moderate_independent,319,no_hedge,1,0.19289883660424323,1.874950017244096,3.640723883746091,0.3389642129424288,0,0,2,0
moderate_independent,319,fixed_250ms,1,0.1895218856347185,0.41598249090375816,0.5444353427114663,0.24215609746962785,0.28375,0.31718061674008813,2,0.283125
moderate_independent,319,fixed_500ms,1,0.1892794604948591,0.6104840038619557,0.7711794089846649,0.24375423677488078,0.070625,0.8230088495575221,2,0.070625
moderate_independent,319,queue_capped_250ms,1,0.1895218856347185,0.41598249090375816,0.5444353427114663,0.24215609746962785,0.28375,0.31718061674008813,2,0.283125
near_capacity_independent,0,no_hedge,1,0.7108880610365809,3.908896403860659,4.736507913888005,0.342408598070236,0,0,7,0
near_capacity_independent,0,fixed_250ms,1,0.22729208248844657,0.5414277267800998,0.7579756003463878,0.25725159614760135,0.4175,0.27095808383233533,4,0.4175
near_capacity_independent,0,fixed_500ms,1,0.22788486846930667,0.78157488505581,1.1409968451539232,0.25870474271474647,0.14625,0.5213675213675214,5,0.14625
near_capacity_independent,0,queue_capped_250ms,1,0.23209343461896026,0.5775079288891298,0.9325977727092596,0.26025824532025277,0.38375,0.2703583061889251,3,0.38375
near_capacity_independent,1,no_hedge,0.99125,0.37339902879715225,3.353429823999896,7.511058187935486,0.31038489722293333,0,0,9,0
near_capacity_independent,1,fixed_250ms,1,0.21510801567167626,0.4775025691020911,0.6345461254955751,0.24216851594176994,0.365625,0.24444444444444444,3,0.365625
near_capacity_independent,1,fixed_500ms,1,0.2123756548490192,0.6536362647155798,0.8731524105399444,0.23954882425347468,0.095625,0.5751633986928104,3,0.095625
near_capacity_independent,1,queue_capped_250ms,1,0.21503930956534134,0.48974141110568503,0.6735712653154584,0.24229206726908806,0.34375,0.2545454545454545,3,0.34375
near_capacity_independent,2,no_hedge,0.998125,0.6747702248000707,4.71748958645054,6.566860507498676,0.35177366989701186,0,0,8,0
near_capacity_independent,2,fixed_250ms,1,0.21732499244303227,0.5243325540769668,0.7334237344901435,0.24153370780458996,0.3725,0.2651006711409396,4,0.3725
near_capacity_independent,2,fixed_500ms,1,0.21805482922304265,0.7725357429081896,1.2280525861764886,0.2457364553749811,0.135625,0.5023041474654378,7,0.135625
near_capacity_independent,2,queue_capped_250ms,1,0.219693909368452,0.5820152837378778,1.608052586176683,0.2440571639934922,0.32,0.275390625,5,0.32
near_capacity_independent,3,no_hedge,1,0.2976949017196091,2.7413990328514686,5.0635215721408,0.3120226410296661,0,0,6,0
near_capacity_independent,3,fixed_250ms,1,0.2155378201800744,0.5032302947300202,0.6991436452560507,0.252248023781163,0.369375,0.2622673434856176,3,0.36875
near_capacity_independent,3,fixed_500ms,1,0.20988570770994386,0.6634646038158252,0.9332057965041471,0.24454020706917257,0.0875,0.6928571428571428,3,0.0875
near_capacity_independent,3,queue_capped_250ms,1,0.21782290305548102,0.49219709352208585,0.7395362931313727,0.2525374333498381,0.355625,0.2618629173989455,3,0.355
near_capacity_independent,4,no_hedge,1,0.32053136508203295,2.869511022934752,4.888693550872567,0.32080568256571873,0,0,5,0
near_capacity_independent,4,fixed_250ms,1,0.20928020631144761,0.5190837298006805,0.7391071620747454,0.2431645917200345,0.358125,0.27225130890052357,4,0.3575
near_capacity_independent,4,fixed_500ms,1,0.20990476304697125,0.7036620787210026,0.8823772021214822,0.2418004898661242,0.108125,0.5433526011560693,4,0.108125
near_capacity_independent,4,queue_capped_250ms,1,0.20862942131239492,0.5049086751290517,0.7414293296600363,0.24312745826782403,0.3325,0.2706766917293233,3,0.3325
near_capacity_independent,5,no_hedge,1,0.23821314044511377,2.0116770196457523,3.7359522435139922,0.3025613169772658,0,0,4,0
near_capacity_independent,5,fixed_250ms,1,0.20778072108500112,0.4805685152422612,0.7452987819229406,0.24794509940107112,0.35875,0.27526132404181186,3,0.358125
near_capacity_independent,5,fixed_500ms,1,0.20409207836067367,0.6251149774997771,0.8799195377130715,0.2425528483591495,0.0825,0.6212121212121212,3,0.0825
near_capacity_independent,5,queue_capped_250ms,1,0.2068730408427797,0.4740149422513369,0.7873918680540797,0.24715012155017493,0.345625,0.2820976491862568,3,0.345
near_capacity_independent,6,no_hedge,1,0.28342080094371624,2.721594570171529,4.825817874072461,0.3084145514956235,0,0,8,0
near_capacity_independent,6,fixed_250ms,1,0.21418071228020352,0.4960523580037659,0.6991982997385406,0.2524452254949779,0.37875,0.24752475247524752,3,0.3775
near_capacity_independent,6,fixed_500ms,1,0.210472258669256,0.654672921886819,0.8521216128517892,0.2445291583260611,0.089375,0.6083916083916084,3,0.0875
near_capacity_independent,6,queue_capped_250ms,1,0.21415716053907907,0.48206104797701954,0.7202304833001403,0.2515510664985275,0.365625,0.2512820512820513,3,0.364375
near_capacity_independent,7,no_hedge,1,0.5090589182100871,4.291313834929518,6.263906898648301,0.3178436608429859,0,0,11,0
near_capacity_independent,7,fixed_250ms,1,0.22652563441443618,0.6047384885219493,0.9180040067339093,0.25104551502831063,0.418125,0.2556053811659193,6,0.418125
near_capacity_independent,7,fixed_500ms,1,0.2230652520908123,0.7022564950812686,1.030371993687826,0.2451229917327452,0.1075,0.5697674418604651,4,0.1075
near_capacity_independent,7,queue_capped_250ms,1,0.22876759705034644,0.5534646231776676,1.2256878489267606,0.25356231318142547,0.366875,0.2555366269165247,3,0.366875
near_capacity_independent,8,no_hedge,1,0.5676768107159091,3.8318861089936576,5.7473236679062865,0.3396280026576069,0,0,7,0
near_capacity_independent,8,fixed_250ms,1,0.2489140542431656,0.7456263549216295,1.2497637474754058,0.26488914448128353,0.48,0.28125,7,0.48
near_capacity_independent,8,fixed_500ms,1,0.23973595835477113,0.838191142726501,1.374810625050884,0.2604867679530394,0.175625,0.4483985765124555,7,0.175625
near_capacity_independent,8,queue_capped_250ms,1,0.25096732345586226,0.7124550494450688,2.283508937397116,0.2780127237985206,0.374375,0.2904841402337229,4,0.37375
near_capacity_independent,9,no_hedge,0.999375,0.25224455236782006,2.4862503259287507,4.53852488389316,0.302050764508548,0,0,6,0
near_capacity_independent,9,fixed_250ms,1,0.21557549918456687,0.6142162742198565,1.1102834400028527,0.2490965598128181,0.38,0.24835526315789475,6,0.38
near_capacity_independent,9,fixed_500ms,1,0.20938228731622355,0.704019310679957,1.071519137712155,0.24126180575817158,0.098125,0.5222929936305732,5,0.098125
near_capacity_independent,9,queue_capped_250ms,1,0.20887198721326428,0.5263532738790389,0.9276542557210448,0.2493490001216982,0.331875,0.2542372881355932,3,0.331875
near_capacity_independent,10,no_hedge,0.99375,0.463132198082171,3.6565882401235257,6.279023844942834,0.3475543286160034,0,0,7,0
near_capacity_independent,10,fixed_250ms,1,0.21104542823263728,0.5231161349112119,0.7878291624442184,0.25024280770741386,0.383125,0.29526916802610115,5,0.383125
near_capacity_independent,10,fixed_500ms,1,0.2141645497610014,0.7068367620798526,0.9300837113573053,0.25215549066198933,0.115,0.6467391304347826,3,0.115
near_capacity_independent,10,queue_capped_250ms,1,0.21154680936299286,0.5434971598027403,0.8868592959364037,0.255953451954061,0.35875,0.31881533101045295,3,0.356875
near_capacity_independent,11,no_hedge,0.991875,1.5774203691046296,4.840312394566535,7.751733955134,0.3420174244571422,0,0,11,0
near_capacity_independent,11,fixed_250ms,1,0.24666924943763036,0.7959772247466965,1.4060474118727235,0.25919629510249587,0.478125,0.265359477124183,8,0.478125
near_capacity_independent,11,fixed_500ms,1,0.24432075160922295,0.952496519951481,1.5788154367701175,0.25854171075246574,0.19375,0.44193548387096776,8,0.1925
near_capacity_independent,11,queue_capped_250ms,1,0.27636210778850057,2.134935438548659,4.003933378709787,0.28084879487406444,0.333125,0.27392120075046905,6,0.333125
near_capacity_independent,12,no_hedge,0.998125,0.27426280924793645,2.386635810191148,4.216877028821301,0.32116729233623253,0,0,4,0
near_capacity_independent,12,fixed_250ms,1,0.21419082171877335,0.49060195707881604,0.7171671127272532,0.24996888906099976,0.355625,0.3181019332161687,4,0.355625
near_capacity_independent,12,fixed_500ms,1,0.211827063294038,0.6632558227212488,0.9863766195240533,0.2500621015040122,0.101875,0.6012269938650306,4,0.101875
near_capacity_independent,12,queue_capped_250ms,1,0.21419827346080567,0.47700175288073865,0.7792515684129881,0.25346431583341933,0.34375,0.3181818181818182,3,0.34375
near_capacity_independent,13,no_hedge,0.99375,0.39201219378813157,3.7020819107462444,5.698622050814677,0.3412734416241064,0,0,10,0
near_capacity_independent,13,fixed_250ms,1,0.2090849341030001,0.49056553073047837,0.6877926945369097,0.24905933637833452,0.3675,0.28061224489795916,3,0.366875
near_capacity_independent,13,fixed_500ms,1,0.20705962294345515,0.7127340370281274,0.9627298350549012,0.253117452793907,0.106875,0.7309941520467836,3,0.10625
near_capacity_independent,13,queue_capped_250ms,1,0.21105454581872607,0.5062697721491247,0.8658883184636323,0.25203028557885276,0.346875,0.2936936936936937,3,0.34625
near_capacity_independent,14,no_hedge,1,0.3508575048035425,2.7413476085203747,4.383521629363507,0.31333216598454317,0,0,6,0
near_capacity_independent,14,fixed_250ms,1,0.23677489527911177,0.9037230355189152,1.435774850604055,0.2516062340265959,0.444375,0.28270042194092826,9,0.44375
near_capacity_independent,14,fixed_500ms,1,0.24075162200812272,0.9914950045649533,1.569331131571694,0.254725391199137,0.2025,0.38271604938271603,7,0.2025
near_capacity_independent,14,queue_capped_250ms,1,0.25374749216352654,1.1738709960705265,3.0231025497824504,0.2662076491314981,0.325625,0.2802303262955854,6,0.325
near_capacity_independent,15,no_hedge,1,0.6157396541646705,3.8316542092128074,5.356982308047442,0.33723066347996755,0,0,8,0
near_capacity_independent,15,fixed_250ms,1,0.23512001566277085,0.6082282654332687,0.9547014328892232,0.2586431646683427,0.444375,0.27285513361462727,5,0.44375
near_capacity_independent,15,fixed_500ms,1,0.2309931330235031,0.7469918847308499,1.0619926585115387,0.25340549055725337,0.130625,0.5454545454545454,4,0.130625
near_capacity_independent,15,queue_capped_250ms,1,0.24219488505389108,0.642463202948548,1.8377011159938341,0.26697880919104444,0.375625,0.30449251247920134,4,0.375
near_capacity_independent,16,no_hedge,1,0.43067305394217215,3.506225670697414,5.287915118750156,0.3349361453340663,0,0,7,0
near_capacity_independent,16,fixed_250ms,1,0.23245867682411614,0.6223302717318973,1.1583573664920976,0.2622073536032377,0.43625,0.2664756446991404,5,0.435
near_capacity_independent,16,fixed_500ms,1,0.226317445761554,0.7276572538654946,1.2080998947810144,0.2570918963104489,0.125,0.55,5,0.125
near_capacity_independent,16,queue_capped_250ms,1,0.23701062730732225,0.6038583044277743,2.267782291045642,0.2655876028557857,0.39125,0.2763578274760383,4,0.390625
near_capacity_independent,17,no_hedge,1,0.40445881846254395,3.47023961718984,5.218603496286505,0.32190753808385414,0,0,7,0
near_capacity_independent,17,fixed_250ms,1,0.23244554166499398,0.706167782783595,1.145542964318281,0.24880558526052124,0.436875,0.27896995708154504,8,0.435625
near_capacity_independent,17,fixed_500ms,1,0.22990905239321435,0.8813785985867213,1.4116667092686832,0.2502985847789933,0.16125,0.437984496124031,8,0.16125
near_capacity_independent,17,queue_capped_250ms,1,0.2349415708446756,0.7431632453698533,3.015358774409215,0.25391488623949227,0.35375,0.2862190812720848,5,0.3525
near_capacity_independent,18,no_hedge,1,0.2748264138154326,2.397778757217928,3.6126256809297352,0.3102280673371753,0,0,5,0
near_capacity_independent,18,fixed_250ms,1,0.21772976421217294,0.48499094168542456,0.7357134817306203,0.24869593543685758,0.376875,0.23880597014925373,4,0.376875
near_capacity_independent,18,fixed_500ms,1,0.21246391259116137,0.6864999045665527,0.9444343528158186,0.24548540737816393,0.09125,0.6438356164383562,3,0.09125
near_capacity_independent,18,queue_capped_250ms,1,0.22102108042582103,0.5220913946709658,1.046090384799676,0.25385947271622744,0.349375,0.25760286225402507,3,0.349375
near_capacity_independent,19,no_hedge,1,0.26431163337095853,2.2293739833543773,3.885604444012362,0.30475124239744866,0,0,4,0
near_capacity_independent,19,fixed_250ms,1,0.20782048246782914,0.4587144957052516,0.6226592567248384,0.24214375553423528,0.35125,0.24733096085409254,3,0.350625
near_capacity_independent,19,fixed_500ms,1,0.2092723931807292,0.6398596767466103,0.8665582073069729,0.24062826161879491,0.078125,0.76,3,0.0775
near_capacity_independent,19,queue_capped_250ms,1,0.20787559768297115,0.4587144957052516,0.6347953163469526,0.2428070840630691,0.351875,0.23978685612788633,3,0.35125
near_capacity_independent,20,no_hedge,0.99875,0.2394518996758066,1.8779189062082509,4.317522734934933,0.2925713396783481,0,0,4,0
near_capacity_independent,20,fixed_250ms,1,0.21182365366932387,0.5076443679962424,0.7497882885179337,0.24612910772920446,0.376875,0.25538971807628524,5,0.376875
near_capacity_independent,20,fixed_500ms,1,0.20863055459050805,0.6254121203061982,0.8543592128550621,0.23999512364541575,0.085625,0.5182481751824818,3,0.08375
near_capacity_independent,20,queue_capped_250ms,1,0.21947535627097992,0.6075307401906826,2.890633312187461,0.25708498221157505,0.321875,0.27766990291262134,4,0.321875
near_capacity_independent,21,no_hedge,0.98875,0.3933919815617841,4.665410365902574,8,0.35737040215677673,0,0,12,0
near_capacity_independent,21,fixed_250ms,1,0.2316618073620731,0.8636468216313489,1.4872967733869729,0.2661931246670533,0.43125,0.29130434782608694,9,0.43125
near_capacity_independent,21,fixed_500ms,1,0.22697041860411105,0.7369479478667791,1.1501188749712838,0.2639347728445795,0.14,0.5848214285714286,4,0.139375
near_capacity_independent,21,queue_capped_250ms,0.998125,0.2686851035871278,4.238404117139268,6.40582575620158,0.2950320758289032,0.29375,0.2765957446808511,11,0.29375
near_capacity_independent,22,no_hedge,0.998125,0.36440633888745566,3.946710621168762,5.833227282329851,0.32278296859256755,0,0,9,0
near_capacity_independent,22,fixed_250ms,1,0.21852178595848315,0.4960590449769384,0.7079937927028936,0.2453462305719999,0.373125,0.2629815745393635,4,0.3725
near_capacity_independent,22,fixed_500ms,1,0.2164341530307059,0.6967882504128582,0.9311460835212202,0.2420503840420137,0.098125,0.643312101910828,4,0.098125
near_capacity_independent,22,queue_capped_250ms,1,0.21837694478268332,0.4945919364648148,0.7079937927028936,0.24484554801255187,0.35625,0.26842105263157895,3,0.355625
near_capacity_independent,23,no_hedge,0.9975,0.6009206715754871,4.449272589797388,6.180230975248705,0.33669732028125643,0,0,10,0
near_capacity_independent,23,fixed_250ms,1,0.23264537935199048,0.5798908838463603,0.8222261746572883,0.2529906988866992,0.430625,0.26995645863570394,6,0.430625
near_capacity_independent,23,fixed_500ms,1,0.22656134888588175,0.7296817428169788,0.977818561533315,0.25236173159753966,0.1275,0.5245098039215687,3,0.126875
near_capacity_independent,23,queue_capped_250ms,1,0.24438103634131636,0.6494006374908423,2.9118838097201163,0.2651972585696324,0.36625,0.2593856655290102,3,0.36625
near_capacity_independent,24,no_hedge,0.998125,0.3631151554709646,3.7581826743871183,6.956672501571635,0.32056345966313243,0,0,9,0
near_capacity_independent,24,fixed_250ms,1,0.21656812786466872,0.5537245107000928,0.9001061945052484,0.24926558761411555,0.389375,0.27608346709470305,5,0.389375
near_capacity_independent,24,fixed_500ms,1,0.21412207410055828,0.7179394127384029,1.0292508585572548,0.24701817283276528,0.115,0.5543478260869565,4,0.115
near_capacity_independent,24,queue_capped_250ms,1,0.2150836345153042,0.5057060590955729,0.7612727522873683,0.2503095559314809,0.363125,0.2685025817555938,3,0.361875
near_capacity_independent,25,no_hedge,1,0.22772421599431425,2.262771395922883,3.705845416818889,0.276145579966096,0,0,6,0
near_capacity_independent,25,fixed_250ms,1,0.20130847786694517,0.5697704866561288,1.1876375369000582,0.23351354400890223,0.3425,0.2572992700729927,6,0.341875
near_capacity_independent,25,fixed_500ms,1,0.20810336428817067,0.8458838923558121,1.6058661910497438,0.234321999364487,0.131875,0.4312796208530806,7,0.131875
near_capacity_independent,25,queue_capped_250ms,1,0.20723936974989954,0.5623204028661757,1.9629180286117083,0.23866965283246638,0.293125,0.2537313432835821,4,0.2925
near_capacity_independent,26,no_hedge,1,0.27240172693532116,2.52163703468257,4.325991888253796,0.3101856644576847,0,0,5,0
near_capacity_independent,26,fixed_250ms,1,0.20690215854961025,0.5464746821879061,1.1143256036428113,0.24579155267656008,0.345625,0.26763110307414106,7,0.345
near_capacity_independent,26,fixed_500ms,1,0.20587948150467028,0.7091280315437842,1.2043256036428573,0.24300510599022496,0.1075,0.5406976744186046,6,0.106875
near_capacity_independent,26,queue_capped_250ms,1,0.20797006526948536,0.5356888126722481,1.7343788161971503,0.24841264409548555,0.311875,0.2625250501002004,5,0.31125
near_capacity_independent,27,no_hedge,0.998125,0.3477573035824735,3.104366591737076,5.267220854901105,0.3060721306993214,0,0,7,0
near_capacity_independent,27,fixed_250ms,1,0.21915714627414928,0.512857712920221,0.7063009037586454,0.24675176468110002,0.398125,0.27001569858712715,5,0.3975
near_capacity_independent,27,fixed_500ms,1,0.21592685360384234,0.6833911508994461,0.8997696204396135,0.2434031414680182,0.105,0.5178571428571429,4,0.105
near_capacity_independent,27,queue_capped_250ms,1,0.22011926697955175,0.5182502141352394,0.9237059709592295,0.2522243398819235,0.3475,0.29136690647482016,3,0.346875
near_capacity_independent,28,no_hedge,1,0.3037942075073303,2.8860801286568716,4.961503114941735,0.3224171363475182,0,0,6,0
near_capacity_independent,28,fixed_250ms,1,0.22139338001937858,0.5376142266292874,1.0050888050709048,0.25663295931850905,0.388125,0.23993558776167473,5,0.388125
near_capacity_independent,28,fixed_500ms,1,0.21880267113647278,0.6944437773000871,0.9982234995966266,0.2507527420796638,0.1,0.65625,3,0.1
near_capacity_independent,28,queue_capped_250ms,1,0.2201968843056008,0.5203285528774515,0.8910456683306407,0.2585076080994844,0.361875,0.2538860103626943,3,0.361875
near_capacity_independent,29,no_hedge,1,0.3385302637788712,2.6607261663346975,4.5316743508597535,0.31228528669356675,0,0,6,0
near_capacity_independent,29,fixed_250ms,1,0.23444934964780018,0.5550878692432741,0.844176638696515,0.25846108418134717,0.446875,0.24195804195804196,4,0.44625
near_capacity_independent,29,fixed_500ms,1,0.2190844228794262,0.6542022066075681,0.9168801862072105,0.24856719791518347,0.09125,0.6438356164383562,3,0.09125
near_capacity_independent,29,queue_capped_250ms,1,0.23953220885373838,0.5966018984793049,1.8128585099031689,0.2663149149440204,0.39125,0.25559105431309903,3,0.390625
near_capacity_independent,30,no_hedge,0.9975,0.2758064441942931,2.386195086262653,4.371656116116849,0.31221664273854094,0,0,5,0
near_capacity_independent,30,fixed_250ms,1,0.21956548987177182,0.5687097156751344,0.9130917859070262,0.24934463837380696,0.37875,0.2590759075907591,5,0.37875
near_capacity_independent,30,fixed_500ms,1,0.21293234126537897,0.6881080909472388,1.014885544874005,0.24416119293921298,0.1125,0.5,4,0.1125
near_capacity_independent,30,queue_capped_250ms,0.998125,0.22340517039258856,0.5589039242055147,2.04894910971905,0.258221587719985,0.341875,0.27239488117001825,3,0.341875
near_capacity_independent,31,no_hedge,0.999375,0.4025583375125308,3.2771115187011635,5.153902959747214,0.3297489185703702,0,0,8,0
near_capacity_independent,31,fixed_250ms,1,0.21852456342585924,0.550967010915258,0.82677762081682,0.2496533318140566,0.4025,0.29037267080745344,5,0.4025
near_capacity_independent,31,fixed_500ms,1,0.21961784583898236,0.7669446998156104,1.0900477368943484,0.24872082919244384,0.140625,0.5022222222222222,5,0.140625
near_capacity_independent,31,queue_capped_250ms,1,0.21758544376820055,0.5485943471867998,0.8172833770152153,0.2497058714225365,0.355625,0.28646748681898065,3,0.355625
near_capacity_independent,32,no_hedge,1,0.29004593800388534,2.749064224055304,4.315510633211176,0.3047417759722507,0,0,6,0
near_capacity_independent,32,fixed_250ms,1,0.19814230970337654,0.4631010418918109,0.676782163764365,0.23718311775851897,0.329375,0.2732447817836812,3,0.32875
near_capacity_independent,32,fixed_500ms,1,0.19733213883723977,0.6608907872268475,0.9628583885390825,0.23529142672034267,0.0875,0.6928571428571428,3,0.0875
near_capacity_independent,32,queue_capped_250ms,1,0.19758769531149856,0.47525557332408397,0.7003054360924086,0.23670765573768676,0.313125,0.27944111776447106,3,0.3125
near_capacity_independent,33,no_hedge,1,0.4057225675373033,3.0313642117096498,4.807137106526355,0.31491418704075597,0,0,7,0
near_capacity_independent,33,fixed_250ms,1,0.23003801224074039,0.5241338016729316,0.7862016452915341,0.24596138229740494,0.42125,0.23590504451038577,5,0.420625
near_capacity_independent,33,fixed_500ms,1,0.21964854684565438,0.6828952650027276,0.8839731458038216,0.24086610442996137,0.100625,0.5714285714285714,3,0.100625
near_capacity_independent,33,queue_capped_250ms,1,0.22820938680590075,0.5252168467340255,0.7417556416550397,0.24651396735485107,0.3725,0.25,3,0.371875
near_capacity_independent,34,no_hedge,1,0.25539060978129413,2.4582519362166693,3.9145634647468626,0.2968193600277681,0,0,6,0
near_capacity_independent,34,fixed_250ms,1,0.2146491534336974,0.4815742011417967,0.6851958559949054,0.2434243795778014,0.356875,0.25569176882662,3,0.35625
near_capacity_independent,34,fixed_500ms,1,0.2146491534336974,0.7028113906888862,1.0261727821535374,0.2422715623879985,0.104375,0.5209580838323353,4,0.104375
near_capacity_independent,34,queue_capped_250ms,1,0.21464295656288002,0.49088066718230294,0.7336427170006417,0.245096189988164,0.33125,0.269811320754717,3,0.330625
near_capacity_independent,35,no_hedge,1,0.2293260988535053,1.9177683005921367,3.3097232610167087,0.2858806725749989,0,0,5,0
near_capacity_independent,35,fixed_250ms,1,0.19688465087711648,0.43554552584974005,0.5820129368819806,0.23152625292302187,0.300625,0.2598752598752599,3,0.300625
near_capacity_independent,35,fixed_500ms,1,0.19442912314117677,0.5835736293366605,0.7784976664062597,0.22784988601006848,0.065625,0.7142857142857143,3,0.065
near_capacity_independent,35,queue_capped_250ms,1,0.19679773003454315,0.43554552584974005,0.578169628377438,0.23126009263823147,0.298125,0.259958071278826,3,0.298125
near_capacity_independent,36,no_hedge,1,0.617233983721126,4.227637900969604,6.365193615856803,0.3335289173312384,0,0,10,0
near_capacity_independent,36,fixed_250ms,1,0.22332464063278223,0.5805221240711518,0.8537746305042688,0.25163247686024265,0.408125,0.28637059724349156,4,0.408125
near_capacity_independent,36,fixed_500ms,1,0.22429034288117577,0.7545915768154643,1.074998805465384,0.2533191714818878,0.145625,0.4978540772532189,4,0.145625
near_capacity_independent,36,queue_capped_250ms,0.9975,0.29052794760046297,2.1144703132177582,4.891046450391819,0.2841874427748565,0.3075,0.3130081300813008,7,0.3075
near_capacity_independent,37,no_hedge,1,0.28047496429118013,2.177385019186744,3.8968019144215376,0.28892475428557857,0,0,6,0
near_capacity_independent,37,fixed_250ms,1,0.2144585570747708,0.5093913176151368,0.7179908177421268,0.240851526988639,0.36625,0.25426621160409557,4,0.36625
near_capacity_independent,37,fixed_500ms,1,0.21178605853884136,0.6396988786666356,0.884646319313017,0.23566916416568479,0.089375,0.5454545454545454,4,0.089375
near_capacity_independent,37,queue_capped_250ms,1,0.2145065111448261,0.4985575186856144,0.7152506877467388,0.23940372918274874,0.338125,0.2532347504621072,3,0.338125
near_capacity_independent,38,no_hedge,0.99875,0.7368921464266052,4.093702398716204,6.1441023064341636,0.32993877812591593,0,0,10,0
near_capacity_independent,38,fixed_250ms,1,0.23465282216966,0.5959833258588532,0.9032200223465807,0.2531373874244798,0.44375,0.24084507042253522,6,0.44375
near_capacity_independent,38,fixed_500ms,1,0.2307712386410543,0.7503992206026737,1.1765066787733147,0.249178041494564,0.136875,0.5296803652968036,5,0.136875
near_capacity_independent,38,queue_capped_250ms,1,0.23714024874544748,0.5692881170656108,1.4313858843403153,0.25638821782966514,0.38875,0.2540192926045016,4,0.38875
near_capacity_independent,39,no_hedge,1,0.2987086635614702,2.6621124318372154,4.328659156777903,0.3181209677212675,0,0,5,0
near_capacity_independent,39,fixed_250ms,1,0.20716815797446486,0.5119800390059268,0.8858907338546445,0.2447526433538304,0.36125,0.2577854671280277,5,0.36125
near_capacity_independent,39,fixed_500ms,1,0.20621395771036077,0.68134156047131,0.8858769349247346,0.24240710426754258,0.09625,0.6038961038961039,4,0.09625
near_capacity_independent,39,queue_capped_250ms,1,0.2074707821412396,0.4996761174444906,1.2218590947559917,0.24606942738739984,0.33,0.26515151515151514,4,0.33
near_capacity_independent,40,no_hedge,0.99875,0.3463618792973193,2.9937734532500144,6.037501759158921,0.3120819562328301,0,0,7,0
near_capacity_independent,40,fixed_250ms,1,0.20881621723837096,0.4700066192329775,0.631434718688098,0.2394283535921164,0.349375,0.2880143112701252,3,0.349375
near_capacity_independent,40,fixed_500ms,1,0.20911635666717743,0.6706551610673799,0.8730982890383743,0.2374673301539001,0.1025,0.6036585365853658,4,0.10125
near_capacity_independent,40,queue_capped_250ms,1,0.21024819410118667,0.47262721865579493,0.6506551610673839,0.24023776108613742,0.334375,0.2897196261682243,3,0.334375
near_capacity_independent,41,no_hedge,0.99125,0.7898662392920208,4.385999247530361,6.898073420071071,0.33381145922465044,0,0,10,0
near_capacity_independent,41,fixed_250ms,1,0.210628455885562,0.48664897144963604,0.6269397371127035,0.24085838274086804,0.3575,0.256993006993007,3,0.356875
near_capacity_independent,41,fixed_500ms,1,0.21235389043541186,0.6824284868623565,0.9570826771262588,0.24271195730485762,0.104375,0.6047904191616766,3,0.104375
near_capacity_independent,41,queue_capped_250ms,1,0.2095112819982745,0.48116916819317446,0.6157893109435335,0.2413346629082349,0.345,0.26268115942028986,3,0.344375
near_capacity_independent,42,no_hedge,1,0.2872483310377163,2.3365617750215915,3.6950223290400075,0.30079007664216734,0,0,4,0
near_capacity_independent,42,fixed_250ms,1,0.21089587888078398,0.5225474924225679,0.7302971499912374,0.2424845271639691,0.368125,0.24108658743633277,4,0.368125
near_capacity_independent,42,fixed_500ms,1,0.21800555497824448,0.733420642753174,1.1073320339615549,0.2440378581388168,0.115,0.5054347826086957,5,0.114375
near_capacity_independent,42,queue_capped_250ms,1,0.2111974446063556,0.5114804289850028,0.738733860180421,0.24345437329606043,0.343125,0.2586520947176685,3,0.343125
near_capacity_independent,43,no_hedge,1,0.35305770655559954,3.167790053520136,4.616003988763257,0.3301635037031952,0,0,6,0
near_capacity_independent,43,fixed_250ms,1,0.2179293031655014,0.5118747810796549,0.7564698626392374,0.2560159067304425,0.38125,0.2754098360655738,4,0.38125
near_capacity_independent,43,fixed_500ms,1,0.2179293031655014,0.7225242274452057,1.0571598847394341,0.2542397284258072,0.115,0.5815217391304348,4,0.115
near_capacity_independent,43,queue_capped_250ms,1,0.21558841996590528,0.5098439769926131,0.7180332416367818,0.25588229345320745,0.365625,0.2923076923076923,3,0.365625
near_capacity_independent,44,no_hedge,0.999375,0.3581173689771191,2.889695602351747,4.815046284543698,0.3219628890961378,0,0,8,0
near_capacity_independent,44,fixed_250ms,1,0.2164147672083132,0.5016145842673794,0.723149518387757,0.2530763247191336,0.385625,0.24473257698541329,4,0.385625
near_capacity_independent,44,fixed_500ms,1,0.2174641412024627,0.7329354789621298,1.1886075997739667,0.2548444014257595,0.12375,0.5555555555555556,4,0.12375
near_capacity_independent,44,queue_capped_250ms,1,0.21588555982239654,0.4934187524789664,0.757723558990083,0.25283719694224593,0.35875,0.24738675958188153,3,0.35875
near_capacity_independent,45,no_hedge,1,0.2692760097022804,2.199435218234356,4.145881663754928,0.29903472726563235,0,0,4,0
near_capacity_independent,45,fixed_250ms,1,0.21960013939463607,0.4998013106352843,0.7171503649545627,0.25082035766851174,0.385625,0.26580226904376014,4,0.385625
near_capacity_independent,45,fixed_500ms,1,0.21292624672297933,0.6844838813158383,1.1840893508557286,0.2461981464014606,0.1,0.53125,5,0.099375
near_capacity_independent,45,queue_capped_250ms,1,0.21739457521464622,0.49003846328322,0.7651430985854688,0.25106983302698466,0.361875,0.27806563039723664,3,0.361875
near_capacity_independent,46,no_hedge,1,0.29144322816675583,2.5350968688923956,4.116806923441601,0.31195387081735215,0,0,4,0
near_capacity_independent,46,fixed_250ms,1,0.2049288529419897,0.47368328824542516,0.6993929839977646,0.2380127962998797,0.32875,0.24904942965779467,4,0.328125
near_capacity_independent,46,fixed_500ms,1,0.2048002688463484,0.6272853545052754,0.895737264742948,0.2366454879963366,0.08625,0.6739130434782609,3,0.085625
near_capacity_independent,46,queue_capped_250ms,1,0.20616758640471744,0.46997677141842864,0.6913241689201257,0.2403050621964071,0.32,0.263671875,3,0.319375
near_capacity_independent,47,no_hedge,0.996875,0.46447448979489536,3.858751952652254,5.823550784551207,0.35267425641645483,0,0,7,0
near_capacity_independent,47,fixed_250ms,1,0.22734833157985435,0.5391738011905343,0.7826413886090577,0.26181331722988793,0.41875,0.31044776119402984,4,0.41875
near_capacity_independent,47,fixed_500ms,1,0.21949583188897936,0.7075262487481986,1.011628598061023,0.25805636308208896,0.130625,0.5645933014354066,3,0.130625
near_capacity_independent,47,queue_capped_250ms,1,0.22598072846709272,0.5423401386994229,1.3603426217503234,0.26277152430022227,0.383125,0.3181076672104405,3,0.383125
near_capacity_independent,48,no_hedge,0.999375,0.5885575877673852,3.7844240032952285,6.161277979448322,0.32062297812753454,0,0,9,0
near_capacity_independent,48,fixed_250ms,1,0.2436215459271267,0.8033991780432927,1.230098097048888,0.2544227177439583,0.470625,0.2350597609561753,8,0.47
near_capacity_independent,48,fixed_500ms,1,0.23319563657644693,0.7295588402773987,0.979424374862047,0.24638975359761578,0.133125,0.49765258215962443,4,0.133125
near_capacity_independent,48,queue_capped_250ms,1,0.27326646685047074,1.0687131580076397,3.393306687097322,0.2692928447131479,0.355625,0.2530755711775044,6,0.355
near_capacity_independent,49,no_hedge,1,0.6084291835126479,4.213519747450704,5.526458417377068,0.34022936980176505,0,0,7,0
near_capacity_independent,49,fixed_250ms,1,0.22390981240437213,0.6029949342147845,0.9064510013933429,0.24903044411369887,0.414375,0.248868778280543,6,0.414375
near_capacity_independent,49,fixed_500ms,1,0.21773655655029955,0.7243685987961257,1.0335316307838411,0.24456827676316145,0.125,0.53,5,0.125
near_capacity_independent,49,queue_capped_250ms,1,0.2301426633707564,0.6210377027462997,2.255783434141101,0.2559868937317947,0.36125,0.25951557093425603,5,0.36125
near_capacity_independent,50,no_hedge,1,0.27513081609944123,2.7443182090877016,4.656455736361082,0.3095306857198092,0,0,5,0
near_capacity_independent,50,fixed_250ms,1,0.2074016334158415,0.49574910248831117,0.6648057517957753,0.24107480942424545,0.33875,0.28413284132841327,4,0.33875
near_capacity_independent,50,fixed_500ms,1,0.20241611286360683,0.6616881569638053,0.9265124856247375,0.23885580428472422,0.09,0.6180555555555556,3,0.09
near_capacity_independent,50,queue_capped_250ms,1,0.22326469712230335,0.9450185227650394,4.042030062963704,0.25964157310952046,0.26875,0.28837209302325584,5,0.26875
near_capacity_independent,51,no_hedge,1,0.5433781143701495,3.5712615407021175,5.168412493488418,0.32836327361473105,0,0,8,0
near_capacity_independent,51,fixed_250ms,1,0.2264584617498855,0.5478527495605405,0.7605916989714387,0.25497621406447407,0.4325,0.25578034682080925,4,0.4325
near_capacity_independent,51,fixed_500ms,1,0.2350991563368865,0.7866208252123954,1.1533130201402404,0.25786648071627916,0.156875,0.47808764940239046,4,0.156875
near_capacity_independent,51,queue_capped_250ms,1,0.23603243755058645,0.5711571651811482,1.2934877195232914,0.261503435429414,0.385625,0.2771474878444084,3,0.385625
near_capacity_independent,52,no_hedge,1,0.4254073795125315,3.2067701392821455,4.3655690764153015,0.32914130246265955,0,0,7,0
near_capacity_independent,52,fixed_250ms,1,0.21582319189189647,0.5004891084948637,0.7276220047634716,0.25148637173547866,0.378125,0.28760330578512394,4,0.378125
near_capacity_independent,52,fixed_500ms,1,0.21945791536520431,0.7068668998115228,0.9992168551384779,0.2536704608897655,0.1175,0.5851063829787234,3,0.1175
near_capacity_independent,52,queue_capped_250ms,1,0.22118263304262742,0.5192168551385734,1.0911174317160128,0.25779826511355425,0.368125,0.29711375212224106,3,0.368125
near_capacity_independent,53,no_hedge,0.995625,0.596553110176643,4.385359372315499,6.9711784695500185,0.33645886686852755,0,0,11,0
near_capacity_independent,53,fixed_250ms,1,0.22981268857861892,0.5659178795081417,0.9265305076355261,0.2517833624551442,0.435625,0.29555236728837875,5,0.435625
near_capacity_independent,53,fixed_500ms,1,0.22700866233454775,0.784784482922646,1.3031498090091387,0.25078206936371644,0.140625,0.4888888888888889,6,0.140625
near_capacity_independent,53,queue_capped_250ms,1,0.2301432375365735,0.6514317913769743,2.5906873717516774,0.25602537506960454,0.370625,0.3102866779089376,5,0.370625
near_capacity_independent,54,no_hedge,0.999375,0.26558072711417324,2.1017793637790163,3.9826591036772925,0.3199851694378806,0,0,4,0
near_capacity_independent,54,fixed_250ms,1,0.21753015125372954,0.6152423843458834,1.227355910835584,0.2566717357007256,0.396875,0.2755905511811024,7,0.39625
near_capacity_independent,54,fixed_500ms,1,0.2171432852928108,0.7781600508644573,1.5975249542531316,0.254065248466195,0.12375,0.5202020202020202,7,0.123125
near_capacity_independent,54,queue_capped_250ms,1,0.22388265835202503,0.6249695160784299,1.9628108714786094,0.2609387461359807,0.363125,0.29259896729776247,4,0.3625
near_capacity_independent,55,no_hedge,1,0.28906023364694633,2.2962897004844596,3.580193046590857,0.29749891888727364,0,0,5,0
near_capacity_independent,55,fixed_250ms,1,0.20746902258869993,0.45255592052890137,0.5835305836723563,0.24195111810723216,0.35625,0.2649122807017544,3,0.355625
near_capacity_independent,55,fixed_500ms,1,0.20629764024061803,0.6275846759337043,0.8380594841240896,0.23810988702105274,0.0825,0.6363636363636364,3,0.0825
near_capacity_independent,55,queue_capped_250ms,1,0.20746902258869993,0.4524247133863346,0.5835305836723563,0.2420384414425575,0.355,0.2676056338028169,2,0.354375
near_capacity_independent,56,no_hedge,0.999375,0.3059872862300459,2.71128444078321,4.838252692475725,0.30647645265395895,0,0,6,0
near_capacity_independent,56,fixed_250ms,1,0.20384912928317078,0.4518807073595603,0.5837107157460295,0.23757498017139408,0.338125,0.26062846580406657,3,0.338125
near_capacity_independent,56,fixed_500ms,1,0.20284127217633596,0.6252937408311805,0.7933409618861766,0.23490661584778297,0.073125,0.6923076923076923,2,0.0725
near_capacity_independent,56,queue_capped_250ms,1,0.20384912928317078,0.4519269627903242,0.5754508977468742,0.23750676877118193,0.334375,0.2672897196261682,3,0.334375
near_capacity_independent,57,no_hedge,0.995625,0.6029780056928864,3.958133997969071,5.555285221377705,0.3312418581184926,0,0,7,0
near_capacity_independent,57,fixed_250ms,1,0.21624131366410282,0.589388603872834,0.8544328837943986,0.24688855058689246,0.399375,0.27699530516431925,5,0.39875
near_capacity_independent,57,fixed_500ms,1,0.2156429211917974,0.7281475549718266,1.1078742746576027,0.24425613744833438,0.118125,0.5555555555555556,5,0.118125
near_capacity_independent,57,queue_capped_250ms,1,0.21494808097941842,0.5616288059717895,0.8481748543559107,0.24737459424026784,0.349375,0.28622540250447226,4,0.34875
near_capacity_independent,58,no_hedge,0.99875,0.4684213914718569,3.843828719349389,6.386183876205088,0.33036734244917104,0,0,8,0
near_capacity_independent,58,fixed_250ms,1,0.22156612033384304,0.5070365012600817,0.6960165508332992,0.24514201980477424,0.405625,0.24191063174114022,3,0.404375
near_capacity_independent,58,fixed_500ms,1,0.22858576136395925,0.7294076765518867,0.996842462343615,0.24584915424420214,0.111875,0.5698324022346368,4,0.111875
near_capacity_independent,58,queue_capped_250ms,1,0.2222811954633339,0.5218446195127981,0.7372349298164096,0.24783729715244784,0.369375,0.2656514382402707,3,0.36875
near_capacity_independent,59,no_hedge,0.995625,0.5440818958685583,3.9846624332816365,6.348604849615381,0.31129041446942113,0,0,10,0
near_capacity_independent,59,fixed_250ms,1,0.2538382172123139,1.2956073488456141,1.817499355105987,0.25550901423667827,0.49625,0.28967254408060455,10,0.49625
near_capacity_independent,59,fixed_500ms,1,0.2221890892250329,0.7999846008619471,1.1438583876319655,0.24190594165132936,0.1475,0.4745762711864407,5,0.1475
near_capacity_independent,59,queue_capped_250ms,1,0.24028077330812891,0.7136240334099,2.400900297012022,0.2530954157574584,0.336875,0.2504638218923933,5,0.336875
near_capacity_independent,60,no_hedge,1,0.3369272898042599,3.0798254825737104,4.091862268132747,0.3213082043260333,0,0,5,0
near_capacity_independent,60,fixed_250ms,1,0.2112549126457708,0.48244651245688885,0.678124914337765,0.24006014054859076,0.364375,0.274442538593482,3,0.364375
near_capacity_independent,60,fixed_500ms,1,0.2082859683870062,0.6587533786369519,0.9259181809865726,0.23959922854098245,0.095,0.6052631578947368,4,0.095
near_capacity_independent,60,queue_capped_250ms,1,0.2119750040123396,0.5082577911498802,0.7559695939286506,0.24228667654248326,0.3425,0.29927007299270075,3,0.3425
near_capacity_independent,61,no_hedge,0.999375,0.4575282871911668,3.2081542228534765,5.129457601027653,0.33068368156307104,0,0,6,0
near_capacity_independent,61,fixed_250ms,1,0.23246531511137647,0.6076718848630804,1.1119487907173067,0.2595999118950716,0.443125,0.2566995768688293,5,0.443125
near_capacity_independent,61,fixed_500ms,1,0.2234252334428959,0.7171504728980409,1.0164286829353983,0.2517551970565746,0.11375,0.5879120879120879,4,0.11375
near_capacity_independent,61,queue_capped_250ms,1,0.23512206534046243,0.5997884165256195,1.6910533832865866,0.262178977849098,0.37625,0.2807308970099668,4,0.37625
near_capacity_independent,62,no_hedge,1,0.41768747667620687,3.1678037453492536,5.414953217634746,0.3114315954302738,0,0,7,0
near_capacity_independent,62,fixed_250ms,1,0.21945638883340735,0.5260050895378665,0.8180583642131378,0.24544675189606824,0.38875,0.2620578778135048,5,0.388125
near_capacity_independent,62,fixed_500ms,1,0.21659329237249203,0.6734020802466318,0.9316473697037079,0.24059240464259987,0.093125,0.610738255033557,4,0.093125
near_capacity_independent,62,queue_capped_250ms,1,0.2341922052036267,0.6491155427625959,2.2527698759065515,0.2520824844926419,0.33,0.2784090909090909,4,0.329375
near_capacity_independent,63,no_hedge,1,0.2864819749157874,2.7827867210206705,4.3102208167085525,0.31273508227192287,0,0,5,0
near_capacity_independent,63,fixed_250ms,1,0.2097918254745501,0.4789788171785361,0.6634402403799213,0.24308118149167474,0.354375,0.23633156966490299,3,0.354375
near_capacity_independent,63,fixed_500ms,1,0.20835221169264173,0.646233335213978,0.8458727697469399,0.24033512435479942,0.075,0.7583333333333333,3,0.075
near_capacity_independent,63,queue_capped_250ms,1,0.2175791810590617,0.4857309780440744,1.0576906770359358,0.2509518189084975,0.345,0.2391304347826087,3,0.345
near_capacity_independent,64,no_hedge,1,0.2824757046152726,2.4673230144037746,3.498817826976105,0.30634379021155644,0,0,6,0
near_capacity_independent,64,fixed_250ms,1,0.21471097468877076,0.4864308577654839,0.7263524442425568,0.24419332861370824,0.363125,0.2667814113597246,4,0.363125
near_capacity_independent,64,fixed_500ms,1,0.21389172431455528,0.6458862538187446,0.8840268200423367,0.24246521756163072,0.0925,0.6486486486486487,3,0.0925
near_capacity_independent,64,queue_capped_250ms,1,0.2194166161171438,0.5142476044440656,1.5352694992904716,0.25050658478960175,0.343125,0.28233151183970856,3,0.3425
near_capacity_independent,65,no_hedge,0.998125,0.3108335951811654,3.327959474233605,5.057509879150654,0.31530062788504265,0,0,8,0
near_capacity_independent,65,fixed_250ms,1,0.20538469933068626,0.44649483584530714,0.5646892631382521,0.2353624767351835,0.335,0.2798507462686567,3,0.335
near_capacity_independent,65,fixed_500ms,1,0.20036664957300587,0.5974427111090392,0.7709908473845353,0.2323732906257985,0.073125,0.6837606837606838,3,0.073125
near_capacity_independent,65,queue_capped_250ms,1,0.20457181778925815,0.44438929945890493,0.5646892631382521,0.2350844852830728,0.326875,0.28680688336520077,3,0.326875
near_capacity_independent,66,no_hedge,1,0.5279567663655591,3.530512873951893,5.7905786568360895,0.3191514249286694,0,0,7,0
near_capacity_independent,66,fixed_250ms,1,0.2275074120845204,0.593634796429984,0.8558904409927157,0.24874175398089324,0.428125,0.27445255474452557,5,0.4275
near_capacity_independent,66,fixed_500ms,1,0.22990199665066058,0.8675383985715985,1.2877023551628568,0.24757722771852664,0.1625,0.4269230769230769,6,0.161875
near_capacity_independent,66,queue_capped_250ms,1,0.23923059620787512,1.1402945703616272,3.4489071629314276,0.25737838083750114,0.33125,0.29245283018867924,7,0.330625
near_capacity_independent,67,no_hedge,1,0.45565784329219383,3.9922554805647295,6.338546806911765,0.331444270872823,0,0,11,0
near_capacity_independent,67,fixed_250ms,1,0.23631662880363535,1.149499001825447,2.0402574116670564,0.26319867346056713,0.455,0.2815934065934066,9,0.45375
near_capacity_independent,67,fixed_500ms,1,0.23691213248822152,0.9100987847783983,1.6597499500301467,0.2594015788778164,0.181875,0.4261168384879725,6,0.180625
near_capacity_independent,67,queue_capped_250ms,1,0.23961386654950445,2.465134670034047,5.040693220179392,0.27431319340537985,0.32875,0.2623574144486692,9,0.32875
near_capacity_independent,68,no_hedge,1,0.2847357088809943,3.0351099065739646,4.605765285363329,0.32658404291788623,0,0,6,0
near_capacity_independent,68,fixed_250ms,1,0.2127182232337006,0.5423652862548778,0.91188162194406,0.2542080972565592,0.379375,0.2701812191103789,4,0.379375
near_capacity_independent,68,fixed_500ms,1,0.21342279439766987,0.7176745798223578,1.1282848358455766,0.2521843167853315,0.114375,0.5683060109289617,4,0.114375
near_capacity_independent,68,queue_capped_250ms,1,0.21250658622251706,0.5448015214120545,0.8482791289086578,0.2551258195931152,0.344375,0.294010889292196,3,0.344375
near_capacity_independent,69,no_hedge,1,0.32128180530924766,2.6488921147316944,4.806926126198999,0.32456264769400184,0,0,5,0
near_capacity_independent,69,fixed_250ms,1,0.20603671089980935,0.4701375698919179,0.5995649428526093,0.2462562118795399,0.361875,0.29360967184801384,3,0.361875
near_capacity_independent,69,fixed_500ms,1,0.20480582355336452,0.642745417586351,0.8753374164516581,0.24317859450042983,0.095,0.631578947368421,3,0.095
near_capacity_independent,69,queue_capped_250ms,1,0.20639041383589074,0.473585167055532,0.5995649428526093,0.24620048127291802,0.358125,0.29842931937172773,3,0.358125
near_capacity_independent,70,no_hedge,1,0.2620335162681364,2.8864508942606886,5.2251730149182585,0.30201956176009603,0,0,8,0
near_capacity_independent,70,fixed_250ms,1,0.2120556671465561,1.072028138762164,1.7048303015008557,0.24321776291063693,0.370625,0.2715008431703204,10,0.370625
near_capacity_independent,70,fixed_500ms,1,0.20686868363640087,0.765196824609518,1.1856206360627155,0.23558377883498152,0.113125,0.5248618784530387,7,0.113125
near_capacity_independent,70,queue_capped_250ms,1,0.2225967037461416,1.051557490079162,3.032397248033078,0.2524879629163295,0.261875,0.2458233890214797,6,0.261875
near_capacity_independent,71,no_hedge,1,0.30907691975245166,2.617977124659493,4.153063935734263,0.29964021509127,0,0,5,0
near_capacity_independent,71,fixed_250ms,1,0.21680843097190916,0.47820057798271876,0.6502033999852443,0.2472513285182085,0.375,0.23,3,0.375
near_capacity_independent,71,fixed_500ms,1,0.21240112627834407,0.6503085542021623,0.9355405475807643,0.2436942234872417,0.09375,0.56,4,0.093125
near_capacity_independent,71,queue_capped_250ms,1,0.21747570685909068,0.500505028451748,0.7535046934813465,0.24945067519554892,0.37625,0.23588039867109634,3,0.37625
near_capacity_independent,72,no_hedge,1,0.39606185755998524,3.117598412956326,4.729859409653876,0.31929093547727416,0,0,8,0
near_capacity_independent,72,fixed_250ms,1,0.22860080411822992,0.7051823709346365,1.0724381646904817,0.25281348608743764,0.436875,0.26180257510729615,6,0.436875
near_capacity_independent,72,fixed_500ms,1,0.24395070686024667,1.321371882156555,2.013526300771318,0.2577282658723371,0.24375,0.36153846153846153,9,0.243125
near_capacity_independent,72,queue_capped_250ms,1,0.23613475592398459,0.7503396921794394,2.424737744316772,0.254995548626552,0.31125,0.28112449799196787,4,0.31125
near_capacity_independent,73,no_hedge,1,0.2749065889590412,2.33185034695481,4.2772997865699836,0.300148434433755,0,0,5,0
near_capacity_independent,73,fixed_250ms,1,0.20865189388911531,0.4905874369930263,0.67387503656051,0.244012710663946,0.359375,0.26956521739130435,4,0.359375
near_capacity_independent,73,fixed_500ms,1,0.20618893315723597,0.6262504996516753,0.8398448364434721,0.23889521489930554,0.084375,0.6,3,0.084375
near_capacity_independent,73,queue_capped_250ms,1,0.21097934236913307,0.4915520031485876,0.7670537497045906,0.24740999807251401,0.348125,0.28186714542190305,3,0.348125
near_capacity_independent,74,no_hedge,1,0.28708544522899615,2.7590721412544603,4.542938137257718,0.32430616121161016,0,0,4,0
near_capacity_independent,74,fixed_250ms,1,0.19947329502631828,0.46259571444243974,0.6218729385147981,0.2407200574551021,0.313125,0.3013972055888224,2,0.311875
near_capacity_independent,74,fixed_500ms,1,0.19763322254087257,0.6393464773766837,0.7919248618285888,0.2391073443729973,0.08125,0.7384615384615385,2,0.08125
near_capacity_independent,74,queue_capped_250ms,1,0.19947329502631828,0.46259571444243974,0.6218729385147981,0.2407200574551021,0.313125,0.3013972055888224,2,0.311875
near_capacity_independent,75,no_hedge,1,0.2563087370975339,2.4095067222524484,3.8001535883779525,0.29734981155796975,0,0,4,0
near_capacity_independent,75,fixed_250ms,1,0.20551974321197974,0.492468176763456,0.7376742250457866,0.23548999122728012,0.3525,0.25,5,0.351875
near_capacity_independent,75,fixed_500ms,1,0.20345503063228776,0.6669232205273374,0.8622053323839616,0.23587311447446863,0.091875,0.6122448979591837,3,0.091875
near_capacity_independent,75,queue_capped_250ms,1,0.2048081298462261,0.4656586316311664,0.6312834147232618,0.2351045845727523,0.323125,0.25918762088974856,3,0.3225
near_capacity_independent,76,no_hedge,1,0.34247781999656013,2.988940145144255,4.350664996736601,0.32832965217491095,0,0,6,0
near_capacity_independent,76,fixed_250ms,1,0.23492262374298178,0.6855777222567099,1.1046309943563557,0.2615781443006764,0.445625,0.2650771388499299,5,0.445
near_capacity_independent,76,fixed_500ms,1,0.23145958691684143,0.8336212380124977,1.4326081826628823,0.2614576447913228,0.17125,0.4708029197080292,5,0.17125
near_capacity_independent,76,queue_capped_250ms,1,0.2329422249148223,0.6038924946694948,1.6407924560355625,0.26081263720509645,0.3675,0.2789115646258503,4,0.3675
near_capacity_independent,77,no_hedge,1,0.31299373689340015,3.3346138838741552,4.622415969447744,0.3015787566118563,0,0,9,0
near_capacity_independent,77,fixed_250ms,1,0.21553191038294983,0.5481302207503784,0.8809037022140087,0.2435648176317457,0.376875,0.23714759535655058,4,0.376875
near_capacity_independent,77,fixed_500ms,1,0.2137977431351672,0.6997770405969987,0.9745460998637938,0.23882994519852555,0.114375,0.5409836065573771,5,0.114375
near_capacity_independent,77,queue_capped_250ms,1,0.22660275696521381,0.6580463315009197,2.6369759515841196,0.25165658294365084,0.321875,0.24271844660194175,4,0.321875
near_capacity_independent,78,no_hedge,1,0.32763574221640823,2.7299355643522745,4.403162748251127,0.3141229859378995,0,0,5,0
near_capacity_independent,78,fixed_250ms,1,0.2042165755985348,0.4634023726437775,0.6389950017541324,0.24137163969457479,0.349375,0.2737030411449016,3,0.349375
near_capacity_independent,78,fixed_500ms,1,0.20665547688824404,0.6452992992366191,0.8548508068212257,0.24059830835877222,0.09125,0.6575342465753424,3,0.09125
near_capacity_independent,78,queue_capped_250ms,1,0.2042165755985348,0.4634023726437775,0.6389950017541324,0.24137163969457479,0.34875,0.27419354838709675,3,0.34875
near_capacity_independent,79,no_hedge,0.99375,0.6233761905596609,5.348760563030558,7.3343463802234155,0.32271418133150953,0,0,12,0
near_capacity_independent,79,fixed_250ms,1,0.22141895815001078,0.48994520242980677,0.6497893338864245,0.24251894174604088,0.389375,0.26324237560192615,3,0.389375
near_capacity_independent,79,fixed_500ms,1,0.215798845762881,0.6846208882234315,0.990790513587223,0.24445258922018376,0.10875,0.5402298850574713,4,0.10875
near_capacity_independent,79,queue_capped_250ms,1,0.22401274639553748,0.5095301280668281,0.731300275673771,0.2471341320274212,0.360625,0.268630849220104,3,0.360625
near_capacity_independent,80,no_hedge,1,0.4972912178094333,3.42796712672385,5.097930843603137,0.33128597410762906,0,0,7,0
near_capacity_independent,80,fixed_250ms,1,0.21816050488348537,0.5079034514520231,0.7214325344643768,0.2475246101045739,0.393125,0.2893481717011129,4,0.3925
near_capacity_independent,80,fixed_500ms,1,0.2136478524528016,0.6768121600380503,0.9022056413128574,0.2458817224213058,0.103125,0.6545454545454545,3,0.103125
near_capacity_independent,80,queue_capped_250ms,1,0.2177903437943547,0.5389750237445448,1.4065919284442714,0.251392147341356,0.35375,0.3003533568904594,4,0.353125
near_capacity_independent,81,no_hedge,1,0.2997097700582998,2.799080384485503,4.218132991524897,0.30650027182449896,0,0,7,0
near_capacity_independent,81,fixed_250ms,1,0.21485715427109042,0.48621104489615163,0.6568831900371865,0.24677678422472815,0.394375,0.24881141045958796,4,0.394375
near_capacity_independent,81,fixed_500ms,1,0.2117270164503715,0.6686737526197071,0.9040227994072865,0.2430311984548181,0.099375,0.5849056603773585,4,0.099375
near_capacity_independent,81,queue_capped_250ms,1,0.21459847315229297,0.4885106472425633,0.6568831900371865,0.24845134783167722,0.37375,0.24749163879598662,3,0.37375
near_capacity_independent,82,no_hedge,0.99875,0.7113374141852624,4.142283029501641,6.834060920697102,0.33317857774294807,0,0,7,0
near_capacity_independent,82,fixed_250ms,1,0.21580776665671664,0.5012355744050367,0.6691868762248632,0.24403085963904111,0.388125,0.2560386473429952,4,0.388125
near_capacity_independent,82,fixed_500ms,1,0.21461743463383653,0.6977569404461477,0.8858237668687252,0.24206682939543345,0.1075,0.5988372093023255,3,0.1075
near_capacity_independent,82,queue_capped_250ms,1,0.21534984781554556,0.4999634199367762,0.6691868762248632,0.24438571387633154,0.365625,0.27350427350427353,3,0.365625
near_capacity_independent,83,no_hedge,1,0.2850837062780158,2.6159638952008493,4.52964429501543,0.31604651270455464,0,0,5,0
near_capacity_independent,83,fixed_250ms,1,0.21701388789828258,0.4724083664857943,0.6692575522169975,0.2480752290246118,0.385,0.2597402597402597,3,0.384375
near_capacity_independent,83,fixed_500ms,1,0.21323208235607893,0.6359572540548015,0.8762117424695681,0.24509895639989318,0.081875,0.6793893129770993,3,0.081875
near_capacity_independent,83,queue_capped_250ms,1,0.21929072094780366,0.4694237346641792,0.6692575522169975,0.2494134991510125,0.381875,0.2684124386252046,3,0.38125
near_capacity_independent,84,no_hedge,0.998125,0.4121612754413704,3.572753549029308,5.598040583995548,0.3267760056564486,0,0,8,0
near_capacity_independent,84,fixed_250ms,1,0.21467595597636802,0.539906861003999,0.9094222350752617,0.25185031132798874,0.373125,0.3015075376884422,5,0.373125
near_capacity_independent,84,fixed_500ms,1,0.21535598006644818,0.6995064135724185,1.014027814485054,0.24947479247635715,0.11375,0.5494505494505495,5,0.113125
near_capacity_independent,84,queue_capped_250ms,1,0.2182186708875804,0.5539850772073365,1.2463137914539502,0.25461267330865545,0.333125,0.31894934333958724,4,0.333125
near_capacity_independent,85,no_hedge,1,0.2854673665052623,2.6331717696890493,4.070887829635566,0.3156347725186736,0,0,5,0
near_capacity_independent,85,fixed_250ms,1,0.2169941998805811,0.48603617767226837,0.6876243090858409,0.24879686403037402,0.374375,0.2671118530884808,3,0.374375
near_capacity_independent,85,fixed_500ms,1,0.21143844544749157,0.6849536149124447,0.890499073853718,0.24715424277291093,0.0975,0.6089743589743589,3,0.0975
near_capacity_independent,85,queue_capped_250ms,1,0.21840709515636192,0.48906585161218885,0.7314900349882052,0.2519232257128301,0.363125,0.27538726333907054,3,0.363125
near_capacity_independent,86,no_hedge,1,0.28844033637294686,2.617952204580405,4.181223430276901,0.33222429196887865,0,0,4,0
near_capacity_independent,86,fixed_250ms,1,0.21378782602135615,0.49117106878956207,0.7468390306610928,0.24957882092588743,0.371875,0.27058823529411763,4,0.371875
near_capacity_independent,86,fixed_500ms,1,0.20795657098675946,0.6842935890650139,0.9419301779187919,0.24716310250033247,0.091875,0.7346938775510204,3,0.091875
near_capacity_independent,86,queue_capped_250ms,1,0.21416155920187308,0.49117106878956207,0.7468390306610928,0.2510137664665774,0.35875,0.2787456445993031,3,0.35875
near_capacity_independent,87,no_hedge,0.999375,0.28748168472377955,2.9954185836868845,4.969315553051416,0.3071733584370536,0,0,7,0
near_capacity_independent,87,fixed_250ms,1,0.21338211024477616,0.5084142419567428,0.6951114822521731,0.2438719412169246,0.37875,0.24257425742574257,4,0.378125
near_capacity_independent,87,fixed_500ms,1,0.22347532135308512,0.7892448933220848,1.1826791494476936,0.2453727223281553,0.138125,0.4479638009049774,5,0.138125
near_capacity_independent,87,queue_capped_250ms,1,0.2151417871471395,0.5068633285739175,0.7100777832837792,0.24530142907356223,0.360625,0.23743500866551126,3,0.360625
near_capacity_independent,88,no_hedge,1,0.31168309112435644,3.6776422480127025,5.540090112205036,0.29874465780196474,0,0,8,0
near_capacity_independent,88,fixed_250ms,1,0.20550895796039725,0.4849932311413454,0.7289255469549278,0.23668903960644083,0.3425,0.2645985401459854,4,0.3425
near_capacity_independent,88,fixed_500ms,1,0.20676064019702523,0.6812266655175847,1.0914112434273164,0.23767156949938614,0.09875,0.5632911392405063,5,0.09875
near_capacity_independent,88,queue_capped_250ms,1,0.21210746523229318,0.5811534978182564,2.150033723059991,0.24426547680392446,0.31125,0.26706827309236947,5,0.31125
near_capacity_independent,89,no_hedge,0.999375,0.4067305253617808,3.0489641895998147,4.771357276685308,0.32867743747724293,0,0,5,0
near_capacity_independent,89,fixed_250ms,1,0.21625175235998917,0.5006160772212169,0.6498852739461114,0.24786633695621987,0.374375,0.27545909849749584,3,0.374375
near_capacity_independent,89,fixed_500ms,1,0.21647394750136328,0.6616668692627456,0.8890422452399571,0.2460374831025404,0.098125,0.6242038216560509,3,0.098125
near_capacity_independent,89,queue_capped_250ms,1,0.22055980453249902,0.5006160772212169,0.6598901335858258,0.24930789467270242,0.371875,0.280672268907563,3,0.371875
near_capacity_independent,90,no_hedge,0.99875,0.4495948270659005,3.5689455114807913,5.782292371724168,0.3478898724529325,0,0,8,0
near_capacity_independent,90,fixed_250ms,1,0.2231612124793685,0.5238885110389653,0.73939028566366,0.25221152760708,0.40125,0.27258566978193144,5,0.40125
near_capacity_independent,90,fixed_500ms,1,0.22186761171238345,0.7476960291006449,1.1303447685535235,0.252294290985302,0.133125,0.5586854460093896,6,0.133125
near_capacity_independent,90,queue_capped_250ms,1,0.22214370655774474,0.5103807235470725,0.7646866667781573,0.25201838569877333,0.360625,0.28942807625649913,3,0.360625
near_capacity_independent,91,no_hedge,1,0.26779040395586406,2.1034328059458005,4.07015803680099,0.301689735167612,0,0,5,0
near_capacity_independent,91,fixed_250ms,1,0.2088024693450059,0.4783070656869839,0.6811620529192695,0.2383754914372949,0.350625,0.23529411764705882,3,0.350625
near_capacity_independent,91,fixed_500ms,1,0.20481074076456451,0.6302657569174404,0.8762070870673995,0.23452399720940015,0.08125,0.676923076923077,3,0.08125
near_capacity_independent,91,queue_capped_250ms,1,0.20932137818954288,0.4823736730319661,0.6539767786513266,0.23894729813002885,0.335625,0.24767225325884543,3,0.335625
near_capacity_independent,92,no_hedge,1,0.26495555638211066,2.7091609462758512,3.8865267287590726,0.316533303143988,0,0,5,0
near_capacity_independent,92,fixed_250ms,1,0.21114532930893404,0.5143683554891954,0.7775306902155634,0.24341900348474652,0.34875,0.2849462365591398,4,0.34875
near_capacity_independent,92,fixed_500ms,1,0.20969211502720242,0.683248068611249,0.9840175230256563,0.24413926251698467,0.101875,0.6380368098159509,4,0.101875
near_capacity_independent,92,queue_capped_250ms,1,0.22454336900152683,0.7025396842516898,2.6462799392968535,0.25765010265786314,0.315,0.29563492063492064,4,0.315
near_capacity_independent,93,no_hedge,1,0.22692621905137145,1.9983228097496806,3.7117402503262014,0.28998897578330685,0,0,5,0
near_capacity_independent,93,fixed_250ms,1,0.20734494697983052,0.48069118318092485,0.7668854855439058,0.2378068180479158,0.34,0.25735294117647056,4,0.34
near_capacity_independent,93,fixed_500ms,1,0.20561208837397515,0.6597134646385143,0.9907669640317067,0.2362255915149956,0.086875,0.6115107913669064,4,0.086875
near_capacity_independent,93,queue_capped_250ms,1,0.20636309006590636,0.4891295543405647,0.7877802998419785,0.24111005351287773,0.305,0.26639344262295084,3,0.305
near_capacity_independent,94,no_hedge,1,0.30437946134009763,2.8953756508823645,4.639065350985014,0.3137994984610353,0,0,5,0
near_capacity_independent,94,fixed_250ms,1,0.207058014834125,0.47377268486560453,0.6331837775236551,0.2406924941233645,0.34,0.2665441176470588,3,0.34
near_capacity_independent,94,fixed_500ms,1,0.2038414673445743,0.6416845960191537,0.8504960232787511,0.23708776473336787,0.083125,0.6390977443609023,2,0.083125
near_capacity_independent,94,queue_capped_250ms,1,0.20699345431047078,0.47024478642446077,0.6331837775236551,0.24029373130547488,0.3325,0.2781954887218045,3,0.3325
near_capacity_independent,95,no_hedge,1,0.23930064549974972,1.7270299854512032,4.564923733499738,0.2998200907737911,0,0,3,0
near_capacity_independent,95,fixed_250ms,1,0.20179202609275038,0.4253427851288194,0.5577963570443778,0.2369290403234697,0.32,0.23828125,3,0.32
near_capacity_independent,95,fixed_500ms,1,0.1987088951198217,0.5758350257377565,0.7844381157344955,0.2322326061665859,0.061875,0.7272727272727273,2,0.061875
near_capacity_independent,95,queue_capped_250ms,1,0.20159028039164895,0.42494218254201144,0.5577963570443778,0.2370003693244932,0.31875,0.23529411764705882,3,0.31875
near_capacity_independent,96,no_hedge,0.99375,0.5803403519092569,4.553011872439832,6.846169508211943,0.33700139579180727,0,0,10,0
near_capacity_independent,96,fixed_250ms,1,0.21090039125692783,0.4858360480684354,0.6293577187881851,0.23741041168622865,0.359375,0.271304347826087,3,0.35875
near_capacity_independent,96,fixed_500ms,1,0.2174202668896612,0.7302807363706592,1.032132664168266,0.24224982396140715,0.11875,0.5947368421052631,5,0.116875
near_capacity_independent,96,queue_capped_250ms,1,0.20871147057825912,0.4819477761072335,0.6173669465020007,0.23620707433288435,0.343125,0.27140255009107467,3,0.3425
near_capacity_independent,97,no_hedge,0.995625,0.4051222718040748,3.4111306534419583,5.413369853857439,0.3329387429166159,0,0,7,0
near_capacity_independent,97,fixed_250ms,1,0.21704016627926492,0.5195972263665549,0.7786632187003715,0.251167151786065,0.38875,0.2459807073954984,4,0.388125
near_capacity_independent,97,fixed_500ms,1,0.2134622109611044,0.7825150208976983,1.2837628200921394,0.25052441268001524,0.118125,0.5925925925925926,5,0.1175
near_capacity_independent,97,queue_capped_250ms,0.999375,0.22842722228931223,0.5905551153375797,2.2830473923540033,0.26708506356897566,0.355,0.25880281690140844,4,0.35375
near_capacity_independent,98,no_hedge,0.999375,0.26160146743038837,2.3220631988865286,3.425724374337861,0.3052966395485987,0,0,4,0
near_capacity_independent,98,fixed_250ms,1,0.21111372924973182,0.49981790565234263,0.6791232052634726,0.2441774573793025,0.3575,0.26048951048951047,4,0.3575
near_capacity_independent,98,fixed_500ms,1,0.2043121351445336,0.6337932738914631,0.8541715174732616,0.23839771477475014,0.08,0.625,3,0.08
near_capacity_independent,98,queue_capped_250ms,1,0.21159441919230204,0.5036091546490233,0.703560891209797,0.2470685840471017,0.333125,0.27392120075046905,3,0.3325
near_capacity_independent,99,no_hedge,1,0.28712889615957593,2.4789158072731707,4.023978930173456,0.30633261859089683,0,0,5,0
near_capacity_independent,99,fixed_250ms,1,0.2186587917141054,0.48026003330792477,0.6415462670770182,0.242678103517162,0.385625,0.22852512155591573,3,0.385625
near_capacity_independent,99,fixed_500ms,1,0.213439917938274,0.6330035639299396,0.7733205325590475,0.2375829883939834,0.08375,0.6417910447761194,3,0.083125
near_capacity_independent,99,queue_capped_250ms,1,0.2163668982188085,0.4844482470215503,0.6849965728071084,0.24517617081320048,0.36625,0.23037542662116042,3,0.36625
near_capacity_independent,100,no_hedge,1,0.27634726790805786,2.3357324776081168,3.4993694030877123,0.3086889271957658,0,0,4,0
near_capacity_independent,100,fixed_250ms,1,0.21350536967140954,0.51827969819945,0.7297443280787164,0.24501278949312946,0.3775,0.2847682119205298,4,0.376875
near_capacity_independent,100,fixed_500ms,1,0.21306187343609273,0.6723750662108188,0.88281845639289,0.24226261786822004,0.103125,0.593939393939394,3,0.103125
near_capacity_independent,100,queue_capped_250ms,1,0.22045007674228145,0.5363284101426338,0.8398944637563552,0.2492076623942405,0.35375,0.28975265017667845,3,0.353125
near_capacity_independent,101,no_hedge,0.9975,0.33896980588156467,2.7717237633009475,4.396058578366404,0.2961487934599188,0,0,6,0
near_capacity_independent,101,fixed_250ms,1,0.22103597504966999,0.5797227550465323,0.9184544687556553,0.24196765819095667,0.411875,0.23520485584218512,5,0.411875
near_capacity_independent,101,fixed_500ms,1,0.21655893973738571,0.7316851940424272,1.1628012853147478,0.2386054150935212,0.1225,0.4846938775510204,6,0.1225
near_capacity_independent,101,queue_capped_250ms,1,0.22402379771645542,0.6071799421766073,1.828483903782498,0.24763605258284133,0.33875,0.23985239852398524,4,0.33875
near_capacity_independent,102,no_hedge,1,0.45318726517205477,3.574846120860684,4.820004325587945,0.31947871314175025,0,0,8,0
near_capacity_independent,102,fixed_250ms,1,0.21950273155279376,0.593381863066405,0.9458736390098963,0.25013385911749186,0.4025,0.2919254658385093,6,0.401875
near_capacity_independent,102,fixed_500ms,1,0.21686659592871038,0.7457660777323198,1.1280113735904216,0.24878815754862935,0.128125,0.5414634146341464,5,0.128125
near_capacity_independent,102,queue_capped_250ms,1,0.2225115719696742,0.6244639196822224,2.1317536103702075,0.25561400464406925,0.330625,0.32325141776937616,4,0.33
near_capacity_independent,103,no_hedge,0.998125,0.3695382497300521,2.9406961553062843,5.276469422790878,0.3216213550978055,0,0,5,0
near_capacity_independent,103,fixed_250ms,1,0.21668450842275888,0.5294008963151882,0.7760089130732855,0.2499107879038267,0.39,0.28525641025641024,4,0.39
near_capacity_independent,103,fixed_500ms,1,0.21505204414900625,0.7185376862116328,0.986716176113049,0.24863519960909183,0.115625,0.5621621621621622,4,0.115625
near_capacity_independent,103,queue_capped_250ms,1,0.21854729277433194,0.5349884309165347,1.4649957502472546,0.25426274251870995,0.356875,0.27845884413309985,3,0.356875
near_capacity_independent,104,no_hedge,1,0.31638439691158915,3.0979312818711264,5.278554362667521,0.3006954498354919,0,0,7,0
near_capacity_independent,104,fixed_250ms,1,0.20892937438334513,0.5035989802602572,0.7003175519232272,0.23889796782219824,0.37125,0.23737373737373738,4,0.370625
near_capacity_independent,104,fixed_500ms,1,0.20301030768997919,0.6728955515108588,0.9199930398393903,0.23139781754577043,0.100625,0.5217391304347826,4,0.100625
near_capacity_independent,104,queue_capped_250ms,1,0.22223322892942576,0.6676630374308985,2.2803193191734934,0.2457291024281803,0.324375,0.23892100192678228,5,0.32375
near_capacity_independent,105,no_hedge,0.9975,0.3357805132454814,2.903684480090181,5.116920210287304,0.3256460709966207,0,0,7,0
near_capacity_independent,105,fixed_250ms,1,0.21749118571506898,0.494096012486537,0.7479951340625917,0.25744054732508276,0.383125,0.2838499184339315,3,0.383125
near_capacity_independent,105,fixed_500ms,1,0.21601628840654996,0.7021026641136245,1.1346363249423561,0.25717993534167083,0.11375,0.6098901098901099,4,0.11375
near_capacity_independent,105,queue_capped_250ms,1,0.21730445619094496,0.5094785039287686,1.213082408587475,0.2609065544568131,0.370625,0.2866779089376054,3,0.370625
near_capacity_independent,106,no_hedge,0.9975,0.39286446449892054,3.441086213095959,4.766638008240889,0.3230128239233601,0,0,6,0
near_capacity_independent,106,fixed_250ms,1,0.2068074975183123,0.5255336826026253,0.8353481723537532,0.24678275690563134,0.34625,0.296028880866426,4,0.34625
near_capacity_independent,106,fixed_500ms,1,0.20912273758255395,0.7994222715821593,1.3744758453170594,0.24898739199446546,0.12875,0.5242718446601942,6,0.12875
near_capacity_independent,106,queue_capped_250ms,1,0.2183493964854364,0.7529455034184493,2.798838875539882,0.2562506953064451,0.3075,0.30284552845528456,5,0.3075
near_capacity_independent,107,no_hedge,1,0.3820885425612204,3.1221062596113356,4.790507417202562,0.33420832958145924,0,0,5,0
near_capacity_independent,107,fixed_250ms,1,0.21745412470908576,0.5719047346640451,0.7993642202882825,0.25774991284511456,0.39125,0.2939297124600639,5,0.386875
near_capacity_independent,107,fixed_500ms,1,0.2197832305272911,0.7478893337865884,1.1981376764377885,0.2617686306843722,0.138125,0.5701357466063348,5,0.138125
near_capacity_independent,107,queue_capped_250ms,1,0.22932546130154918,0.6362663621137763,2.3001560967028922,0.268962342654522,0.35,0.30357142857142855,4,0.35
near_capacity_independent,108,no_hedge,1,0.28170113613273173,2.453107522805645,3.5488505215153943,0.3146446130923608,0,0,5,0
near_capacity_independent,108,fixed_250ms,1,0.2011079207575044,0.5177350623311696,0.7386600353465056,0.24890648015127367,0.34875,0.2974910394265233,4,0.34875
near_capacity_independent,108,fixed_500ms,1,0.20035453004071258,0.7118916075919373,0.9902380526369825,0.25075009564312684,0.104375,0.6586826347305389,4,0.104375
near_capacity_independent,108,queue_capped_250ms,1,0.20336403669226044,0.5214215854788051,0.7892521225572837,0.25273110372472335,0.336875,0.29313543599257885,3,0.336875
near_capacity_independent,109,no_hedge,1,0.38354166430993075,5.330770147107927,7.169347641938899,0.3328298287433998,0,0,19,0
near_capacity_independent,109,fixed_250ms,1,0.22104715995120472,0.6406112757724998,1.2038903982923514,0.24938458914256068,0.395625,0.3033175355450237,7,0.395625
near_capacity_independent,109,fixed_500ms,1,0.23994482446400767,1.4197252514919967,2.1293666039199195,0.2594542382952519,0.244375,0.37851662404092073,12,0.24375
near_capacity_independent,109,queue_capped_250ms,1,0.24505932972011735,2.2520791382210206,4.11783393156162,0.26821117444137577,0.284375,0.2989010989010989,9,0.284375
near_capacity_independent,110,no_hedge,1,0.23446297183692266,1.9395003312481407,3.339298487861111,0.2805195192357013,0,0,4,0
near_capacity_independent,110,fixed_250ms,1,0.2092128723611495,0.5624201009326697,0.9642145215734317,0.24112901667676986,0.350625,0.2549019607843137,5,0.35
near_capacity_independent,110,fixed_500ms,1,0.21181716915501791,0.7402500563423331,1.1989777490098241,0.23853411408150252,0.113125,0.4972375690607735,5,0.113125
near_capacity_independent,110,queue_capped_250ms,1,0.20741457455850565,0.5345390395945699,0.9283251237270704,0.23836342642938288,0.293125,0.255863539445629,4,0.2925
near_capacity_independent,111,no_hedge,0.99875,0.24607312362000044,2.1888382596110603,3.976427637980702,0.30325432423096155,0,0,5,0
near_capacity_independent,111,fixed_250ms,1,0.20058318037870215,0.44136357495180256,0.5868083615139774,0.23408213770045927,0.3275,0.2538167938931298,3,0.3275
near_capacity_independent,111,fixed_500ms,1,0.20178839041110308,0.6300668704756749,0.8282075733901806,0.2337646681547808,0.0825,0.6515151515151515,3,0.0825
near_capacity_independent,111,queue_capped_250ms,1,0.20091456005393127,0.44364361865483204,0.5833370375422167,0.23447291048343757,0.32,0.259765625,3,0.32
near_capacity_independent,112,no_hedge,1,0.39026577211169133,3.79937617618625,6.172692516858916,0.31607549513203104,0,0,8,0
near_capacity_independent,112,fixed_250ms,1,0.21642712436523226,0.4927546821243425,0.6730406811668246,0.23988860084963762,0.374375,0.27212020033388984,4,0.374375
near_capacity_independent,112,fixed_500ms,1,0.21350496975233568,0.6647788925574645,0.9372039910460899,0.23693626711310467,0.0925,0.6013513513513513,4,0.0925
near_capacity_independent,112,queue_capped_250ms,1,0.21700430332731813,0.49661359416339934,0.7364771132192374,0.24119661794911312,0.35,0.28035714285714286,3,0.35
near_capacity_independent,113,no_hedge,1,0.2984078688824354,2.412898483595336,4.077714593068805,0.2996655285528772,0,0,5,0
near_capacity_independent,113,fixed_250ms,1,0.20781899603241882,0.46752548744249367,0.6664831352152869,0.23882880974437812,0.34875,0.25806451612903225,3,0.348125
near_capacity_independent,113,fixed_500ms,1,0.20649189091409426,0.6221572612464037,0.866031207685662,0.23597857958973895,0.075,0.6333333333333333,3,0.075
near_capacity_independent,113,queue_capped_250ms,1,0.20813854294333112,0.464926654384314,0.6577300090470644,0.2400074392478592,0.336875,0.2560296846011132,3,0.33625
near_capacity_independent,114,no_hedge,0.998125,0.6199894223141342,4.04378205583771,7.52419251791035,0.32709189137078626,0,0,10,0
near_capacity_independent,114,fixed_250ms,1,0.21928344124312815,0.5125089231834927,0.7084334798649019,0.24266992701415396,0.39875,0.2554858934169279,4,0.39875
near_capacity_independent,114,fixed_500ms,1,0.2163006749048222,0.7164952730746066,0.8889950185683162,0.24140278379198837,0.104375,0.5688622754491018,4,0.10375
near_capacity_independent,114,queue_capped_250ms,1,0.22222188181911662,0.5324307848060279,0.8287679624008604,0.250268331559444,0.366875,0.25383304940374785,3,0.366875
near_capacity_independent,115,no_hedge,0.999375,0.314967903269487,2.6153281445720964,4.274905363093566,0.310635383170226,0,0,5,0
near_capacity_independent,115,fixed_250ms,1,0.21123953058451406,0.48492279863985743,0.677240956000631,0.24661967747581653,0.36,0.2638888888888889,3,0.36
near_capacity_independent,115,fixed_500ms,1,0.21097709344290294,0.6716978880987767,0.9397832078210371,0.24720451935093446,0.104375,0.5688622754491018,3,0.104375
near_capacity_independent,115,queue_capped_250ms,1,0.2096861868462696,0.4638709295586949,0.6525473273644167,0.24596734750369278,0.3475,0.26618705035971224,3,0.3475
near_capacity_independent,116,no_hedge,1,0.39026931244509644,3.504672347580204,5.161390586408871,0.34018225047185174,0,0,6,0
near_capacity_independent,116,fixed_250ms,1,0.2098900912468622,0.4666042625005318,0.6501314803689198,0.24428745653615513,0.358125,0.29842931937172773,3,0.358125
near_capacity_independent,116,fixed_500ms,1,0.2111749988557854,0.6637287470027147,0.9161398128958567,0.24658091774048896,0.10875,0.603448275862069,3,0.10875
near_capacity_independent,116,queue_capped_250ms,1,0.210275216945913,0.4677679344813086,0.6436049448589358,0.2437933829705316,0.350625,0.3065953654188948,3,0.350625
near_capacity_independent,117,no_hedge,0.999375,0.3111370809758087,2.8595847825403027,4.383257806724391,0.32189085738258977,0,0,5,0
near_capacity_independent,117,fixed_250ms,1,0.20662538847528822,0.4898863885128293,0.6903462869753163,0.2430829069842414,0.346875,0.2594594594594595,4,0.345625
near_capacity_independent,117,fixed_500ms,1,0.204610435511281,0.6693702990038588,0.9170942696217779,0.24102100638530172,0.08625,0.6884057971014492,4,0.08625
near_capacity_independent,117,queue_capped_250ms,1,0.20580068862582834,0.48512011284715584,0.6903462869753163,0.24345272571723517,0.32875,0.2623574144486692,3,0.3275
near_capacity_independent,118,no_hedge,1,0.3340545812485374,2.9169666980563917,4.7673971996497,0.3269271271396331,0,0,6,0
near_capacity_independent,118,fixed_250ms,1,0.22421692540571314,0.6163295288872277,0.9095500750161776,0.257353668776101,0.4175,0.2874251497005988,4,0.4175
near_capacity_independent,118,fixed_500ms,1,0.2238172513153387,0.7658950785847516,1.2279735972516068,0.25364151653688977,0.135,0.44907407407407407,6,0.134375
near_capacity_independent,118,queue_capped_250ms,1,0.22346967699995623,0.5859858245859719,1.4467359522053815,0.2577143323056132,0.35125,0.2900355871886121,3,0.35125
near_capacity_independent,119,no_hedge,1,0.4143076376779078,3.144502443218144,5.083293323936406,0.3323573734726331,0,0,6,0
near_capacity_independent,119,fixed_250ms,1,0.22332422041869648,0.6345166217256022,0.8969777271987596,0.2569617056996134,0.406875,0.2995391705069124,5,0.406875
near_capacity_independent,119,fixed_500ms,1,0.22332422041869648,0.8158459373302165,1.1714018788451241,0.2561112757395878,0.1575,0.5119047619047619,6,0.1575
near_capacity_independent,119,queue_capped_250ms,1,0.2212262549597357,0.5740843722358875,1.3393307428856644,0.2575099363954606,0.355625,0.3022847100175747,4,0.355625
near_capacity_independent,120,no_hedge,0.999375,0.37080657647075554,3.1086389706492383,5.480716246009845,0.31152703442164315,0,0,7,0
near_capacity_independent,120,fixed_250ms,1,0.21632789812267106,0.5459191562426895,0.7448642073182867,0.2503829993188938,0.403125,0.2248062015503876,5,0.401875
near_capacity_independent,120,fixed_500ms,1,0.21224358650452757,0.7050544195135728,1.0546869888226276,0.2468608126245808,0.1175,0.5159574468085106,5,0.116875
near_capacity_independent,120,queue_capped_250ms,1,0.2155366273481718,0.5289369531979133,0.8206128419499095,0.25124749654838274,0.35,0.22857142857142856,3,0.35
near_capacity_independent,121,no_hedge,1,0.2594044200184129,2.309783136231644,4.3365623312058155,0.31424814314825744,0,0,4,0
near_capacity_independent,121,fixed_250ms,1,0.19701832963914967,0.4572713305576315,0.6100465404300408,0.23615020356262584,0.308125,0.281947261663286,3,0.308125
near_capacity_independent,121,fixed_500ms,1,0.19701832963914967,0.6355957232109972,0.8309906104525151,0.2343515087960817,0.0775,0.6854838709677419,3,0.0775
near_capacity_independent,121,queue_capped_250ms,1,0.19701832963914967,0.45794842222181487,0.6091612085981488,0.23605089279808172,0.305,0.2889344262295082,3,0.305
near_capacity_independent,122,no_hedge,1,0.2629967404742217,2.7320477099844567,4.145410828208348,0.30814105016427396,0,0,7,0
near_capacity_independent,122,fixed_250ms,1,0.21240945086467633,0.5200811687490798,0.8654619154249446,0.2422762189924357,0.373125,0.2613065326633166,5,0.373125
near_capacity_independent,122,fixed_500ms,1,0.2057739926676021,0.704230387214821,1.0317680846596176,0.24130319729968924,0.10875,0.5459770114942529,5,0.108125
near_capacity_independent,122,queue_capped_250ms,1,0.20722126293831167,0.47086060462981294,0.6529764736025463,0.23922242146043574,0.34,0.2757352941176471,3,0.34
near_capacity_independent,123,no_hedge,1,0.2600786626134699,2.465962935203983,4.190566227192527,0.31314069299031017,0,0,5,0
near_capacity_independent,123,fixed_250ms,1,0.22597469645716473,0.6602118909573296,1.126591222618579,0.2545472656869792,0.41625,0.24774774774774774,6,0.415625
near_capacity_independent,123,fixed_500ms,1,0.22214129308630604,0.7943386347318295,1.2915527378454925,0.25543495017911266,0.1575,0.42857142857142855,6,0.1575
near_capacity_independent,123,queue_capped_250ms,1,0.22936900348000222,0.6319393390831038,2.2039225726838794,0.2614961646219866,0.341875,0.2851919561243144,4,0.341875
near_capacity_independent,124,no_hedge,0.9975,0.3288457026363716,2.773723449009239,4.575907192317409,0.32974504997900866,0,0,6,0
near_capacity_independent,124,fixed_250ms,1,0.2459482131589601,0.7109881669412417,1.2728493934888618,0.25695767588808627,0.473125,0.25891677675033026,7,0.473125
near_capacity_independent,124,fixed_500ms,1,0.23252655030967517,0.7936410417516342,1.3543241950286955,0.2548244145925485,0.14875,0.48739495798319327,6,0.14875
near_capacity_independent,124,queue_capped_250ms,0.999375,0.24868341832367946,0.7656393424382344,2.814528977965299,0.2652438975409981,0.355625,0.27240773286467485,5,0.355625
near_capacity_independent,125,no_hedge,1,0.2416146553479095,2.1161595302686322,4.104004217643478,0.29244307418993004,0,0,5,0
near_capacity_independent,125,fixed_250ms,1,0.20539546341612436,0.6217332392484032,1.1069724802595795,0.23765945590638585,0.35125,0.2597864768683274,7,0.35125
near_capacity_independent,125,fixed_500ms,1,0.19781736467069777,0.6625595371450608,0.9451304423475335,0.23130773660073015,0.0975,0.4807692307692308,4,0.096875
near_capacity_independent,125,queue_capped_250ms,1,0.2138890934405948,0.5718571516700739,2.0694458388687633,0.24244247399960384,0.308125,0.2535496957403651,5,0.308125
near_capacity_independent,126,no_hedge,1,0.3744954408063599,3.5764255139834873,4.842135530117119,0.33047807810039276,0,0,8,0
near_capacity_independent,126,fixed_250ms,1,0.21897124297229453,0.5856490809185289,0.9477396471002919,0.25382394335413877,0.38875,0.30385852090032156,5,0.38875
near_capacity_independent,126,fixed_500ms,1,0.21606556177735037,0.6866392294966666,1.0491178712061355,0.25210719968596285,0.115625,0.5621621621621622,3,0.115625
near_capacity_independent,126,queue_capped_250ms,1,0.2259981095655288,0.7629140454888415,2.3271993308445644,0.2591117915372585,0.320625,0.31968810916179335,5,0.320625
near_capacity_independent,127,no_hedge,0.996875,0.5014840471825934,3.405109291571483,6.353709175349437,0.33212489256334854,0,0,6,0
near_capacity_independent,127,fixed_250ms,1,0.21728226805025486,0.49895620332997126,0.7014858184696067,0.2534215914154962,0.384375,0.2959349593495935,4,0.384375
near_capacity_independent,127,fixed_500ms,1,0.21883258152479712,0.738616251472493,1.0451753533426356,0.25466402643258407,0.13125,0.49047619047619045,4,0.13125
near_capacity_independent,127,queue_capped_250ms,1,0.21801793843106054,0.5057206447211655,0.7199984018739229,0.2568668297045304,0.371875,0.28739495798319326,3,0.371875
near_capacity_independent,128,no_hedge,0.9975,0.4179344100451319,3.4329967918764552,5.343649599562639,0.34455945559352247,0,0,6,0
near_capacity_independent,128,fixed_250ms,1,0.23071795624522196,0.6080117449444771,0.8678447740474802,0.2628941714144619,0.434375,0.26187050359712233,5,0.434375
near_capacity_independent,128,fixed_500ms,1,0.22360419476746785,0.7758815724719064,1.0813419390420371,0.26088147491998437,0.138125,0.5339366515837104,5,0.138125
near_capacity_independent,128,queue_capped_250ms,1,0.23261640827167085,0.5794202959013646,1.4001082192971168,0.26571082555617903,0.375,0.2866666666666667,3,0.375
near_capacity_independent,129,no_hedge,1,0.4521349106398205,3.5628622907987975,4.995384948802354,0.3247167083127584,0,0,8,0
near_capacity_independent,129,fixed_250ms,1,0.25079586808592325,0.6457563750597188,1.0415875080638415,0.26432876481513495,0.493125,0.2661596958174905,4,0.4925
near_capacity_independent,129,fixed_500ms,1,0.23571567597686283,0.7991937398574578,1.2029998444037346,0.2620446346494835,0.1525,0.5,4,0.151875
near_capacity_independent,129,queue_capped_250ms,1,0.25621443200289207,0.7309815038727123,2.464222811509977,0.2656753356153984,0.35625,0.2964912280701754,4,0.355625
near_capacity_independent,130,no_hedge,1,0.31207659435079904,2.633433416628172,4.194712950401794,0.30140188910312393,0,0,7,0
near_capacity_independent,130,fixed_250ms,1,0.21128088949361512,0.5095816824482569,0.8926082825683253,0.24145047591228241,0.365625,0.24273504273504273,5,0.365625
near_capacity_independent,130,fixed_500ms,1,0.2160607345623351,0.7640057295570912,1.2647970979256726,0.24151065233404057,0.12125,0.4536082474226804,6,0.120625
near_capacity_independent,130,queue_capped_250ms,1,0.23223242786040288,1.1110640970115,2.5158266724880534,0.2587956535020527,0.296875,0.25473684210526315,5,0.296875
near_capacity_independent,131,no_hedge,1,0.5112916329974837,3.300244551520869,4.684220708786,0.3092631303716954,0,0,8,0
near_capacity_independent,131,fixed_250ms,1,0.2295139699972788,0.5604089303061484,0.8294293319206716,0.24541288537390923,0.4275,0.24269005847953215,5,0.4275
near_capacity_independent,131,fixed_500ms,1,0.22462890464163188,0.7741590266534768,1.20056509714599,0.24131015870017947,0.12375,0.4696969696969697,7,0.12375
near_capacity_independent,131,queue_capped_250ms,1,0.23581143893698053,0.5604089303061484,1.0747523577210885,0.2508070817975153,0.38375,0.247557003257329,4,0.38375
near_capacity_independent,132,no_hedge,0.999375,0.3413002979735609,2.7590844969536477,4.647339342128978,0.3202815641866289,0,0,6,0
near_capacity_independent,132,fixed_250ms,1,0.2156736119621705,0.6462780065240352,0.9987728814157819,0.24955114623327357,0.380625,0.2824302134646962,6,0.380625
near_capacity_independent,132,fixed_500ms,1,0.21274491492543746,0.8438819096726178,1.2325372575822229,0.24689208131889184,0.14625,0.47435897435897434,6,0.14625
near_capacity_independent,132,queue_capped_250ms,1,0.21734182276267333,0.6015055245605225,1.2247271526471977,0.25252036163500596,0.32,0.30859375,4,0.32
near_capacity_independent,133,no_hedge,1,0.2955093815910885,2.7504287045992895,4.037827713974508,0.31791929413258846,0,0,6,0
near_capacity_independent,133,fixed_250ms,1,0.21592456664298965,0.4892833209352343,0.6686327969268575,0.24677939996601772,0.37125,0.2878787878787879,4,0.370625
near_capacity_independent,133,fixed_500ms,1,0.21592456664298965,0.672775425666245,0.9218865189827081,0.24766842801725517,0.105,0.5833333333333334,3,0.105
near_capacity_independent,133,queue_capped_250ms,1,0.2162795014282608,0.4927142858955236,0.6818865189827132,0.24833086848614086,0.35,0.29642857142857143,3,0.349375
near_capacity_independent,134,no_hedge,0.996875,0.8390950263554711,5.478059733144619,6.810544170862109,0.3273075717886431,0,0,15,0
near_capacity_independent,134,fixed_250ms,1,0.23070213016907104,0.6027883708593933,1.0121952925851687,0.2516808458799468,0.435,0.27873563218390807,5,0.435
near_capacity_independent,134,fixed_500ms,1,0.2205263835133806,0.7294588302076939,1.1700996628175702,0.24756289385404304,0.1225,0.5561224489795918,4,0.1225
near_capacity_independent,134,queue_capped_250ms,1,0.2304000556019048,0.5552326002112622,1.9367284780895844,0.2579203065736555,0.37625,0.29900332225913623,3,0.37625
near_capacity_independent,135,no_hedge,0.99,0.5105201178542984,4.906501748926907,7.655222888097079,0.347447448648714,0,0,11,0
near_capacity_independent,135,fixed_250ms,1,0.22328224695271004,0.5362671883489085,0.7269240226274967,0.25321718333632204,0.403125,0.2744186046511628,4,0.403125
near_capacity_independent,135,fixed_500ms,1,0.22152811903452552,0.7090718475811997,0.9929141959396857,0.2530106050509264,0.11625,0.6075268817204301,4,0.11625
near_capacity_independent,135,queue_capped_250ms,1,0.22799885892115412,0.5328863238084125,0.7447718653661468,0.2573718148981441,0.38375,0.28175895765472314,3,0.380625
near_capacity_independent,136,no_hedge,1,0.3206891265201648,2.801124097495487,4.366519539555865,0.3163425964048554,0,0,5,0
near_capacity_independent,136,fixed_250ms,1,0.2127321901622281,0.5327038622269313,0.9178440775909777,0.24411820074334362,0.368125,0.27504244482173174,5,0.368125
near_capacity_independent,136,fixed_500ms,1,0.2155427066395461,0.7201720533859444,1.1844923658098025,0.243256356122563,0.105625,0.5680473372781065,6,0.105625
near_capacity_independent,136,queue_capped_250ms,1,0.21211635310798727,0.5183174739728358,0.7945224225941878,0.24473004477320473,0.33625,0.28810408921933084,4,0.33625
near_capacity_independent,137,no_hedge,0.9975,0.34461407692897295,2.8190749746311017,5.4049867107026905,0.3106887648882663,0,0,6,0
near_capacity_independent,137,fixed_250ms,1,0.21329576655949012,0.5251717805390959,0.759394368948012,0.24523269798008449,0.375625,0.26622296173044924,4,0.375
near_capacity_independent,137,fixed_500ms,1,0.2105859125171321,0.6846263087750124,0.9419561620088657,0.24342068024947383,0.105,0.6011904761904762,3,0.105
near_capacity_independent,137,queue_capped_250ms,1,0.23944478947803916,0.8481385597074649,3.7147106727415036,0.2660562220245146,0.311875,0.2665330661322645,5,0.31125
near_capacity_independent,138,no_hedge,0.999375,0.2956859104474887,3.0145253132993375,4.661749496045147,0.30691533515815284,0,0,8,0
near_capacity_independent,138,fixed_250ms,1,0.20724002817146925,0.46086775972526084,0.6249474239688766,0.24079388377687644,0.34875,0.25448028673835127,3,0.348125
near_capacity_independent,138,fixed_500ms,1,0.20340184596571476,0.6137986345636541,0.8646983610324455,0.23702226991649591,0.0825,0.6287878787878788,2,0.0825
near_capacity_independent,138,queue_capped_250ms,1,0.2071135453535895,0.4588961858317191,0.6249474239688766,0.24036696133369553,0.346875,0.25765765765765763,3,0.34625
near_capacity_independent,139,no_hedge,1,0.23345965771269306,1.7995320849317693,3.130862979506176,0.2859865068163838,0,0,4,0
near_capacity_independent,139,fixed_250ms,1,0.2064472201622891,0.44117250596767166,0.5915984044685345,0.2367727186925609,0.329375,0.21631878557874762,3,0.32875
near_capacity_independent,139,fixed_500ms,1,0.20653049516365307,0.6071515342022624,0.8167575601447652,0.23423647034953465,0.074375,0.6722689075630253,3,0.074375
near_capacity_independent,139,queue_capped_250ms,1,0.2066644935024442,0.443573251867484,0.5915984044685345,0.23692554576191285,0.325625,0.22072936660268713,3,0.325
near_capacity_independent,140,no_hedge,0.998125,0.2471764154287115,2.266586086599574,4.04348746170993,0.29564213599388794,0,0,5,0
near_capacity_independent,140,fixed_250ms,1,0.20162255610012458,0.44706833604804075,0.6185027625770712,0.239996576984425,0.308125,0.2535496957403651,4,0.308125
near_capacity_independent,140,fixed_500ms,1,0.20230597471680767,0.6158896055499241,0.8172941215087022,0.23752389548082548,0.06875,0.6545454545454545,4,0.068125
near_capacity_independent,140,queue_capped_250ms,1,0.20162255610012458,0.4501798763928946,0.6189589242898919,0.24028386777262745,0.300625,0.25363825363825365,3,0.300625
near_capacity_independent,141,no_hedge,0.999375,0.26238450149512893,2.1768155933963858,4.991702657777239,0.3021743543438408,0,0,4,0
near_capacity_independent,141,fixed_250ms,1,0.219642503852846,0.5740812272116784,0.8745159539018275,0.25153368876119075,0.40875,0.24464831804281345,4,0.40875
near_capacity_independent,141,fixed_500ms,1,0.2179423196882766,0.7779539145591592,1.2772137615847328,0.25038421137347383,0.14,0.46875,5,0.14
near_capacity_independent,141,queue_capped_250ms,1,0.22295174944493823,0.570336368062371,2.208177057043544,0.2558209765953312,0.345,0.2572463768115942,3,0.345
near_capacity_independent,142,no_hedge,0.999375,0.32785321562468894,2.6668797865881473,5.517530326493237,0.33004061504129434,0,0,5,0
near_capacity_independent,142,fixed_250ms,1,0.2121586239124496,0.48673977743689534,0.6500920103644816,0.2504904695576672,0.371875,0.30756302521008405,3,0.371875
near_capacity_independent,142,fixed_500ms,1,0.2192983483180555,0.7256073784399746,1.0635460501634526,0.2545692251783904,0.1225,0.5510204081632653,4,0.1225
near_capacity_independent,142,queue_capped_250ms,1,0.21236442132039546,0.48692173646399795,0.6447388652025978,0.2504795242085656,0.365,0.2962328767123288,3,0.365
near_capacity_independent,143,no_hedge,0.99625,0.43291693292329114,3.4657765405193572,5.225030064738526,0.3470652714497421,0,0,7,0
near_capacity_independent,143,fixed_250ms,1,0.21984941005162995,0.5445381515636818,0.7381652716951002,0.24741167899212776,0.39375,0.3,4,0.393125
near_capacity_independent,143,fixed_500ms,1,0.2257638265721411,0.766985613700804,1.0841487846905693,0.2511638853598853,0.149375,0.5439330543933054,5,0.149375
near_capacity_independent,143,queue_capped_250ms,1,0.2209295125822699,0.5749136751341792,1.1169856137007343,0.24941432252506934,0.331875,0.3239171374764595,4,0.33125
near_capacity_independent,144,no_hedge,0.999375,0.3469426535146596,3.895915822372551,6.101891666762629,0.3232975408528165,0,0,11,0
near_capacity_independent,144,fixed_250ms,1,0.22147764666738112,0.5269237434783598,0.7604396510657665,0.2548677089014108,0.39375,0.2396825396825397,4,0.39375
near_capacity_independent,144,fixed_500ms,1,0.22541682995677093,0.7552424595761771,1.0967449248945655,0.25501674750572456,0.1275,0.5098039215686274,4,0.1275
near_capacity_independent,144,queue_capped_250ms,1,0.2236303908985775,0.5396436859393283,0.8811666485697813,0.2585433074331144,0.37875,0.25577557755775576,3,0.37875
near_capacity_independent,145,no_hedge,1,0.2881463718258104,2.5747709017735367,4.367035565201242,0.31643072934248184,0,0,5,0
near_capacity_independent,145,fixed_250ms,1,0.20638258476404658,0.46358884657796295,0.6490304068834796,0.24474859528904094,0.35375,0.26855123674911663,3,0.353125
near_capacity_independent,145,fixed_500ms,1,0.2019786732835911,0.6461467387188904,0.9111171244268093,0.2424497275552414,0.08375,0.6940298507462687,3,0.08375
near_capacity_independent,145,queue_capped_250ms,1,0.20517184935931354,0.465503141608707,0.6140911512686102,0.24360208997571894,0.333125,0.28142589118198874,3,0.3325
near_capacity_independent,146,no_hedge,1,0.2799224301031096,2.4185662019736966,4.09220016837509,0.3157591973832684,0,0,5,0
near_capacity_independent,146,fixed_250ms,1,0.20874422206689314,0.47853603664328404,0.7217008172297685,0.2441528614440977,0.348125,0.26032315978456017,4,0.348125
near_capacity_independent,146,fixed_500ms,1,0.20631811129490885,0.6666286371513266,0.8411637195356896,0.24140518598823235,0.09,0.6388888888888888,3,0.09
near_capacity_independent,146,queue_capped_250ms,1,0.20964578734269423,0.4967780345441781,0.7289041186214504,0.24614218107677793,0.339375,0.26519337016574585,3,0.339375
near_capacity_independent,147,no_hedge,0.999375,0.347643182465184,2.9369123304031177,4.654719727461256,0.32044936938298874,0,0,5,0
near_capacity_independent,147,fixed_250ms,1,0.20939748324969454,0.48535166375600625,0.704542852303284,0.25054217721282734,0.36,0.2690972222222222,3,0.359375
near_capacity_independent,147,fixed_500ms,1,0.20835769553186517,0.6639679973117154,0.9611153657439218,0.24889474547360707,0.0925,0.6554054054054054,3,0.0925
near_capacity_independent,147,queue_capped_250ms,1,0.20835769553186517,0.47581578131282143,0.7111153657437939,0.2505791350881621,0.343125,0.2768670309653916,3,0.3425
near_capacity_independent,148,no_hedge,1,0.3081077221602522,2.993562949530194,5.240526736792802,0.31671120799548885,0,0,8,0
near_capacity_independent,148,fixed_250ms,1,0.2197688161832403,0.5050073399586772,0.7521014562988455,0.2500511637265079,0.405625,0.2727272727272727,3,0.405
near_capacity_independent,148,fixed_500ms,1,0.22104098625671398,0.7337631684194719,1.0237604878867543,0.24933104829526742,0.115625,0.5459459459459459,3,0.115625
near_capacity_independent,148,queue_capped_250ms,1,0.22410364908865654,0.5257825521583896,0.795971175803885,0.2528790522346398,0.391875,0.2743221690590112,3,0.39125
near_capacity_independent,149,no_hedge,0.996875,0.8113690004546363,4.098130180336984,6.53171661271864,0.34574686357066226,0,0,9,0
near_capacity_independent,149,fixed_250ms,1,0.2225962358682878,0.48697578633214,0.6360918468984551,0.25093633607964944,0.400625,0.2620904836193448,3,0.4
near_capacity_independent,149,fixed_500ms,1,0.22878602420760075,0.7042275415460466,0.9307752062821635,0.251796725873785,0.113125,0.6464088397790055,3,0.113125
near_capacity_independent,149,queue_capped_250ms,1,0.22178374370815135,0.48644751712312484,0.6360918468984551,0.25039628531066854,0.386875,0.2827140549273021,3,0.38625
near_capacity_independent,150,no_hedge,1,0.2796423147725875,2.167172119454584,3.756563202116851,0.29787019561523076,0,0,4,0
near_capacity_independent,150,fixed_250ms,1,0.22330570757399926,0.4767799016642087,0.7081711744309676,0.2499243845039044,0.4025,0.24378881987577639,4,0.4025
near_capacity_independent,150,fixed_500ms,1,0.21563532887782344,0.6499926041804613,0.8751419023423281,0.2424337573176051,0.089375,0.6293706293706294,3,0.089375
near_capacity_independent,150,queue_capped_250ms,1,0.22196298751112664,0.4767799016642087,0.7081711744309676,0.24959660347294987,0.3875,0.2435483870967742,3,0.3875
near_capacity_independent,151,no_hedge,0.999375,0.3889895262860392,3.2557117033604452,5.176369166196943,0.3302474829495624,0,0,6,0
near_capacity_independent,151,fixed_250ms,1,0.22546924084561226,0.5870326440250295,1.0230909231328056,0.2627249827378108,0.404375,0.28438948995363217,6,0.404375
near_capacity_independent,151,fixed_500ms,1,0.21702688527987135,0.7469733742417031,1.1130909231328197,0.2576186567264301,0.125625,0.5223880597014925,4,0.125625
near_capacity_independent,151,queue_capped_250ms,1,0.2304704338822674,0.5610159795740088,1.694941128771518,0.27010247638701296,0.37875,0.297029702970297,4,0.37875
near_capacity_independent,152,no_hedge,0.999375,0.31299383944524095,3.222356859870704,5.713508122537364,0.32717715931115876,0,0,6,0
near_capacity_independent,152,fixed_250ms,1,0.22126559056704664,0.6689809487415204,1.5420186813745325,0.2602681624163572,0.401875,0.30326594090202175,8,0.401875
near_capacity_independent,152,fixed_500ms,1,0.2222117089573281,1.0238622133843052,2.1340504305620556,0.26237148118076437,0.1575,0.4722222222222222,9,0.1575
near_capacity_independent,152,queue_capped_250ms,1,0.22797186724598362,0.6682418206770357,2.406824154877178,0.2699744423277134,0.34125,0.3058608058608059,4,0.340625
near_capacity_independent,153,no_hedge,0.99375,0.399393948252623,4.796596291186219,7.331164203794643,0.34631099247507857,0,0,10,0
near_capacity_independent,153,fixed_250ms,1,0.2151505445040982,0.5263767947550546,0.8418080783210158,0.2500159800328513,0.38625,0.28317152103559873,4,0.38625
near_capacity_independent,153,fixed_500ms,1,0.21382450402966668,0.6759932726667444,0.8963767947550467,0.2477721980868842,0.11,0.6363636363636364,3,0.11
near_capacity_independent,153,queue_capped_250ms,1,0.21850578701127432,0.5293010739086865,1.5753762917514038,0.2591466026886877,0.354375,0.2804232804232804,3,0.354375
near_capacity_independent,154,no_hedge,0.999375,0.292430051146809,2.578318233606197,4.451835186180709,0.31760853821987506,0,0,5,0
near_capacity_independent,154,fixed_250ms,1,0.20594554670792853,0.49422793417903677,0.6627334100657167,0.24025536344349238,0.360625,0.28422876949740034,3,0.360625
near_capacity_independent,154,fixed_500ms,1,0.20707353432637632,0.6928173927572701,0.9615040825491903,0.240676449084381,0.105625,0.591715976331361,4,0.105625
near_capacity_independent,154,queue_capped_250ms,1,0.20640953090804892,0.5093883248708693,0.7312741002671466,0.2422776938446572,0.340625,0.29357798165137616,3,0.340625
near_capacity_independent,155,no_hedge,1,0.28858041397834455,2.506033562801761,3.982220434232021,0.30070487735914087,0,0,4,0
near_capacity_independent,155,fixed_250ms,1,0.20738866707814907,0.47339189541067483,0.6722156918002398,0.2339337935460975,0.340625,0.25504587155963304,4,0.340625
near_capacity_independent,155,fixed_500ms,1,0.20435894718829228,0.6175359108923288,0.8265742166626637,0.23072817398723178,0.07625,0.6885245901639344,3,0.07625
near_capacity_independent,155,queue_capped_250ms,1,0.20746240151601114,0.4794518136458663,0.6722156918002398,0.23534803319025344,0.32625,0.2547892720306513,3,0.32625
near_capacity_independent,156,no_hedge,0.995625,0.44974556515790454,3.230159189233902,5.696807619365231,0.33031918040515373,0,0,9,0
near_capacity_independent,156,fixed_250ms,1,0.228070832773549,0.546619574767206,0.8501732101945976,0.25265836907587536,0.42375,0.28023598820059,4,0.42375
near_capacity_independent,156,fixed_500ms,1,0.22905899015031927,0.8012479660681926,1.1974334872761645,0.2581968981975791,0.153125,0.5183673469387755,4,0.153125
near_capacity_independent,156,queue_capped_250ms,1,0.23781535392789266,0.6417858740445297,2.5721556847263995,0.26337010741214933,0.369375,0.27918781725888325,4,0.369375
near_capacity_independent,157,no_hedge,1,0.2454406069878452,2.1423596585740086,3.2376950656157604,0.2843216273911462,0,0,4,0
near_capacity_independent,157,fixed_250ms,1,0.20848885376087267,0.45524427058719397,0.64791043029782,0.2297161340444559,0.343125,0.25318761384335153,3,0.343125
near_capacity_independent,157,fixed_500ms,1,0.20663391027146716,0.6193593031292153,0.8188027013636106,0.22681750235736836,0.073125,0.6239316239316239,3,0.073125
near_capacity_independent,157,queue_capped_250ms,1,0.2085908066873543,0.45524427058719397,0.6505364922842141,0.23190416795903823,0.3375,0.2574074074074074,3,0.3375
near_capacity_independent,158,no_hedge,1,0.2872040613619653,2.9836999046680788,5.646989237320835,0.3062501423123536,0,0,7,0
near_capacity_independent,158,fixed_250ms,1,0.203172989880553,0.45530434407509546,0.5441158461036828,0.23545676897849485,0.33375,0.26217228464419473,3,0.33375
near_capacity_independent,158,fixed_500ms,1,0.20109401665511228,0.6105147811520908,0.7961330396418944,0.2323500101725191,0.075625,0.6611570247933884,3,0.075625
near_capacity_independent,158,queue_capped_250ms,1,0.20871891502324047,0.47834207449005106,0.6854304195389744,0.2433153406559313,0.3375,0.2740740740740741,3,0.3375
near_capacity_independent,159,no_hedge,0.999375,0.39932177685638237,2.975628447933085,4.890308602712764,0.3200837450614928,0,0,6,0
near_capacity_independent,159,fixed_250ms,1,0.24086809227391015,0.6787749446071238,1.1808768144224189,0.2565836347161094,0.46,0.23641304347826086,7,0.45625
near_capacity_independent,159,fixed_500ms,1,0.22232284803563118,0.7651398300138315,1.4716119832944656,0.24885538603295118,0.129375,0.47342995169082125,5,0.12875
near_capacity_independent,159,queue_capped_250ms,1,0.25726585936451585,0.98128341108049,3.043366826454168,0.26564347406731575,0.324375,0.27167630057803466,5,0.324375
near_capacity_independent,160,no_hedge,0.99875,0.29415765559383544,2.8823424124725676,4.802138026924581,0.32490297510242655,0,0,6,0
near_capacity_independent,160,fixed_250ms,1,0.23595569819053708,0.5932584775522542,1.4466991118609016,0.2659962395883168,0.45125,0.2673130193905817,5,0.45125
near_capacity_independent,160,fixed_500ms,1,0.21728459005615264,0.695814609579223,1.3139216305340398,0.2564427775924179,0.113125,0.5524861878453039,4,0.113125
near_capacity_independent,160,queue_capped_250ms,1,0.2329993630613867,0.5728656424547385,2.059548884271578,0.2660543881502651,0.364375,0.2692967409948542,3,0.364375
near_capacity_independent,161,no_hedge,0.996875,0.3019116661144512,3.5374264443615075,6.391121505146778,0.2976868798214869,0,0,9,0
near_capacity_independent,161,fixed_250ms,1,0.21888210029844846,0.7143756551044333,1.070202129460533,0.24227694405964542,0.400625,0.24648985959438377,6,0.400625
near_capacity_independent,161,fixed_500ms,1,0.21251093397117415,0.708549026570175,1.0826088977463684,0.23564554652490577,0.115625,0.43243243243243246,5,0.115
near_capacity_independent,161,queue_capped_250ms,1,0.22535838057827817,0.722828528015361,2.4014147033475624,0.2504243676855154,0.303125,0.23711340206185566,4,0.303125
near_capacity_independent,162,no_hedge,0.99875,0.3927852601433983,3.736203715655499,6.110303234941654,0.3067644897084258,0,0,10,0
near_capacity_independent,162,fixed_250ms,1,0.2140207554802558,0.48725704800048675,0.6621122514055457,0.24061149970537624,0.361875,0.26424870466321243,3,0.361875
near_capacity_independent,162,fixed_500ms,1,0.21422569649097722,0.667854866549142,0.9642778445157347,0.23952634310605891,0.09625,0.6038961038961039,3,0.09625
near_capacity_independent,162,queue_capped_250ms,1,0.214422031436996,0.4948070799924107,0.6782276972339858,0.24294152838843242,0.35875,0.2665505226480836,3,0.35875
near_capacity_independent,163,no_hedge,0.999375,0.4437213016434782,3.2414806544147226,4.738236124919126,0.3360751159532552,0,0,6,0
near_capacity_independent,163,fixed_250ms,1,0.21532440160634003,0.5067835216364713,0.6627791933571339,0.2429110152780424,0.375,0.27,4,0.375
near_capacity_independent,163,fixed_500ms,1,0.21366736034055833,0.6748212108614098,0.9127791933571341,0.2447911366382365,0.106875,0.6140350877192983,4,0.106875
near_capacity_independent,163,queue_capped_250ms,1,0.21819936646966198,0.5135783465487265,0.7042235874282454,0.24699118265169628,0.360625,0.2876949740034662,3,0.360625
near_capacity_independent,164,no_hedge,0.9975,0.5733256152940385,4.420802225663465,6.327195043037058,0.33803254710992997,0,0,9,0
near_capacity_independent,164,fixed_250ms,1,0.213562410735733,0.5349782915586871,0.8132216252078095,0.24997735320304884,0.39375,0.32063492063492066,4,0.391875
near_capacity_independent,164,fixed_500ms,1,0.2137554135251083,0.7738658610212852,1.2470770080788967,0.25083813477399275,0.135625,0.5622119815668203,5,0.13375
near_capacity_independent,164,queue_capped_250ms,1,0.21365009185985784,0.5356609196548803,1.2084476086723175,0.25196430202331277,0.353125,0.3433628318584071,3,0.35125
near_capacity_independent,165,no_hedge,0.996875,0.4202795072233343,3.7290710053693203,5.4066399116806565,0.3227835152931823,0,0,9,0
near_capacity_independent,165,fixed_250ms,1,0.21692159590491045,0.5039657940372138,0.645497174838205,0.2392828042834114,0.3825,0.272875816993464,4,0.3825
near_capacity_independent,165,fixed_500ms,1,0.20946730048868578,0.693108184537806,0.8794102485008466,0.2372661384748613,0.109375,0.6171428571428571,4,0.109375
near_capacity_independent,165,queue_capped_250ms,1,0.2162663252153436,0.5033908654657111,0.6539158723390912,0.24148757228386106,0.3575,0.28321678321678323,3,0.3575
near_capacity_independent,166,no_hedge,0.999375,0.4348693433633031,3.2912563461703996,5.3606649295394035,0.3143539501574709,0,0,8,0
near_capacity_independent,166,fixed_250ms,1,0.22404769193549612,0.5544364491343785,0.7891884864579453,0.24868731443326006,0.41625,0.24774774774774774,5,0.41625
near_capacity_independent,166,fixed_500ms,1,0.22332693204644372,0.7299502750002347,0.9584405376462684,0.24493182853102666,0.12375,0.4696969696969697,5,0.123125
near_capacity_independent,166,queue_capped_250ms,1,0.2251248580492664,0.579783468254135,1.0724948379890407,0.2506373977120598,0.361875,0.2659758203799655,4,0.361875
near_capacity_independent,167,no_hedge,1,0.24854625389360052,2.257150102487671,3.776920635597804,0.29751634844358843,0,0,6,0
near_capacity_independent,167,fixed_250ms,1,0.2149049381935697,0.5220640016145737,0.733762321283308,0.2496962693905157,0.373125,0.24288107202680068,4,0.3725
near_capacity_independent,167,fixed_500ms,1,0.2161447487293735,0.7241461819930066,1.1037615545075923,0.25040303694219784,0.123125,0.47715736040609136,5,0.1225
near_capacity_independent,167,queue_capped_250ms,1,0.21400296005614905,0.49483715939364714,0.7522445674446914,0.25114849082251883,0.34625,0.26173285198555957,3,0.345625
near_capacity_independent,168,no_hedge,0.99875,0.33322633763351917,2.826694933565747,4.696792298115783,0.3209203369363177,0,0,5,0
near_capacity_independent,168,fixed_250ms,1,0.2138915354689317,0.49841560658627415,0.728957651269269,0.2472626792337618,0.375625,0.2545757071547421,3,0.375625
near_capacity_independent,168,fixed_500ms,1,0.2146305347722013,0.6660697406460301,0.9171903942103015,0.24539832231907394,0.1025,0.6097560975609756,3,0.1025
near_capacity_independent,168,queue_capped_250ms,1,0.2146305347722013,0.5075163865870778,0.7426635389642584,0.24679729635570793,0.35875,0.25609756097560976,3,0.35875
near_capacity_independent,169,no_hedge,0.996875,0.30548541588913203,3.287364965191159,5.08569796148123,0.31597242144166265,0,0,10,0
near_capacity_independent,169,fixed_250ms,1,0.21535889832883015,0.509845848516898,0.7181889257628953,0.2490767172118356,0.369375,0.24873096446700507,3,0.36875
near_capacity_independent,169,fixed_500ms,1,0.2109666987239578,0.6773864519183803,0.950383487984972,0.24701062920546793,0.099375,0.5974842767295597,3,0.09875
near_capacity_independent,169,queue_capped_250ms,1,0.21319506418076628,0.5071442244994984,0.754210652134276,0.24837354300179357,0.35,0.2625,3,0.349375
near_capacity_independent,170,no_hedge,0.990625,0.556125688092699,4.022197939236328,7.082790899136846,0.3244454261449732,0,0,10,0
near_capacity_independent,170,fixed_250ms,1,0.2146502704828812,0.5387801709914442,0.7380284570581459,0.25301807062900944,0.3875,0.2629032258064516,3,0.386875
near_capacity_independent,170,fixed_500ms,1,0.21153739748188372,0.7075425652108365,1.0574147579597337,0.25059303079225276,0.124375,0.5326633165829145,4,0.124375
near_capacity_independent,170,queue_capped_250ms,1,0.21612738685017518,0.5453844973197732,0.8886535066577039,0.25425981907079664,0.36625,0.26791808873720135,3,0.36625
near_capacity_independent,171,no_hedge,1,0.39317507179865174,2.9679292652742157,4.428437918588571,0.3332813657815993,0,0,7,0
near_capacity_independent,171,fixed_250ms,1,0.21620138598779448,0.520364792319377,0.7746929943021357,0.2511826629531363,0.384375,0.2813008130081301,4,0.38375
near_capacity_independent,171,fixed_500ms,1,0.2097899124975342,0.6869103424718332,0.9138194993153732,0.24950336675466947,0.106875,0.6432748538011696,3,0.106875
near_capacity_independent,171,queue_capped_250ms,1,0.21399202997543032,0.51869820039455,0.7434611669790883,0.24933871796397597,0.356875,0.27845884413309985,3,0.35625
near_capacity_independent,172,no_hedge,0.994375,1.058384126747292,5.2763839814271805,7.666980808814316,0.35273017544776203,0,0,9,0
near_capacity_independent,172,fixed_250ms,1,0.24411671976713478,0.6304468983069178,1.0501839234504473,0.2668023276835957,0.473125,0.2800528401585205,4,0.4725
near_capacity_independent,172,fixed_500ms,1,0.2575878299028709,1.2083115505363367,1.9418934991090708,0.2737120614774924,0.216875,0.4092219020172911,9,0.21625
near_capacity_independent,172,queue_capped_250ms,0.9975,0.5879907811596059,3.8634087579959875,6.315744201101396,0.3194322067914239,0.191875,0.28664495114006516,9,0.191875
near_capacity_independent,173,no_hedge,0.99875,0.5854266298247488,4.116554037929401,5.694336132038844,0.3309200814789067,0,0,8,0
near_capacity_independent,173,fixed_250ms,1,0.21235970838345963,0.48361460613901386,0.6384355701246633,0.23963685983086452,0.36,0.28125,3,0.36
near_capacity_independent,173,fixed_500ms,1,0.212899740106252,0.6601853199770069,0.9061328464607925,0.23965694569326537,0.090625,0.6620689655172414,3,0.090625
near_capacity_independent,173,queue_capped_250ms,1,0.2123134463719083,0.4784442117389389,0.6123803215508872,0.2394508457957021,0.34875,0.2921146953405018,3,0.34875
near_capacity_independent,174,no_hedge,1,0.3887038172722459,3.5102512882795693,5.004405557941354,0.3229415648394936,0,0,8,0
near_capacity_independent,174,fixed_250ms,1,0.21731106802121047,0.5196509562061067,0.7569989166661344,0.24438665874197962,0.376875,0.2620232172470978,4,0.376875
near_capacity_independent,174,fixed_500ms,1,0.21512370726353858,0.713122184550528,0.9450718089785326,0.24180483010674858,0.11375,0.6208791208791209,5,0.11375
near_capacity_independent,174,queue_capped_250ms,1,0.21389651290150624,0.4984912477052106,0.6610687158129309,0.24272650160805193,0.348125,0.2836624775583483,3,0.348125
near_capacity_independent,175,no_hedge,0.999375,0.5207198247662461,3.675042827619027,5.357598363909958,0.33065085003183237,0,0,8,0
near_capacity_independent,175,fixed_250ms,1,0.21709232006300283,0.8117594996100976,1.7846613750944016,0.2483965142318532,0.390625,0.2912,9,0.39
near_capacity_independent,175,fixed_500ms,1,0.21098899968588825,0.6840477036330774,1.0270796293618218,0.2421676734741676,0.100625,0.5900621118012422,5,0.100625
near_capacity_independent,175,queue_capped_250ms,1,0.2241064622955875,0.8266896595502402,3.5907336651603288,0.25489597565297195,0.303125,0.29896907216494845,5,0.3025
near_capacity_independent,176,no_hedge,0.99875,0.285878229901499,2.4257709371402747,3.867670175071183,0.3011707342936994,0,0,6,0
near_capacity_independent,176,fixed_250ms,1,0.2163990485138072,0.643034097332837,0.9248058793441629,0.24207581622892266,0.386875,0.2665589660743134,6,0.38625
near_capacity_independent,176,fixed_500ms,1,0.21148605879694315,0.7334579664362408,0.9916737295145097,0.23679467735505189,0.126875,0.45320197044334976,5,0.126875
near_capacity_independent,176,queue_capped_250ms,1,0.21763247685135667,0.5497973234944951,0.9147555266027574,0.24455864329876248,0.329375,0.25996204933586337,4,0.32875
near_capacity_independent,177,no_hedge,1,0.2777927526964845,2.763620008266102,3.9538405641437286,0.30815772095153765,0,0,8,0
near_capacity_independent,177,fixed_250ms,1,0.21236636210880988,0.4948131175861068,0.758219653946508,0.2462878436498501,0.365,0.261986301369863,4,0.365
near_capacity_independent,177,fixed_500ms,1,0.20993667037848418,0.6333417219323514,0.8881859327077635,0.24258021235158822,0.08125,0.6615384615384615,3,0.08125
near_capacity_independent,177,queue_capped_250ms,1,0.2140890125483068,0.4940270130504416,0.8166852490178371,0.25136085510253514,0.35,0.26607142857142857,3,0.35
near_capacity_independent,178,no_hedge,1,0.22875109473871724,2.301956735721994,4.964433468762913,0.28955383750747776,0,0,7,0
near_capacity_independent,178,fixed_250ms,1,0.2093218892994675,0.6947531540391552,1.152089202597935,0.2437065248647074,0.360625,0.2564991334488735,6,0.36
near_capacity_independent,178,fixed_500ms,1,0.2053934404028297,0.7720354259827573,1.289381955890022,0.24042170641760202,0.126875,0.43842364532019706,6,0.12625
near_capacity_independent,178,queue_capped_250ms,1,0.21254584272085708,0.8758036840902363,2.2276960586549706,0.2476984812158145,0.27875,0.27802690582959644,5,0.278125
near_capacity_independent,179,no_hedge,1,0.6531798717620418,3.754807766800159,5.455108452259285,0.33675839840847027,0,0,8,0
near_capacity_independent,179,fixed_250ms,1,0.22291883659785583,0.6578885205686476,1.0293900484838563,0.25149598091227054,0.401875,0.28304821150855364,5,0.401875
near_capacity_independent,179,fixed_500ms,1,0.21414610011650126,0.7507871354021738,1.0643244761358686,0.2479040602580251,0.120625,0.5751295336787565,5,0.120625
near_capacity_independent,179,queue_capped_250ms,1,0.2791948752132498,2.4354603303418507,4.1333864878351605,0.2768660859226739,0.269375,0.2923433874709977,6,0.269375
near_capacity_independent,180,no_hedge,0.9975,0.42346184337272774,3.2645539893450604,5.034269374028497,0.3288275240333081,0,0,6,0
near_capacity_independent,180,fixed_250ms,1,0.22726569995115836,0.5881659457672512,0.9032888673309252,0.2491513472018572,0.426875,0.24890190336749635,4,0.426875
near_capacity_independent,180,fixed_500ms,1,0.22987588803155035,0.816988085145951,1.3122063350943591,0.24909529468240366,0.155,0.46774193548387094,5,0.155
near_capacity_independent,180,queue_capped_250ms,1,0.24380639150714267,0.8720572828304682,3.2347400712576544,0.2610684715576393,0.35125,0.25444839857651247,5,0.35125
near_capacity_independent,181,no_hedge,0.9925,0.3205326845039984,3.9277366447377773,6.698731134287382,0.3162078460080914,0,0,11,0
near_capacity_independent,181,fixed_250ms,1,0.22163392482551814,0.5255473005149085,0.8298289469780471,0.2520242878531888,0.403125,0.24496124031007752,4,0.403125
near_capacity_independent,181,fixed_500ms,1,0.22009210979474148,0.7310902183085659,1.1353835319751333,0.24800642907424306,0.11625,0.5053763440860215,5,0.115625
near_capacity_independent,181,queue_capped_250ms,1,0.22883482786576081,0.5799500330436906,1.6293090230293643,0.25688364184708157,0.364375,0.2624356775300172,3,0.364375
near_capacity_independent,182,no_hedge,0.999375,0.41542516915797734,3.1402840535954795,5.145762947294369,0.32975066432741024,0,0,7,0
near_capacity_independent,182,fixed_250ms,1,0.22382078122668503,0.5534276799885163,0.8011485836739709,0.25199416911439,0.410625,0.2694063926940639,5,0.410625
near_capacity_independent,182,fixed_500ms,1,0.22038765176583297,0.7116818351292622,1.0853363948257595,0.2515869380068384,0.124375,0.5175879396984925,4,0.124375
near_capacity_independent,182,queue_capped_250ms,1,0.22267690699494835,0.5265903567420338,0.8105224010984777,0.2533009329948127,0.366875,0.28960817717206133,3,0.366875
near_capacity_independent,183,no_hedge,1,0.3214385648101725,3.02253928875756,4.538339237943006,0.3183651775583451,0,0,6,0
near_capacity_independent,183,fixed_250ms,1,0.20397701437724436,0.4543445735649385,0.633405574750185,0.23672449526741698,0.319375,0.26810176125244617,3,0.31875
near_capacity_independent,183,fixed_500ms,1,0.2051797164623892,0.6343268927224024,0.8443869325412336,0.23422684218991005,0.07375,0.7457627118644068,3,0.07375
near_capacity_independent,183,queue_capped_250ms,1,0.20401357777871,0.45135321968177067,0.6363898340995888,0.23661219962064928,0.3175,0.265748031496063,3,0.316875
near_capacity_independent,184,no_hedge,0.999375,0.3297551534314209,3.0253837935088725,5.0534787800665555,0.320595179008575,0,0,5,0
near_capacity_independent,184,fixed_250ms,1,0.21492110345981885,0.485047996263809,0.6759390427966139,0.24364846108701946,0.371875,0.253781512605042,4,0.37125
near_capacity_independent,184,fixed_500ms,1,0.2132988002873759,0.6319832741467586,0.9628068611153395,0.23950082238919826,0.08125,0.6153846153846154,3,0.08125
near_capacity_independent,184,queue_capped_250ms,1,0.2151528822387121,0.47898983195374,0.676875923089888,0.24460873327117436,0.363125,0.25817555938037867,3,0.3625
near_capacity_independent,185,no_hedge,0.999375,0.403002643985527,3.138877539108215,4.8306836978937895,0.3217764017433718,0,0,8,0
near_capacity_independent,185,fixed_250ms,1,0.20525439703420112,0.48656008120170924,0.6567924037380699,0.24218383388371056,0.345625,0.29294755877034356,3,0.345625
near_capacity_independent,185,fixed_500ms,1,0.20497032779975655,0.6702407715622165,0.8984190435179258,0.24099439585724106,0.093125,0.6711409395973155,3,0.093125
near_capacity_independent,185,queue_capped_250ms,1,0.20555122995298802,0.49293445399419333,0.6838872198615888,0.24254005893967479,0.336875,0.3079777365491651,3,0.336875
near_capacity_independent,186,no_hedge,0.999375,0.2735300628980597,2.5119660924655633,4.1578634787310165,0.3215018064708811,0,0,4,0
near_capacity_independent,186,fixed_250ms,1,0.21107844301820222,0.5320865013656189,0.8146645821111775,0.2481204924745122,0.36375,0.2920962199312715,5,0.363125
near_capacity_independent,186,fixed_500ms,1,0.2107695457704324,0.7005216776941765,1.0928592258548804,0.2487750267426735,0.1025,0.6036585365853658,4,0.101875
near_capacity_independent,186,queue_capped_250ms,1,0.20809109415398286,0.48117800664985566,0.6482190106592949,0.24657475158018147,0.331875,0.2768361581920904,3,0.33125
near_capacity_independent,187,no_hedge,0.996875,0.42560766531828165,4.062622904341893,6.155568077885519,0.33676527913393883,0,0,10,0
near_capacity_independent,187,fixed_250ms,1,0.22172732910550152,0.5807017232679357,0.9518197551362775,0.25661537590583633,0.409375,0.2748091603053435,5,0.40875
near_capacity_independent,187,fixed_500ms,1,0.22070712572887174,0.771017313181126,1.1905848196813835,0.2541656378639934,0.136875,0.5251141552511416,4,0.136875
near_capacity_independent,187,queue_capped_250ms,1,0.23111928783847446,0.6751943525964315,2.3017713048673745,0.2655463087141887,0.345,0.2807971014492754,4,0.344375
near_capacity_independent,188,no_hedge,0.999375,0.3006847801471775,3.1246761893270296,4.920462793951323,0.31389929981896997,0,0,8,0
near_capacity_independent,188,fixed_250ms,1,0.2179998997895538,0.5444313780797856,0.8505022647540947,0.24537662651708217,0.388125,0.23027375201288244,5,0.388125
near_capacity_independent,188,fixed_500ms,1,0.2135305698715868,0.7177569245009892,1.0638848020631642,0.24177048795108672,0.106875,0.543859649122807,5,0.106875
near_capacity_independent,188,queue_capped_250ms,1,0.21812237716074634,0.5175214192374753,1.214267033570394,0.24609020403263468,0.336875,0.24489795918367346,4,0.336875
near_capacity_independent,189,no_hedge,0.998125,0.33781362266943216,3.21911787030146,4.573546043633192,0.3156157254175904,0,0,7,0
near_capacity_independent,189,fixed_250ms,1,0.21400719138668478,0.5179206479596274,0.7296312440034782,0.24343104125637807,0.38625,0.2605177993527508,4,0.385625
near_capacity_independent,189,fixed_500ms,1,0.2143568103834781,0.734134303339502,1.1719739570344245,0.24126107579212655,0.125625,0.5074626865671642,5,0.125625
near_capacity_independent,189,queue_capped_250ms,1,0.2139685743049391,0.5050574889331898,0.7556737005111018,0.24365322792196772,0.351875,0.2664298401420959,3,0.35125
near_capacity_independent,190,no_hedge,0.998125,0.8381839035427916,4.223826208158883,6.339493448554322,0.32528920944195255,0,0,8,0
near_capacity_independent,190,fixed_250ms,1,0.2344176458544709,0.7254742207948439,1.4060445791053198,0.24733777385971073,0.4375,0.2571428571428571,8,0.436875
near_capacity_independent,190,fixed_500ms,1,0.2253831754457991,0.7709257508516849,1.2751849123781156,0.24528495397209704,0.146875,0.46808510638297873,6,0.146875
near_capacity_independent,190,queue_capped_250ms,0.998125,0.25936961967750705,1.4519618639340734,4.356145233849688,0.2702115522835904,0.310625,0.2776659959758551,6,0.31
near_capacity_independent,191,no_hedge,1,0.23890814876054378,2.1830685743617124,4.343892965101709,0.30030741571440045,0,0,6,0
near_capacity_independent,191,fixed_250ms,1,0.2054431422447065,0.4753389944040123,0.7131523010777059,0.2455538446664633,0.338125,0.2476894639556377,4,0.338125
near_capacity_independent,191,fixed_500ms,1,0.2028058710860421,0.6376811631169375,0.924046023906449,0.24060804070876196,0.08125,0.6230769230769231,4,0.08125
near_capacity_independent,191,queue_capped_250ms,1,0.20563292896964214,0.47881930482717294,0.6978355599206338,0.24660043356306158,0.328125,0.26095238095238094,3,0.328125
near_capacity_independent,192,no_hedge,0.99875,0.35903269372719393,3.5211652208636366,5.238846149522011,0.3268729681582878,0,0,6,0
near_capacity_independent,192,fixed_250ms,1,0.21035045051872459,0.5069182038296169,0.6652293747922613,0.23986076811975757,0.360625,0.24956672443674177,4,0.36
near_capacity_independent,192,fixed_500ms,1,0.204740901939239,0.6817831366870948,0.8987234019136281,0.23869473248609874,0.105,0.5952380952380952,4,0.105
near_capacity_independent,192,queue_capped_250ms,1,0.21364389805656003,0.5380543557614352,0.8551842153933649,0.24292418550523262,0.33125,0.2792452830188679,4,0.330625
near_capacity_independent,193,no_hedge,0.998125,0.3196887834013502,2.8533118467900778,4.0650356263302765,0.314396029011438,0,0,5,0
near_capacity_independent,193,fixed_250ms,1,0.22155799305733836,0.6919776964716853,1.1796426569606986,0.2497923709849408,0.416875,0.25487256371814093,7,0.41625
near_capacity_independent,193,fixed_500ms,1,0.2157916682683627,0.7086671800955155,0.9891126429941011,0.24642121675495163,0.115,0.592391304347826,4,0.115
near_capacity_independent,193,queue_capped_250ms,1,0.21948315704462829,0.5530490118181675,1.2261377904923307,0.25334009486658926,0.349375,0.26833631484794274,4,0.3475
near_capacity_independent,194,no_hedge,0.995,0.5942556901469569,4.615221270800639,7.040065255188345,0.3396844885971859,0,0,11,0
near_capacity_independent,194,fixed_250ms,1,0.21582151310724385,0.500157768545396,0.6829273013683235,0.24771832620174108,0.369375,0.28426395939086296,4,0.36875
near_capacity_independent,194,fixed_500ms,1,0.21579311643010257,0.6993253745683319,1.0626363404940804,0.24905697727091972,0.106875,0.5847953216374269,3,0.106875
near_capacity_independent,194,queue_capped_250ms,1,0.2178558691880781,0.512027194136877,0.7974086688714177,0.2509983290905707,0.354375,0.2821869488536155,3,0.35375
near_capacity_independent,195,no_hedge,1,0.3003744440295151,3.1537657907695866,4.261424720687401,0.3216040047145104,0,0,7,0
near_capacity_independent,195,fixed_250ms,1,0.2109924458105219,0.48376579076916926,0.647427400306384,0.24216353203168023,0.356875,0.2732049036777583,4,0.35625
near_capacity_independent,195,fixed_500ms,1,0.21106453271431747,0.7271152025835121,1.1918238163940913,0.24379289413779662,0.115,0.532608695652174,5,0.115
near_capacity_independent,195,queue_capped_250ms,1,0.21176187983241057,0.48376579076916926,0.6397113788979389,0.24377994767148212,0.3475,0.2715827338129496,3,0.346875
near_capacity_independent,196,no_hedge,1,0.44990569916012646,3.668737741436921,5.565105342728899,0.34129140181037587,0,0,7,0
near_capacity_independent,196,fixed_250ms,1,0.22084551653446383,0.5570287067880564,0.8395340908628057,0.25568828859419673,0.39,0.25961538461538464,5,0.39
near_capacity_independent,196,fixed_500ms,1,0.2260174195595539,0.7834208724221838,1.2783655376082308,0.25595479101695,0.13125,0.5238095238095238,6,0.13125
near_capacity_independent,196,queue_capped_250ms,0.999375,0.22767377119972032,0.5745465493392459,2.4155495521192165,0.2661650530383616,0.365,0.2671232876712329,4,0.365
near_capacity_independent,197,no_hedge,0.998125,0.3798847273542023,3.11399562917304,4.863531916006146,0.3109944467040227,0,0,7,0
near_capacity_independent,197,fixed_250ms,1,0.21801433345164867,0.5676346607207776,0.9440795000806617,0.24369849136725028,0.38875,0.25562700964630225,6,0.38875
near_capacity_independent,197,fixed_500ms,1,0.20885699826024506,0.6787355418112568,0.9041836165360806,0.23849738534119605,0.098125,0.5987261146496815,3,0.098125
near_capacity_independent,197,queue_capped_250ms,1,0.2132102442627044,0.5019463069003862,0.770232635665586,0.24029528982042886,0.344375,0.2813067150635209,3,0.344375
near_capacity_independent,198,no_hedge,1,0.485416409682756,3.3425718876209096,5.711754529610388,0.32249470691583876,0,0,7,0
near_capacity_independent,198,fixed_250ms,1,0.22833263611370924,0.5974478243236447,0.8830958503806983,0.2464012496152479,0.4225,0.2603550295857988,5,0.4225
near_capacity_independent,198,fixed_500ms,1,0.23125591041318394,0.7830953471651867,1.2293146363266487,0.2462927577541452,0.151875,0.43621399176954734,5,0.151875
near_capacity_independent,198,queue_capped_250ms,1,0.246520071502772,0.6738844026031536,2.9217321207158307,0.26221628880459513,0.3375,0.26296296296296295,4,0.3375
near_capacity_independent,199,no_hedge,1,0.4593151216609428,3.4767005201133028,4.812572801073507,0.33972657355358654,0,0,6,0
near_capacity_independent,199,fixed_250ms,1,0.22986043908590403,0.582703757202637,1.0350876366138166,0.2672580298566522,0.43875,0.27350427350427353,5,0.43875
near_capacity_independent,199,fixed_500ms,1,0.22299074085432835,0.8090727860240463,1.3210771098592318,0.2631373200575365,0.139375,0.5336322869955157,6,0.139375
near_capacity_independent,199,queue_capped_250ms,1,0.2521260609621123,1.1405918201083836,3.1667995367539064,0.28299718544102914,0.3525,0.28191489361702127,5,0.3525
near_capacity_independent,200,no_hedge,0.993125,0.7916724535880704,4.36003894473491,6.631611319511279,0.3242461924554946,0,0,10,0
near_capacity_independent,200,fixed_250ms,1,0.21706607872355566,0.5322240622601928,0.8971319038117045,0.24825511821105428,0.376875,0.2570480928689884,6,0.376875
near_capacity_independent,200,fixed_500ms,1,0.21049237271474652,0.6792895800542595,1.0169692055162969,0.24544452302924608,0.09375,0.6466666666666666,4,0.09375
near_capacity_independent,200,queue_capped_250ms,1,0.21651022351546345,0.5147590552353876,0.9290971359828646,0.24721806887845113,0.354375,0.25573192239858905,4,0.354375
near_capacity_independent,201,no_hedge,1,0.47950761308907985,3.2680449349142915,5.749844627668738,0.3050095147557423,0,0,7,0
near_capacity_independent,201,fixed_250ms,1,0.21597595957070226,0.4917821390151431,0.6973745712596418,0.23934580668936387,0.375,0.26,4,0.375
near_capacity_independent,201,fixed_500ms,1,0.23136017563884081,0.8513696254428993,1.4642468391105083,0.2465677082327625,0.16,0.39453125,6,0.16
near_capacity_independent,201,queue_capped_250ms,1,0.21593588810915065,0.4872437085819783,0.7280809589789321,0.24039049277688054,0.3525,0.2570921985815603,3,0.3525
near_capacity_independent,202,no_hedge,1,0.23216312493237368,1.8860180494128684,3.302359389021973,0.29202571244718173,0,0,4,0
near_capacity_independent,202,fixed_250ms,1,0.19822759844514337,0.45155981043442495,0.6110199978216642,0.23111899897793114,0.320625,0.24951267056530213,3,0.32
near_capacity_independent,202,fixed_500ms,1,0.19610399870934003,0.5900084187974954,0.8165369840344425,0.22615534862811731,0.0675,0.6851851851851852,3,0.066875
near_capacity_independent,202,queue_capped_250ms,1,0.1999964281374389,0.45984317215569703,0.6792781169745439,0.2339711732357243,0.325625,0.2456813819577735,3,0.325
near_capacity_independent,203,no_hedge,0.998125,0.3427883189357068,3.4019935970872464,5.143903200965548,0.3317388768806883,0,0,9,0
near_capacity_independent,203,fixed_250ms,1,0.22894622176175972,0.580388961455995,0.9174502407423377,0.2625296293860507,0.42375,0.26548672566371684,5,0.42375
near_capacity_independent,203,fixed_500ms,1,0.22415731984326293,0.7252456975394352,1.196289870477667,0.26065978773850534,0.118125,0.5608465608465608,4,0.118125
near_capacity_independent,203,queue_capped_250ms,1,0.23694765300373177,0.6172043482587259,2.9580395790018086,0.2725429503002338,0.34125,0.28205128205128205,4,0.340625
near_capacity_independent,204,no_hedge,1,0.2734778704004768,2.5854847254083815,3.998587454170867,0.3063124032072555,0,0,6,0
near_capacity_independent,204,fixed_250ms,1,0.21068273697938977,0.6016436635646443,1.4255955743443351,0.2506941560748187,0.37375,0.27759197324414714,7,0.37375
near_capacity_independent,204,fixed_500ms,1,0.20311026009942168,0.6775398199805398,0.9972298603229603,0.24275484965558283,0.09625,0.5844155844155844,4,0.09625
near_capacity_independent,204,queue_capped_250ms,1,0.21136641341552576,0.5759912257598785,2.1658360599125572,0.25215188999455207,0.329375,0.2637571157495256,5,0.329375
near_capacity_independent,205,no_hedge,1,0.3127217945074072,2.774576936548769,4.667774441922965,0.3139095680046235,0,0,6,0
near_capacity_independent,205,fixed_250ms,1,0.20729188288137834,0.4659688713071901,0.6228470084524815,0.23728714020327593,0.354375,0.25573192239858905,3,0.354375
near_capacity_independent,205,fixed_500ms,1,0.20552836764049864,0.6366027673148427,0.8351149789931895,0.23570726426915578,0.08,0.6875,3,0.08
near_capacity_independent,205,queue_capped_250ms,1,0.20717621121593055,0.4672089358199596,0.6243281752402652,0.23790724093090565,0.346875,0.2648648648648649,3,0.346875
near_capacity_independent,206,no_hedge,0.998125,0.587121051464786,3.9316345433690714,6.212845133499123,0.337870899705363,0,0,9,0
near_capacity_independent,206,fixed_250ms,1,0.21382900710403163,0.4693970737763795,0.593051145733213,0.2485901861639924,0.381875,0.265139116202946,3,0.38125
near_capacity_independent,206,fixed_500ms,1,0.2182168365385735,0.686596837722135,0.90113517335487,0.2527628803822517,0.114375,0.6284153005464481,3,0.114375
near_capacity_independent,206,queue_capped_250ms,1,0.21382391284626578,0.469671937069684,0.593051145733213,0.24875227208395534,0.376875,0.27197346600331673,3,0.37625
near_capacity_independent,207,no_hedge,1,0.32679452377708884,2.7429982145882263,4.260966717659478,0.3163316028700278,0,0,6,0
near_capacity_independent,207,fixed_250ms,1,0.21157891136487095,0.48148840251344893,0.6616989174299519,0.2395252402806578,0.373125,0.24623115577889448,3,0.373125
near_capacity_independent,207,fixed_500ms,1,0.21108665997729492,0.6673674518789738,0.8849559617972744,0.24170167560982125,0.100625,0.6335403726708074,3,0.100625
near_capacity_independent,207,queue_capped_250ms,1,0.21157891136487095,0.4837461803142382,0.6470870555012347,0.23895678273594675,0.35875,0.259581881533101,3,0.35875
near_capacity_independent,208,no_hedge,0.999375,0.3696327670710602,3.2393499975911197,6.041215831299429,0.3161738780711472,0,0,7,0
near_capacity_independent,208,fixed_250ms,1,0.2162151783760038,0.5180782192024367,0.7370078261628201,0.25022010097234715,0.36625,0.26791808873720135,3,0.365625
near_capacity_independent,208,fixed_500ms,1,0.21243256287175427,0.6985499364239764,1.0187379890808472,0.2502203683688601,0.101875,0.6073619631901841,3,0.101875
near_capacity_independent,208,queue_capped_250ms,1,0.21983405377616094,0.5392725639637916,1.5122714927972964,0.25567616349163824,0.350625,0.2709447415329768,4,0.35
near_capacity_independent,209,no_hedge,0.995,0.5057771668406943,3.76399885668161,6.411196831755262,0.33080835443268214,0,0,8,0
near_capacity_independent,209,fixed_250ms,1,0.234460268836429,0.7263585775179955,1.584314742953005,0.26648528976651364,0.445,0.26825842696629215,7,0.4425
near_capacity_independent,209,fixed_500ms,1,0.22864778039825495,0.7782300376006432,1.2378484469774804,0.25912780924861206,0.131875,0.5402843601895735,6,0.130625
near_capacity_independent,209,queue_capped_250ms,1,0.2370564798154433,0.7364387416021003,2.7700548167631993,0.2728199611932449,0.369375,0.2656514382402707,5,0.369375
near_capacity_independent,210,no_hedge,0.99875,0.344787306808211,3.069154503107825,4.554793129395087,0.30106918604150906,0,0,8,0
near_capacity_independent,210,fixed_250ms,1,0.21681713385512325,0.5189567906075503,0.7180736762064726,0.24035269256300032,0.3925,0.23885350318471338,4,0.3925
near_capacity_independent,210,fixed_500ms,1,0.2058401236788896,0.6470038092711619,0.855203041748549,0.233703557745753,0.08875,0.6267605633802817,3,0.08875
near_capacity_independent,210,queue_capped_250ms,1,0.2194430767194504,0.6122723239211023,1.831661589025913,0.24308911870305608,0.3275,0.2480916030534351,5,0.3275
near_capacity_independent,211,no_hedge,1,0.3392229357452159,2.8195018414727073,4.196163101994152,0.3202332778744176,0,0,6,0
near_capacity_independent,211,fixed_250ms,1,0.22033957917160762,0.5450500428022149,0.8216400407150957,0.24984132174577836,0.408125,0.2557427258805513,5,0.408125
near_capacity_independent,211,fixed_500ms,1,0.21246937190875315,0.6865918867948793,0.9202565437911048,0.2466329434871036,0.100625,0.6459627329192547,3,0.100625
near_capacity_independent,211,queue_capped_250ms,1,0.21994434285738507,0.523089274598334,0.8381109224664041,0.2514136552436302,0.381875,0.27823240589198034,3,0.381875
near_capacity_independent,212,no_hedge,1,0.32078459998817266,2.778980254979352,4.510525858661637,0.3212607408019417,0,0,6,0
near_capacity_independent,212,fixed_250ms,1,0.21405357574806771,0.5010062415648129,0.6624475080624173,0.25290011086868486,0.38125,0.25081967213114753,4,0.380625
near_capacity_independent,212,fixed_500ms,1,0.21178302357142798,0.6695025536150734,0.9390571583643137,0.24885609209787926,0.08625,0.6666666666666666,3,0.08625
near_capacity_independent,212,queue_capped_250ms,1,0.21529612224184902,0.4978695350558553,0.6624475080624173,0.25425302811763195,0.37375,0.2608695652173913,3,0.373125
near_capacity_independent,213,no_hedge,0.998125,0.4535017219952522,3.4584601475345274,6.422989169062987,0.3144912111019042,0,0,9,0
near_capacity_independent,213,fixed_250ms,1,0.2287501141546464,0.5949274633643746,0.9226530645459521,0.2544746862421763,0.413125,0.26021180030257185,6,0.4125
near_capacity_independent,213,fixed_500ms,1,0.22500301075653795,0.7623286104751266,1.3746917686757154,0.2538779021032714,0.1325,0.4386792452830189,6,0.131875
near_capacity_independent,213,queue_capped_250ms,1,0.28529157004422245,2.0526229314851605,3.6897207132898657,0.2759697145335923,0.29375,0.274468085106383,7,0.2925
near_capacity_independent,214,no_hedge,1,0.25357833318022927,2.5918820104922133,3.9351346941807464,0.30310306529121783,0,0,5,0
near_capacity_independent,214,fixed_250ms,1,0.20835290663677597,0.48223232380656356,0.7561767522560245,0.24473825088246173,0.349375,0.2629695885509839,3,0.34875
near_capacity_independent,214,fixed_500ms,1,0.20856820430579148,0.7037859730903584,1.1185837022353766,0.24399842025712562,0.10375,0.5963855421686747,4,0.10375
near_capacity_independent,214,queue_capped_250ms,1,0.2109820982939996,0.5425101222027706,1.3798229457415232,0.24832784883973805,0.3225,0.28294573643410853,4,0.321875
near_capacity_independent,215,no_hedge,1,0.32190032711289973,2.724800365708301,4.384015742901269,0.3046254628000392,0,0,5,0
near_capacity_independent,215,fixed_250ms,1,0.22272793503719157,0.5125669038266789,0.7143591786296852,0.24533566189232456,0.41125,0.24772036474164133,4,0.410625
near_capacity_independent,215,fixed_500ms,1,0.21820813534941408,0.6680267596136247,0.9555072022216597,0.2402955074323992,0.099375,0.5974842767295597,3,0.099375
near_capacity_independent,215,queue_capped_250ms,1,0.22152072258821676,0.5083536091578864,0.8229871096784946,0.24707678100120667,0.38,0.24671052631578946,3,0.38
near_capacity_independent,216,no_hedge,0.9925,0.6289434803164369,4.039017604581765,5.987872075744306,0.34311939765709254,0,0,9,0
near_capacity_independent,216,fixed_250ms,1,0.21395764119569094,0.49377121063585605,0.6772747209923864,0.2464531587503204,0.368125,0.2767402376910017,4,0.3675
near_capacity_independent,216,fixed_500ms,1,0.21525378568049902,0.731792823255077,1.0200828487461564,0.24777916806838157,0.121875,0.6102564102564103,4,0.121875
near_capacity_independent,216,queue_capped_250ms,1,0.2153137587215852,0.5034697727022959,0.6967493210593716,0.2501098257414337,0.351875,0.2912966252220249,3,0.35125
near_capacity_independent,217,no_hedge,1,0.2695314160177986,2.432775571346262,4.493056436013632,0.3087768665965086,0,0,6,0
near_capacity_independent,217,fixed_250ms,1,0.21739511185316474,0.4869144876232454,0.6822500583878579,0.24514888019357317,0.37625,0.27408637873754155,4,0.37625
near_capacity_independent,217,fixed_500ms,1,0.22037621118101924,0.7447210966408626,1.1311279353591317,0.24533531430534947,0.12125,0.5,6,0.12125
near_capacity_independent,217,queue_capped_250ms,1,0.2224939307007716,0.5385947361129837,0.9358223711857505,0.2502200684677786,0.355,0.27816901408450706,4,0.355
near_capacity_independent,218,no_hedge,1,0.33118966111295123,3.270691087624172,4.991351888768969,0.32047413933938657,0,0,8,0
near_capacity_independent,218,fixed_250ms,1,0.21953639907453493,0.6594045628954923,1.174248978660163,0.25127145878839335,0.398125,0.28100470957613816,7,0.396875
near_capacity_independent,218,fixed_500ms,1,0.21466055026044728,0.6948250356744534,1.0032976759525702,0.24843847680482917,0.105,0.6607142857142857,4,0.105
near_capacity_independent,218,queue_capped_250ms,1,0.2144247579077927,0.5318044054641149,1.2094371859566557,0.2510245602388691,0.336875,0.2820037105751391,4,0.33625
near_capacity_independent,219,no_hedge,1,0.335145239734679,3.4123015194005575,6.752533265626354,0.32513867391087126,0,0,9,0
near_capacity_independent,219,fixed_250ms,1,0.20717761193671436,0.5371793031766465,0.7545365536432769,0.2458432179054169,0.36,0.2708333333333333,4,0.359375
near_capacity_independent,219,fixed_500ms,1,0.20461728713198468,0.6870677272684169,0.9583930804162897,0.24397058261575136,0.1025,0.6219512195121951,3,0.1025
near_capacity_independent,219,queue_capped_250ms,1,0.20924514935890315,0.5157862792097561,0.8437790232979481,0.24856408635940133,0.333125,0.2776735459662289,3,0.3325
near_capacity_independent,220,no_hedge,1,0.4729081361573364,2.9053315432305524,4.339090037445255,0.3303742643323902,0,0,5,0
near_capacity_independent,220,fixed_250ms,1,0.23670587630607542,0.6362571875722409,0.9625543105814671,0.2602676761470864,0.451875,0.3070539419087137,5,0.45125
near_capacity_independent,220,fixed_500ms,1,0.2345571726429867,0.8109307582792553,1.3448063631760547,0.25910946702918547,0.171875,0.4727272727272727,6,0.17125
near_capacity_independent,220,queue_capped_250ms,1,0.23869861147169757,0.6260517504259511,1.848169999744151,0.26340460703733937,0.366875,0.31175468483816016,4,0.36625
near_capacity_independent,221,no_hedge,1,0.2819859892484864,2.621854249507413,4.485278689519596,0.3130658035786471,0,0,5,0
near_capacity_independent,221,fixed_250ms,1,0.2109355058161344,0.4771294399526411,0.6719033940474333,0.24406482161748536,0.3625,0.25517241379310346,4,0.36125
near_capacity_independent,221,fixed_500ms,1,0.2086035217134139,0.6438822743151249,0.9054083284073133,0.2388722010005674,0.086875,0.6115107913669064,3,0.085625
near_capacity_independent,221,queue_capped_250ms,1,0.2161843754644579,0.5037139976737137,0.7819033940474895,0.24872389226354788,0.35125,0.26334519572953735,3,0.35
near_capacity_independent,222,no_hedge,1,0.34717845027218175,2.8564183514831356,4.519385187796239,0.3204677093794295,0,0,6,0
near_capacity_independent,222,fixed_250ms,1,0.21721178848156608,0.507190187337109,0.7263531860077848,0.24559695281384253,0.385625,0.2771474878444084,4,0.385
near_capacity_independent,222,fixed_500ms,1,0.20819777188996724,0.6824064711972682,0.9545452664104808,0.2433840432154888,0.100625,0.6708074534161491,3,0.1
near_capacity_independent,222,queue_capped_250ms,1,0.21671435663909655,0.5049326828765572,0.8495395931821861,0.24840282369732627,0.354375,0.2786596119929453,3,0.35375
near_capacity_independent,223,no_hedge,0.9975,0.4111515275356368,3.3458406484345034,6.1371628506980365,0.33213947725979315,0,0,6,0
near_capacity_independent,223,fixed_250ms,1,0.21084259194692834,0.4781757366216368,0.7742874996914129,0.24325828689324566,0.35625,0.26666666666666666,4,0.355
near_capacity_independent,223,fixed_500ms,1,0.20874624983151513,0.6701361401528771,0.9269661615645219,0.24113146789651932,0.08875,0.704225352112676,3,0.08875
near_capacity_independent,223,queue_capped_250ms,1,0.21096972139154957,0.4713319632096038,0.749804854192341,0.24524964050980114,0.34,0.2702205882352941,3,0.33875
near_capacity_independent,224,no_hedge,0.9975,0.5301683166595623,3.664960177881447,6.282683754026628,0.321459395597371,0,0,9,0
near_capacity_independent,224,fixed_250ms,1,0.22657457564050532,0.5828105317136725,1.0443498749508962,0.25021722822598474,0.415,0.2560240963855422,6,0.415
near_capacity_independent,224,fixed_500ms,1,0.23510891920060573,0.9850982115205795,1.7004334156836798,0.2540227061288524,0.17125,0.4197080291970803,9,0.17125
near_capacity_independent,224,queue_capped_250ms,1,0.23341743998695286,0.7237469972810544,2.599748828000248,0.25674757646315044,0.33375,0.26217228464419473,4,0.33375
near_capacity_independent,225,no_hedge,1,0.34643714329509834,3.534149717636211,5.109582351948486,0.31554395705216653,0,0,7,0
near_capacity_independent,225,fixed_250ms,1,0.21923573863984558,0.6127488149363352,1.00524003979229,0.2481895977265933,0.40125,0.2570093457943925,6,0.400625
near_capacity_independent,225,fixed_500ms,1,0.2186015455972239,0.7201244782616669,1.1106783567249323,0.2433075006255871,0.12,0.5364583333333334,5,0.12
near_capacity_independent,225,queue_capped_250ms,1,0.21827280834544283,0.510434459779951,0.83918713965625,0.24828778058063233,0.356875,0.26970227670753066,4,0.35625
near_capacity_independent,226,no_hedge,0.99875,0.3646745764848056,2.894972824129667,4.321628093740603,0.3186494851697282,0,0,5,0
near_capacity_independent,226,fixed_250ms,1,0.20799148173079374,0.4852817661655564,0.6667264340122117,0.2495719320245252,0.348125,0.289048473967684,4,0.3475
near_capacity_independent,226,fixed_500ms,1,0.21233979775136902,0.6748757213874841,0.9544837824280634,0.24899655423771844,0.091875,0.6598639455782312,3,0.09125
near_capacity_independent,226,queue_capped_250ms,1,0.2071902794911864,0.48153234712478366,0.6638087959823125,0.24910574370159236,0.340625,0.29357798165137616,3,0.34
near_capacity_independent,227,no_hedge,0.998125,0.44704117044274483,3.3844957966255294,5.48352629476989,0.3312161830132255,0,0,7,0
near_capacity_independent,227,fixed_250ms,1,0.2177218869184543,0.5241262962454023,0.8547277846282384,0.25916867391497,0.384375,0.2991869918699187,3,0.384375
near_capacity_independent,227,fixed_500ms,1,0.2105811619672906,0.6898866385211093,0.9793431457294051,0.254923145967406,0.105,0.625,3,0.105
near_capacity_independent,227,queue_capped_250ms,1,0.2193312691230176,0.5184894180343917,0.9931280376400551,0.26500414342036094,0.37,0.2922297297297297,3,0.37
near_capacity_independent,228,no_hedge,1,0.3328613395219753,3.163034151002911,5.243413973529886,0.29894396963028375,0,0,8,0
near_capacity_independent,228,fixed_250ms,1,0.22379674109194525,0.8648752998204614,1.2347323149344689,0.24713571336398882,0.420625,0.2436849925705795,8,0.420625
near_capacity_independent,228,fixed_500ms,1,0.21777282364504913,1.0007326509294998,1.46064957264322,0.24294333211589983,0.166875,0.41198501872659177,9,0.166875
near_capacity_independent,228,queue_capped_250ms,1,0.24107752414049344,1.1306795825800648,3.017571923714911,0.25670696067610876,0.3175,0.24015748031496062,6,0.3175
near_capacity_independent,229,no_hedge,0.99875,0.32947043026710077,2.8307926003940445,5.458461248460786,0.300791353889039,0,0,7,0
near_capacity_independent,229,fixed_250ms,1,0.21039952363489078,0.5353747323192266,0.7645469362550905,0.2373053382344794,0.3575,0.24125874125874125,5,0.35625
near_capacity_independent,229,fixed_500ms,1,0.2060274907915911,0.6469622630158902,0.8723949145678844,0.23557051148824018,0.090625,0.5448275862068965,3,0.090625
near_capacity_independent,229,queue_capped_250ms,1,0.21232718109969895,0.5007860524512608,0.6789091049164,0.2412494779951518,0.331875,0.24105461393596986,4,0.33
near_capacity_independent,230,no_hedge,0.999375,0.35844080519328614,3.2929312211296065,4.771707231683045,0.31988033287658274,0,0,8,0
near_capacity_independent,230,fixed_250ms,1,0.21590706263056347,0.462483908619425,0.5996367390505952,0.2405618229340287,0.385,0.23376623376623376,3,0.384375
near_capacity_independent,230,fixed_500ms,1,0.21129817229250847,0.6660605962783777,0.8625292876948123,0.2389111161421302,0.1,0.56875,3,0.1
near_capacity_independent,230,queue_capped_250ms,1,0.23762265534038285,0.6557946954527978,2.651862327275012,0.2550413793306281,0.336875,0.2560296846011132,4,0.33625
near_capacity_independent,231,no_hedge,0.99375,0.9050017683888676,4.334891076655957,6.272973183644549,0.3366890972322143,0,0,9,0
near_capacity_independent,231,fixed_250ms,1,0.215950283388068,0.5220513148887704,0.6919819107243654,0.2462928855660906,0.389375,0.2825040128410915,4,0.389375
near_capacity_independent,231,fixed_500ms,1,0.20831228013538627,0.662699775061192,0.87294521614686,0.24348312000603486,0.105,0.5833333333333334,3,0.104375
near_capacity_independent,231,queue_capped_250ms,1,0.2130383266433391,0.507929546874446,0.6946124658488273,0.24716293078752913,0.36125,0.30103806228373703,3,0.36125
near_capacity_independent,232,no_hedge,0.999375,0.2669402502574503,2.654142545010055,4.903501082929829,0.31673138472878765,0,0,6,0
near_capacity_independent,232,fixed_250ms,1,0.20373265599513246,0.47740339612395033,0.632215251821787,0.24390888286432674,0.339375,0.2578268876611418,3,0.339375
near_capacity_independent,232,fixed_500ms,1,0.20547725491321955,0.69871036849554,0.9602754111948002,0.24531194587071828,0.10125,0.6111111111111112,3,0.10125
near_capacity_independent,232,queue_capped_250ms,1,0.20373265599513246,0.47740339612395033,0.6507335046782723,0.2442950308322775,0.33375,0.25842696629213485,3,0.33375
near_capacity_independent,233,no_hedge,1,0.4941676016569616,3.4824798467375473,5.499025800452131,0.33695648885153795,0,0,6,0
near_capacity_independent,233,fixed_250ms,1,0.22773312863724726,0.5976367511832379,0.8403263394270937,0.25502895168739587,0.42625,0.26099706744868034,6,0.42625
near_capacity_independent,233,fixed_500ms,1,0.22810503195540122,0.8356471630631503,1.4439531924517581,0.2543685414357267,0.159375,0.47058823529411764,5,0.159375
near_capacity_independent,233,queue_capped_250ms,1,0.23718958986635386,0.8742676291562361,2.8775218497285664,0.26300253026949955,0.33,0.2803030303030303,5,0.33
near_capacity_independent,234,no_hedge,1,0.4315299955377405,3.023638583440686,5.0485963685873365,0.3231144938016341,0,0,7,0
near_capacity_independent,234,fixed_250ms,1,0.22826622146330422,0.7075319132888183,1.3187412816899098,0.2566485385746924,0.433125,0.2727272727272727,7,0.433125
near_capacity_independent,234,fixed_500ms,1,0.22346888186535807,0.7369910578967307,1.0762070833864499,0.25197291927902116,0.1275,0.5147058823529411,4,0.1275
near_capacity_independent,234,queue_capped_250ms,1,0.22820607810772486,0.6587767411937193,2.4351616843948563,0.2604676864859767,0.3475,0.29136690647482016,5,0.3475
near_capacity_independent,235,no_hedge,0.990625,1.2441795768775066,5.261940776163122,7.910913541404756,0.3465044463492222,0,0,10,0
near_capacity_independent,235,fixed_250ms,1,0.2168290182003929,0.5364561109207173,1.0471383215939625,0.2580048333200278,0.37125,0.2878787878787879,4,0.370625
near_capacity_independent,235,fixed_500ms,1,0.21960222893347137,0.7240675605388986,1.129507498171094,0.25914127758686645,0.123125,0.5786802030456852,4,0.123125
near_capacity_independent,235,queue_capped_250ms,1,0.2174722171178729,0.5280265743158488,1.680879271925896,0.26184434163433146,0.348125,0.2980251346499102,3,0.348125
near_capacity_independent,236,no_hedge,0.975,1.6753323437929524,6.812330586603313,8,0.35568465221823414,0,0,13,0
near_capacity_independent,236,fixed_250ms,1,0.24364453111936069,0.7806022296246553,1.0573965199761375,0.2659304738398272,0.47125,0.27851458885941643,7,0.47125
near_capacity_independent,236,fixed_500ms,1,0.2644970694179065,1.0045882176370284,1.9986999293896304,0.2706939153894902,0.233125,0.38337801608579086,6,0.233125
near_capacity_independent,236,queue_capped_250ms,1,0.2956715583855747,2.84795455606811,4.87526143236834,0.2912949170281105,0.28,0.3080357142857143,9,0.28
near_capacity_independent,237,no_hedge,0.99875,0.2630111971441167,2.458280662422254,3.7942382486457618,0.29439303894349117,0,0,5,0
near_capacity_independent,237,fixed_250ms,1,0.21143152472674842,0.4910941852859878,0.728439112564427,0.24656367002796348,0.35625,0.23508771929824562,4,0.355
near_capacity_independent,237,fixed_500ms,1,0.21372094377657191,0.6658748203398837,0.9662861399134073,0.24446089257606576,0.091875,0.5170068027210885,3,0.091875
near_capacity_independent,237,queue_capped_250ms,1,0.21147913184867306,0.48770597874143373,0.7285212138152986,0.24651862737567248,0.33625,0.24721189591078066,3,0.335
near_capacity_independent,238,no_hedge,1,0.2429309343501984,1.8048470027924317,3.521236284092338,0.2902354993501604,0,0,4,0
near_capacity_independent,238,fixed_250ms,1,0.21064288355493233,0.4858324676303738,0.7395136905224042,0.24309560229128707,0.363125,0.24096385542168675,3,0.359375
near_capacity_independent,238,fixed_500ms,1,0.20821954629249717,0.6493616450700479,0.9195136905224324,0.23862763289237612,0.08125,0.6076923076923076,3,0.080625
near_capacity_independent,238,queue_capped_250ms,1,0.21036380269971744,0.49260381268004494,0.7838650519030921,0.24573393742604896,0.343125,0.24408014571949,3,0.343125
near_capacity_independent,239,no_hedge,1,0.3303566159986815,3.1479306082710394,4.937930494646672,0.3133736196035945,0,0,6,0
near_capacity_independent,239,fixed_250ms,1,0.21222473167419054,0.48077864347080634,0.6423164261155989,0.2445507448417964,0.3725,0.23825503355704697,3,0.3725
near_capacity_independent,239,fixed_500ms,1,0.2108247582185001,0.6433568261254898,0.8669275187000949,0.24272833710454744,0.09,0.5902777777777778,4,0.09
near_capacity_independent,239,queue_capped_250ms,1,0.21119204711845896,0.4720881710307143,0.6539939189390367,0.24456744511696044,0.3575,0.24125874125874125,3,0.3575
near_capacity_independent,240,no_hedge,1,0.31023680528668773,2.471177668808714,4.334387790055146,0.31515003489517923,0,0,6,0
near_capacity_independent,240,fixed_250ms,1,0.237672060566954,0.9738711276887528,1.8072754278603966,0.26377049644619344,0.453125,0.27586206896551724,9,0.453125
near_capacity_independent,240,fixed_500ms,1,0.23190152966494182,0.840364184730177,1.3440873686212385,0.2586548558472057,0.156875,0.46215139442231074,6,0.156875
near_capacity_independent,240,queue_capped_250ms,1,0.25089768867729134,1.0193425353027266,3.798353417984522,0.27348328360844293,0.345625,0.28390596745027125,6,0.345625
near_capacity_independent,241,no_hedge,1,0.2757827371848265,2.513559611339403,4.424017980325388,0.30873168030327214,0,0,6,0
near_capacity_independent,241,fixed_250ms,1,0.21298831632357107,0.5405053378801199,0.7612787428184262,0.249255323929771,0.37625,0.2541528239202658,4,0.37625
near_capacity_independent,241,fixed_500ms,1,0.20917130707753273,0.6605126165914186,1.0071446013031924,0.2437562677442318,0.101875,0.588957055214724,4,0.101875
near_capacity_independent,241,queue_capped_250ms,1,0.21777242509590167,0.539552808621643,0.8034614806532998,0.25282375194841733,0.365,0.261986301369863,3,0.363125
near_capacity_independent,242,no_hedge,0.996875,0.4549923473621753,4.035142895558437,6.927585866979653,0.32728504084542,0,0,8,0
near_capacity_independent,242,fixed_250ms,1,0.20754946090537452,0.48099948485941724,0.6731902945433177,0.23786427506272198,0.355625,0.2741652021089631,3,0.355625
near_capacity_independent,242,fixed_500ms,1,0.20293319343207372,0.6420171128128018,0.87396255671473,0.23576766278785033,0.08375,0.6940298507462687,3,0.08375
near_capacity_independent,242,queue_capped_250ms,1,0.20886137298180074,0.4846491127409962,0.6484100471530496,0.24017387326703127,0.351875,0.27708703374777977,3,0.351875
near_capacity_independent,243,no_hedge,0.99875,0.2566542034514967,2.937481193449031,4.884810639449798,0.28929387425484665,0,0,9,0
near_capacity_independent,243,fixed_250ms,1,0.20746985499050163,0.4884897503475969,0.7174827481903776,0.2348401331255608,0.334375,0.27476635514018694,5,0.334375
near_capacity_independent,243,fixed_500ms,1,0.20806719220709802,0.6273439648346439,0.9233309951043367,0.23279949390126975,0.085625,0.5693430656934306,3,0.085625
near_capacity_independent,243,queue_capped_250ms,1,0.20837594092553502,0.49205055156249955,0.7452090822651698,0.23593781164412322,0.31625,0.27865612648221344,3,0.31625
near_capacity_independent,244,no_hedge,0.99375,0.6567392710354483,5.230017325850966,7.787162803357596,0.3210328586109534,0,0,14,0
near_capacity_independent,244,fixed_250ms,1,0.2296128933314634,0.5546518626934089,0.8363052763433672,0.252079481361563,0.420625,0.30906389301634474,4,0.420625
near_capacity_independent,244,fixed_500ms,1,0.24366866406583654,0.9389419183043586,1.3174407723809836,0.25383001793050786,0.190625,0.4426229508196721,7,0.19
near_capacity_independent,244,queue_capped_250ms,1,0.23046257368998369,0.5755474734044199,1.1709292187897162,0.25627739006005074,0.37875,0.33663366336633666,3,0.37875
near_capacity_independent,245,no_hedge,1,0.33633746410765397,3.1300247383978927,4.650667229093671,0.32448739253279735,0,0,8,0
near_capacity_independent,245,fixed_250ms,1,0.20418890468412343,0.4807756679570332,0.7131019075415423,0.24104180510226073,0.34625,0.29422382671480146,3,0.34625
near_capacity_independent,245,fixed_500ms,1,0.20493216723740115,0.6900502398721642,1.0131019075414827,0.24317999475365537,0.10125,0.6481481481481481,4,0.10125
near_capacity_independent,245,queue_capped_250ms,1,0.20387233959242934,0.48044681752541507,0.7572178662348321,0.24123097362872115,0.333125,0.2964352720450281,3,0.333125
near_capacity_independent,246,no_hedge,1,0.6300763474710678,3.606845240253083,5.386795083846643,0.33587599761865905,0,0,7,0
near_capacity_independent,246,fixed_250ms,1,0.2280590001135323,0.5238836345993718,0.7282221857117364,0.2537777830128003,0.4175,0.2619760479041916,4,0.4175
near_capacity_independent,246,fixed_500ms,1,0.23282612689950355,0.7276569689470946,0.9678956009931525,0.25512064161489656,0.130625,0.5645933014354066,3,0.130625
near_capacity_independent,246,queue_capped_250ms,1,0.2323736730484285,0.5514129205034628,0.8040129799590972,0.2583707709405729,0.394375,0.25990491283676703,3,0.39375
near_capacity_independent,247,no_hedge,0.998125,0.3174388798538459,3.1115894273161757,5.025323637269263,0.3156610920623198,0,0,6,0
near_capacity_independent,247,fixed_250ms,1,0.21130963408333336,0.48266711663400486,0.6956609199386747,0.24431904293112244,0.376875,0.24046434494195687,4,0.37625
near_capacity_independent,247,fixed_500ms,1,0.21110859321747455,0.6660203875210087,0.9371343226730673,0.24111429127105632,0.096875,0.5741935483870968,4,0.09625
near_capacity_independent,247,queue_capped_250ms,1,0.21130963408333336,0.48017156100442815,0.83413456103181,0.24792586411877016,0.3575,0.26223776223776224,3,0.356875
near_capacity_independent,248,no_hedge,1,0.2919709429144781,3.0851942322151658,4.567190172581,0.2975222229101056,0,0,6,0
near_capacity_independent,248,fixed_250ms,1,0.21249545175599138,0.5107488720014288,0.6898145179923425,0.2397113218475344,0.366875,0.24872231686541738,4,0.36625
near_capacity_independent,248,fixed_500ms,1,0.210265632179663,0.6542924174111278,0.9422829118723257,0.2364369490650592,0.09375,0.54,3,0.09375
near_capacity_independent,248,queue_capped_250ms,1,0.21636526666477351,0.5540328916195136,1.8764012381387118,0.24636072528613584,0.32,0.2734375,3,0.319375
near_capacity_independent,249,no_hedge,1,0.34625491135918196,3.0864628122633455,4.29059503322739,0.31728237691312405,0,0,8,0
near_capacity_independent,249,fixed_250ms,1,0.21452884165448438,0.4962340258961433,0.6501636111925748,0.2457895896240304,0.388125,0.2640901771336554,3,0.388125
near_capacity_independent,249,fixed_500ms,1,0.2174537039311808,0.6744240484641324,0.9344199628821013,0.24441296177074853,0.109375,0.56,4,0.10875
near_capacity_independent,249,queue_capped_250ms,1,0.2155273212813924,0.49292035652122834,0.6499775034592936,0.24879172960454043,0.3775,0.28642384105960267,3,0.3775
near_capacity_independent,250,no_hedge,1,0.2522052756436892,2.0500299094416192,3.391338242228983,0.29108490275378096,0,0,4,0
near_capacity_independent,250,fixed_250ms,1,0.214599276394992,0.48444639327227357,0.6793128814709988,0.24693339203789233,0.37875,0.25577557755775576,4,0.378125
near_capacity_independent,250,fixed_500ms,1,0.20637224326216597,0.6233305363360699,0.8557860741639782,0.23901480504962713,0.07875,0.6428571428571429,3,0.078125
near_capacity_independent,250,queue_capped_250ms,1,0.20962145330172177,0.4648442053789097,0.6156297617798501,0.24406472601485485,0.360625,0.2512998266897747,3,0.36
near_capacity_independent,251,no_hedge,1,0.4164539319385536,2.983554076554075,5.064529024939489,0.32008157044409585,0,0,7,0
near_capacity_independent,251,fixed_250ms,1,0.22515884668297925,0.6366757237160137,0.8943173197376737,0.25901730077500956,0.413125,0.2692889561270802,5,0.4125
near_capacity_independent,251,fixed_500ms,1,0.21889929624425974,0.7417961571239218,1.1928314379334495,0.2537822633377437,0.125,0.53,5,0.124375
near_capacity_independent,251,queue_capped_250ms,1,0.2229744220977068,0.5702006270886386,1.3670672426335742,0.2581312409496526,0.349375,0.2880143112701252,4,0.34875
near_capacity_independent,252,no_hedge,1,0.2513530554283534,2.1709131470577603,4.213305635742408,0.30210023911476086,0,0,5,0
near_capacity_independent,252,fixed_250ms,1,0.2151372732615222,0.5189293775999388,0.7796035574395717,0.25701032673129776,0.3725,0.2701342281879195,3,0.3725
near_capacity_independent,252,fixed_500ms,1,0.2092027118037123,0.6792922499152354,1.1292745445832466,0.25212908883797197,0.104375,0.6107784431137725,4,0.104375
near_capacity_independent,252,queue_capped_250ms,1,0.21695425976999871,0.5189293775999388,1.3370759158618952,0.26071098174854046,0.360625,0.2703639514731369,3,0.36
near_capacity_independent,253,no_hedge,1,0.3375406947625592,2.5070512111632226,4.900644155817009,0.2962103974038537,0,0,6,0
near_capacity_independent,253,fixed_250ms,1,0.21533000416964398,0.5813432626569579,1.0228602340546153,0.24324527823344552,0.391875,0.24401913875598086,7,0.391875
near_capacity_independent,253,fixed_500ms,1,0.21386565855928552,0.7573457009712392,1.384806400401363,0.24143401838986545,0.12875,0.4563106796116505,7,0.128125
near_capacity_independent,253,queue_capped_250ms,1,0.21693352564637536,0.554012906753476,1.1806765830249084,0.24537318382193526,0.335625,0.260707635009311,4,0.335625
near_capacity_independent,254,no_hedge,1,0.22504742004998946,1.888218294378884,3.405979118599081,0.29132123640942204,0,0,3,0
near_capacity_independent,254,fixed_250ms,1,0.19851515640111828,0.4333675245974433,0.5499757084982306,0.23434051672919196,0.300625,0.2765072765072765,3,0.300625
near_capacity_independent,254,fixed_500ms,1,0.19508041796270703,0.5946308639928048,0.8045382679522319,0.23156435218362115,0.065,0.6826923076923077,2,0.065
near_capacity_independent,254,queue_capped_250ms,1,0.19851515640111828,0.4336014590211974,0.5499757084982306,0.23432823048537055,0.29875,0.2803347280334728,3,0.29875
near_capacity_independent,255,no_hedge,1,0.3135430898582072,2.6098231114542045,4.0942492136521125,0.32185573754229224,0,0,4,0
near_capacity_independent,255,fixed_250ms,1,0.21839552719944066,0.5337095988949603,0.7394507932526828,0.2543288499654723,0.39125,0.26677316293929715,4,0.39125
near_capacity_independent,255,fixed_500ms,1,0.21495403039158134,0.6908888298943268,1.0403043149118503,0.2518485759580257,0.110625,0.5536723163841808,4,0.110625
near_capacity_independent,255,queue_capped_250ms,1,0.2194830450586771,0.5595312842163587,1.0091443808604588,0.259521334522813,0.358125,0.2705061082024433,3,0.358125
near_capacity_independent,256,no_hedge,0.999375,0.5317472709311915,4.2726885916607955,5.816265420080562,0.3285137163139105,0,0,9,0
near_capacity_independent,256,fixed_250ms,1,0.2186299618026908,0.5187588116657587,0.7684266346646424,0.2437312571318013,0.390625,0.2624,5,0.39
near_capacity_independent,256,fixed_500ms,1,0.22011368330065295,0.771818576874276,1.173298299550134,0.24591348536558702,0.125625,0.527363184079602,4,0.125625
near_capacity_independent,256,queue_capped_250ms,1,0.22212552411018294,0.539426288939957,1.5086885189386674,0.25142645969615335,0.350625,0.25668449197860965,4,0.35
near_capacity_independent,257,no_hedge,0.998125,0.3097408217403377,3.044935088025838,4.473386410338492,0.3119020146737744,0,0,6,0
near_capacity_independent,257,fixed_250ms,1,0.2233305722574741,0.6207381959906115,1.1607575343202825,0.24952024213436402,0.400625,0.29797191887675506,7,0.4
near_capacity_independent,257,fixed_500ms,1,0.21764356082018566,0.7727830531587507,1.402723846033517,0.24570094579425042,0.111875,0.553072625698324,7,0.111875
near_capacity_independent,257,queue_capped_250ms,0.998125,0.23354084738974024,0.656605975213779,2.5753276321608567,0.26049344195360113,0.354375,0.30687830687830686,5,0.35375
near_capacity_independent,258,no_hedge,1,0.30338582906338374,2.8691580891977324,4.23360416427041,0.3112944534938464,0,0,6,0
near_capacity_independent,258,fixed_250ms,1,0.20621098797866466,0.45314989541117257,0.5983420552278282,0.2342010876388413,0.34125,0.24725274725274726,3,0.34125
near_capacity_independent,258,fixed_500ms,1,0.20576665183452292,0.6415770252723334,0.8384324794764932,0.23388286174415318,0.086875,0.6402877697841727,3,0.086875
near_capacity_independent,258,queue_capped_250ms,1,0.20900733787456716,0.4904038290098498,0.6544695966340655,0.23967213638635912,0.32625,0.26053639846743293,3,0.32625
near_capacity_independent,259,no_hedge,0.999375,0.4171029045600747,3.126081760011793,4.833347888782285,0.32685227852765086,0,0,8,0
near_capacity_independent,259,fixed_250ms,1,0.21244907703919713,0.5006272879038995,0.7397766854646335,0.24578979775923365,0.3825,0.2581699346405229,5,0.3825
near_capacity_independent,259,fixed_500ms,1,0.2123358104443156,0.6728189406802194,0.8629739216380159,0.24504620546746994,0.096875,0.6967741935483871,3,0.096875
near_capacity_independent,259,queue_capped_250ms,1,0.21579979868176835,0.5025160600838454,0.7532803390082496,0.24976584961750478,0.368125,0.26485568760611206,3,0.368125
near_capacity_independent,260,no_hedge,1,0.48068510155247424,3.1760351490814926,4.889931419591214,0.3178457114887942,0,0,9,0
near_capacity_independent,260,fixed_250ms,1,0.2244913794181329,0.6277283162841769,1.0739415963117338,0.25466172615012217,0.424375,0.2665684830633284,6,0.424375
near_capacity_independent,260,fixed_500ms,1,0.2168874472405875,0.7225920528735656,0.9948692887419028,0.25180931093610837,0.116875,0.5828877005347594,5,0.116875
near_capacity_independent,260,queue_capped_250ms,0.999375,0.24564840547374622,0.8285711323347229,3.041881775937753,0.26587473139318113,0.340625,0.27155963302752295,5,0.340625
near_capacity_independent,261,no_hedge,1,0.35607616831612443,2.9290225320603582,4.912991853423684,0.31918516951217174,0,0,7,0
near_capacity_independent,261,fixed_250ms,1,0.2087104937462385,0.49065792510699957,0.6606608840265578,0.2408585519237483,0.358125,0.28097731239092494,4,0.3575
near_capacity_independent,261,fixed_500ms,1,0.2087084135008599,0.6729681023902109,0.9242454903757622,0.24038133129204273,0.1,0.65,3,0.099375
near_capacity_independent,261,queue_capped_250ms,1,0.20949904590102264,0.49902253205911506,0.6939326934356078,0.2435908901975254,0.3475,0.2805755395683453,3,0.346875
near_capacity_independent,262,no_hedge,0.998125,0.8308553014495565,4.676598741283806,6.494076124810761,0.35733133521105837,0,0,9,0
near_capacity_independent,262,fixed_250ms,1,0.24274435307974684,0.8642992675944114,1.4809505274688917,0.260004720545077,0.461875,0.28416779431664413,9,0.461875
near_capacity_independent,262,fixed_500ms,1,0.23799314161429086,0.9499680956283214,1.7762925334552406,0.2621115687843772,0.174375,0.43727598566308246,9,0.174375
near_capacity_independent,262,queue_capped_250ms,1,0.23883266637731282,0.653095526656454,2.272410528267958,0.2609219874639102,0.375625,0.30282861896838603,5,0.375625
near_capacity_independent,263,no_hedge,1,0.25752393810884655,2.422584030516653,4.470841877773566,0.3067949456627319,0,0,5,0
near_capacity_independent,263,fixed_250ms,1,0.20606494003248343,0.4557934537580266,0.6706937094003962,0.24174001753489457,0.33,0.2727272727272727,3,0.329375
near_capacity_independent,263,fixed_500ms,1,0.20600647846899278,0.6209894362853454,0.8619720352861684,0.23844259114284097,0.07,0.7232142857142857,2,0.07
near_capacity_independent,263,queue_capped_250ms,1,0.20580543403757723,0.4569088742062206,0.6950653939120599,0.2419415284578076,0.3275,0.2767175572519084,2,0.3275
near_capacity_independent,264,no_hedge,0.99625,0.43291628400788085,3.2498161626817392,5.540480955548091,0.3150311312005787,0,0,7,0
near_capacity_independent,264,fixed_250ms,1,0.22944910413248465,0.8791764410072993,1.49775690549464,0.24999700893440246,0.428125,0.24671532846715327,9,0.4275
near_capacity_independent,264,fixed_500ms,1,0.21710749685273356,0.7852344386389039,1.244512800805822,0.24693746939857164,0.133125,0.5164319248826291,6,0.1325
near_capacity_independent,264,queue_capped_250ms,1,0.24885627991993248,0.9709559374712953,3.3569778905922387,0.26148743085246556,0.29,0.2823275862068966,5,0.289375
near_capacity_independent,265,no_hedge,0.999375,0.2681903944792978,2.571794138357749,4.46232617681391,0.3087098651051758,0,0,6,0
near_capacity_independent,265,fixed_250ms,1,0.2070977180406075,0.5071394581900606,0.694957011937035,0.23973614198309312,0.344375,0.26678765880217786,4,0.344375
near_capacity_independent,265,fixed_500ms,1,0.20525962114287566,0.646538467486232,0.9210227489171814,0.2386750320036432,0.095,0.5921052631578947,3,0.094375
near_capacity_independent,265,queue_capped_250ms,1,0.2062617935134483,0.5017911910192296,0.6868316288110385,0.23954451188638604,0.321875,0.26796116504854367,3,0.321875
near_capacity_independent,266,no_hedge,1,0.2666976648704136,2.3759925487929365,4.444071362087385,0.3024152600966324,0,0,6,0
near_capacity_independent,266,fixed_250ms,1,0.20778788932665293,0.5016493699247917,0.7196261326870328,0.24667514704792837,0.358125,0.2757417102966841,4,0.3575
near_capacity_independent,266,fixed_500ms,1,0.20450938751702097,0.6645006095830723,1.1665653672903176,0.24488595489346227,0.093125,0.5838926174496645,4,0.093125
near_capacity_independent,266,queue_capped_250ms,1,0.2072868354133064,0.5003052761179774,0.7277199079366596,0.24663045236581663,0.34125,0.2765567765567766,3,0.340625
near_capacity_independent,267,no_hedge,1,0.38948666987681957,2.915811777283107,5.003063074693079,0.3146580029992378,0,0,8,0
near_capacity_independent,267,fixed_250ms,1,0.23305600065948084,0.63758663601714,1.046724012796524,0.2552441074887727,0.438125,0.268188302425107,5,0.436875
near_capacity_independent,267,fixed_500ms,1,0.22285038590909068,0.8395560879696404,1.3922900538466223,0.2521391926626832,0.14,0.49107142857142855,6,0.14
near_capacity_independent,267,queue_capped_250ms,1,0.24695303595488838,0.6678066744498281,1.9520172652190766,0.2611087576003603,0.379375,0.27182866556836904,4,0.379375
near_capacity_independent,268,no_hedge,1,0.3908119504598062,2.782913728869236,4.786710161526273,0.3150083057450141,0,0,5,0
near_capacity_independent,268,fixed_250ms,1,0.21894458516640114,0.5381712379633257,0.7516780242784495,0.24266799940175052,0.395,0.25316455696202533,5,0.394375
near_capacity_independent,268,fixed_500ms,1,0.21851905076988842,0.6840778579890952,0.9311655936274761,0.2408758478568614,0.101875,0.6441717791411042,4,0.101875
near_capacity_independent,268,queue_capped_250ms,1,0.220472418325933,0.5251921478756785,0.7629313703701524,0.2439155895822756,0.365,0.2482876712328767,3,0.364375
near_capacity_independent,269,no_hedge,1,0.30312366908550104,3.3124045586219957,5.069892457609457,0.31962277957936275,0,0,7,0
near_capacity_independent,269,fixed_250ms,1,0.20539542610477213,0.5036020971678603,0.7288433470645472,0.24497484154280635,0.33875,0.2933579335793358,4,0.33875
near_capacity_independent,269,fixed_500ms,1,0.20554566570866228,0.7356359709554887,0.9747793003849807,0.2442746032827817,0.118125,0.5238095238095238,5,0.118125
near_capacity_independent,269,queue_capped_250ms,1,0.20696387818547635,0.5167997792953187,0.9919675153268237,0.24654959166526028,0.31875,0.29215686274509806,3,0.31875
near_capacity_independent,270,no_hedge,0.99625,0.5337183873532396,4.263034459320629,6.4418073301378875,0.3253666539904674,0,0,8,0
near_capacity_independent,270,fixed_250ms,1,0.2593801968202065,0.9380402687139515,1.4441993004227598,0.2667910051844833,0.51,0.2512254901960784,8,0.51
near_capacity_independent,270,fixed_500ms,1,0.24994307147485095,1.0071464610007963,1.4295634181862553,0.2649181759450141,0.224375,0.37047353760445684,6,0.22375
near_capacity_independent,270,queue_capped_250ms,0.999375,0.41002911260022756,4.034900365230124,6.135772661246849,0.2980434498636899,0.2175,0.27298850574712646,9,0.216875
near_capacity_independent,271,no_hedge,0.995625,0.9443649607577527,4.62109304516737,6.57993275645191,0.3441633289111891,0,0,10,0
near_capacity_independent,271,fixed_250ms,1,0.22303727449654076,0.5630731112104854,0.8743043448255747,0.25373896755316216,0.4075,0.2898773006134969,5,0.4075
near_capacity_independent,271,fixed_500ms,1,0.22723866253756597,0.8127889639723307,1.2614268400951403,0.2554663021378653,0.15375,0.5,5,0.15375
near_capacity_independent,271,queue_capped_250ms,0.999375,0.22379135600750288,0.5350487821164158,0.9606831098287234,0.2585745363834304,0.3625,0.28620689655172415,3,0.3625
near_capacity_independent,272,no_hedge,0.99875,0.34758206528329083,2.9029222872197096,5.006861515906053,0.31420809904928504,0,0,6,0
near_capacity_independent,272,fixed_250ms,1,0.2204275341838624,0.5480899267501371,0.9041563728429054,0.2544752374515301,0.40875,0.28440366972477066,5,0.408125
near_capacity_independent,272,fixed_500ms,1,0.21449597429052858,0.7611208805536549,1.3876446474312907,0.2494235033923582,0.13125,0.5095238095238095,7,0.130625
near_capacity_independent,272,queue_capped_250ms,1,0.22421983897076103,0.5575237416007965,1.9444288440273994,0.25988873181030564,0.359375,0.2782608695652174,3,0.35875
near_capacity_independent,273,no_hedge,1,0.7037826293281455,3.6376247530519663,5.214867575833381,0.33764032869550725,0,0,9,0
near_capacity_independent,273,fixed_250ms,1,0.2200553407532162,0.5276907048132387,0.7443060916790429,0.2524776761614975,0.40375,0.2786377708978328,4,0.40375
near_capacity_independent,273,fixed_500ms,1,0.2200553407532162,0.7551181535613551,1.0387191239442757,0.25442037311376753,0.135625,0.5299539170506913,5,0.135625
near_capacity_independent,273,queue_capped_250ms,1,0.2226402375420804,0.5473720668261493,1.0010771812494,0.25689318210948775,0.3825,0.2908496732026144,3,0.3825
near_capacity_independent,274,no_hedge,1,0.25002158376470973,2.27390931716387,3.8425535148978565,0.3088137102078859,0,0,5,0
near_capacity_independent,274,fixed_250ms,1,0.21453467432478845,0.4978236581427433,0.7418604274525364,0.2420962624460778,0.365,0.25,5,0.364375
near_capacity_independent,274,fixed_500ms,1,0.21305723593455284,0.6593784740820325,0.8698911348609037,0.24106064761442617,0.093125,0.6308724832214765,4,0.093125
near_capacity_independent,274,queue_capped_250ms,1,0.21453467432478845,0.5033142935922887,0.7418604274525364,0.2422094377009974,0.333125,0.2682926829268293,3,0.3325
near_capacity_independent,275,no_hedge,1,0.3349036404976893,2.7851764589763164,4.541869246477941,0.32708699776177935,0,0,5,0
near_capacity_independent,275,fixed_250ms,1,0.21456458863740124,0.5040163654989769,0.741430458884814,0.2472268141193535,0.361875,0.29360967184801384,4,0.36125
near_capacity_independent,275,fixed_500ms,1,0.21113492547637236,0.6713055897689912,1.0070993938409245,0.24667585162713615,0.1,0.64375,4,0.1
near_capacity_independent,275,queue_capped_250ms,1,0.21390778162468105,0.5026856550552701,0.741430458884814,0.24761576675639302,0.343125,0.2987249544626594,3,0.3425
near_capacity_independent,276,no_hedge,0.99875,0.3329538984921996,2.6927234837298073,5.075996217426834,0.3249104485844665,0,0,6,0
near_capacity_independent,276,fixed_250ms,1,0.22063763975230088,0.5560444148841839,0.7787202197588385,0.2543354457921741,0.40125,0.27414330218068533,4,0.40125
near_capacity_independent,276,fixed_500ms,1,0.21698711464302356,0.6902917158287778,0.9319029239872088,0.25104308911325923,0.10875,0.603448275862069,3,0.10875
near_capacity_independent,276,queue_capped_250ms,1,0.21913143152883663,0.5530815318547084,0.9225754829133876,0.25632779692493074,0.35375,0.30565371024734983,3,0.35375
near_capacity_independent,277,no_hedge,0.996875,0.5328747702315404,5.335067508160648,7.374254082169877,0.3269535251503046,0,0,15,0
near_capacity_independent,277,fixed_250ms,1,0.21830044289162842,0.5221781685736957,0.8373354291581236,0.24812945636969247,0.380625,0.26436781609195403,5,0.380625
near_capacity_independent,277,fixed_500ms,1,0.22429807444990502,0.7629668157682516,1.3270068301218387,0.250806335249334,0.140625,0.48,5,0.140625
near_capacity_independent,277,queue_capped_250ms,1,0.21536483404043594,0.49351005422271044,0.7147731813305107,0.2487916957783656,0.3475,0.2787769784172662,3,0.3475
near_capacity_independent,278,no_hedge,1,0.4275591878962466,3.2856868554270235,4.909927456187745,0.3199549319108661,0,0,6,0
near_capacity_independent,278,fixed_250ms,1,0.20931653987594956,0.48772381627405537,0.642371416101021,0.24360717564291776,0.37125,0.26936026936026936,4,0.370625
near_capacity_independent,278,fixed_500ms,1,0.20845341441390475,0.672542347343466,0.9308730156737042,0.24461031356013316,0.108125,0.5722543352601156,4,0.108125
near_capacity_independent,278,queue_capped_250ms,1,0.20927975129087883,0.49633794278908283,0.7050136222664909,0.24581083870267384,0.348125,0.3016157989228007,3,0.3475
near_capacity_independent,279,no_hedge,1,0.28488994186273686,2.5087243540647464,3.8470511151646534,0.3085824376161017,0,0,5,0
near_capacity_independent,279,fixed_250ms,1,0.22147094130381884,0.5849297179737345,0.9668709438251746,0.2554395243902186,0.393125,0.29093799682034976,5,0.393125
near_capacity_independent,279,fixed_500ms,1,0.21050981469196728,0.6797034700378592,0.9317626543480273,0.24833485939767097,0.104375,0.6347305389221557,4,0.104375
near_capacity_independent,279,queue_capped_250ms,1,0.22344025838760473,0.5614462710835566,1.9306413449687838,0.25877283535891954,0.351875,0.29484902309058614,4,0.351875
near_capacity_independent,280,no_hedge,0.980625,1.6681183247553903,6.879960702490642,8,0.3452841356545035,0,0,16,0
near_capacity_independent,280,fixed_250ms,1,0.22219214670761955,0.5858949122632637,0.8398554954649597,0.2532124714530299,0.420625,0.27191679049034173,5,0.42
near_capacity_independent,280,fixed_500ms,1,0.22168171623575006,0.7557695182021575,1.093427162418621,0.2547423859880907,0.146875,0.5063829787234042,4,0.146875
near_capacity_independent,280,queue_capped_250ms,1,0.22946044255447617,0.6194147971864581,2.107282332330108,0.2622950812583299,0.3675,0.28401360544217685,4,0.366875
near_capacity_independent,281,no_hedge,1,0.2871698881094673,2.554881172672424,3.8279912192040015,0.30854810866049737,0,0,5,0
near_capacity_independent,281,fixed_250ms,1,0.21292605884767823,0.5662168360213222,0.9355618911437453,0.24065091873976335,0.37875,0.2524752475247525,5,0.37875
near_capacity_independent,281,fixed_500ms,1,0.21207131842503912,0.7113887137037267,1.066053440200513,0.23938457269890673,0.1175,0.526595744680851,5,0.1175
near_capacity_independent,281,queue_capped_250ms,1,0.226920260958984,0.7189857049932158,2.583288632591305,0.2503806090085791,0.304375,0.26078028747433263,4,0.304375
near_capacity_independent,282,no_hedge,1,0.3973337780425936,3.2561062838676023,4.741211651227985,0.31141250112846164,0,0,8,0
near_capacity_independent,282,fixed_250ms,1,0.22166541569241005,0.5130821707204163,0.8535415504311032,0.2453078592997049,0.3825,0.272875816993464,5,0.3825
near_capacity_independent,282,fixed_500ms,1,0.22222428008800676,0.6894586084038039,1.0412957818240685,0.24293541717266198,0.1075,0.563953488372093,4,0.1075
near_capacity_independent,282,queue_capped_250ms,1,0.22566687900435056,0.5564393783092356,2.0988571018915145,0.2529330795601343,0.34625,0.29783393501805056,3,0.34625
near_capacity_independent,283,no_hedge,0.99875,0.42563385262520104,3.5180203964575654,5.379251139942447,0.3215801553488982,0,0,7,0
near_capacity_independent,283,fixed_250ms,1,0.21923755978171044,0.5270511291240281,0.743307837014477,0.24986111306960165,0.385625,0.24473257698541329,3,0.385
near_capacity_independent,283,fixed_500ms,1,0.21609486120541987,0.6797666453153113,0.8610933029075261,0.24461483617185106,0.095,0.5592105263157895,3,0.095
near_capacity_independent,283,queue_capped_250ms,1,0.21924424174935098,0.5230791467045783,0.7451779748558778,0.2493155443357432,0.37,0.2533783783783784,3,0.369375
near_capacity_independent,284,no_hedge,1,0.34389344317186143,3.2544575869863763,4.927472812951592,0.33075411748803163,0,0,7,0
near_capacity_independent,284,fixed_250ms,1,0.22541627853989432,0.5480342713387429,0.9074182068865326,0.2585746195096594,0.41,0.2926829268292683,5,0.41
near_capacity_independent,284,fixed_500ms,1,0.22625527802823342,0.748539704547591,1.1500528166170056,0.25730374288829555,0.1325,0.5471698113207547,5,0.1325
near_capacity_independent,284,queue_capped_250ms,1,0.23563571987962995,0.5910912010565177,2.5444575869862653,0.2697103378300117,0.3675,0.28401360544217685,3,0.366875
near_capacity_independent,285,no_hedge,1,0.3112233004502656,3.007789047291034,4.8600472389697105,0.31879701789153253,0,0,6,0
near_capacity_independent,285,fixed_250ms,1,0.21416864329169805,0.5891584041986668,1.4056313791602975,0.254526425831782,0.383125,0.2544861337683524,5,0.383125
near_capacity_independent,285,fixed_500ms,1,0.21703698864982357,0.7739387220595546,1.5533527878086488,0.2526201045413437,0.113125,0.5966850828729282,6,0.113125
near_capacity_independent,285,queue_capped_250ms,1,0.21342026578908957,0.5305575133644211,1.7684283183107041,0.2563150043130391,0.339375,0.26703499079189685,3,0.339375
near_capacity_independent,286,no_hedge,0.998125,0.30017986591748524,3.1813758085444874,4.7969606364939175,0.338550959740613,0,0,6,0
near_capacity_independent,286,fixed_250ms,1,0.2107358395430854,0.49141851186593044,0.7685684703490558,0.25473677687253227,0.36125,0.2768166089965398,3,0.360625
near_capacity_independent,286,fixed_500ms,1,0.2107358395430854,0.6754726769645885,0.9088645640478461,0.2531765404282844,0.103125,0.6424242424242425,3,0.103125
near_capacity_independent,286,queue_capped_250ms,1,0.2111792347725867,0.4721351283223072,0.7014865575917781,0.253227838743599,0.354375,0.27336860670194,3,0.354375
near_capacity_independent,287,no_hedge,0.996875,0.3796935122227225,3.5951669413360374,5.119123092100814,0.3289380734352976,0,0,6,0
near_capacity_independent,287,fixed_250ms,1,0.22363824114317765,1.360701113580923,2.2142588635448845,0.2553315854404003,0.40625,0.3046153846153846,10,0.405625
near_capacity_independent,287,fixed_500ms,1,0.21648726750852987,0.9418443384806992,1.4824302185776403,0.251585508567377,0.163125,0.47509578544061304,6,0.163125
near_capacity_independent,287,queue_capped_250ms,0.99875,0.23955904209173084,1.8938719896864136,3.734201785412381,0.2683380107191334,0.288125,0.27331887201735355,6,0.2875
near_capacity_independent,288,no_hedge,0.999375,0.360516835215833,3.0226989545598197,4.428833114019305,0.3167923103498522,0,0,6,0
near_capacity_independent,288,fixed_250ms,1,0.2125620442673366,0.5030877908749858,0.6990946126708195,0.24854188710988967,0.37125,0.26936026936026936,4,0.37125
near_capacity_independent,288,fixed_500ms,1,0.20863053548355026,0.6728523880883017,0.9317084789720695,0.24631180466815294,0.100625,0.6211180124223602,3,0.100625
near_capacity_independent,288,queue_capped_250ms,1,0.21312652744424554,0.5011328115816056,0.7473758529861936,0.24975820433142093,0.348125,0.27289048473967686,3,0.348125
near_capacity_independent,289,no_hedge,0.99875,0.30904540953774884,2.5817695376447447,4.677838283364489,0.3079337008477729,0,0,5,0
near_capacity_independent,289,fixed_250ms,1,0.2206289362588194,0.5661818165649919,0.8763087140977248,0.24284555117955603,0.401875,0.25505443234836706,6,0.40125
near_capacity_independent,289,fixed_500ms,1,0.2155062865443398,0.7127348449670334,0.9856984245724192,0.24081932813808457,0.1175,0.5425531914893617,4,0.116875
near_capacity_independent,289,queue_capped_250ms,1,0.2176102580888255,0.5083448294039528,0.7924883006813275,0.2427084974152531,0.3575,0.27797202797202797,3,0.356875
near_capacity_independent,290,no_hedge,0.999375,0.3742306157664501,3.5301524464718703,5.118699312844932,0.33491026768509324,0,0,8,0
near_capacity_independent,290,fixed_250ms,1,0.22451483290316787,0.6016448863755137,0.947957757040335,0.2590808939182923,0.398125,0.2684458398744113,5,0.3975
near_capacity_independent,290,fixed_500ms,1,0.22502275302421992,0.7523404824306397,1.0812179362251797,0.25734011845945914,0.12875,0.5242718446601942,5,0.128125
near_capacity_independent,290,queue_capped_250ms,1,0.2256985430270111,0.5935760724826871,1.841089097611393,0.26375609859311344,0.345625,0.2911392405063291,3,0.345625
near_capacity_independent,291,no_hedge,0.999375,0.3108847645873283,3.029723036954252,5.25372544252653,0.3203626502038059,0,0,7,0
near_capacity_independent,291,fixed_250ms,1,0.20427668238779262,0.47261391125685037,0.6421833769504417,0.24137800195772438,0.34625,0.27617328519855594,3,0.34375
near_capacity_independent,291,fixed_500ms,1,0.20366237998438663,0.651328761219041,0.8792330781771458,0.23994810167567723,0.08,0.75,3,0.079375
near_capacity_independent,291,queue_capped_250ms,1,0.20399812799179529,0.45559058394119134,0.6456964182721983,0.240626230367055,0.335,0.27611940298507465,3,0.33375
near_capacity_independent,292,no_hedge,0.996875,0.47688362824420594,3.7679767417463594,5.619758171717265,0.3043207714262277,0,0,10,0
near_capacity_independent,292,fixed_250ms,1,0.20562141566612774,0.46672741839378773,0.6215629410210006,0.23959826872566523,0.346875,0.2594594594594595,3,0.346875
near_capacity_independent,292,fixed_500ms,1,0.20408563128871293,0.6412090744159826,0.8666383587662949,0.23642773242004747,0.084375,0.5925925925925926,3,0.084375
near_capacity_independent,292,queue_capped_250ms,1,0.20562141566612774,0.46377448992206993,0.6317836653610556,0.23934344940298216,0.345,0.2608695652173913,3,0.345
near_capacity_independent,293,no_hedge,1,0.3060634778214606,2.5708951927416077,4.0860983284868695,0.3033883370633646,0,0,6,0
near_capacity_independent,293,fixed_250ms,1,0.2114975009136888,0.4981669504411741,0.6514465751223071,0.2428954785455397,0.381875,0.24877250409165302,4,0.381875
near_capacity_independent,293,fixed_500ms,1,0.20937536871249307,0.6468136373484308,0.9014465751223462,0.23831058371301517,0.0825,0.6287878787878788,4,0.0825
near_capacity_independent,293,queue_capped_250ms,1,0.22355586570521524,0.5373759394097561,1.5545084809045537,0.24780832911846576,0.35625,0.2578947368421053,3,0.35625
near_capacity_independent,294,no_hedge,0.99125,1.107526206331972,5.491200583024991,7.759782523506775,0.3531784280922208,0,0,13,0
near_capacity_independent,294,fixed_250ms,1,0.2293852398971481,0.7461984302126154,1.3036786830632678,0.25488118276298766,0.429375,0.27074235807860264,8,0.42875
near_capacity_independent,294,fixed_500ms,1,0.2203354067380534,0.782143545319407,1.3233340271327592,0.25322086893644136,0.148125,0.5274261603375527,6,0.148125
near_capacity_independent,294,queue_capped_250ms,1,0.25710024263813214,1.0329707183976922,2.7961635160329834,0.2765780742918346,0.3675,0.29591836734693877,5,0.3675
near_capacity_independent,295,no_hedge,1,0.4053003640925752,2.924820257693014,4.807058907763327,0.32761084799558965,0,0,5,0
near_capacity_independent,295,fixed_250ms,1,0.21238471846810825,0.4726773719040267,0.6691491490047312,0.24218404171744154,0.368125,0.2614601018675722,4,0.368125
near_capacity_independent,295,fixed_500ms,1,0.2103209846699583,0.6502961554462559,0.914057677624605,0.24221787701553132,0.090625,0.6758620689655173,3,0.090625
near_capacity_independent,295,queue_capped_250ms,1,0.21305226019043033,0.4744782120355424,0.694269908867291,0.24452716741620953,0.35625,0.2736842105263158,3,0.35625
near_capacity_independent,296,no_hedge,0.971875,1.612746511761955,7.1741881820166356,8,0.32202854977159573,0,0,16,0
near_capacity_independent,296,fixed_250ms,1,0.23295661309850857,0.7433499383193052,1.1743045326148476,0.25259990966595336,0.43875,0.2492877492877493,7,0.43875
near_capacity_independent,296,fixed_500ms,1,0.22079304913397937,0.7465267931097799,1.09996309971633,0.24572093929910982,0.1275,0.5098039215686274,5,0.1275
near_capacity_independent,296,queue_capped_250ms,0.976875,1.1358106534727952,5.989065532338394,8,0.3072118725940331,0.105,0.20833333333333334,12,0.105
near_capacity_independent,297,no_hedge,1,0.41468296817284056,3.2659327951980472,4.83135451656684,0.31990164205712107,0,0,6,0
near_capacity_independent,297,fixed_250ms,1,0.22039164363339125,0.5577947443308915,0.8414876288231241,0.24719959487177268,0.4075,0.25920245398773006,4,0.406875
near_capacity_independent,297,fixed_500ms,1,0.2162683670655099,0.7135964046916143,0.9493598588688421,0.2432496949777184,0.1275,0.5049019607843137,4,0.1275
near_capacity_independent,297,queue_capped_250ms,1,0.2200024362163049,0.5382497429258208,0.8977611146203088,0.25089046992339303,0.361875,0.2849740932642487,3,0.36125
near_capacity_independent,298,no_hedge,0.99875,0.4167292867463033,3.7754441938634145,6.362456661741476,0.31103352135359175,0,0,9,0
near_capacity_independent,298,fixed_250ms,1,0.21905138268763125,0.5172734698327659,0.8467084605030841,0.2361991836933797,0.384375,0.2601626016260163,5,0.384375
near_capacity_independent,298,fixed_500ms,1,0.21349510833884722,0.684857985614336,1.0190829597606017,0.23498838251990406,0.109375,0.49142857142857144,4,0.109375
near_capacity_independent,298,queue_capped_250ms,1,0.21905138268763125,0.6299121394105924,2.6325037411492396,0.23991711742870417,0.31875,0.25882352941176473,5,0.31875
near_capacity_independent,299,no_hedge,1,0.29206137731320325,2.5218801398312394,3.878940573059861,0.31782622052000464,0,0,5,0
near_capacity_independent,299,fixed_250ms,1,0.2148619207671274,0.48373078876040054,0.6705835597883869,0.24220167292769124,0.37125,0.2676767676767677,3,0.37125
near_capacity_independent,299,fixed_500ms,1,0.21414591217926926,0.6769427336141973,0.9141199836015943,0.2455260004406492,0.09875,0.689873417721519,3,0.09875
near_capacity_independent,299,queue_capped_250ms,1,0.21550247612401918,0.48244419015860274,0.6705835597883869,0.2431076026061513,0.35875,0.2770034843205575,3,0.35875
near_capacity_independent,300,no_hedge,1,0.2924339145345556,2.6759375630532745,4.327332393772917,0.3136736427794073,0,0,5,0
near_capacity_independent,300,fixed_250ms,1,0.20464557056796906,0.47235833016887074,0.6957373938375291,0.23784184708750225,0.33875,0.26383763837638374,5,0.33875
near_capacity_independent,300,fixed_500ms,1,0.20130860787470084,0.6396446456974019,0.8790505192208684,0.23444997637400447,0.08,0.7109375,3,0.08
near_capacity_independent,300,queue_capped_250ms,1,0.20473456157282754,0.46422799274040116,0.7060946348145265,0.23809943285676266,0.3225,0.27906976744186046,3,0.3225
near_capacity_independent,301,no_hedge,0.99375,0.6820132194856967,4.4378373489958705,7.082291801638505,0.3382545469470389,0,0,9,0
near_capacity_independent,301,fixed_250ms,1,0.2227993612742516,0.5086321378017473,0.7062741608307448,0.2524527432960356,0.40875,0.26452599388379205,3,0.40875
near_capacity_independent,301,fixed_500ms,1,0.2184818127648782,0.710521069843226,1.0483427292394225,0.2518517398211751,0.120625,0.6010362694300518,4,0.120625
near_capacity_independent,301,queue_capped_250ms,1,0.21904603953689517,0.4967236884711852,0.7319395456211453,0.25095693860761675,0.384375,0.27154471544715447,3,0.384375
near_capacity_independent,302,no_hedge,1,0.3094352644893803,2.443285588559741,3.5492841014936936,0.3056871309467086,0,0,5,0
near_capacity_independent,302,fixed_250ms,1,0.22217567314677922,0.5144387524216114,0.6631846366815619,0.24940334366410294,0.41375,0.256797583081571,4,0.41375
near_capacity_independent,302,fixed_500ms,1,0.22697367686505743,0.7186116735882635,1.0137436298130176,0.24918111129494602,0.124375,0.5025125628140703,4,0.124375
near_capacity_independent,302,queue_capped_250ms,1,0.22535776735267632,0.532392166887238,0.7222949715692266,0.2518529398107282,0.388125,0.28502415458937197,4,0.388125
near_capacity_independent,303,no_hedge,1,0.27131772387778597,2.170047602673229,3.8862250629298103,0.2961347600170211,0,0,5,0
near_capacity_independent,303,fixed_250ms,1,0.21787519227999042,0.508557642881911,0.7388262122220315,0.247853720462682,0.390625,0.2352,4,0.390625
near_capacity_independent,303,fixed_500ms,1,0.21970549498034586,0.7224970698049589,1.1207441155877476,0.24555956413292213,0.13,0.49038461538461536,6,0.13
near_capacity_independent,303,queue_capped_250ms,1,0.22209390614751356,0.5484278459671259,1.648268093889243,0.2518173927304827,0.35875,0.2456445993031359,3,0.35875
near_capacity_independent,304,no_hedge,1,0.26636002362106126,2.3810076919806846,4.224966779550861,0.3165427728395856,0,0,4,0
near_capacity_independent,304,fixed_250ms,1,0.21297336788004628,0.4554871410760697,0.5822506815899049,0.249379808621804,0.37125,0.24074074074074073,3,0.37
near_capacity_independent,304,fixed_500ms,1,0.2058553055266117,0.6188413677657376,0.8198763129050803,0.2445506736962523,0.08,0.640625,2,0.08
near_capacity_independent,304,queue_capped_250ms,1,0.2132021293831059,0.4554871410760697,0.5822506815899049,0.24931049211970602,0.37,0.24324324324324326,3,0.36875
near_capacity_independent,305,no_hedge,1,0.25241349098637045,2.3921628982897403,4.651153551708219,0.311980400855912,0,0,6,0
near_capacity_independent,305,fixed_250ms,1,0.2127146815881673,0.483612418610857,0.6528219048971096,0.25280155153567074,0.364375,0.2950257289879931,3,0.36375
near_capacity_independent,305,fixed_500ms,1,0.2091449386815185,0.6684420188201585,0.9528219048971565,0.24856046755445962,0.100625,0.5714285714285714,3,0.100625
near_capacity_independent,305,queue_capped_250ms,1,0.2124987110089478,0.4842345121564513,0.6528219048971096,0.2542000135881435,0.359375,0.3008695652173913,3,0.35875
near_capacity_independent,306,no_hedge,0.9925,0.9306417855503994,4.625855756323592,7.1752289539687695,0.34562436910288497,0,0,9,0
near_capacity_independent,306,fixed_250ms,1,0.2316140796588506,0.615868884168087,0.9363906608002566,0.26369784517429895,0.430625,0.2757619738751814,5,0.430625
near_capacity_independent,306,fixed_500ms,1,0.22987943824538526,0.7775913164734263,1.1623993269652004,0.2628886727241861,0.158125,0.466403162055336,5,0.158125
near_capacity_independent,306,queue_capped_250ms,1,0.3025033222566691,2.0274768317341483,3.5305932269786364,0.2934096342429535,0.289375,0.2786177105831533,5,0.289375
near_capacity_independent,307,no_hedge,0.999375,0.25737117094156403,2.217675654025726,4.078404705332423,0.30690733818195376,0,0,5,0
near_capacity_independent,307,fixed_250ms,1,0.22815495847867595,0.6469410660408528,1.0262331107696383,0.2590161328440974,0.425,0.25882352941176473,5,0.42375
near_capacity_independent,307,fixed_500ms,1,0.2145673640065766,0.6917344771123393,0.9769525374692027,0.24894787138111021,0.099375,0.5911949685534591,3,0.09875
near_capacity_independent,307,queue_capped_250ms,1,0.2315670339499789,0.6832257136072144,2.244604540241994,0.26836360471352677,0.34875,0.26523297491039427,4,0.34875
near_capacity_independent,308,no_hedge,1,0.3765951049571825,3.0432075938173995,4.90103842366841,0.3157615482502567,0,0,6,0
near_capacity_independent,308,fixed_250ms,1,0.22720467429200042,0.6139455987522893,0.9453453844664779,0.2564344589805065,0.43,0.2805232558139535,5,0.43
near_capacity_independent,308,fixed_500ms,1,0.22489652959173156,0.7584145337224744,1.2753453844665295,0.25231789896975054,0.14125,0.5221238938053098,5,0.14125
near_capacity_independent,308,queue_capped_250ms,1,0.2223233320902338,0.5498953331540144,1.0065813502714747,0.255752146390318,0.371875,0.29747899159663865,3,0.371875
near_capacity_independent,309,no_hedge,0.99875,0.2591804777683002,2.231773172972325,5.2232139981054,0.3041020632796899,0,0,7,0
near_capacity_independent,309,fixed_250ms,1,0.20863855029969258,0.48712658620067373,0.6931149136773769,0.24381673603215342,0.358125,0.2513089005235602,4,0.3575
near_capacity_independent,309,fixed_500ms,1,0.20627802852475696,0.6415105242917569,0.8938351261141406,0.24030206384872085,0.083125,0.6090225563909775,3,0.0825
near_capacity_independent,309,queue_capped_250ms,1,0.2179711151580932,0.5128296349109356,0.7135641145355152,0.24969752659010683,0.36,0.2604166666666667,3,0.359375
near_capacity_independent,310,no_hedge,0.998125,0.35583049918604104,3.8766688521210124,5.604164428437485,0.3287719652869539,0,0,7,0
near_capacity_independent,310,fixed_250ms,1,0.2310465464967848,0.8327374285409519,2.2829985678207123,0.2641459643550025,0.431875,0.2575976845151954,9,0.43
near_capacity_independent,310,fixed_500ms,1,0.22070646436580788,1.1257730003492838,2.9660601889650025,0.2591138430193658,0.135,0.5046296296296297,13,0.134375
near_capacity_independent,310,queue_capped_250ms,1,0.26151088401322653,1.7678916263408126,4.0315718944742285,0.2847421652667244,0.313125,0.249500998003992,6,0.313125
near_capacity_independent,311,no_hedge,1,0.28223981234538265,3.0979351758623324,5.1568935927681565,0.3078909837798312,0,0,8,0
near_capacity_independent,311,fixed_250ms,1,0.21372476691105624,0.4795752388571586,0.6980283181144245,0.2439441272890879,0.37125,0.2441077441077441,3,0.37125
near_capacity_independent,311,fixed_500ms,1,0.21924622268031158,0.699636216712026,1.0866876157683922,0.2439449276582799,0.110625,0.4689265536723164,5,0.110625
near_capacity_independent,311,queue_capped_250ms,1,0.21374070351072305,0.4750817552089046,0.6924164774995916,0.24452596804033166,0.36375,0.24398625429553264,3,0.36375
near_capacity_independent,312,no_hedge,0.996875,0.3350432769537903,2.5719629140749447,4.927352938471245,0.3076152601437063,0,0,6,0
near_capacity_independent,312,fixed_250ms,1,0.21910025132544675,0.5067841473484904,0.7227370032092111,0.24375990155492783,0.385625,0.2479740680713128,4,0.385625
near_capacity_independent,312,fixed_500ms,1,0.21775854301879183,0.6700376634215033,0.9455547119651442,0.2416134178468787,0.099375,0.559748427672956,4,0.099375
near_capacity_independent,312,queue_capped_250ms,1,0.22357509078450377,0.5148049816801574,0.8250135462285542,0.24816137499965296,0.381875,0.24713584288052373,3,0.381875
near_capacity_independent,313,no_hedge,1,0.3508590336996704,3.009226181789572,4.731536304477958,0.31634824420999824,0,0,6,0
near_capacity_independent,313,fixed_250ms,1,0.24182487358869054,0.9515197374116013,1.5174421879254893,0.25978123075918513,0.461875,0.2652232746955345,9,0.461875
near_capacity_independent,313,fixed_500ms,1,0.24029658614700367,1.0138046260466638,1.7017727260512743,0.2565825508964518,0.19375,0.3774193548387097,9,0.1925
near_capacity_independent,313,queue_capped_250ms,1,0.24731098710780453,1.1026158549403817,3.352674449704253,0.2680118366674355,0.3175,0.2755905511811024,6,0.3175
near_capacity_independent,314,no_hedge,0.9975,0.2833599212785103,2.6904661528066924,4.828602849944254,0.31358895169464435,0,0,6,0
near_capacity_independent,314,fixed_250ms,1,0.21505933472979422,0.5638121264771954,1.0297732043659735,0.24991311867906443,0.374375,0.27545909849749584,5,0.37375
near_capacity_independent,314,fixed_500ms,1,0.2135522846181459,0.7608011771095704,1.2624678925426736,0.24561112450827294,0.1175,0.5319148936170213,6,0.1175
near_capacity_independent,314,queue_capped_250ms,1,0.2247062582670658,0.7747229510557005,3.364253300990576,0.2546543459968369,0.295,0.2817796610169492,5,0.294375
near_capacity_independent,315,no_hedge,1,0.40153327799590954,3.082431400926218,4.723945228227411,0.32209585045815037,0,0,6,0
near_capacity_independent,315,fixed_250ms,1,0.21670900331693588,0.5342500785477995,0.7143378570882888,0.24960673094556168,0.388125,0.286634460547504,4,0.3875
near_capacity_independent,315,fixed_500ms,1,0.21398169391805766,0.6852018102467952,0.9322940325966798,0.24500185179143646,0.09875,0.6265822784810127,3,0.09875
near_capacity_independent,315,queue_capped_250ms,1,0.21700774143527468,0.516517079047091,0.7245937612734004,0.24983701173545714,0.373125,0.2897822445561139,3,0.3725
near_capacity_independent,316,no_hedge,0.998125,0.41242651211615566,3.1046164854537857,4.833369680674231,0.32735641890936246,0,0,6,0
near_capacity_independent,316,fixed_250ms,1,0.21941019510038018,0.49570930287586634,0.6952730799324485,0.25857149286498193,0.396875,0.262992125984252,4,0.39625
near_capacity_independent,316,fixed_500ms,1,0.21735281953669983,0.6894578516755132,0.9807217888047219,0.2550930736555286,0.1,0.6625,3,0.1
near_capacity_independent,316,queue_capped_250ms,1,0.2200308447181385,0.5075406202067434,0.7657680649068936,0.2590755132550753,0.375625,0.2795341098169717,3,0.375
near_capacity_independent,317,no_hedge,0.998125,1.5852325921975599,5.846553922772145,7.374466545669563,0.3518974706181988,0,0,12,0
near_capacity_independent,317,fixed_250ms,1,0.22856284259914972,0.648682587162817,0.9500856203164272,0.25116636683925275,0.425,0.27647058823529413,7,0.425
near_capacity_independent,317,fixed_500ms,1,0.22283235095989085,0.7164583063689101,1.0274637341211843,0.25031433723685514,0.133125,0.596244131455399,4,0.133125
near_capacity_independent,317,queue_capped_250ms,1,0.31734688312977655,2.6787035706470164,4.252091792909322,0.28590963010928794,0.2875,0.34782608695652173,7,0.2875
near_capacity_independent,318,no_hedge,1,0.5889542640985823,3.518377073542652,5.3522659171609845,0.330890056816051,0,0,7,0
near_capacity_independent,318,fixed_250ms,1,0.2350072199253539,0.7176857937771786,1.4436010833617274,0.2607844837777539,0.44625,0.2759103641456583,8,0.44625
near_capacity_independent,318,fixed_500ms,1,0.23668552997045111,0.7662547533666455,1.1846216494106514,0.25891638403106837,0.146875,0.5106382978723404,4,0.146875
near_capacity_independent,318,queue_capped_250ms,1,0.2347064074322165,0.5862547533666813,1.076291331722615,0.260943831427576,0.3725,0.2902684563758389,3,0.3725
near_capacity_independent,319,no_hedge,0.99875,0.317182043940214,2.53075057101312,4.1401215742313795,0.3122860017614696,0,0,5,0
near_capacity_independent,319,fixed_250ms,1,0.21541962246150614,0.49342822226778793,0.6557528379526332,0.24383446561309935,0.369375,0.25380710659898476,3,0.369375
near_capacity_independent,319,fixed_500ms,1,0.20987429675567304,0.6532619645113691,0.8423673959147138,0.24032373668205265,0.081875,0.6717557251908397,2,0.081875
near_capacity_independent,319,queue_capped_250ms,1,0.21108029505792292,0.4858867812488825,0.6500844385079019,0.24361993208387236,0.353125,0.26194690265486725,3,0.353125
near_capacity_correlated,0,no_hedge,1,0.7226113889717887,4.326822127310848,6.801859563293796,0.3993398098060348,0,0,10,0
near_capacity_correlated,0,fixed_250ms,0.991875,2.975728714455748,6.031025616972869,7.6857669993844056,0.4298618562937475,0.88125,0.40638297872340423,35,0.88
near_capacity_correlated,0,fixed_500ms,0.999375,2.4411614471007965,5.415502168123666,6.3922785751869995,0.4256989655352711,0.815,0.3343558282208589,31,0.81125
near_capacity_correlated,0,queue_capped_250ms,0.98875,1.0387277732391809,5.583369925429778,8,0.409319912211891,0.1375,0.33181818181818185,12,0.1375
near_capacity_correlated,1,no_hedge,0.9975,0.500821523938555,4.294939759145194,6.159619426798692,0.39638978778635775,0,0,9,0
near_capacity_correlated,1,fixed_250ms,1,1.1406645545919503,3.2300677055822398,4.533384059948119,0.4099755448703543,0.849375,0.3811626195732156,15,0.84875
near_capacity_correlated,1,fixed_500ms,0.999375,1.328763962742407,3.6332694665353245,5.045041127435155,0.409502754536486,0.70875,0.3298059964726631,16,0.705
near_capacity_correlated,1,queue_capped_250ms,0.9975,0.5234943533427447,3.8095246635395625,6.162306136188221,0.40841536721907956,0.23625,0.31746031746031744,8,0.23625
near_capacity_correlated,2,no_hedge,1,0.3030380136866171,2.9831463324622547,4.40438675842266,0.39429596529513794,0,0,5,0
near_capacity_correlated,2,fixed_250ms,1,0.3562492827633683,1.8874257445871478,3.2519565642210324,0.4016350976110649,0.64625,0.33365570599613154,8,0.638125
near_capacity_correlated,2,fixed_500ms,1,0.3547756697864273,1.8517569475960798,3.3444273779161477,0.3946306128111454,0.37125,0.3787878787878788,7,0.36875
near_capacity_correlated,2,queue_capped_250ms,1,0.32105880306962575,2.28063130634159,3.4319352222793658,0.39551022757748305,0.411875,0.3201820940819423,5,0.411875
near_capacity_correlated,3,no_hedge,0.988125,0.37863012290938514,5.526939809277977,8,0.4105610468928612,0,0,12,0
near_capacity_correlated,3,fixed_250ms,0.999375,0.5653614355748644,5.206950697209848,6.2954711436594835,0.41705210083644284,0.720625,0.36253252385082396,23,0.72
near_capacity_correlated,3,fixed_500ms,1,0.4740010438634288,3.5785587898238873,4.610564439120324,0.4016628183004526,0.4875,0.3974358974358974,18,0.486875
near_capacity_correlated,3,queue_capped_250ms,0.99375,0.34805549976695005,5.98337536375665,7.721040265590986,0.4071291759733027,0.305625,0.37627811860940696,13,0.305625
near_capacity_correlated,4,no_hedge,0.999375,0.32194637805660875,3.2762414633128643,5.195042648826526,0.3725827113778805,0,0,5,0
near_capacity_correlated,4,fixed_250ms,1,0.31864999975123,1.559384500795213,2.8216492407181732,0.34296890924626794,0.585625,0.32123799359658484,9,0.585
near_capacity_correlated,4,fixed_500ms,1,0.29047116208332824,1.5399603380398919,2.6940357754446964,0.3351038337695325,0.301875,0.4244306418219462,7,0.301875
near_capacity_correlated,4,queue_capped_250ms,0.99875,0.3113326806661476,2.3661696621602886,4.7551999969050485,0.34989505525120473,0.3525,0.3421985815602837,5,0.3525
near_capacity_correlated,5,no_hedge,0.911875,2.003771384998892,8,8,0.4481562021143929,0,0,17,0
near_capacity_correlated,5,fixed_250ms,0.974375,3.236024523804552,7.078008763767755,8,0.4342806608332522,0.80125,0.4251170046801872,32,0.800625
near_capacity_correlated,5,fixed_500ms,0.9075,4.669765408011294,8,8,0.44027854953944606,0.724375,0.3822260569456428,35,0.72
near_capacity_correlated,5,queue_capped_250ms,0.920625,2.2708584418879028,8,8,0.436452553957666,0.146875,0.33617021276595743,17,0.146875
near_capacity_correlated,6,no_hedge,0.99625,0.9049095675135206,4.8885446363220595,7.2149979923024645,0.4224601431018846,0,0,9,0
near_capacity_correlated,6,fixed_250ms,0.991875,3.5206034474930163,6.412289193424154,7.715098509931206,0.45123784257400856,0.9775,0.40664961636828645,32,0.975625
near_capacity_correlated,6,fixed_500ms,1,2.369264564938206,4.703771698221431,5.653403934317666,0.44280794143212016,0.924375,0.332657200811359,23,0.923125
near_capacity_correlated,6,queue_capped_250ms,0.993125,1.0940157598928373,5.2377353875164605,7.220526843223151,0.43840552893630563,0.08875,0.4084507042253521,9,0.08875
near_capacity_correlated,7,no_hedge,1,0.3927076634303859,4.309563543891429,6.126591649458078,0.397760617083611,0,0,8,0
near_capacity_correlated,7,fixed_250ms,1,1.0785797241778567,3.6178075985274347,5.141954168602041,0.4129865633418376,0.843125,0.37731653076352856,13,0.84125
near_capacity_correlated,7,fixed_500ms,1,0.9068687796208508,3.6024484848575753,4.811230440702921,0.4084093158393648,0.6325,0.3675889328063241,17,0.63125
near_capacity_correlated,7,queue_capped_250ms,1,0.38480111078927326,3.2187863052766446,4.875882999513337,0.38982861915735567,0.311875,0.3286573146292585,7,0.31
near_capacity_correlated,8,no_hedge,0.9925,0.6038425861673247,4.970474650957513,7.825648487522997,0.42292734475800736,0,0,8,0
near_capacity_correlated,8,fixed_250ms,1,0.39993264126927386,3.5767446640521854,4.6990946142084695,0.393115889597643,0.68,0.36121323529411764,17,0.678125
near_capacity_correlated,8,fixed_500ms,1,0.44219895961998645,3.2021217182849426,4.850942075681004,0.4016587559757271,0.4525,0.40193370165745856,13,0.446875
near_capacity_correlated,8,queue_capped_250ms,0.9975,0.4481947779969424,3.965552608579401,6.833517669911274,0.40979015208052055,0.2525,0.33663366336633666,7,0.2525
near_capacity_correlated,9,no_hedge,0.998125,0.6133627655968041,4.078647695538791,6.196264095222503,0.39841862155258717,0,0,9,0
near_capacity_correlated,9,fixed_250ms,1,0.9804929797577131,4.729498458216625,5.891563519947624,0.41224580805964806,0.82,0.34375,27,0.819375
near_capacity_correlated,9,fixed_500ms,1,0.668892475998554,4.876777149068516,5.763349492054203,0.39973713197515726,0.5625,0.36444444444444446,26,0.5625
near_capacity_correlated,9,queue_capped_250ms,0.998125,0.7155028068396732,4.4563621365444135,6.086302031291758,0.41294612087531474,0.166875,0.32209737827715357,9,0.166875
near_capacity_correlated,10,no_hedge,0.9925,0.9211813292402411,5.7583994842396535,7.6132063190888175,0.4084141985969357,0,0,10,0
near_capacity_correlated,10,fixed_250ms,1,0.5598124046800272,2.988193835593755,4.122480764742775,0.4137316614783741,0.78375,0.3365231259968102,16,0.781875
near_capacity_correlated,10,fixed_500ms,1,0.7039963982443691,2.6670435742205783,3.9087724251388316,0.4057111784792005,0.59375,0.36210526315789476,11,0.593125
near_capacity_correlated,10,queue_capped_250ms,0.996875,0.586986022994509,4.482575720790813,6.697278884629611,0.4129896782289792,0.228125,0.33424657534246577,7,0.2275
near_capacity_correlated,11,no_hedge,0.996875,0.29907299602248827,3.1763546469458035,5.311242024917348,0.3782062429196758,0,0,6,0
near_capacity_correlated,11,fixed_250ms,1,0.6684387026049947,3.4069739191747317,4.227234084195089,0.41017163458382144,0.74625,0.347571189279732,19,0.745
near_capacity_correlated,11,fixed_500ms,1,0.582803346776231,2.957678974924576,3.7531626310279016,0.4046592740938757,0.53,0.35495283018867924,15,0.52375
near_capacity_correlated,11,queue_capped_250ms,0.9975,0.4011536184650879,3.3409029062554083,6.356241346323095,0.3967391332679023,0.28625,0.2925764192139738,7,0.28625
near_capacity_correlated,12,no_hedge,0.9925,0.8636024932828938,5.788674028516969,7.9087329212524935,0.41101540191749675,0,0,12,0
near_capacity_correlated,12,fixed_250ms,1,1.9579699930047667,3.9752730196926898,5.076745754427108,0.43279885656179135,0.960625,0.3916720884840599,19,0.959375
near_capacity_correlated,12,fixed_500ms,1,1.1355044830496013,3.803539480991901,5.0217998318374235,0.41189531142979874,0.72,0.3706597222222222,18,0.71875
near_capacity_correlated,12,queue_capped_250ms,0.9775,1.1997738311512478,6.207180730984337,8,0.4228034631760725,0.120625,0.30569948186528495,12,0.120625
near_capacity_correlated,13,no_hedge,0.995,0.4442877057870689,3.917030392907627,6.467899134484725,0.4146677083857007,0,0,6,0
near_capacity_correlated,13,fixed_250ms,1,0.3831142304671218,2.420149950922763,3.5661897395046793,0.3907394198517143,0.663125,0.3590951932139491,12,0.6625
near_capacity_correlated,13,fixed_500ms,1,0.34928604647492634,2.0478524211189466,3.214938185298301,0.38961068655161724,0.389375,0.4590690208667737,9,0.38875
near_capacity_correlated,13,queue_capped_250ms,0.9975,0.4288537715003926,3.558029354611211,6.153902457469343,0.40323437055056816,0.253125,0.3802469135802469,7,0.253125
near_capacity_correlated,14,no_hedge,1,0.41758271824255644,3.956190744320857,5.875276248681253,0.41147680989295643,0,0,7,0
near_capacity_correlated,14,fixed_250ms,1,0.8651941527447278,3.2339558655924705,4.134600536871094,0.4219617404422051,0.785,0.3328025477707006,15,0.783125
near_capacity_correlated,14,fixed_500ms,1,0.7870293426134012,3.810305559266908,4.6750723098283515,0.4141411428615396,0.593125,0.35511064278187565,19,0.591875
near_capacity_correlated,14,queue_capped_250ms,0.994375,0.5906695325371203,4.120019691609603,6.413507972743281,0.42032578756732986,0.243125,0.3676092544987147,8,0.243125
near_capacity_correlated,15,no_hedge,0.995625,0.627218995001833,4.492403142155027,7.28587262634926,0.4184991673712365,0,0,7,0
near_capacity_correlated,15,fixed_250ms,1,1.5168142091950116,4.143147434087481,5.234059813396744,0.4311290099354364,0.849375,0.3811626195732156,20,0.846875
near_capacity_correlated,15,fixed_500ms,1,1.730796748373919,4.634712737736663,5.876520321618429,0.42869775188555564,0.77,0.34334415584415584,22,0.77
near_capacity_correlated,15,queue_capped_250ms,0.9925,0.9042767789702033,4.8297335676182485,7.683931513446073,0.4256798598598108,0.1675,0.3619402985074627,9,0.166875
near_capacity_correlated,16,no_hedge,0.996875,0.33784624715707423,3.3745585042762443,6.171509872696632,0.3819237502467363,0,0,7,0
near_capacity_correlated,16,fixed_250ms,1,0.4127162246506657,2.2601409211734875,3.4256136507973736,0.389857238369965,0.695625,0.3108715184186882,12,0.693125
near_capacity_correlated,16,fixed_500ms,1,0.4101599339590507,2.12062253027014,3.2209696526886216,0.3849361382245058,0.431875,0.35311143270622286,8,0.428125
near_capacity_correlated,16,queue_capped_250ms,0.998125,0.3142864400257679,2.4361431930609427,4.625008124638853,0.3735016444412435,0.353125,0.3238938053097345,5,0.353125
near_capacity_correlated,17,no_hedge,0.995625,1.34256879380834,5.726337745772369,7.078634438936646,0.4106025666175068,0,0,10,0
near_capacity_correlated,17,fixed_250ms,0.996875,2.049731236277978,5.105734183113846,7.028785687107245,0.4197839404037405,0.91,0.39354395604395603,22,0.91
near_capacity_correlated,17,fixed_500ms,1,2.149243282904507,5.343999063880915,6.695434383381212,0.4180225508213777,0.82875,0.332579185520362,26,0.82875
near_capacity_correlated,17,queue_capped_250ms,0.989375,1.1695954330501621,6.176841177042212,8,0.4128621535940244,0.116875,0.32085561497326204,11,0.116875
near_capacity_correlated,18,no_hedge,0.995625,0.47336975013429594,3.905755955067111,6.319503012833735,0.3909544592196114,0,0,8,0
near_capacity_correlated,18,fixed_250ms,1,1.0141200483024342,3.625801897764383,4.707222729837952,0.40667920019427406,0.83375,0.37256371814092953,17,0.830625
near_capacity_correlated,18,fixed_500ms,1,1.4234741472748489,3.6195201022499823,4.824106223554807,0.41699974037158477,0.768125,0.3189585028478438,16,0.76625
near_capacity_correlated,18,queue_capped_250ms,0.996875,0.5333483290103374,3.959668697028505,7.126480094929615,0.3973173227896942,0.213125,0.31671554252199413,8,0.21
near_capacity_correlated,19,no_hedge,1,0.723278677020609,5.748550572365492,6.711381111818255,0.4283111992579422,0,0,11,0
near_capacity_correlated,19,fixed_250ms,1,0.9052081549605404,3.053306189783063,4.427800086050098,0.4143849164590117,0.839375,0.37751303052866714,14,0.8375
near_capacity_correlated,19,fixed_500ms,0.999375,1.1073484130863775,4.83858357838497,6.4708805735157995,0.4294850363011986,0.6925,0.3637184115523466,22,0.69125
near_capacity_correlated,19,queue_capped_250ms,0.9975,0.807673300752608,5.296399575626538,7.403445068953118,0.4342148716120597,0.1425,0.35526315789473684,9,0.1425
near_capacity_correlated,20,no_hedge,1,0.41294880817670077,3.773276505072566,5.489058304437087,0.39482241779737826,0,0,7,0
near_capacity_correlated,20,fixed_250ms,1,0.5447349408604438,2.515580182608616,3.4281840263914383,0.39332072461981565,0.7125,0.35,12,0.71125
near_capacity_correlated,20,fixed_500ms,0.999375,0.6328606576841187,3.053941289196885,4.341772094399872,0.3969533390298492,0.53875,0.35266821345707655,14,0.5375
near_capacity_correlated,20,queue_capped_250ms,1,0.4154449680399992,3.6205047861087962,5.704371381149574,0.39579845959879506,0.260625,0.37170263788968827,6,0.260625
near_capacity_correlated,21,no_hedge,0.993125,1.0485679744139347,5.227706048258881,7.491908298649335,0.41981037152618905,0,0,8,0
near_capacity_correlated,21,fixed_250ms,0.999375,2.1319106902879383,5.038593847242012,6.036570884719964,0.4280656693316851,0.86375,0.3654124457308249,23,0.863125
near_capacity_correlated,21,fixed_500ms,0.99875,2.094937498472218,5.204085860541838,6.407400994138495,0.42439715767579483,0.755625,0.34739454094292804,24,0.755
near_capacity_correlated,21,queue_capped_250ms,0.98,1.2124194788169156,5.798402299143149,8,0.4315606260637481,0.136875,0.3105022831050228,10,0.136875
near_capacity_correlated,22,no_hedge,0.999375,0.2637385975495725,2.7284803010303023,4.60313798392712,0.37804900562184335,0,0,4,0
near_capacity_correlated,22,fixed_250ms,1,0.32942060808042584,1.9707798254302809,2.848386457065857,0.3731417398362985,0.61125,0.33844580777096117,9,0.610625
near_capacity_correlated,22,fixed_500ms,1,0.30111823621638845,1.6674106419533459,2.753708279432672,0.36476836712460875,0.306875,0.45621181262729127,8,0.30625
near_capacity_correlated,22,queue_capped_250ms,1,0.31816518351411816,2.179305276572663,3.6501593404065034,0.37524375250865966,0.36375,0.34536082474226804,5,0.363125
near_capacity_correlated,23,no_hedge,0.97625,0.514107755149567,6.646850353524613,8,0.43188977327744715,0,0,12,0
near_capacity_correlated,23,fixed_250ms,1,0.8238920218806527,4.122264721485067,5.0441475673450356,0.40799637849281806,0.804375,0.34498834498834496,20,0.800625
near_capacity_correlated,23,fixed_500ms,1,0.795151574209374,4.051360754469428,5.51002309360878,0.4079743661271771,0.608125,0.3566289825282631,18,0.608125
near_capacity_correlated,23,queue_capped_250ms,0.985625,0.5246616895254377,5.89484977864268,8,0.41438018502620705,0.25,0.3125,11,0.25
near_capacity_correlated,24,no_hedge,0.983125,1.0169802968317185,5.124905520340697,8,0.4112604306511095,0,0,9,0
near_capacity_correlated,24,fixed_250ms,0.9925,3.1522462180003714,6.031547844391916,7.623148543021731,0.43784025451275993,0.966875,0.3936651583710407,26,0.966875
near_capacity_correlated,24,fixed_500ms,0.99125,2.8957141258525354,6.057753709741334,7.779263370471469,0.42901328728297033,0.914375,0.3650034176349966,25,0.908125
near_capacity_correlated,24,queue_capped_250ms,0.98125,1.2026030265639847,6.038374867440467,8,0.41562259055851564,0.155,0.32661290322580644,10,0.154375
near_capacity_correlated,25,no_hedge,0.994375,0.4869832069753244,4.629304605028892,7.014596822244108,0.4046750322866333,0,0,10,0
near_capacity_correlated,25,fixed_250ms,1,2.4532802184820817,5.049554566371178,5.909827475262105,0.43262290099902423,0.86375,0.38205499276411,24,0.86375
near_capacity_correlated,25,fixed_500ms,1,1.8059246454645894,4.646937836021316,5.754308886407159,0.41986809386529567,0.768125,0.34092758340113916,23,0.7675
near_capacity_correlated,25,queue_capped_250ms,1,0.5290459485486014,4.850177804803856,6.540691991948812,0.4164803754774313,0.25125,0.3383084577114428,10,0.25125
near_capacity_correlated,26,no_hedge,0.9975,0.4557175902483408,4.21361586572425,6.276981471364895,0.3898290066228359,0,0,8,0
near_capacity_correlated,26,fixed_250ms,1,0.7162994635452158,2.5762247383480954,3.604877580524345,0.3924048103634472,0.78,0.3557692307692308,13,0.776875
near_capacity_correlated,26,fixed_500ms,1,0.838252579273508,2.9217847353340716,3.9184155344967593,0.38971453466564104,0.615,0.3323170731707317,13,0.615
near_capacity_correlated,26,queue_capped_250ms,0.999375,0.447535382096067,4.083272229404805,5.135823765745906,0.39331522386810747,0.269375,0.3225058004640371,8,0.269375
near_capacity_correlated,27,no_hedge,0.9975,0.37717656164722513,3.879867244760831,6.120495510896319,0.3889054570334956,0,0,6,0
near_capacity_correlated,27,fixed_250ms,1,0.46790817869324997,2.597753205248992,3.8575486321883474,0.38074671416046985,0.691875,0.34146341463414637,14,0.691875
near_capacity_correlated,27,fixed_500ms,1,0.5521818118590858,2.53084546201827,3.6556918410039945,0.37923053609162855,0.52125,0.36211031175059955,11,0.52125
near_capacity_correlated,27,queue_capped_250ms,0.99875,0.41003205023913125,3.311430885419348,5.669756556117392,0.3886430435271837,0.28,0.33705357142857145,7,0.28
near_capacity_correlated,28,no_hedge,0.99,0.7337217124003814,4.493272595721777,7.793731894774034,0.4261750753059462,0,0,9,0
near_capacity_correlated,28,fixed_250ms,1,0.7017812947614885,2.6551690276234723,3.6834591397035297,0.4161615893168642,0.82,0.36051829268292684,13,0.819375
near_capacity_correlated,28,fixed_500ms,1,0.7151399885494527,2.47909970580805,3.7993134408399385,0.4083013748786806,0.61625,0.34178498985801214,11,0.611875
near_capacity_correlated,28,queue_capped_250ms,0.996875,0.6433686296814329,4.705469339466973,6.450045592971527,0.4325156294895215,0.22125,0.3644067796610169,9,0.22125
near_capacity_correlated,29,no_hedge,0.995,0.8279736293396596,5.074826109197829,6.696371478793651,0.4241717527083681,0,0,8,0
near_capacity_correlated,29,fixed_250ms,1,0.592947374071457,3.683216850427327,4.5753926477395765,0.39843332605915927,0.731875,0.3783091374893254,20,0.731875
near_capacity_correlated,29,fixed_500ms,1,0.777651863056164,3.190206471123531,4.462938155439332,0.39843831681006164,0.588125,0.357066950053135,14,0.588125
near_capacity_correlated,29,queue_capped_250ms,0.9975,0.4530403143911046,4.3317544951395845,6.830062113394014,0.39808714003523826,0.279375,0.3400447427293065,8,0.279375
near_capacity_correlated,30,no_hedge,0.99625,0.7479870041822707,4.9726657459642,6.505269472932298,0.4142679858508428,0,0,10,0
near_capacity_correlated,30,fixed_250ms,1,0.6825389281024599,3.0053369805208376,4.403268275072293,0.41263342487348786,0.764375,0.3769419460343418,13,0.76375
near_capacity_correlated,30,fixed_500ms,0.998125,1.942352740921777,5.98643413747007,7.363946748082874,0.4273958449435262,0.778125,0.3654618473895582,29,0.778125
near_capacity_correlated,30,queue_capped_250ms,0.98125,0.829020882414607,5.412346836914537,8,0.41859221941891056,0.178125,0.3508771929824561,12,0.178125
near_capacity_correlated,31,no_hedge,0.99375,0.5789476840157732,4.685181374740168,7.378583797871869,0.4079015304877654,0,0,9,0
near_capacity_correlated,31,fixed_250ms,1,1.110258765621424,3.744590424732891,4.9883866267133214,0.40465549553382296,0.8125,0.3707692307692308,20,0.81125
near_capacity_correlated,31,fixed_500ms,0.995625,1.8655863397537047,5.346477307947723,6.876015045392876,0.419686136641496,0.760625,0.3607230895645029,27,0.7575
near_capacity_correlated,31,queue_capped_250ms,0.98875,0.6576724840138155,5.219008763030843,8,0.4047151163972187,0.209375,0.3582089552238806,10,0.209375
near_capacity_correlated,32,no_hedge,0.996875,0.3929572105689516,3.623010961355437,5.317360467500148,0.3999390878278362,0,0,6,0
near_capacity_correlated,32,fixed_250ms,1,0.5215223960405595,3.1219982809955695,4.328809926592612,0.40786300659406466,0.72875,0.34133790737564323,16,0.725
near_capacity_correlated,32,fixed_500ms,1,0.6993106542986567,2.856895197491447,3.977979246841059,0.411515880739436,0.5825,0.37446351931330474,11,0.581875
near_capacity_correlated,32,queue_capped_250ms,0.99875,0.40202875099034685,3.350695570300914,5.352291360365641,0.3951793614139211,0.260625,0.35251798561151076,7,0.260625
near_capacity_correlated,33,no_hedge,0.995625,0.5034388593572707,4.056133686869147,6.493098051404473,0.41103791661228706,0,0,8,0
near_capacity_correlated,33,fixed_250ms,1,0.513199739715148,4.155021606249548,5.6110823248446025,0.41062162222307885,0.7325,0.3319112627986348,16,0.731875
near_capacity_correlated,33,fixed_500ms,1,0.6370625984581402,3.824717834554704,4.895418824903842,0.4093161975040453,0.56,0.3515625,18,0.559375
near_capacity_correlated,33,queue_capped_250ms,1,0.6119182193574559,4.435007073404279,6.216328081183825,0.4080881743518848,0.21625,0.31213872832369943,9,0.21625
near_capacity_correlated,34,no_hedge,0.99375,0.5683864001037051,4.182991315087548,6.6391653559451385,0.40759215848372127,0,0,7,0
near_capacity_correlated,34,fixed_250ms,1,1.3381355744102166,4.094016639539554,5.3629096415295905,0.4090409492252888,0.86,0.3859011627906977,20,0.85875
near_capacity_correlated,34,fixed_500ms,1,1.5928550059052355,4.100516755465655,5.436603876114525,0.4114031313044568,0.738125,0.3454699407281964,20,0.7375
near_capacity_correlated,34,queue_capped_250ms,0.99875,0.6043330064547234,4.646796384071692,6.198485322065643,0.4015148366060227,0.236875,0.3324538258575198,9,0.235625
near_capacity_correlated,35,no_hedge,0.9825,0.8157823535516329,5.58639600179994,8,0.4304199762454205,0,0,12,0
near_capacity_correlated,35,fixed_250ms,0.99875,0.37398614132696073,4.310931048592678,5.916210822969731,0.372067819174121,0.645625,0.3591481122942885,22,0.645625
near_capacity_correlated,35,fixed_500ms,0.99625,0.44185988768572315,5.5148950794975775,6.982423457947917,0.38360189151296725,0.463125,0.4183535762483131,29,0.463125
near_capacity_correlated,35,queue_capped_250ms,0.979375,0.3785233249014035,6.22652329209447,8,0.3779252141077305,0.295,0.3961864406779661,15,0.295
near_capacity_correlated,36,no_hedge,1,0.29133136037328455,3.305179660738361,4.625811943402553,0.38262330570995096,0,0,6,0
near_capacity_correlated,36,fixed_250ms,1,0.41207956685024527,2.560258475439639,3.5528129709154683,0.3897925829419253,0.670625,0.32246039142590865,12,0.670625
near_capacity_correlated,36,fixed_500ms,1,0.39904698549499074,2.4583069194922444,3.7583662710651042,0.38644917579321075,0.4475,0.35614525139664804,10,0.4475
near_capacity_correlated,36,queue_capped_250ms,1,0.3305313969104091,2.814604400189811,4.353752902360583,0.38105863190610934,0.31625,0.3300395256916996,6,0.31625
near_capacity_correlated,37,no_hedge,0.996875,0.8479153567786426,5.056352179555972,6.734195098870927,0.4109779562525122,0,0,9,0
near_capacity_correlated,37,fixed_250ms,1,0.6503776479325225,2.778836449558227,4.1508323335552575,0.39057702623705187,0.779375,0.3368083400160385,13,0.779375
near_capacity_correlated,37,fixed_500ms,1,0.8020634211117112,3.636049081928306,4.558918015276177,0.3964662945856069,0.636875,0.3562315996074583,16,0.635625
near_capacity_correlated,37,queue_capped_250ms,0.994375,0.6105988511792049,4.40429271142709,6.886926988469938,0.39498045530148856,0.215625,0.3188405797101449,7,0.215625
near_capacity_correlated,38,no_hedge,0.990625,0.7597386239043402,5.019670985354686,7.532465601103688,0.4028783744027852,0,0,8,0
near_capacity_correlated,38,fixed_250ms,1,0.6391192501140068,2.4455424399601924,3.5240587697805084,0.39106285543234826,0.770625,0.33657745336577455,12,0.770625
near_capacity_correlated,38,fixed_500ms,1,1.1177897860370578,3.793625048237516,5.2398842635338525,0.396417638041128,0.666875,0.37488284910965325,18,0.666875
near_capacity_correlated,38,queue_capped_250ms,0.9875,0.717303170552114,5.9537435383016515,8,0.40334176531485816,0.18375,0.3469387755102041,10,0.18375
near_capacity_correlated,39,no_hedge,0.999375,0.3123494231599935,3.612611434513333,5.453262694488949,0.38576623208928673,0,0,5,0
near_capacity_correlated,39,fixed_250ms,1,0.36437744720035425,2.8902212882489806,4.3398247494695426,0.37146561961950786,0.628125,0.32736318407960197,13,0.6275
near_capacity_correlated,39,fixed_500ms,1,0.34177478309104004,2.774651792538691,4.276823934890658,0.36243979385832703,0.40875,0.3730886850152905,13,0.40875
near_capacity_correlated,39,queue_capped_250ms,0.99875,0.3248474830523662,2.7216074777591084,4.850221288249983,0.371624746112358,0.32125,0.3132295719844358,5,0.320625
near_capacity_correlated,40,no_hedge,0.998125,0.3410672998970625,3.5154355716149084,5.575370469611148,0.4022622339288205,0,0,6,0
near_capacity_correlated,40,fixed_250ms,1,0.494701772947991,2.357937533717056,3.5445442687776776,0.4103942645616104,0.746875,0.33807531380753136,10,0.740625
near_capacity_correlated,40,fixed_500ms,1,0.43069578831793365,2.0632905111241655,3.4057741554998398,0.3972058665714623,0.448125,0.37099023709902373,8,0.4475
near_capacity_correlated,40,queue_capped_250ms,1,0.3152769414507155,2.404144297358034,3.9754008667680054,0.39622063764849386,0.37625,0.33222591362126247,5,0.37625
near_capacity_correlated,41,no_hedge,1,0.3846859158650613,4.50666254423804,6.475253318468965,0.41256022224736244,0,0,9,0
near_capacity_correlated,41,fixed_250ms,1,0.35730938135914947,2.597707066895758,4.347559595537788,0.3965522176033979,0.65,0.30673076923076925,14,0.648125
near_capacity_correlated,41,fixed_500ms,1,0.3587718848622592,2.8878044474442106,3.9098496621328565,0.39345419085580835,0.395,0.39082278481012656,15,0.395
near_capacity_correlated,41,queue_capped_250ms,0.995,0.3180675759583176,2.8554863599592792,5.81304884846876,0.3939927271802251,0.390625,0.3392,8,0.390625
near_capacity_correlated,42,no_hedge,0.99125,0.4727942702095369,4.232502382780915,6.965993940499473,0.3986352076675795,0,0,10,0
near_capacity_correlated,42,fixed_250ms,1,1.059069554509442,3.933298650018415,5.260416092042121,0.42923369966064995,0.885625,0.36908962597035994,19,0.885
near_capacity_correlated,42,fixed_500ms,1,0.968424972835848,3.7279613978438704,4.983916397996381,0.4177132847069684,0.7175,0.313588850174216,20,0.7175
near_capacity_correlated,42,queue_capped_250ms,0.995625,0.454644877847997,4.052970041809104,6.96727855173296,0.40765707060686135,0.28625,0.3384279475982533,10,0.28625
near_capacity_correlated,43,no_hedge,0.98125,0.9504907349270226,5.6634741205502905,8,0.4243762983109262,0,0,10,0
near_capacity_correlated,43,fixed_250ms,1,1.4332001925255824,4.244340841810178,5.410201757196077,0.42413349191419414,0.861875,0.36765772298767224,18,0.860625
near_capacity_correlated,43,fixed_500ms,0.998125,2.2943248002124292,5.39078749033801,6.745750686682982,0.434667141595752,0.825625,0.34065102195306585,22,0.82375
near_capacity_correlated,43,queue_capped_250ms,0.985625,0.8719132556750608,6.085045090312363,8,0.4219723125089716,0.16875,0.2962962962962963,10,0.16875
near_capacity_correlated,44,no_hedge,0.999375,0.33420917596139077,3.4810894466651163,5.251324629310801,0.40272050749660365,0,0,6,0
near_capacity_correlated,44,fixed_250ms,1,0.3420274177840881,2.0673554927386952,3.0610936712998393,0.3903125072710899,0.625625,0.3386613386613387,9,0.625625
near_capacity_correlated,44,fixed_500ms,1,0.5747510261526401,2.770470405064003,3.9220082707073516,0.40150804308814664,0.53125,0.36,12,0.528125
near_capacity_correlated,44,queue_capped_250ms,0.999375,0.31479106103893173,2.5961276028205345,3.5802361419700626,0.39147610663136306,0.36875,0.35084745762711866,5,0.36875
near_capacity_correlated,45,no_hedge,0.98875,0.668597106124281,5.922159003577036,8,0.4471368823374723,0,0,10,0
near_capacity_correlated,45,fixed_250ms,0.98,0.7919812092083021,5.516737382951533,8,0.4550731767469515,0.784375,0.3752988047808765,24,0.780625
near_capacity_correlated,45,fixed_500ms,1,0.7944604233183128,4.788215085727771,5.939841578307764,0.44098107458902824,0.60375,0.40372670807453415,18,0.60375
near_capacity_correlated,45,queue_capped_250ms,0.983125,0.5302127735639237,5.938828857623719,8,0.4494045611498711,0.29875,0.3493723849372385,11,0.29875
near_capacity_correlated,46,no_hedge,1,0.3152161988731308,3.021519987033493,5.114889699859837,0.39496281382561416,0,0,5,0
near_capacity_correlated,46,fixed_250ms,1,0.4487450872506571,2.2336772225425463,3.0883385706409854,0.3981589669285597,0.705,0.34397163120567376,10,0.705
near_capacity_correlated,46,fixed_500ms,1,0.4436615619679145,2.1675792033289127,3.0883385706409854,0.38964522929043766,0.463125,0.358974358974359,10,0.463125
near_capacity_correlated,46,queue_capped_250ms,0.99875,0.3752049215816413,2.789571691604852,4.403327054177311,0.39752513319065,0.328125,0.38095238095238093,5,0.324375
near_capacity_correlated,47,no_hedge,0.995,0.3396806856018557,3.858964368316059,7.105680529747044,0.4155861285930918,0,0,7,0
near_capacity_correlated,47,fixed_250ms,1,0.6984948971833091,3.658529974039155,4.890363872309457,0.4192151462279996,0.730625,0.3686911890504705,17,0.728125
near_capacity_correlated,47,fixed_500ms,1,0.6743719773082404,3.4450023831156926,4.394966018696351,0.4084142396186224,0.54375,0.3988505747126437,15,0.543125
near_capacity_correlated,47,queue_capped_250ms,0.995625,0.46442702828102955,3.9672960681120024,6.381483128691528,0.41984961574277185,0.256875,0.36496350364963503,8,0.254375
near_capacity_correlated,48,no_hedge,0.995625,0.5800593680309944,4.455194421107926,6.433104571332773,0.4213482594627229,0,0,8,0
near_capacity_correlated,48,fixed_250ms,1,0.44618064322394346,2.3551760424739996,3.4053632516628127,0.41517481221433217,0.7175,0.34581881533101044,11,0.7175
near_capacity_correlated,48,fixed_500ms,1,0.47916676671565384,2.5937601616952897,3.5219260510419517,0.4058357178063233,0.48375,0.39664082687338503,14,0.483125
near_capacity_correlated,48,queue_capped_250ms,0.996875,0.6034146517968155,4.218613861108171,6.188960045599217,0.43538727587117904,0.253125,0.38271604938271603,9,0.251875
near_capacity_correlated,49,no_hedge,0.99875,0.3921314948483463,3.7852631088402404,6.552369085090323,0.39173290443547387,0,0,6,0
near_capacity_correlated,49,fixed_250ms,1,0.5181090207525898,3.2923060070423062,4.151920054941499,0.39116001862375205,0.695625,0.353099730458221,16,0.68875
near_capacity_correlated,49,fixed_500ms,1,0.43959510537617064,2.698548824869121,3.982435474766575,0.3832583463799271,0.484375,0.3896774193548387,14,0.4825
near_capacity_correlated,49,queue_capped_250ms,0.998125,0.4226390796800974,3.9740179600057495,6.129498848205987,0.3804721618632628,0.225625,0.32132963988919666,9,0.225625
near_capacity_correlated,50,no_hedge,0.991875,0.4939129935820503,4.2442550972820925,7.489622999059534,0.3894331396826655,0,0,7,0
near_capacity_correlated,50,fixed_250ms,0.99875,0.6481959108321291,4.587140107828983,5.971769020193804,0.38885309939730944,0.738125,0.3607112616426757,20,0.738125
near_capacity_correlated,50,fixed_500ms,0.99875,0.49676768673552374,4.602985729623576,5.724017379231583,0.38135476577125565,0.495625,0.36317780580075665,21,0.495625
near_capacity_correlated,50,queue_capped_250ms,0.9925,0.3688881669062454,4.466011678522875,7.6333843161824255,0.37918041264051683,0.301875,0.33540372670807456,9,0.30125
near_capacity_correlated,51,no_hedge,0.99375,0.6706319016629863,5.301457215368799,7.36754907077885,0.41316080974593417,0,0,8,0
near_capacity_correlated,51,fixed_250ms,1,0.5541605583157079,2.4626201319265633,3.8548799398249542,0.39971933301523777,0.764375,0.3491414554374489,11,0.764375
near_capacity_correlated,51,fixed_500ms,1,0.7502852664817574,2.768747750421891,3.7037106273109828,0.4005856180388649,0.628125,0.33034825870646767,12,0.62625
near_capacity_correlated,51,queue_capped_250ms,0.99125,0.4345911414683492,4.3667770201540606,7.217792745207433,0.39755681546065225,0.249375,0.3132832080200501,8,0.249375
near_capacity_correlated,52,no_hedge,0.933125,3.454555073785748,8,8,0.4291190285521706,0,0,17,0
near_capacity_correlated,52,fixed_250ms,1,0.9528585355268291,3.8665095795504136,5.184864156071306,0.4011379122835904,0.85125,0.37151248164464024,19,0.85125
near_capacity_correlated,52,fixed_500ms,0.99875,2.633508787273577,5.745510857369229,6.687993954428105,0.41303404650551656,0.940625,0.33687707641196013,29,0.940625
near_capacity_correlated,52,queue_capped_250ms,0.939375,2.9917030531454145,8,8,0.4282783800659622,0.0075,0.4166666666666667,16,0.0075
near_capacity_correlated,53,no_hedge,0.9975,0.3657872371729809,3.783286768483812,6.149382733022007,0.3922148687954018,0,0,7,0
near_capacity_correlated,53,fixed_250ms,1,0.5339415488996675,2.948121080315346,3.90360199249654,0.38197713000725025,0.728125,0.33905579399141633,14,0.728125
near_capacity_correlated,53,fixed_500ms,1,0.6392295911276058,3.478218911834716,4.405555772451343,0.385732191965491,0.566875,0.3528114663726571,17,0.566875
near_capacity_correlated,53,queue_capped_250ms,0.99625,0.49270476143546205,4.092203157221888,5.984705533128995,0.3954635826738457,0.23125,0.32972972972972975,8,0.23125
near_capacity_correlated,54,no_hedge,0.969375,0.6485450680210647,6.651095255098319,8,0.4052424697952515,0,0,13,0
near_capacity_correlated,54,fixed_250ms,1,1.0282805135878164,3.1078855106314087,3.917508889604001,0.41240464484243633,0.828125,0.3622641509433962,13,0.826875
near_capacity_correlated,54,fixed_500ms,1,0.8543117196973924,3.0050602455714213,4.1026126715854545,0.40339006449399123,0.65875,0.3187855787476281,14,0.658125
near_capacity_correlated,54,queue_capped_250ms,0.98125,0.5909825819241377,5.569116716019998,8,0.40632688978783493,0.2325,0.32526881720430106,12,0.231875
near_capacity_correlated,55,no_hedge,0.99375,1.365252464204957,5.832126581552565,7.223710778875173,0.41405039470705746,0,0,11,0
near_capacity_correlated,55,fixed_250ms,1,0.8593516983815235,3.088507146113315,4.348731032785395,0.40460152806945693,0.816875,0.3726090283091048,16,0.806875
near_capacity_correlated,55,fixed_500ms,0.998125,1.8648823271713226,4.950390080783734,6.45539311196648,0.41932002488898673,0.769375,0.3363119415109667,23,0.769375
near_capacity_correlated,55,queue_capped_250ms,0.99,1.3789481848287863,6.027075833403263,7.913014443505048,0.4150412273011221,0.094375,0.36423841059602646,10,0.094375
near_capacity_correlated,56,no_hedge,0.9875,0.9536892414601397,5.529054999467135,8,0.40772524471112376,0,0,9,0
near_capacity_correlated,56,fixed_250ms,1,1.3734611451778207,3.356872100831346,4.527571020300144,0.3967696346404942,0.8475,0.3812684365781711,16,0.840625
near_capacity_correlated,56,fixed_500ms,1,1.3766486167955705,3.6696582476386936,4.768706571988407,0.40245633635089884,0.745625,0.34534786253143335,16,0.745
near_capacity_correlated,56,queue_capped_250ms,0.993125,1.121905128929832,5.467046672822185,7.765483101409394,0.41872737283614947,0.125,0.38,9,0.125
near_capacity_correlated,57,no_hedge,0.9975,0.3214979904293864,3.3866613824803835,5.046614967880558,0.3841183088075595,0,0,7,0
near_capacity_correlated,57,fixed_250ms,1,0.43307838504114216,2.2526744115912436,3.91142549441507,0.3937062601070982,0.686875,0.33848953594176523,10,0.686875
near_capacity_correlated,57,fixed_500ms,1,0.6877814878262569,3.106159042484091,4.6858769816095,0.3996458633444938,0.558125,0.3314669652855543,15,0.5575
near_capacity_correlated,57,queue_capped_250ms,1,0.3861949784485894,3.377371760504296,4.798541077345419,0.38802913447693216,0.26875,0.3627906976744186,7,0.26875
near_capacity_correlated,58,no_hedge,0.993125,0.8691236916713763,4.964666534323811,6.653891270824644,0.41722696734030484,0,0,8,0
near_capacity_correlated,58,fixed_250ms,1,0.860159639354201,3.055817943119841,4.455979234271382,0.3949518238925854,0.794375,0.3768686073957514,14,0.794375
near_capacity_correlated,58,fixed_500ms,1,0.837076045323002,2.994584273247497,4.192607677598424,0.39954851644108486,0.6475,0.3561776061776062,13,0.645
near_capacity_correlated,58,queue_capped_250ms,0.996875,0.5125114925032221,4.4837450151887595,6.4567590014879315,0.39421007634461913,0.209375,0.36716417910447763,8,0.209375
near_capacity_correlated,59,no_hedge,0.996875,0.3001578354732857,3.4397541998941676,5.681855462738028,0.3763941811370434,0,0,7,0
near_capacity_correlated,59,fixed_250ms,1,0.3710109619991613,2.3202563869901383,3.285313550999149,0.3800899444204635,0.62875,0.3489065606361829,11,0.626875
near_capacity_correlated,59,fixed_500ms,1,0.3634334340333236,2.6625926693828603,3.3982880276549707,0.3749510495409832,0.4325,0.37572254335260113,13,0.43125
near_capacity_correlated,59,queue_capped_250ms,0.9975,0.3972309183224525,4.005958248925381,6.515050996997928,0.38478901243672065,0.24625,0.3426395939086294,8,0.244375
near_capacity_correlated,60,no_hedge,0.9775,1.4305308944006683,6.804564187542056,8,0.4271223123309442,0,0,13,0
near_capacity_correlated,60,fixed_250ms,0.974375,3.008923050627324,7.212866791064613,8,0.43792759555058347,0.8775,0.4024216524216524,35,0.8775
near_capacity_correlated,60,fixed_500ms,0.99,2.3224881184675965,6.094425369440955,7.989217333096846,0.43261943277502957,0.815,0.35199386503067487,28,0.810625
near_capacity_correlated,60,queue_capped_250ms,0.971875,1.6070235592659685,6.814607357267306,8,0.4225657022167125,0.15,0.3541666666666667,13,0.15
near_capacity_correlated,61,no_hedge,0.999375,0.31777062582971993,3.206451140333513,4.91331282420947,0.3889724497227573,0,0,6,0
near_capacity_correlated,61,fixed_250ms,1,0.43239291734509067,2.139695660607842,3.3125054927366477,0.39489986232894303,0.689375,0.34270172257479603,9,0.689375
near_capacity_correlated,61,fixed_500ms,1,0.42079985524803476,2.2890311718404774,3.386376543697498,0.39229554141924416,0.4525,0.3825966850828729,10,0.4525
near_capacity_correlated,61,queue_capped_250ms,0.998125,0.34774756483957603,2.7115941947409112,4.118065226725847,0.3876844305723868,0.326875,0.3479923518164436,6,0.32625
near_capacity_correlated,62,no_hedge,0.99375,0.9157914154615145,5.262130392193619,7.4802847269032355,0.43179562605027366,0,0,9,0
near_capacity_correlated,62,fixed_250ms,0.99875,2.186857171143618,4.937857332233499,6.89534522108735,0.4383103794665874,0.905,0.4095303867403315,21,0.903125
near_capacity_correlated,62,fixed_500ms,1,1.909640905515083,4.678803266682891,6.276395245329532,0.44134113458999424,0.8675,0.3314121037463977,20,0.86625
near_capacity_correlated,62,queue_capped_250ms,0.99875,0.7111171944456416,4.913138794756787,7.047694762644326,0.4212687075182627,0.189375,0.35973597359735976,7,0.189375
near_capacity_correlated,63,no_hedge,1,0.3058632102150938,3.575059353057096,5.279788099010389,0.3853096760074577,0,0,6,0
near_capacity_correlated,63,fixed_250ms,1,0.39987571981620107,2.398057622234081,3.9837947334875636,0.3833381913492038,0.659375,0.35545023696682465,11,0.65625
near_capacity_correlated,63,fixed_500ms,1,0.3154954566360715,2.337971926382405,3.5102616159088598,0.3736483659789005,0.39,0.38461538461538464,11,0.389375
near_capacity_correlated,63,queue_capped_250ms,1,0.3622668070042643,3.506374310327722,5.516477436453378,0.39375177759770025,0.30375,0.32098765432098764,7,0.303125
near_capacity_correlated,64,no_hedge,0.993125,0.762003113835803,4.575709133590166,7.009087573007307,0.42339473243089387,0,0,8,0
near_capacity_correlated,64,fixed_250ms,1,1.5852415468992973,4.236652179596739,5.524805077556927,0.43033216787260004,0.930625,0.3700470114170584,21,0.929375
near_capacity_correlated,64,fixed_500ms,1,1.365953139575577,3.6265449101960883,5.014404702776574,0.4295965843029753,0.770625,0.3422546634225466,14,0.77
near_capacity_correlated,64,queue_capped_250ms,0.98875,0.920708136916204,5.6333220109280475,8,0.432146734716666,0.13375,0.3364485981308411,10,0.13375
near_capacity_correlated,65,no_hedge,0.996875,1.213548541195955,5.075394519332072,7.330688969778038,0.3968760695206028,0,0,10,0
near_capacity_correlated,65,fixed_250ms,1,1.5711735779166887,3.924320944911557,5.041490326266384,0.41142058590145686,0.91875,0.3523809523809524,17,0.918125
near_capacity_correlated,65,fixed_500ms,0.99,3.251512339325508,6.115048006690657,7.825768544179276,0.4219220927194955,0.918125,0.3587474472430225,26,0.9175
near_capacity_correlated,65,queue_capped_250ms,0.988125,0.7043123554239807,4.731908886886849,8,0.3971845277900353,0.165625,0.3018867924528302,10,0.165
near_capacity_correlated,66,no_hedge,0.980625,1.4491629522418243,6.463675631843984,8,0.4417432790866608,0,0,10,0
near_capacity_correlated,66,fixed_250ms,0.99875,1.9538344099780325,4.955659125884239,6.1288129567222995,0.41741084828174047,0.85,0.39338235294117646,21,0.849375
near_capacity_correlated,66,fixed_500ms,0.998125,1.9065769705168023,4.978799470411353,6.572777642261265,0.4235264402361361,0.798125,0.3547376664056382,22,0.798125
near_capacity_correlated,66,queue_capped_250ms,0.97875,1.5348231967329582,6.695560052514503,8,0.4430048608049047,0.048125,0.4155844155844156,9,0.048125
near_capacity_correlated,67,no_hedge,0.986875,1.4604080692558625,6.20161844072031,8,0.4399078559580608,0,0,9,0
near_capacity_correlated,67,fixed_250ms,1,1.3726029123998202,4.013902976491423,5.219520782764668,0.42985933108108154,0.901875,0.3957033957033957,18,0.90125
near_capacity_correlated,67,fixed_500ms,1,1.843633564099008,4.565446536783739,5.960906426697761,0.43733018428647613,0.851875,0.34262655906089506,21,0.850625
near_capacity_correlated,67,queue_capped_250ms,0.98875,1.044584550489951,5.503699703664651,8,0.43667864945402285,0.158125,0.3241106719367589,10,0.158125
near_capacity_correlated,68,no_hedge,1,0.41426102922885377,3.711417188335595,5.702790450193646,0.39089176013023447,0,0,7,0
near_capacity_correlated,68,fixed_250ms,1,1.092986149067901,3.5797630683585826,4.547870011084338,0.40523853921220443,0.86125,0.35776487663280115,18,0.860625
near_capacity_correlated,68,fixed_500ms,1,1.5708213971305778,4.142554285629785,5.074587521219044,0.4098198950187726,0.7875,0.3380952380952381,18,0.7875
near_capacity_correlated,68,queue_capped_250ms,0.993125,0.5022358928187955,3.543218485095114,6.572441754803144,0.3986911723431237,0.24125,0.32124352331606215,8,0.240625
near_capacity_correlated,69,no_hedge,0.994375,0.6106659956123792,4.850633986617922,7.652951151475776,0.4046555739443482,0,0,11,0
near_capacity_correlated,69,fixed_250ms,1,1.2329034902264624,4.343087123948536,5.084993032738424,0.39827979732904156,0.8175,0.36926605504587157,23,0.8175
near_capacity_correlated,69,fixed_500ms,1,2.0818242693574547,4.7142744278751145,6.005734127775213,0.4109441027794441,0.781875,0.3445243804956035,21,0.780625
near_capacity_correlated,69,queue_capped_250ms,0.993125,0.4597833424848137,3.9934144640114937,6.023105679366651,0.3975592211656961,0.245625,0.3842239185750636,11,0.245625
near_capacity_correlated,70,no_hedge,0.999375,0.3750298524318474,4.113554147131978,6.380355452725432,0.391837591719523,0,0,7,0
near_capacity_correlated,70,fixed_250ms,1,0.9284380466699105,5.003167808807447,6.585946658574223,0.3995204220983271,0.743125,0.36921783010933557,22,0.743125
near_capacity_correlated,70,fixed_500ms,0.995,1.7793253545390044,6.142911012891062,7.465863531594088,0.4135606255707116,0.69875,0.34615384615384615,27,0.698125
near_capacity_correlated,70,queue_capped_250ms,0.993125,0.4067437539988248,4.17277501201211,6.603776055445053,0.37830610403280934,0.23125,0.34864864864864864,10,0.23125
near_capacity_correlated,71,no_hedge,0.999375,0.29374906431697534,3.071516486957499,5.073171476033696,0.3893628803835895,0,0,5,0
near_capacity_correlated,71,fixed_250ms,1,0.33784926566779205,1.7118537574197639,2.79856635816229,0.3818501413890319,0.62875,0.33300198807157055,7,0.62875
near_capacity_correlated,71,fixed_500ms,1,0.303233006281566,1.6131649668323504,2.750229499503959,0.37346035368078795,0.34,0.41911764705882354,8,0.339375
near_capacity_correlated,71,queue_capped_250ms,1,0.29933882082536556,1.93185375741972,3.35366683841729,0.3773116156755978,0.38625,0.34951456310679613,5,0.38625
near_capacity_correlated,72,no_hedge,0.99625,0.5556556869440463,4.6785405748722155,6.807363132486401,0.41328825680137654,0,0,9,0
near_capacity_correlated,72,fixed_250ms,0.998125,0.658029063748522,4.577473472271649,5.852224823099434,0.42446116196097045,0.796875,0.3592156862745098,25,0.79625
near_capacity_correlated,72,fixed_500ms,1,0.634489655085261,2.5841274613593583,3.7500504388678166,0.40374912021154485,0.55625,0.3853932584269663,13,0.55625
near_capacity_correlated,72,queue_capped_250ms,0.993125,0.5397573742982189,4.070149649089869,7.4966563049961685,0.41744704015804507,0.231875,0.3288409703504043,7,0.231875
near_capacity_correlated,73,no_hedge,0.99875,0.8721913201902822,4.7923578839673695,6.411411890301011,0.39721467428752816,0,0,8,0
near_capacity_correlated,73,fixed_250ms,1,2.4522503469428756,4.758408997853337,5.899236779174352,0.41670149806224344,0.98,0.3985969387755102,26,0.979375
near_capacity_correlated,73,fixed_500ms,1,2.4517970408196845,5.3292059788080195,6.252853874933624,0.4086828458527152,0.91875,0.3217687074829932,26,0.91875
near_capacity_correlated,73,queue_capped_250ms,0.994375,0.9697857283230222,4.948647408244142,7.187106706567917,0.40103215522066116,0.126875,0.32019704433497537,9,0.125625
near_capacity_correlated,74,no_hedge,0.995625,0.48130853347772984,3.8203687281933156,5.800479059151186,0.40815673922432566,0,0,5,0
near_capacity_correlated,74,fixed_250ms,1,1.4500618076582725,3.884479934622405,5.395649730296029,0.4113060337061002,0.829375,0.36623963828183875,17,0.829375
near_capacity_correlated,74,fixed_500ms,1,1.2064553904037965,3.5823527149594554,4.975649730295963,0.40851658110607575,0.696875,0.33901345291479823,19,0.696875
near_capacity_correlated,74,queue_capped_250ms,0.998125,0.6465317474846373,4.56424628559509,6.025354993314821,0.4087059954532347,0.17875,0.3146853146853147,7,0.17875
near_capacity_correlated,75,no_hedge,0.999375,0.5840399169343726,4.673604211071293,6.305422708441725,0.4071308026868871,0,0,10,0
near_capacity_correlated,75,fixed_250ms,0.99875,0.9864119049053031,4.565302570029559,5.665535348265692,0.4082718273504722,0.76,0.36101973684210525,22,0.750625
near_capacity_correlated,75,fixed_500ms,1,1.1482235782997847,3.934565641177329,5.084027569687038,0.41070495928959666,0.656875,0.3358705994291151,20,0.6525
near_capacity_correlated,75,queue_capped_250ms,0.9925,0.799370739793595,4.888792962638085,7.477365026670789,0.41352030271873425,0.191875,0.36807817589576547,9,0.191875
near_capacity_correlated,76,no_hedge,0.991875,0.8377835103759423,4.950645787688856,7.691241442008085,0.43519504326987124,0,0,8,0
near_capacity_correlated,76,fixed_250ms,1,0.5318118744442089,2.711816395085819,3.503247144325158,0.3860618021127842,0.733125,0.3137254901960784,12,0.7325
near_capacity_correlated,76,fixed_500ms,1,0.9862276903984579,4.103727473662012,5.833678606648846,0.4022112333415992,0.68375,0.3510054844606947,22,0.6825
near_capacity_correlated,76,queue_capped_250ms,0.989375,0.6385146323330773,4.843034907371276,8,0.4083931437592916,0.213125,0.40762463343108507,10,0.213125
near_capacity_correlated,77,no_hedge,0.874375,4.534744803782814,8,8,0.4567387583797554,0,0,17,0
near_capacity_correlated,77,fixed_250ms,0.999375,2.8124858634486003,5.1616000260889905,6.051498078212944,0.4478678297007746,0.97875,0.4272030651340996,26,0.975
near_capacity_correlated,77,fixed_500ms,1,1.9290799813725217,4.208073652856093,5.303655887330663,0.4342066647438391,0.94,0.36436170212765956,17,0.939375
near_capacity_correlated,77,queue_capped_250ms,0.918125,4.319349085111305,8,8,0.45410420587591455,0.0275,0.4318181818181818,15,0.0275
near_capacity_correlated,78,no_hedge,0.999375,0.46542093000752516,4.214538488324422,6.094382091070898,0.4135007330719269,0,0,8,0
near_capacity_correlated,78,fixed_250ms,1,0.43261342890789933,2.326283418179063,3.527490041131365,0.3959992100801081,0.705,0.35726950354609927,11,0.705
near_capacity_correlated,78,fixed_500ms,1,0.4855546957292063,2.308399232373766,3.493921402608926,0.3992073356157732,0.49,0.38392857142857145,9,0.49
near_capacity_correlated,78,queue_capped_250ms,0.99875,0.3730398160602135,2.7650263258115046,4.346847608270556,0.40185841019811647,0.364375,0.34305317324185247,5,0.364375
near_capacity_correlated,79,no_hedge,0.9875,0.9776178127455779,5.886616436863477,8,0.4433946559042421,0,0,9,0
near_capacity_correlated,79,fixed_250ms,0.999375,0.5993270284401291,5.64587043321616,6.534835155413248,0.4390399420080326,0.76375,0.3739770867430442,26,0.7625
near_capacity_correlated,79,fixed_500ms,0.990625,0.7155261794343275,5.7900172851727945,7.889612251541536,0.44243671222931547,0.564375,0.3610188261351052,27,0.561875
near_capacity_correlated,79,queue_capped_250ms,0.99375,0.676553912154219,5.314080638541071,7.419714337113561,0.435950068555979,0.2325,0.3467741935483871,8,0.2325
near_capacity_correlated,80,no_hedge,0.999375,0.4218873056686867,3.5459703676433065,5.3477834284654975,0.4084390781819354,0,0,6,0
near_capacity_correlated,80,fixed_250ms,1,0.7130276118645931,3.270854437040807,4.159920169000948,0.4062800338697325,0.781875,0.3565147881694644,19,0.781875
near_capacity_correlated,80,fixed_500ms,1,0.5651466156554363,2.6864552032670304,3.7498929945122796,0.400401722008209,0.521875,0.36167664670658684,13,0.52125
near_capacity_correlated,80,queue_capped_250ms,1,0.4846882668414594,3.654555742614079,5.287783428465509,0.41318782491398764,0.271875,0.367816091954023,7,0.271875
near_capacity_correlated,81,no_hedge,0.9975,0.5639308589196332,4.166438363808595,6.7848417620400525,0.3991955231044105,0,0,6,0
near_capacity_correlated,81,fixed_250ms,1,1.614355659399834,3.9635412342263976,5.150925177351603,0.4107063522391551,0.86875,0.37194244604316545,18,0.86875
near_capacity_correlated,81,fixed_500ms,1,1.2925118114629655,3.330753298585776,4.580576989118633,0.40821504113098145,0.738125,0.34631668077900085,14,0.736875
near_capacity_correlated,81,queue_capped_250ms,0.995,0.746797511199544,5.076832153974401,7.221465747754024,0.4131844109884665,0.185625,0.32323232323232326,9,0.184375
near_capacity_correlated,82,no_hedge,0.9975,0.696889381398119,4.466422365303501,6.239452427234042,0.3945294395580752,0,0,9,0
near_capacity_correlated,82,fixed_250ms,1,0.3804751805408486,2.7198922782739885,3.828196474705294,0.37422458353999616,0.641875,0.3505355404089581,12,0.64125
near_capacity_correlated,82,fixed_500ms,0.999375,0.42354099701575976,3.6878566308253227,5.093027965069936,0.3790832168292572,0.468125,0.37917222963951935,16,0.466875
near_capacity_correlated,82,queue_capped_250ms,0.995,0.45168795240871784,5.11637388596742,7.358758434644699,0.3916228075542185,0.24625,0.33756345177664976,9,0.24625
near_capacity_correlated,83,no_hedge,0.999375,0.3490291829111243,3.435099233662065,5.867544889143552,0.4064665697707886,0,0,5,0
near_capacity_correlated,83,fixed_250ms,1,0.7125791830530375,3.288960914997272,4.834193833593254,0.4209912288415289,0.804375,0.35586635586635584,13,0.80375
near_capacity_correlated,83,fixed_500ms,1,0.3921115252058627,2.238225894559143,3.531020006366969,0.39907879553053627,0.42625,0.3782991202346041,10,0.424375
near_capacity_correlated,83,queue_capped_250ms,1,0.3441760463195722,2.425207549848338,4.215485373081762,0.39774830474299144,0.383125,0.33278955954323003,5,0.3825
near_capacity_correlated,84,no_hedge,0.990625,1.2790453674358346,5.323731419666352,7.718216724703176,0.4099651214545799,0,0,11,0
near_capacity_correlated,84,fixed_250ms,1,1.3311697600585433,3.2573163697735126,4.435692870950213,0.41018558631195406,0.905,0.3701657458563536,18,0.903125
near_capacity_correlated,84,fixed_500ms,1,0.9260684889106727,3.326079044276387,4.239323179988787,0.3910586880922879,0.650625,0.36023054755043227,17,0.650625
near_capacity_correlated,84,queue_capped_250ms,0.9975,1.1457094243940062,5.392272822866087,7.129120802711633,0.4169623705644252,0.099375,0.3710691823899371,10,0.099375
near_capacity_correlated,85,no_hedge,0.98,1.09778003351866,6.414311104105661,8,0.42087057380349824,0,0,10,0
near_capacity_correlated,85,fixed_250ms,0.99875,1.6921761549899088,4.766302618084005,6.068406543793827,0.4285233759021036,0.87375,0.3776824034334764,22,0.87375
near_capacity_correlated,85,fixed_500ms,0.99875,1.338726781902011,3.4783541839489445,4.926824401009917,0.4078598964664762,0.75875,0.34925864909390447,16,0.75875
near_capacity_correlated,85,queue_capped_250ms,0.9875,1.0810958643646416,5.570434970293462,8,0.42339344470466933,0.130625,0.3588516746411483,10,0.130625
near_capacity_correlated,86,no_hedge,0.985625,1.3282122330323922,5.769158709113206,8,0.42640273100091713,0,0,10,0
near_capacity_correlated,86,fixed_250ms,0.99625,1.457518893947487,5.629825348420582,7.322380729325644,0.4202771051757641,0.816875,0.4139250191277735,28,0.816875
near_capacity_correlated,86,fixed_500ms,0.99625,1.809881067478905,6.281372603155646,7.371765930915075,0.4262213894659002,0.744375,0.35516372795969775,29,0.74375
near_capacity_correlated,86,queue_capped_250ms,0.984375,0.8676512866204007,5.539163311109107,8,0.41388389886209426,0.16125,0.34108527131782945,12,0.16125
near_capacity_correlated,87,no_hedge,0.999375,0.4008903182401298,3.411713681250255,5.033033429983606,0.410066549107042,0,0,5,0
near_capacity_correlated,87,fixed_250ms,1,1.5956588276251154,3.522262734429022,4.637753159198056,0.42000440420878626,0.93625,0.3818424566088118,19,0.93625
near_capacity_correlated,87,fixed_500ms,0.999375,1.2795692843676818,4.707060093916063,5.513784034321361,0.4065629959245884,0.69375,0.3738738738738739,25,0.69375
near_capacity_correlated,87,queue_capped_250ms,0.999375,0.4688314689951625,3.1020615973993273,5.233600317199588,0.39411691129014786,0.234375,0.38666666666666666,6,0.234375
near_capacity_correlated,88,no_hedge,0.994375,0.7175312953021908,4.618403183338927,7.145815246698373,0.39811643191031026,0,0,10,0
near_capacity_correlated,88,fixed_250ms,1,1.7723731178912487,5.37424109025735,6.369024613317642,0.40940180840627016,0.89125,0.3920056100981767,28,0.88875
near_capacity_correlated,88,fixed_500ms,1,1.1534241904824682,3.653257082051276,4.571157352018751,0.3951903126141189,0.70875,0.3236331569664903,19,0.708125
near_capacity_correlated,88,queue_capped_250ms,0.99,0.6029449809033167,4.454266000196629,7.820542585643388,0.39164179345334654,0.213125,0.3519061583577713,9,0.213125
near_capacity_correlated,89,no_hedge,1,0.23907507744473122,2.388389633352972,4.273746247074239,0.36013952171091806,0,0,4,0
near_capacity_correlated,89,fixed_250ms,1,0.26912138982107336,1.4148378399243873,2.372472121204062,0.33860101887914706,0.52625,0.30641330166270786,8,0.525625
near_capacity_correlated,89,fixed_500ms,1,0.24246607566065848,1.3338370920574363,2.407585709251393,0.3344241105379255,0.205625,0.5045592705167173,6,0.205625
near_capacity_correlated,89,queue_capped_250ms,1,0.252007241671663,1.6458226988724292,2.524563159682458,0.33220729231609114,0.375625,0.3211314475873544,5,0.375
near_capacity_correlated,90,no_hedge,0.991875,1.1222718096670192,5.6902766878447295,7.5270302129915905,0.4218047473263351,0,0,11,0
near_capacity_correlated,90,fixed_250ms,1,1.0214445466062045,3.2053884033141316,4.256630537192521,0.40784450987707394,0.843125,0.38176426982950334,15,0.841875
near_capacity_correlated,90,fixed_500ms,1,1.3262490635246067,3.823006690435207,4.962937654138372,0.4180895498277909,0.749375,0.34445371142618847,19,0.746875
near_capacity_correlated,90,queue_capped_250ms,0.985625,1.3152557248372325,6.268978535686372,8,0.42285721502451873,0.18375,0.4217687074829932,12,0.18375
near_capacity_correlated,91,no_hedge,0.96875,1.3432199218216425,7.01579053180987,8,0.4362524756361493,0,0,13,0
near_capacity_correlated,91,fixed_250ms,1,0.615579109165953,2.4863222109404433,3.194155311418349,0.4105103132561556,0.776875,0.3588093322606597,13,0.77625
near_capacity_correlated,91,fixed_500ms,1,0.44071515662079364,2.1563730724978925,3.691135622202971,0.3965102189691614,0.460625,0.4016282225237449,9,0.460625
near_capacity_correlated,91,queue_capped_250ms,0.97375,1.197429354265509,7.203979735147982,8,0.44948312911380056,0.14625,0.3247863247863248,13,0.14625
near_capacity_correlated,92,no_hedge,0.990625,0.7895183816223081,5.166099140824546,7.794037859171075,0.4132107182012615,0,0,10,0
near_capacity_correlated,92,fixed_250ms,0.995625,1.3547889090449914,4.931712096163878,6.570335170550294,0.433916278707422,0.87625,0.3716119828815977,22,0.87625
near_capacity_correlated,92,fixed_500ms,1,0.9768918367362573,4.284376134430261,5.561320287898688,0.41407376568638327,0.65,0.3576923076923077,18,0.649375
near_capacity_correlated,92,queue_capped_250ms,0.995,0.4480957568150927,3.5051637202098362,6.485503574569535,0.4085229884449062,0.264375,0.3617021276595745,7,0.26375
near_capacity_correlated,93,no_hedge,0.998125,0.5488657508069537,4.976852373434156,6.727353229833312,0.39781561066890264,0,0,10,0
near_capacity_correlated,93,fixed_250ms,0.999375,2.329150323667193,5.356833031967241,6.366917884083719,0.4271048129502305,0.86,0.3800872093023256,26,0.86
near_capacity_correlated,93,fixed_500ms,1,1.0015877370296238,3.9925269900217746,4.9535141060883845,0.3973058650749546,0.66375,0.3389830508474576,20,0.66375
near_capacity_correlated,93,queue_capped_250ms,0.9975,0.6099946544909369,4.444288005808744,6.015546883889897,0.40206784392736383,0.19875,0.3584905660377358,10,0.19875
near_capacity_correlated,94,no_hedge,0.998125,0.6595236193877412,4.079273857654869,6.125559021880257,0.4157535797811153,0,0,6,0
near_capacity_correlated,94,fixed_250ms,1,0.6187831567765301,2.6263606166274087,3.6037650228522367,0.4129565843847732,0.806875,0.3338497288923315,12,0.806875
near_capacity_correlated,94,fixed_500ms,1,0.8529422303877965,2.9512678153674816,3.9051203277405264,0.4172159609961061,0.686875,0.31028207461328483,14,0.686875
near_capacity_correlated,94,queue_capped_250ms,0.998125,1.1186749187816716,4.975141475057001,6.849108606871379,0.4334563035150207,0.10625,0.31176470588235294,8,0.10625
near_capacity_correlated,95,no_hedge,0.995625,0.4136034412603493,4.287253474045258,6.081252432289965,0.402955792380278,0,0,8,0
near_capacity_correlated,95,fixed_250ms,1,0.48839411873649397,2.535725435822222,3.650340305342553,0.4055654923026777,0.726875,0.3344797936371453,13,0.72625
near_capacity_correlated,95,fixed_500ms,1,0.6384023917149477,2.757914383350102,3.9912402621277323,0.4067869639694273,0.56375,0.35033259423503327,11,0.5625
near_capacity_correlated,95,queue_capped_250ms,0.998125,0.38348631446357473,3.1585124052280307,5.621145601433668,0.4050415077655069,0.30125,0.35892116182572614,7,0.30125
near_capacity_correlated,96,no_hedge,0.99375,0.9851276954807417,4.931189900387103,7.5925969376995255,0.41049240861279207,0,0,8,0
near_capacity_correlated,96,fixed_250ms,1,1.8234553961622737,4.085147004291983,4.90086524139463,0.40958925055219614,0.8675,0.3919308357348703,18,0.860625
near_capacity_correlated,96,fixed_500ms,0.99875,2.4243909078914783,4.842557709394669,5.631046174528599,0.418916719249316,0.80625,0.3697674418604651,20,0.798125
near_capacity_correlated,96,queue_capped_250ms,0.994375,1.1646791468177753,5.939106699012793,7.680350543059436,0.41422630598291804,0.12125,0.31443298969072164,9,0.12125
near_capacity_correlated,97,no_hedge,0.993125,0.6381425333351771,4.8294299477702936,7.422703972355485,0.4221375698717964,0,0,9,0
near_capacity_correlated,97,fixed_250ms,1,1.0907381358420096,3.7938073164601462,5.133604423508487,0.42722913676337315,0.840625,0.3828996282527881,20,0.840625
near_capacity_correlated,97,fixed_500ms,1,1.066229211632674,3.9504933378944482,5.015535406369395,0.42491854026541814,0.690625,0.3665158371040724,20,0.690625
near_capacity_correlated,97,queue_capped_250ms,0.9875,0.7727081512211953,5.164863351242307,8,0.4332161041520615,0.159375,0.3254901960784314,11,0.159375
near_capacity_correlated,98,no_hedge,0.998125,0.46328024630616227,4.072371588524646,5.820947986421167,0.4161476587677136,0,0,7,0
near_capacity_correlated,98,fixed_250ms,1,1.4186322389109804,3.6747379293596936,4.626548393857007,0.43237126684639693,0.88625,0.3815232722143865,16,0.88625
near_capacity_correlated,98,fixed_500ms,1,1.2855859458117465,4.089859839635153,5.178849816020076,0.42698042768223976,0.73875,0.33587140439932317,19,0.73375
near_capacity_correlated,98,queue_capped_250ms,0.996875,0.5048106028618671,4.003340991913944,6.027104378715563,0.42006477514001433,0.249375,0.2882205513784461,7,0.249375
near_capacity_correlated,99,no_hedge,0.9925,0.47351385669362145,4.093217357601681,7.674608443814677,0.37972585358993804,0,0,8,0
near_capacity_correlated,99,fixed_250ms,1,1.0249499726019309,2.942022987254026,4.2037420181038385,0.40388728241686167,0.81875,0.35725190839694654,14,0.815625
near_capacity_correlated,99,fixed_500ms,1,0.8013266063785363,3.0642445257342406,4.281392756220569,0.40219859716736367,0.644375,0.30455868089233756,16,0.643125
near_capacity_correlated,99,queue_capped_250ms,1,0.4235340164593371,2.9855565278029843,4.339706980475189,0.38580199444914576,0.2825,0.2942477876106195,6,0.280625
near_capacity_correlated,100,no_hedge,0.998125,0.5674636986257653,4.198064338603572,5.861530471372703,0.42027587806518335,0,0,8,0
near_capacity_correlated,100,fixed_250ms,1,0.4482976665465017,2.0901052416237462,3.2033157221029036,0.38369137810678516,0.713125,0.3488168273444347,12,0.713125
near_capacity_correlated,100,fixed_500ms,1,0.9800719069815642,3.6424221093993125,4.436157186499059,0.4008726109175989,0.64875,0.3554913294797688,19,0.648125
near_capacity_correlated,100,queue_capped_250ms,0.993125,0.9232381321502885,4.895873346835927,7.619607537687088,0.4173204121038387,0.13875,0.3333333333333333,9,0.13875
near_capacity_correlated,101,no_hedge,0.9875,1.3249470334503286,5.87517908914775,8,0.436962236254377,0,0,12,0
near_capacity_correlated,101,fixed_250ms,0.999375,1.5251366346788444,5.056397626423731,6.037327174209118,0.42638364573294996,0.85,0.38235294117647056,24,0.84875
near_capacity_correlated,101,fixed_500ms,1,1.444217683486869,3.9415502996521425,4.978383084717899,0.4256316477447733,0.71875,0.34347826086956523,17,0.716875
near_capacity_correlated,101,queue_capped_250ms,0.969375,1.9249344743970482,6.921958035120838,8,0.4449313136963071,0.078125,0.384,12,0.078125
near_capacity_correlated,102,no_hedge,0.99625,0.3823989557049501,4.186413408357041,6.333923925057746,0.4040834954083007,0,0,9,0
near_capacity_correlated,102,fixed_250ms,1,0.3384459815038152,1.866773426923828,2.92193746732093,0.3836143784976071,0.623125,0.32196589769307926,7,0.623125
near_capacity_correlated,102,fixed_500ms,1,0.3114685919625799,1.655836194242724,2.8741175022524743,0.37698298279916087,0.324375,0.4373795761078998,6,0.324375
near_capacity_correlated,102,queue_capped_250ms,1,0.33925697254552034,2.8187742280495414,4.9124326100481,0.3889613197604125,0.334375,0.33271028037383177,6,0.33375
near_capacity_correlated,103,no_hedge,0.90875,2.9209603765285124,8,8,0.43887575641279336,0,0,16,0
near_capacity_correlated,103,fixed_250ms,0.6825,5.168499306097807,8,8,0.45593784229026535,0.963125,0.399740428293316,48,0.9625
near_capacity_correlated,103,fixed_500ms,0.743125,4.852205510618873,8,8,0.4476987914883522,0.899375,0.34746351633078526,45,0.898125
near_capacity_correlated,103,queue_capped_250ms,0.9375,2.4520962968631497,8,8,0.43767157263523615,0.063125,0.37623762376237624,16,0.063125
near_capacity_correlated,104,no_hedge,0.9775,1.8638307312269191,6.6454107166931,8,0.44182379785071946,0,0,11,0
near_capacity_correlated,104,fixed_250ms,1,0.9874700524976632,3.52435604993466,4.432244744679572,0.4043379459920816,0.84,0.34672619047619047,19,0.83875
near_capacity_correlated,104,fixed_500ms,1,1.1553099945653909,3.388898559803124,4.335309724050289,0.4091637500387285,0.7325,0.35238907849829354,16,0.731875
near_capacity_correlated,104,queue_capped_250ms,0.978125,2.3997738948553007,6.978586871571068,8,0.4431707881367175,0.051875,0.3373493975903614,12,0.051875
near_capacity_correlated,105,no_hedge,0.991875,0.8032245664117639,5.349415180183229,7.772683162881222,0.3971580124836487,0,0,12,0
near_capacity_correlated,105,fixed_250ms,0.99875,3.3086172183811406,5.684055133177253,6.422197445641622,0.4175791896144526,0.92,0.40828804347826086,26,0.915
near_capacity_correlated,105,fixed_500ms,0.999375,2.5545105483285937,4.997635114602005,6.064879916532391,0.4130371057981849,0.87625,0.36875891583452214,20,0.875625
near_capacity_correlated,105,queue_capped_250ms,0.99125,0.8570610603750168,4.559495772610049,7.513331317029291,0.4032554364923198,0.158125,0.3359683794466403,10,0.1575
near_capacity_correlated,106,no_hedge,1,0.478251885076979,4.128335997251948,5.636596542941206,0.3969170898666533,0,0,10,0
near_capacity_correlated,106,fixed_250ms,1,0.38536725322970966,2.2964001237349407,3.1266838441154903,0.3871751434513676,0.66,0.35700757575757575,13,0.66
near_capacity_correlated,106,fixed_500ms,1,0.3466177320476156,1.7816939259663176,2.8097715235938114,0.37929116374465927,0.3725,0.3691275167785235,7,0.371875
near_capacity_correlated,106,queue_capped_250ms,1,0.38651351792301725,3.226633419921356,5.248165826456358,0.39488874579178185,0.32875,0.344106463878327,6,0.32875
near_capacity_correlated,107,no_hedge,0.995625,0.5116284175020951,3.805215214360217,6.87334171225406,0.3921124474110735,0,0,8,0
near_capacity_correlated,107,fixed_250ms,1,0.7912854607338744,2.6196739049058593,3.4959433315430815,0.3904639000326777,0.8,0.35,13,0.7975
near_capacity_correlated,107,fixed_500ms,1,1.2535356084114397,3.7653315660746927,4.811220787779334,0.4004222389671477,0.70625,0.3274336283185841,16,0.70375
near_capacity_correlated,107,queue_capped_250ms,0.994375,0.49164408216326905,3.7285008201928775,6.538446244860509,0.38535400672258957,0.245,0.32653061224489793,8,0.245
near_capacity_correlated,108,no_hedge,0.996875,0.5049969022854146,4.168021211641424,6.261271256946902,0.4045591899875312,0,0,8,0
near_capacity_correlated,108,fixed_250ms,1,0.6640335911240669,2.712414503599149,3.960097126603401,0.3925828509258318,0.736875,0.3706530958439355,14,0.735
near_capacity_correlated,108,fixed_500ms,1,0.6505909298556194,2.954548123390648,4.1890060248625005,0.3908792613941791,0.570625,0.37349397590361444,15,0.57
near_capacity_correlated,108,queue_capped_250ms,1,0.45572124943761594,3.883954520028155,5.73055052396386,0.39246078834693354,0.25,0.3425,8,0.249375
near_capacity_correlated,109,no_hedge,0.993125,0.40984044451857926,4.604241005542619,7.183844798685094,0.4044780443329439,0,0,9,0
near_capacity_correlated,109,fixed_250ms,1,0.30731286727277407,1.9889828183795721,3.1237963026188282,0.37872066282437417,0.586875,0.3514376996805112,9,0.586875
near_capacity_correlated,109,fixed_500ms,1,0.35097842407968116,2.402964381504173,3.8506743885867287,0.37964933142521295,0.415625,0.35639097744360904,11,0.415625
near_capacity_correlated,109,queue_capped_250ms,0.9975,0.31982224371199663,3.3100092353400985,5.148823053872171,0.3793377534320802,0.3025,0.3285123966942149,7,0.3025
near_capacity_correlated,110,no_hedge,0.999375,0.46790657053696805,4.78409084446524,6.5457438834810375,0.4245447531824357,0,0,10,0
near_capacity_correlated,110,fixed_250ms,1,0.7006494468007958,2.8230809819802403,3.8959016111691227,0.418431078204509,0.791875,0.3654301499605367,12,0.79125
near_capacity_correlated,110,fixed_500ms,1,0.6827478111192562,3.2483957507843115,4.618453193899114,0.41916514952400397,0.590625,0.39576719576719577,16,0.5875
near_capacity_correlated,110,queue_capped_250ms,0.99625,0.48712168034410297,4.573051642042245,6.888748051905793,0.4253881552885182,0.270625,0.3233256351039261,9,0.270625
near_capacity_correlated,111,no_hedge,0.974375,1.5284979888956798,7.198518487842733,8,0.41427271340409516,0,0,11,0
near_capacity_correlated,111,fixed_250ms,0.99875,3.4786238245671086,5.896046052561289,7.117025207354388,0.4160122130050277,0.879375,0.40227434257285005,26,0.87875
near_capacity_correlated,111,fixed_500ms,0.991875,3.309816608490337,6.426802374188021,7.681869479377163,0.41327905604135057,0.8075,0.38080495356037153,31,0.806875
near_capacity_correlated,111,queue_capped_250ms,0.951875,1.9728365270510864,7.852123424268157,8,0.4180021945446392,0.10125,0.345679012345679,13,0.10125
near_capacity_correlated,112,no_hedge,0.92875,1.844204268811982,8,8,0.4244212702179725,0,0,17,0
near_capacity_correlated,112,fixed_250ms,0.7375,3.845023607601533,8,8,0.4429725066717738,0.8725,0.3946991404011461,47,0.86625
near_capacity_correlated,112,fixed_500ms,0.97375,3.474239221145801,7.613172099126871,8,0.43197305765135996,0.765,0.36764705882352944,35,0.76
near_capacity_correlated,112,queue_capped_250ms,0.956875,1.8529678735701154,7.832273788230083,8,0.4279768577865466,0.1725,0.37318840579710144,15,0.1725
near_capacity_correlated,113,no_hedge,0.9975,0.426941688287684,4.231026735461828,6.714468582851964,0.39993133937036146,0,0,8,0
near_capacity_correlated,113,fixed_250ms,1,0.5071106646712984,2.3812217770038586,3.5725261705210016,0.3981676382940041,0.725,0.38189655172413794,12,0.7225
near_capacity_correlated,113,fixed_500ms,1,0.664477728820053,2.45574522260857,3.634992102319135,0.40063415576400524,0.566875,0.3472987872105843,12,0.566875
near_capacity_correlated,113,queue_capped_250ms,0.999375,0.3886876557595862,3.0023635753217626,4.7646961343328265,0.39332975831960426,0.329375,0.3738140417457306,7,0.329375
near_capacity_correlated,114,no_hedge,0.996875,0.908173849754661,4.73591132344891,6.8189367574965924,0.4218651680580394,0,0,10,0
near_capacity_correlated,114,fixed_250ms,1,0.6939871908363955,2.6060094002591185,3.6274215552241103,0.39555830075021836,0.76625,0.38580750407830344,12,0.765625
near_capacity_correlated,114,fixed_500ms,1,0.5772623664310998,2.3663902418773617,3.646578306123814,0.392754519419686,0.534375,0.38128654970760234,8,0.529375
near_capacity_correlated,114,queue_capped_250ms,0.996875,0.6000191893256215,4.094096964792598,6.052811964293348,0.4141862000234346,0.205,0.3628048780487805,8,0.205
near_capacity_correlated,115,no_hedge,0.9975,0.31887863222926427,3.0933886637534584,5.095889321717161,0.37638335511589893,0,0,6,0
near_capacity_correlated,115,fixed_250ms,1,0.4365232413354363,2.093733405152765,3.0357632571051525,0.3725857272196589,0.704375,0.3283052351375333,12,0.703125
near_capacity_correlated,115,fixed_500ms,1,0.3760915363721544,2.352907596469308,3.4904562533592554,0.368418319220725,0.39875,0.3871473354231975,11,0.3975
near_capacity_correlated,115,queue_capped_250ms,1,0.32135228543599226,2.029517595851061,3.681590831040481,0.36790190527917926,0.369375,0.3130287648054145,5,0.3675
near_capacity_correlated,116,no_hedge,0.998125,0.31307068457403986,3.265567714189544,4.725681168442827,0.37647737127312003,0,0,7,0
near_capacity_correlated,116,fixed_250ms,1,0.47118296542249993,2.0374409322970264,3.2483711840699616,0.39207393839789056,0.728125,0.3321888412017167,10,0.726875
near_capacity_correlated,116,fixed_500ms,1,0.37938148296329866,1.9545311504934197,3.116528108925607,0.37947434218262144,0.41,0.36585365853658536,8,0.40875
near_capacity_correlated,116,queue_capped_250ms,1,0.3655644116413299,2.787012924694997,4.686259837992608,0.38407719269100987,0.315,0.3472222222222222,8,0.314375
near_capacity_correlated,117,no_hedge,0.9975,0.4373758567843793,3.863400492976176,5.758366049015764,0.40423326512728613,0,0,7,0
near_capacity_correlated,117,fixed_250ms,1,0.7491467323139922,3.119002308598752,4.224243468816439,0.4040884061380576,0.760625,0.3689400164338537,16,0.758125
near_capacity_correlated,117,fixed_500ms,1,0.6625342490721664,2.710743968155567,3.956346022455106,0.40484438236959164,0.57375,0.3540305010893246,11,0.5725
near_capacity_correlated,117,queue_capped_250ms,0.998125,0.5577793872468604,4.402636804980666,6.197263337509428,0.40588789727643,0.1975,0.3449367088607595,8,0.195
near_capacity_correlated,118,no_hedge,0.994375,0.5454833156010253,4.361374082962726,7.52937548337823,0.41780062153843156,0,0,8,0
near_capacity_correlated,118,fixed_250ms,1,0.4553111614615979,2.9778032723826158,3.828060660570948,0.3961230422212546,0.725,0.3594827586206897,18,0.724375
near_capacity_correlated,118,fixed_500ms,1,0.5429981874697987,3.4309549413973883,4.462313496437979,0.40283006763141466,0.518125,0.36550060313630883,16,0.5175
near_capacity_correlated,118,queue_capped_250ms,0.993125,0.45229022057421275,4.200231427101343,7.326311378347171,0.4075991710186066,0.29625,0.3459915611814346,9,0.295625
near_capacity_correlated,119,no_hedge,0.973125,1.191699813484476,6.8957034095718654,8,0.3972883223314967,0,0,15,0
near_capacity_correlated,119,fixed_250ms,0.989375,1.9280981664458139,6.803983080859155,8,0.4126757031091255,0.801875,0.35697583787996884,31,0.80125
near_capacity_correlated,119,fixed_500ms,0.99375,2.402884892411329,6.6710107126718725,7.687627760134056,0.4067764677501821,0.686875,0.3393994540491356,31,0.686875
near_capacity_correlated,119,queue_capped_250ms,0.956875,1.3796785187671219,7.625629961918477,8,0.4081290429391285,0.161875,0.3359073359073359,15,0.161875
near_capacity_correlated,120,no_hedge,0.986875,0.7402742391763866,5.389636139253307,8,0.43208342864101085,0,0,8,0
near_capacity_correlated,120,fixed_250ms,1,1.306534468158901,3.933676495766221,5.362851732444909,0.4344702969819597,0.885,0.3848870056497175,17,0.884375
near_capacity_correlated,120,fixed_500ms,0.996875,1.2102469606376154,4.6962286269098,6.5898771938024225,0.4306612691716294,0.705625,0.3587245349867139,24,0.694375
near_capacity_correlated,120,queue_capped_250ms,0.984375,0.795752721047279,5.540870692491239,8,0.4377948382423637,0.176875,0.3674911660777385,9,0.176875
near_capacity_correlated,121,no_hedge,0.95875,1.8235141115007778,7.552296526913885,8,0.4463198246473558,0,0,12,0
near_capacity_correlated,121,fixed_250ms,0.99875,2.3714254516447824,5.773197929873177,7.087101962409825,0.4517660341299786,0.945,0.42724867724867727,24,0.945
near_capacity_correlated,121,fixed_500ms,0.999375,1.0318411009314037,3.983316246472455,5.195600022668529,0.43002498745360135,0.72,0.3619791666666667,19,0.719375
near_capacity_correlated,121,queue_capped_250ms,0.96875,1.3004030875301709,6.963369595385004,8,0.44133446022145334,0.16625,0.3383458646616541,13,0.164375
near_capacity_correlated,122,no_hedge,0.9975,0.5854476314210295,4.468710102078621,6.048612701285457,0.4159350342390744,0,0,9,0
near_capacity_correlated,122,fixed_250ms,0.995,2.038206170742413,5.8728314229217204,7.383820731371351,0.4225922322859079,0.914375,0.3950786056049214,29,0.914375
near_capacity_correlated,122,fixed_500ms,1,0.818944798148479,3.9895977952261745,5.065709888200807,0.40529745988862376,0.644375,0.3569350145489816,21,0.644375
near_capacity_correlated,122,queue_capped_250ms,0.998125,0.5478305852307059,3.906184986030503,6.040208016560399,0.41353374368782475,0.23875,0.3324607329842932,8,0.23875
near_capacity_correlated,123,no_hedge,1,0.6336697281274724,4.483739256341558,6.615566948608006,0.4228568202428606,0,0,7,0
near_capacity_correlated,123,fixed_250ms,1,1.3841137655173341,3.497526462455795,4.713060671138113,0.42244102146793866,0.84625,0.3870014771048744,15,0.84625
near_capacity_correlated,123,fixed_500ms,1,1.5668546477463465,3.9484621539950027,4.734729182154105,0.42966510350558046,0.751875,0.33915211970074816,16,0.75125
near_capacity_correlated,123,queue_capped_250ms,0.99625,0.6357048826496623,4.30947698511239,6.349606808010371,0.4188591756341966,0.195,0.391025641025641,7,0.195
near_capacity_correlated,124,no_hedge,0.986875,1.187050952216751,5.85075233008051,8,0.4116632622652417,0,0,11,0
near_capacity_correlated,124,fixed_250ms,0.969375,3.2526011708561633,7.429284848829553,8,0.43919528918718276,0.96875,0.39548387096774196,35,0.965625
near_capacity_correlated,124,fixed_500ms,0.86875,3.4126832276126535,8,8,0.4488998559927558,0.95875,0.3409387222946545,44,0.956875
near_capacity_correlated,124,queue_capped_250ms,0.98,1.3726483387517732,5.7494676320970015,8,0.41995761341713084,0.08875,0.352112676056338,11,0.08875
near_capacity_correlated,125,no_hedge,0.9825,1.1825187733270255,6.3446111678991315,8,0.42731635168546217,0,0,12,0
near_capacity_correlated,125,fixed_250ms,1,0.8443429310220836,3.5879628111466992,4.792040113659514,0.41542310105266234,0.79625,0.3924646781789639,18,0.79625
near_capacity_correlated,125,fixed_500ms,1,0.730948537145764,3.547866536559777,4.882518090713017,0.4050645764494465,0.58,0.3609913793103448,15,0.578125
near_capacity_correlated,125,queue_capped_250ms,0.991875,0.6080974510429602,5.31796281114697,7.198533397602901,0.42472395503023963,0.205,0.3353658536585366,11,0.205
near_capacity_correlated,126,no_hedge,0.996875,0.6843863029454482,4.335951017347625,7.273991867356401,0.43469228076755956,0,0,8,0
near_capacity_correlated,126,fixed_250ms,1,0.49373762690296275,2.8038837726130907,3.7976282163133277,0.4094762839877121,0.73375,0.348381601362862,14,0.73375
near_capacity_correlated,126,fixed_500ms,1,0.6002967378889537,2.6299047860176117,3.6311358259726063,0.41305679784769395,0.533125,0.37631887456037516,11,0.5325
near_capacity_correlated,126,queue_capped_250ms,0.995,0.5474192913449087,4.528072145941451,6.471405080181228,0.43101872967525295,0.253125,0.3654320987654321,9,0.2525
near_capacity_correlated,127,no_hedge,0.975,1.423047079902588,6.533823152151328,8,0.4384318045974751,0,0,12,0
near_capacity_correlated,127,fixed_250ms,1,1.2350522586232344,4.570730511453636,5.566799424639228,0.405301688247306,0.79,0.3947784810126582,22,0.789375
near_capacity_correlated,127,fixed_500ms,1,1.0435306756541536,4.732155470261041,5.6963587348210325,0.406464675072687,0.643125,0.3469387755102041,22,0.643125
near_capacity_correlated,127,queue_capped_250ms,0.96625,2.0555888360775043,7.089744042509793,8,0.4346806631301524,0.1,0.28125,14,0.1
near_capacity_correlated,128,no_hedge,0.996875,0.6789761841381079,5.001675906327947,6.371964908841207,0.4050586206894837,0,0,9,0
near_capacity_correlated,128,fixed_250ms,1,0.7764698953431122,3.3652932007695284,4.382696250395945,0.4024287622378736,0.799375,0.35496481626270526,17,0.79875
near_capacity_correlated,128,fixed_500ms,1,2.051131130103961,5.313793754053492,6.399627994273445,0.420844135812538,0.768125,0.3506916192026037,23,0.764375
near_capacity_correlated,128,queue_capped_250ms,0.99625,0.5935068929054381,4.92290633598482,7.377504347401754,0.4097901311091676,0.19625,0.3248407643312102,8,0.19625
near_capacity_correlated,129,no_hedge,0.9975,0.5622867059504983,5.9398989515759695,7.386338902939855,0.3975230619936999,0,0,9,0
near_capacity_correlated,129,fixed_250ms,1,1.0371242133664467,4.472049269278713,5.663842160537627,0.42234888749304517,0.771875,0.35870445344129553,19,0.76875
near_capacity_correlated,129,fixed_500ms,0.999375,0.6815268591407531,4.2422278853265,5.9078563976286915,0.4197727928838346,0.570625,0.36363636363636365,16,0.56625
near_capacity_correlated,129,queue_capped_250ms,0.9925,0.690440252637373,4.783967622835661,7.501889424653399,0.41434924409920526,0.20875,0.2964071856287425,8,0.20875
near_capacity_correlated,130,no_hedge,0.9975,0.42231032147209646,3.774952188692545,5.9040184527378585,0.4026889722990088,0,0,6,0
near_capacity_correlated,130,fixed_250ms,1,1.0512812834496827,3.393110179933597,4.332167315523959,0.4132074597192297,0.841875,0.35337787676317745,16,0.84125
near_capacity_correlated,130,fixed_500ms,1,0.7057446406885362,2.400437254044361,3.469627596945898,0.3900182933308388,0.600625,0.3267429760665973,10,0.600625
near_capacity_correlated,130,queue_capped_250ms,0.999375,0.4912349820967563,3.651205989336489,5.985450486481726,0.4039519976539654,0.255,0.32598039215686275,6,0.255
near_capacity_correlated,131,no_hedge,0.99875,0.6793129750577265,5.196846635914113,6.815669272780852,0.4025084840038211,0,0,9,0
near_capacity_correlated,131,fixed_250ms,1,0.8816748721015912,3.3430557778025047,4.944038240879493,0.39820928873937866,0.79375,0.3590551181102362,14,0.7925
near_capacity_correlated,131,fixed_500ms,1,0.8175697202985788,3.377939441948193,4.783677022478329,0.3893115343215701,0.62875,0.3230616302186879,14,0.628125
near_capacity_correlated,131,queue_capped_250ms,0.99375,0.6025843968925813,4.549074163068042,6.8566371672281505,0.39680546691334206,0.199375,0.3322884012539185,8,0.199375
near_capacity_correlated,132,no_hedge,0.996875,0.4014082475691936,3.9435355439364415,6.869504883691619,0.4050811554521012,0,0,8,0
near_capacity_correlated,132,fixed_250ms,1,0.6429300750658484,3.4060216192399153,5.085596047957189,0.40304830971656613,0.75375,0.34245439469320066,17,0.753125
near_capacity_correlated,132,fixed_500ms,1,0.9305372915843249,3.8653487840405987,5.793212981533088,0.41153413025642743,0.654375,0.335243553008596,19,0.65375
near_capacity_correlated,132,queue_capped_250ms,0.994375,0.4315283765502027,3.379489238380696,6.280351626981258,0.4001591771544744,0.2775,0.36936936936936937,7,0.276875
near_capacity_correlated,133,no_hedge,1,0.34757512657523293,3.7486550568480084,5.503741640808244,0.388851200749871,0,0,7,0
near_capacity_correlated,133,fixed_250ms,1,0.3142919079131836,1.7346561593089262,2.908466695691608,0.3663395830044797,0.60375,0.33229813664596275,9,0.6025
near_capacity_correlated,133,fixed_500ms,1,0.30409555163885216,1.8521958947909951,2.9961945111571424,0.36233038605969836,0.319375,0.4227005870841487,9,0.319375
near_capacity_correlated,133,queue_capped_250ms,1,0.31413634965382187,2.6183750249129503,5.274448527683518,0.38208904801656923,0.3725,0.31543624161073824,8,0.3725
near_capacity_correlated,134,no_hedge,0.99625,0.3394241387766428,3.8387798281196126,5.2549312827142955,0.39801662888890016,0,0,7,0
near_capacity_correlated,134,fixed_250ms,0.999375,0.3794499779501095,5.6053825891549,6.625691767170437,0.40183530524672556,0.64625,0.36847195357833656,25,0.645
near_capacity_correlated,134,fixed_500ms,1,0.5011066386955321,4.029227797890314,5.685569527331637,0.4002709858472128,0.498125,0.36386449184441655,20,0.498125
near_capacity_correlated,134,queue_capped_250ms,0.9975,0.3665929004041999,4.2547114822034615,6.564290052173732,0.3905452088590174,0.279375,0.3713646532438479,8,0.279375
near_capacity_correlated,135,no_hedge,0.998125,0.33115366014521186,3.45603272726774,5.265117777971803,0.3948146713856098,0,0,5,0
near_capacity_correlated,135,fixed_250ms,1,0.33921285472550267,1.906854525051699,2.9740526369090396,0.3541732067358477,0.61875,0.3333333333333333,9,0.613125
near_capacity_correlated,135,fixed_500ms,1,0.32599223945656775,2.1775378668558005,3.3738712098204218,0.350396190162281,0.36375,0.41924398625429554,11,0.36125
near_capacity_correlated,135,queue_capped_250ms,0.999375,0.3261270135308081,2.3520214145958196,5.61163094974507,0.3610085062254832,0.335625,0.28305400372439476,6,0.335625
near_capacity_correlated,136,no_hedge,0.980625,1.5744419975396653,7.042785276089113,8,0.4392293417025774,0,0,11,0
near_capacity_correlated,136,fixed_250ms,0.999375,2.226150992363742,5.120534198162748,6.205444035374601,0.4235769169399676,0.905,0.4005524861878453,24,0.905
near_capacity_correlated,136,fixed_500ms,0.99625,2.9613663563790737,6.091955760152963,7.078887666318497,0.43504925530311084,0.87875,0.33926031294452347,27,0.87875
near_capacity_correlated,136,queue_capped_250ms,0.966875,1.8382722659797253,7.285502876454828,8,0.4491226417018027,0.090625,0.30344827586206896,12,0.090625
near_capacity_correlated,137,no_hedge,0.996875,0.29277092342209077,4.08020163713924,5.8974071752321535,0.3848133472169197,0,0,8,0
near_capacity_correlated,137,fixed_250ms,1,0.6753590749239891,3.0243113543589004,4.2127949462396685,0.4045734580011943,0.76625,0.3564437194127243,13,0.761875
near_capacity_correlated,137,fixed_500ms,1,0.4681394073383558,2.6254681423934727,3.6197629243622877,0.3856888545477315,0.484375,0.37290322580645163,9,0.48375
near_capacity_correlated,137,queue_capped_250ms,0.998125,0.3553104252788444,3.331475589235353,5.509566892593725,0.3882634631714181,0.30375,0.3004115226337449,7,0.30375
near_capacity_correlated,138,no_hedge,0.9975,0.6256774816872053,4.3653612325722975,6.77214409702686,0.4198214053660483,0,0,8,0
near_capacity_correlated,138,fixed_250ms,0.999375,0.6952727982908513,4.439976429059655,6.095981863754403,0.42372392728978153,0.76375,0.3649754500818331,20,0.763125
near_capacity_correlated,138,fixed_500ms,1,0.6199342628854794,3.192863109697626,4.617660670234017,0.4077960652991207,0.53875,0.35846867749419953,15,0.538125
near_capacity_correlated,138,queue_capped_250ms,1,0.5381621643539063,3.7691581811319033,5.4070752268707025,0.4133742015023559,0.235625,0.36074270557029176,8,0.235
near_capacity_correlated,139,no_hedge,0.970625,1.1397551677600717,6.62502046385449,8,0.44379247301041475,0,0,10,0
near_capacity_correlated,139,fixed_250ms,1,0.7807676252067708,3.4927837999070306,4.767536600068404,0.4291652323804794,0.793125,0.37667454688731283,17,0.7925
near_capacity_correlated,139,fixed_500ms,1,1.0561073851875094,4.134399433158265,5.692001831529211,0.43551118856454535,0.640625,0.4009756097560976,16,0.6375
near_capacity_correlated,139,queue_capped_250ms,0.979375,0.8443232299069869,6.443438850765709,8,0.4358337411860482,0.221875,0.38309859154929576,11,0.221875
near_capacity_correlated,140,no_hedge,0.994375,0.8114047893155512,4.870088907981746,7.4200910957952715,0.4313410305725114,0,0,9,0
near_capacity_correlated,140,fixed_250ms,1,1.6813193851175399,4.391776890691688,5.663908281132166,0.4431094738053921,0.916875,0.4096796182685753,21,0.91
near_capacity_correlated,140,fixed_500ms,0.9975,1.8526758206552252,4.721968001125688,6.27030969280521,0.4516052176634881,0.815625,0.3340996168582375,19,0.811875
near_capacity_correlated,140,queue_capped_250ms,0.993125,0.8494172780655873,5.6480318262059654,7.533239577750564,0.4388266175093054,0.163125,0.3793103448275862,10,0.163125
near_capacity_correlated,141,no_hedge,0.999375,0.4877475564956981,4.0302686481402645,5.789189245186968,0.3940771663866512,0,0,7,0
near_capacity_correlated,141,fixed_250ms,0.999375,2.085580626590243,5.238219582838646,6.455110236692221,0.416602700918284,0.81125,0.40215716486902925,24,0.81
near_capacity_correlated,141,fixed_500ms,0.99375,1.6336381645507743,6.38877311951407,7.643399231900489,0.41511455917039447,0.6225,0.37650602409638556,29,0.619375
near_capacity_correlated,141,queue_capped_250ms,0.996875,0.5708227808267985,4.09712702119613,5.764018784122854,0.40029524939457867,0.198125,0.35331230283911674,7,0.198125
near_capacity_correlated,142,no_hedge,0.99625,0.4471287390344756,3.534814709760372,6.550996496243258,0.4194259335944461,0,0,6,0
near_capacity_correlated,142,fixed_250ms,1,0.7012218884537376,2.6696899803824152,3.7545251247668716,0.4168472794243768,0.819375,0.3516399694889397,13,0.818125
near_capacity_correlated,142,fixed_500ms,1,0.5542003246546869,2.3445829182741544,3.6741022302016844,0.40337096579951875,0.525,0.3869047619047619,9,0.525
near_capacity_correlated,142,queue_capped_250ms,0.998125,0.42937472721207115,3.4072361483902682,5.042633839687689,0.4125608657810146,0.285625,0.35667396061269147,6,0.285625
near_capacity_correlated,143,no_hedge,1,0.3705600064289172,3.690866579357511,4.927188936574346,0.3864244922824003,0,0,6,0
near_capacity_correlated,143,fixed_250ms,1,0.41340046676145903,2.1065967400222405,3.104099019422506,0.3835481469673999,0.689375,0.3399818676337262,11,0.689375
near_capacity_correlated,143,fixed_500ms,1,0.3919855660999052,2.3240902042812532,3.5387217903927706,0.37681426758333264,0.41625,0.3918918918918919,10,0.415625
near_capacity_correlated,143,queue_capped_250ms,0.99875,0.3638092608530883,2.4621103371140904,4.136430013106818,0.38312452555608284,0.3425,0.31386861313868614,6,0.341875
near_capacity_correlated,144,no_hedge,0.990625,0.6011100678997465,5.240391497165824,7.640574608830008,0.42467367830100494,0,0,14,0
near_capacity_correlated,144,fixed_250ms,1,1.0122439918540778,3.658787149203654,4.725786481250033,0.42192028658909414,0.828125,0.35773584905660377,21,0.8275
near_capacity_correlated,144,fixed_500ms,1,1.1091047969219119,3.322185718325798,4.68931449667069,0.42342879327381083,0.696875,0.357847533632287,16,0.694375
near_capacity_correlated,144,queue_capped_250ms,0.9975,0.6264339345928178,4.9602152008384195,7.008625382968376,0.42063302077089565,0.2125,0.38823529411764707,13,0.2125
near_capacity_correlated,145,no_hedge,0.9975,0.3016316128552887,3.1592624335360213,4.873146124981119,0.3943668774576674,0,0,5,0
near_capacity_correlated,145,fixed_250ms,1,0.5056668921654435,2.3648051042586538,3.954667387443621,0.3986979206816116,0.7275,0.3694158075601375,10,0.72625
near_capacity_correlated,145,fixed_500ms,1,0.47759235504043573,2.867428647108113,4.055419582904321,0.39318493951145816,0.4925,0.3870558375634518,12,0.4925
near_capacity_correlated,145,queue_capped_250ms,0.996875,0.41110542726817556,3.3091420960412847,5.553290623142097,0.3951700407703748,0.29625,0.33755274261603374,6,0.29625
near_capacity_correlated,146,no_hedge,0.9825,1.1348310958714336,5.779755955751128,8,0.4300302743626385,0,0,10,0
near_capacity_correlated,146,fixed_250ms,1,1.2081205635956564,3.40635038209515,4.155302903851734,0.4065321123649748,0.84,0.3787202380952381,17,0.83875
near_capacity_correlated,146,fixed_500ms,1,1.0357155466552876,3.2904570638317345,4.600250391125968,0.4110085919635989,0.7625,0.3254098360655738,14,0.7625
near_capacity_correlated,146,queue_capped_250ms,1,0.5308513122381342,3.5316261470861967,4.827534243421269,0.40848865055884503,0.245,0.36989795918367346,7,0.244375
near_capacity_correlated,147,no_hedge,0.996875,0.3155948296293154,3.460050862180381,5.340619893157324,0.3921103398516042,0,0,4,0
near_capacity_correlated,147,fixed_250ms,1,0.47371695007316816,2.9053208739768692,4.474252463870879,0.3963742149346174,0.726875,0.33190025795356837,17,0.725625
near_capacity_correlated,147,fixed_500ms,1,0.45333203216183904,2.6427213692289406,3.770579533201335,0.39235469003881845,0.47125,0.3594164456233422,12,0.470625
near_capacity_correlated,147,queue_capped_250ms,0.99875,0.33812139276424347,2.879931730795583,4.250465363190781,0.3856364691315526,0.34,0.2867647058823529,6,0.33875
near_capacity_correlated,148,no_hedge,0.996875,0.3256433145846387,3.5885611815814755,5.66645655108718,0.4003250632117744,0,0,6,0
near_capacity_correlated,148,fixed_250ms,1,0.44986374182542477,2.695081564593238,4.00687432355857,0.3951523669179,0.67625,0.32624768946395566,13,0.67625
near_capacity_correlated,148,fixed_500ms,1,0.4583423790972678,2.8239487638335063,3.711473532537852,0.3916430186503678,0.48375,0.39664082687338503,12,0.48375
near_capacity_correlated,148,queue_capped_250ms,0.995625,0.38136638335868156,3.4093400397047304,5.938202378298016,0.3968662628070126,0.29125,0.3605150214592275,8,0.29125
near_capacity_correlated,149,no_hedge,0.99875,0.43940169912781357,4.237677693922173,6.679062600449775,0.4233680272107005,0,0,8,0
near_capacity_correlated,149,fixed_250ms,1,0.43552325429639893,2.7513636881891586,3.9646091110213604,0.41891289328545334,0.689375,0.33091568449682685,14,0.688125
near_capacity_correlated,149,fixed_500ms,1,0.6555667106914456,3.1924964767015354,4.190833309787102,0.41982079196331673,0.553125,0.3706214689265537,13,0.5475
near_capacity_correlated,149,queue_capped_250ms,0.9975,0.5396746672237427,4.509144191167508,6.767136726068763,0.4219760052660243,0.195,0.34615384615384615,8,0.195
near_capacity_correlated,150,no_hedge,0.9975,0.47303492445935547,3.9043068409014268,6.129633345730667,0.3981273344481152,0,0,9,0
near_capacity_correlated,150,fixed_250ms,1,0.49381273090067523,2.6685509972100423,3.620409558482641,0.3919466333908818,0.72125,0.3119584055459272,12,0.719375
near_capacity_correlated,150,fixed_500ms,1,0.4997136578378445,2.3555714481007968,3.633856712440746,0.38278643404721735,0.4975,0.35175879396984927,11,0.496875
near_capacity_correlated,150,queue_capped_250ms,0.996875,0.5013776740948579,3.724657993479518,6.019356125882467,0.39917733836649694,0.240625,0.33766233766233766,8,0.240625
near_capacity_correlated,151,no_hedge,0.99875,0.37201050007575986,3.4637168799929583,5.463867992492384,0.3966008915103207,0,0,6,0
near_capacity_correlated,151,fixed_250ms,1,0.880843937046329,2.9958366128429965,4.121702067008037,0.42582760923155616,0.8675,0.3695965417867435,15,0.86375
near_capacity_correlated,151,fixed_500ms,1,0.849468620685478,3.7969630996414807,4.820177227990449,0.4197107602076814,0.673125,0.3435468895078923,19,0.671875
near_capacity_correlated,151,queue_capped_250ms,0.99875,0.4405635498690792,3.536088788644612,5.278729721733789,0.4124075775119539,0.295625,0.3657505285412262,7,0.295625
near_capacity_correlated,152,no_hedge,0.96875,1.4862931536047839,6.7225066070931625,8,0.409151514723298,0,0,12,0
near_capacity_correlated,152,fixed_250ms,0.998125,0.7754448998633805,3.2238752815116385,4.545714097211096,0.39100817429544965,0.791875,0.35832675611681136,13,0.791875
near_capacity_correlated,152,fixed_500ms,1,0.7342002624950794,3.3465539027906956,4.592909767220654,0.3914159191219996,0.608125,0.33093525179856115,17,0.6075
near_capacity_correlated,152,queue_capped_250ms,0.98375,0.9038828649672936,6.064967623007298,8,0.4039559425364429,0.175,0.32142857142857145,11,0.175
near_capacity_correlated,153,no_hedge,0.99875,0.37296189985360684,3.6524497381967436,5.780451488169987,0.40212336153102174,0,0,7,0
near_capacity_correlated,153,fixed_250ms,1,0.587168608982239,3.3821863873393205,4.336728165135106,0.40232312107486373,0.719375,0.3735881841876629,16,0.7175
near_capacity_correlated,153,fixed_500ms,1,0.5969617492596981,3.0012142348091118,4.176713936802187,0.40110795733078647,0.533125,0.3634232121922626,15,0.5325
near_capacity_correlated,153,queue_capped_250ms,1,0.38883638758644956,3.4750218234492793,5.473517308292507,0.3942460577646075,0.279375,0.34675615212527966,7,0.278125
near_capacity_correlated,154,no_hedge,0.999375,0.428431151675035,3.5303625505551253,5.31963492803979,0.4013875868933662,0,0,5,0
near_capacity_correlated,154,fixed_250ms,1,0.5064025790046038,2.034611757811071,3.001497665781173,0.3874430533341777,0.74875,0.32470784641068445,10,0.74875
near_capacity_correlated,154,fixed_500ms,1,0.7442064743826933,2.512405451104698,3.959220890871471,0.3991227469801317,0.643125,0.3323615160349854,10,0.643125
near_capacity_correlated,154,queue_capped_250ms,1,0.46765320329676285,3.2162638462718327,4.982649166624103,0.4076503078419942,0.29625,0.3691983122362869,6,0.295
near_capacity_correlated,155,no_hedge,0.999375,0.32490497598222845,3.423259285503093,5.7417938615574435,0.4052046595767026,0,0,4,0
near_capacity_correlated,155,fixed_250ms,1,0.39114299201521874,2.055498573240527,3.068232414514185,0.3967752473719194,0.671875,0.33209302325581397,10,0.67125
near_capacity_correlated,155,fixed_500ms,1,0.29679449588386575,1.6499436783597332,3.01337816596849,0.3835800961276758,0.309375,0.4484848484848485,7,0.309375
near_capacity_correlated,155,queue_capped_250ms,1,0.3539413710442112,2.6938964916398405,4.294917293542085,0.3951692474861266,0.361875,0.3126079447322971,6,0.36125
near_capacity_correlated,156,no_hedge,0.991875,0.868191867607429,5.3572779447667855,7.433903790696396,0.3935071009830126,0,0,12,0
near_capacity_correlated,156,fixed_250ms,1,0.5908450370713183,2.930426345563143,4.233863713471912,0.3840338446584385,0.793125,0.32702915681639083,14,0.7925
near_capacity_correlated,156,fixed_500ms,1,0.8685417098059389,3.237635406046998,4.660253177496342,0.38236908660526503,0.63,0.3353174603174603,15,0.63
near_capacity_correlated,156,queue_capped_250ms,0.996875,0.5501326203427439,3.613132476255757,6.417770702778235,0.3853255301364348,0.22875,0.32786885245901637,7,0.228125
near_capacity_correlated,157,no_hedge,0.985625,0.9365319034777269,5.856536977365355,8,0.4276210153709221,0,0,10,0
near_capacity_correlated,157,fixed_250ms,0.993125,2.4761187588574955,6.2223822939201625,7.492621166509167,0.43989593461415,0.890625,0.39789473684210525,33,0.888125
near_capacity_correlated,157,fixed_500ms,0.995,2.1783433363446534,5.612017985127892,7.3283297822607665,0.4363148467318358,0.8175,0.33868501529051986,29,0.815625
near_capacity_correlated,157,queue_capped_250ms,0.988125,0.8306998678346496,5.431058744246968,8,0.42708530498347974,0.196875,0.4,9,0.196875
near_capacity_correlated,158,no_hedge,0.999375,0.3717849388728851,3.626578351865959,5.618492709227041,0.38639593112356485,0,0,7,0
near_capacity_correlated,158,fixed_250ms,1,0.6566047543341327,2.636870709641812,3.7354242214800735,0.4036877450952161,0.86375,0.31982633863965265,11,0.854375
near_capacity_correlated,158,fixed_500ms,1,0.5168351259047981,2.2072953579080057,3.386170080390258,0.38953046289146487,0.506875,0.3526510480887793,9,0.500625
near_capacity_correlated,158,queue_capped_250ms,0.9975,0.443221017647879,2.9774518049462664,4.7161179259693995,0.3953747355675634,0.308125,0.3225152129817444,5,0.308125
near_capacity_correlated,159,no_hedge,0.94125,2.2124090995280703,8,8,0.4482500548948311,0,0,15,0
near_capacity_correlated,159,fixed_250ms,1,1.3175483620188189,3.935702526288779,5.682616012513876,0.4277272918144526,0.871875,0.3835125448028674,19,0.868125
near_capacity_correlated,159,fixed_500ms,0.998125,2.1709459390297496,5.958374405024372,7.1240827206620025,0.436466034263505,0.81,0.36651234567901236,25,0.808125
near_capacity_correlated,159,queue_capped_250ms,0.94375,2.15899352192341,8,8,0.4458372418655573,0.088125,0.3475177304964539,15,0.088125
near_capacity_correlated,160,no_hedge,0.999375,0.4521027376220417,3.917732136185549,5.715010636504516,0.4036028947729474,0,0,7,0
near_capacity_correlated,160,fixed_250ms,1,0.5527884232888347,2.7780877718561925,3.7596390815231047,0.404943840529145,0.75125,0.3652246256239601,14,0.74875
near_capacity_correlated,160,fixed_500ms,1,0.5291687280593607,2.8429979933486464,3.6816080174222066,0.3999660719793709,0.511875,0.38217338217338215,13,0.511875
near_capacity_correlated,160,queue_capped_250ms,0.999375,0.5246636369297821,3.9468254005790726,5.884154909584041,0.40297825749444216,0.214375,0.3498542274052478,6,0.214375
near_capacity_correlated,161,no_hedge,0.993125,0.7991451560625862,4.884624528841137,7.35520392720235,0.40055208895773753,0,0,11,0
near_capacity_correlated,161,fixed_250ms,1,1.1731625308430083,3.2552161947423066,4.233594229323863,0.41716951540064234,0.854375,0.3562545720555962,17,0.851875
near_capacity_correlated,161,fixed_500ms,1,1.4160895690382347,4.102483831863395,5.10058131702732,0.409025515020942,0.73625,0.34889643463497455,18,0.735625
near_capacity_correlated,161,queue_capped_250ms,0.9925,0.6197544581148229,4.464966916600577,7.642534292643205,0.4084479526302867,0.175,0.36428571428571427,8,0.17375
near_capacity_correlated,162,no_hedge,0.991875,1.0319712029840389,5.415444739147656,7.778700738982838,0.42804094041022916,0,0,10,0
near_capacity_correlated,162,fixed_250ms,1,1.065131174543268,2.978247601268748,3.993735562891146,0.4239956373976464,0.898125,0.35073068893528186,11,0.896875
near_capacity_correlated,162,fixed_500ms,1,1.3789490675349185,3.298044178505961,4.251577773541104,0.4340028747351867,0.809375,0.31814671814671813,13,0.809375
near_capacity_correlated,162,queue_capped_250ms,0.99625,0.5218669366514774,3.7825509840379237,6.2751363103164,0.4213080781591774,0.2525,0.400990099009901,6,0.2525
near_capacity_correlated,163,no_hedge,0.924375,0.9195561479815808,8,8,0.4529840794551319,0,0,17,0
near_capacity_correlated,163,fixed_250ms,0.97375,1.2862050887536967,7.108539318862441,8,0.4584520824581046,0.883125,0.3934890304317056,29,0.878125
near_capacity_correlated,163,fixed_500ms,0.965625,1.7099485109965258,7.452846573782921,8,0.463656413763989,0.83875,0.3502235469448584,28,0.838125
near_capacity_correlated,163,queue_capped_250ms,0.931875,1.0698727033704216,8,8,0.465304694896082,0.12875,0.3883495145631068,17,0.12875
near_capacity_correlated,164,no_hedge,0.996875,0.3976552016904691,3.477948955270442,6.0657246690466735,0.3897080989336754,0,0,7,0
near_capacity_correlated,164,fixed_250ms,1,0.3307913678350758,2.4754164490060937,3.4964548177414656,0.3669921317370187,0.61,0.35860655737704916,15,0.60875
near_capacity_correlated,164,fixed_500ms,1,0.3234037943665271,2.287285059716625,3.591669495654809,0.36019755097226486,0.376875,0.3814262023217247,14,0.37625
near_capacity_correlated,164,queue_capped_250ms,1,0.3381784275974855,2.4457760153497787,4.112208612582771,0.3684157612113249,0.350625,0.3511586452762923,6,0.350625
near_capacity_correlated,165,no_hedge,0.9925,0.8763330443110746,5.652399234278718,7.86512350368821,0.4229576348501747,0,0,11,0
near_capacity_correlated,165,fixed_250ms,1,1.374605968099985,3.4017855884090267,4.521174906864644,0.4117575245040361,0.81875,0.37786259541984735,14,0.818125
near_capacity_correlated,165,fixed_500ms,0.99875,1.467554104363991,4.823121095026764,6.39053439091542,0.4170117777967276,0.679375,0.36154553817847285,20,0.679375
near_capacity_correlated,165,queue_capped_250ms,0.99375,0.8474484335210803,4.887661656689289,6.873797948523844,0.4140053495799782,0.158125,0.3794466403162055,9,0.158125
near_capacity_correlated,166,no_hedge,1,0.2579754805862642,2.6332865242727976,4.095142398272245,0.37226581369691664,0,0,4,0
near_capacity_correlated,166,fixed_250ms,1,0.3047526523668438,1.8125442898403037,2.681807815884383,0.3726054047590772,0.583125,0.3397642015005359,10,0.5825
near_capacity_correlated,166,fixed_500ms,1,0.28478207402676503,1.5253678163627162,2.6332865242727976,0.3610479805283472,0.30125,0.3941908713692946,7,0.3
near_capacity_correlated,166,queue_capped_250ms,1,0.34758227868382363,2.608600955810406,3.995400599346354,0.3806656672280199,0.320625,0.32943469785575047,6,0.320625
near_capacity_correlated,167,no_hedge,0.998125,0.34495995601563934,3.2811140273833104,4.651736116809495,0.39050459234179163,0,0,6,0
near_capacity_correlated,167,fixed_250ms,1,0.4397013670371841,3.0345230465766875,4.613255834024464,0.3948746412160807,0.700625,0.320249776984835,19,0.700625
near_capacity_correlated,167,fixed_500ms,1,0.4390935564211418,2.3379383416023245,3.924013665447518,0.38900438167580853,0.466875,0.3788487282463186,12,0.46625
near_capacity_correlated,167,queue_capped_250ms,1,0.36008787470704107,2.8115016140476143,4.816972917210405,0.3898720945249439,0.356875,0.28896672504378285,6,0.356875
near_capacity_correlated,168,no_hedge,0.995,0.6066048742608103,3.96541194724127,6.215206975977178,0.41479569843878084,0,0,6,0
near_capacity_correlated,168,fixed_250ms,1,1.286995180229681,3.5029867314132233,4.558259764751638,0.4194975310172117,0.884375,0.37526501766784454,17,0.883125
near_capacity_correlated,168,fixed_500ms,1,1.1066666171970425,3.424787389426255,4.4521709873747035,0.42434618726133516,0.735625,0.34324553950722175,16,0.734375
near_capacity_correlated,168,queue_capped_250ms,0.99875,0.5140854888709541,3.9143834275172296,5.730434056770676,0.41542687670464323,0.253125,0.3432098765432099,8,0.2525
near_capacity_correlated,169,no_hedge,1,0.39267609925204994,3.5416205747450604,5.036405380769224,0.38408847640486465,0,0,6,0
near_capacity_correlated,169,fixed_250ms,1,0.5268240673843785,2.793580883583644,3.914933256486549,0.3726598540316465,0.73625,0.3531409168081494,16,0.735625
near_capacity_correlated,169,fixed_500ms,1,0.4456408906191882,2.996489166311335,3.9293139841317544,0.36501184638223044,0.475625,0.37582128777923784,16,0.475625
near_capacity_correlated,169,queue_capped_250ms,1,0.4284106994444201,3.442505701880293,5.521611654771448,0.3750883934232228,0.285625,0.3588621444201313,7,0.285
near_capacity_correlated,170,no_hedge,0.969375,1.739867927179965,7.133722532490367,8,0.4262971090514222,0,0,11,0
near_capacity_correlated,170,fixed_250ms,1,2.4606757984494756,5.182525635076985,6.372919749669791,0.4148079389864025,0.88875,0.41279887482419125,22,0.875
near_capacity_correlated,170,fixed_500ms,1,1.2536342798694733,3.3971247658857138,4.822989582322741,0.4099410499308585,0.714375,0.34820647419072615,13,0.710625
near_capacity_correlated,170,queue_capped_250ms,0.970625,1.712113410108933,7.273514152763674,8,0.42476873267928705,0.101875,0.38650306748466257,13,0.101875
near_capacity_correlated,171,no_hedge,0.98,1.2113869950236733,6.1276619372477015,8,0.4361449772336232,0,0,12,0
near_capacity_correlated,171,fixed_250ms,1,0.45635603373384015,2.295478353153655,3.3930995940634006,0.38878141302770536,0.715,0.35664335664335667,10,0.713125
near_capacity_correlated,171,fixed_500ms,1,0.36347458336919125,2.0445716378976044,3.2822305483027776,0.37890214552325496,0.42125,0.39020771513353114,9,0.42125
near_capacity_correlated,171,queue_capped_250ms,0.9825,0.6341733201287951,5.592199695033816,8,0.4153185598323671,0.2025,0.3888888888888889,11,0.201875
near_capacity_correlated,172,no_hedge,0.994375,0.7174160279954691,4.801204700816328,7.272478563366832,0.3883092443196174,0,0,8,0
near_capacity_correlated,172,fixed_250ms,1,0.2827697149248749,1.1866783149091304,2.630247736327796,0.35662460010599356,0.548125,0.3204104903078677,6,0.544375
near_capacity_correlated,172,fixed_500ms,1,0.2806180942124854,1.4149741610378825,2.776664168480238,0.3557659186356888,0.26875,0.48372093023255813,6,0.266875
near_capacity_correlated,172,queue_capped_250ms,1,0.27906160587271245,2.089930781871775,3.3105283776096286,0.35978115595878185,0.3725,0.33053691275167785,5,0.3725
near_capacity_correlated,173,no_hedge,0.9975,0.7266454497533275,4.876802638538711,6.509372185437314,0.40821263274175296,0,0,10,0
near_capacity_correlated,173,fixed_250ms,1,0.55253430598097,3.1519351482326634,4.072380983820334,0.3773496221543477,0.716875,0.33914559721011334,14,0.716875
near_capacity_correlated,173,fixed_500ms,1,0.42640612059170735,2.575279038810457,3.626419617653063,0.3664334914569269,0.47,0.3803191489361702,11,0.47
near_capacity_correlated,173,queue_capped_250ms,1,0.41795386625214803,3.5320744214843103,5.242380983820517,0.3839544001571248,0.2625,0.3,6,0.2625
near_capacity_correlated,174,no_hedge,0.964375,2.212610802974858,7.509477759692231,8,0.4472489973360441,0,0,13,0
near_capacity_correlated,174,fixed_250ms,0.990625,3.3143314131215504,6.623961851816645,7.924600602738181,0.4505924703627041,0.980625,0.40662842574888464,31,0.9775
near_capacity_correlated,174,fixed_500ms,0.985,3.5204243792198398,7.1389408952981555,8,0.45255676714045884,0.97875,0.35887611749680715,33,0.97625
near_capacity_correlated,174,queue_capped_250ms,0.99375,1.2517444721817128,5.823285646583329,7.34481205303716,0.43678846587146936,0.073125,0.42735042735042733,9,0.073125
near_capacity_correlated,175,no_hedge,0.996875,0.5465572458678594,4.053528377661266,6.223581892360391,0.4105531832754224,0,0,7,0
near_capacity_correlated,175,fixed_250ms,1,1.2277077995055805,4.827468141106509,5.99996912669431,0.4384077318008251,0.8825,0.3944759206798867,25,0.87625
near_capacity_correlated,175,fixed_500ms,1,0.8408019026590168,4.047647524003423,5.015243260460537,0.41943283129955633,0.62625,0.3522954091816367,22,0.625
near_capacity_correlated,175,queue_capped_250ms,0.9975,0.7034378846241438,4.661100170631713,6.614628849808774,0.42060595580278004,0.180625,0.2768166089965398,8,0.180625
near_capacity_correlated,176,no_hedge,0.998125,0.32914693967993003,3.339522909306922,5.142190713566919,0.38732917458546917,0,0,5,0
near_capacity_correlated,176,fixed_250ms,1,0.48233029556858753,2.3556091192296513,3.433225964897188,0.38435588831272405,0.723125,0.3163353500432152,11,0.721875
near_capacity_correlated,176,fixed_500ms,1,0.35166524524235143,2.10793318288907,3.3488842600095925,0.3689790646769127,0.398125,0.3783359497645212,11,0.396875
near_capacity_correlated,176,queue_capped_250ms,1,0.3492833042463772,2.993617444635756,4.0529498363492955,0.36829696911413634,0.31625,0.31225296442687744,7,0.313125
near_capacity_correlated,177,no_hedge,0.99,0.7284387084420842,5.170299772618023,7.980684677072432,0.42882200552523264,0,0,10,0
near_capacity_correlated,177,fixed_250ms,1,0.9670928703972805,3.191856878583053,4.374399046919024,0.4126884822989308,0.805625,0.3832428238944919,14,0.803125
near_capacity_correlated,177,fixed_500ms,1,0.7601678196972159,3.0786828506141575,3.9733931104998277,0.4033512139644463,0.6125,0.3469387755102041,16,0.61125
near_capacity_correlated,177,queue_capped_250ms,0.999375,0.6022711772830291,4.652563671720841,6.826485967261419,0.4233737502334081,0.19125,0.4117647058823529,8,0.19125
near_capacity_correlated,178,no_hedge,0.9975,0.9472711756965708,4.871349733632741,7.087608693463778,0.412761053070062,0,0,10,0
near_capacity_correlated,178,fixed_250ms,1,0.5138471935849509,2.005639344427024,2.883611018040952,0.3932702867554546,0.74875,0.3363939899833055,11,0.74625
near_capacity_correlated,178,fixed_500ms,1,0.5390050192845237,2.1476727178490123,3.124148609309426,0.3887848928882179,0.52,0.37259615384615385,9,0.51875
near_capacity_correlated,178,queue_capped_250ms,0.994375,0.6719550998194634,4.3605616732799035,7.074959459831639,0.414940461673414,0.205,0.3719512195121951,9,0.205
near_capacity_correlated,179,no_hedge,0.899375,2.9808656980761423,8,8,0.42888618760965036,0,0,17,0
near_capacity_correlated,179,fixed_250ms,0.996875,2.8179296082824408,5.981188402537953,7.139487859390755,0.42026659405284617,0.91125,0.38614540466392316,30,0.910625
near_capacity_correlated,179,fixed_500ms,0.995625,2.427553631785777,6.397078877841551,7.455802250131981,0.42451392322594406,0.8625,0.34782608695652173,30,0.8625
near_capacity_correlated,179,queue_capped_250ms,0.935,2.441902213784168,8,8,0.4197058104639583,0.065,0.375,17,0.065
near_capacity_correlated,180,no_hedge,0.99875,0.42287540243144406,4.201581232314766,6.054808341791162,0.3947177564528726,0,0,8,0
near_capacity_correlated,180,fixed_250ms,1,0.7508456340058984,2.447367160187696,3.874975818875413,0.40377041481412124,0.839375,0.340282948622487,11,0.83875
near_capacity_correlated,180,fixed_500ms,1,1.1415204013866145,3.2775721792224317,4.526007565315986,0.41280388381907296,0.72375,0.3316062176165803,14,0.723125
near_capacity_correlated,180,queue_capped_250ms,0.999375,0.5409889841377762,4.010563588572857,5.615257295483062,0.4032294223994797,0.248125,0.3778337531486146,8,0.2475
near_capacity_correlated,181,no_hedge,0.976875,1.6813082866263755,7.1185133717690405,8,0.4079237117946479,0,0,13,0
near_capacity_correlated,181,fixed_250ms,1,0.6910462764584011,2.807567181513633,4.279718728988854,0.40759672550614007,0.759375,0.36213991769547327,14,0.756875
near_capacity_correlated,181,fixed_500ms,1,0.778617191474126,3.2192585025549114,4.078407614555434,0.4015948625601296,0.596875,0.36649214659685864,16,0.59625
near_capacity_correlated,181,queue_capped_250ms,0.99125,0.9003253065065522,5.849603772586079,7.839921474502077,0.4123316910405134,0.20125,0.3944099378881988,12,0.20125
near_capacity_correlated,182,no_hedge,0.96,2.2228076585185335,7.750973082327654,8,0.4301636148122326,0,0,16,0
near_capacity_correlated,182,fixed_250ms,1,0.7610627121731994,2.354212398414525,3.252205660933406,0.41387823291846165,0.850625,0.349008082292432,12,0.850625
near_capacity_correlated,182,fixed_500ms,1,0.8456452618919617,2.504034531659606,3.587723526590892,0.4128079353565321,0.670625,0.33737185461323393,11,0.66875
near_capacity_correlated,182,queue_capped_250ms,0.97875,1.0356220316476197,6.355607256106836,8,0.428756685577363,0.168125,0.379182156133829,12,0.168125
near_capacity_correlated,183,no_hedge,1,0.5365083847277745,4.224237323462091,6.203422234331445,0.4239916085075468,0,0,9,0
near_capacity_correlated,183,fixed_250ms,1,0.8009217886105802,3.0234646567050336,3.8438724566317006,0.41807499278774807,0.838125,0.34451901565995524,17,0.838125
near_capacity_correlated,183,fixed_500ms,1,0.7588588397602791,3.1486847208069264,4.262496707630049,0.41315200590615825,0.62,0.35685483870967744,15,0.61875
near_capacity_correlated,183,queue_capped_250ms,1,0.4625956762874637,3.5605255167216576,5.2402444087516855,0.4122196313223472,0.303125,0.3422680412371134,8,0.303125
near_capacity_correlated,184,no_hedge,0.985,0.8766880140350608,5.290630738067179,8,0.43209159326759733,0,0,10,0
near_capacity_correlated,184,fixed_250ms,1,0.703751961927221,3.7510863760279207,4.814474431637436,0.42731492589372894,0.79,0.3362341772151899,17,0.786875
near_capacity_correlated,184,fixed_500ms,0.999375,1.332682214622821,3.820038137613466,4.89441921016104,0.4336182136870041,0.71125,0.37346221441124783,21,0.709375
near_capacity_correlated,184,queue_capped_250ms,0.99125,0.7636415233049973,4.8884598331327,7.73396179817972,0.43529234813365764,0.213125,0.39589442815249265,8,0.213125
near_capacity_correlated,185,no_hedge,0.996875,0.4396960202213194,4.040361572759792,5.996344485065684,0.40458855412615663,0,0,7,0
near_capacity_correlated,185,fixed_250ms,1,0.7924533790264476,4.884660816908067,5.926496950972123,0.40918684193445387,0.765625,0.3469387755102041,22,0.763125
near_capacity_correlated,185,fixed_500ms,1,1.0692834457252793,4.2163027442804974,5.311459334226299,0.40483131317040766,0.61125,0.3486707566462168,19,0.60875
near_capacity_correlated,185,queue_capped_250ms,1,0.4434153193470607,3.8460935607703117,5.508042356790654,0.4018281574170377,0.27625,0.3574660633484163,8,0.27625
near_capacity_correlated,186,no_hedge,1,0.3396888523650432,3.473757542917838,5.832896111355016,0.3840400041973453,0,0,6,0
near_capacity_correlated,186,fixed_250ms,1,0.3199026299119865,1.8017920557767866,3.1539459680583093,0.3653431677375545,0.605,0.28615702479338845,9,0.604375
near_capacity_correlated,186,fixed_500ms,1,0.2983597015591499,1.8945207237762247,2.9462865259932443,0.35812117328035487,0.331875,0.4350282485875706,8,0.3275
near_capacity_correlated,186,queue_capped_250ms,1,0.3301057354799113,2.546432938703674,4.181867604453537,0.37099159878416077,0.33875,0.3062730627306273,5,0.33875
near_capacity_correlated,187,no_hedge,0.9525,2.8373870379732757,7.81491686124372,8,0.44291244182235695,0,0,14,0
near_capacity_correlated,187,fixed_250ms,0.951875,4.691960938326552,7.898356670343404,8,0.4639184055115607,0.97375,0.3889602053915276,39,0.97125
near_capacity_correlated,187,fixed_500ms,0.9925,3.697780884733895,6.799273028600368,7.747943568933508,0.44895490816580236,0.915625,0.34812286689419797,31,0.910625
near_capacity_correlated,187,queue_capped_250ms,0.975625,1.8995871967066407,6.629140571917212,8,0.4386302209712289,0.0475,0.4342105263157895,12,0.0475
near_capacity_correlated,188,no_hedge,0.995,0.49084389713208054,4.013584120906401,5.987690947974372,0.41742626621432016,0,0,8,0
near_capacity_correlated,188,fixed_250ms,1,1.188487348677036,5.021361121012404,5.90142040820669,0.43079322493057953,0.845625,0.36437546193643755,25,0.835
near_capacity_correlated,188,fixed_500ms,0.999375,0.8951289844851296,4.569687046330827,5.682893813488121,0.4196693799170994,0.638125,0.3516160626836435,21,0.635
near_capacity_correlated,188,queue_capped_250ms,0.98875,0.787604298960126,5.19460406910261,8,0.43773228800291486,0.20625,0.30606060606060603,9,0.20625
near_capacity_correlated,189,no_hedge,0.993125,0.5253101015703336,4.904974548430049,7.3829052718155594,0.4174023348785989,0,0,10,0
near_capacity_correlated,189,fixed_250ms,1,0.40857611041383457,2.1640436951284983,3.454263975662357,0.40466320737373157,0.695,0.35701438848920863,10,0.69
near_capacity_correlated,189,fixed_500ms,1,0.3868371761451641,2.260891079349868,3.4988785092496997,0.394469103555957,0.420625,0.3848439821693908,10,0.411875
near_capacity_correlated,189,queue_capped_250ms,0.998125,0.3643971573287672,2.837849328421129,4.920483239603307,0.4043225318853313,0.329375,0.3946869070208729,5,0.329375
near_capacity_correlated,190,no_hedge,1,0.3151960663440576,3.2527765931099566,4.922536361741251,0.4066579625520537,0,0,5,0
near_capacity_correlated,190,fixed_250ms,1,0.33720525806637625,2.0185726031544498,3.0146571973050413,0.38862230632189315,0.62875,0.34095427435387676,11,0.628125
near_capacity_correlated,190,fixed_500ms,1,0.2951359092003969,2.1100761938440655,3.0491442089789125,0.3830140842117775,0.30625,0.45510204081632655,10,0.30125
near_capacity_correlated,190,queue_capped_250ms,0.999375,0.35001814772766426,2.5052356392105963,3.776399853330645,0.395322583145058,0.36875,0.3271186440677966,6,0.36875
near_capacity_correlated,191,no_hedge,0.996875,0.5830906903830169,4.361801156538068,6.981832365288799,0.42168136353915814,0,0,9,0
near_capacity_correlated,191,fixed_250ms,0.996875,3.6209034371906057,6.298976176815067,7.281010722329537,0.4301331419483654,0.891875,0.3840224246671338,26,0.891875
near_capacity_correlated,191,fixed_500ms,1,2.0237575767273484,4.24454248277495,5.4354634887605755,0.41336901591163994,0.756875,0.34434351775392236,18,0.75625
near_capacity_correlated,191,queue_capped_250ms,0.995,0.6569144263655815,4.517950986398944,6.906889955511481,0.4227934057128234,0.18375,0.3333333333333333,8,0.18375
near_capacity_correlated,192,no_hedge,0.99875,0.5251948379550129,4.456111604387075,5.980700596642521,0.411788270213485,0,0,9,0
near_capacity_correlated,192,fixed_250ms,1,0.9116922263299045,3.616903711865433,4.977264479511767,0.42995670606943565,0.845,0.35355029585798814,15,0.84125
near_capacity_correlated,192,fixed_500ms,1,0.796898130672524,3.255181797358894,4.174885116782647,0.4147796711180712,0.623125,0.32898696088264795,14,0.621875
near_capacity_correlated,192,queue_capped_250ms,0.999375,0.6566946758231325,4.226141424229118,6.264627293395208,0.41660003617011965,0.21625,0.3092485549132948,9,0.21625
near_capacity_correlated,193,no_hedge,0.958125,2.0297197259875546,7.391919823953863,8,0.439347397149951,0,0,12,0
near_capacity_correlated,193,fixed_250ms,0.9775,4.015639472182535,7.199258104770394,8,0.45685344922336535,0.97125,0.4086229086229086,31,0.97125
near_capacity_correlated,193,fixed_500ms,0.9975,3.462784008306784,5.8140994003084785,7.040011752843199,0.44661079466986314,0.903125,0.3543252595155709,24,0.8975
near_capacity_correlated,193,queue_capped_250ms,0.9225,3.2427531585294744,8,8,0.44885788584166036,0.029375,0.3404255319148936,14,0.029375
near_capacity_correlated,194,no_hedge,0.995625,0.7105062683614776,5.252094346127162,7.016140733763642,0.4185769344181689,0,0,10,0
near_capacity_correlated,194,fixed_250ms,0.995625,1.680715758649825,4.585909805859771,6.3511741225658085,0.44135181209676944,0.9,0.38263888888888886,21,0.899375
near_capacity_correlated,194,fixed_500ms,0.99875,1.2329160417033478,3.8640291024389626,5.538910242134946,0.4304482317737341,0.76125,0.3136288998357964,16,0.76
near_capacity_correlated,194,queue_capped_250ms,0.993125,0.6853870463744443,4.45296846152047,7.093220048816825,0.4162719903301725,0.17,0.3161764705882353,7,0.17
near_capacity_correlated,195,no_hedge,0.97625,1.0636146270273272,6.4795237036825775,8,0.433811441567333,0,0,15,0
near_capacity_correlated,195,fixed_250ms,1,1.5607943151270405,4.101912104564306,4.949069210889789,0.4179384096820081,0.900625,0.3837612768910479,19,0.8975
near_capacity_correlated,195,fixed_500ms,1,1.9965214515476646,5.219566843913995,6.514550265269534,0.4281806306559042,0.8275,0.3323262839879154,23,0.825
near_capacity_correlated,195,queue_capped_250ms,0.991875,0.6576352085549217,4.312814826148255,7.600037335538531,0.4259206470122464,0.199375,0.34796238244514105,9,0.19875
near_capacity_correlated,196,no_hedge,0.9975,0.34892885801113493,3.5313846643278595,6.1943954779903905,0.3785171378643928,0,0,7,0
near_capacity_correlated,196,fixed_250ms,1,0.3309438380638028,1.9901617637005096,3.110654427239652,0.3591723828584105,0.6125,0.33877551020408164,11,0.61125
near_capacity_correlated,196,fixed_500ms,1,0.29548575453347325,2.161370050822633,3.069084741149865,0.35176407712129903,0.329375,0.40037950664136623,12,0.328125
near_capacity_correlated,196,queue_capped_250ms,0.99875,0.2950972297237584,2.4021390828372446,4.147676531770788,0.3524422329271995,0.290625,0.3161290322580645,6,0.290625
near_capacity_correlated,197,no_hedge,0.9975,0.5090147278676795,4.582980535521296,6.596660067195145,0.42163117854982046,0,0,7,0
near_capacity_correlated,197,fixed_250ms,1,0.4255610414027018,1.9555438731990975,3.141376571263676,0.40469664582068243,0.72,0.3402777777777778,8,0.719375
near_capacity_correlated,197,fixed_500ms,1,0.40069315228953073,2.2006561517452496,3.2594527811921736,0.4006452798783608,0.40875,0.3853211009174312,9,0.40875
near_capacity_correlated,197,queue_capped_250ms,1,0.34017409871581705,2.3597327557370704,3.6813416075746117,0.3986724263722675,0.383125,0.3605220228384992,4,0.383125
near_capacity_correlated,198,no_hedge,0.99625,0.8465048526126964,5.117333117658703,7.203133346006943,0.4035919660877423,0,0,10,0
near_capacity_correlated,198,fixed_250ms,1,1.0754545397887245,4.53621566110705,5.2739087088343,0.389521005810193,0.779375,0.3608660785886127,23,0.778125
near_capacity_correlated,198,fixed_500ms,1,1.2565272754514307,3.5490496133138176,4.862978463529359,0.3916998069387247,0.673125,0.34540389972144847,17,0.6725
near_capacity_correlated,198,queue_capped_250ms,0.998125,0.6918963706469903,5.3384659294040375,6.728835377082984,0.39320454465344,0.198125,0.3217665615141956,11,0.1975
near_capacity_correlated,199,no_hedge,0.9975,0.35053235850843834,3.4484559323723687,6.033980155134174,0.3881831192350008,0,0,5,0
near_capacity_correlated,199,fixed_250ms,1,0.3283028079956267,1.7142367639047222,2.7179007620648967,0.3655731955163926,0.616875,0.3171225937183384,9,0.616875
near_capacity_correlated,199,fixed_500ms,1,0.2952779099885118,1.5785763287089125,2.7587385569402194,0.3573987157289506,0.321875,0.44271844660194176,7,0.320625
near_capacity_correlated,199,queue_capped_250ms,1,0.29394474882793986,1.9915318269635378,4.211918897048765,0.36528933182037193,0.3675,0.3129251700680272,4,0.366875
near_capacity_correlated,200,no_hedge,0.9975,0.36842089268890454,3.7168571319165267,6.237670155327397,0.3904628053018402,0,0,7,0
near_capacity_correlated,200,fixed_250ms,1,0.672481534870002,2.5958898315036123,3.8445653812492004,0.3940575371031999,0.713125,0.3418054338299737,11,0.711875
near_capacity_correlated,200,fixed_500ms,1,0.5372024753628963,2.6122238004878007,3.8811708903624265,0.3905709341610134,0.509375,0.35828220858895704,12,0.50875
near_capacity_correlated,200,queue_capped_250ms,0.995625,0.41752240905048055,3.5058691230886225,6.334223272107479,0.39436724950534496,0.236875,0.316622691292876,7,0.236875
near_capacity_correlated,201,no_hedge,0.995,0.6294009600613535,4.2776798668284215,7.322436607517989,0.40532496984956806,0,0,9,0
near_capacity_correlated,201,fixed_250ms,1,0.8908850603085199,3.1921552335917305,4.124275496135757,0.40191164252689243,0.7775,0.35932475884244375,16,0.774375
near_capacity_correlated,201,fixed_500ms,1,1.074419474520198,4.122540535234606,5.263269053265514,0.4004258591557356,0.665625,0.36056338028169016,19,0.665
near_capacity_correlated,201,queue_capped_250ms,0.996875,0.6974406605451406,5.315182797997302,7.361070255596804,0.40664616193052516,0.171875,0.33454545454545453,10,0.171875
near_capacity_correlated,202,no_hedge,0.999375,0.3057614792406511,3.6752718216534817,5.662961549273341,0.38547080734921435,0,0,7,0
near_capacity_correlated,202,fixed_250ms,1,0.47376284071495567,2.597585823426286,3.745515482723425,0.39402032705209195,0.6875,0.3481818181818182,12,0.685
near_capacity_correlated,202,fixed_500ms,1,0.31889933314004537,2.563548583619628,3.8060083574791506,0.38195969409166053,0.380625,0.3842364532019704,11,0.38
near_capacity_correlated,202,queue_capped_250ms,0.995625,0.38959606227941634,3.8068074109696823,6.508032229358676,0.3876049684065282,0.265,0.3231132075471698,8,0.265
near_capacity_correlated,203,no_hedge,0.9525,1.6734356800124814,7.97412412634074,8,0.4065085241994033,0,0,16,0
near_capacity_correlated,203,fixed_250ms,0.934375,3.9363703967824524,8,8,0.43261704389237693,0.90875,0.4167812929848693,38,0.908125
near_capacity_correlated,203,fixed_500ms,0.985,2.9612281760085626,7.077588895224519,8,0.4250319777689807,0.81,0.3680555555555556,33,0.809375
near_capacity_correlated,203,queue_capped_250ms,0.951875,1.7794482782537067,7.889642374474832,8,0.415281307679054,0.165625,0.3169811320754717,15,0.165625
near_capacity_correlated,204,no_hedge,0.998125,0.4897147566444602,4.044564210237667,5.994948289931312,0.40353836015129324,0,0,8,0
near_capacity_correlated,204,fixed_250ms,1,0.4287457489013562,2.009483428843435,3.2177047487389423,0.38908802722601943,0.71,0.3380281690140845,11,0.71
near_capacity_correlated,204,fixed_500ms,1,0.41472332711583704,2.5130944163782303,3.5977789662376196,0.3811367717591849,0.450625,0.37586685159500693,12,0.450625
near_capacity_correlated,204,queue_capped_250ms,1,0.3613409887583856,2.876201564028424,4.576315412300842,0.3887509230188275,0.36125,0.31833910034602075,6,0.36125
near_capacity_correlated,205,no_hedge,0.999375,0.3554284660727447,3.5300066914958776,5.098589187174028,0.3911957232904511,0,0,6,0
near_capacity_correlated,205,fixed_250ms,1,0.5622664045492769,3.311940275074271,4.491716705611815,0.39553964276534365,0.729375,0.35475578406169667,16,0.729375
near_capacity_correlated,205,fixed_500ms,1,0.4619378506832703,2.788940867641312,3.8798146307315022,0.38587231863331084,0.480625,0.3550065019505852,14,0.480625
near_capacity_correlated,205,queue_capped_250ms,1,0.37645282607808284,3.061304779752774,4.562632775169817,0.3851269394131878,0.306875,0.34012219959266804,5,0.306875
near_capacity_correlated,206,no_hedge,0.99375,0.5723303698171947,4.346885809820847,7.0430195956821535,0.3895262074037713,0,0,10,0
near_capacity_correlated,206,fixed_250ms,0.9325,2.09143010318801,8,8,0.42787901387229405,0.83125,0.3977443609022556,37,0.82875
near_capacity_correlated,206,fixed_500ms,0.99125,1.545920090895251,5.466186413485687,7.805871834625918,0.4105609717376243,0.710625,0.3438874230430959,25,0.710625
near_capacity_correlated,206,queue_capped_250ms,0.99375,0.6368387726255902,4.962126434359973,7.4311125621328955,0.39340298586395434,0.1625,0.3769230769230769,10,0.1625
near_capacity_correlated,207,no_hedge,0.98125,1.0218988744979356,6.266594699909874,8,0.4378050042507858,0,0,12,0
near_capacity_correlated,207,fixed_250ms,0.910625,3.995141667167161,8,8,0.4517530276030402,0.89625,0.4191073919107392,36,0.89375
near_capacity_correlated,207,fixed_500ms,0.925625,3.658372055874622,8,8,0.45774868685507564,0.83125,0.36165413533834584,34,0.829375
near_capacity_correlated,207,queue_capped_250ms,0.959375,1.6608644190910766,7.59904423875129,8,0.4428342076577883,0.110625,0.3389830508474576,14,0.110625
near_capacity_correlated,208,no_hedge,0.97875,1.0917642118412587,5.931331199496043,8,0.4103785213264311,0,0,13,0
near_capacity_correlated,208,fixed_250ms,0.998125,2.6942940341826187,5.698348256097745,6.3369969214003135,0.41122815604701524,0.870625,0.3704235463029433,32,0.86875
near_capacity_correlated,208,fixed_500ms,0.995625,4.13094735830877,6.485184219145005,7.5373077927751595,0.4191487021159531,0.805625,0.3591931730023274,32,0.805625
near_capacity_correlated,208,queue_capped_250ms,0.985,0.9675296965651938,5.886481867647888,8,0.4027415234394674,0.131875,0.2843601895734597,12,0.131875
near_capacity_correlated,209,no_hedge,1,0.30564505344160864,3.157568937190547,4.339528074030607,0.39203968103792675,0,0,4,0
near_capacity_correlated,209,fixed_250ms,1,0.502764607398305,2.453079936854582,3.47923267354793,0.4004447479926827,0.719375,0.3475238922675934,14,0.71875
near_capacity_correlated,209,fixed_500ms,1,0.38517107687920316,2.093835285106479,3.4704717373676175,0.3887130327187822,0.425,0.3602941176470588,9,0.425
near_capacity_correlated,209,queue_capped_250ms,1,0.4290129839583354,3.167568937190552,4.698517828638728,0.405782593259641,0.29375,0.35106382978723405,5,0.293125
near_capacity_correlated,210,no_hedge,0.99875,0.3329044699902113,3.3436745454928314,5.854115616168912,0.3919707475861383,0,0,6,0
near_capacity_correlated,210,fixed_250ms,1,0.5095958318082339,2.826090757925023,4.217687472370241,0.40176158375745463,0.71125,0.3339191564147627,14,0.71
near_capacity_correlated,210,fixed_500ms,1,0.6678794213251322,2.790550883369889,4.514244993583802,0.4000803078552856,0.553125,0.36836158192090396,13,0.553125
near_capacity_correlated,210,queue_capped_250ms,0.9975,0.37653404795583434,2.9746305771567334,4.770082590775445,0.39468711117982175,0.30875,0.32186234817813764,5,0.30875
near_capacity_correlated,211,no_hedge,0.995625,0.5599579119430445,4.8295605965962665,6.844299345350663,0.3858486289853623,0,0,8,0
near_capacity_correlated,211,fixed_250ms,0.999375,0.7951663906769726,3.405377853543172,4.634092615030191,0.39211451926004487,0.77,0.3758116883116883,16,0.769375
near_capacity_correlated,211,fixed_500ms,1,0.635717681028531,3.4472554463910754,4.692800329257011,0.3825580855976674,0.5575,0.3508968609865471,18,0.5575
near_capacity_correlated,211,queue_capped_250ms,0.993125,0.6175001806976113,4.835030860217955,7.497388012199096,0.3997519418208423,0.19875,0.33962264150943394,9,0.198125
near_capacity_correlated,212,no_hedge,0.904375,2.132520850034261,8,8,0.45740150306683064,0,0,19,0
near_capacity_correlated,212,fixed_250ms,0.999375,1.1342999142667836,4.369311444909087,6.082925953773341,0.4380665954293543,0.86375,0.3784370477568741,22,0.863125
near_capacity_correlated,212,fixed_500ms,1,0.8660323824463347,3.9139599152595395,5.361587733518469,0.41760566166243074,0.62625,0.3602794411177645,19,0.625625
near_capacity_correlated,212,queue_capped_250ms,0.944375,1.372275783125854,8,8,0.45050692344912685,0.171875,0.36727272727272725,16,0.171875
near_capacity_correlated,213,no_hedge,0.979375,1.459251797613618,6.80472564129807,8,0.423140256834713,0,0,11,0
near_capacity_correlated,213,fixed_250ms,0.9775,1.8226304883197813,7.176422827773109,8,0.43081018022240086,0.833125,0.37209302325581395,33,0.830625
near_capacity_correlated,213,fixed_500ms,0.999375,1.5343981086425913,4.925770292692349,6.802079299769375,0.42065769908926476,0.738125,0.35478408128704486,24,0.735
near_capacity_correlated,213,queue_capped_250ms,0.99625,0.7851741615253474,4.916674226105904,6.767684194785744,0.40819241942552315,0.144375,0.39826839826839827,8,0.144375
near_capacity_correlated,214,no_hedge,0.83,4.636899532253722,8,8,0.4277205922956609,0,0,20,0
near_capacity_correlated,214,fixed_250ms,0.814375,5.847020688403049,8,8,0.44069818104586034,0.9575,0.42297650130548303,41,0.953125
near_capacity_correlated,214,fixed_500ms,0.891875,4.9654901658730495,8,8,0.43767819359157356,0.936875,0.3609072715143429,38,0.9325
near_capacity_correlated,214,queue_capped_250ms,0.834375,4.719509791415618,8,8,0.42856275353118056,0.023125,0.1891891891891892,19,0.023125
near_capacity_correlated,215,no_hedge,0.960625,1.072968756803144,7.662231207483202,8,0.4421523216698356,0,0,12,0
near_capacity_correlated,215,fixed_250ms,1,0.40790708759129757,1.9724633723952394,3.1675826476997173,0.3916485838361406,0.674375,0.3586654309545876,11,0.6725
near_capacity_correlated,215,fixed_500ms,1,0.49280031738754104,2.5251834002767453,3.616183889797213,0.3999775743357353,0.495,0.4090909090909091,12,0.49125
near_capacity_correlated,215,queue_capped_250ms,0.993125,0.4705524981701501,4.775640097816151,7.624492749232147,0.41596453532047406,0.25375,0.39408866995073893,7,0.25375
near_capacity_correlated,216,no_hedge,0.990625,0.7817916902637947,4.855904318441645,7.644513398451878,0.426024685791063,0,0,8,0
near_capacity_correlated,216,fixed_250ms,1,0.7369598677314997,3.1334092115357635,3.9648497908779774,0.3960442204770447,0.76375,0.35515548281505727,15,0.763125
near_capacity_correlated,216,fixed_500ms,1,0.8559590926694511,3.1622701542637515,4.326389511801047,0.40046972923476765,0.623125,0.33099297893681046,15,0.619375
near_capacity_correlated,216,queue_capped_250ms,0.994375,0.5974533126396011,4.830455076990766,6.9877208234642865,0.4070861342990304,0.245,0.33418367346938777,9,0.245
near_capacity_correlated,217,no_hedge,0.995,0.5503734484711416,4.82160284502541,7.321524858994422,0.4097099311932039,0,0,11,0
near_capacity_correlated,217,fixed_250ms,0.999375,1.0846380541126912,4.992291746560781,5.929842348944447,0.42923055799711407,0.84875,0.36671575846833576,28,0.84875
near_capacity_correlated,217,fixed_500ms,0.996875,1.8974399478519217,5.669257453399226,6.8789252572977375,0.432126254942416,0.7525,0.3554817275747508,30,0.751875
near_capacity_correlated,217,queue_capped_250ms,0.991875,0.6852922485958217,5.257043299050096,7.644806509301262,0.4206912738218779,0.204375,0.3730886850152905,10,0.204375
near_capacity_correlated,218,no_hedge,0.989375,0.8810706364673475,5.440440789441155,8,0.42738133692031,0,0,10,0
near_capacity_correlated,218,fixed_250ms,0.998125,1.8510106764532992,5.189919694379647,6.6358211336843596,0.450591892557572,0.8625,0.3869565217391304,21,0.860625
near_capacity_correlated,218,fixed_500ms,0.995,1.0845992821480053,4.79874058416317,6.590844567809924,0.44212765615666216,0.708125,0.3265666372462489,23,0.708125
near_capacity_correlated,218,queue_capped_250ms,0.984375,0.7919390222704266,5.765135157260431,8,0.43114836173031246,0.16875,0.3148148148148148,11,0.16875
near_capacity_correlated,219,no_hedge,0.98,0.7278724004215302,5.757647971735729,8,0.4206605473504707,0,0,10,0
near_capacity_correlated,219,fixed_250ms,1,1.1969743563386785,4.120294396509857,5.461965920793048,0.43059188171164053,0.910625,0.366506520247083,22,0.9075
near_capacity_correlated,219,fixed_500ms,1,0.7758296155838096,2.827103209749289,3.9908236866036617,0.4019783293830461,0.610625,0.36438075742067555,14,0.606875
near_capacity_correlated,219,queue_capped_250ms,0.98625,0.5404473934732188,5.670053467980438,8,0.4146318416279539,0.270625,0.3464203233256351,11,0.270625
near_capacity_correlated,220,no_hedge,0.995625,0.6518573409782604,4.747557592913619,7.158890418764614,0.3866487613003185,0,0,11,0
near_capacity_correlated,220,fixed_250ms,1,0.6227793662167693,3.560451676441531,4.604830932809307,0.3756755908442362,0.746875,0.34058577405857743,19,0.746875
near_capacity_correlated,220,fixed_500ms,1,0.879306744863598,3.7543397568965204,4.750065663972137,0.3848413788020169,0.65375,0.32504780114722753,18,0.653125
near_capacity_correlated,220,queue_capped_250ms,0.989375,0.7271680865524672,5.211230449119299,8,0.3872504359258898,0.16,0.3203125,13,0.16
near_capacity_correlated,221,no_hedge,0.996875,0.6646408064630265,4.982869743028729,6.446659365254732,0.40537804689830603,0,0,11,0
near_capacity_correlated,221,fixed_250ms,1,0.6162582066447335,2.996541719252164,3.947631594405948,0.3899895455730662,0.771875,0.3522267206477733,17,0.771875
near_capacity_correlated,221,fixed_500ms,1,0.6901123888333274,2.820022002010056,4.035150535895713,0.3931159695203981,0.6025,0.36929460580912865,14,0.60125
near_capacity_correlated,221,queue_capped_250ms,0.998125,0.528817896321712,3.9995651018396643,6.973751645381014,0.39884163520835,0.23,0.328804347826087,8,0.23
near_capacity_correlated,222,no_hedge,0.964375,2.2147145160057775,7.252262026763589,8,0.4378850062955454,0,0,13,0
near_capacity_correlated,222,fixed_250ms,0.99875,1.8464788516430204,5.179271503950609,6.099115862463293,0.42452975506676033,0.8875,0.37253521126760564,24,0.886875
near_capacity_correlated,222,fixed_500ms,0.993125,3.091420687129755,6.320771419194408,7.839336824365258,0.43658822948663656,0.943125,0.34791252485089463,27,0.941875
near_capacity_correlated,222,queue_capped_250ms,0.968125,1.7223190353269615,7.205790159517488,8,0.44039813565998215,0.068125,0.41284403669724773,11,0.068125
near_capacity_correlated,223,no_hedge,0.994375,0.5107645914905561,3.922320726616796,7.345080042094416,0.4013825919595799,0,0,7,0
near_capacity_correlated,223,fixed_250ms,1,0.36418217514295853,1.947219037777728,3.4475158818214027,0.36493485235458756,0.635,0.3494094488188976,9,0.634375
near_capacity_correlated,223,fixed_500ms,1,0.35896056127456566,2.1798815950460337,3.2824829636454425,0.3667971728737988,0.399375,0.40375586854460094,10,0.399375
near_capacity_correlated,223,queue_capped_250ms,0.994375,0.41980935368201955,4.341456078816371,7.130549664170111,0.37954561255118846,0.2825,0.3584070796460177,11,0.281875
near_capacity_correlated,224,no_hedge,0.99375,0.8419194829217673,5.282806905332642,7.197572354806667,0.4152713573583143,0,0,11,0
near_capacity_correlated,224,fixed_250ms,1,1.6807072044512168,4.011628959486636,5.108691685628472,0.41755340677032343,0.911875,0.37902673063742287,19,0.91125
near_capacity_correlated,224,fixed_500ms,1,1.055144890960534,3.507504803581135,4.270377489973839,0.4024419829298146,0.7075,0.3250883392226148,19,0.705625
near_capacity_correlated,224,queue_capped_250ms,0.99375,0.6932144517106593,4.64128839230929,6.952089000246218,0.4109993087004284,0.16625,0.3082706766917293,9,0.16625
near_capacity_correlated,225,no_hedge,0.998125,0.3487863075678064,3.959275445697898,6.435340403467265,0.3884583921828407,0,0,7,0
near_capacity_correlated,225,fixed_250ms,1,0.45591672767762326,2.4777634449719557,3.3531561237902565,0.37945115203012425,0.676875,0.3471837488457987,12,0.67625
near_capacity_correlated,225,fixed_500ms,1,0.47028266842286115,2.8371495448742508,3.5789273692694508,0.3724749014317786,0.485,0.34664948453608246,13,0.485
near_capacity_correlated,225,queue_capped_250ms,0.99875,0.38313520052002303,3.000342521977373,4.870685028928669,0.3781261131167119,0.271875,0.3701149425287356,6,0.271875
near_capacity_correlated,226,no_hedge,1,0.4519216617661286,3.836028614876568,5.618703662116587,0.38642888193957403,0,0,9,0
near_capacity_correlated,226,fixed_250ms,1,0.4308720246701405,3.0373519036157077,4.080103999462182,0.3856127305309797,0.6925,0.3285198555956679,17,0.69
near_capacity_correlated,226,fixed_500ms,1,0.5050680956935523,3.3182889090234795,4.769245363407919,0.3868918715919119,0.500625,0.3445692883895131,17,0.500625
near_capacity_correlated,226,queue_capped_250ms,0.998125,0.427578325082834,3.213211218395301,4.2767952489689804,0.3775514557141928,0.2775,0.3333333333333333,7,0.2775
near_capacity_correlated,227,no_hedge,0.984375,1.4995662779190724,6.413156022553238,8,0.42692258280771705,0,0,11,0
near_capacity_correlated,227,fixed_250ms,1,1.821951550526009,4.568669275560062,5.644176519082194,0.4414539030902149,0.900625,0.38653712699514226,22,0.900625
near_capacity_correlated,227,fixed_500ms,0.99375,3.188560051311569,6.48100521687784,7.789011705548795,0.454462232088293,0.87625,0.3288159771754636,29,0.874375
near_capacity_correlated,227,queue_capped_250ms,0.988125,1.3284349045616466,6.058247257857381,8,0.42789220445031484,0.115625,0.3675675675675676,10,0.115625
near_capacity_correlated,228,no_hedge,0.999375,0.7234836973634913,4.848017426258707,7.135306877041685,0.4167826637790765,0,0,10,0
near_capacity_correlated,228,fixed_250ms,1,1.3523716540827593,4.375162969718044,5.5472991412568575,0.4205402074509915,0.85125,0.3803230543318649,24,0.85125
near_capacity_correlated,228,fixed_500ms,0.999375,1.0590483473536096,3.869226533430915,5.530883183878132,0.4147508621518829,0.666875,0.3514526710402999,19,0.665
near_capacity_correlated,228,queue_capped_250ms,0.99875,0.4573117629513064,4.1573349394462795,5.686851154869014,0.40021667882196127,0.26875,0.37209302325581395,10,0.26875
near_capacity_correlated,229,no_hedge,0.994375,0.7129973682664499,4.423931470719509,5.800612275259823,0.40327975870626487,0,0,10,0
near_capacity_correlated,229,fixed_250ms,1,0.5993163105038093,2.9823498504963677,4.395846941993227,0.38293652897028524,0.743125,0.3355761143818335,18,0.741875
near_capacity_correlated,229,fixed_500ms,1,0.7634243477819602,3.1107014920705733,4.580062921686608,0.3838630733724475,0.59125,0.34249471458773784,14,0.58875
near_capacity_correlated,229,queue_capped_250ms,0.998125,0.4933640659573655,3.669020198738009,6.458235536547576,0.39203515803748473,0.24625,0.3096446700507614,7,0.245625
near_capacity_correlated,230,no_hedge,1,0.440052302242826,3.877407841636437,5.859480239215912,0.40518531625179066,0,0,6,0
near_capacity_correlated,230,fixed_250ms,1,0.46490081045385523,2.3196441820601663,3.2712986991200452,0.39273410529275954,0.725625,0.3333333333333333,12,0.713125
near_capacity_correlated,230,fixed_500ms,1,0.4760831609610534,2.633538917486252,3.7112986991199577,0.38553590299208784,0.4875,0.37564102564102564,11,0.484375
near_capacity_correlated,230,queue_capped_250ms,1,0.3829272455829127,2.800304626053034,4.7177980863191635,0.39036474805410754,0.35375,0.3621908127208481,6,0.35375
near_capacity_correlated,231,no_hedge,0.998125,0.4813442461156967,3.6505837291684458,5.469643691830761,0.4013412972297931,0,0,7,0
near_capacity_correlated,231,fixed_250ms,1,1.2687809507222167,4.937892949451523,6.217482607482211,0.40069624988284025,0.810625,0.37162683114880496,24,0.80875
near_capacity_correlated,231,fixed_500ms,1,1.0792070739442892,3.430040126016877,4.323393156923061,0.39583009772236677,0.643125,0.3595724003887269,15,0.6425
near_capacity_correlated,231,queue_capped_250ms,0.999375,0.4916027103377578,3.5589534491168564,5.478938469670254,0.3941548894856311,0.22875,0.38524590163934425,6,0.2275
near_capacity_correlated,232,no_hedge,0.99875,0.27385704943814915,2.986167590280999,5.252358948899781,0.38713503003937094,0,0,5,0
near_capacity_correlated,232,fixed_250ms,1,0.3660735968085902,2.1960173418880826,3.337828219599629,0.3818976734864032,0.644375,0.34044616876818623,12,0.64375
near_capacity_correlated,232,fixed_500ms,1,0.3354785270145211,2.0907056690129195,3.1873582137823604,0.3765321482700654,0.36625,0.3651877133105802,7,0.365
near_capacity_correlated,232,queue_capped_250ms,1,0.27652007877099116,2.2341463079639112,3.430384383192731,0.36654817492380287,0.3425,0.34854014598540145,5,0.341875
near_capacity_correlated,233,no_hedge,0.994375,0.5045484136638336,3.8019342997462147,6.499517044465236,0.39918126142199684,0,0,8,0
near_capacity_correlated,233,fixed_250ms,1,0.5873015224664133,2.711163154660724,3.972291213992186,0.39108708935944597,0.7675,0.34609120521172637,14,0.7675
near_capacity_correlated,233,fixed_500ms,0.999375,1.2303421163920092,3.9404022596043333,5.154117436237691,0.40442309744286425,0.726875,0.32158211521926056,21,0.72625
near_capacity_correlated,233,queue_capped_250ms,0.99625,0.5621416779183477,4.420246835407042,6.523566795252947,0.40090157217207667,0.24375,0.3641025641025641,8,0.24375
near_capacity_correlated,234,no_hedge,0.994375,0.40351871937129147,4.253736380313015,6.228182750836943,0.3953837464253435,0,0,8,0
near_capacity_correlated,234,fixed_250ms,1,0.7299606041783164,2.6459994365772523,3.945432154274698,0.3971093019203795,0.77375,0.3473344103392569,14,0.773125
near_capacity_correlated,234,fixed_500ms,1,0.7232346030530721,3.2736588118857384,4.522449828204849,0.3918457702642876,0.5975,0.33263598326359833,18,0.5975
near_capacity_correlated,234,queue_capped_250ms,0.9925,0.5806300059485334,4.705291399284938,7.483022818274655,0.4062013652252678,0.19625,0.3503184713375796,9,0.195625
near_capacity_correlated,235,no_hedge,0.995,0.6679737123191103,4.561366161743571,6.95811618915689,0.41314918821812613,0,0,8,0
near_capacity_correlated,235,fixed_250ms,1,0.6661979920716092,2.7279842862993533,4.357053991956299,0.4024667260706417,0.795,0.3522012578616352,15,0.794375
near_capacity_correlated,235,fixed_500ms,1,0.5051423548718574,2.3886560631246,3.331227487158193,0.3891276568034376,0.499375,0.39173967459324155,13,0.49875
near_capacity_correlated,235,queue_capped_250ms,0.996875,0.4580873650850785,4.177305080095387,6.027855577754671,0.4034604493965708,0.28625,0.35152838427947597,9,0.28625
near_capacity_correlated,236,no_hedge,0.939375,2.136012486102757,8,8,0.4161202126090543,0,0,15,0
near_capacity_correlated,236,fixed_250ms,1,1.0500127991439,4.009013653484985,5.145127059368093,0.40322696403056085,0.825,0.3553030303030303,20,0.824375
near_capacity_correlated,236,fixed_500ms,1,1.406100653560145,4.810037083715244,6.080029555758564,0.39953494238215603,0.680625,0.3443526170798898,22,0.68
near_capacity_correlated,236,queue_capped_250ms,0.9675,1.4472951076559681,7.00149073236944,8,0.40585226674282465,0.144375,0.3333333333333333,12,0.14375
near_capacity_correlated,237,no_hedge,0.99625,0.44012885997029905,3.720822315223696,6.302917047397089,0.4188311141422222,0,0,6,0
near_capacity_correlated,237,fixed_250ms,1,0.4251430676722112,2.4374820860584485,3.597804806840827,0.40071066136677236,0.68875,0.367513611615245,13,0.68625
near_capacity_correlated,237,fixed_500ms,1,0.6421585044672753,3.061398961254895,4.1496560789202235,0.41228918292911,0.565625,0.34917127071823206,18,0.56375
near_capacity_correlated,237,queue_capped_250ms,1,0.36108313339300935,2.5933764874380962,5.2770031196461105,0.4003730289061452,0.335,0.3451492537313433,7,0.335
near_capacity_correlated,238,no_hedge,1,0.35015439280438443,3.0905234266031236,4.926029099635606,0.3712682584604331,0,0,7,0
near_capacity_correlated,238,fixed_250ms,1,0.5635557613826165,2.6855343318220264,3.76429376388144,0.3769876401241196,0.748125,0.3157894736842105,14,0.745625
near_capacity_correlated,238,fixed_500ms,1,0.9034244944685765,3.18814757490917,4.288433650633891,0.3774918621406216,0.605625,0.3240454076367389,17,0.605625
near_capacity_correlated,238,queue_capped_250ms,1,0.4455429093097649,3.304013691141904,4.627023152044384,0.37886588193993953,0.268125,0.32167832167832167,7,0.265625
near_capacity_correlated,239,no_hedge,1,0.3333890984305512,3.397688956944698,5.054659615712939,0.3999129178053324,0,0,6,0
near_capacity_correlated,239,fixed_250ms,1,0.27807645292810435,1.3669996512409455,2.6753879239734495,0.35977764737386025,0.539375,0.36152954808806487,7,0.539375
near_capacity_correlated,239,fixed_500ms,1,0.2662403996103109,1.3045894819640296,2.6336955901063988,0.36248300584884546,0.24875,0.5301507537688442,6,0.246875
near_capacity_correlated,239,queue_capped_250ms,1,0.26367238997991715,1.6657136308968603,3.25337120773564,0.3575803168168261,0.396875,0.3716535433070866,3,0.396875
near_capacity_correlated,240,no_hedge,0.99875,0.4197022329321598,3.3744251402679737,4.925409919155708,0.4074053059848613,0,0,6,0
near_capacity_correlated,240,fixed_250ms,1,0.7694614095054106,2.8705917348913985,3.734541649979814,0.4237458488286097,0.846875,0.35571955719557197,12,0.845625
near_capacity_correlated,240,fixed_500ms,1,1.6701970206619592,4.201123865371102,5.0470752600530915,0.4350857493603655,0.800625,0.33489461358313816,18,0.79875
near_capacity_correlated,240,queue_capped_250ms,1,0.45566682701054617,3.610602308323614,5.511520829914964,0.4139661000582794,0.318125,0.3693516699410609,8,0.318125
near_capacity_correlated,241,no_hedge,0.994375,0.727938022918778,5.323129228462307,7.678192088237957,0.4055027086418945,0,0,10,0
near_capacity_correlated,241,fixed_250ms,1,0.9487999756159837,3.798118547371878,5.000406238927603,0.3914544657873599,0.78625,0.35771065182829886,20,0.78625
near_capacity_correlated,241,fixed_500ms,1,1.0693917833795616,4.246447206195782,5.640265688336996,0.3973635721812586,0.66375,0.3474576271186441,20,0.661875
near_capacity_correlated,241,queue_capped_250ms,1,0.5443267224268027,4.576617707485369,6.183535314063633,0.3894193864191694,0.19,0.35526315789473684,10,0.19
near_capacity_correlated,242,no_hedge,0.99875,0.4412785548057627,3.8722590766535205,5.856453126778533,0.3911053778590599,0,0,7,0
near_capacity_correlated,242,fixed_250ms,1,0.5335609110796096,2.5225469087303267,3.4685780943066504,0.3720935038319677,0.71875,0.331304347826087,12,0.7175
near_capacity_correlated,242,fixed_500ms,1,0.7293250369013151,3.572013306677384,4.626595114742003,0.37312341745397226,0.563125,0.3584905660377358,15,0.5625
near_capacity_correlated,242,queue_capped_250ms,0.99875,0.40860809154332856,3.3154341919098087,5.12082735555893,0.37555263297362046,0.276875,0.3115124153498871,7,0.276875
near_capacity_correlated,243,no_hedge,0.865625,2.288471662415894,8,8,0.4529761969211477,0,0,20,0
near_capacity_correlated,243,fixed_250ms,0.91,1.9586438280486362,8,8,0.42346782573184377,0.815,0.3857361963190184,39,0.815
near_capacity_correlated,243,fixed_500ms,0.973125,1.3234052386172834,7.619664047484193,8,0.42607613268427724,0.705625,0.4003542958370239,32,0.705
near_capacity_correlated,243,queue_capped_250ms,0.859375,1.6556936879037352,8,8,0.4365746075014219,0.150625,0.37344398340248963,20,0.150625
near_capacity_correlated,244,no_hedge,0.99375,0.6709024118215083,4.381168310530356,6.914384010057148,0.42460840933700483,0,0,8,0
near_capacity_correlated,244,fixed_250ms,1,1.69144471091278,4.317333184654096,5.37862424605899,0.4345596478135825,0.88375,0.384016973125884,20,0.88125
near_capacity_correlated,244,fixed_500ms,0.999375,1.5773607548480797,4.151790584060862,5.530304750017152,0.4374454804911075,0.7625,0.3344262295081967,18,0.760625
near_capacity_correlated,244,queue_capped_250ms,0.994375,0.7860347382984685,4.463899028615209,7.068029794144273,0.43331232896388355,0.191875,0.33876221498371334,8,0.191875
near_capacity_correlated,245,no_hedge,0.998125,0.32533808366131467,3.3678280486295193,4.7185369429345485,0.3940242809696622,0,0,5,0
near_capacity_correlated,245,fixed_250ms,1,0.42223922167111283,2.1417094576280107,3.0892412504223685,0.3862561861300409,0.676875,0.3628808864265928,9,0.676875
near_capacity_correlated,245,fixed_500ms,1,0.47094261385604597,2.349241647376175,3.3797285272081368,0.3900740261277612,0.47,0.38563829787234044,12,0.47
near_capacity_correlated,245,queue_capped_250ms,0.9975,0.3862003170693171,2.9999806630287438,4.403375760834333,0.3942353985051763,0.286875,0.3572984749455338,6,0.286875
near_capacity_correlated,246,no_hedge,0.995,0.4138052941009249,3.7465989344580066,7.141948954985594,0.39828883707435203,0,0,7,0
near_capacity_correlated,246,fixed_250ms,1,0.5436100354859974,3.844764957150417,5.380902062235222,0.40212396020158564,0.740625,0.3426160337552743,20,0.73875
near_capacity_correlated,246,fixed_500ms,1,0.5364089871654087,3.201656862541981,4.160478744678429,0.39011369100964705,0.510625,0.35862913096695226,16,0.51
near_capacity_correlated,246,queue_capped_250ms,0.9975,0.4718310332767004,3.7235411478813774,5.803524467914258,0.40541639316914563,0.26,0.3125,8,0.26
near_capacity_correlated,247,no_hedge,0.995,0.8414380982266927,5.448074079196282,7.623072471364154,0.4288027403931885,0,0,11,0
near_capacity_correlated,247,fixed_250ms,1,1.0984277986182889,4.097577015348506,5.274705232309117,0.4423195951739569,0.865,0.3916184971098266,20,0.865
near_capacity_correlated,247,fixed_500ms,1,1.2663977083363136,3.7103411598682925,4.68576788882995,0.43544256717170227,0.77,0.31493506493506496,17,0.76875
near_capacity_correlated,247,queue_capped_250ms,0.998125,0.6573840975263039,4.260033363803231,6.471624775515576,0.4240139365814627,0.201875,0.38390092879256965,8,0.201875
near_capacity_correlated,248,no_hedge,0.999375,0.26169073703461265,3.1096448466378845,4.6903804788184615,0.3764331899471909,0,0,5,0
near_capacity_correlated,248,fixed_250ms,1,0.30671507658534836,1.9747787079697332,3.014927355071336,0.3733047507335588,0.581875,0.3233082706766917,11,0.581875
near_capacity_correlated,248,fixed_500ms,1,0.2831188796348387,1.8955280771602787,3.2895172276957823,0.36663097076886386,0.290625,0.44731182795698926,9,0.290625
near_capacity_correlated,248,queue_capped_250ms,0.998125,0.2707375154571192,2.0301931500695147,3.5584520278186886,0.36765051880900446,0.354375,0.32275132275132273,4,0.35375
near_capacity_correlated,249,no_hedge,0.993125,0.4295845903363045,4.514937643935156,7.325481530429101,0.41587849599212995,0,0,12,0
near_capacity_correlated,249,fixed_250ms,0.998125,0.6065089080625894,4.692657085605219,6.145466738807741,0.4111389147528166,0.7425,0.34764309764309764,28,0.7425
near_capacity_correlated,249,fixed_500ms,1,0.5898422378204558,4.773110694359218,5.740953533355437,0.406160760790516,0.5325,0.3626760563380282,26,0.530625
near_capacity_correlated,249,queue_capped_250ms,0.990625,0.526876204405113,4.326039345836273,7.919267958121125,0.41472892620050067,0.241875,0.3669250645994832,8,0.241875
near_capacity_correlated,250,no_hedge,0.999375,0.5470868794863222,4.038479074428778,5.328624604127015,0.4134374450848477,0,0,7,0
near_capacity_correlated,250,fixed_250ms,1,0.922637401836397,3.0678809558437337,4.085341923709002,0.41484568162837726,0.83125,0.3601503759398496,17,0.829375
near_capacity_correlated,250,fixed_500ms,1,0.5447410421555787,2.566505143302777,3.715799918447509,0.3950378488625523,0.52125,0.3489208633093525,11,0.5175
near_capacity_correlated,250,queue_capped_250ms,0.999375,0.6039635926160756,4.241824641469208,6.3728002192144615,0.4190306329198817,0.221875,0.3154929577464789,8,0.221875
near_capacity_correlated,251,no_hedge,0.9975,0.4410911559087367,3.851759308977691,5.548842980825526,0.4321676096044438,0,0,6,0
near_capacity_correlated,251,fixed_250ms,0.999375,2.4746508705314056,5.210838306333706,6.484901139135744,0.4561169189433687,0.934375,0.391304347826087,24,0.933125
near_capacity_correlated,251,fixed_500ms,1,1.0625367261273269,3.6708914917612603,4.680484353792799,0.4384630649236481,0.68625,0.3551912568306011,15,0.685
near_capacity_correlated,251,queue_capped_250ms,0.999375,0.49373466931768206,3.5969916862403863,5.637047031312459,0.42762140418489963,0.265625,0.37411764705882355,8,0.265625
near_capacity_correlated,252,no_hedge,0.994375,1.5624206087608599,5.876681843490417,7.542210678828226,0.4292378543988661,0,0,11,0
near_capacity_correlated,252,fixed_250ms,1,1.821609924024223,4.282305272098185,5.2767731677301555,0.44136521140844154,0.943125,0.38701126573889993,18,0.939375
near_capacity_correlated,252,fixed_500ms,1,2.2862431551768054,4.519318733140889,5.617174192543853,0.4396956739012521,0.909375,0.3347079037800687,20,0.9075
near_capacity_correlated,252,queue_capped_250ms,0.99625,0.8396603024404197,4.645749244465588,7.377904374238923,0.424446781691663,0.151875,0.3374485596707819,10,0.151875
near_capacity_correlated,253,no_hedge,0.99875,0.32972596261342346,3.4389108204865977,5.823829528660426,0.37871519802601405,0,0,8,0
near_capacity_correlated,253,fixed_250ms,1,0.42669864746518726,2.342827942810956,3.612857557854973,0.36554600909972373,0.67625,0.3290203327171904,11,0.675625
near_capacity_correlated,253,fixed_500ms,1,0.32634445026288006,2.223555055515945,3.140029537042402,0.3575042470782652,0.34875,0.3888888888888889,11,0.34875
near_capacity_correlated,253,queue_capped_250ms,0.999375,0.31394124659243516,2.2157087999904803,4.626505543598398,0.36433663988989223,0.348125,0.3339317773788151,4,0.3475
near_capacity_correlated,254,no_hedge,0.999375,0.9148007520512493,5.053069019738061,6.897689248283715,0.4196479332072488,0,0,9,0
near_capacity_correlated,254,fixed_250ms,0.99875,1.58205323700885,4.0418761177186155,5.761691695190635,0.4177238232843807,0.853125,0.3750915750915751,16,0.8525
near_capacity_correlated,254,fixed_500ms,0.999375,1.5810593605212269,4.224052641832252,5.562736920087417,0.41522006155226415,0.7575,0.3341584158415842,18,0.756875
near_capacity_correlated,254,queue_capped_250ms,0.9975,0.487731472301828,3.8473987419271793,6.7049942474539606,0.4021527690837352,0.251875,0.3523573200992556,7,0.25125
near_capacity_correlated,255,no_hedge,0.965625,2.230628599593757,7.0453228794190075,8,0.420402374018309,0,0,12,0
near_capacity_correlated,255,fixed_250ms,1,2.259559926914015,4.864299851537083,5.982749532998696,0.4068571532091099,0.91375,0.3700410396716826,23,0.91375
near_capacity_correlated,255,fixed_500ms,0.99875,2.7957221487449644,5.625374800624655,6.829749508508346,0.40676507963048697,0.881875,0.3465627214741318,29,0.881875
near_capacity_correlated,255,queue_capped_250ms,0.9775,1.5941625010912723,6.7424896206286675,8,0.41122690466396167,0.06125,0.336734693877551,14,0.060625
near_capacity_correlated,256,no_hedge,0.99875,0.37102972927347366,3.500177259306909,5.062011227172825,0.4039517509569555,0,0,6,0
near_capacity_correlated,256,fixed_250ms,1,1.1712314281403593,3.1234165147282056,4.465610494089624,0.41791880475098675,0.82125,0.393455098934551,14,0.816875
near_capacity_correlated,256,fixed_500ms,1,0.769305533552,2.6413724889956427,3.8922506248479465,0.4122101634449591,0.61625,0.34989858012170383,11,0.61375
near_capacity_correlated,256,queue_capped_250ms,1,0.4051055685134486,2.783979700769006,4.451221160454168,0.411135243255371,0.310625,0.3722334004024145,4,0.310625
near_capacity_correlated,257,no_hedge,0.991875,0.7899765501708558,4.71774330193962,7.755336209314921,0.42730769930000645,0,0,9,0
near_capacity_correlated,257,fixed_250ms,0.999375,1.6055200521861224,4.48204951180711,5.890381204696958,0.4335948168769467,0.8825,0.3859773371104816,23,0.881875
near_capacity_correlated,257,fixed_500ms,1,1.7060258168702802,4.569103721023197,5.516010152004981,0.42703987380898084,0.7575,0.3465346534653465,24,0.756875
near_capacity_correlated,257,queue_capped_250ms,0.999375,0.555593713076938,4.321573732916317,6.326518052036711,0.41606128592821273,0.219375,0.3561253561253561,11,0.218125
near_capacity_correlated,258,no_hedge,0.9925,0.6551212829571114,4.532378773219381,7.100376989736141,0.41851793593363695,0,0,8,0
near_capacity_correlated,258,fixed_250ms,1,0.7760555720503248,2.732881996126153,3.7967341164808044,0.4166317490786001,0.80875,0.3500772797527048,14,0.80875
near_capacity_correlated,258,fixed_500ms,1,1.5073492485851876,3.825726217326361,5.09578472791695,0.43104311340928403,0.7725,0.33576051779935273,16,0.771875
near_capacity_correlated,258,queue_capped_250ms,0.9975,0.5946833925880952,3.763173933183044,6.5846439757355135,0.41579861340086227,0.21,0.3482142857142857,6,0.21
near_capacity_correlated,259,no_hedge,0.9975,0.7729718247093516,4.438872821362983,6.492136950790311,0.4080756485615041,0,0,8,0
near_capacity_correlated,259,fixed_250ms,1,1.4236697711387336,3.7116168331793844,4.839167220125098,0.4187976082188684,0.8875,0.36971830985915494,21,0.88625
near_capacity_correlated,259,fixed_500ms,1,1.498972809340387,3.711322008466688,4.702544816354639,0.4127910495548059,0.738125,0.33784928027095684,17,0.736875
near_capacity_correlated,259,queue_capped_250ms,0.99625,0.7872549098159141,4.6823624306992,6.944951792235088,0.41114444701057323,0.1475,0.3898305084745763,7,0.146875
near_capacity_correlated,260,no_hedge,0.98875,0.597212685913135,5.572943614977781,8,0.44263973116851146,0,0,11,0
near_capacity_correlated,260,fixed_250ms,1,0.4411642429285365,1.8657184246845588,3.1710795979682445,0.3986555405449213,0.71,0.3362676056338028,7,0.71
near_capacity_correlated,260,fixed_500ms,1,0.348389174325618,1.7452517125304396,2.769953121502269,0.38503082852907106,0.375625,0.4209650582362729,7,0.374375
near_capacity_correlated,260,queue_capped_250ms,0.999375,0.42619323362198,4.104192775235461,6.235614510166904,0.4099900298419763,0.32,0.35546875,8,0.31875
near_capacity_correlated,261,no_hedge,0.99875,0.3638995059924781,3.6242474661825383,5.857549431230353,0.3842100024632083,0,0,8,0
near_capacity_correlated,261,fixed_250ms,1,0.42522425554682286,2.9158297314918826,4.170065409874347,0.3777017861350291,0.67875,0.3314917127071823,15,0.67375
near_capacity_correlated,261,fixed_500ms,1,0.5033537784838842,3.3033400699513926,4.5436278993981425,0.37585737267891395,0.499375,0.3704630788485607,19,0.496875
near_capacity_correlated,261,queue_capped_250ms,0.996875,0.3321507744069514,2.748328791566731,4.217849935822336,0.35749732983965876,0.311875,0.3346693386773547,6,0.311875
near_capacity_correlated,262,no_hedge,0.985,1.532090376810885,6.435720544244333,8,0.42384636365067896,0,0,13,0
near_capacity_correlated,262,fixed_250ms,1,1.7805177257546916,4.934978690031116,6.236365676855659,0.4345032186688041,0.88625,0.3942172073342736,25,0.885
near_capacity_correlated,262,fixed_500ms,1,1.1264911090682688,4.025987865060145,5.06332650024488,0.4192139689948072,0.73,0.3690068493150685,17,0.72875
near_capacity_correlated,262,queue_capped_250ms,0.985,1.0776279951366305,5.135751594001491,8,0.4259957228920085,0.136875,0.3424657534246575,9,0.136875
near_capacity_correlated,263,no_hedge,0.994375,0.6286074391711765,4.86792605621298,7.081239394764111,0.42186988688411625,0,0,8,0
near_capacity_correlated,263,fixed_250ms,1,0.6326796030280839,2.5562812728888957,3.888866872423989,0.400795837665113,0.77375,0.33521809369951533,9,0.773125
near_capacity_correlated,263,fixed_500ms,1,0.44153981416252464,2.346034945509956,3.2841368750262276,0.39035519114387995,0.4525,0.39917127071823205,10,0.4525
near_capacity_correlated,263,queue_capped_250ms,0.991875,0.7232603388494994,5.277734667119631,7.821339823796578,0.4318147264244307,0.189375,0.34983498349834985,11,0.189375
near_capacity_correlated,264,no_hedge,1,0.3170031094601935,3.4595198399728986,5.127640693899792,0.38703374619520736,0,0,5,0
near_capacity_correlated,264,fixed_250ms,1,0.4132210212238725,2.0594237930239245,3.081830618961913,0.3790797578619765,0.678125,0.3345622119815668,8,0.676875
near_capacity_correlated,264,fixed_500ms,1,0.3525346599674464,1.988505740156235,3.0633154588804246,0.36965717414900473,0.3975,0.38836477987421386,9,0.396875
near_capacity_correlated,264,queue_capped_250ms,1,0.3606410237688067,3.1305287132769877,4.713264851923267,0.38782512193554,0.33125,0.33773584905660375,7,0.330625
near_capacity_correlated,265,no_hedge,0.97125,1.1675408008671653,7.0245511958600275,8,0.42922076328079795,0,0,15,0
near_capacity_correlated,265,fixed_250ms,1,0.97640965869916,4.309958441691087,5.159420036437638,0.40848148064708184,0.845625,0.38137472283813745,21,0.845
near_capacity_correlated,265,fixed_500ms,0.998125,0.8509728141247486,4.98214298826565,6.215165433379504,0.4063007926207652,0.628125,0.3592039800995025,22,0.625
near_capacity_correlated,265,queue_capped_250ms,0.9775,0.8882877849230226,6.6580823224024925,8,0.4193134957827983,0.148125,0.41350210970464135,14,0.148125
near_capacity_correlated,266,no_hedge,0.996875,0.5124913338052295,4.64351257307721,6.547629016768457,0.4247895399349707,0,0,10,0
near_capacity_correlated,266,fixed_250ms,1,0.8884929462923097,3.0888921219214467,4.3008998622008505,0.4227487760182763,0.835625,0.3717277486910995,15,0.835625
near_capacity_correlated,266,fixed_500ms,1,0.9602885747753547,3.3796427245140563,4.5587559446260855,0.41604752467557704,0.668125,0.3470533208606174,17,0.666875
near_capacity_correlated,266,queue_capped_250ms,0.99875,0.46864966260211816,3.545748868133117,5.524723865573733,0.41143048708253277,0.278125,0.3685393258426966,7,0.278125
near_capacity_correlated,267,no_hedge,1,0.5011333712812416,4.280925728124842,5.63544932176859,0.3923416445353826,0,0,8,0
near_capacity_correlated,267,fixed_250ms,1,1.4037820077561207,3.7071498665903277,4.879829537236546,0.3994701240963389,0.8225,0.3586626139817629,18,0.8225
near_capacity_correlated,267,fixed_500ms,1,1.4795383791776402,3.6494698479235694,4.5890595941508465,0.39798581754497,0.691875,0.34236675700090335,16,0.691875
near_capacity_correlated,267,queue_capped_250ms,0.988125,0.5628090709164191,4.454781437692606,8,0.3940799276853184,0.2075,0.3042168674698795,9,0.206875
near_capacity_correlated,268,no_hedge,0.938125,2.513683389613611,8,8,0.4292304900778005,0,0,15,0
near_capacity_correlated,268,fixed_250ms,1,1.9618480780761,5.396540726185904,6.462972926985355,0.4122779065716933,0.85625,0.38248175182481753,24,0.84875
near_capacity_correlated,268,fixed_500ms,0.99625,2.8193194537428443,6.030518103231056,7.5506578596937075,0.4137047150179302,0.755,0.3708609271523179,25,0.75375
near_capacity_correlated,268,queue_capped_250ms,0.949375,1.8444809804850593,8,8,0.42626800541693866,0.098125,0.3248407643312102,12,0.098125
near_capacity_correlated,269,no_hedge,0.99625,0.38739978958737,3.7295253575934026,6.9403223502722575,0.4048790764512832,0,0,6,0
near_capacity_correlated,269,fixed_250ms,1,0.36035735371076427,1.9829692365371159,3.2767126299060862,0.38081943522836503,0.638125,0.34476003917727716,9,0.638125
near_capacity_correlated,269,fixed_500ms,1,0.40329610779023994,2.08881785014151,2.9801783330316027,0.3802871093942856,0.439375,0.39829302987197723,9,0.43875
near_capacity_correlated,269,queue_capped_250ms,0.99625,0.46089607751939354,3.848596646305211,6.436556720993266,0.40755492398757937,0.23125,0.34054054054054056,8,0.23125
near_capacity_correlated,270,no_hedge,0.944375,2.523284013907883,8,8,0.4198190572179121,0,0,16,0
near_capacity_correlated,270,fixed_250ms,1,1.7499695878795904,3.997158959639343,5.321550113935764,0.40064357353436764,0.85625,0.36496350364963503,21,0.854375
near_capacity_correlated,270,fixed_500ms,1,1.9832035556920289,4.4690667309346,5.299010906538413,0.4063080979693316,0.7825,0.3354632587859425,21,0.780625
near_capacity_correlated,270,queue_capped_250ms,0.9575,2.28709032664937,7.730831768983535,8,0.41287756603004355,0.105,0.3869047619047619,14,0.105
near_capacity_correlated,271,no_hedge,0.97625,0.6553573370687502,6.102668228427305,8,0.4010637398338954,0,0,11,0
near_capacity_correlated,271,fixed_250ms,1,1.032533808056229,3.9006088078132635,5.3350350592277564,0.3909453171396046,0.760625,0.3771569433032046,18,0.759375
near_capacity_correlated,271,fixed_500ms,1,0.7349236428992656,3.9942343220145915,5.456464621044184,0.38643402792580167,0.59,0.3326271186440678,17,0.589375
near_capacity_correlated,271,queue_capped_250ms,0.989375,0.6886668243277825,5.8632178222655185,8,0.3999603373547649,0.176875,0.3286219081272085,12,0.175625
near_capacity_correlated,272,no_hedge,0.916875,2.7521564579714095,8,8,0.4417022906462335,0,0,18,0
near_capacity_correlated,272,fixed_250ms,0.99125,1.885943554515812,6.146263671181117,7.804112074055155,0.44424667840867327,0.914375,0.39917976760082025,28,0.90875
near_capacity_correlated,272,fixed_500ms,0.990625,1.4489871436496884,6.522714026095272,7.920018835912288,0.43991957083177785,0.748125,0.34502923976608185,31,0.746875
near_capacity_correlated,272,queue_capped_250ms,0.96125,1.0349213652164266,7.1750624820461155,8,0.43015869001660134,0.16875,0.4185185185185185,16,0.16875
near_capacity_correlated,273,no_hedge,0.99875,0.42598672704049534,3.4334638784512492,5.195193124555402,0.3936487515335345,0,0,6,0
near_capacity_correlated,273,fixed_250ms,1,0.46370091055605656,2.334337834678564,3.4567965683854993,0.38847660665835443,0.704375,0.3433895297249335,11,0.703125
near_capacity_correlated,273,fixed_500ms,1,0.43214983593547984,2.4548500671662126,3.608630694066605,0.3784564580039249,0.465,0.37231182795698925,11,0.465
near_capacity_correlated,273,queue_capped_250ms,1,0.31849119166713535,2.58530612279246,4.2215699861069,0.37498881550933616,0.336875,0.35435992578849723,5,0.336875
near_capacity_correlated,274,no_hedge,1,0.3389556861658818,3.295166036831894,5.279796921669494,0.380592458826051,0,0,7,0
near_capacity_correlated,274,fixed_250ms,1,0.5399520170705898,2.636381534348942,3.85277715048732,0.3820655805115122,0.70125,0.33511586452762926,12,0.700625
near_capacity_correlated,274,fixed_500ms,1,0.6425419942157902,2.79827757889084,4.075235776142236,0.382960885926563,0.55125,0.3310657596371882,13,0.549375
near_capacity_correlated,274,queue_capped_250ms,0.99875,0.4402424853813134,3.46326406339314,5.865656677980212,0.386050942492316,0.2425,0.3324742268041237,7,0.2425
near_capacity_correlated,275,no_hedge,0.98375,2.0035263666171375,6.600091195652656,8,0.4261868288440959,0,0,11,0
near_capacity_correlated,275,fixed_250ms,1,0.9004684082292371,2.953574892391032,4.032721641935673,0.4138926291800696,0.829375,0.36473247927656366,15,0.828125
near_capacity_correlated,275,fixed_500ms,1,0.7800390727855611,3.2857156982501152,4.668217911261618,0.40793076789182947,0.628125,0.36716417910447763,17,0.625625
near_capacity_correlated,275,queue_capped_250ms,0.988125,1.2603799735172316,5.9884352186640974,8,0.4279707642152319,0.049375,0.26582278481012656,9,0.049375
near_capacity_correlated,276,no_hedge,0.940625,2.967258835160443,8,8,0.46119919841249635,0,0,16,0
near_capacity_correlated,276,fixed_250ms,1,1.8074218445369183,5.1664444522241695,5.8121223793433785,0.4443986317521416,0.89125,0.3849929873772791,26,0.89
near_capacity_correlated,276,fixed_500ms,1,2.252377032592051,4.820129538586343,5.9445121936449254,0.45741133775957027,0.95125,0.32982917214191854,21,0.95
near_capacity_correlated,276,queue_capped_250ms,0.98375,1.5983717113052904,6.749390310208497,8,0.45225329518768725,0.049375,0.3924050632911392,11,0.049375
near_capacity_correlated,277,no_hedge,1,0.33501939428812477,3.3105034854600888,5.146888310562925,0.398469617193317,0,0,6,0
near_capacity_correlated,277,fixed_250ms,1,0.4085943430441006,1.8757993112431368,2.9173749889850598,0.3959252523966348,0.694375,0.34293429342934295,10,0.693125
near_capacity_correlated,277,fixed_500ms,1,0.3553484378924727,1.7147873983123105,2.7741514854562794,0.385624526482181,0.370625,0.4266441821247892,7,0.36875
near_capacity_correlated,277,queue_capped_250ms,0.999375,0.3556731342180086,2.4839175264801394,3.891850353462445,0.39979388980666664,0.334375,0.3532710280373832,6,0.33375
near_capacity_correlated,278,no_hedge,0.99625,0.5136870476763704,4.385355544331723,5.986236837416762,0.40764005645318996,0,0,9,0
near_capacity_correlated,278,fixed_250ms,0.99625,1.2257282443314814,6.261199016593125,7.5968183237077085,0.4336886455287113,0.800625,0.3731459797033568,28,0.800625
near_capacity_correlated,278,fixed_500ms,0.996875,0.9713075668534756,5.004574816672488,6.559617746834903,0.41829223127724646,0.649375,0.34167468719923005,23,0.648125
near_capacity_correlated,278,queue_capped_250ms,0.99875,0.5213690403295388,3.744681136135796,5.732158292731,0.40981665789950694,0.22375,0.35195530726256985,7,0.22375
near_capacity_correlated,279,no_hedge,0.99875,0.3556433226493141,4.0438333949231655,6.255860425281007,0.40362031994681047,0,0,9,0
near_capacity_correlated,279,fixed_250ms,1,0.5025581236991883,2.637814571205446,3.7738333019969232,0.4069548514143841,0.716875,0.33740191804707936,12,0.716875
near_capacity_correlated,279,fixed_500ms,1,0.5777713606682156,2.516344849247673,3.668064513346806,0.4039951799384408,0.535,0.352803738317757,11,0.529375
near_capacity_correlated,279,queue_capped_250ms,0.998125,0.45085981556538,3.9467630226739416,6.686641566580551,0.41058644987509296,0.26,0.34375,8,0.26
near_capacity_correlated,280,no_hedge,0.95375,1.8768734875266588,7.744318861909775,8,0.43370781677231995,0,0,17,0
near_capacity_correlated,280,fixed_250ms,0.998125,1.7898364372483933,5.567874588470843,7.2695890429346335,0.42807713852693885,0.85875,0.3893740902474527,28,0.85875
near_capacity_correlated,280,fixed_500ms,0.9975,1.998597876985695,5.925225905681586,6.877446457737307,0.4295385301717397,0.77375,0.3432956381260097,30,0.771875
near_capacity_correlated,280,queue_capped_250ms,0.98125,0.8395958501666172,7.279742456189865,8,0.42384631977442894,0.20875,0.3383233532934132,16,0.20875
near_capacity_correlated,281,no_hedge,0.96875,1.4104101609356299,6.735222902235755,8,0.43661753182323026,0,0,12,0
near_capacity_correlated,281,fixed_250ms,1,1.1505455630739618,3.4289906147580496,4.568836431521845,0.42022321465293727,0.858125,0.3860160233066278,16,0.8575
near_capacity_correlated,281,fixed_500ms,0.99875,1.252265598406801,4.450187020927256,6.238135668247494,0.41413679364117856,0.71375,0.3432574430823117,21,0.71375
near_capacity_correlated,281,queue_capped_250ms,0.970625,0.8660486583775597,6.419302342549436,8,0.4341414318032012,0.163125,0.37547892720306514,11,0.163125
near_capacity_correlated,282,no_hedge,0.994375,0.8508331395101365,5.193358679364124,7.341731263918724,0.4241933809982937,0,0,9,0
near_capacity_correlated,282,fixed_250ms,1,2.163541210749365,5.0038199243057875,6.118283481421578,0.4405592678270447,0.92,0.38247282608695654,24,0.919375
near_capacity_correlated,282,fixed_500ms,1,1.8643392810598343,4.333602688864602,5.390266752558574,0.4357989732292161,0.828125,0.33132075471698114,19,0.828125
near_capacity_correlated,282,queue_capped_250ms,0.993125,0.6721646923213171,4.490052630772652,7.41335867936526,0.42031353620754,0.2,0.35,9,0.2
near_capacity_correlated,283,no_hedge,0.99625,0.51254707266434,4.49563357133194,7.233876854121327,0.40490902888456176,0,0,8,0
near_capacity_correlated,283,fixed_250ms,1,0.5923875444790809,2.5341946775827644,3.973559639336834,0.40450445672609225,0.7525,0.35132890365448505,11,0.7525
near_capacity_correlated,283,fixed_500ms,1,0.7092545622525677,2.951143661638234,4.444146130056488,0.3997187957335989,0.581875,0.3458646616541353,14,0.58
near_capacity_correlated,283,queue_capped_250ms,0.993125,0.47683500200675155,4.792964052925473,7.195916527446581,0.40202272549705625,0.243125,0.3496143958868895,9,0.243125
near_capacity_correlated,284,no_hedge,0.92625,2.91241097598681,8,8,0.4281444321587093,0,0,16,0
near_capacity_correlated,284,fixed_250ms,0.995,2.249000071659367,5.3880703764229025,7.475500867605163,0.426489520273727,0.916875,0.3940013633265167,24,0.910625
near_capacity_correlated,284,fixed_500ms,0.98625,3.292612508691384,7.130215744280839,8,0.4379744974527262,0.87125,0.3651362984218077,33,0.869375
near_capacity_correlated,284,queue_capped_250ms,0.95,2.535369254307602,7.977003470679975,8,0.42778553889295845,0.068125,0.42201834862385323,16,0.068125
near_capacity_correlated,285,no_hedge,0.83625,2.45211211303193,8,8,0.4541749215667084,0,0,23,0
near_capacity_correlated,285,fixed_250ms,0.854375,2.8429551185906377,8,8,0.46103876953912304,0.94875,0.3590250329380764,40,0.946875
near_capacity_correlated,285,fixed_500ms,0.84625,2.294484793805964,8,8,0.464657544193085,0.795625,0.35742340926944227,43,0.795
near_capacity_correlated,285,queue_capped_250ms,0.839375,1.9949067163306182,8,8,0.4600213071007789,0.114375,0.3770491803278688,23,0.114375
near_capacity_correlated,286,no_hedge,0.998125,0.5873088719896344,4.431428853325258,6.501812957247168,0.4318260791161226,0,0,8,0
near_capacity_correlated,286,fixed_250ms,1,0.9160533863253342,3.9387008157808765,5.185242772466708,0.4356757823555569,0.8325,0.38288288288288286,17,0.83
near_capacity_correlated,286,fixed_500ms,1,1.2899036282398413,3.3102976935226707,4.430712225478743,0.44133507076488876,0.8075,0.34907120743034054,15,0.80625
near_capacity_correlated,286,queue_capped_250ms,0.99875,0.7380222017210833,4.538091858704448,6.445614978979812,0.43642847422970377,0.16375,0.40076335877862596,8,0.16375
near_capacity_correlated,287,no_hedge,0.98375,0.8943142045094827,5.435391380391707,8,0.42149478174482213,0,0,10,0
near_capacity_correlated,287,fixed_250ms,1,0.62237783507355,3.5455655852021124,4.655809730435848,0.39890252522087566,0.781875,0.35891286970423664,20,0.781875
near_capacity_correlated,287,fixed_500ms,1,0.9560108216277285,2.9389253476569124,3.9024090893971746,0.4001497537071234,0.691875,0.35049683830171635,15,0.690625
near_capacity_correlated,287,queue_capped_250ms,0.99125,0.5192160002366322,4.044080798310745,7.291186625503613,0.40290855226996564,0.2525,0.33663366336633666,9,0.2525
near_capacity_correlated,288,no_hedge,0.99625,0.36084686026319446,3.776035156697787,6.5102211014300195,0.37407923351976247,0,0,8,0
near_capacity_correlated,288,fixed_250ms,1,0.35517170373252327,2.3292513772400474,3.321346531348766,0.3607038859351273,0.62375,0.3156312625250501,13,0.62375
near_capacity_correlated,288,fixed_500ms,1,0.317767121755125,2.2464487660921435,3.192567825753372,0.36075418908973333,0.364375,0.40308747855917665,12,0.364375
near_capacity_correlated,288,queue_capped_250ms,0.99625,0.4108629232886116,3.418511399855365,6.526230684768635,0.3798573385716287,0.223125,0.3277310924369748,7,0.223125
near_capacity_correlated,289,no_hedge,0.964375,1.1586895626896947,7.417847215353149,8,0.43319262630973926,0,0,13,0
near_capacity_correlated,289,fixed_250ms,0.97625,1.4165897947616273,7.239326115609629,8,0.44621651830135534,0.836875,0.3719193427931292,33,0.835
near_capacity_correlated,289,fixed_500ms,0.9825,1.134635204581251,6.777496682298349,8,0.4450121439311539,0.66,0.3693181818181818,28,0.656875
near_capacity_correlated,289,queue_capped_250ms,0.944375,1.1838324242043763,8,8,0.4477662306001163,0.154375,0.3765182186234818,15,0.154375
near_capacity_correlated,290,no_hedge,0.976875,1.212223051502086,6.126033619808879,8,0.42626454897334914,0,0,10,0
near_capacity_correlated,290,fixed_250ms,1,2.121014144035275,4.48883950564786,6.001169017454018,0.439426320760653,0.968125,0.39251129761136216,19,0.963125
near_capacity_correlated,290,fixed_500ms,0.960625,3.7583388522197474,7.671151176912971,8,0.4602157027051057,0.945,0.3412698412698413,36,0.94375
near_capacity_correlated,290,queue_capped_250ms,0.991875,1.068530719525043,5.220712535532066,7.395609251930308,0.4254049260951402,0.11875,0.3526315789473684,9,0.11875
near_capacity_correlated,291,no_hedge,1,0.2899305629180766,3.223553682531744,5.3037427078222805,0.3666906968538525,0,0,6,0
near_capacity_correlated,291,fixed_250ms,1,0.28560527541186786,2.2000688567710824,3.2302127078712033,0.3568074226267701,0.56375,0.31929046563192903,11,0.56375
near_capacity_correlated,291,fixed_500ms,1,0.27196818691163926,2.499977275885513,4.015955345333083,0.36162410538541345,0.3125,0.424,13,0.3125
near_capacity_correlated,291,queue_capped_250ms,1,0.2812812793441424,2.926116181297715,4.816483597730127,0.3591355470940051,0.34125,0.304029304029304,7,0.34125
near_capacity_correlated,292,no_hedge,1,0.3091235802342567,3.2854743331091285,4.616889228852777,0.3945777863336438,0,0,5,0
near_capacity_correlated,292,fixed_250ms,1,0.46648675416305707,2.103792166117511,3.2544136499806235,0.4079588754625892,0.716875,0.34786399302528337,8,0.71625
near_capacity_correlated,292,fixed_500ms,1,0.43619873697996425,2.278365533432045,3.332197094402062,0.4019756917662257,0.456875,0.3857729138166895,9,0.45625
near_capacity_correlated,292,queue_capped_250ms,1,0.36487082385031044,2.9420282627170593,4.726723466248735,0.40323774612115154,0.305625,0.34151329243353784,6,0.305
near_capacity_correlated,293,no_hedge,0.99625,0.5553342224092148,4.471120537949744,6.680297622520342,0.407853893067129,0,0,7,0
near_capacity_correlated,293,fixed_250ms,1,0.6006040861178903,2.5325905384949152,3.3124622159678125,0.3951845807053078,0.75125,0.3668885191347754,13,0.749375
near_capacity_correlated,293,fixed_500ms,1,0.7891046353565301,2.817796753082874,3.8452049868059817,0.399403832021474,0.615625,0.3401015228426396,13,0.61375
near_capacity_correlated,293,queue_capped_250ms,1,0.4738012117662578,3.860399105506744,5.590277201566508,0.40129421624231765,0.239375,0.3629242819843342,7,0.239375
near_capacity_correlated,294,no_hedge,0.973125,1.141771183477367,6.8008848515646285,8,0.4186047392868669,0,0,13,0
near_capacity_correlated,294,fixed_250ms,1,1.083675597832496,3.5145488279382775,4.635500584802045,0.4014033478145306,0.826875,0.3907785336356765,15,0.826875
near_capacity_correlated,294,fixed_500ms,1,1.326163634695341,3.7738883645015946,4.98009531669496,0.4091944384985697,0.715,0.3732517482517482,18,0.715
near_capacity_correlated,294,queue_capped_250ms,0.986875,0.9071036825313055,6.536763442595078,8,0.40948777320006285,0.128125,0.3853658536585366,12,0.128125
near_capacity_correlated,295,no_hedge,1,0.332053701915612,3.218110663451398,4.763260271719858,0.39295612305111866,0,0,6,0
near_capacity_correlated,295,fixed_250ms,1,0.5223211347970604,2.6932850973973785,3.704154535051373,0.399282257621016,0.7625,0.3254098360655738,14,0.761875
near_capacity_correlated,295,fixed_500ms,1,0.4462417876225828,2.516585603114251,3.58265464531803,0.3878469659982947,0.463125,0.3873144399460189,12,0.459375
near_capacity_correlated,295,queue_capped_250ms,1,0.37029736350002573,2.930129040603333,4.1465542810483065,0.38998682809288454,0.325,0.3096153846153846,5,0.325
near_capacity_correlated,296,no_hedge,1,0.4898839661006207,3.8791841836695475,5.549049677235203,0.41846790184778376,0,0,6,0
near_capacity_correlated,296,fixed_250ms,1,0.46657807591132894,2.0231609402656687,3.2303332765842896,0.4020757160047193,0.74375,0.34789915966386553,9,0.739375
near_capacity_correlated,296,fixed_500ms,1,0.4888595741083286,2.113444842649969,3.1328136540628435,0.39858956478378155,0.495,0.35984848484848486,10,0.49375
near_capacity_correlated,296,queue_capped_250ms,0.99625,0.6103966726143781,4.162713714665756,6.511039133130268,0.4177345549147657,0.223125,0.3333333333333333,8,0.223125
near_capacity_correlated,297,no_hedge,0.9975,0.4675852722469571,3.773802717975471,5.6615608426739925,0.40696978150357976,0,0,6,0
near_capacity_correlated,297,fixed_250ms,1,0.37895820164885663,2.1403060391469815,3.411619820626612,0.38549501443128714,0.67,0.3162313432835821,10,0.669375
near_capacity_correlated,297,fixed_500ms,0.999375,0.6380674874900514,3.083545750149902,4.096607163098852,0.39849027828939776,0.56,0.3794642857142857,14,0.559375
near_capacity_correlated,297,queue_capped_250ms,1,0.34354572450184406,2.6791599592522903,4.4224139232040045,0.3840670454258106,0.34875,0.33512544802867383,6,0.34625
near_capacity_correlated,298,no_hedge,0.9975,0.5142918066925901,4.451815146595251,6.0160952575309725,0.43419444145305164,0,0,7,0
near_capacity_correlated,298,fixed_250ms,0.99875,1.065073295445501,3.7807604785462843,4.784999011643279,0.4123984093103366,0.81875,0.37251908396946565,17,0.816875
near_capacity_correlated,298,fixed_500ms,1,1.4670721495019734,3.9389058850559593,4.898650744354409,0.42729596844958523,0.771875,0.34331983805668015,17,0.77
near_capacity_correlated,298,queue_capped_250ms,1,0.5922507926876932,4.601827380059923,6.241822799000671,0.418896120867873,0.2125,0.36176470588235293,7,0.2125
near_capacity_correlated,299,no_hedge,0.996875,0.4021993857245363,4.064375332794754,5.599652296337908,0.3978464015481818,0,0,8,0
near_capacity_correlated,299,fixed_250ms,1,0.5563328122083604,3.1465137854155927,4.681020048561962,0.3923348074076409,0.734375,0.3651063829787234,17,0.734375
near_capacity_correlated,299,fixed_500ms,1,0.470222485000491,2.878168988340988,4.243924910121947,0.3809063914781356,0.48,0.3684895833333333,15,0.479375
near_capacity_correlated,299,queue_capped_250ms,0.995,0.5202497143028495,4.357769903821946,6.438197031858564,0.39932678012906636,0.206875,0.40181268882175225,9,0.206875
near_capacity_correlated,300,no_hedge,0.998125,0.5731737358489042,4.473025417711767,6.123721831547272,0.4076278743082562,0,0,8,0
near_capacity_correlated,300,fixed_250ms,0.998125,0.7024110775666941,3.9734749468055384,5.4755711565888845,0.4057357931490511,0.765,0.35375816993464054,18,0.760625
near_capacity_correlated,300,fixed_500ms,1,0.5868965169460125,2.7781835415643457,3.891482307273648,0.40041380978127816,0.5375,0.35348837209302325,13,0.535625
near_capacity_correlated,300,queue_capped_250ms,1,0.42798118146468944,3.406532596334003,5.34766323838376,0.38748291462555523,0.286875,0.35294117647058826,6,0.286875
near_capacity_correlated,301,no_hedge,0.999375,0.4639876346590057,4.070722206227387,5.648749451891405,0.414808774748405,0,0,7,0
near_capacity_correlated,301,fixed_250ms,1,0.7371735075761698,2.7308605972686024,4.002243887714624,0.4251588318955493,0.843125,0.32320237212750186,14,0.843125
near_capacity_correlated,301,fixed_500ms,1,1.1354958937853468,3.318552680689198,4.193481351817283,0.42617429624317404,0.763125,0.3063063063063063,14,0.7625
near_capacity_correlated,301,queue_capped_250ms,0.998125,0.4390405324032236,2.990286991711791,5.38872908291205,0.41873775500126187,0.339375,0.34990791896869244,7,0.339375
near_capacity_correlated,302,no_hedge,0.99875,0.4630203800785182,4.262391907041092,6.885456338809647,0.41688099742735873,0,0,6,0
near_capacity_correlated,302,fixed_250ms,1,0.46904346396316043,2.318085037125229,3.4494188310150378,0.40419642501519454,0.749375,0.3402835696413678,9,0.74875
near_capacity_correlated,302,fixed_500ms,1,0.43977741482323296,2.05138034411652,3.1285881261023434,0.39929792694182703,0.455,0.3804945054945055,9,0.455
near_capacity_correlated,302,queue_capped_250ms,0.999375,0.41498459433306323,3.3661852235730834,4.870021136339879,0.4099677918575309,0.29625,0.36075949367088606,5,0.29625
near_capacity_correlated,303,no_hedge,0.895,2.966357786724089,8,8,0.4393815990799145,0,0,17,0
near_capacity_correlated,303,fixed_250ms,0.98875,2.914669045209017,6.925654254448482,8,0.43291691317788683,0.925,0.425,31,0.9225
near_capacity_correlated,303,fixed_500ms,1,1.6213819942951773,4.0259623149565655,5.610754940354646,0.4110747325190932,0.82875,0.33408748114630465,22,0.828125
near_capacity_correlated,303,queue_capped_250ms,0.89,3.50546898787681,8,8,0.4425597690581265,0.054375,0.40229885057471265,18,0.054375
near_capacity_correlated,304,no_hedge,0.989375,1.503710887467136,6.0204032540666965,8,0.39660026985909347,0,0,14,0
near_capacity_correlated,304,fixed_250ms,1,1.75426330338804,4.160206717877099,5.1626048173030625,0.40315790331863555,0.93375,0.37416331994645247,21,0.933125
near_capacity_correlated,304,fixed_500ms,1,1.7488614191701828,4.671059863270358,6.061756532696084,0.39611498912860227,0.85625,0.3182481751824818,26,0.85625
near_capacity_correlated,304,queue_capped_250ms,0.986875,1.1661690084218534,6.145439631460135,8,0.3874189753149465,0.191875,0.34527687296416937,13,0.191875
near_capacity_correlated,305,no_hedge,0.983125,1.091875417199475,6.0391797878847235,8,0.4346317624148549,0,0,11,0
near_capacity_correlated,305,fixed_250ms,1,2.122682810401985,4.471838484210565,5.6741231550150815,0.43991519850360417,0.89125,0.3800841514726508,22,0.890625
near_capacity_correlated,305,fixed_500ms,0.999375,1.4527407363809033,4.163173151194453,5.161078598774509,0.43192485495113675,0.748125,0.3483709273182957,21,0.74625
near_capacity_correlated,305,queue_capped_250ms,0.990625,1.0744952362005051,5.813813254858027,7.700551405167239,0.43913124086192673,0.101875,0.3374233128834356,8,0.101875
near_capacity_correlated,306,no_hedge,0.9975,0.3129400608604982,3.525118810806937,5.245909020429913,0.39305480957409844,0,0,6,0
near_capacity_correlated,306,fixed_250ms,1,0.5910945400025795,2.6754109622409317,3.7089532121521316,0.4073288341962795,0.765625,0.3248979591836735,11,0.765
near_capacity_correlated,306,fixed_500ms,1,0.4841236211728486,2.7134768583944933,3.625156301138219,0.39899998340410986,0.488125,0.3380281690140845,12,0.4875
near_capacity_correlated,306,queue_capped_250ms,0.998125,0.4021975729723266,3.5258305582030687,5.924529683090242,0.4047587139755464,0.306875,0.329938900203666,7,0.30625
near_capacity_correlated,307,no_hedge,1,0.562354814602493,4.339261841298399,6.030255989489831,0.4213353331101514,0,0,6,0
near_capacity_correlated,307,fixed_250ms,1,0.6764876538621607,2.714571809490913,4.069261841298405,0.4163403588415324,0.77,0.3417207792207792,14,0.769375
near_capacity_correlated,307,fixed_500ms,1,0.7568111411461729,2.7842424658751597,4.128355805196577,0.4247525827117508,0.61375,0.34928716904276985,11,0.6075
near_capacity_correlated,307,queue_capped_250ms,0.998125,0.5664638681123861,3.894610004854698,6.452731960126087,0.4349709880022479,0.244375,0.38618925831202044,6,0.244375
near_capacity_correlated,308,no_hedge,0.999375,0.36432213989781914,3.4523028068462622,5.393616756389214,0.3864065258654672,0,0,6,0
near_capacity_correlated,308,fixed_250ms,1,0.47433190521140745,2.206133156479652,3.58923944518277,0.3901092727173324,0.710625,0.33157431838170626,10,0.71
near_capacity_correlated,308,fixed_500ms,1,0.45778544451912495,2.2993019480577104,3.4950094550625366,0.39018876914912587,0.475,0.3526315789473684,11,0.474375
near_capacity_correlated,308,queue_capped_250ms,1,0.40755876411185454,3.0189671535757725,5.249250583053573,0.3970272108538768,0.30375,0.3333333333333333,5,0.30375
near_capacity_correlated,309,no_hedge,0.990625,1.2249523283268857,6.043125930519096,7.821630941499457,0.4189402039551184,0,0,12,0
near_capacity_correlated,309,fixed_250ms,1,1.90575407077527,4.396714399711307,5.570769523393167,0.42806358858715854,0.891875,0.37561317449194115,17,0.8875
near_capacity_correlated,309,fixed_500ms,0.99875,2.349806226285885,5.377818784900633,6.335230474174168,0.4285640521922736,0.776875,0.3604183427192277,25,0.77125
near_capacity_correlated,309,queue_capped_250ms,0.99625,0.5047583760915018,3.7802372058280582,7.146610484421657,0.41301960538901367,0.26625,0.3755868544600939,7,0.26625
near_capacity_correlated,310,no_hedge,0.999375,0.28384292576507963,3.001020898481457,4.593466533407678,0.3768640350751437,0,0,5,0
near_capacity_correlated,310,fixed_250ms,1,0.4336979207772771,2.128595338597833,3.326545425226321,0.3819550682424358,0.685,0.32299270072992703,9,0.685
near_capacity_correlated,310,fixed_500ms,1,0.3400936286005134,2.00969841424763,3.2177937254185167,0.3634930156537315,0.391875,0.3748006379585327,9,0.39125
near_capacity_correlated,310,queue_capped_250ms,1,0.3399831242986089,2.7128950574498347,4.175245609075331,0.37515696913717866,0.29875,0.33472803347280333,6,0.29875
near_capacity_correlated,311,no_hedge,0.929375,2.856869942368732,8,8,0.4440528486499376,0,0,14,0
near_capacity_correlated,311,fixed_250ms,1,2.0932088955583232,5.522287677170297,6.5260701808823,0.4429320939021044,0.925,0.3891891891891892,28,0.923125
near_capacity_correlated,311,fixed_500ms,0.99875,2.2693595990602518,5.012192453407891,6.163652480889532,0.44177789376425813,0.89125,0.3506311360448808,22,0.88875
near_capacity_correlated,311,queue_capped_250ms,0.9625,2.2861744925725453,7.561278452746549,8,0.4425683535616552,0.040625,0.35384615384615387,12,0.040625
near_capacity_correlated,312,no_hedge,0.996875,0.8188843390535325,4.9693068300412335,6.835425371761275,0.4135387767108048,0,0,9,0
near_capacity_correlated,312,fixed_250ms,1,0.48871835542259134,3.2613931043053768,4.870715305956271,0.39455142431461376,0.7475,0.34782608695652173,17,0.7475
near_capacity_correlated,312,fixed_500ms,1,0.7997571200886568,3.3944829499266973,4.362191803182384,0.3989541497878172,0.600625,0.3548387096774194,15,0.598125
near_capacity_correlated,312,queue_capped_250ms,0.991875,0.5775175210451113,4.6382324112827185,7.707780647389669,0.4038061230799617,0.229375,0.329700272479564,9,0.229375
near_capacity_correlated,313,no_hedge,0.99625,0.6145900359026193,4.455090125303755,6.777996506338454,0.40748259983634255,0,0,9,0
near_capacity_correlated,313,fixed_250ms,0.999375,0.9331291106331463,5.465669215185422,6.840140181772355,0.4042106292890529,0.81,0.34953703703703703,29,0.81
near_capacity_correlated,313,fixed_500ms,0.99625,0.7771769042474546,5.203614379509624,7.0392740704902295,0.39614338547401245,0.6175,0.3623481781376518,25,0.616875
near_capacity_correlated,313,queue_capped_250ms,0.99625,0.3860761644032138,3.1351514940219047,5.2525870234245,0.38545539000969875,0.27875,0.33856502242152464,6,0.27875
near_capacity_correlated,314,no_hedge,0.995,0.28607747112747006,4.266493707461805,7.111900574640657,0.386479840707981,0,0,10,0
near_capacity_correlated,314,fixed_250ms,1,0.37310023556825556,3.4182799882204904,4.940917256199484,0.39472722530040694,0.66125,0.33081285444234404,17,0.660625
near_capacity_correlated,314,fixed_500ms,1,0.3636667010854535,2.5590494179750536,3.751983953707523,0.3861067088789331,0.39625,0.3785488958990536,11,0.39625
near_capacity_correlated,314,queue_capped_250ms,0.98875,0.37122858454706176,4.7762859785217415,8,0.4069736156102416,0.3125,0.304,11,0.3125
near_capacity_correlated,315,no_hedge,0.998125,0.36094317343688687,3.507871671034515,5.243733950162447,0.38506634970225817,0,0,8,0
near_capacity_correlated,315,fixed_250ms,1,0.4381743916210947,3.1605213297671853,3.8923087187837986,0.37972729668930955,0.69875,0.3363148479427549,21,0.69625
near_capacity_correlated,315,fixed_500ms,1,0.6611388794786563,3.9727265857550194,5.045893755037138,0.37942286657841473,0.56125,0.3307349665924276,24,0.5575
near_capacity_correlated,315,queue_capped_250ms,1,0.4506122651266651,3.6793278745749376,5.122286102250179,0.39205688491991303,0.309375,0.3393939393939394,9,0.309375
near_capacity_correlated,316,no_hedge,0.973125,1.4878554652822373,6.930205378105995,8,0.4150495842874189,0,0,12,0
near_capacity_correlated,316,fixed_250ms,1,0.9223706978068336,3.7167739054309976,4.733551266637491,0.39759820182127487,0.803125,0.354863813229572,18,0.8025
near_capacity_correlated,316,fixed_500ms,1,1.38647614711941,3.940230051222347,4.923702342582203,0.3997935879146264,0.719375,0.3466550825369244,19,0.715625
near_capacity_correlated,316,queue_capped_250ms,0.994375,0.7902670997637102,5.2644726967836135,6.6870806477370195,0.40060215213902156,0.165,0.3409090909090909,9,0.165
near_capacity_correlated,317,no_hedge,0.940625,2.1228272724003148,8,8,0.44340429484581284,0,0,13,0
near_capacity_correlated,317,fixed_250ms,1,1.6565471712380244,4.614375309849137,5.6981092263959,0.43015735422198703,0.89125,0.37166900420757365,22,0.88625
near_capacity_correlated,317,fixed_500ms,1,2.1049337009376643,4.785484160110364,5.811690934717163,0.43838573528561803,0.781875,0.3820943245403677,22,0.780625
near_capacity_correlated,317,queue_capped_250ms,0.92125,2.2358386584753696,8,8,0.44625415070847757,0.123125,0.29441624365482233,14,0.123125
near_capacity_correlated,318,no_hedge,1,0.2906027430647047,2.8720059448477784,4.983045088455171,0.3647261283641647,0,0,5,0
near_capacity_correlated,318,fixed_250ms,1,0.5186183553224595,2.1709067486642297,3.1872556509940075,0.379516995482209,0.75,0.3025,11,0.74625
near_capacity_correlated,318,fixed_500ms,1,0.37462204608216165,2.280991688959233,3.273887022059853,0.3685563650793567,0.435,0.3505747126436782,10,0.435
near_capacity_correlated,318,queue_capped_250ms,1,0.30697389488733506,2.121178561836544,3.080357160409214,0.36450705693162744,0.32875,0.32509505703422054,4,0.324375
near_capacity_correlated,319,no_hedge,0.988125,0.8999730012425786,5.578973485081043,8,0.421472652433311,0,0,9,0
near_capacity_correlated,319,fixed_250ms,0.98875,3.9267088998816924,6.814262664175949,8,0.4252807321618507,0.925625,0.4037812288993923,29,0.920625
near_capacity_correlated,319,fixed_500ms,1,1.546925341301261,4.936271496064432,6.093238822455932,0.40951100352852243,0.743125,0.3549201009251472,24,0.7425
near_capacity_correlated,319,queue_capped_250ms,0.98625,0.5672837312836378,4.79545375024761,8,0.4008663880659878,0.223125,0.3473389355742297,9,0.223125
no_tail_control,0,no_hedge,1,0.2508053042856133,0.5912857388288479,0.8635711080246988,0.1993517720375257,0,0,4,0
no_tail_control,0,fixed_250ms,1,0.5083562314872907,0.9290077324894277,1.0478573907925153,0.22532936792649555,0.84125,0.1337295690936107,7,0.836875
no_tail_control,0,fixed_500ms,1,0.2602953056204349,0.6066562566183578,0.8835408875434023,0.20202132115702107,0.114375,0.07650273224043716,5,0.114375
no_tail_control,0,queue_capped_250ms,1,0.31977790361040803,0.658886001858555,0.8477167018818932,0.2170137350622175,0.36875,0.16101694915254236,4,0.36875
no_tail_control,1,no_hedge,1,0.2721298777326595,0.7484759906566723,0.9626898865690059,0.19962891074412287,0,0,5,0
no_tail_control,1,fixed_250ms,1,0.8102634448546944,1.8604779290138822,2.069710528392193,0.2286445521323194,0.92125,0.1621438263229308,16,0.920625
no_tail_control,1,fixed_500ms,1,0.28590692576196997,0.7766941907130267,1.0159835135992452,0.20194347661049108,0.194375,0.028938906752411574,7,0.194375
no_tail_control,1,queue_capped_250ms,1,0.34518232445444186,0.8029407187572062,1.039078578456163,0.21433001157781204,0.345,0.17028985507246377,6,0.345
no_tail_control,2,no_hedge,1,0.3418783340446545,0.9689455520536683,1.165698077854124,0.20015110778097722,0,0,5,0
no_tail_control,2,fixed_250ms,1,1.0797755544561056,3.276772021921154,3.5467534933575706,0.2233189173788575,0.879375,0.1613361762615494,29,0.87875
no_tail_control,2,fixed_500ms,1,0.3709264781928354,1.2957038598074533,1.5910452087129912,0.20461938107640193,0.361875,0.07599309153713299,11,0.359375
no_tail_control,2,queue_capped_250ms,1,0.45502957364172403,1.082287802850928,1.346617678785627,0.21017935681477112,0.238125,0.14960629921259844,6,0.238125
no_tail_control,3,no_hedge,1,0.2704978560712812,0.6630469007155284,0.8743632749821444,0.20057651188641476,0,0,4,0
no_tail_control,3,fixed_250ms,1,0.5103299928735101,1.4266812759505996,1.5918662910702963,0.22505625368652132,0.78375,0.14035087719298245,12,0.7825
no_tail_control,3,fixed_500ms,1,0.295421540913793,0.7013485879333459,0.9516342505379569,0.2036472194610917,0.154375,0.08502024291497975,6,0.154375
no_tail_control,3,queue_capped_250ms,1,0.3432092412358472,0.7389202273492259,1.0065741822077428,0.21614297760391377,0.356875,0.1628721541155867,4,0.356875
no_tail_control,4,no_hedge,1,0.24112789718194705,0.5653263191600182,0.6980359254746951,0.2003853379388634,0,0,3,0
no_tail_control,4,fixed_250ms,1,0.37459888181091117,0.9094512025210619,1.0805358368641222,0.22309274870863205,0.71375,0.14098073555166374,8,0.71375
no_tail_control,4,fixed_500ms,1,0.2544624961758899,0.5697001425460231,0.7105358368640644,0.20419385288928488,0.088125,0.09929078014184398,3,0.0875
no_tail_control,4,queue_capped_250ms,1,0.2981230346079755,0.5974585047425691,0.7278548881041331,0.21676360618118679,0.409375,0.17099236641221374,4,0.40875
no_tail_control,5,no_hedge,1,0.24383207172155252,0.5320048222803955,0.6595488141296961,0.19332047281494372,0,0,3,0
no_tail_control,5,fixed_250ms,1,0.35434333693987163,0.7141425158222603,0.9044663105349002,0.21363846786171295,0.69125,0.13291139240506328,7,0.690625
no_tail_control,5,fixed_500ms,1,0.25453878914882466,0.5523270259133568,0.6922835277344328,0.19553237545512217,0.088125,0.09219858156028368,3,0.088125
no_tail_control,5,queue_capped_250ms,1,0.3135836886342176,0.6208533405623253,0.8139349249194865,0.21015295937764847,0.366875,0.14821124361158433,4,0.36625
no_tail_control,6,no_hedge,1,0.25478267221422257,0.6111212334886105,0.8310362420287767,0.19633149241720033,0,0,4,0
no_tail_control,6,fixed_250ms,1,0.6112382409069355,1.2571529448167098,1.490463420407064,0.22429194889865342,0.878125,0.1494661921708185,12,0.876875
no_tail_control,6,fixed_500ms,1,0.2857719064142401,0.6957056101328476,0.9072384247960628,0.20013021135667092,0.17125,0.07664233576642336,5,0.17125
no_tail_control,6,queue_capped_250ms,1,0.34397088019320066,0.7604299214936105,0.9551185073547952,0.21086951142899907,0.304375,0.16427104722792607,4,0.30375
no_tail_control,7,no_hedge,1,0.2825116385409858,0.7453419605029659,1.1557132529377423,0.19662146067872593,0,0,5,0
no_tail_control,7,fixed_250ms,1,1.3759163777323167,1.8979869670164824,2.069805299276755,0.22717335979253694,0.978125,0.16932907348242812,17,0.9775
no_tail_control,7,fixed_500ms,1,0.3138415056346844,0.9589132941075675,1.2241860781519769,0.20146404734896184,0.26625,0.056338028169014086,8,0.26625
no_tail_control,7,queue_capped_250ms,1,0.35750166736616507,0.8621740975340604,1.1934401394704945,0.2102368701356215,0.29,0.16810344827586207,6,0.29
no_tail_control,8,no_hedge,1,0.23905236434272936,0.5530530908921278,0.7112409561640831,0.19443036286620782,0,0,3,0
no_tail_control,8,fixed_250ms,1,0.4394659315884226,1.185422938162759,1.3804431550505072,0.21698311061100256,0.7475,0.1354515050167224,12,0.745625
no_tail_control,8,fixed_500ms,1,0.2531308613561003,0.5687549708023028,0.7398513606746278,0.19782151695814737,0.088125,0.05673758865248227,4,0.088125
no_tail_control,8,queue_capped_250ms,1,0.31143803224700406,0.6498513606746137,0.8203829596583176,0.21161650663165607,0.3475,0.13489208633093525,4,0.346875
no_tail_control,9,no_hedge,1,0.30681321356092894,0.8145249416639615,1.184583740981914,0.20006281072543775,0,0,5,0
no_tail_control,9,fixed_250ms,1,0.5702662637823508,1.7804758964689285,2.152498499383306,0.22223331787570222,0.8075,0.15092879256965944,18,0.806875
no_tail_control,9,fixed_500ms,1,0.32431008368230807,0.9298138726037806,1.1864823322721314,0.20459644631912763,0.25375,0.07142857142857142,8,0.253125
no_tail_control,9,queue_capped_250ms,1,0.3819946423342415,0.9531048957652359,1.3016440503562094,0.21262202827472046,0.284375,0.17362637362637362,6,0.284375
no_tail_control,10,no_hedge,1,0.2835797080156439,0.6551755385495994,0.8464524197529215,0.2023371969994536,0,0,4,0
no_tail_control,10,fixed_250ms,1,0.9586107221167524,1.8426111302548875,2.1544064155938827,0.2307777430019129,0.90375,0.15975103734439833,18,0.903125
no_tail_control,10,fixed_500ms,1,0.3076723261873475,0.7038849087821006,0.8909771745343065,0.20687133830386134,0.1775,0.06690140845070422,6,0.176875
no_tail_control,10,queue_capped_250ms,1,0.38149244568433716,0.7687442589232063,0.9739009218478571,0.21685388685552018,0.3175,0.19291338582677164,5,0.3175
no_tail_control,11,no_hedge,1,0.3459366444288108,0.8878232146210578,1.046209423897686,0.20194124191173432,0,0,5,0
no_tail_control,11,fixed_250ms,1,0.7157742957266926,2.2272907794790058,2.689161752558647,0.22620910046847617,0.953125,0.15147540983606558,22,0.9525
no_tail_control,11,fixed_500ms,1,0.3910419553463633,1.239117698700305,1.4761486333571412,0.2084636518425911,0.39375,0.06666666666666667,12,0.391875
no_tail_control,11,queue_capped_250ms,1,0.4218714127576533,0.9318796198717294,1.226609097454748,0.21274734831617362,0.271875,0.19080459770114944,6,0.27125
no_tail_control,12,no_hedge,1,0.2577391288573896,0.585314626661571,0.7723039062771768,0.19700428582723997,0,0,3,0
no_tail_control,12,fixed_250ms,1,0.6123039062771518,1.6968432714378778,1.8957294412174264,0.22188045992028357,0.826875,0.15343915343915343,16,0.825625
no_tail_control,12,fixed_500ms,1,0.28323948717333636,0.609867077769191,0.7534893361039892,0.20048325425029698,0.125625,0.07462686567164178,4,0.125
no_tail_control,12,queue_capped_250ms,1,0.3583694271147735,0.7002975246315302,0.8609117726298194,0.21133807132010204,0.3025,0.1921487603305785,4,0.301875
no_tail_control,13,no_hedge,1,0.2747513188120543,0.6485233472116576,0.801253252828241,0.19829551342383214,0,0,4,0
no_tail_control,13,fixed_250ms,1,0.5033103222228874,1.078001005333448,1.2463322208236125,0.22190937157028479,0.835,0.13847305389221556,10,0.8325
no_tail_control,13,fixed_500ms,1,0.2805545705933308,0.7045969034125505,0.9251916573791519,0.20191144702669916,0.165625,0.03018867924528302,5,0.163125
no_tail_control,13,queue_capped_250ms,1,0.3380737228476107,0.7193901017546835,0.8964494277748543,0.21332342150425376,0.35375,0.13427561837455831,5,0.35375
no_tail_control,14,no_hedge,1,0.27139550846880667,0.5949172252566557,0.831208458326743,0.2021934437684347,0,0,4,0
no_tail_control,14,fixed_250ms,1,1.2972172644096744,2.175763607152774,2.3596032449896356,0.2296218079762664,0.924375,0.17308992562542258,20,0.924375
no_tail_control,14,fixed_500ms,1,0.290557217161469,0.6368200369028489,0.7815968662381714,0.2054735681986043,0.14125,0.07964601769911504,5,0.140625
no_tail_control,14,queue_capped_250ms,1,0.3615075850425029,0.7372172644095869,0.9522660861709937,0.21820043719326057,0.354375,0.18165784832451498,5,0.35375
no_tail_control,15,no_hedge,1,0.295425236534939,0.6500987472799338,0.8432053372250579,0.19793248778301414,0,0,4,0
no_tail_control,15,fixed_250ms,1,1.0304619941003654,2.128230918119442,2.283521183346579,0.22206223830238261,0.908125,0.1582931865106676,19,0.9075
no_tail_control,15,fixed_500ms,1,0.31237879141283287,0.7096040134322941,0.8610262613489041,0.20119618026963984,0.185625,0.07407407407407407,5,0.185625
no_tail_control,15,queue_capped_250ms,1,0.3813399503737145,0.739184899283714,0.925052006293825,0.21022293297788508,0.296875,0.1831578947368421,5,0.29625
no_tail_control,16,no_hedge,1,0.2590963614413937,0.5757017736463084,0.734744063220262,0.2009851510465503,0,0,3,0
no_tail_control,16,fixed_250ms,1,0.4978441709471326,0.9818670264364044,1.1058172916647422,0.22432582552875074,0.778125,0.15421686746987953,8,0.77625
no_tail_control,16,fixed_500ms,1,0.26711930476463186,0.6156794813263069,0.7929667399878824,0.2038667873820055,0.105,0.07142857142857142,4,0.105
no_tail_control,16,queue_capped_250ms,1,0.3229776040892496,0.6526540433514132,0.8676718170255135,0.21691579407193562,0.376875,0.1857379767827529,4,0.37625
no_tail_control,17,no_hedge,1,0.3066221920027008,0.8151625424247726,1.0651961007368413,0.20097220518089565,0,0,5,0
no_tail_control,17,fixed_250ms,1,0.5641483847643336,1.3878206523326497,1.6152566263179224,0.22548271493376426,0.86375,0.1512301013024602,14,0.861875
no_tail_control,17,fixed_500ms,1,0.32756834305764926,0.9636428705622961,1.256796342323149,0.2061298757810725,0.286875,0.06535947712418301,9,0.286875
no_tail_control,17,queue_capped_250ms,1,0.39370324608433904,0.8985963088264342,1.0916450968056566,0.214682378730698,0.29625,0.14556962025316456,6,0.295625
no_tail_control,18,no_hedge,1,0.2612754612427608,0.5747346254332175,0.7662894097836848,0.19653664077860145,0,0,3,0
no_tail_control,18,fixed_250ms,1,0.8077884916815812,1.717929745617397,2.023183996047578,0.22403936168595412,0.93875,0.1478029294274301,17,0.93625
no_tail_control,18,fixed_500ms,1,0.2755409496653414,0.5929719009555683,0.7387340734655181,0.19917867075763118,0.11,0.11363636363636363,4,0.11
no_tail_control,18,queue_capped_250ms,1,0.3700773322506521,0.71805080773116,0.9583138026595002,0.21159829326107768,0.305,0.1680327868852459,4,0.305
no_tail_control,19,no_hedge,1,0.3178727325948525,0.7641293554525106,0.9305548335448677,0.20122393296585306,0,0,5,0
no_tail_control,19,fixed_250ms,1,0.7553043410193041,1.275365350067716,1.466425474942323,0.2255450068607929,0.955625,0.15500327011118378,12,0.955625
no_tail_control,19,fixed_500ms,1,0.3344626380327256,0.8526434621156866,1.0596244963634334,0.20575086345581814,0.2475,0.05555555555555555,7,0.24625
no_tail_control,19,queue_capped_250ms,1,0.3959509744753902,0.7972103242547348,1.0513462631234134,0.21489640600020898,0.294375,0.18259023354564755,5,0.294375
no_tail_control,20,no_hedge,1,0.24536573701482567,0.5706900463915936,0.7782535481157566,0.1980501121403762,0,0,3,0
no_tail_control,20,fixed_250ms,1,0.3859748147110338,0.8072437240222152,0.9387892679521652,0.22095548193693154,0.718125,0.1453437771975631,7,0.716875
no_tail_control,20,fixed_500ms,1,0.2600911773199721,0.5706900463915936,0.7018135502625129,0.20048028116836353,0.091875,0.08843537414965986,4,0.09125
no_tail_control,20,queue_capped_250ms,1,0.31713794667611594,0.6560778867087986,0.8112462297256116,0.2144759862362744,0.36125,0.1782006920415225,4,0.36125
no_tail_control,21,no_hedge,1,0.2795263116711304,0.6088639775278857,0.8151923201889844,0.19894978194065327,0,0,4,0
no_tail_control,21,fixed_250ms,1,0.46862057449530425,1.2476318983256576,1.5971753751353788,0.22112076047070361,0.8025,0.14797507788161993,12,0.800625
no_tail_control,21,fixed_500ms,1,0.2921233275787074,0.6700452425865677,0.8339798428688443,0.20293177865634643,0.15125,0.08264462809917356,5,0.150625
no_tail_control,21,queue_capped_250ms,1,0.37533039373797905,0.7798799366005653,1.025309084581366,0.21265518692470445,0.279375,0.21700223713646533,5,0.279375
no_tail_control,22,no_hedge,1,0.29970966018260015,0.7246788262800905,0.9189561546540901,0.19823541257205463,0,0,5,0
no_tail_control,22,fixed_250ms,1,1.4086877215613427,2.3749011090055774,2.6149147576981377,0.22329271985654542,0.91625,0.18076398362892224,23,0.91625
no_tail_control,22,fixed_500ms,1,0.4196622188886181,0.8704900459849512,1.0910516135118122,0.20410140632835724,0.379375,0.057660626029654036,7,0.3775
no_tail_control,22,queue_capped_250ms,1,0.4091675547883842,0.8331224027597011,1.0350788817130123,0.2090391781541647,0.255625,0.20537897310513448,5,0.255
no_tail_control,23,no_hedge,1,0.35809895292265015,0.7701158975342324,0.9956586834165737,0.20449473952925576,0,0,4,0
no_tail_control,23,fixed_250ms,1,1.949264679541324,3.322970746699177,3.685118352125855,0.23146719179934253,0.98875,0.1788874841972187,29,0.9875
no_tail_control,23,fixed_500ms,1,0.4289348422340069,0.9984237409828509,1.1829535211814015,0.21029255248393028,0.406875,0.06758832565284179,8,0.406875
no_tail_control,23,queue_capped_250ms,1,0.4848486701982253,0.9489646916756467,1.1375597066706806,0.21463829962711775,0.20625,0.19090909090909092,5,0.205625
no_tail_control,24,no_hedge,1,0.29613698744239336,0.6921413926117292,0.9457197169557094,0.2026294026362848,0,0,4,0
no_tail_control,24,fixed_250ms,1,1.0613769529903117,1.7523133955514396,2.0039491116333394,0.22932124373956023,0.90375,0.19432918395573998,16,0.9025
no_tail_control,24,fixed_500ms,1,0.33907014111887435,0.7400194884743136,0.9595844006338616,0.20695837620329116,0.2225,0.08426966292134831,5,0.221875
no_tail_control,24,queue_capped_250ms,1,0.36745391640850755,0.7941621330830912,1.01278740422309,0.2157543450737867,0.301875,0.16977225672877846,5,0.30125
no_tail_control,25,no_hedge,1,0.2508417462051433,0.5735456204741531,0.7527927247830846,0.20039391700175863,0,0,3,0
no_tail_control,25,fixed_250ms,1,0.43309915976957214,1.1004652610349055,1.2563740428101582,0.22395906274618713,0.77375,0.14135702746365106,11,0.7725
no_tail_control,25,fixed_500ms,1,0.2615754260750869,0.5620199693702617,0.6974900729478009,0.2024138700738921,0.09375,0.06,3,0.09375
no_tail_control,25,queue_capped_250ms,1,0.3122989510187839,0.6340815766328802,0.8133417359274082,0.21561133264023305,0.385625,0.1766612641815235,4,0.385625
no_tail_control,26,no_hedge,1,0.37152375551030303,1.1349530527273117,1.414196732624319,0.20049345959344955,0,0,7,0
no_tail_control,26,fixed_250ms,1,1.1542620317880257,3.3284052292023247,3.594506468248227,0.22765797754782688,0.975625,0.18193465727098015,30,0.97375
no_tail_control,26,fixed_500ms,1,0.4325304172712554,1.6722531351484164,1.9906368150228388,0.20621549268650724,0.4425,0.0692090395480226,15,0.440625
no_tail_control,26,queue_capped_250ms,1,0.4951471842992414,1.2673896808472804,1.569144536103181,0.2097631875046991,0.206875,0.21148036253776434,8,0.206875
no_tail_control,27,no_hedge,1,0.28533573676307444,0.7183610014885531,0.9382113677380275,0.19840652199805753,0,0,4,0
no_tail_control,27,fixed_250ms,1,1.2130411419922495,2.0760350483552514,2.3058439238074797,0.22189311210410573,0.846875,0.15498154981549817,18,0.84625
no_tail_control,27,fixed_500ms,1,0.32590093732929404,0.9026229275126312,1.1489559614910476,0.20224617486721455,0.245625,0.058524173027989825,7,0.245
no_tail_control,27,queue_capped_250ms,1,0.3477479160504018,0.8928239590384273,1.109528681735263,0.21149759109964378,0.29375,0.15106382978723404,5,0.293125
no_tail_control,28,no_hedge,1,0.2748210347320068,0.634382617070905,0.8337851456515448,0.20207093008356097,0,0,3,0
no_tail_control,28,fixed_250ms,1,0.41993204030705655,0.8857452641522778,1.106448834076315,0.2238614985288531,0.729375,0.13367609254498714,8,0.7275
no_tail_control,28,fixed_500ms,1,0.2888625971632379,0.6412074741519902,0.7987381745748046,0.20466830868794697,0.145625,0.0944206008583691,4,0.145625
no_tail_control,28,queue_capped_250ms,1,0.3349700766895687,0.6699607304204607,0.847368972942597,0.21671399267522862,0.335,0.1921641791044776,4,0.335
no_tail_control,29,no_hedge,1,0.2702011460106135,0.8304271869260518,1.1108304256622752,0.19864233477615112,0,0,6,0
no_tail_control,29,fixed_250ms,1,0.6890763833745446,1.359106119027885,1.51539368834856,0.22390809908843196,0.881875,0.1467044649184975,12,0.88125
no_tail_control,29,fixed_500ms,1,0.3011976690070828,0.8285201753901958,1.1522805571069732,0.20165788441826124,0.195,0.07692307692307693,9,0.195
no_tail_control,29,queue_capped_250ms,1,0.35180127874201794,0.8651995895933666,1.1380505947328743,0.212482340207413,0.3425,0.1478102189781022,6,0.3425
no_tail_control,30,no_hedge,1,0.30760175507146315,0.7990200874207396,0.9702332924554886,0.20380764014819758,0,0,5,0
no_tail_control,30,fixed_250ms,1,0.928350727776456,1.4421133423916643,1.6460556022785937,0.23180610668243581,0.9825,0.1717557251908397,13,0.98125
no_tail_control,30,fixed_500ms,1,0.33424186111984255,0.821869326859872,1.109016474988855,0.20828935111919414,0.25125,0.06965174129353234,7,0.25125
no_tail_control,30,queue_capped_250ms,1,0.38849878959728557,0.8545818199483803,1.0640559461825596,0.2151906141746826,0.2775,0.19594594594594594,5,0.276875
no_tail_control,31,no_hedge,1,0.29986600326526514,0.7478065353262835,0.9368779452235003,0.1981602012909229,0,0,5,0
no_tail_control,31,fixed_250ms,1,0.4976978067402449,2.057806535326023,2.247627538628919,0.22184827227110013,0.795625,0.13668499607227022,19,0.795625
no_tail_control,31,fixed_500ms,1,0.3447975426711096,0.9789251969889605,1.1640825461137823,0.20336943398968554,0.316875,0.06903353057199212,7,0.316875
no_tail_control,31,queue_capped_250ms,1,0.3730814284485078,0.770583000600169,0.99765969153745,0.21264833994415475,0.303125,0.1670103092783505,5,0.303125
no_tail_control,32,no_hedge,1,0.26991127386230573,0.607552341199213,0.7790439565624752,0.19806251304909672,0,0,3,0
no_tail_control,32,fixed_250ms,1,0.8182440621603497,1.6633534400469543,1.9532370750363555,0.2277611904292943,0.9325,0.16353887399463807,16,0.93
no_tail_control,32,fixed_500ms,1,0.2791774866531114,0.607552341199213,0.7498240474062356,0.20039157880560773,0.124375,0.06532663316582915,4,0.124375
no_tail_control,32,queue_capped_250ms,1,0.3484564381309152,0.6866164125942902,0.8585554895322005,0.21241923306731167,0.35125,0.1619217081850534,4,0.350625
no_tail_control,33,no_hedge,1,0.30715608128450356,0.9871021672219662,1.3030099917348785,0.20017820918033036,0,0,7,0
no_tail_control,33,fixed_250ms,1,0.8689316920179948,2.114003667717384,2.3727180109427692,0.22760679245905724,0.9025,0.15997229916897507,20,0.901875
no_tail_control,33,fixed_500ms,1,0.33982816001816474,1.1380177600505945,1.4251705286985477,0.20332535019179307,0.274375,0.07289293849658314,11,0.274375
no_tail_control,33,queue_capped_250ms,1,0.39143385138256104,1.154355509558762,1.4674734917832595,0.21343653256830927,0.28,0.1875,7,0.279375
no_tail_control,34,no_hedge,1,0.2481780969267291,0.5645566369785486,0.7563191692027522,0.19242022815169668,0,0,4,0
no_tail_control,34,fixed_250ms,1,0.5151688741214802,0.9992873779286979,1.1539653766299294,0.216121464048689,0.82625,0.14145234493192133,9,0.82625
no_tail_control,34,fixed_500ms,1,0.26788282869073043,0.6064468031009369,0.7282465981320314,0.19480182842780003,0.120625,0.08290155440414508,4,0.120625
no_tail_control,34,queue_capped_250ms,1,0.3206678383837698,0.6664468031009463,0.8184946851020944,0.2055928939835344,0.301875,0.16149068322981366,4,0.30125
no_tail_control,35,no_hedge,1,0.26677903863976216,0.5936425671190122,0.7828122846803112,0.20081404130799577,0,0,4,0
no_tail_control,35,fixed_250ms,1,0.755136261968083,1.4954994567493998,1.6628136014984136,0.22489617265041167,0.84875,0.1561119293078056,13,0.848125
no_tail_control,35,fixed_500ms,1,0.2781496110913224,0.6506010064201107,0.8600381907222037,0.20393345945613553,0.12375,0.08585858585858586,5,0.12375
no_tail_control,35,queue_capped_250ms,1,0.35681186771805784,0.7107301895082898,0.8793174957041927,0.21631047170693607,0.343125,0.20036429872495445,4,0.3425
no_tail_control,36,no_hedge,1,0.2767242155868672,0.7118408854885728,0.8835326888219583,0.1997501655433609,0,0,5,0
no_tail_control,36,fixed_250ms,1,0.5878113591481551,1.5010429479521719,1.744393325389673,0.2268799440179879,0.885625,0.1714890613973183,14,0.884375
no_tail_control,36,fixed_500ms,1,0.3304612393831263,0.7959648289612744,0.9451925419980824,0.20391324123862664,0.243125,0.06426735218508997,6,0.243125
no_tail_control,36,queue_capped_250ms,1,0.36406257940089404,0.7499631348169729,0.9721465000787788,0.21275926676410617,0.33,0.16666666666666666,5,0.329375
no_tail_control,37,no_hedge,1,0.26965391443316733,0.6080738250209663,0.8167001058431946,0.19702647945360383,0,0,3,0
no_tail_control,37,fixed_250ms,1,0.9101008310553649,1.4742156856293285,1.65108643470802,0.22370856756587998,0.9175,0.14713896457765668,15,0.916875
no_tail_control,37,fixed_500ms,1,0.28021940838997494,0.6517437540739905,0.8412282063709675,0.1995664144096413,0.145,0.06896551724137931,5,0.14375
no_tail_control,37,queue_capped_250ms,1,0.3374498667185666,0.7261965706368088,0.8812877860834405,0.21071706264201776,0.318125,0.14145383104125736,4,0.318125
no_tail_control,38,no_hedge,1,0.26332968180551575,0.6094122541370481,0.7952479793251683,0.20217281763411318,0,0,4,0
no_tail_control,38,fixed_250ms,1,0.8337161198650023,1.636937905409603,1.8466393035738236,0.22990881237474825,0.92625,0.17071524966261808,14,0.925625
no_tail_control,38,fixed_500ms,1,0.2771358647881499,0.6745222555735353,0.8834838778940011,0.20655744296084375,0.14625,0.08547008547008547,5,0.14625
no_tail_control,38,queue_capped_250ms,1,0.32588369086662183,0.6729642965043139,0.8384543779043341,0.21763133921045927,0.374375,0.17195325542570952,4,0.37375
no_tail_control,39,no_hedge,1,0.2976528594038612,0.6507374766010052,0.861065559142558,0.2006739849257559,0,0,4,0
no_tail_control,39,fixed_250ms,1,0.7294290279532669,1.4024354022949765,1.652140475940655,0.2260040754702363,0.930625,0.1638683680322364,13,0.929375
no_tail_control,39,fixed_500ms,1,0.3136732553854955,0.7035237849612628,0.8609969173225167,0.2046263785262066,0.190625,0.06885245901639345,4,0.190625
no_tail_control,39,queue_capped_250ms,1,0.3731783287345962,0.7565989953181642,0.9901635972666085,0.2122526917678095,0.29625,0.17721518987341772,4,0.295625
no_tail_control,40,no_hedge,1,0.36249433775991236,0.8119498262413813,1.0125836012765923,0.19967932545693579,0,0,5,0
no_tail_control,40,fixed_250ms,1,2.257430435274099,3.7533774909121007,4.002734299623093,0.22538763584351243,0.894375,0.15723270440251572,35,0.893125
no_tail_control,40,fixed_500ms,1,0.7353430142291657,1.3293482646351755,1.5351722140109452,0.20756408322550393,0.6825,0.04945054945054945,11,0.680625
no_tail_control,40,queue_capped_250ms,1,0.49602037131048604,0.9451722140108529,1.2186423675485898,0.2075764716411615,0.1825,0.18835616438356165,6,0.1825
no_tail_control,41,no_hedge,1,0.3335405298177383,0.8401766697552837,1.07532064781007,0.2026969369659564,0,0,5,0
no_tail_control,41,fixed_250ms,1,2.69539078014148,3.3800387423486455,3.5528629745819416,0.23251307072740152,0.964375,0.18276085547634477,31,0.963125
no_tail_control,41,fixed_500ms,1,0.42537878216359815,1.0450330322302648,1.2459084499719602,0.2088714777998031,0.395625,0.061611374407582936,8,0.395625
no_tail_control,41,queue_capped_250ms,1,0.424809058319056,0.954556327354247,1.2260381455022689,0.21293951732039992,0.253125,0.20987654320987653,6,0.251875
no_tail_control,42,no_hedge,1,0.2851860039807832,0.6764813355608004,0.8630793790819444,0.20253479597986931,0,0,4,0
no_tail_control,42,fixed_250ms,1,0.935651621824988,1.51316976409138,1.6766687392291573,0.22997088581929387,0.950625,0.16699539776462854,13,0.950625
no_tail_control,42,fixed_500ms,1,0.311762833627403,0.7324604985092691,0.9202937323083207,0.20671372097240684,0.19875,0.08490566037735849,5,0.19875
no_tail_control,42,queue_capped_250ms,1,0.377498033890987,0.7321418541796838,0.9085848891408057,0.21606534999858668,0.33,0.18371212121212122,4,0.33
no_tail_control,43,no_hedge,1,0.24348947720849834,0.5266379512511108,0.6864496293951796,0.19629572783408128,0,0,3,0
no_tail_control,43,fixed_250ms,1,0.5749595254897883,1.2695254095411102,1.493332932458891,0.22587640200460352,0.85,0.15294117647058825,11,0.849375
no_tail_control,43,fixed_500ms,1,0.2454649876105623,0.5654545257410373,0.7155603603398628,0.19883828973513926,0.078125,0.048,4,0.078125
no_tail_control,43,queue_capped_250ms,1,0.30043595433420833,0.6039322383069887,0.7573303369779865,0.2128011614026029,0.38125,0.14590163934426228,4,0.38125
no_tail_control,44,no_hedge,1,0.23642309781026682,0.5610594299366554,0.7553921570634188,0.19977467667192325,0,0,4,0
no_tail_control,44,fixed_250ms,1,0.3294484037303391,0.7154840840258387,0.8776594444530446,0.220810845839869,0.67125,0.13128491620111732,7,0.67125
no_tail_control,44,fixed_500ms,1,0.2482319989516668,0.5625813874831174,0.734633598149447,0.2027692254537551,0.089375,0.09090909090909091,4,0.08875
no_tail_control,44,queue_capped_250ms,1,0.2934624767090348,0.5824582024183016,0.7644941003528452,0.2171010639133964,0.411875,0.15326251896813353,4,0.411875
no_tail_control,45,no_hedge,1,0.25967015351731515,0.6354691523597182,0.8967014964286122,0.19712282880725612,0,0,4,0
no_tail_control,45,fixed_250ms,1,0.3682521851154892,0.9342442060366949,1.3448611977437395,0.2209201682411884,0.69875,0.129695885509839,11,0.6975
no_tail_control,45,fixed_500ms,1,0.2615426368087981,0.6908038833283072,0.9608183442751113,0.19981962890273258,0.149375,0.07531380753138076,6,0.148125
no_tail_control,45,queue_capped_250ms,1,0.32076259333190293,0.7445589177241416,0.9911676829489764,0.21369052716166562,0.3175,0.15551181102362205,5,0.3175
no_tail_control,46,no_hedge,1,0.287242085680365,0.6717317084721568,0.9247213695404266,0.20143040524321207,0,0,4,0
no_tail_control,46,fixed_250ms,1,0.5823806748414952,1.544637850067705,1.7296795700017373,0.2280546857784665,0.863125,0.17378711078928313,15,0.863125
no_tail_control,46,fixed_500ms,1,0.309182713167484,0.7964073543635326,1.002833349119097,0.20477271456905194,0.21375,0.06140350877192982,7,0.21375
no_tail_control,46,queue_capped_250ms,1,0.3429849664041065,0.7620555665462554,0.9798687315402823,0.2151696423392542,0.308125,0.23732251521298176,5,0.308125
no_tail_control,47,no_hedge,1,0.2763513372168493,0.6223280581831006,0.7698218318084757,0.19918495988655022,0,0,3,0
no_tail_control,47,fixed_250ms,1,0.6754889306510705,1.479051695150872,1.6865933102256392,0.2249156876642904,0.9075,0.1446280991735537,14,0.906875
no_tail_control,47,fixed_500ms,1,0.2847983820500346,0.639245561237141,0.787132366980412,0.20206606826011536,0.14375,0.07391304347826087,5,0.143125
no_tail_control,47,queue_capped_250ms,1,0.36010109926736256,0.7042538883743603,0.8861378709462073,0.21311136978414807,0.330625,0.17580340264650285,4,0.33
no_tail_control,48,no_hedge,1,0.28255438859634613,0.7145992198709123,0.8678931253236186,0.19528790248336184,0,0,4,0
no_tail_control,48,fixed_250ms,1,1.0353138366591566,1.8726888448731884,2.1206862423756263,0.21958938151457008,0.864375,0.16124367317425886,17,0.863125
no_tail_control,48,fixed_500ms,1,0.29534115244852366,0.7431067546682968,0.9202514295734012,0.1988317270287782,0.184375,0.07796610169491526,6,0.184375
no_tail_control,48,queue_capped_250ms,1,0.3660944698897701,0.8278413521123227,0.9862519081771097,0.2090772359124055,0.309375,0.13535353535353536,5,0.309375
no_tail_control,49,no_hedge,1,0.26914219508334725,0.6390931578791808,0.858903007965016,0.20013157268110843,0,0,4,0
no_tail_control,49,fixed_250ms,1,0.4976150233263912,0.9254469137276189,1.0999307717941171,0.2242686664237776,0.86625,0.1341991341991342,9,0.865
no_tail_control,49,fixed_500ms,1,0.281579521648079,0.6902669630201714,0.8605861750446451,0.20365755120393728,0.16125,0.08914728682170543,5,0.159375
no_tail_control,49,queue_capped_250ms,1,0.32991234367603384,0.6641566817665607,0.8862233688510486,0.21447171927264377,0.395625,0.1721958925750395,4,0.395625
no_tail_control,50,no_hedge,1,0.25307175391762016,0.5905409228226652,0.7754898547544471,0.19937346478097495,0,0,3,0
no_tail_control,50,fixed_250ms,1,0.41519010097635345,0.9229444815179377,1.0911124177915674,0.22345669784267574,0.74375,0.12773109243697478,8,0.7425
no_tail_control,50,fixed_500ms,1,0.26096281879684824,0.5956368816576685,0.8100166728738074,0.20202028048165258,0.108125,0.09248554913294797,4,0.108125
no_tail_control,50,queue_capped_250ms,1,0.31621536531635996,0.6658402361846356,0.829973568236209,0.2153231335372664,0.355,0.1602112676056338,4,0.35375
no_tail_control,51,no_hedge,1,0.3122701432045929,0.6929156192221093,0.8794561669960927,0.20101977609739388,0,0,4,0
no_tail_control,51,fixed_250ms,1,1.9224644493808185,2.5419156914964063,2.73401943291168,0.22927482091552906,0.968125,0.1684958037443512,25,0.968125
no_tail_control,51,fixed_500ms,1,0.3797561419800637,0.9428981713932636,1.2246552419189296,0.20665280769124414,0.341875,0.04753199268738574,8,0.34125
no_tail_control,51,queue_capped_250ms,1,0.4279703576736509,0.81863173249765,1.0428528065316556,0.21411023221606143,0.253125,0.15555555555555556,5,0.253125
no_tail_control,52,no_hedge,1,0.29383795173356475,0.6886712802359067,0.9653349300542313,0.20357859725308444,0,0,5,0
no_tail_control,52,fixed_250ms,1,1.284849759927333,1.822036168079471,2.0451529093068785,0.23047678229686142,0.950625,0.17685733070348456,16,0.950625
no_tail_control,52,fixed_500ms,1,0.33215023630075713,0.8004914769342673,1.0223860412674135,0.20748335368561135,0.231875,0.0862533692722372,6,0.231875
no_tail_control,52,queue_capped_250ms,1,0.3739026446491458,0.7998681296988188,1.0648981428989739,0.21775899383044692,0.3475,0.14388489208633093,5,0.3475
no_tail_control,53,no_hedge,1,0.2743707809276916,0.6158314807916128,0.7972752426946101,0.1999909210539259,0,0,4,0
no_tail_control,53,fixed_250ms,1,0.5588684754190574,1.049698895343587,1.2784056105509762,0.22330300714398657,0.883125,0.14578910120311395,9,0.8825
no_tail_control,53,fixed_500ms,1,0.27976446669087096,0.6402299236497981,0.8260096672421184,0.20318749354420468,0.145,0.04741379310344827,5,0.144375
no_tail_control,53,queue_capped_250ms,1,0.3299167039433186,0.6751519673896524,0.8713508851892584,0.21408095819557016,0.355625,0.17398945518453426,4,0.355625
no_tail_control,54,no_hedge,1,0.27723271383868564,0.5928975463976185,0.7702918079650374,0.1976281649111735,0,0,4,0
no_tail_control,54,fixed_250ms,1,0.7959253225082659,1.3897871213577204,1.5513418889236803,0.2223230843107869,0.915625,0.15290102389078497,13,0.915625
no_tail_control,54,fixed_500ms,1,0.2946684760338911,0.6549713714009506,0.7941869551988532,0.20104279434327857,0.144375,0.06926406926406926,5,0.144375
no_tail_control,54,queue_capped_250ms,1,0.3702662019034193,0.7168662136029624,0.8811404380851897,0.21262790510582974,0.32,0.1875,5,0.319375
no_tail_control,55,no_hedge,1,0.29204971754442255,0.6287989659465687,0.8020734102704132,0.19524415851798135,0,0,4,0
no_tail_control,55,fixed_250ms,1,0.8896554951780757,3.028088108735666,3.237993418764141,0.22290459582995925,0.846875,0.17047970479704797,28,0.845625
no_tail_control,55,fixed_500ms,1,0.3360993476818912,0.8095913602244771,1.0439965627519001,0.19943302781914557,0.244375,0.04603580562659847,7,0.244375
no_tail_control,55,queue_capped_250ms,1,0.42234346553932767,0.8356112439167873,1.015485566262285,0.20779338898414995,0.261875,0.1909307875894988,5,0.26125
no_tail_control,56,no_hedge,1,0.26382764613672904,0.5996669209089482,0.7539557598608972,0.20195135680804568,0,0,3,0
no_tail_control,56,fixed_250ms,1,0.46260228943300963,0.8576632061453111,0.9725959659199894,0.2232984712612792,0.82,0.15167682926829268,7,0.81875
no_tail_control,56,fixed_500ms,1,0.2768335577366159,0.6263653040034356,0.7450018083952088,0.20569309907921196,0.128125,0.08292682926829269,4,0.128125
no_tail_control,56,queue_capped_250ms,1,0.33944469185642845,0.6767649467006223,0.908560973097444,0.21683705036538417,0.34875,0.1989247311827957,4,0.348125
no_tail_control,57,no_hedge,1,0.3134047084206486,0.735364706248518,0.9253976245777125,0.19714262776796027,0,0,4,0
no_tail_control,57,fixed_250ms,1,1.6227552968158818,2.96960453609141,3.2869268980733466,0.22598060781202897,0.94,0.16422872340425532,27,0.93875
no_tail_control,57,fixed_500ms,1,0.37461695260879146,1.0240950233216672,1.2030438991554675,0.20235262034621143,0.366875,0.049403747870528106,8,0.366875
no_tail_control,57,queue_capped_250ms,1,0.3994251268021419,0.9023056355464902,1.0986934390941983,0.20844064318916414,0.2675,0.1588785046728972,5,0.266875
no_tail_control,58,no_hedge,1,0.27010659708457396,0.600772145316153,0.8204457905128599,0.1964525811181855,0,0,4,0
no_tail_control,58,fixed_250ms,1,0.6620038887696644,1.1803266455807417,1.3732000981358752,0.22170901669643872,0.878125,0.15088967971530248,11,0.878125
no_tail_control,58,fixed_500ms,1,0.2808941344192317,0.626135017656523,0.7926212577082161,0.19928474640723906,0.135,0.06944444444444445,5,0.135
no_tail_control,58,queue_capped_250ms,1,0.34083946794161735,0.6911863584026818,0.9071043071995248,0.2100190622578825,0.361875,0.13989637305699482,5,0.361875
no_tail_control,59,no_hedge,1,0.30760135875858907,0.696991008050805,0.9080997284288408,0.19938631344929716,0,0,5,0
no_tail_control,59,fixed_250ms,1,1.2862768493688037,2.3579641971761163,2.5946441016731683,0.2268149113666609,0.985,0.18527918781725888,21,0.984375
no_tail_control,59,fixed_500ms,1,0.37108642504517064,0.8711458880681953,1.1065672137412328,0.20583447029107282,0.30875,0.05465587044534413,7,0.308125
no_tail_control,59,queue_capped_250ms,1,0.4044661703281438,0.8019017325604754,1.0439070150658765,0.2113745314967994,0.29125,0.15879828326180256,5,0.290625
no_tail_control,60,no_hedge,1,0.2766993727686282,0.7246660623007326,0.9766765656012222,0.19631148756492572,0,0,5,0
no_tail_control,60,fixed_250ms,1,0.872481012128624,1.4556464466448453,1.6613169445466873,0.21885107281969277,0.884375,0.14416961130742048,14,0.884375
no_tail_control,60,fixed_500ms,1,0.29431679563609237,0.7814127466985656,1.0005494863270616,0.19910165371481,0.220625,0.056657223796033995,7,0.22
no_tail_control,60,queue_capped_250ms,1,0.3555523187723715,0.8381688516108579,1.0744209305793078,0.20851527910670734,0.289375,0.19222462203023757,5,0.28875
no_tail_control,61,no_hedge,1,0.2450524228601907,0.5697487224612203,0.7826735861669718,0.1961609887802368,0,0,4,0
no_tail_control,61,fixed_250ms,1,0.48620145184847985,0.9155885418419665,1.0509695440219815,0.21941804972857779,0.828125,0.14339622641509434,8,0.828125
no_tail_control,61,fixed_500ms,1,0.25719887583720435,0.5914817761206042,0.8122506048198499,0.19837018463466294,0.099375,0.1069182389937107,5,0.09875
no_tail_control,61,queue_capped_250ms,1,0.3085508844177838,0.6286407812526633,0.8104617257339797,0.21269883144271365,0.36875,0.16271186440677965,4,0.368125
no_tail_control,62,no_hedge,1,0.23933791427592155,0.5535547698844923,0.7559876237583758,0.19765587848875846,0,0,3,0
no_tail_control,62,fixed_250ms,1,0.3929788753589314,0.7886031466888923,0.9359876237584039,0.22252349968385698,0.725,0.12931034482758622,7,0.724375
no_tail_control,62,fixed_500ms,1,0.25116885416134416,0.5524287981129916,0.7096614280029669,0.2004281506469174,0.07375,0.06779661016949153,3,0.07375
no_tail_control,62,queue_capped_250ms,1,0.31628302832648103,0.641197827457983,0.7683146850051301,0.21429336785094433,0.34625,0.18050541516245489,4,0.34625
no_tail_control,63,no_hedge,1,0.2845092472676427,0.6050588712083123,0.8038763080070712,0.20002692245925083,0,0,4,0
no_tail_control,63,fixed_250ms,1,0.9036385650525576,1.5335518741219616,1.7367608871840758,0.22879650174599286,0.953125,0.16655737704918033,14,0.953125
no_tail_control,63,fixed_500ms,1,0.308830466887847,0.6745859160249372,0.8179172869604052,0.20419776998996522,0.16625,0.06390977443609022,4,0.165625
no_tail_control,63,queue_capped_250ms,1,0.3643365889012813,0.7045525286535224,0.8987780651686457,0.21455602212289904,0.319375,0.18395303326810175,4,0.319375
no_tail_control,64,no_hedge,1,0.2951717889107215,0.6504204368882682,0.8464286606000719,0.1942793009106158,0,0,4,0
no_tail_control,64,fixed_250ms,1,0.5954140476890561,2.298301988921793,2.557105855888487,0.2201613905240399,0.859375,0.1389090909090909,21,0.8575
no_tail_control,64,fixed_500ms,1,0.32386565879377116,0.7530089565504028,0.9491297719317586,0.19779745787493969,0.218125,0.06017191977077364,6,0.218125
no_tail_control,64,queue_capped_250ms,1,0.38579213279258795,0.7705105003123656,0.9951509828476688,0.20686443303243052,0.2875,0.16956521739130434,5,0.286875
no_tail_control,65,no_hedge,1,0.3138763875314403,0.9199536570530942,1.1818369581048902,0.20057247733374006,0,0,6,0
no_tail_control,65,fixed_250ms,1,1.2255688816566277,1.7229672084287166,1.9057416903572726,0.22496482665318596,0.984375,0.17587301587301588,16,0.984375
no_tail_control,65,fixed_500ms,1,0.4210054336201665,1.1667041494614274,1.4151662600447397,0.20659334924558143,0.405625,0.0724191063174114,10,0.405625
no_tail_control,65,queue_capped_250ms,1,0.38962367793228836,0.9932752390590398,1.2881775378814408,0.21164646480516644,0.269375,0.18793503480278423,6,0.269375
no_tail_control,66,no_hedge,1,0.2848468024694295,0.5980725353981136,0.757324028724911,0.20080146231452484,0,0,3,0
no_tail_control,66,fixed_250ms,1,1.3268926505982037,2.4213266983797226,2.611341903975976,0.23024584608386087,0.988125,0.19101834282099936,21,0.988125
no_tail_control,66,fixed_500ms,1,0.3042919700056963,0.6133609448201351,0.7372762679103779,0.20412623252085318,0.13875,0.04954954954954955,4,0.138125
no_tail_control,66,queue_capped_250ms,1,0.4005538742734611,0.7219358329981063,0.858177201989756,0.21431717389391533,0.296875,0.18736842105263157,4,0.296875
no_tail_control,67,no_hedge,1,0.2711925886914546,0.6804814613568269,0.982232792226009,0.19800873413913603,0,0,4,0
no_tail_control,67,fixed_250ms,1,0.5163290402733018,1.0665176031773242,1.3480396437166888,0.22355692183490306,0.805625,0.15128006206361522,10,0.804375
no_tail_control,67,fixed_500ms,1,0.28259787643868606,0.7549695388957502,0.9957156919332206,0.2019637007091082,0.2,0.04375,6,0.199375
no_tail_control,67,queue_capped_250ms,1,0.33758385298168747,0.6984578752602246,1.0297750698028736,0.211799336891058,0.321875,0.14951456310679612,5,0.321875
no_tail_control,68,no_hedge,1,0.23742709821121366,0.5335765101919705,0.6999631326868334,0.19737492240849858,0,0,3,0
no_tail_control,68,fixed_250ms,1,0.34010237255966036,0.6810373106693497,0.8445235935836664,0.21986753279713284,0.674375,0.11770157553290084,6,0.674375
no_tail_control,68,fixed_500ms,1,0.24604470167948023,0.5434161170079719,0.6661919308359554,0.20001363184130547,0.07375,0.07627118644067797,3,0.07375
no_tail_control,68,queue_capped_250ms,1,0.29156654922050507,0.5940511782441078,0.7374787723308742,0.2137745892825384,0.381875,0.15384615384615385,4,0.38125
no_tail_control,69,no_hedge,1,0.2896645294721223,0.64755295449595,0.8486677619438971,0.20012938681246087,0,0,4,0
no_tail_control,69,fixed_250ms,1,1.1130915254883007,1.74507003769574,1.967956790825962,0.22884381429254097,0.9375,0.17933333333333334,15,0.935
no_tail_control,69,fixed_500ms,1,0.3204954910322648,0.8335653602042896,1.0379840867583496,0.20442791262038568,0.248125,0.042821158690176324,7,0.248125
no_tail_control,69,queue_capped_250ms,1,0.3510473811711279,0.7795215142796348,0.9718582745200202,0.21286758679080403,0.316875,0.13806706114398423,5,0.316875
no_tail_control,70,no_hedge,1,0.2912889361744746,0.6330926958986822,0.7787032860634895,0.19596044678311347,0,0,4,0
no_tail_control,70,fixed_250ms,1,0.5170316666175125,1.8307742624819738,2.0823532996011807,0.22200347976586268,0.860625,0.11764705882352941,18,0.859375
no_tail_control,70,fixed_500ms,1,0.3064550680476792,0.6508350958660039,0.7935413823245057,0.19858067716266425,0.155,0.07258064516129033,4,0.155
no_tail_control,70,queue_capped_250ms,1,0.3859529320399382,0.7374936550992643,0.9080655479367294,0.21011184872111688,0.295625,0.14799154334038056,5,0.295625
no_tail_control,71,no_hedge,1,0.27631323424168386,0.6045366509614851,0.8477903040531114,0.19664740123941066,0,0,4,0
no_tail_control,71,fixed_250ms,1,0.6348734715541013,1.0976385618556534,1.3212207409153507,0.22177128753284778,0.914375,0.15379357484620643,10,0.914375
no_tail_control,71,fixed_500ms,1,0.2941308109822174,0.6178714115312189,0.8268928830232802,0.1996411578867886,0.131875,0.09004739336492891,5,0.131875
no_tail_control,71,queue_capped_250ms,1,0.3714555153494672,0.7452843359185835,0.9540892454059389,0.2117253888853441,0.321875,0.17475728155339806,4,0.321875
no_tail_control,72,no_hedge,1,0.24802965539625532,0.7542967388208446,1.0256481268518947,0.19239315785523192,0,0,6,0
no_tail_control,72,fixed_250ms,1,0.4863721343156575,1.1334850025865322,1.3232542377757106,0.213229245590724,0.761875,0.11156685808039377,11,0.760625
no_tail_control,72,fixed_500ms,1,0.2659440960217694,0.8724693513500945,1.2032542377756918,0.19548041506209674,0.16125,0.06976744186046512,9,0.16125
no_tail_control,72,queue_capped_250ms,1,0.3105109429109234,0.8142568145939144,1.0713250962463032,0.20620769001840145,0.34125,0.13553113553113552,6,0.34125
no_tail_control,73,no_hedge,1,0.23952604800570043,0.5322475398512481,0.6769360432594027,0.19557273926513077,0,0,3,0
no_tail_control,73,fixed_250ms,1,0.33683203122885885,0.6888840540912327,0.8325851674656661,0.21629706792059164,0.681875,0.1154903758020165,7,0.681875
no_tail_control,73,fixed_500ms,1,0.24159229630177848,0.5589038475728003,0.6939908697756927,0.19774119769069437,0.08,0.046875,4,0.079375
no_tail_control,73,queue_capped_250ms,1,0.2959218758153188,0.5976661898489439,0.7326083414425639,0.2108229944260504,0.395625,0.13902053712480253,4,0.395
no_tail_control,74,no_hedge,1,0.2572106486235164,0.5579413429213567,0.7504628002437386,0.19816947211560038,0,0,4,0
no_tail_control,74,fixed_250ms,1,0.6089738303379795,1.1536849729823793,1.3200016445102527,0.22589121135154552,0.8525,0.13269794721407624,11,0.851875
no_tail_control,74,fixed_500ms,1,0.2637187657515625,0.609903261912784,0.8292294771997781,0.20113775305410822,0.118125,0.08465608465608465,5,0.118125
no_tail_control,74,queue_capped_250ms,1,0.33941168759249507,0.6843994057714546,0.8728635822060831,0.2165222338412328,0.361875,0.15716753022452504,5,0.361875
no_tail_control,75,no_hedge,1,0.2772750704639506,0.7133057133344849,0.9621650641514137,0.19753829539802178,0,0,4,0
no_tail_control,75,fixed_250ms,1,1.0682798566246738,1.7479818802524143,1.9573905442794057,0.2232291215761026,0.869375,0.15815959741193386,15,0.869375
no_tail_control,75,fixed_500ms,1,0.2976411826866112,0.7660359814813376,0.951340282334467,0.20178641820051116,0.205,0.07317073170731707,6,0.205
no_tail_control,75,queue_capped_250ms,1,0.32921259914452605,0.7868056312945875,0.9945338826492396,0.2103407644720286,0.318125,0.14538310412573674,5,0.3175
no_tail_control,76,no_hedge,1,0.2571517183436356,0.5934379809604096,0.7725585466217453,0.19841305930652695,0,0,4,0
no_tail_control,76,fixed_250ms,1,0.42382909089656096,0.9217944503437856,1.170588351803417,0.22367791333137904,0.8075,0.12693498452012383,9,0.805625
no_tail_control,76,fixed_500ms,1,0.26028823735524753,0.5872472491789651,0.751717685599111,0.2001657395020741,0.09875,0.06329113924050633,4,0.098125
no_tail_control,76,queue_capped_250ms,1,0.31539903474382847,0.6239352600865544,0.7704885973573585,0.21555390716826184,0.38375,0.14332247557003258,4,0.38375
no_tail_control,77,no_hedge,1,0.28138054029557846,0.7454000059193273,0.9322467173368878,0.1941862144203553,0,0,5,0
no_tail_control,77,fixed_250ms,1,0.8432745676977378,1.4558614538864711,1.677284514307832,0.22098023891164964,0.9475,0.16424802110817943,13,0.946875
no_tail_control,77,fixed_500ms,1,0.32065294134534383,0.9071043870289106,1.1012218958696707,0.19850378234170585,0.244375,0.061381074168797956,8,0.244375
no_tail_control,77,queue_capped_250ms,1,0.34445126583686125,0.8176740972974263,1.0767109021319623,0.2063834224063401,0.2875,0.14782608695652175,5,0.2875
no_tail_control,78,no_hedge,1,0.2759019042040691,0.6598981791453626,0.8782435294776576,0.2013241039813447,0,0,4,0
no_tail_control,78,fixed_250ms,1,0.9623663711634833,1.4954007202647972,1.6721514295288973,0.22861381157480679,0.931875,0.1676727028839705,14,0.929375
no_tail_control,78,fixed_500ms,1,0.3287004035910819,0.8209514997287055,0.9911938729867513,0.2069844804636659,0.269375,0.0765661252900232,6,0.269375
no_tail_control,78,queue_capped_250ms,1,0.36717647530910114,0.7667129827247479,0.9512014152491162,0.21432240517431161,0.303125,0.21030927835051547,4,0.303125
no_tail_control,79,no_hedge,1,0.29031712628807327,0.6555684747805195,0.8604493849163894,0.1954594610042822,0,0,4,0
no_tail_control,79,fixed_250ms,1,1.0005041227353644,1.8959795120666882,2.124712180110116,0.22337538578539526,0.95375,0.1618610747051114,17,0.9525
no_tail_control,79,fixed_500ms,1,0.3214598329791949,0.7012724313559673,0.8977057472549888,0.1996383516406625,0.188125,0.0664451827242525,5,0.1875
no_tail_control,79,queue_capped_250ms,1,0.3750125108312794,0.7440268681927282,0.9616694194812077,0.20844485363772935,0.273125,0.18077803203661327,4,0.2725
no_tail_control,80,no_hedge,1,0.29572060271286915,0.6671434324214722,0.885006365001523,0.1972244968405442,0,0,4,0
no_tail_control,80,fixed_250ms,1,1.516688844115663,2.2922073803869694,2.542209771225849,0.22665342331230193,0.94875,0.17391304347826086,21,0.9475
no_tail_control,80,fixed_500ms,1,0.33227845101281517,0.7857665130708256,0.949208699053596,0.20073077258898578,0.248125,0.042821158690176324,5,0.248125
no_tail_control,80,queue_capped_250ms,1,0.370203151422956,0.8096527224995285,1.0231947344841394,0.2085927376871825,0.275625,0.15419501133786848,4,0.275
no_tail_control,81,no_hedge,1,0.402838509418622,1.2754249183114723,1.6134731041022476,0.20088456309188327,0,0,8,0
no_tail_control,81,fixed_250ms,1,1.7647503606459267,3.0308343346181275,3.2482564278344555,0.2269789142417836,0.8375,0.19776119402985073,27,0.8375
no_tail_control,81,fixed_500ms,1,0.7025606413284144,1.584775173921095,1.7977864164865522,0.20813703065084763,0.599375,0.08029197080291971,13,0.599375
no_tail_control,81,queue_capped_250ms,1,0.457182087537948,1.343399280772136,1.6794602523407427,0.2095773896392933,0.211875,0.1710914454277286,7,0.211875
no_tail_control,82,no_hedge,1,0.25687389869352373,0.6410374885323318,0.9226993339922913,0.19646055716647923,0,0,5,0
no_tail_control,82,fixed_250ms,1,0.5442375235175456,1.1343411627926656,1.3621830717629564,0.2201261706568406,0.826875,0.1383219954648526,11,0.826875
no_tail_control,82,fixed_500ms,1,0.2644327266313802,0.66716190848053,0.9190190626732004,0.1995309484725228,0.146875,0.04680851063829787,6,0.14625
no_tail_control,82,queue_capped_250ms,1,0.3263674604719231,0.7103377509514104,0.8850974400933325,0.21062898709947117,0.329375,0.1461100569259962,5,0.329375
no_tail_control,83,no_hedge,1,0.28433478920769995,0.6473846093825735,0.859836066871388,0.19851349144611533,0,0,4,0
no_tail_control,83,fixed_250ms,1,1.2325781951168757,1.9554923752017999,2.1838126334012244,0.2241282412387963,0.899375,0.15427380125086865,18,0.89875
no_tail_control,83,fixed_500ms,1,0.3059500064002343,0.704540629185118,0.910689993129381,0.2026543337985202,0.185,0.07432432432432433,5,0.185
no_tail_control,83,queue_capped_250ms,1,0.3803196947189278,0.8091896019557421,0.969476800299816,0.2125861904876062,0.3025,0.15702479338842976,5,0.301875
no_tail_control,84,no_hedge,1,0.2859010228085168,0.7633615346985465,1.0685004989026439,0.19674909303204738,0,0,5,0
no_tail_control,84,fixed_250ms,1,0.7780221608565725,2.046987251547961,2.3205838075042635,0.2216209041852275,0.895,0.14874301675977653,20,0.891875
no_tail_control,84,fixed_500ms,1,0.28769723081178,0.8817481406612089,1.2510399538594044,0.20074976266408182,0.1825,0.07534246575342465,8,0.180625
no_tail_control,84,queue_capped_250ms,1,0.3706155587556026,0.9233320297013279,1.198858060145099,0.20967455424157755,0.29,0.14655172413793102,5,0.29
no_tail_control,85,no_hedge,1,0.2680887541361088,0.6332099767365378,0.8048680648588302,0.19815105367994473,0,0,4,0
no_tail_control,85,fixed_250ms,1,0.661504482720531,1.6514161998164667,1.8404404264391232,0.22629980751808637,0.883125,0.14578910120311395,15,0.8825
no_tail_control,85,fixed_500ms,1,0.2830375432502681,0.6385975962415458,0.791798077296967,0.20098396503114235,0.135625,0.07373271889400922,5,0.135625
no_tail_control,85,queue_capped_250ms,1,0.3449968900800684,0.7254636016645897,0.9117364467475682,0.21074466938038364,0.308125,0.18864097363083165,4,0.308125
no_tail_control,86,no_hedge,1,0.31113346314587886,0.7180526631690771,0.967983004591666,0.20141165431982064,0,0,5,0
no_tail_control,86,fixed_250ms,1,1.0999043258103285,1.7304232417323533,1.9254618083108674,0.22737408147495183,0.9575,0.17950391644908617,15,0.956875
no_tail_control,86,fixed_500ms,1,0.35736487035310915,0.8251919340761429,0.9886531212871077,0.20550134706011353,0.2725,0.06651376146788991,6,0.2725
no_tail_control,86,queue_capped_250ms,1,0.4252177526892442,0.8721444603605306,1.1323762418149599,0.2136198919578992,0.238125,0.2125984251968504,5,0.238125
no_tail_control,87,no_hedge,1,0.37205990549817614,0.8829758706254047,1.0790251655129062,0.20234898077000885,0,0,5,0
no_tail_control,87,fixed_250ms,1,1.5604590260143851,3.4744718784441133,3.860178632334197,0.22894704848279818,0.931875,0.15694164989939638,30,0.93
no_tail_control,87,fixed_500ms,1,0.5417764556776845,1.015781537823628,1.22131751515537,0.2100744283633814,0.555,0.04954954954954955,7,0.55375
no_tail_control,87,queue_capped_250ms,1,0.4781846754107377,0.9493790422881538,1.1699386535940555,0.21100741332949685,0.19,0.19736842105263158,5,0.19
no_tail_control,88,no_hedge,1,0.23648764082589935,0.5637095313612512,0.7393233384573819,0.19330836695536624,0,0,4,0
no_tail_control,88,fixed_250ms,1,0.3791461982781925,1.0583402941158369,1.2057925386079091,0.21557331899558435,0.70625,0.12035398230088495,10,0.705625
no_tail_control,88,fixed_500ms,1,0.24478391024323543,0.583052396652004,0.7492066433425819,0.19618191469552532,0.08875,0.11267605633802817,4,0.08875
no_tail_control,88,queue_capped_250ms,1,0.3000954809295564,0.6524822150412461,0.824877115151267,0.20930320872368277,0.3575,0.11888111888111888,4,0.3575
no_tail_control,89,no_hedge,1,0.3159517391072768,0.7096457862320911,0.9549284741667154,0.20084898994649972,0,0,4,0
no_tail_control,89,fixed_250ms,1,1.3095489481267766,2.479874452012453,2.7125378418056414,0.22680981418577104,0.95,0.1736842105263158,22,0.95
no_tail_control,89,fixed_500ms,1,0.3400850868115022,0.8065672962489359,0.9940330513671434,0.2049756103310764,0.240625,0.07272727272727272,6,0.240625
no_tail_control,89,queue_capped_250ms,1,0.4234342783530991,0.8539862716983038,1.081713774088911,0.21237823464783687,0.255,0.1715686274509804,5,0.255
no_tail_control,90,no_hedge,1,0.2917427276331921,0.7555468871058899,0.9869461667077211,0.20090138221718298,0,0,5,0
no_tail_control,90,fixed_250ms,1,0.7161138665140854,1.4642590229272443,1.6509334373928368,0.22519115987063462,0.875625,0.14346895074946467,13,0.875625
no_tail_control,90,fixed_500ms,1,0.3084081517670185,0.8042590229271411,1.0551718029373554,0.2041737486586456,0.205625,0.06382978723404255,7,0.205625
no_tail_control,90,queue_capped_250ms,1,0.3610557776033545,0.8374315734471516,1.1060324658719694,0.21453886914637665,0.33125,0.15660377358490565,5,0.33
no_tail_control,91,no_hedge,1,0.24279153073940307,0.5683691794363757,0.7328181467030177,0.19956410428135446,0,0,3,0
no_tail_control,91,fixed_250ms,1,0.33856054549217873,0.6937060280112242,0.9136623862953179,0.22107379388774248,0.686875,0.14012738853503184,7,0.686875
no_tail_control,91,fixed_500ms,1,0.2458113463243734,0.5724932602737667,0.7465329697777179,0.20181947591953467,0.08375,0.1044776119402985,4,0.083125
no_tail_control,91,queue_capped_250ms,1,0.3033188318428621,0.6315962947546829,0.7528181467030208,0.21528394982997562,0.376875,0.16086235489220563,4,0.37625
no_tail_control,92,no_hedge,1,0.3520199362785945,0.7762483630246209,0.9700752125827776,0.20155007256251495,0,0,5,0
no_tail_control,92,fixed_250ms,1,1.5058719983637339,2.7263126409610194,2.9307032524291188,0.22598008327279778,0.94875,0.1857707509881423,24,0.948125
no_tail_control,92,fixed_500ms,1,0.5114804443510685,1.088912116556429,1.2716875872968174,0.20954927113812083,0.508125,0.07011070110701106,8,0.508125
no_tail_control,92,queue_capped_250ms,1,0.4629144497471849,0.9067410604182911,1.1025051709225693,0.2112187724305089,0.211875,0.1887905604719764,5,0.211875
no_tail_control,93,no_hedge,1,0.2486619032969853,0.5434642036809194,0.7335145085564605,0.1960769844017799,0,0,3,0
no_tail_control,93,fixed_250ms,1,0.37984618681318594,0.7136581638065387,0.8521775348000347,0.2169689450100985,0.75125,0.11148086522462562,6,0.75
no_tail_control,93,fixed_500ms,1,0.25071026842536526,0.5562733074301587,0.6999501896738884,0.19881493161673414,0.078125,0.072,4,0.0775
no_tail_control,93,queue_capped_250ms,1,0.30917400824945673,0.5997461298614724,0.7360918962111214,0.21114564564087232,0.39375,0.14285714285714285,4,0.39375
no_tail_control,94,no_hedge,1,0.26883171974274944,0.6801783065784406,0.8811493930894443,0.19703283706824007,0,0,5,0
no_tail_control,94,fixed_250ms,1,0.403699184385637,0.9260162702171186,1.169546355746924,0.21881809336347427,0.744375,0.12678421494542402,10,0.743125
no_tail_control,94,fixed_500ms,1,0.28351521967228166,0.7271561786834653,0.9428019906634759,0.20098327721023446,0.195625,0.054313099041533544,6,0.194375
no_tail_control,94,queue_capped_250ms,1,0.31672977312468475,0.7400215586756573,0.9876754779582697,0.20864645667261986,0.284375,0.16923076923076924,5,0.284375
no_tail_control,95,no_hedge,1,0.31777805444125207,0.8496698740322302,1.0921989192536685,0.20013501078795,0,0,5,0
no_tail_control,95,fixed_250ms,1,0.71068701802497,1.8924086933205118,2.1853421682786234,0.22720880626215556,0.925,0.1635135135135135,16,0.924375
no_tail_control,95,fixed_500ms,1,0.3285173920249207,1.1611636042201567,1.3676951528439432,0.2048862535312722,0.3275,0.06679389312977099,9,0.325
no_tail_control,95,queue_capped_250ms,1,0.3859153637554087,0.8387014137956328,1.1074674800232103,0.21356033522854528,0.295,0.1673728813559322,5,0.29375
no_tail_control,96,no_hedge,1,0.268362079691324,0.6167274763263442,0.7634731651092928,0.1982986969968222,0,0,4,0
no_tail_control,96,fixed_250ms,1,0.6032874533943673,0.963929695912686,1.1008863177216437,0.2230479445248895,0.9125,0.13767123287671232,9,0.9125
no_tail_control,96,fixed_500ms,1,0.2891294096308238,0.6684791243440209,0.8142634462949259,0.20184698260428152,0.144375,0.06060606060606061,5,0.144375
no_tail_control,96,queue_capped_250ms,1,0.3561475427524199,0.6941705199205686,0.858764142163186,0.2141759607105968,0.323125,0.1760154738878143,4,0.323125
no_tail_control,97,no_hedge,1,0.27673343125510996,0.6317411868294442,0.8478489361419435,0.19776640301282267,0,0,4,0
no_tail_control,97,fixed_250ms,1,0.8709971007122128,1.9665118685299987,2.21672901272418,0.2219830487717488,0.891875,0.17589348283111422,18,0.890625
no_tail_control,97,fixed_500ms,1,0.30012896794801236,0.6868743521519178,0.8611571331762491,0.20113841153056253,0.174375,0.06093189964157706,5,0.174375
no_tail_control,97,queue_capped_250ms,1,0.37316176044829774,0.7163758025531042,0.8916472823642678,0.21125549041027125,0.319375,0.18395303326810175,4,0.319375
no_tail_control,98,no_hedge,1,0.2864118250278409,0.7250590234010659,1.0664724808912887,0.20080410726361045,0,0,5,0
no_tail_control,98,fixed_250ms,1,0.837292017250455,1.7493303904125455,1.9537649351774036,0.22394928755549925,0.853125,0.15164835164835164,15,0.851875
no_tail_control,98,fixed_500ms,1,0.3118863279941664,0.780553147442852,0.992479992459792,0.20431399919615534,0.1975,0.09177215189873418,7,0.1975
no_tail_control,98,queue_capped_250ms,1,0.3816238358506929,0.8574927931606453,1.1310298899734619,0.21394682583259075,0.280625,0.22494432071269488,5,0.28
no_tail_control,99,no_hedge,1,0.29430903705292355,0.6928065816016495,0.8866510563621084,0.19664542312313102,0,0,5,0
no_tail_control,99,fixed_250ms,1,0.5806068842022647,1.5084816081650914,1.7822004618969913,0.2201760641860113,0.83125,0.1518796992481203,15,0.83
no_tail_control,99,fixed_500ms,1,0.3443420510814992,0.8265408689800324,1.0181042358178232,0.20159089258706955,0.286875,0.04357298474945534,7,0.286875
no_tail_control,99,queue_capped_250ms,1,0.3636324500146486,0.7457421678527609,1.036163983362897,0.20857249960557334,0.296875,0.14736842105263157,5,0.296875
no_tail_control,100,no_hedge,1,0.27901186204030054,0.6122900869304431,0.7553691569152718,0.19979665616348918,0,0,4,0
no_tail_control,100,fixed_250ms,1,0.9221679989728457,1.5508883487728014,1.7293846074571988,0.22796047644178297,0.981875,0.1833227243793762,13,0.980625
no_tail_control,100,fixed_500ms,1,0.29741547526136003,0.6556119600342516,0.8154761817826746,0.2035472054552374,0.145625,0.05150214592274678,4,0.145625
no_tail_control,100,queue_capped_250ms,1,0.3485631454460236,0.6977603276483109,0.8521196881425794,0.2146447968745383,0.32375,0.17374517374517376,4,0.323125
no_tail_control,101,no_hedge,1,0.2931390453655709,0.7860164757726409,1.0397758039911693,0.2010125051740662,0,0,5,0
no_tail_control,101,fixed_250ms,1,0.5191379805202523,1.3547752770146673,1.5486677451725228,0.225599327527466,0.81875,0.1465648854961832,13,0.818125
no_tail_control,101,fixed_500ms,1,0.3240117605969104,0.8731980008606683,1.0996353144003237,0.2051839231847996,0.265,0.07783018867924528,7,0.264375
no_tail_control,101,queue_capped_250ms,1,0.36076249644055025,0.8923595079371651,1.1612194737743593,0.21523784146413383,0.3025,0.2066115702479339,6,0.301875
no_tail_control,102,no_hedge,1,0.24844603430146073,0.6050618967417627,0.7880642784961474,0.19743377239580087,0,0,4,0
no_tail_control,102,fixed_250ms,1,0.5794805272128514,1.0676677283301288,1.2124564932086876,0.22322859169403983,0.835,0.15568862275449102,10,0.835
no_tail_control,102,fixed_500ms,1,0.2648784630773946,0.6145091039800015,0.784511614881751,0.20013862289593248,0.11625,0.08064516129032258,5,0.115625
no_tail_control,102,queue_capped_250ms,1,0.3088540668433879,0.6298548688177696,0.7871874545388913,0.2138563093415652,0.385,0.14935064935064934,4,0.385
no_tail_control,103,no_hedge,1,0.29651839610667774,0.6994302592611845,0.9026397652583933,0.20015394176948878,0,0,4,0
no_tail_control,103,fixed_250ms,1,1.3012522340860428,2.2819887070065903,2.521781609214983,0.22601445246255444,0.959375,0.1739413680781759,21,0.9575
no_tail_control,103,fixed_500ms,1,0.30260171227769206,0.7068059915468554,0.9517293870104888,0.20317894071237913,0.18125,0.09310344827586207,6,0.180625
no_tail_control,103,queue_capped_250ms,1,0.3919137272475055,0.8264844407503293,1.0643173370109338,0.21307705786538086,0.306875,0.18329938900203666,5,0.306875
no_tail_control,104,no_hedge,1,0.24629936295611543,0.602634443671695,0.7672591352407032,0.19810486675224454,0,0,3,0
no_tail_control,104,fixed_250ms,1,0.43199254712439483,1.1442620570396258,1.354073324610411,0.22159684364941584,0.74125,0.16104553119730186,11,0.739375
no_tail_control,104,fixed_500ms,1,0.25121214656668833,0.6153427140914758,0.8110235117874964,0.20007792734055518,0.109375,0.06285714285714286,4,0.10875
no_tail_control,104,queue_capped_250ms,1,0.299394025957902,0.6823348281698074,0.8930214702129327,0.2122403728643275,0.3275,0.15267175572519084,4,0.3275
no_tail_control,105,no_hedge,1,0.24542737568128814,0.6224670438219664,0.7909047534020992,0.1965253207324304,0,0,4,0
no_tail_control,105,fixed_250ms,1,0.8983610817057297,1.409126920351536,1.5454173795155164,0.2261282005643486,0.97125,0.1583011583011583,12,0.97125
no_tail_control,105,fixed_500ms,1,0.25685293012804067,0.6209734626647005,0.7847421960213907,0.19838721749777474,0.119375,0.05759162303664921,5,0.119375
no_tail_control,105,queue_capped_250ms,1,0.310557892082139,0.6694623152107644,0.9087155917138823,0.21212230713021285,0.373125,0.1708542713567839,4,0.371875
no_tail_control,106,no_hedge,1,0.3056209860283232,0.678522700313172,0.8669620722981417,0.1967933593137187,0,0,5,0
no_tail_control,106,fixed_250ms,1,1.2059190486987674,2.4537024395057614,2.6035355284204726,0.22147827908511603,0.973125,0.16570327552986513,22,0.973125
no_tail_control,106,fixed_500ms,1,0.3377311069299864,0.7309846782532521,0.9145477371650514,0.20029363017747465,0.223125,0.06442577030812324,6,0.223125
no_tail_control,106,queue_capped_250ms,1,0.38860567664298884,0.7629527825579245,0.9990655697904209,0.2062476138515218,0.288125,0.19739696312364424,5,0.288125
no_tail_control,107,no_hedge,1,0.31752470153708856,0.707649979819756,0.8879360516883708,0.2018010081542615,0,0,4,0
no_tail_control,107,fixed_250ms,1,1.5112870165372918,2.564687872045269,2.834056939954074,0.22953055643125853,0.9475,0.18073878627968337,22,0.94625
no_tail_control,107,fixed_500ms,1,0.3674496154295248,0.7879294134994463,0.990412902830407,0.20633666268973314,0.284375,0.05054945054945055,6,0.284375
no_tail_control,107,queue_capped_250ms,1,0.4065880223360878,0.7636563104698197,0.9666744104499951,0.21339324138434526,0.283125,0.2141280353200883,5,0.283125
no_tail_control,108,no_hedge,1,0.283580495779276,0.8279752972834764,1.0722829043594846,0.19588649561230784,0,0,6,0
no_tail_control,108,fixed_250ms,1,1.0704451164315074,1.701529097178394,1.8990173637891807,0.22181646852503256,0.895625,0.16189811584089323,16,0.895
no_tail_control,108,fixed_500ms,1,0.28956496656000585,0.8436360764064688,1.1761728421014226,0.19909680624542211,0.2125,0.07058823529411765,9,0.21125
no_tail_control,108,queue_capped_250ms,1,0.3354796997120246,0.8865218277096947,1.2267659746552209,0.2080448874620352,0.3075,0.16056910569105692,6,0.3075
no_tail_control,109,no_hedge,1,0.2421092338009867,0.5709424387634385,0.7992952199236925,0.19951515056136898,0,0,4,0
no_tail_control,109,fixed_250ms,1,0.452501019428297,0.8759006679833234,1.0300124482175192,0.22420759199417173,0.81625,0.13476263399693722,8,0.815625
no_tail_control,109,fixed_500ms,1,0.24873452934163254,0.6252492453346221,0.8117026988794009,0.2021497707060664,0.121875,0.07692307692307693,5,0.121875
no_tail_control,109,queue_capped_250ms,1,0.32856821900450583,0.663945049451339,0.9117026988794166,0.21733388682134536,0.388125,0.1723027375201288,4,0.3875
no_tail_control,110,no_hedge,1,0.29183801855048586,0.6617380448023553,0.9002566915785053,0.20061766457823768,0,0,4,0
no_tail_control,110,fixed_250ms,1,0.4574453155671345,1.1363070240518311,1.3340614114657754,0.22290325488397705,0.818125,0.13521772345301758,12,0.8175
no_tail_control,110,fixed_500ms,1,0.3024210736545463,0.7137018116148681,0.8732715012520122,0.20365292837741641,0.1875,0.05333333333333334,6,0.1875
no_tail_control,110,queue_capped_250ms,1,0.3784235137376495,0.809061152563503,0.9842435151031026,0.21345001574842878,0.298125,0.1949685534591195,5,0.2975
no_tail_control,111,no_hedge,1,0.3275330662893836,0.7470080338958454,1.0088726408749338,0.2046163370187603,0,0,4,0
no_tail_control,111,fixed_250ms,1,0.5575330662894196,2.2135070520589863,2.4165028046935717,0.22765370921690598,0.85625,0.15693430656934307,19,0.854375
no_tail_control,111,fixed_500ms,1,0.41742457857615634,1.4944733063344415,1.7176218065577373,0.21232637452633035,0.420625,0.06835066864784546,11,0.418125
no_tail_control,111,queue_capped_250ms,1,0.4345705630007686,0.9560041183456391,1.1403925887691244,0.21520093750878125,0.2425,0.17268041237113402,5,0.2425
no_tail_control,112,no_hedge,1,0.3036026415401203,0.7258027375840541,0.9045054682089813,0.19585200853067358,0,0,5,0
no_tail_control,112,fixed_250ms,1,1.183618990914713,2.5592113002096255,2.751496403061708,0.22367951051762755,0.914375,0.18455228981544772,22,0.90875
no_tail_control,112,fixed_500ms,1,0.34391041738819994,0.7884096930105002,1.0410466985562152,0.20006008948936138,0.286875,0.02832244008714597,6,0.286875
no_tail_control,112,queue_capped_250ms,1,0.41495211387695363,0.8232812720400347,1.0422668859025546,0.2091456459752946,0.24,0.171875,5,0.239375
no_tail_control,113,no_hedge,1,0.2833209649961006,0.6370573965572666,0.8687333543254425,0.20281393253225513,0,0,4,0
no_tail_control,113,fixed_250ms,1,0.5835643706660028,1.1138505939304366,1.4480093649180361,0.22821092054118272,0.911875,0.15832762165867031,13,0.911875
no_tail_control,113,fixed_500ms,1,0.29693567325906756,0.6999798323264486,0.9561636791251971,0.20639771255807518,0.17625,0.07092198581560284,6,0.174375
no_tail_control,113,queue_capped_250ms,1,0.3510501460706634,0.6598827216365422,0.9575526963388867,0.21692938083336347,0.36,0.17708333333333334,4,0.36
no_tail_control,114,no_hedge,1,0.2467618882832241,0.5717230497423458,0.7348917345756476,0.19528805991143944,0,0,3,0
no_tail_control,114,fixed_250ms,1,0.30662907849240995,0.8809394450645414,1.0871645052220718,0.215348535540519,0.6125,0.12653061224489795,8,0.611875
no_tail_control,114,fixed_500ms,1,0.25097676694867666,0.5972568565960117,0.7772008013246303,0.1983380824664469,0.099375,0.09433962264150944,4,0.099375
no_tail_control,114,queue_capped_250ms,1,0.28734843531869103,0.6082901446653395,0.8248659333994777,0.21006589787037286,0.34875,0.13620071684587814,4,0.34875
no_tail_control,115,no_hedge,1,0.29061694039485797,0.6338729809150969,0.8265544468939652,0.20414900462047927,0,0,4,0
no_tail_control,115,fixed_250ms,1,0.6029775141625651,1.1205056080608724,1.338023390806427,0.2318903292143025,0.91625,0.14188267394270124,11,0.915625
no_tail_control,115,fixed_500ms,1,0.30319622170089744,0.649652014602327,0.8087476355041048,0.20793126377948043,0.17,0.09191176470588236,4,0.17
no_tail_control,115,queue_capped_250ms,1,0.35243080133021465,0.7065536847659644,0.8901005530906971,0.21835682672185766,0.34125,0.19413919413919414,4,0.34125
no_tail_control,116,no_hedge,1,0.2911747894222525,0.7416139527766958,0.9393778717450303,0.20050385143104157,0,0,5,0
no_tail_control,116,fixed_250ms,1,0.7208917940111732,2.1654995799864523,2.407897717265726,0.2281945092631785,0.871875,0.16774193548387098,19,0.87125
no_tail_control,116,fixed_500ms,1,0.313806338700811,0.9086671057135405,1.2126381008590172,0.20437762284170843,0.245625,0.07124681933842239,8,0.245625
no_tail_control,116,queue_capped_250ms,1,0.38675390452115366,0.8490417011674012,1.0744132698642446,0.21450169226005472,0.293125,0.14498933901918976,5,0.2925
no_tail_control,117,no_hedge,1,0.24649073400107202,0.5481986673053143,0.7047810958435274,0.19723605447522094,0,0,4,0
no_tail_control,117,fixed_250ms,1,0.4667555573804769,0.8588593656113002,1.0084531606496405,0.22405525265519993,0.874375,0.14796283059328091,7,0.874375
no_tail_control,117,fixed_500ms,1,0.25084673731651197,0.5627022846910137,0.7048040808664631,0.19921211354091187,0.09375,0.07333333333333333,4,0.09375
no_tail_control,117,queue_capped_250ms,1,0.3295089222550729,0.6594992592459494,0.8667805630253822,0.2148086996832881,0.37375,0.1588628762541806,4,0.373125
no_tail_control,118,no_hedge,1,0.30726497104465267,0.7898061896558133,0.994273260955282,0.19924521409979526,0,0,5,0
no_tail_control,118,fixed_250ms,1,1.453689893862741,2.038883007862964,2.24631960445884,0.22697661462522034,0.946875,0.19537953795379537,18,0.946875
no_tail_control,118,fixed_500ms,1,0.35767392268131193,0.9607370857158877,1.1680370558380204,0.2035845805361771,0.294375,0.05732484076433121,7,0.294375
no_tail_control,118,queue_capped_250ms,1,0.37915067245542744,0.8504836413955594,1.0521657675412222,0.21207377756340665,0.305,0.1864754098360656,5,0.305
no_tail_control,119,no_hedge,1,0.2424006922778119,0.5608066382424646,0.7056838156605156,0.19972861834654837,0,0,3,0
no_tail_control,119,fixed_250ms,1,0.342245824965147,0.7080775494562879,0.8625000044475293,0.22206467331907556,0.670625,0.13979496738117428,6,0.670625
no_tail_control,119,fixed_500ms,1,0.2477360968576825,0.5608066382424646,0.7255305626774913,0.201874555446938,0.079375,0.08661417322834646,4,0.079375
no_tail_control,119,queue_capped_250ms,1,0.29076143739172977,0.5881555161706817,0.7681275194885071,0.21554134321725432,0.380625,0.14614121510673234,4,0.380625
no_tail_control,120,no_hedge,1,0.25260957353646774,0.5780485319693867,0.7489525076759311,0.1968607065822721,0,0,3,0
no_tail_control,120,fixed_250ms,1,0.575340013110857,1.166728536875091,1.36947626912594,0.22212367691823023,0.861875,0.14793328498912256,10,0.86125
no_tail_control,120,fixed_500ms,1,0.2577937276172442,0.5829697757357408,0.7489308430726265,0.19919826964479778,0.084375,0.06666666666666667,3,0.083125
no_tail_control,120,queue_capped_250ms,1,0.3397487070502052,0.6837337089712925,0.8741788124206344,0.21150483186713032,0.341875,0.17550274223034734,4,0.341875
no_tail_control,121,no_hedge,1,0.2591333362917325,0.5689471315349586,0.7191202269926356,0.19931769625268078,0,0,3,0
no_tail_control,121,fixed_250ms,1,0.4345510515420159,1.1893389055709207,1.3431602403859202,0.22003728142485446,0.74625,0.1457286432160804,11,0.745
no_tail_control,121,fixed_500ms,1,0.2685087341941106,0.6125934051336017,0.744956592964126,0.2020130182735488,0.111875,0.08379888268156424,4,0.111875
no_tail_control,121,queue_capped_250ms,1,0.33748423764118485,0.6943469460583955,0.8574825119067482,0.21714759480878307,0.360625,0.18197573656845753,4,0.360625
no_tail_control,122,no_hedge,1,0.2677256274633564,0.6256731223750549,0.8512419181111781,0.20044376654377116,0,0,4,0
no_tail_control,122,fixed_250ms,1,0.5800727550230658,1.299586267096739,1.4727553092794956,0.22560435681300356,0.82125,0.14535768645357686,12,0.82125
no_tail_control,122,fixed_500ms,1,0.27935594106340744,0.6479689351619449,0.8840920131847838,0.20350697965429962,0.13625,0.09174311926605505,6,0.135625
no_tail_control,122,queue_capped_250ms,1,0.3290802032480613,0.722471317655561,0.9226693598868074,0.21553376447252848,0.3575,0.1660839160839161,5,0.3575
no_tail_control,123,no_hedge,1,0.2573085775433661,0.6154654672552802,0.8000234572394307,0.19720039654559401,0,0,4,0
no_tail_control,123,fixed_250ms,1,0.4699230981815745,1.2417230410777016,1.396729835916858,0.2222776942977718,0.80125,0.14274570982839313,11,0.80125
no_tail_control,123,fixed_500ms,1,0.2779479740098907,0.7101822051037079,0.9185410926208579,0.2015234362194847,0.183125,0.051194539249146756,6,0.183125
no_tail_control,123,queue_capped_250ms,1,0.31581807828703923,0.6505911936862034,0.8494715181547221,0.2129975980067914,0.355625,0.1634446397188049,5,0.355625
no_tail_control,124,no_hedge,1,0.2806726700613722,0.6244486437260584,0.8112526578587715,0.196123479261627,0,0,4,0
no_tail_control,124,fixed_250ms,1,0.7510303380997807,1.5323291958364358,1.7737846164543605,0.2221511222754843,0.915,0.16325136612021857,14,0.911875
no_tail_control,124,fixed_500ms,1,0.30561555614111224,0.6854489950282598,0.8684460507377665,0.19986206913587398,0.1775,0.07746478873239436,5,0.17625
no_tail_control,124,queue_capped_250ms,1,0.34335259024758713,0.730685271567264,0.9302049050150973,0.20717810569840778,0.279375,0.203579418344519,4,0.279375
no_tail_control,125,no_hedge,1,0.27372402544434493,0.6310084899057777,0.795388966045099,0.19908738009245172,0,0,3,0
no_tail_control,125,fixed_250ms,1,0.6490692715133228,1.1076286938509519,1.2953749997768114,0.2247910865896339,0.918125,0.1524846834581348,9,0.918125
no_tail_control,125,fixed_500ms,1,0.2938703243915981,0.6603023843480149,0.8125494726988194,0.20262892757970266,0.153125,0.08571428571428572,4,0.153125
no_tail_control,125,queue_capped_250ms,1,0.3423146268879931,0.7304255994854927,0.9053889660451162,0.21264593556286548,0.3125,0.162,4,0.311875
no_tail_control,126,no_hedge,1,0.26150861336807196,0.6004143276697143,0.7785561116075534,0.20001859763563481,0,0,3,0
no_tail_control,126,fixed_250ms,1,0.5415332717321633,1.4141703955032696,1.633438794785505,0.22340395608875674,0.805625,0.1613653995345229,13,0.80375
no_tail_control,126,fixed_500ms,1,0.27974029835477765,0.630118047988919,0.7778785887281856,0.2034988908613001,0.14375,0.08260869565217391,4,0.143125
no_tail_control,126,queue_capped_250ms,1,0.3539474496642434,0.7058335798276971,0.8763707511859486,0.2141553830399844,0.324375,0.1926782273603083,4,0.32375
no_tail_control,127,no_hedge,1,0.24305807702714866,0.5898379544827179,0.8218690020104376,0.1971361025253654,0,0,4,0
no_tail_control,127,fixed_250ms,1,0.3520606070858996,0.9203690638026174,1.1114861925251383,0.21761653429583883,0.681875,0.14298808432630614,8,0.681875
no_tail_control,127,fixed_500ms,1,0.25653330573408084,0.6190006005386124,0.7909998825512545,0.19962766278155755,0.11125,0.05056179775280899,5,0.11125
no_tail_control,127,queue_capped_250ms,1,0.29039638670794776,0.688151934588209,0.8633229274536909,0.21090041772849272,0.345625,0.15732368896925858,5,0.345625
no_tail_control,128,no_hedge,1,0.2576121038434067,0.584267609358057,0.7310295688520867,0.1992000959577821,0,0,3,0
no_tail_control,128,fixed_250ms,1,0.8922404365311394,1.3907850954657164,1.5741447271268711,0.2257432155539825,0.9475,0.1616094986807388,13,0.94625
no_tail_control,128,fixed_500ms,1,0.26680363264190277,0.5895044522337756,0.7259299936201735,0.20144663090553525,0.099375,0.08176100628930817,3,0.099375
no_tail_control,128,queue_capped_250ms,1,0.3515192088902488,0.6690279096668945,0.8969482565572093,0.21449304811095946,0.366875,0.18568994889267462,4,0.36625
no_tail_control,129,no_hedge,1,0.4361270127988899,0.8837948840102889,1.1225536369875861,0.20089157868607188,0,0,5,0
no_tail_control,129,fixed_250ms,1,1.7856721341146589,3.2571596227969053,3.4954060471407473,0.22395530933178268,0.96625,0.17658473479948253,28,0.965
no_tail_control,129,fixed_500ms,1,0.8001378496631464,1.415037712831868,1.627177961608794,0.20803976053482526,0.74,0.06587837837837837,12,0.73875
no_tail_control,129,queue_capped_250ms,1,0.5441242839593201,0.9733740920976928,1.1855557742174074,0.20703249411923172,0.1175,0.23404255319148937,5,0.1175
no_tail_control,130,no_hedge,1,0.31847910665457135,0.7017383909952475,0.9489344823447752,0.20682833176586893,0,0,4,0
no_tail_control,130,fixed_250ms,1,1.465901999699419,2.3202197461877603,2.521713120954608,0.2313748195068067,0.935625,0.19104876419505679,21,0.934375
no_tail_control,130,fixed_500ms,1,0.3529074878284497,0.7681804615234675,0.9418196127991649,0.211340973325831,0.235,0.10638297872340426,5,0.235
no_tail_control,130,queue_capped_250ms,1,0.3987427023438226,0.7793127063004572,1.0441579320995835,0.21887446219197126,0.2975,0.18907563025210083,4,0.296875
no_tail_control,131,no_hedge,1,0.35587033909056487,1.0738889874280382,1.3470068380697438,0.19883364887357743,0,0,7,0
no_tail_control,131,fixed_250ms,1,2.1527389205641114,2.7637278414854336,3.056949468688792,0.22864806120888784,0.974375,0.17062219371391918,25,0.974375
no_tail_control,131,fixed_500ms,1,0.4367593599375077,1.4136199386314736,1.682761799691452,0.20580471289467483,0.4325,0.07514450867052024,13,0.43125
no_tail_control,131,queue_capped_250ms,1,0.44057971746689617,1.1813971128091296,1.585431769101433,0.21054303521915507,0.24375,0.15384615384615385,8,0.24375
no_tail_control,132,no_hedge,1,0.27900424043833727,0.6870027589064982,0.848325464420622,0.20046318214017972,0,0,4,0
no_tail_control,132,fixed_250ms,1,1.1760617567558,1.9371861664592132,2.1192901825180215,0.2259556041611212,0.823125,0.16704631738800305,18,0.82125
no_tail_control,132,fixed_500ms,1,0.32456022728511513,0.852035577240418,1.09800178720387,0.20517645472828788,0.265625,0.058823529411764705,7,0.265
no_tail_control,132,queue_capped_250ms,1,0.35091800930731765,0.7774048868359777,1.0195586418151166,0.21400278008787127,0.285625,0.19912472647702406,5,0.285625
no_tail_control,133,no_hedge,1,0.37808252419754496,1.0532954150455525,1.3477358362371632,0.20021104547476307,0,0,7,0
no_tail_control,133,fixed_250ms,1,1.0981851940673906,2.107437099421311,2.3835702147342275,0.2265785784145114,0.974375,0.16549069916613213,19,0.9725
no_tail_control,133,fixed_500ms,1,0.5083671850937144,1.3727124490868299,1.6294768940205344,0.20736152528651933,0.50375,0.07196029776674938,14,0.501875
no_tail_control,133,queue_capped_250ms,1,0.45791363673077967,1.1948134895311213,1.4899020516278085,0.2099031204166308,0.19875,0.18238993710691823,7,0.19875
no_tail_control,134,no_hedge,1,0.4189178372613398,1.0823726144910033,1.2953278951860518,0.20021178590871355,0,0,6,0
no_tail_control,134,fixed_250ms,1,1.7715660446859758,3.0538954450587283,3.2191421576294275,0.22397634698184113,0.89875,0.17037552155771907,27,0.896875
no_tail_control,134,fixed_500ms,1,0.6889427049248411,1.4889278263693555,1.7080242089040638,0.20842490770865457,0.65,0.05576923076923077,13,0.649375
no_tail_control,134,queue_capped_250ms,1,0.5384362406285703,1.227821511880581,1.4326679128211843,0.2085847488476734,0.1775,0.20422535211267606,7,0.176875
no_tail_control,135,no_hedge,1,0.28147472049366673,0.6196838028802922,0.7860674937007097,0.196359249917767,0,0,4,0
no_tail_control,135,fixed_250ms,1,1.1125419889808068,2.1535735685141795,2.2765515062000787,0.22639550938034453,0.93125,0.18120805369127516,19,0.93125
no_tail_control,135,fixed_500ms,1,0.29739613626770733,0.6217073322258386,0.7870410263465502,0.19880846207480762,0.130625,0.06220095693779904,5,0.130625
no_tail_control,135,queue_capped_250ms,1,0.36367610619208435,0.7017867867504126,0.8837217498847991,0.21066222213718844,0.325625,0.1746641074856046,4,0.325625
no_tail_control,136,no_hedge,1,0.30425068978630065,0.6668069534020908,0.8878390938353036,0.19751734544192914,0,0,4,0
no_tail_control,136,fixed_250ms,1,1.463284028054133,2.092325968076814,2.297903845812449,0.22423632255954515,0.951875,0.16414970453053185,18,0.95125
no_tail_control,136,fixed_500ms,1,0.3208741392465626,0.7652456195149409,0.930620415399865,0.20124324074779731,0.206875,0.0634441087613293,6,0.20625
no_tail_control,136,queue_capped_250ms,1,0.38023039308090034,0.7931064400284775,0.9762553536771952,0.21115715231670354,0.315,0.13095238095238096,5,0.314375
no_tail_control,137,no_hedge,1,0.27153831747742174,0.8022714116954859,1.1358629266483433,0.19722055981564565,0,0,6,0
no_tail_control,137,fixed_250ms,1,1.0432333397709712,1.7150628809289543,1.9994761232736948,0.22891794235708895,0.95625,0.16732026143790849,17,0.95625
no_tail_control,137,fixed_500ms,1,0.2858326102244817,0.8374428323104066,1.1635981605507055,0.20148011417182407,0.211875,0.04129793510324484,8,0.211875
no_tail_control,137,queue_capped_250ms,1,0.3414349181178231,0.8587617390288145,1.1358629266483433,0.21317761888711867,0.326875,0.1586998087954111,6,0.32625
no_tail_control,138,no_hedge,1,0.26605881599537184,0.6365982164297321,0.921748623403138,0.20171897283255757,0,0,4,0
no_tail_control,138,fixed_250ms,1,0.7539093163978663,1.269009367744502,1.4936641207464199,0.22804594189529898,0.868125,0.16990640748740102,11,0.86625
no_tail_control,138,fixed_500ms,1,0.2696611636693582,0.6812722316011914,0.897360342624463,0.20466578543790453,0.153125,0.09387755102040816,6,0.153125
no_tail_control,138,queue_capped_250ms,1,0.3273853897329886,0.712002385482613,0.9170577513216642,0.21859251714212113,0.354375,0.1710758377425044,4,0.35375
no_tail_control,139,no_hedge,1,0.2758475401468399,0.5782577260887045,0.7469844150712106,0.19953954720804365,0,0,4,0
no_tail_control,139,fixed_250ms,1,0.4435862645635069,1.0470390005951309,1.2203375161744034,0.22451909499593498,0.799375,0.13291634089132134,10,0.79875
no_tail_control,139,fixed_500ms,1,0.28559733072890836,0.6298144989293846,0.7787133345766879,0.20212859836181532,0.12875,0.06310679611650485,5,0.12875
no_tail_control,139,queue_capped_250ms,1,0.33638475625278996,0.6745893817373272,0.8477921249702938,0.21361683213993604,0.34625,0.20938628158844766,4,0.34625
no_tail_control,140,no_hedge,1,0.35776426638031467,0.7835023207330991,0.961501425214415,0.20476531187920533,0,0,5,0
no_tail_control,140,fixed_250ms,1,2.121580631622873,3.8565835556059156,4.116342856552521,0.23111075983804874,0.981875,0.18141311266709104,35,0.979375
no_tail_control,140,fixed_500ms,1,0.4524281911558701,0.9848190908527368,1.293845470888229,0.21228768822952546,0.41,0.07926829268292683,9,0.41
no_tail_control,140,queue_capped_250ms,1,0.497772849691849,0.923110323425302,1.1238024908897088,0.2139265079123647,0.18625,0.23154362416107382,5,0.185
no_tail_control,141,no_hedge,1,0.28989947775006897,0.6238478652789254,0.8137939956250264,0.20010645170622735,0,0,3,0
no_tail_control,141,fixed_250ms,1,0.8110420193138914,1.8723965253498278,2.042004384676602,0.22788552720306057,0.845,0.14792899408284024,17,0.844375
no_tail_control,141,fixed_500ms,1,0.31082796012411507,0.698751752861412,0.8225989422352029,0.2037730710184036,0.17,0.07720588235294118,5,0.169375
no_tail_control,141,queue_capped_250ms,1,0.3649266626094123,0.7818873345491326,0.9977923807973426,0.21314374834960198,0.278125,0.1707865168539326,4,0.2775
no_tail_control,142,no_hedge,1,0.2957027241253076,0.6449853985330769,0.8243558927248351,0.197680458193972,0,0,4,0
no_tail_control,142,fixed_250ms,1,1.6102164368306795,2.4370267506584185,2.6513368304487166,0.22483355890874449,0.94875,0.18181818181818182,22,0.948125
no_tail_control,142,fixed_500ms,1,0.3197966529303571,0.7385145902044314,0.9143558927248492,0.2017601839470777,0.215,0.061046511627906974,5,0.215
no_tail_control,142,queue_capped_250ms,1,0.3849878797689996,0.768464680921344,0.9867173157049436,0.21000300917233738,0.286875,0.18518518518518517,4,0.28625
no_tail_control,143,no_hedge,1,0.2795736260273074,0.5923209586208191,0.7481169959580569,0.19665934220717707,0,0,3,0
no_tail_control,143,fixed_250ms,1,0.76356579579382,1.4359990030349294,1.5750106044593934,0.2201230046916155,0.87,0.14727011494252873,12,0.869375
no_tail_control,143,fixed_500ms,1,0.2901949065903686,0.599066189412131,0.7277436636414905,0.19882965067525865,0.124375,0.07035175879396985,4,0.124375
no_tail_control,143,queue_capped_250ms,1,0.35126285049089745,0.6891094114248304,0.891610439504376,0.2111519813086148,0.3475,0.1618705035971223,4,0.346875
no_tail_control,144,no_hedge,1,0.2962726240481464,0.7218837481116118,0.9820105561831127,0.20431558681985945,0,0,5,0
no_tail_control,144,fixed_250ms,1,0.9713782846791936,1.7242235654443974,1.9941675786199013,0.23015580014546583,0.8825,0.16997167138810199,17,0.88125
no_tail_control,144,fixed_500ms,1,0.3451100837519796,0.8617576423531368,1.0578773853781485,0.21006629053121226,0.2775,0.06531531531531531,7,0.276875
no_tail_control,144,queue_capped_250ms,1,0.3875880636276321,0.8766360785555314,1.0748749564169096,0.21918117659481814,0.316875,0.20710059171597633,5,0.316875
no_tail_control,145,no_hedge,1,0.2375058890914774,0.5818451499041428,0.829661777257872,0.19519172707396984,0,0,4,0
no_tail_control,145,fixed_250ms,1,0.36768857357971285,0.8621932836947295,1.0275828090390888,0.21833994647595084,0.70375,0.14298401420959148,9,0.703125
no_tail_control,145,fixed_500ms,1,0.24010225708870792,0.579660113109828,0.7969758772479381,0.19689995786352543,0.09125,0.04794520547945205,5,0.09125
no_tail_control,145,queue_capped_250ms,1,0.27445792169951844,0.5802591301397939,0.8482214439882263,0.2110133781490017,0.385625,0.13290113452188007,4,0.385625
no_tail_control,146,no_hedge,1,0.266031137971698,0.6973696873930759,0.9261670986258794,0.19721071962606423,0,0,5,0
no_tail_control,146,fixed_250ms,1,0.5251078405073724,1.25360848636943,1.4565773176269765,0.2221723067417312,0.80875,0.15842349304482226,12,0.80875
no_tail_control,146,fixed_500ms,1,0.2897595884652375,0.7911974317042878,1.018823236294784,0.20061815031327448,0.21125,0.0650887573964497,6,0.210625
no_tail_control,146,queue_capped_250ms,1,0.3162464545531165,0.7429069854286654,0.9794717788688878,0.2086419635803076,0.30125,0.17012448132780084,5,0.300625
no_tail_control,147,no_hedge,1,0.27399932541636307,0.6821541546045502,0.9341869178976694,0.19948153060822857,0,0,5,0
no_tail_control,147,fixed_250ms,1,0.5676082969976841,1.1583183676089632,1.3557269455793417,0.22411133456812388,0.870625,0.13854989231873654,10,0.87
no_tail_control,147,fixed_500ms,1,0.293756613724133,0.7415375576349277,1.051842329718486,0.20286949888893324,0.18375,0.0782312925170068,6,0.18375
no_tail_control,147,queue_capped_250ms,1,0.3561661256124591,0.7183873495895696,0.9078120294544618,0.2125226648121098,0.324375,0.18304431599229287,5,0.324375
no_tail_control,148,no_hedge,1,0.2590153935145736,0.5933807240078082,0.7538204229722858,0.20036353967352225,0,0,3,0
no_tail_control,148,fixed_250ms,1,0.6508978204984786,1.140159265302053,1.3174960629748824,0.22583935914237363,0.89,0.15660112359550563,12,0.889375
no_tail_control,148,fixed_500ms,1,0.28149518032062915,0.6451134914362306,0.7824798854797663,0.2040025268332059,0.13625,0.05504587155963303,4,0.13625
no_tail_control,148,queue_capped_250ms,1,0.33942792304988156,0.7148170708782757,0.8537483926691607,0.21577939136444024,0.35375,0.16431095406360424,4,0.353125
no_tail_control,149,no_hedge,1,0.2999612790772588,0.7384256455856519,0.9116134528350841,0.19624994179378696,0,0,5,0
no_tail_control,149,fixed_250ms,1,1.0750213959354618,1.7475265253218524,2.0761863161117873,0.22141236032598458,0.93625,0.16088117489986647,17,0.935
no_tail_control,149,fixed_500ms,1,0.32443963738731973,0.7863489034234341,0.9956791308601005,0.19943705913909213,0.23,0.05434782608695652,7,0.23
no_tail_control,149,queue_capped_250ms,1,0.38148322255195666,0.8323654711497124,1.0539292222285752,0.20759069723827628,0.305,0.1721311475409836,6,0.305
no_tail_control,150,no_hedge,1,0.2562159582576413,0.627582679658385,0.7777367912840436,0.19799467868207493,0,0,4,0
no_tail_control,150,fixed_250ms,1,0.5668724385402442,1.0805799823808009,1.227088012883783,0.22337663371208127,0.8525,0.15249266862170088,10,0.851875
no_tail_control,150,fixed_500ms,1,0.2701575877544826,0.6666096238884123,0.8421430257011266,0.20130768037921457,0.1525,0.0778688524590164,5,0.151875
no_tail_control,150,queue_capped_250ms,1,0.32000832061920903,0.6788196109064479,0.87889872303262,0.2136372434700487,0.359375,0.17043478260869566,4,0.35875
no_tail_control,151,no_hedge,1,0.2733158996592362,0.6101771834436285,0.8425199318560033,0.20139277062840907,0,0,4,0
no_tail_control,151,fixed_250ms,1,0.7616361319937752,1.8460753417520124,2.0852645876475435,0.22894436744264535,0.88,0.1690340909090909,16,0.88
no_tail_control,151,fixed_500ms,1,0.2861296611533657,0.6207803918419614,0.7780269608398669,0.20465760341549188,0.119375,0.06282722513089005,4,0.119375
no_tail_control,151,queue_capped_250ms,1,0.36543951077627845,0.7269123850313761,0.9591034248455834,0.21795400114614702,0.335,0.17164179104477612,4,0.334375
no_tail_control,152,no_hedge,1,0.2693161582493673,0.620875942703897,0.8049712118718091,0.1975831959618838,0,0,3,0
no_tail_control,152,fixed_250ms,1,0.60728166608272,1.0803900049717647,1.302980199746134,0.22362406992346773,0.90875,0.14167812929848694,11,0.908125
no_tail_control,152,fixed_500ms,1,0.28377369650205964,0.6439011784404585,0.8209261144251805,0.2003603788050733,0.13375,0.08878504672897196,4,0.133125
no_tail_control,152,queue_capped_250ms,1,0.33319615591117824,0.6727680208310858,0.7996438360197899,0.21021567460874618,0.333125,0.16885553470919323,4,0.333125
no_tail_control,153,no_hedge,1,0.34247590610213763,0.8113399685240879,1.0415703462512411,0.20204604107700358,0,0,5,0
no_tail_control,153,fixed_250ms,1,1.1117013363108175,2.7213539316112687,2.914262377848864,0.2290332211608891,0.968125,0.17947062621045837,24,0.965
no_tail_control,153,fixed_500ms,1,0.42390143367757815,1.2215205485935812,1.4711509346935259,0.20797175550010585,0.413125,0.06505295007564296,10,0.4125
no_tail_control,153,queue_capped_250ms,1,0.4417172371646032,0.9720385878405757,1.20249130411473,0.2114568514093419,0.21625,0.2138728323699422,5,0.21625
no_tail_control,154,no_hedge,1,0.24832055681640242,0.5931864149180583,0.7746989451588,0.19994504365112548,0,0,4,0
no_tail_control,154,fixed_250ms,1,0.3459562233529905,0.9453777992943238,1.1561293124666179,0.22218127778286337,0.696875,0.12466367713004484,9,0.69625
no_tail_control,154,fixed_500ms,1,0.25613134242478,0.609289876617602,0.7607603394836877,0.20248507588379805,0.105,0.09523809523809523,5,0.105
no_tail_control,154,queue_capped_250ms,1,0.31051036047236025,0.6474032135413026,0.8237299643760068,0.21657202774041262,0.37125,0.18013468013468015,4,0.37
no_tail_control,155,no_hedge,1,0.3107327694176947,0.758588042892395,0.9886514286000025,0.19861722352461605,0,0,5,0
no_tail_control,155,fixed_250ms,1,0.9731080211176035,2.1287540587753853,2.5108465371316413,0.22192056902634402,0.9625,0.15974025974025974,21,0.9625
no_tail_control,155,fixed_500ms,1,0.33330119277986014,0.8780916611454543,1.1861947341036867,0.20288998122554439,0.25625,0.07804878048780488,9,0.25625
no_tail_control,155,queue_capped_250ms,1,0.40312878434009036,0.8453834899647816,1.0725612334498038,0.20998728376047032,0.28,0.20758928571428573,6,0.28
no_tail_control,156,no_hedge,1,0.2657165852659027,0.567393207893673,0.7211497578925972,0.19605872377672623,0,0,3,0
no_tail_control,156,fixed_250ms,1,0.5205389998769832,0.9188977490976438,1.0895361733239142,0.22252126884779994,0.900625,0.13809854267869534,8,0.9
no_tail_control,156,fixed_500ms,1,0.2780425181519064,0.6066924882731399,0.7205840550360065,0.19884709962454875,0.11,0.08522727272727272,4,0.11
no_tail_control,156,queue_capped_250ms,1,0.34611704834426504,0.6345457145053777,0.7789173672754757,0.21092009986960775,0.333125,0.19699812382739212,4,0.333125
no_tail_control,157,no_hedge,1,0.3011480873530221,0.7689929463431611,1.0202319872242036,0.19714762162203212,0,0,5,0
no_tail_control,157,fixed_250ms,1,1.5223987501484118,2.5217835686764047,2.7143170928047873,0.2235833448138396,0.910625,0.17364447494852436,23,0.91
no_tail_control,157,fixed_500ms,1,0.3332560487614238,0.8289444732491624,0.9967574796455416,0.20073709693198588,0.25125,0.07213930348258707,6,0.25125
no_tail_control,157,queue_capped_250ms,1,0.3605669986926223,0.8357441111017572,1.113195364041271,0.2093313332151913,0.309375,0.13333333333333333,5,0.309375
no_tail_control,158,no_hedge,1,0.27975467087816597,0.7368263814602685,1.0116578727788053,0.19712794075692955,0,0,6,0
no_tail_control,158,fixed_250ms,1,0.908764170443149,1.5437590764965066,1.698810330065367,0.22283238103788844,0.85875,0.16739446870451238,13,0.85625
no_tail_control,158,fixed_500ms,1,0.30017070544322166,0.8534810504249464,1.2250007916373207,0.2002750643825066,0.205,0.042682926829268296,9,0.20375
no_tail_control,158,queue_capped_250ms,1,0.35545972928741776,0.842140377040991,1.1104778780023743,0.21160991300307572,0.34125,0.16666666666666666,6,0.34
no_tail_control,159,no_hedge,1,0.24490445359783664,0.5524047095511992,0.7253115410893463,0.20047560358037206,0,0,3,0
no_tail_control,159,fixed_250ms,1,0.8410854025758425,1.3257883937144932,1.477106575785907,0.22728664748545474,0.92,0.16168478260869565,11,0.92
no_tail_control,159,fixed_500ms,1,0.25773670851913977,0.5439263670898171,0.6816879735763166,0.2026142423736617,0.08,0.09375,3,0.079375
no_tail_control,159,queue_capped_250ms,1,0.3187023887171172,0.6159744944390688,0.7915152786109942,0.21761288014854263,0.40375,0.17492260061919504,4,0.403125
no_tail_control,160,no_hedge,1,0.2855293632481235,0.6138415515035369,0.7435271462965396,0.1990567089484949,0,0,4,0
no_tail_control,160,fixed_250ms,1,1.0555669252015605,1.6242629482057396,1.8253842482457507,0.22612737213837836,0.98125,0.16687898089171974,15,0.976875
no_tail_control,160,fixed_500ms,1,0.3010156630369636,0.6913748574380492,0.8538295942128862,0.20330007729974903,0.15875,0.051181102362204724,5,0.158125
no_tail_control,160,queue_capped_250ms,1,0.36755795895554044,0.7209496745151673,0.905019222585822,0.21402820044324045,0.34125,0.1794871794871795,4,0.34125
no_tail_control,161,no_hedge,1,0.31694258057947167,1.123134586737331,1.4679587284950468,0.19877792515826012,0,0,7,0
no_tail_control,161,fixed_250ms,1,1.9536606638611111,2.5246411421249366,2.754132167592765,0.22583645019721973,0.981875,0.1935073201782304,22,0.980625
no_tail_control,161,fixed_500ms,1,0.4384740370551574,1.550750063402468,1.7975269871670143,0.2061719927323714,0.4425,0.07627118644067797,13,0.441875
no_tail_control,161,queue_capped_250ms,1,0.4063144686655704,1.286862630626544,1.6479232547494043,0.21077056064880506,0.28,0.17857142857142858,7,0.28
no_tail_control,162,no_hedge,1,0.27306648777129894,0.6519644123837818,0.8813634716929251,0.19988874294676698,0,0,4,0
no_tail_control,162,fixed_250ms,1,0.5216530289882293,0.9492808870951208,1.1294981808265803,0.22519190099532413,0.869375,0.13371675053918045,9,0.869375
no_tail_control,162,fixed_500ms,1,0.2839337497014629,0.6923157558163702,0.9419000370973052,0.20320923020500456,0.165625,0.06415094339622641,6,0.165
no_tail_control,162,queue_capped_250ms,1,0.37108823498251553,0.7366039506829392,0.9608289996379469,0.218054886844898,0.35375,0.1607773851590106,4,0.35375
no_tail_control,163,no_hedge,1,0.2827044358012518,0.6341513344407765,0.8540877093798507,0.19739536892047255,0,0,4,0
no_tail_control,163,fixed_250ms,1,0.891780516331881,1.571289522335114,1.7537611198422383,0.22245865397037523,0.924375,0.1534820824881677,14,0.923125
no_tail_control,163,fixed_500ms,1,0.2980224152669333,0.6519492805169698,0.8199574645541148,0.2007239558053347,0.144375,0.06493506493506493,4,0.144375
no_tail_control,163,queue_capped_250ms,1,0.36860265914735635,0.7179025328232953,0.9206674369613843,0.21097333899040277,0.328125,0.17142857142857143,4,0.3275
no_tail_control,164,no_hedge,1,0.30492460060757587,0.6556218764375537,0.8309530746083027,0.1961448012698823,0,0,4,0
no_tail_control,164,fixed_250ms,1,1.2203879781244282,2.994351892788437,3.1875224562375024,0.2225864586415308,0.890625,0.1607017543859649,25,0.890625
no_tail_control,164,fixed_500ms,1,0.3426686811692612,0.6921484867570555,0.8631949911355097,0.1991070219659139,0.2175,0.05172413793103448,5,0.216875
no_tail_control,164,queue_capped_250ms,1,0.4282092105152202,0.8077186731222952,1.021026564369933,0.20853674439485698,0.24625,0.1319796954314721,5,0.245
no_tail_control,165,no_hedge,1,0.2900441857919489,0.6267797479252799,0.8321792728177506,0.2015805028514787,0,0,4,0
no_tail_control,165,fixed_250ms,1,1.06330421992687,2.0140424280500895,2.2271281047200233,0.22941713555193682,0.930625,0.16521155137676294,18,0.929375
no_tail_control,165,fixed_500ms,1,0.30967282859600687,0.6772314981337093,0.8235004942656232,0.20559372197475548,0.175,0.060714285714285714,5,0.175
no_tail_control,165,queue_capped_250ms,1,0.3714822946914502,0.7602478292143147,0.9439364242061856,0.21574346263748875,0.330625,0.18147448015122875,4,0.330625
no_tail_control,166,no_hedge,1,0.3892383854484187,1.1089205434693739,1.3611898050231162,0.202865768090061,0,0,7,0
no_tail_control,166,fixed_250ms,1,2.0212337701421177,3.395193118037156,3.5931185563276102,0.23227970909070428,0.98625,0.18948035487959441,30,0.98625
no_tail_control,166,fixed_500ms,1,0.5899959372405092,1.4685943909752126,1.82738356882426,0.21180867134251677,0.594375,0.07150368033648791,13,0.59375
no_tail_control,166,queue_capped_250ms,1,0.4982351467264863,1.265201942932059,1.529518268909559,0.21206755178457937,0.205625,0.17325227963525835,7,0.205625
no_tail_control,167,no_hedge,1,0.2519939543986034,0.613039289629393,0.866951295553001,0.1990938668384107,0,0,4,0
no_tail_control,167,fixed_250ms,1,0.47345520971347455,1.214291541250569,1.4788768996230957,0.22376511308045044,0.8125,0.15615384615384614,12,0.8125
no_tail_control,167,fixed_500ms,1,0.27136979538966344,0.7204611865092936,1.0048659010808425,0.20256836806176218,0.15375,0.04878048780487805,7,0.15375
no_tail_control,167,queue_capped_250ms,1,0.32169980136899134,0.7369609302513904,1.037757317448584,0.21588021208032565,0.3725,0.1342281879194631,5,0.3725
no_tail_control,168,no_hedge,1,0.25237136095206925,0.6181183198456792,0.8300123265077275,0.2014950540401493,0,0,4,0
no_tail_control,168,fixed_250ms,1,0.3905876637530792,0.8815437137867761,1.0362508548396434,0.22467247470977159,0.75,0.15666666666666668,8,0.75
no_tail_control,168,fixed_500ms,1,0.26090260333752724,0.633918864501112,0.7921724744882326,0.20467321922099546,0.13,0.0673076923076923,5,0.13
no_tail_control,168,queue_capped_250ms,1,0.3005615490585143,0.694545695803761,0.9076116226979885,0.21469351412956222,0.348125,0.15439856373429084,4,0.3475
no_tail_control,169,no_hedge,1,0.29478826426885973,0.6982460448468188,0.9038195651963932,0.19949553024603683,0,0,4,0
no_tail_control,169,fixed_250ms,1,0.5212884705708141,1.7153615298304246,1.9756190268126872,0.22351463192699125,0.840625,0.13903345724907062,15,0.840625
no_tail_control,169,fixed_500ms,1,0.313983930996379,0.8024859709559848,0.983504372386129,0.2026943095906758,0.22375,0.06424581005586592,7,0.2225
no_tail_control,169,queue_capped_250ms,1,0.36415961591410806,0.7863660561988404,1.02368600616564,0.21336083570727019,0.319375,0.1643835616438356,5,0.31875
no_tail_control,170,no_hedge,1,0.26774946313277326,0.5963195244274964,0.7784360272724768,0.20091571200106567,0,0,4,0
no_tail_control,170,fixed_250ms,1,0.545179548200494,1.047020664331967,1.1925810478277015,0.22649675089479313,0.87,0.14583333333333334,9,0.87
no_tail_control,170,fixed_500ms,1,0.2727593082357176,0.6191439400782244,0.796559929046758,0.20445733061136243,0.11625,0.08064516129032258,5,0.11625
no_tail_control,170,queue_capped_250ms,1,0.3444884713185772,0.6959209971758114,0.8901639761920883,0.2188645516764294,0.385625,0.15559157212317667,4,0.385625
no_tail_control,171,no_hedge,1,0.3100768863910206,0.7562040052894368,1.0086889549238869,0.20421629501448257,0,0,4,0
no_tail_control,171,fixed_250ms,1,1.3267558727544984,1.8737787544796127,2.056344862641815,0.22835859148288334,0.975625,0.19474695707879563,17,0.975
no_tail_control,171,fixed_500ms,1,0.3509866850067933,0.9530173332675176,1.170884050602675,0.20922457641353642,0.29625,0.06751054852320675,8,0.295625
no_tail_control,171,queue_capped_250ms,1,0.4062624676413037,0.9455593604573256,1.2012051579697456,0.21577374646400685,0.273125,0.21967963386727687,5,0.2725
no_tail_control,172,no_hedge,1,0.2796510583169578,0.7246007182622947,0.9251208347725282,0.19869502780952733,0,0,5,0
no_tail_control,172,fixed_250ms,1,0.4731946607688009,1.8916015130053196,2.1806619274599583,0.22320686702234407,0.77375,0.172859450726979,17,0.773125
no_tail_control,172,fixed_500ms,1,0.30738215744023734,0.7919356406657769,1.0303808521337103,0.20248492896852505,0.228125,0.07123287671232877,6,0.228125
no_tail_control,172,queue_capped_250ms,1,0.3627499305730595,0.8840108787200833,1.0989359506797527,0.21323506630958558,0.310625,0.15694164989939638,5,0.31
no_tail_control,173,no_hedge,1,0.30541907830156134,0.7688270156308015,0.9723983852992841,0.19752841777659577,0,0,5,0
no_tail_control,173,fixed_250ms,1,1.551205793200186,2.482712577914029,2.679908574947291,0.22540675344849348,0.855,0.179093567251462,21,0.85375
no_tail_control,173,fixed_500ms,1,0.3237235313225062,0.796926762569484,0.9938527377014026,0.20042121673839783,0.26375,0.054502369668246446,6,0.26375
no_tail_control,173,queue_capped_250ms,1,0.36174008268572777,0.8279129103394389,1.0701450435554598,0.20919431821795423,0.275,0.12045454545454545,5,0.274375
no_tail_control,174,no_hedge,1,0.28256342929993394,0.6133094565961059,0.7672029949309547,0.1985996257239799,0,0,4,0
no_tail_control,174,fixed_250ms,1,0.8435102958686329,1.5222631220748113,1.6936134959693163,0.2249909231981777,0.953125,0.1619672131147541,14,0.951875
no_tail_control,174,fixed_500ms,1,0.29893563942155055,0.6236039880698456,0.7500020448434057,0.20174920793184625,0.134375,0.06046511627906977,4,0.134375
no_tail_control,174,queue_capped_250ms,1,0.36911629580453464,0.7381310504147933,0.9624117388585063,0.213003963140794,0.320625,0.17543859649122806,4,0.32
no_tail_control,175,no_hedge,1,0.2947578935057056,0.6566538180620789,0.8741943315984777,0.19953041097207916,0,0,4,0
no_tail_control,175,fixed_250ms,1,0.6716118007585621,2.0744208728255913,2.3475461613321187,0.22186436187791972,0.831875,0.16829451540195342,20,0.83125
no_tail_control,175,fixed_500ms,1,0.33164924860840017,0.7099023177416655,0.898300564484277,0.2042789306147246,0.21625,0.08092485549132948,5,0.21625
no_tail_control,175,queue_capped_250ms,1,0.38979108449589717,0.7819117967069609,1.0202912029337128,0.21247255427391562,0.276875,0.17832957110609482,4,0.27625
no_tail_control,176,no_hedge,1,0.3134142255846726,0.8270762518502153,1.124615644497041,0.20157016559023921,0,0,5,0
no_tail_control,176,fixed_250ms,1,0.6746809814122976,1.5698718920944899,1.876933194320813,0.2243982619575816,0.888125,0.1414496833216045,15,0.888125
no_tail_control,176,fixed_500ms,1,0.35186901310115104,0.9044114582082727,1.1877578999692204,0.20593486735109348,0.294375,0.06157112526539278,8,0.293125
no_tail_control,176,queue_capped_250ms,1,0.37562290970737244,0.8902815584899244,1.2493924970200396,0.21210879130135077,0.268125,0.14685314685314685,5,0.268125
no_tail_control,177,no_hedge,1,0.2828391638407517,0.6885877033252292,0.8830394688702743,0.19967392309500942,0,0,4,0
no_tail_control,177,fixed_250ms,1,1.1901052618593582,1.9469880212820456,2.2616119590930737,0.2287444101004351,0.9675,0.17571059431524547,19,0.96625
no_tail_control,177,fixed_500ms,1,0.29632203138046087,0.7130394688702779,0.9298022976079245,0.203562826402144,0.17375,0.08992805755395683,5,0.17375
no_tail_control,177,queue_capped_250ms,1,0.3675338296849233,0.8098435103251447,1.0485877033252855,0.21411399102159934,0.326875,0.16443594646271512,5,0.326875
no_tail_control,178,no_hedge,1,0.24839219198970852,0.5814021697130958,0.7435386902417562,0.19579308621245217,0,0,3,0
no_tail_control,178,fixed_250ms,1,0.3837830115648302,0.8840116696906541,1.1522104984307049,0.21793026959196318,0.71375,0.12609457092819615,9,0.713125
no_tail_control,178,fixed_500ms,1,0.2551173944455414,0.6395563117887519,0.78250784832208,0.19847524507786274,0.119375,0.04712041884816754,4,0.11875
no_tail_control,178,queue_capped_250ms,1,0.29674636731799353,0.6552321388458466,0.8478816008245769,0.21063887680458598,0.34625,0.1588447653429603,4,0.345625
no_tail_control,179,no_hedge,1,0.3309515736100934,0.8640160336891718,1.0505449993452167,0.19806425204937445,0,0,6,0
no_tail_control,179,fixed_250ms,1,1.8073960117006251,2.539835404667322,2.690867234397821,0.2247059335570292,0.965625,0.1928802588996764,22,0.965
no_tail_control,179,fixed_500ms,1,0.37577641756274005,0.9422619691571485,1.1744296474745255,0.2025375325330914,0.340625,0.07522935779816514,9,0.340625
no_tail_control,179,queue_capped_250ms,1,0.43117153369887795,0.9739731068859614,1.1984518731302218,0.20902974379759207,0.264375,0.1536643026004728,6,0.26375
no_tail_control,180,no_hedge,1,0.31442619249242654,0.7315562537814877,0.9451079535784235,0.20096867976449115,0,0,4,0
no_tail_control,180,fixed_250ms,1,1.64479222260427,2.505964526958536,2.6508715292312743,0.225587513302328,0.93875,0.17909454061251665,21,0.936875
no_tail_control,180,fixed_500ms,1,0.35836575832931317,0.8074299898723769,1.0105035968960259,0.20499373584162622,0.28625,0.07205240174672489,6,0.28625
no_tail_control,180,queue_capped_250ms,1,0.4072249371863972,0.8344408426552441,0.9871289233285765,0.21159980161143216,0.28,0.16294642857142858,5,0.28
no_tail_control,181,no_hedge,1,0.2538957063071585,0.5718309411922533,0.7575215401763487,0.19624086387833922,0,0,3,0
no_tail_control,181,fixed_250ms,1,0.36951109398399495,0.7946242858072168,1.0428332899100212,0.21978029210634115,0.7475,0.13210702341137123,8,0.7475
no_tail_control,181,fixed_500ms,1,0.26237155602760964,0.5871490039622103,0.7228060024837255,0.1985677371041242,0.099375,0.1069182389937107,4,0.098125
no_tail_control,181,queue_capped_250ms,1,0.3112260086506957,0.6384340203673631,0.8344987622084687,0.21322524545079893,0.40375,0.15789473684210525,4,0.40375
no_tail_control,182,no_hedge,1,0.26347109614994935,0.5919308764053488,0.7855931455530945,0.19492534637406791,0,0,4,0
no_tail_control,182,fixed_250ms,1,1.0376616184179852,1.429212507684948,1.5702996670882925,0.22352989763328474,0.966875,0.17323852617970265,12,0.965
no_tail_control,182,fixed_500ms,1,0.27504000026016584,0.6181261524333141,0.7631466398595617,0.19685751365213291,0.11375,0.06593406593406594,4,0.11375
no_tail_control,182,queue_capped_250ms,1,0.3454154764115813,0.6650466716748813,0.8431157492224202,0.2108789593892405,0.353125,0.20176991150442478,4,0.3525
no_tail_control,183,no_hedge,1,0.28058325934564365,0.7086004538433883,0.8430333548976965,0.19882557218624725,0,0,4,0
no_tail_control,183,fixed_250ms,1,0.4763622975637788,1.8011867435382243,2.012362121749682,0.22065828515356262,0.76,0.1611842105263158,16,0.7575
no_tail_control,183,fixed_500ms,1,0.31902589854615826,0.9228999807803291,1.1419986809734084,0.20374549324869762,0.29,0.08189655172413793,7,0.29
no_tail_control,183,queue_capped_250ms,1,0.34845882503780246,0.7631607969976955,0.95942875190552,0.2106320700561912,0.309375,0.17373737373737375,5,0.309375
no_tail_control,184,no_hedge,1,0.3006459631767662,0.827515930942571,1.0930898489282654,0.1982304448907179,0,0,6,0
no_tail_control,184,fixed_250ms,1,0.5243685891529566,1.081758468813856,1.3464717674707067,0.21956251093174317,0.836875,0.15235250186706498,11,0.835625
no_tail_control,184,fixed_500ms,1,0.32285389921879926,0.8258066540701492,1.145369537719315,0.20164020150803022,0.244375,0.09718670076726342,8,0.24375
no_tail_control,184,queue_capped_250ms,1,0.365286882629249,0.8440420845209431,1.1644264250179823,0.2110817497590115,0.2725,0.1811926605504587,6,0.2725
no_tail_control,185,no_hedge,1,0.2526326363796456,0.5810048666212095,0.7694718713645807,0.19688135426898307,0,0,4,0
no_tail_control,185,fixed_250ms,1,0.4729693747634842,1.2342576603021094,1.4866103319946298,0.22005718152165918,0.81375,0.1205837173579109,11,0.813125
no_tail_control,185,fixed_500ms,1,0.26936473415597995,0.6175693430333205,0.7690465146505252,0.1994651787338133,0.128125,0.06829268292682927,4,0.128125
no_tail_control,185,queue_capped_250ms,1,0.3438301991462218,0.7237939446332824,0.9356218510629066,0.21238314873139683,0.3225,0.20155038759689922,4,0.3225
no_tail_control,186,no_hedge,1,0.2754482176827011,0.6658704048499242,0.9952026308718303,0.19919319079428008,0,0,4,0
no_tail_control,186,fixed_250ms,1,0.7859285407676744,1.441200145379618,1.6060703745945162,0.22261636422421574,0.891875,0.16608269096005607,13,0.89125
no_tail_control,186,fixed_500ms,1,0.32666277857103765,0.8582410453649736,1.0222818034666812,0.20485985611919078,0.28125,0.057777777777777775,6,0.280625
no_tail_control,186,queue_capped_250ms,1,0.326715654962884,0.7303603657069431,1.0006831125684386,0.2104017805132628,0.31125,0.15060240963855423,4,0.31125
no_tail_control,187,no_hedge,1,0.25418180684238223,0.592627782236562,0.7867319152808925,0.1970571467726058,0,0,4,0
no_tail_control,187,fixed_250ms,1,0.5096346254592277,0.8823897492861192,1.0202356114634767,0.22266748947471465,0.845625,0.15003695491500368,7,0.845625
no_tail_control,187,fixed_500ms,1,0.26403580964417017,0.6221104809371099,0.8213097120712263,0.19961683488891552,0.116875,0.06951871657754011,4,0.11625
no_tail_control,187,queue_capped_250ms,1,0.3261513094234427,0.6915116701167321,0.9072568141451853,0.21341032307985522,0.35625,0.13859649122807016,4,0.355625
no_tail_control,188,no_hedge,1,0.2884485440221134,0.6174382915512755,0.8261784621323827,0.2002279657381926,0,0,4,0
no_tail_control,188,fixed_250ms,1,1.2657462053551978,2.560612870649095,2.7683281548205585,0.22715864895279314,0.94375,0.15562913907284767,23,0.9425
no_tail_control,188,fixed_500ms,1,0.31766171549555366,0.6611270935434526,0.8019437693292244,0.20483705414608114,0.175625,0.09252669039145907,5,0.175
no_tail_control,188,queue_capped_250ms,1,0.4092868443901878,0.7586145798293131,0.9434520802792008,0.2131674638373209,0.281875,0.19290465631929046,4,0.281875
no_tail_control,189,no_hedge,1,0.26303179916445174,0.5978501745691531,0.7740412812912894,0.19907865748094072,0,0,4,0
no_tail_control,189,fixed_250ms,1,0.914524991528296,1.4009461147966107,1.5902908323031006,0.22624656046948177,0.94375,0.1728476821192053,13,0.9425
no_tail_control,189,fixed_500ms,1,0.28036266028135515,0.6758647609597483,0.8467703683053021,0.20295288632287792,0.141875,0.09251101321585903,5,0.141875
no_tail_control,189,queue_capped_250ms,1,0.32748246162957173,0.7121773632854911,0.8792479828321795,0.2132168085688118,0.3475,0.15467625899280577,4,0.346875
no_tail_control,190,no_hedge,1,0.309814455029084,0.7182694201504098,0.8616865048548448,0.19962554307276942,0,0,5,0
no_tail_control,190,fixed_250ms,1,0.780772090251844,1.6154425495987255,1.7674008953997742,0.22494316142751822,0.91875,0.15578231292517006,15,0.9175
no_tail_control,190,fixed_500ms,1,0.3414618717283844,0.7773950011730086,0.9387904931399476,0.2038278711007402,0.26625,0.056338028169014086,6,0.26625
no_tail_control,190,queue_capped_250ms,1,0.37164390753581955,0.7718324108281926,0.9977044294023756,0.21207752436717567,0.293125,0.2046908315565032,5,0.293125
no_tail_control,191,no_hedge,1,0.34246319474092957,0.8519159614265526,1.0966821658254986,0.20213723089222246,0,0,5,0
no_tail_control,191,fixed_250ms,1,0.993493636400828,2.3561093974977254,2.6372184390984685,0.22573557848301462,0.905,0.17058011049723756,21,0.90375
no_tail_control,191,fixed_500ms,1,0.47515417718517483,1.0289325791566881,1.2253119321161385,0.2078754550739858,0.468125,0.0534045393858478,8,0.46625
no_tail_control,191,queue_capped_250ms,1,0.44018874471640146,0.9712325045852701,1.1972859840197358,0.2115179754237033,0.224375,0.1671309192200557,5,0.224375
no_tail_control,192,no_hedge,1,0.2889294048525386,0.7637857180026302,0.959547583114329,0.20077345045903489,0,0,4,0
no_tail_control,192,fixed_250ms,1,0.5005061522519476,2.755819600661063,3.0053183990961685,0.22816335183638312,0.816875,0.16296863045141546,24,0.815
no_tail_control,192,fixed_500ms,1,0.3001468552830957,0.9414578585273645,1.20512964012309,0.20516121866941145,0.230625,0.06504065040650407,8,0.229375
no_tail_control,192,queue_capped_250ms,1,0.37135909614912777,0.9265391939901519,1.17580370414953,0.2131365939558423,0.310625,0.16498993963782696,5,0.31
no_tail_control,193,no_hedge,1,0.29399717041181184,0.6468837655293669,0.8151891075261375,0.20294265948897583,0,0,4,0
no_tail_control,193,fixed_250ms,1,0.8977339764251653,1.4699890480425992,1.7013847193599574,0.23058306698226588,0.945625,0.16787838730998017,13,0.945
no_tail_control,193,fixed_500ms,1,0.31347558174568135,0.705555184518713,0.883935655761114,0.20642954575042916,0.18625,0.05704697986577181,5,0.185625
no_tail_control,193,queue_capped_250ms,1,0.36346532637162454,0.7311518620064952,0.8842145092021951,0.21830961801080462,0.3525,0.18439716312056736,4,0.35125
no_tail_control,194,no_hedge,1,0.2844628281631998,0.7477928030124339,0.9763562274080151,0.20031488312342793,0,0,5,0
no_tail_control,194,fixed_250ms,1,0.961111116064977,1.6228023379450889,1.8068082652710231,0.22398733322341488,0.88,0.1669034090909091,14,0.87875
no_tail_control,194,fixed_500ms,1,0.3064531871922229,0.8283330474652892,1.103553817950985,0.20420475340449962,0.218125,0.07163323782234957,7,0.218125
no_tail_control,194,queue_capped_250ms,1,0.3899416956098749,0.8518024482070601,1.133885710572926,0.21327531391980617,0.2925,0.19444444444444445,5,0.291875
no_tail_control,195,no_hedge,1,0.28373416473056423,0.6613224680731697,0.8053839804012961,0.19858274988844854,0,0,4,0
no_tail_control,195,fixed_250ms,1,1.196038136650749,1.860531226966918,2.075244011801008,0.22651760706974097,0.975,0.1641025641025641,18,0.973125
no_tail_control,195,fixed_500ms,1,0.33262871109428715,0.7516112558800359,0.9234561124689957,0.20241033234134495,0.229375,0.05994550408719346,6,0.22875
no_tail_control,195,queue_capped_250ms,1,0.38799555813114583,0.7688541640462692,0.9863552689855819,0.21372055602932513,0.3075,0.21544715447154472,4,0.3075
no_tail_control,196,no_hedge,1,0.34987499880691075,1.171770690659308,1.4261302831982015,0.19925698015900564,0,0,7,0
no_tail_control,196,fixed_250ms,1,1.573552777252658,2.717935781629919,2.9894865410811526,0.22465891588941392,0.92375,0.17320703653585928,25,0.921875
no_tail_control,196,fixed_500ms,1,0.39414690574559863,1.5760799477562024,1.795218218731108,0.20467469114959794,0.37125,0.09090909090909091,14,0.37
no_tail_control,196,queue_capped_250ms,1,0.43425216745142725,1.254045112534925,1.5186151181435505,0.20988133839620793,0.23875,0.17015706806282724,7,0.23875
no_tail_control,197,no_hedge,1,0.27791055114831664,0.6620800092631676,0.829906450068794,0.19914641020214738,0,0,4,0
no_tail_control,197,fixed_250ms,1,0.9016850828871021,1.4355524318120345,1.5996982392334758,0.2265261623275248,0.88125,0.16595744680851063,13,0.880625
no_tail_control,197,fixed_500ms,1,0.30569144696070794,0.7207158402418994,0.9054682713843221,0.20319526988018186,0.2,0.059375,6,0.2
no_tail_control,197,queue_capped_250ms,1,0.3504934567150464,0.7458942521304905,0.9144416249093723,0.21336835347279998,0.303125,0.15670103092783505,4,0.303125
no_tail_control,198,no_hedge,1,0.2672950647361958,0.6096649097483144,0.815785879272056,0.19826084129249996,0,0,4,0
no_tail_control,198,fixed_250ms,1,0.4851107049822012,1.0410001664768842,1.261862150649037,0.2213436701079092,0.788125,0.15305313243457574,9,0.788125
no_tail_control,198,fixed_500ms,1,0.2825711762031773,0.644788914728041,0.8276838405913551,0.20110589383677588,0.14125,0.07079646017699115,5,0.14125
no_tail_control,198,queue_capped_250ms,1,0.3245843483628583,0.679125817787309,0.9021193622111099,0.2122234016082359,0.34625,0.16425992779783394,5,0.345625
no_tail_control,199,no_hedge,1,0.28550643533986175,0.6849710075573583,0.9507201376407775,0.19941472698925156,0,0,4,0
no_tail_control,199,fixed_250ms,1,0.9125547160065608,1.9380042355888918,2.3320551045261197,0.22583474328095035,0.94125,0.16799468791500663,20,0.94
no_tail_control,199,fixed_500ms,1,0.30753519315089406,0.7548884542438543,0.9223330980485329,0.20351278663708292,0.198125,0.0694006309148265,6,0.198125
no_tail_control,199,queue_capped_250ms,1,0.36691718920585714,0.741351909377995,0.9276956859397103,0.2129479544773578,0.3325,0.18233082706766918,5,0.3325
no_tail_control,200,no_hedge,1,0.29450404908357797,0.7032333568114448,0.9262014824011278,0.2015834989975766,0,0,4,0
no_tail_control,200,fixed_250ms,1,0.9665246271587407,1.6130276744510113,1.80558530487221,0.22856309605614322,0.9675,0.18733850129198967,16,0.965625
no_tail_control,200,fixed_500ms,1,0.31958408325457555,0.812692808207661,0.9900145431696128,0.20557736822873668,0.228125,0.0684931506849315,6,0.2275
no_tail_control,200,queue_capped_250ms,1,0.3752903241429735,0.742091927116344,0.9632257334206815,0.21615357713057823,0.32875,0.17870722433460076,5,0.32875
no_tail_control,201,no_hedge,1,0.22542432084938402,0.5341960722237609,0.6920913429757789,0.19787599798738623,0,0,3,0
no_tail_control,201,fixed_250ms,1,0.4048494727705929,0.7877880862924478,0.9561014239933385,0.2251818836607713,0.783125,0.13647246608140462,7,0.7825
no_tail_control,201,fixed_500ms,1,0.23635203106838176,0.5428589545241387,0.6601975926602286,0.20025073579679956,0.07125,0.09649122807017543,3,0.07125
no_tail_control,201,queue_capped_250ms,1,0.31194213812044824,0.5917746370402845,0.7506807019197375,0.21849961144019672,0.413125,0.16338880484114976,4,0.413125
no_tail_control,202,no_hedge,1,0.2942541829420069,0.6971341965002225,0.9461970629778946,0.20287125970288078,0,0,5,0
no_tail_control,202,fixed_250ms,1,0.5211543858717747,1.6892273971985574,1.9214326823496748,0.22599219688232805,0.78375,0.1594896331738437,15,0.78375
no_tail_control,202,fixed_500ms,1,0.3125740176959866,0.8009507191157681,0.978240759864228,0.20629608941541566,0.244375,0.07672634271099744,6,0.2425
no_tail_control,202,queue_capped_250ms,1,0.3599936493098216,0.7718602108079864,0.9533551757653527,0.2144294098230147,0.2925,0.1858974358974359,5,0.291875
no_tail_control,203,no_hedge,1,0.30613779422940723,0.7071801343007049,0.9013985090382199,0.2001945311817344,0,0,4,0
no_tail_control,203,fixed_250ms,1,0.8699053651506308,2.9214281952555368,3.3097591649530713,0.22743413439071167,0.910625,0.1578586135895676,26,0.910625
no_tail_control,203,fixed_500ms,1,0.3667913734870396,0.8083866023466868,1.000906606511867,0.20559246277476395,0.314375,0.05964214711729622,6,0.31375
no_tail_control,203,queue_capped_250ms,1,0.41347084317779803,0.8746813296851315,1.108646850957669,0.21136746314496827,0.27,0.16435185185185186,5,0.27
no_tail_control,204,no_hedge,1,0.26619963779452505,0.6372244472279718,0.8664589305369574,0.19707508507743934,0,0,4,0
no_tail_control,204,fixed_250ms,1,0.7698510187442196,1.7092995090690515,1.864120101886364,0.22068588875481776,0.869375,0.16534867002156722,17,0.868125
no_tail_control,204,fixed_500ms,1,0.30080135370635785,0.7521152456123126,0.9143655968278708,0.20070279644339054,0.19,0.07236842105263158,5,0.19
no_tail_control,204,queue_capped_250ms,1,0.32621875775408604,0.7733441574903637,1.0325996474032593,0.20871697545839776,0.29625,0.14135021097046413,5,0.295
no_tail_control,205,no_hedge,1,0.26611839829797646,0.6572641608737193,0.8438460325140991,0.20052491152042634,0,0,4,0
no_tail_control,205,fixed_250ms,1,0.5107855764097629,1.031253903160163,1.210114780689036,0.22599708624121245,0.84125,0.1537890044576523,9,0.840625
no_tail_control,205,fixed_500ms,1,0.2799287540357547,0.677758776171701,0.9044254896597916,0.2047661765593422,0.143125,0.07423580786026202,5,0.143125
no_tail_control,205,queue_capped_250ms,1,0.3206138374027674,0.7044254896597959,0.9200260352895864,0.21438745177448623,0.326875,0.17973231357552583,4,0.326875
no_tail_control,206,no_hedge,1,0.28683789904769696,0.6646114980436337,0.7964890415306343,0.19980154761542568,0,0,4,0
no_tail_control,206,fixed_250ms,1,0.9795231064201371,1.981242959884824,2.3554957448424645,0.2269942214084013,0.9075,0.18388429752066116,17,0.904375
no_tail_control,206,fixed_500ms,1,0.3067177018933407,0.684512049767612,0.8292813166009196,0.2022641145366687,0.181875,0.06529209621993128,5,0.181875
no_tail_control,206,queue_capped_250ms,1,0.36165191582518474,0.7453279314583199,0.9354365363082451,0.21244727031391467,0.311875,0.1402805611222445,4,0.311875
no_tail_control,207,no_hedge,1,0.2759856891364407,0.6991391439584476,0.9528125394239559,0.20120802882743904,0,0,5,0
no_tail_control,207,fixed_250ms,1,0.6001302990968655,1.4613501942561768,1.7094816043180288,0.22307744525743675,0.819375,0.16552250190694126,14,0.81875
no_tail_control,207,fixed_500ms,1,0.2910374422462696,0.7854623852102449,0.9761272275343771,0.20463604237263733,0.18875,0.0695364238410596,6,0.18875
no_tail_control,207,queue_capped_250ms,1,0.3295547276386799,0.831105088783687,1.1330103417977568,0.21523898715131004,0.356875,0.17688266199649738,5,0.356875
no_tail_control,208,no_hedge,1,0.2777761625176254,0.6094664104598166,0.796747423294101,0.19962909453815844,0,0,4,0
no_tail_control,208,fixed_250ms,1,0.5843969269534739,1.1605525103755845,1.3195116820908215,0.22268256687258425,0.9025,0.12465373961218837,10,0.901875
no_tail_control,208,fixed_500ms,1,0.28661414697744725,0.6242739512952014,0.7751455261663551,0.20186329139515574,0.1275,0.11274509803921569,5,0.1275
no_tail_control,208,queue_capped_250ms,1,0.36954427515025934,0.7153125693842881,0.923773276707955,0.2128586246968218,0.29625,0.1751054852320675,4,0.29625
no_tail_control,209,no_hedge,1,0.26604685539363704,0.6251820096467569,0.8324172465664503,0.2001627580884806,0,0,4,0
no_tail_control,209,fixed_250ms,1,0.4185662370258356,1.0236458579943744,1.3912843915734712,0.22343186298706905,0.780625,0.13690952762209768,10,0.77875
no_tail_control,209,fixed_500ms,1,0.2810969538750534,0.6357478930613354,0.8054582027857364,0.203810687624159,0.141875,0.09251101321585903,4,0.141875
no_tail_control,209,queue_capped_250ms,1,0.3252106757847528,0.6647765942395623,0.8301963374340886,0.21384944797630656,0.346875,0.16216216216216217,4,0.346875
no_tail_control,210,no_hedge,1,0.3111761666261508,0.6800421450684588,0.9514340655044011,0.20116639252770294,0,0,4,0
no_tail_control,210,fixed_250ms,1,1.9868450663407202,2.8812458142556707,3.062142476306356,0.22978532780807728,0.985625,0.17691819911223844,25,0.984375
no_tail_control,210,fixed_500ms,1,0.336370932823435,0.7469538451748399,0.899645210638127,0.2058345995857997,0.243125,0.07455012853470437,5,0.243125
no_tail_control,210,queue_capped_250ms,1,0.40091368723441434,0.7862729196752767,0.9920262963620821,0.2128227716441459,0.27375,0.16666666666666666,4,0.27375
no_tail_control,211,no_hedge,1,0.2637493733841403,0.6027281592389215,0.8070450275443335,0.2003430611026294,0,0,4,0
no_tail_control,211,fixed_250ms,1,0.44352094250281837,1.0056332666796521,1.1314953094612434,0.2246509520412221,0.789375,0.1496437054631829,9,0.78875
no_tail_control,211,fixed_500ms,1,0.2778027817705784,0.6427191237649694,0.7999557240694628,0.2038017566702831,0.135625,0.06912442396313365,5,0.135
no_tail_control,211,queue_capped_250ms,1,0.3410106264355903,0.7151607493602476,0.9006353771746514,0.21645928220333832,0.361875,0.17443868739205526,4,0.361875
no_tail_control,212,no_hedge,1,0.3209018373151311,0.7439034006080867,0.9481397256776916,0.20054570952339967,0,0,5,0
no_tail_control,212,fixed_250ms,1,1.9005490743662392,2.639380141688399,2.8579875801911854,0.22795709333479316,0.954375,0.1990831696136215,24,0.954375
no_tail_control,212,fixed_500ms,1,0.393944749438802,0.9214468925778991,1.1293029241152972,0.20586732569525318,0.35125,0.0693950177935943,7,0.350625
no_tail_control,212,queue_capped_250ms,1,0.416069267516896,0.8391547660581598,1.1073298140319423,0.21332615249114784,0.2675,0.17523364485981308,5,0.266875
no_tail_control,213,no_hedge,1,0.2551013353104299,0.6027704365308555,0.7839322296077,0.1956044604092793,0,0,4,0
no_tail_control,213,fixed_250ms,1,0.7747295658982551,1.2846377192106786,1.4621204478929144,0.22196441715654106,0.901875,0.1483021483021483,12,0.90125
no_tail_control,213,fixed_500ms,1,0.270088622835317,0.6133978865222875,0.8281070551271092,0.1986880822326051,0.128125,0.1024390243902439,4,0.128125
no_tail_control,213,queue_capped_250ms,1,0.329846686200689,0.6663797784896985,0.8335053815747209,0.21307236699939744,0.363125,0.18416523235800344,4,0.363125
no_tail_control,214,no_hedge,1,0.2744276960220162,0.591334832133235,0.7739273756607297,0.20142068258202556,0,0,3,0
no_tail_control,214,fixed_250ms,1,0.5418842649890347,1.2065116805332394,1.4416559179113406,0.22577918108995515,0.865,0.157514450867052,11,0.86375
no_tail_control,214,fixed_500ms,1,0.2974150349410465,0.6529719776824443,0.8162655773784238,0.20535731167872773,0.148125,0.0759493670886076,4,0.148125
no_tail_control,214,queue_capped_250ms,1,0.3721303030332379,0.7168762867689722,0.9046608640446792,0.2165747194524967,0.354375,0.1693121693121693,4,0.35375
no_tail_control,215,no_hedge,1,0.32785820715973557,0.7346574789446123,0.8874753421278996,0.19905776215391083,0,0,4,0
no_tail_control,215,fixed_250ms,1,0.9236939903800874,2.043710530981656,2.294352224315915,0.22576733961846476,0.974375,0.16420782552918536,19,0.974375
no_tail_control,215,fixed_500ms,1,0.37095917986059135,0.8102195368026026,0.990483849904809,0.20382425050816624,0.295625,0.07399577167019028,5,0.295
no_tail_control,215,queue_capped_250ms,1,0.41007691103590105,0.8222042642542924,1.0325325665242744,0.21015727548058863,0.263125,0.2042755344418052,4,0.263125
no_tail_control,216,no_hedge,1,0.29849460328538413,0.6930954577630928,0.9150246032010259,0.20071493804764354,0,0,4,0
no_tail_control,216,fixed_250ms,1,1.4529676375909482,2.438169634513905,2.780085651746603,0.23007691108332726,0.978125,0.17635782747603834,22,0.97625
no_tail_control,216,fixed_500ms,1,0.3193180422295985,0.7418701010071693,0.9626101521664445,0.20421233212626372,0.206875,0.08459214501510574,6,0.205625
no_tail_control,216,queue_capped_250ms,1,0.3841263511682236,0.7906923445528324,1.0594415696569826,0.21436673145480725,0.305625,0.17177914110429449,5,0.305625
no_tail_control,217,no_hedge,1,0.2884742637270321,0.8006533269875078,0.9774300867223147,0.20062694286056704,0,0,5,0
no_tail_control,217,fixed_250ms,1,0.5735821744863867,1.5187767196567492,1.697951113666491,0.22488162018059354,0.82625,0.1550680786686838,16,0.825625
no_tail_control,217,fixed_500ms,1,0.3059183618668335,0.9371909599769523,1.190920747901174,0.20459008347937221,0.251875,0.062034739454094295,9,0.251875
no_tail_control,217,queue_capped_250ms,1,0.35607444903460106,0.8498982730392797,1.071849059702913,0.21328247335439027,0.3325,0.18609022556390978,6,0.3325
no_tail_control,218,no_hedge,1,0.26181445081566473,0.6566811281211331,0.8651254031438924,0.19735489812425525,0,0,4,0
no_tail_control,218,fixed_250ms,1,0.6387806600438992,1.5708916286308892,1.8843965696342622,0.22374265544685737,0.87875,0.14864864864864866,15,0.87875
no_tail_control,218,fixed_500ms,1,0.2734245818265766,0.7114345871319685,0.882233302436596,0.19957301905283653,0.1575,0.07539682539682539,6,0.1575
no_tail_control,218,queue_capped_250ms,1,0.33538180762872116,0.7609288903801179,1.043532494852478,0.2119507197236824,0.33875,0.13468634686346864,5,0.338125
no_tail_control,219,no_hedge,1,0.5976539626130943,1.3277553062782061,1.5641693937046526,0.20310111997176988,0,0,7,0
no_tail_control,219,fixed_250ms,1,2.3898432728852192,3.9643096693408566,4.180765948121639,0.22770575382542027,0.903125,0.18546712802768167,36,0.901875
no_tail_control,219,fixed_500ms,1,1.4860733484995698,2.2533104425160886,2.5067349414771556,0.21449625385456506,0.779375,0.09061748195669607,19,0.773125
no_tail_control,219,queue_capped_250ms,1,0.7691397448788742,1.446383212909458,1.856090516629898,0.21005082057483931,0.1375,0.17727272727272728,8,0.136875
no_tail_control,220,no_hedge,1,0.2837553356383751,0.6679163938115096,0.8526595269257915,0.1995171815920364,0,0,4,0
no_tail_control,220,fixed_250ms,1,0.6267010091895457,1.3481248154044394,1.616153916782416,0.2250547083114224,0.869375,0.1430625449317038,13,0.868125
no_tail_control,220,fixed_500ms,1,0.3042013609215086,0.7392949838427212,0.947698658729621,0.2039723428655141,0.2175,0.06609195402298851,6,0.216875
no_tail_control,220,queue_capped_250ms,1,0.3688551892886309,0.7610536304465185,0.9653716787023896,0.21244007630101053,0.283125,0.16114790286975716,4,0.283125
no_tail_control,221,no_hedge,1,0.3827432197552021,0.8700884370859896,1.079826354486337,0.20375366915229917,0,0,5,0
no_tail_control,221,fixed_250ms,1,1.0775172065844902,2.3942519053615356,2.6373868485442955,0.23005918393503888,0.953125,0.17049180327868851,21,0.95125
no_tail_control,221,fixed_500ms,1,0.4475062766634039,0.9260210509252111,1.1013048460354575,0.20938716795257595,0.41125,0.06382978723404255,6,0.410625
no_tail_control,221,queue_capped_250ms,1,0.46346690047992567,0.9262616273287172,1.2079370027493717,0.21248459260223015,0.216875,0.2132564841498559,5,0.216875
no_tail_control,222,no_hedge,1,0.24919996998734817,0.5747872164000967,0.7262783418012155,0.19885556505365506,0,0,4,0
no_tail_control,222,fixed_250ms,1,0.6744859204141829,1.1402718526190156,1.2984175927787476,0.22915949063853272,0.9375,0.14,11,0.93625
no_tail_control,222,fixed_500ms,1,0.2651550749514229,0.6016587271302614,0.7467182302010134,0.20202145497413443,0.108125,0.11560693641618497,5,0.108125
no_tail_control,222,queue_capped_250ms,1,0.33229017274910433,0.6218797776993412,0.8462213776906804,0.21579837135377974,0.3975,0.15251572327044025,4,0.3975
no_tail_control,223,no_hedge,1,0.2632647226702929,0.5747333106248078,0.7148305377954536,0.19767883603805023,0,0,3,0
no_tail_control,223,fixed_250ms,1,0.6237208300771817,1.087811419760424,1.3118938676523264,0.22358110890699126,0.90875,0.14030261348005502,10,0.908125
no_tail_control,223,fixed_500ms,1,0.2703106597870608,0.6152818315366986,0.7811781075028144,0.20132063431329936,0.114375,0.09836065573770492,4,0.114375
no_tail_control,223,queue_capped_250ms,1,0.3308686011130675,0.642670632156733,0.8087797198598281,0.21362232692928887,0.380625,0.15599343185550082,4,0.38
no_tail_control,224,no_hedge,1,0.3254026961746881,0.813259930031343,1.0496520953005728,0.19857494189129196,0,0,5,0
no_tail_control,224,fixed_250ms,1,1.3824461303499334,2.5713944765276793,2.903333565648609,0.22709383485681614,0.9025,0.19736842105263158,22,0.901875
no_tail_control,224,fixed_500ms,1,0.40914212359891167,1.146748146327436,1.3621389639625079,0.203487450894026,0.42625,0.05718475073313783,9,0.425625
no_tail_control,224,queue_capped_250ms,1,0.42710654676392323,0.9465132064978548,1.211188090096666,0.2091376332311155,0.224375,0.1615598885793872,5,0.224375
no_tail_control,225,no_hedge,1,0.2700513495836603,0.8314455419202815,1.143484388853544,0.19802632638760292,0,0,5,0
no_tail_control,225,fixed_250ms,1,0.502360222724346,1.5959921564961093,1.8796054643676499,0.22458142499258113,0.818125,0.1359816653934301,16,0.81625
no_tail_control,225,fixed_500ms,1,0.27735916310236064,1.0489117717416363,1.3668336811329027,0.20220301725764822,0.20375,0.07668711656441718,9,0.20375
no_tail_control,225,queue_capped_250ms,1,0.33957999199849276,0.8899753183695367,1.145060666038603,0.2126302899205159,0.3425,0.15875912408759124,6,0.3425
no_tail_control,226,no_hedge,1,0.29359173052868215,0.6437556658991781,0.8408752283816057,0.20453317456425052,0,0,4,0
no_tail_control,226,fixed_250ms,1,0.7214597792803881,2.170233193392285,2.3839773316396276,0.23104804268408674,0.894375,0.17679944095038436,19,0.8925
no_tail_control,226,fixed_500ms,1,0.30568189919989663,0.7023666897690877,0.8827549071565741,0.20806914569778012,0.191875,0.08794788273615635,4,0.191875
no_tail_control,226,queue_capped_250ms,1,0.37724434387280326,0.7353514166881148,0.9694561392337704,0.2185298804560358,0.33375,0.20786516853932585,4,0.333125
no_tail_control,227,no_hedge,1,0.278000356649553,0.7160782224853746,0.9067553552441918,0.19759531203002909,0,0,4,0
no_tail_control,227,fixed_250ms,1,1.3657830598639862,2.0696798132215477,2.3241444021663966,0.2238710095241889,0.965,0.16774611398963732,18,0.9625
no_tail_control,227,fixed_500ms,1,0.39369280153741926,1.0108708400023474,1.2312443697041378,0.2035402687937708,0.385,0.060064935064935064,8,0.384375
no_tail_control,227,queue_capped_250ms,1,0.367210282168017,0.8581758647573867,1.073815036345426,0.2110487692437094,0.29125,0.16523605150214593,5,0.290625
no_tail_control,228,no_hedge,1,0.2713994759000826,0.6226874136838205,0.8214652579857891,0.19914188822223566,0,0,4,0
no_tail_control,228,fixed_250ms,1,0.7855167983227123,1.2416632945784905,1.415422163384882,0.22519056421972145,0.91875,0.1414965986394558,11,0.91625
no_tail_control,228,fixed_500ms,1,0.28978770212352956,0.663425907035478,0.8325670323130261,0.2032063475417744,0.16625,0.06390977443609022,4,0.16625
no_tail_control,228,queue_capped_250ms,1,0.3529814723927345,0.7037548781028402,0.9260828979400042,0.21452221846427397,0.3175,0.15551181102362205,4,0.3175
no_tail_control,229,no_hedge,1,0.3884587383856868,0.8390023539233855,1.0561222053963633,0.20322956969317477,0,0,5,0
no_tail_control,229,fixed_250ms,1,1.486139281401229,2.2935507575701806,2.4803934083385073,0.22710783422330658,0.985625,0.15852885225110971,20,0.985
no_tail_control,229,fixed_500ms,1,0.4737255378362626,1.044386406600795,1.4103151742289342,0.2095122167576738,0.466875,0.07095046854082998,10,0.466875
no_tail_control,229,queue_capped_250ms,1,0.49354358764901196,0.9221078580597464,1.1563187881457253,0.21180337514928393,0.178125,0.21052631578947367,5,0.178125
no_tail_control,230,no_hedge,1,0.26462050741275434,0.6053628413861922,0.7853629612126589,0.196415120331004,0,0,3,0
no_tail_control,230,fixed_250ms,1,0.5562099970232204,1.0140601542537455,1.1544064185758947,0.21868212148977106,0.87875,0.14082503556187767,9,0.87875
no_tail_control,230,fixed_500ms,1,0.2828029988534624,0.641442394645809,0.7860093169310929,0.19997517774111856,0.133125,0.051643192488262914,4,0.133125
no_tail_control,230,queue_capped_250ms,1,0.33784412496522265,0.7167607192818988,0.9014296261666104,0.21004932064485302,0.331875,0.1638418079096045,4,0.33125
no_tail_control,231,no_hedge,1,0.2879443791301215,0.6279418066353379,0.860099103804636,0.19876624323015307,0,0,4,0
no_tail_control,231,fixed_250ms,1,0.5525346531768882,1.1162263163831838,1.324048807918814,0.22281169358281214,0.851875,0.15187087307410124,11,0.851875
no_tail_control,231,fixed_500ms,1,0.31073102472880265,0.6965375999822427,0.9132774924765457,0.2020147712478822,0.180625,0.04498269896193772,5,0.180625
no_tail_control,231,queue_capped_250ms,1,0.35276992552252295,0.7398977332481174,0.9689177901738688,0.21320761350698836,0.323125,0.16827852998065765,5,0.323125
no_tail_control,232,no_hedge,1,0.25019838014932816,0.5856137864851547,0.8469489568799666,0.1975498599459428,0,0,4,0
no_tail_control,232,fixed_250ms,1,0.6448117588768234,1.13282793686232,1.2784283478732519,0.22439905305179983,0.865625,0.15090252707581228,10,0.865
no_tail_control,232,fixed_500ms,1,0.26162162886630824,0.6657405334429995,0.855665695979237,0.2000954006346169,0.145625,0.055793991416309016,5,0.145
no_tail_control,232,queue_capped_250ms,1,0.3168345990918855,0.6671824309773982,0.8478405533821345,0.2116573972733075,0.348125,0.16337522441651706,5,0.3475
no_tail_control,233,no_hedge,1,0.27378955721808396,0.6578716609356814,0.8774718859990003,0.201316823958563,0,0,4,0
no_tail_control,233,fixed_250ms,1,1.394080007131688,2.4384879424690737,2.66015119964883,0.23032041678026918,0.92,0.19633152173913043,22,0.92
no_tail_control,233,fixed_500ms,1,0.2962132507759918,0.7025100666935238,0.8772858194459587,0.20521119654019424,0.166875,0.07865168539325842,6,0.166875
no_tail_control,233,queue_capped_250ms,1,0.3755214204516051,0.7560371173713563,0.951050693636402,0.21558961514297198,0.301875,0.17184265010351968,5,0.300625
no_tail_control,234,no_hedge,1,0.3535825190379214,0.834344145136761,1.0488070912963678,0.19673507421525788,0,0,6,0
no_tail_control,234,fixed_250ms,1,1.0352023532943662,2.135110266206553,2.3672317270459544,0.21970196701613304,0.926875,0.15913688469318948,21,0.924375
no_tail_control,234,fixed_500ms,1,0.44287845754053734,1.1284253167374771,1.3683256651661608,0.2020276656283557,0.4375,0.047142857142857146,9,0.436875
no_tail_control,234,queue_capped_250ms,1,0.4383863702216373,0.8854721785488415,1.1296671023857385,0.2054591743692955,0.223125,0.17647058823529413,6,0.223125
no_tail_control,235,no_hedge,1,0.29827704711219283,0.6903485055017811,0.8294811875638359,0.19653966205360493,0,0,4,0
no_tail_control,235,fixed_250ms,1,0.8345296820323647,1.9157392109014495,2.161999135173673,0.22119194289039118,0.886875,0.14869626497533475,17,0.88375
no_tail_control,235,fixed_500ms,1,0.37920776672052536,0.8762734443397164,1.058449576628611,0.2023465885627853,0.345,0.059782608695652176,7,0.344375
no_tail_control,235,queue_capped_250ms,1,0.4069933264998169,0.8286982869895603,1.0000950766174626,0.2084254481028334,0.27125,0.1774193548387097,5,0.27125
no_tail_control,236,no_hedge,1,0.3099516433401561,0.7522836653502942,0.9476442323051977,0.2023274536917959,0,0,5,0
no_tail_control,236,fixed_250ms,1,1.3302514268772327,2.658410031704218,2.8435911920146424,0.23001547104862877,0.905625,0.1973775017253278,22,0.90375
no_tail_control,236,fixed_500ms,1,0.35672123861985483,0.9694377345926064,1.1884218781020124,0.20707553374561635,0.30625,0.05714285714285714,8,0.30625
no_tail_control,236,queue_capped_250ms,1,0.4058091106804511,0.8978174706607298,1.1058733659143059,0.2143091964388825,0.264375,0.1867612293144208,5,0.264375
no_tail_control,237,no_hedge,1,0.3162602646255761,0.8080674415595546,1.1058260544934626,0.1977770903206725,0,0,6,0
no_tail_control,237,fixed_250ms,1,1.6890492276456115,2.2973528323489667,2.4135362541468126,0.22351271649761745,0.94875,0.1613965744400527,20,0.9475
no_tail_control,237,fixed_500ms,1,0.3484649254049188,1.008872292939138,1.2974587678169947,0.20138483351702377,0.275625,0.04308390022675737,9,0.275
no_tail_control,237,queue_capped_250ms,1,0.40119144208336355,0.9327964576487169,1.1675703231628844,0.2092957225151404,0.26875,0.1558139534883721,6,0.26875
no_tail_control,238,no_hedge,1,0.2837296452618894,0.6536820002056283,0.9330835181226789,0.19940061463407355,0,0,4,0
no_tail_control,238,fixed_250ms,1,0.7062595037864945,1.3144824481361361,1.596656400138606,0.22625510300509127,0.94375,0.1509933774834437,12,0.94375
no_tail_control,238,fixed_500ms,1,0.2906210136957128,0.6909813500722519,0.920885441557111,0.20175995186360482,0.16375,0.07251908396946564,5,0.16375
no_tail_control,238,queue_capped_250ms,1,0.3743500125200825,0.7873244536187443,1.0460340179982417,0.2140301079226294,0.32875,0.17110266159695817,5,0.32875
no_tail_control,239,no_hedge,1,0.26449820428848625,0.6324689601034148,0.8183219551261898,0.198382427349393,0,0,4,0
no_tail_control,239,fixed_250ms,1,0.908883123966385,1.361847238612551,1.475833075153858,0.22370979604248306,0.90875,0.16162310866574967,12,0.90875
no_tail_control,239,fixed_500ms,1,0.286850366958312,0.6543953500983974,0.8627269146831296,0.20187865893232168,0.14,0.044642857142857144,6,0.139375
no_tail_control,239,queue_capped_250ms,1,0.344590687457778,0.6443546119691348,0.854814486272911,0.21347814011856447,0.39375,0.15873015873015872,4,0.393125
no_tail_control,240,no_hedge,1,0.337879170064614,0.8487930105126367,1.0270236389437422,0.1997081402842703,0,0,5,0
no_tail_control,240,fixed_250ms,1,1.0242506788650925,2.439863739560721,2.6211387395287886,0.22754712663627719,0.910625,0.1578586135895676,22,0.908125
no_tail_control,240,fixed_500ms,1,0.44685128210260316,1.1100011727680794,1.2832420367803365,0.20582373891318725,0.44875,0.05153203342618384,9,0.446875
no_tail_control,240,queue_capped_250ms,1,0.4215805929226768,0.9372135426010395,1.1333183496891692,0.2120450845133735,0.263125,0.166270783847981,5,0.2625
no_tail_control,241,no_hedge,1,0.24902697204799118,0.5571249927920192,0.7300561688735012,0.1971275852891465,0,0,4,0
no_tail_control,241,fixed_250ms,1,0.3897331230856036,0.9112557803824579,1.057233097956626,0.21870096318900067,0.718125,0.12706701479547433,8,0.716875
no_tail_control,241,fixed_500ms,1,0.25034805237795865,0.561869083196072,0.7367174055140566,0.19904973183292882,0.08125,0.07692307692307693,5,0.080625
no_tail_control,241,queue_capped_250ms,1,0.31199552480267556,0.6186984872793992,0.7853346887452393,0.21475266100832793,0.395,0.1787974683544304,4,0.395
no_tail_control,242,no_hedge,1,0.25344997071281483,0.6052132968396968,0.7975858876036668,0.19668403205835192,0,0,4,0
no_tail_control,242,fixed_250ms,1,0.5251439147062769,0.9199598014007915,1.0800893260514997,0.21984968741602257,0.860625,0.13435003631082063,9,0.86
no_tail_control,242,fixed_500ms,1,0.2664696338774437,0.6017735535163968,0.8182781370728804,0.1987906311639345,0.12125,0.08247422680412371,5,0.12125
no_tail_control,242,queue_capped_250ms,1,0.3286295392484657,0.6480787723054462,0.9068490640932154,0.21279937471801127,0.39,0.16987179487179488,4,0.39
no_tail_control,243,no_hedge,1,0.25282699769371497,0.6874490568048088,0.9050659251861113,0.19857645273384222,0,0,4,0
no_tail_control,243,fixed_250ms,1,0.5477156369512564,1.2771937573630083,1.4947282651514584,0.22297711529192024,0.785,0.13455414012738853,14,0.78375
no_tail_control,243,fixed_500ms,1,0.2775215132220943,0.7919172475775866,1.031804798098534,0.20338602750043971,0.19,0.0756578947368421,6,0.189375
no_tail_control,243,queue_capped_250ms,1,0.31081106570168515,0.7240800110255243,0.9210566140070888,0.21403605972002476,0.338125,0.1534195933456562,5,0.338125
no_tail_control,244,no_hedge,1,0.26133682402773584,0.5673267743544104,0.7385744177691951,0.20081660875993623,0,0,3,0
no_tail_control,244,fixed_250ms,1,0.9929799417930525,1.5402130962108274,1.7162661671038606,0.22992764482964226,0.94,0.15558510638297873,14,0.94
no_tail_control,244,fixed_500ms,1,0.2778853621723272,0.6070647069872317,0.7796458735212868,0.20485731685414887,0.133125,0.0892018779342723,4,0.133125
no_tail_control,244,queue_capped_250ms,1,0.35415016943429123,0.6723957770044446,0.8195316152928882,0.21819258153784435,0.37375,0.18561872909698995,4,0.373125
no_tail_control,245,no_hedge,1,0.3134099738222922,0.6670676963034268,0.867848527020854,0.2045366728226484,0,0,4,0
no_tail_control,245,fixed_250ms,1,0.9329826844782296,1.6908825810046615,1.8241893171848567,0.23131685383049228,0.958125,0.16177429876060012,14,0.956875
no_tail_control,245,fixed_500ms,1,0.32521504894663344,0.7260775464038787,0.8990995538921513,0.20766391178872734,0.214375,0.061224489795918366,5,0.21375
no_tail_control,245,queue_capped_250ms,1,0.3777955136395468,0.8090532192010915,1.0199579286174423,0.21675264089282564,0.290625,0.1935483870967742,4,0.29
no_tail_control,246,no_hedge,1,0.33531301679704306,0.7067103903594321,0.9169057268358767,0.20134153661993917,0,0,4,0
no_tail_control,246,fixed_250ms,1,1.9186589499426496,3.5589657868279474,3.8921442643911845,0.23109870083214645,0.95125,0.16819973718791065,32,0.95
no_tail_control,246,fixed_500ms,1,0.4153863179859911,0.8677300086407573,1.044155254375724,0.2092219577477425,0.353125,0.05663716814159292,6,0.3525
no_tail_control,246,queue_capped_250ms,1,0.43745546850331607,0.8257086859341811,0.9959402648399145,0.2119217426962167,0.243125,0.2159383033419023,4,0.243125
no_tail_control,247,no_hedge,1,0.26718015066730416,0.6716201995071387,0.8500638944584935,0.1996131224575354,0,0,4,0
no_tail_control,247,fixed_250ms,1,0.6157528967389645,1.5818123285316972,1.7546064144554876,0.2247669324501546,0.83375,0.1409295352323838,15,0.83125
no_tail_control,247,fixed_500ms,1,0.2755153969887516,0.6932630670809559,0.9143157554718542,0.20263525962184534,0.1575,0.05952380952380952,6,0.1575
no_tail_control,247,queue_capped_250ms,1,0.3344447190532476,0.7522133319679689,1.000151589441586,0.21502257275854875,0.351875,0.1669626998223801,5,0.35125
no_tail_control,248,no_hedge,1,0.35964431280487474,0.8022632934530698,1.0495761657347007,0.2023327810731521,0,0,5,0
no_tail_control,248,fixed_250ms,1,1.4540203224509867,2.5777460549958775,2.8160934284586503,0.2248395717324378,0.9475,0.18007915567282323,24,0.94625
no_tail_control,248,fixed_500ms,1,0.4503552866731795,0.9633090243324283,1.1428564898016091,0.20822806269547126,0.42125,0.05489614243323442,7,0.42125
no_tail_control,248,queue_capped_250ms,1,0.46951239147013446,0.9763569939892207,1.2437817787914334,0.21125041745591763,0.1875,0.19333333333333333,5,0.1875
no_tail_control,249,no_hedge,1,0.2793321000810649,0.6380259664178105,0.8129601181057211,0.19912270908714305,0,0,4,0
no_tail_control,249,fixed_250ms,1,0.7216984535570745,1.6917357931072985,1.9310925284086622,0.2236976689033308,0.874375,0.1472480343102216,16,0.87375
no_tail_control,249,fixed_500ms,1,0.29722196174157745,0.6619110698246473,0.8200010300827145,0.20259373607546313,0.155,0.06854838709677419,4,0.155
no_tail_control,249,queue_capped_250ms,1,0.36607372427445384,0.7558214459473689,0.9661128415757538,0.21242434749077863,0.31875,0.1568627450980392,4,0.318125
no_tail_control,250,no_hedge,1,0.3028312366369801,0.7462032842762802,1.0553205173434463,0.20026553040009204,0,0,6,0
no_tail_control,250,fixed_250ms,1,0.77235644268087,1.6561388917399498,1.896713386353234,0.2262960747169052,0.94375,0.16357615894039734,15,0.9425
no_tail_control,250,fixed_500ms,1,0.3117886381677195,0.8277159422836533,1.0981831738577483,0.203894139992929,0.216875,0.043227665706051875,8,0.21625
no_tail_control,250,queue_capped_250ms,1,0.38768843759473093,0.8217652285553569,1.1132542430090666,0.21492258948006707,0.323125,0.1760154738878143,6,0.323125
no_tail_control,251,no_hedge,1,0.2709579456484086,0.6060026214846559,0.7821135069838174,0.19911950494333472,0,0,3,0
no_tail_control,251,fixed_250ms,1,1.365553305087296,2.007079570259023,2.185367826549669,0.227300753460345,0.97,0.17268041237113402,17,0.97
no_tail_control,251,fixed_500ms,1,0.28137378825193693,0.6247916135241791,0.7808334949481761,0.2020172442150963,0.12375,0.08585858585858586,4,0.12375
no_tail_control,251,queue_capped_250ms,1,0.33808396849941147,0.6983738626231855,0.8983176860061306,0.21355421827376422,0.35,0.15714285714285714,4,0.34875
no_tail_control,252,no_hedge,1,0.27727137276280445,0.5908054449959099,0.7978331098572404,0.1991117628783332,0,0,4,0
no_tail_control,252,fixed_250ms,1,0.6669768429400165,1.0788177376416455,1.23238847562844,0.22430883377067803,0.90875,0.1451169188445667,11,0.908125
no_tail_control,252,fixed_500ms,1,0.2860311465504033,0.6676966320815385,0.8177324289672185,0.202648416914236,0.144375,0.0735930735930736,5,0.14375
no_tail_control,252,queue_capped_250ms,1,0.34900826560689646,0.7268111810763109,0.9486077270870794,0.21373659555790944,0.325,0.16923076923076924,5,0.325
no_tail_control,253,no_hedge,1,0.2896897956978801,0.6408747186809833,0.8392222084483549,0.20341174685685534,0,0,4,0
no_tail_control,253,fixed_250ms,1,0.8574876422768867,2.310968442059014,2.662606489325327,0.2322076525380233,0.8975,0.16852367688022285,21,0.896875
no_tail_control,253,fixed_500ms,1,0.308301147701707,0.6835053778588431,0.8690820917049074,0.2070743954463291,0.19,0.0625,5,0.19
no_tail_control,253,queue_capped_250ms,1,0.37841652433189665,0.7537644663764453,0.9500455322219779,0.21983641530639889,0.36,0.1857638888888889,4,0.359375
no_tail_control,254,no_hedge,1,0.2692655164840829,0.7026855920701571,0.975522625111708,0.19339672758419635,0,0,4,0
no_tail_control,254,fixed_250ms,1,0.8731001810909547,1.5405129810565086,1.701800490192113,0.2199550379225161,0.87625,0.15549215406562053,13,0.87625
no_tail_control,254,fixed_500ms,1,0.2957181757082523,0.9179822360006042,1.2106085846582282,0.1978048824815489,0.243125,0.04884318766066838,7,0.2425
no_tail_control,254,queue_capped_250ms,1,0.3151715202352108,0.8221819527178909,1.0061307161066289,0.20564721607699607,0.291875,0.17558886509635974,5,0.291875
no_tail_control,255,no_hedge,1,0.26513637581156946,0.6687666602562761,0.8862077879721966,0.19798264440090224,0,0,4,0
no_tail_control,255,fixed_250ms,1,0.6919355486638636,1.3550500485894368,1.4968610577731916,0.22147730927500928,0.893125,0.14065780265920225,12,0.89125
no_tail_control,255,fixed_500ms,1,0.3091435929351718,0.8773429876012138,1.0976014845522535,0.20197128738289774,0.239375,0.044386422976501305,7,0.239375
no_tail_control,255,queue_capped_250ms,1,0.3419926579279462,0.7031223431899143,0.951921701873129,0.2133979734333245,0.35625,0.15789473684210525,4,0.355625
no_tail_control,256,no_hedge,1,0.26923974872443424,0.6335411187857574,0.8419646977515427,0.1972987061660904,0,0,4,0
no_tail_control,256,fixed_250ms,1,0.5992276900181901,1.0977192813119068,1.2771558519297272,0.22230461090294365,0.879375,0.1435678749111585,10,0.87875
no_tail_control,256,fixed_500ms,1,0.280151069185667,0.6645586858982071,0.8892359935184899,0.20006750353244176,0.140625,0.07111111111111111,5,0.140625
no_tail_control,256,queue_capped_250ms,1,0.3242560979149829,0.7101987834934516,0.9302536331962727,0.2105829023427589,0.338125,0.15526802218114602,5,0.3375
no_tail_control,257,no_hedge,1,0.3725674445985421,0.937673932286728,1.2438453085168,0.20012020400461858,0,0,6,0
no_tail_control,257,fixed_250ms,1,0.8335231196281008,2.277194914306598,2.5025147567751844,0.2236737095480163,0.88875,0.18143459915611815,20,0.8875
no_tail_control,257,fixed_500ms,1,0.4936631287371349,1.213942335387543,1.44202650181672,0.2060455718243608,0.48375,0.09043927648578812,9,0.48375
no_tail_control,257,queue_capped_250ms,1,0.4571879271873289,1.0470766207393467,1.3571275730750756,0.21050757266997977,0.2325,0.18010752688172044,6,0.231875
no_tail_control,258,no_hedge,1,0.27971407057943587,0.7294856689634548,0.930222354512825,0.19795220109382947,0,0,4,0
no_tail_control,258,fixed_250ms,1,0.8993296356259286,1.6981732176512665,1.87409375826455,0.22255398548272695,0.88,0.16761363636363635,17,0.88
no_tail_control,258,fixed_500ms,1,0.29469621293667103,0.7307312856595019,0.9491711069095352,0.20128462199252578,0.17375,0.08992805755395683,5,0.17375
no_tail_control,258,queue_capped_250ms,1,0.35063321856573637,0.7939257608989116,1.065912864099964,0.21137660602514138,0.341875,0.13893967093235832,5,0.340625
no_tail_control,259,no_hedge,1,0.28191236478102866,0.6881182396300218,0.8304028449566778,0.2020310350758391,0,0,4,0
no_tail_control,259,fixed_250ms,1,0.47835281792562867,1.0489853657938255,1.2093469826267267,0.22561962055641044,0.805,0.1420807453416149,10,0.80375
no_tail_control,259,fixed_500ms,1,0.31062306099171266,0.7011722624430696,0.8273561480801206,0.20591473415971406,0.19875,0.06918238993710692,5,0.198125
no_tail_control,259,queue_capped_250ms,1,0.3506131645499302,0.7392174400421467,0.9325078688229027,0.21466121701522062,0.29625,0.15611814345991562,4,0.29625
no_tail_control,260,no_hedge,1,0.2580936274914798,0.7588917146694385,1.058528386549618,0.1956841724575737,0,0,5,0
no_tail_control,260,fixed_250ms,1,0.35707494414111096,1.041352675338402,1.3779603015104271,0.2165430765585143,0.7,0.13839285714285715,11,0.7
no_tail_control,260,fixed_500ms,1,0.27047492547289664,0.8597899396161992,1.255482443254067,0.19886761591438767,0.164375,0.09125475285171103,8,0.1625
no_tail_control,260,queue_capped_250ms,1,0.30609112669481675,0.8603579106434935,1.1443966125368519,0.21103931564749556,0.351875,0.1705150976909414,5,0.351875
no_tail_control,261,no_hedge,1,0.22148827016999562,0.4896299232270458,0.7107332089479046,0.19425170085228832,0,0,3,0
no_tail_control,261,fixed_250ms,1,0.2941876009240936,0.6303988099658255,0.8089674533830333,0.21440764288765354,0.5975,0.1307531380753138,6,0.596875
no_tail_control,261,fixed_500ms,1,0.2278764548025567,0.5230722626113646,0.661301813935836,0.1963166239633457,0.059375,0.06315789473684211,3,0.059375
no_tail_control,261,queue_capped_250ms,1,0.273261274317953,0.5460475988049256,0.6951200382499536,0.21241100798861037,0.408125,0.15926493108728942,4,0.4075
no_tail_control,262,no_hedge,1,0.2987087328364382,0.7799454261517198,1.0076129830252398,0.19751275174424823,0,0,4,0
no_tail_control,262,fixed_250ms,1,0.8928335903547371,2.392721829254718,2.647192709234993,0.22280357924243507,0.83375,0.1656671664167916,23,0.83375
no_tail_control,262,fixed_500ms,1,0.33922023293806447,0.9253093638262726,1.2477476716327622,0.2022388738682495,0.27875,0.07847533632286996,7,0.278125
no_tail_control,262,queue_capped_250ms,1,0.37933941095878154,0.9084049764117594,1.1772589239391635,0.2094297493058517,0.278125,0.15955056179775282,5,0.2775
no_tail_control,263,no_hedge,1,0.24558603476640783,0.589373253265002,0.7844295574111442,0.19759597856468022,0,0,4,0
no_tail_control,263,fixed_250ms,1,0.4171822271813568,0.8793389075134783,1.01245083937979,0.22094257832357897,0.788125,0.11022997620935765,8,0.788125
no_tail_control,263,fixed_500ms,1,0.25831773266425984,0.5979596112299794,0.7884092073027631,0.20107938019495616,0.091875,0.1292517006802721,4,0.09125
no_tail_control,263,queue_capped_250ms,1,0.31208238555327683,0.6244210580339802,0.8630157117372033,0.21377048665438622,0.39125,0.1597444089456869,5,0.39125
no_tail_control,264,no_hedge,1,0.28233239357542317,0.6460117527315816,0.8276440813679606,0.19709294487784984,0,0,4,0
no_tail_control,264,fixed_250ms,1,0.47716519525803847,1.013021711498432,1.2245292341464271,0.2235933351720882,0.814375,0.13123561013046814,9,0.814375
no_tail_control,264,fixed_500ms,1,0.28499911922751053,0.6761607710106023,0.831848384869005,0.19963656553945866,0.165625,0.03773584905660377,5,0.165625
no_tail_control,264,queue_capped_250ms,1,0.3379852474037577,0.7141932874435994,0.9545989852812298,0.21183907284615866,0.308125,0.15618661257606492,5,0.3075
no_tail_control,265,no_hedge,1,0.30811712309236583,0.8020563048727212,1.0252818501108614,0.20020060244320695,0,0,5,0
no_tail_control,265,fixed_250ms,1,0.7970753995634396,1.7258674323465542,2.0667224953179613,0.2238438176216481,0.871875,0.17849462365591398,17,0.871875
no_tail_control,265,fixed_500ms,1,0.36941416932743465,0.9225292288428655,1.1540923856975702,0.20582684820444058,0.33,0.07007575757575757,8,0.329375
no_tail_control,265,queue_capped_250ms,1,0.3919774261932467,0.9126875361518785,1.1637062120100659,0.21127419222889243,0.26625,0.14553990610328638,6,0.26625
no_tail_control,266,no_hedge,1,0.27531365492959736,0.6349406683137788,0.8212385093713905,0.19522486893440263,0,0,4,0
no_tail_control,266,fixed_250ms,1,0.6941991887307699,1.2090156171203112,1.3817835558665053,0.2214156006191459,0.918125,0.1572498298162015,11,0.915625
no_tail_control,266,fixed_500ms,1,0.2989993865553551,0.6617467795039644,0.8350337271868433,0.19957311889450818,0.154375,0.05263157894736842,5,0.15375
no_tail_control,266,queue_capped_250ms,1,0.34539196255700944,0.7599092492498851,0.9389693568603512,0.20852230275363404,0.2875,0.1673913043478261,4,0.286875
no_tail_control,267,no_hedge,1,0.27850372786395994,0.6001167736370698,0.7673581100074394,0.2016728005176001,0,0,3,0
no_tail_control,267,fixed_250ms,1,0.568331953331672,1.36696194423196,1.5722691943935416,0.22500194290907122,0.9025,0.14750692520775624,13,0.900625
no_tail_control,267,fixed_500ms,1,0.29287998441420626,0.6130963460569383,0.768014188321164,0.2050931333942831,0.120625,0.08290155440414508,4,0.12
no_tail_control,267,queue_capped_250ms,1,0.39518583615055114,0.6993282580651083,0.8688105738958427,0.21827494518112253,0.329375,0.18785578747628084,4,0.32875
no_tail_control,268,no_hedge,1,0.248928238679909,0.555303074654244,0.6992227025066953,0.19557326223521318,0,0,4,0
no_tail_control,268,fixed_250ms,1,0.41374961048947156,0.9236529682115062,1.0772260965626188,0.21876254610204843,0.755625,0.12655086848635236,10,0.755625
no_tail_control,268,fixed_500ms,1,0.2540637715249323,0.564903140406928,0.7314093377933295,0.1987979702065663,0.086875,0.09352517985611511,4,0.08625
no_tail_control,268,queue_capped_250ms,1,0.3103095463585319,0.6124130349805412,0.7895947273142596,0.21267084799609917,0.384375,0.18536585365853658,4,0.38375
no_tail_control,269,no_hedge,1,0.2644366417890538,0.650582412798876,0.8571972657569162,0.20042083798725321,0,0,4,0
no_tail_control,269,fixed_250ms,1,0.47497412196794286,1.1865782386773205,1.4395118091019867,0.2285879555628056,0.84375,0.13925925925925925,13,0.841875
no_tail_control,269,fixed_500ms,1,0.281873225290036,0.7319278506334399,0.9585163132840862,0.20476901573807235,0.176875,0.06713780918727916,6,0.176875
no_tail_control,269,queue_capped_250ms,1,0.3324506145415631,0.6707256400084134,0.8613851699887363,0.21633939664491994,0.34125,0.18315018315018314,4,0.34125
no_tail_control,270,no_hedge,1,0.31918741197545586,0.7225370665466251,0.9369188965299315,0.19520167221000173,0,0,4,0
no_tail_control,270,fixed_250ms,1,1.4772056499311823,2.769697084064674,2.9609643080197117,0.21840068430042706,0.885,0.1786723163841808,26,0.883125
no_tail_control,270,fixed_500ms,1,0.3224227723609161,0.7245227306846118,0.8760333315783946,0.19714367122744134,0.20625,0.05454545454545454,5,0.205625
no_tail_control,270,queue_capped_250ms,1,0.3939575922760916,0.7837660176466912,0.9941695287248251,0.2049969929224144,0.236875,0.21372031662269128,5,0.236875
no_tail_control,271,no_hedge,1,0.2959040182848227,0.7087803314962722,0.9095234279839808,0.1951106706645881,0,0,4,0
no_tail_control,271,fixed_250ms,1,0.43371564455900824,1.7685416986796838,2.082454691436922,0.2154639148424254,0.761875,0.13535684987694832,17,0.759375
no_tail_control,271,fixed_500ms,1,0.33284327986490325,0.8480864808041098,1.0472918998708067,0.19934077687572002,0.28,0.05803571428571429,6,0.28
no_tail_control,271,queue_capped_250ms,1,0.3656717976962156,0.7841544897561707,1.0058544426011053,0.20630165241334575,0.26375,0.16824644549763032,5,0.26375
no_tail_control,272,no_hedge,1,0.2611938463089398,0.6834376400789424,0.9517122288584474,0.1992741979039569,0,0,5,0
no_tail_control,272,fixed_250ms,1,0.4128546953038654,1.390088210488308,1.6669677462221202,0.2222830390518594,0.775,0.13709677419354838,15,0.774375
no_tail_control,272,fixed_500ms,1,0.2657743581034282,0.6956300257118571,0.9713738669537264,0.2024549318509176,0.1525,0.07377049180327869,6,0.1525
no_tail_control,272,queue_capped_250ms,1,0.33684223187107065,0.7331813075517672,0.9314047799723681,0.21524506163932014,0.365625,0.19487179487179487,5,0.365
no_tail_control,273,no_hedge,1,0.2907427165591461,0.8411505049799057,1.102735808843649,0.20130786218358865,0,0,5,0
no_tail_control,273,fixed_250ms,1,0.8965585177741708,1.8875990943821677,2.1546926586967103,0.2312277030889688,0.9275,0.1765498652291105,16,0.925625
no_tail_control,273,fixed_500ms,1,0.32312316785909445,0.9978256183375009,1.300316709135375,0.20663323927298324,0.2675,0.07242990654205607,9,0.266875
no_tail_control,273,queue_capped_250ms,1,0.3718522847825003,0.9046948410241242,1.2227358088436464,0.21538452974740627,0.31125,0.18674698795180722,5,0.310625
no_tail_control,274,no_hedge,1,0.24573626596334464,0.5613150031397183,0.739720198208003,0.19938152453712757,0,0,4,0
no_tail_control,274,fixed_250ms,1,0.49994669824061333,0.9240287080974081,1.0574216950086157,0.22527033381158967,0.838125,0.14093959731543623,8,0.8375
no_tail_control,274,fixed_500ms,1,0.25517066603451877,0.5714737206671607,0.71578499900086,0.2020051511394494,0.09,0.09722222222222222,5,0.09
no_tail_control,274,queue_capped_250ms,1,0.33736154917421546,0.6822285662320287,0.856283212547531,0.2180957994013968,0.381875,0.1702127659574468,4,0.38125
no_tail_control,275,no_hedge,1,0.2936546628769392,0.7191471579613111,0.945390919730837,0.2000052571142553,0,0,4,0
no_tail_control,275,fixed_250ms,1,1.0008180223851504,1.6670268070936345,1.8073255100645156,0.22612789964793595,0.916875,0.16700749829584186,16,0.915625
no_tail_control,275,fixed_500ms,1,0.32013876177499867,0.7680693434554016,0.9655682579356544,0.20371269784847598,0.226875,0.05509641873278237,6,0.22625
no_tail_control,275,queue_capped_250ms,1,0.3711969153771406,0.7953650339038987,1.0444519097412375,0.21372715139970477,0.2975,0.1722689075630252,5,0.29625
no_tail_control,276,no_hedge,1,0.30235249380746154,0.8116317733017144,1.0960360566001413,0.19928838042729424,0,0,5,0
no_tail_control,276,fixed_250ms,1,1.4046388052201628,1.9530439196345597,2.142935564452415,0.2264685724192725,0.98,0.18176020408163265,17,0.97875
no_tail_control,276,fixed_500ms,1,0.35483472690459905,1.1053057374107889,1.3773620443754844,0.20373625207670487,0.330625,0.08128544423440454,9,0.330625
no_tail_control,276,queue_capped_250ms,1,0.40010643289834036,0.8846909813984851,1.2053562758925027,0.21050933421256057,0.25875,0.1642512077294686,6,0.25875
no_tail_control,277,no_hedge,1,0.27619711145818115,0.6578090582954657,0.7966106412513483,0.20209363078454953,0,0,4,0
no_tail_control,277,fixed_250ms,1,0.43044329792600955,1.096907195457959,1.287707874990775,0.2248187147072183,0.781875,0.13828936850519585,11,0.780625
no_tail_control,277,fixed_500ms,1,0.2934399009962867,0.6990643130005632,0.8577795438989329,0.20616094708775268,0.1825,0.11301369863013698,5,0.1825
no_tail_control,277,queue_capped_250ms,1,0.3443988292334197,0.7769412324499925,0.9794332305165057,0.2161277498437555,0.3225,0.16666666666666666,5,0.321875
no_tail_control,278,no_hedge,1,0.2728511149865547,0.6346840355909915,0.8876439867616028,0.19706153736125717,0,0,4,0
no_tail_control,278,fixed_250ms,1,0.9820321841977986,1.5282885654885447,1.6615590919927499,0.22627157167312797,0.95875,0.15123859191655803,14,0.958125
no_tail_control,278,fixed_500ms,1,0.29037924033989526,0.6884402776721998,0.9479907593756494,0.20083287204453867,0.16,0.0859375,5,0.16
no_tail_control,278,queue_capped_250ms,1,0.36475200747950964,0.7365824499996307,0.9776220282720232,0.21150340260572353,0.30625,0.19795918367346937,4,0.305625
no_tail_control,279,no_hedge,1,0.30719483329797725,0.8043754598654758,1.1444312407792019,0.20258391379764198,0,0,5,0
no_tail_control,279,fixed_250ms,1,1.0245115384941457,2.4325759342066036,2.6652136646178874,0.228843081845509,0.943125,0.18886679920477137,21,0.941875
no_tail_control,279,fixed_500ms,1,0.32160570352799134,0.8903342830582446,1.3282442827702852,0.20646452141953658,0.250625,0.06733167082294264,8,0.250625
no_tail_control,279,queue_capped_250ms,1,0.4156522926023172,0.998843227881899,1.3330325444122408,0.2160287461642899,0.31375,0.18725099601593626,6,0.31375
no_tail_control,280,no_hedge,1,0.25257059488753697,0.5623782727003785,0.7697499649946629,0.19732554122735924,0,0,3,0
no_tail_control,280,fixed_250ms,1,1.024426064207475,1.8325297716558921,2.0697328994000515,0.2249460251082023,0.95,0.1756578947368421,17,0.95
no_tail_control,280,fixed_500ms,1,0.2640593898564063,0.5802151434899834,0.7472170443590116,0.19955204610488292,0.104375,0.059880239520958084,4,0.104375
no_tail_control,280,queue_capped_250ms,1,0.3501797528529291,0.6754370277435839,0.8331370194250933,0.2114857476093459,0.326875,0.15296367112810708,4,0.32625
no_tail_control,281,no_hedge,1,0.2787420063288195,0.7531596766898438,0.9526227376880314,0.19523373293974786,0,0,5,0
no_tail_control,281,fixed_250ms,1,0.45367532984124015,1.2723255172642638,1.4461546180851315,0.21642459742347203,0.749375,0.1409507923269391,13,0.749375
no_tail_control,281,fixed_500ms,1,0.2929800394335693,0.7962313935105527,0.9780050285483952,0.19804090148829406,0.205,0.06097560975609756,7,0.205
no_tail_control,281,queue_capped_250ms,1,0.33251861604075117,0.8168468960084603,1.012546948838029,0.2081382896570136,0.31,0.14112903225806453,5,0.31
no_tail_control,282,no_hedge,1,0.37884499235963176,0.8203216151647545,1.1118275086884157,0.20098812658339216,0,0,4,0
no_tail_control,282,fixed_250ms,1,2.432580286210065,3.656194630950651,3.8509079091263416,0.22662923490957915,0.96375,0.17574578469520102,33,0.96375
no_tail_control,282,fixed_500ms,1,1.1428853691887682,1.8679271063152072,2.0434977574341744,0.2131976407724554,0.83375,0.06746626686656672,15,0.83125
no_tail_control,282,queue_capped_250ms,1,0.5020632777572018,0.9628508728273388,1.185895010916564,0.20772015307729588,0.155,0.21774193548387097,5,0.155
no_tail_control,283,no_hedge,1,0.26069546558042056,0.574643538958874,0.775728404051585,0.19802458588580682,0,0,4,0
no_tail_control,283,fixed_250ms,1,0.8709120735425202,1.7921766500012737,1.978331421751534,0.22544704758033973,0.928125,0.1717171717171717,15,0.9275
no_tail_control,283,fixed_500ms,1,0.27052409110655873,0.6183872712282295,0.8153676073060545,0.20144283322280476,0.128125,0.05853658536585366,5,0.128125
no_tail_control,283,queue_capped_250ms,1,0.3503662160727643,0.6535259199356114,0.814807899162318,0.21209918294207086,0.345625,0.162748643761302,4,0.345
no_tail_control,284,no_hedge,1,0.27928001008568515,0.637366221541491,0.7833918580614414,0.20117970219497758,0,0,4,0
no_tail_control,284,fixed_250ms,1,0.6944387604458591,1.3405288638227688,1.5736084290277574,0.22674361244342567,0.865625,0.15451263537906137,12,0.865
no_tail_control,284,fixed_500ms,1,0.3164875755169665,0.7650121237182042,0.9607245850854937,0.20665556959613085,0.22125,0.07627118644067797,5,0.22125
no_tail_control,284,queue_capped_250ms,1,0.35989754496085524,0.711932554373746,0.9511166152573267,0.21475160399483617,0.31375,0.16733067729083664,4,0.31375
no_tail_control,285,no_hedge,1,0.25278492490488347,0.6142010774886142,0.809848510245132,0.1959711046116692,0,0,4,0
no_tail_control,285,fixed_250ms,1,0.5350601196080085,0.9908760175730968,1.1155000276102456,0.2238683614276683,0.83375,0.14617691154422788,8,0.83375
no_tail_control,285,fixed_500ms,1,0.2577882522731727,0.6335663683222812,0.7821069195353019,0.19831530341660497,0.123125,0.07614213197969544,5,0.121875
no_tail_control,285,queue_capped_250ms,1,0.3320271533421266,0.6783798859670007,0.8769378300279698,0.213358315217892,0.359375,0.18608695652173912,5,0.359375
no_tail_control,286,no_hedge,1,0.25689369483088953,0.6238741424062919,0.7802629525411362,0.1999711238835898,0,0,4,0
no_tail_control,286,fixed_250ms,1,0.3847371508589923,1.0848113395463486,1.3080165591466226,0.22167581525815183,0.746875,0.1414225941422594,11,0.746875
no_tail_control,286,fixed_500ms,1,0.2650339383236364,0.6324928680284199,0.8139363824645969,0.20253074923408246,0.12,0.08854166666666667,5,0.12
no_tail_control,286,queue_capped_250ms,1,0.34014050806661444,0.7687540262553014,1.011166385924227,0.2168627196294809,0.365625,0.17435897435897435,5,0.365625
no_tail_control,287,no_hedge,1,0.2600449871580608,0.5867550652579965,0.7471817899611395,0.19653217479459598,0,0,4,0
no_tail_control,287,fixed_250ms,1,0.7546103456593727,1.678127932925598,1.8704417742799535,0.22221367969325162,0.87125,0.16571018651362984,14,0.870625
no_tail_control,287,fixed_500ms,1,0.26795932275420675,0.6384134018357912,0.7994934869523291,0.19881238733707998,0.126875,0.06896551724137931,5,0.126875
no_tail_control,287,queue_capped_250ms,1,0.343138023916147,0.7242525092915528,0.9238470850773268,0.21185147795894654,0.325,0.16346153846153846,4,0.325
no_tail_control,288,no_hedge,1,0.27163064889288435,0.6028041054258102,0.7699406189261637,0.2004897263602508,0,0,4,0
no_tail_control,288,fixed_250ms,1,0.8146711692769699,1.3188181217620798,1.5065885592178532,0.22711647850763617,0.915,0.17281420765027322,12,0.91375
no_tail_control,288,fixed_500ms,1,0.2998626302100895,0.6467231818405068,0.8326623242559998,0.20383933613853578,0.166875,0.07116104868913857,4,0.16625
no_tail_control,288,queue_capped_250ms,1,0.34727291128474747,0.6971541394132288,0.8728318537677922,0.21494111982673825,0.360625,0.18024263431542462,4,0.36
no_tail_control,289,no_hedge,1,0.33387302989180334,0.8939545010416761,1.2599435990734742,0.20156932751225842,0,0,5,0
no_tail_control,289,fixed_250ms,1,1.4114087915589941,2.004463670917004,2.178134015214363,0.22962638445575873,0.98625,0.1920152091254753,18,0.985625
no_tail_control,289,fixed_500ms,1,0.37640345966931577,1.1942631547607974,1.476096756621109,0.20699077952303033,0.3525,0.07092198581560284,10,0.3525
no_tail_control,289,queue_capped_250ms,1,0.3946400859856283,0.9355603255303286,1.2417588832194788,0.21297479404826025,0.27,0.17592592592592593,5,0.269375
no_tail_control,290,no_hedge,1,0.31657457704951675,0.6514565132619339,0.8402051737933256,0.20183866733416608,0,0,4,0
no_tail_control,290,fixed_250ms,1,1.7391316901734122,3.093469809745166,3.4709768247069164,0.2291433068526903,0.928125,0.18653198653198652,28,0.92625
no_tail_control,290,fixed_500ms,1,0.35428326298826107,0.7322624313752932,0.8978755237703204,0.20664298585581217,0.25125,0.05472636815920398,5,0.248125
no_tail_control,290,queue_capped_250ms,1,0.4366100490131064,0.8110728719459495,1.0072740979285584,0.21344307285558692,0.25875,0.178743961352657,4,0.25875
no_tail_control,291,no_hedge,1,0.36736233663062023,0.7857040816724528,0.9690773582693417,0.20340849373842396,0,0,4,0
no_tail_control,291,fixed_250ms,1,1.928246528272556,3.980287191209783,4.218991457403547,0.22907217878699185,0.94,0.1815159574468085,36,0.939375
no_tail_control,291,fixed_500ms,1,0.655355338771507,1.2221885234763334,1.4168010723031443,0.21128287208249566,0.643125,0.06899902818270165,9,0.64125
no_tail_control,291,queue_capped_250ms,1,0.524962967530989,0.9457645155452283,1.1298818299040452,0.2106723478936727,0.140625,0.2577777777777778,5,0.14
no_tail_control,292,no_hedge,1,0.29830368201560375,0.7920636246497885,0.9742182285280219,0.20225207956373795,0,0,5,0
no_tail_control,292,fixed_250ms,1,0.8613352612304723,1.9556267536251504,2.1745267109523567,0.22538509598545603,0.90125,0.1664355062413315,18,0.90125
no_tail_control,292,fixed_500ms,1,0.3736589828120742,0.9280578881436519,1.1386105896359897,0.20842580672054814,0.3525,0.0549645390070922,6,0.351875
no_tail_control,292,queue_capped_250ms,1,0.3799234354092036,0.8323267736530724,1.1535301282286312,0.21432447803221663,0.2775,0.20045045045045046,5,0.276875
no_tail_control,293,no_hedge,1,0.2881418717611197,0.6959600751392312,0.9720808305786512,0.19904161560270187,0,0,5,0
no_tail_control,293,fixed_250ms,1,0.4653456129112854,1.282025461325997,1.4687940218384519,0.22495495749326294,0.82,0.14405487804878048,11,0.82
no_tail_control,293,fixed_500ms,1,0.30023846484412786,0.7507446649777396,0.9602871914890834,0.20287086056767367,0.1975,0.07278481012658228,7,0.196875
no_tail_control,293,queue_capped_250ms,1,0.3347449209575295,0.7448819745730102,0.9232326829051445,0.2120222532976575,0.339375,0.16574585635359115,5,0.339375
no_tail_control,294,no_hedge,1,0.2812398265838567,0.6286862931032715,0.8125079562366828,0.19795122800969492,0,0,4,0
no_tail_control,294,fixed_250ms,1,0.5344411235586932,1.2558886790527382,1.481665236152029,0.22369096129499838,0.846875,0.14317343173431735,12,0.845625
no_tail_control,294,fixed_500ms,1,0.2975800663785977,0.715085895145358,0.9084881770191906,0.20094893789552906,0.165625,0.0830188679245283,6,0.164375
no_tail_control,294,queue_capped_250ms,1,0.34965177092200506,0.7481856769332929,0.9716847363549732,0.2110381596072301,0.296875,0.17684210526315788,5,0.296875
no_tail_control,295,no_hedge,1,0.3329004674407372,0.8992447721077994,1.1855171156324076,0.20302253654839883,0,0,6,0
no_tail_control,295,fixed_250ms,1,0.5077863995044041,2.5068910694444497,2.9414829223724084,0.22786217527818156,0.78125,0.1624,25,0.780625
no_tail_control,295,fixed_500ms,1,0.39494389289177434,1.4008523047846495,1.6702922857156963,0.20937991428878622,0.406875,0.05683563748079877,12,0.404375
no_tail_control,295,queue_capped_250ms,1,0.39000062599517094,0.982747793664501,1.250591999968151,0.21413553561174545,0.253125,0.1925925925925926,6,0.253125
no_tail_control,296,no_hedge,1,0.2934704891371016,0.6470784620967063,0.8254756075724039,0.19789296584800525,0,0,4,0
no_tail_control,296,fixed_250ms,1,1.2247522618023297,2.3591028536757292,2.629618013269088,0.2249001401560569,0.9825,0.1692111959287532,21,0.9825
no_tail_control,296,fixed_500ms,1,0.32493251892330477,0.707396152769654,0.8784214889541477,0.20129248240313022,0.209375,0.05373134328358209,5,0.20875
no_tail_control,296,queue_capped_250ms,1,0.3885961213136184,0.7283968325324253,0.8884694531342134,0.20910631288735387,0.30125,0.17842323651452283,4,0.300625
no_tail_control,297,no_hedge,1,0.2694664657981214,0.59244611794026,0.7538510521252455,0.19737887015019806,0,0,3,0
no_tail_control,297,fixed_250ms,1,0.6760424173810975,1.6577109351974624,1.8934829111143383,0.22355533586343415,0.901875,0.14553014553014554,15,0.90125
no_tail_control,297,fixed_500ms,1,0.28771091044330177,0.6284746087876929,0.7647182189307884,0.2006464674585955,0.125,0.095,4,0.124375
no_tail_control,297,queue_capped_250ms,1,0.3404854962699986,0.7206893380196995,0.9243624358459623,0.2111686167766773,0.314375,0.15904572564612326,5,0.31375
no_tail_control,298,no_hedge,1,0.3244925629844282,0.8606490472700052,1.1387661682540227,0.20081007567063228,0,0,6,0
no_tail_control,298,fixed_250ms,1,1.287776242876582,2.5778446046811467,2.8970600725498237,0.22585746222760408,0.98625,0.17427122940430925,23,0.985625
no_tail_control,298,fixed_500ms,1,0.379968772584677,1.0891110430940358,1.4720734767054573,0.20642267724751476,0.335,0.08208955223880597,10,0.335
no_tail_control,298,queue_capped_250ms,1,0.4165175308777158,0.9491434185749448,1.3485623906557151,0.21202865842525362,0.260625,0.19664268585131894,7,0.26
no_tail_control,299,no_hedge,1,0.3311996958493655,0.7640903860149457,0.9450687126247175,0.19970457361796864,0,0,5,0
no_tail_control,299,fixed_250ms,1,0.6848416371828954,2.2251691769259736,2.457048293224183,0.2244499285743707,0.88375,0.1478076379066478,22,0.883125
no_tail_control,299,fixed_500ms,1,0.4013484650510293,1.060419168048412,1.3920442283582588,0.20597597918735797,0.394375,0.07606973058637084,10,0.394375
no_tail_control,299,queue_capped_250ms,1,0.4032276091042597,0.8419551001544789,1.094409760757884,0.21267485156312432,0.275,0.16818181818181818,5,0.274375
no_tail_control,300,no_hedge,1,0.25485186590584874,0.6364504962778383,0.8764784050552592,0.19880942022162482,0,0,4,0
no_tail_control,300,fixed_250ms,1,0.4376959653546706,0.8950710448717789,1.0446929946430377,0.2234456678556082,0.8,0.1515625,9,0.799375
no_tail_control,300,fixed_500ms,1,0.2598811322058445,0.6283459649993937,0.8262528325091507,0.2015256967435782,0.1225,0.11224489795918367,5,0.121875
no_tail_control,300,queue_capped_250ms,1,0.30740453894174635,0.6679398729589607,0.8812414501779884,0.21484238454687715,0.3725,0.15604026845637584,4,0.371875
no_tail_control,301,no_hedge,1,0.24728532821145777,0.6211104643622463,0.889351718643745,0.1996288063426528,0,0,4,0
no_tail_control,301,fixed_250ms,1,0.357563525043183,1.2545466171985424,1.536926578758539,0.22257741439133574,0.67125,0.13221601489757914,12,0.67
no_tail_control,301,fixed_500ms,1,0.26311042230403814,0.6948828809015168,0.9148550525415473,0.20350541163794886,0.13125,0.1,6,0.13125
no_tail_control,301,queue_capped_250ms,1,0.3149405766053732,0.6858463678983711,0.9443986845838879,0.2163000691281784,0.38125,0.14262295081967213,4,0.380625
no_tail_control,302,no_hedge,1,0.2864225400775826,0.7064088928589562,0.953098093575889,0.19646956713576144,0,0,5,0
no_tail_control,302,fixed_250ms,1,1.457824248039934,2.3149326882528243,2.6068425838073708,0.22312277081520532,0.891875,0.18710581639803783,22,0.89125
no_tail_control,302,fixed_500ms,1,0.299305264201557,0.7264088928589558,0.9249326882531008,0.19891188206071816,0.195,0.057692307692307696,6,0.194375
no_tail_control,302,queue_capped_250ms,1,0.3840275007198102,0.8482735523370177,1.1076666349417295,0.2088891013695616,0.28,0.16294642857142858,6,0.28
no_tail_control,303,no_hedge,1,0.2647862317444769,0.5929022552553036,0.7237007946071952,0.19848571591112282,0,0,4,0
no_tail_control,303,fixed_250ms,1,0.46650939065652963,0.9918755512751645,1.1779834673037186,0.22063494205071965,0.805625,0.13886733902249807,9,0.804375
no_tail_control,303,fixed_500ms,1,0.27744456281069674,0.6368751768548009,0.7950940019072341,0.20235033412067222,0.129375,0.0821256038647343,4,0.129375
no_tail_control,303,queue_capped_250ms,1,0.33673597748657613,0.6872021694022834,0.8418938668259877,0.21253923494629592,0.321875,0.1786407766990291,4,0.32125
no_tail_control,304,no_hedge,1,0.3120288959837296,0.6673551423371009,0.8692913861443206,0.1960209143679264,0,0,4,0
no_tail_control,304,fixed_250ms,1,1.0793961631299709,1.8160792484342565,2.01600842693194,0.2211029738897841,0.92875,0.1541049798115747,17,0.926875
no_tail_control,304,fixed_500ms,1,0.3365513616850473,0.7299410867023717,0.86189792849156,0.198875817078276,0.215625,0.02608695652173913,5,0.215
no_tail_control,304,queue_capped_250ms,1,0.38069983201932445,0.7715763954241766,0.949587879955688,0.20746549430031294,0.268125,0.16083916083916083,5,0.2675
no_tail_control,305,no_hedge,1,0.2775757573496769,0.6186934065717864,0.8397889079258114,0.19674059760421553,0,0,4,0
no_tail_control,305,fixed_250ms,1,1.6023216164523966,2.3957667512410836,2.5827564434246923,0.22266723009399925,0.925,0.17229729729729729,22,0.925
no_tail_control,305,fixed_500ms,1,0.30987562538970437,0.7022082705284209,0.8849229477936937,0.20129808186668346,0.203125,0.06153846153846154,6,0.203125
no_tail_control,305,queue_capped_250ms,1,0.3781425491442789,0.753806133013196,0.926225718565334,0.2096144664692373,0.3,0.19375,4,0.3
no_tail_control,306,no_hedge,1,0.33072437132479315,0.7087466479336761,0.9418164311660533,0.20124675791584676,0,0,4,0
no_tail_control,306,fixed_250ms,1,1.0884016404891348,2.893067630439681,3.100817161978256,0.2253558020332046,0.885625,0.16654904728299225,25,0.884375
no_tail_control,306,fixed_500ms,1,0.3914750124701314,0.8585098780221116,1.1120264169426406,0.2064734047354631,0.330625,0.0661625708884688,7,0.330625
no_tail_control,306,queue_capped_250ms,1,0.4501386919374397,0.8727225037633985,1.1680041940227426,0.21198878180695244,0.2375,0.17105263157894737,5,0.2375
no_tail_control,307,no_hedge,1,0.2593366751785027,0.6072837440379075,0.7553583019199905,0.20174679872246667,0,0,3,0
no_tail_control,307,fixed_250ms,1,0.5698806056986179,1.2459629093412516,1.422226553211992,0.22406010931376127,0.8175,0.15061162079510704,11,0.816875
no_tail_control,307,fixed_500ms,1,0.2626961738029179,0.6144247440908828,0.7927465764032355,0.2037634793079323,0.1125,0.08333333333333333,4,0.1125
no_tail_control,307,queue_capped_250ms,1,0.32312551225864894,0.6507936408930419,0.7784561270398171,0.21604306300368648,0.37625,0.17109634551495018,3,0.375625
no_tail_control,308,no_hedge,1,0.2646634741867544,0.5800153692063788,0.7540109386016667,0.20090611916147694,0,0,4,0
no_tail_control,308,fixed_250ms,1,0.7995579738480743,1.4440109386017745,1.668120077685117,0.22740570360374182,0.893125,0.1504548635409377,13,0.893125
no_tail_control,308,fixed_500ms,1,0.27820195678759774,0.5978172156985764,0.7575178811887895,0.20318502489751425,0.1025,0.07926829268292683,4,0.1025
no_tail_control,308,queue_capped_250ms,1,0.3477236874780587,0.6660737497871736,0.8790929387421791,0.21817935074386616,0.39375,0.17142857142857143,4,0.393125
no_tail_control,309,no_hedge,1,0.33274468409503655,0.7289640672455171,0.9625494706199071,0.2024869974151353,0,0,5,0
no_tail_control,309,fixed_250ms,1,1.5673903864473218,2.328798022030547,2.594677765357961,0.22776058615506126,0.970625,0.1622665808113329,22,0.96875
no_tail_control,309,fixed_500ms,1,0.4099096294477107,1.0605997500015754,1.3847237661522946,0.2086968748668483,0.37875,0.07260726072607261,10,0.37875
no_tail_control,309,queue_capped_250ms,1,0.4408968930898245,0.8999288225350011,1.0907863292811264,0.2132517907713584,0.236875,0.22163588390501318,5,0.236875
no_tail_control,310,no_hedge,1,0.3536313423740225,0.9056135441015964,1.1677058543422785,0.19992389690208673,0,0,6,0
no_tail_control,310,fixed_250ms,1,1.9818190560917657,2.6138826292797646,2.82337777341224,0.226824523200159,0.970625,0.19639407598197037,22,0.97
no_tail_control,310,fixed_500ms,1,0.47241529274254646,1.3237249673078537,1.4953506616458778,0.2065732166322836,0.4725,0.07671957671957672,10,0.4725
no_tail_control,310,queue_capped_250ms,1,0.4340337182450362,0.9486434432952322,1.1816221498636779,0.20991976021378506,0.241875,0.1937984496124031,6,0.24125
no_tail_control,311,no_hedge,1,0.30884441572419874,0.6858494323787525,0.9807285005843838,0.203731181707926,0,0,4,0
no_tail_control,311,fixed_250ms,1,1.108242771802054,2.3610907667326586,2.6067419167543875,0.2278000822889175,0.88875,0.16526019690576652,21,0.886875
no_tail_control,311,fixed_500ms,1,0.35007747064692296,0.8587382983709091,1.002926274176346,0.20943828342205728,0.280625,0.07126948775055679,6,0.28
no_tail_control,311,queue_capped_250ms,1,0.39398039560042974,0.8443367058103561,1.0674494061393425,0.21491009649866563,0.26125,0.17464114832535885,4,0.26125
no_tail_control,312,no_hedge,1,0.22560669516405962,0.5262135809884576,0.702926928650804,0.19828988507580297,0,0,3,0
no_tail_control,312,fixed_250ms,1,0.36468331310651436,0.8077211330050282,0.9742722844922795,0.2198073901955954,0.68625,0.13296903460837886,8,0.685
no_tail_control,312,fixed_500ms,1,0.23635115792769668,0.5355556934547145,0.6700576350058665,0.20104180652055287,0.0675,0.07407407407407407,3,0.0675
no_tail_control,312,queue_capped_250ms,1,0.29148027255943276,0.6082350865948811,0.7687695993427264,0.21458760962238396,0.375625,0.15640599001663893,4,0.375
no_tail_control,313,no_hedge,1,0.31895404591421084,0.8030648580131619,1.0647334097953198,0.2005192990088268,0,0,5,0
no_tail_control,313,fixed_250ms,1,1.1624669742500728,2.4405793309291965,2.7626806647073963,0.22250628294862707,0.866875,0.1795241528478731,24,0.866875
no_tail_control,313,fixed_500ms,1,0.4838950589020854,1.012847076004519,1.2309466020920397,0.20672072964361873,0.474375,0.05006587615283267,9,0.474375
no_tail_control,313,queue_capped_250ms,1,0.44910793909441793,0.961586554719176,1.1559318804921404,0.2109242290687567,0.2025,0.19444444444444445,5,0.201875
no_tail_control,314,no_hedge,1,0.3086019333790375,0.7038980010595921,0.9188579522553582,0.1991703608767789,0,0,4,0
no_tail_control,314,fixed_250ms,1,1.921375648831912,2.6145089182973678,2.7701122073919358,0.22629008758603283,0.9325,0.17292225201072386,23,0.930625
no_tail_control,314,fixed_500ms,1,0.40961406490679053,1.0751036167893844,1.2604405083869246,0.20501409807738966,0.39875,0.0877742946708464,8,0.39875
no_tail_control,314,queue_capped_250ms,1,0.3912325005936208,0.8245956066899964,1.047100727953378,0.2111867103026782,0.278125,0.1842696629213483,5,0.2775
no_tail_control,315,no_hedge,1,0.24390777422307508,0.6724860847958141,0.9225118731616249,0.20182650939767,0,0,5,0
no_tail_control,315,fixed_250ms,1,0.33553160412424,0.9863483579444079,1.2925118731615513,0.2234452928021169,0.66625,0.13883677298311445,11,0.665
no_tail_control,315,fixed_500ms,1,0.2574962740771678,0.7237586961771072,1.0739308092335946,0.20655308416281845,0.140625,0.11555555555555555,7,0.14
no_tail_control,315,queue_capped_250ms,1,0.28668899920355173,0.7298777354723072,0.9466632414982996,0.21703226236643622,0.365,0.1815068493150685,5,0.365
no_tail_control,316,no_hedge,1,0.3979619829565131,1.043636039086472,1.2539773161856012,0.19835388939673673,0,0,7,0
no_tail_control,316,fixed_250ms,1,1.5462376667082687,3.645969398305205,3.8398663360961507,0.224674616899903,0.944375,0.1786896095301125,33,0.943125
no_tail_control,316,fixed_500ms,1,0.5410965373081282,1.4984168844044774,1.8213742006046871,0.20638819153116372,0.5275,0.07227488151658767,14,0.526875
no_tail_control,316,queue_capped_250ms,1,0.5030022343352711,1.1242270211797205,1.3674182040827922,0.20641426560529666,0.173125,0.20577617328519857,7,0.173125
no_tail_control,317,no_hedge,1,0.3210649205495173,0.685445453564963,0.8371500289732552,0.20308845714162715,0,0,4,0
no_tail_control,317,fixed_250ms,1,1.9807488281697019,2.857844467446256,3.1377187164185827,0.23019188910528804,0.97125,0.19111969111969113,25,0.96875
no_tail_control,317,fixed_500ms,1,0.36848084020799554,0.7994287251577656,0.9950725382500241,0.20802028432668,0.278125,0.056179775280898875,7,0.278125
no_tail_control,317,queue_capped_250ms,1,0.4188175009719579,0.7973790289431051,0.9585004903805583,0.21509153019917263,0.27375,0.19406392694063926,5,0.273125
no_tail_control,318,no_hedge,1,0.3031665036089777,0.6607934277684002,0.8408523465677078,0.1982477692887134,0,0,4,0
no_tail_control,318,fixed_250ms,1,0.8984856919173332,2.2106849415000482,2.421623157298164,0.2223178230554777,0.854375,0.1667885881492319,20,0.85375
no_tail_control,318,fixed_500ms,1,0.32153156976890074,0.7537298709148033,0.9274748328763494,0.20133123948102166,0.216875,0.04899135446685879,6,0.216875
no_tail_control,318,queue_capped_250ms,1,0.3921772424830081,0.8241222964545365,0.9971071391763218,0.2107905392907923,0.2725,0.1720183486238532,5,0.2725
no_tail_control,319,no_hedge,1,0.3389155898474101,0.8571068541597473,1.0923158017065155,0.1983444147184328,0,0,5,0
no_tail_control,319,fixed_250ms,1,1.419449917648702,2.2529249175174044,2.427468981893142,0.22212411924259542,0.9375,0.154,20,0.935625
no_tail_control,319,fixed_500ms,1,0.4088065099449807,0.9515166208460819,1.2006975163713314,0.20352239639504036,0.374375,0.05676126878130217,8,0.37375
no_tail_control,319,queue_capped_250ms,1,0.44482551373643986,0.979694586522994,1.2245488485789835,0.21032355943161474,0.24125,0.18134715025906736,5,0.24125
