repeat,scenario,mode,offered_rps,issued_requests,completed_by_window_end,achieved_rps,p50_ms,p95_ms,p99_ms,max_ms,slo_pass
1,no-pause-80,open_loop,80,4000,3999,80,8.78001961694099,16.40258456029551,21.12090135278413,36.45872722122658,true
1,no-pause-80,closed_loop,80,3960,3959,79.2,9.9754400312886,20.67743367170624,28.45788423135673,47.45118970585463,true
2,no-pause-80,open_loop,80,4000,4000,80,8.953794633162033,16.518825585997547,21.417240159396897,32.47549994838846,true
2,no-pause-80,closed_loop,80,3956,3955,79.12,10.10968977714947,21.03121570598887,28.298353743775806,41.78393584376681,true
3,no-pause-80,open_loop,80,4000,3999,80,8.809194698667852,16.215248825490562,20.491635009253514,31.185163828267832,true
3,no-pause-80,closed_loop,80,3961,3961,79.22,9.876291063024837,20.395689327353466,27.254002074023447,41.57433414216939,true
4,no-pause-80,open_loop,80,4000,3999,80,8.843005810529576,16.492175331477483,21.71566383640311,34.67858192325366,true
4,no-pause-80,closed_loop,80,3956,3954,79.12,10.141691860066203,21.13404188890854,27.843191454725456,42.074550746958266,true
5,no-pause-80,open_loop,80,4000,3999,80,8.926461520575685,16.507269667519722,20.84268364602758,27.05724211459892,true
5,no-pause-80,closed_loop,80,3964,3963,79.28,9.738775728676046,20.422967205016903,26.894672607530083,42.740092017549614,true
6,no-pause-80,open_loop,80,4000,3999,80,8.75095271362079,16.353193093949812,22.473551290706382,32.24569659080589,true
6,no-pause-80,closed_loop,80,3950,3950,79,10.2980693556201,22.050509711589257,29.623909520152665,53.72356695163762,true
7,no-pause-80,open_loop,80,4000,3998,80,8.890416542708408,16.51658110938297,21.674005412111,33.96621292645432,true
7,no-pause-80,closed_loop,80,3959,3958,79.18,9.885987317480613,20.970321662513015,27.783670259676,42.177175263637764,true
8,no-pause-80,open_loop,80,4000,3999,80,8.996349759720033,16.75366085650785,21.66473034734372,29.222976424964145,true
8,no-pause-80,closed_loop,80,3956,3954,79.12,9.973926419072086,21.605803183818352,29.314166565716732,54.99404368885007,true
9,no-pause-80,open_loop,80,4000,4000,80,8.974756996271026,16.244168374309083,20.487700802870677,33.695983440240525,true
9,no-pause-80,closed_loop,80,3957,3956,79.14,10.050149551309005,20.674828528353828,26.719187688773673,39.229189385041536,true
10,no-pause-80,open_loop,80,4000,3999,80,8.930335590332106,16.56120909013407,20.375364301580703,33.24963233926246,true
10,no-pause-80,closed_loop,80,3955,3954,79.1,9.956495703005203,21.36428350242204,30.044865608009786,55.99915195594076,true
11,no-pause-80,open_loop,80,4000,4000,80,8.987081551968004,16.515652405319997,20.961379464919446,32.97255476023565,true
11,no-pause-80,closed_loop,80,3953,3953,79.06,10.169384446722688,21.537414162587083,29.318508355674567,40.377314100278454,true
12,no-pause-80,open_loop,80,4000,3999,80,8.920792070261086,16.68409447295562,21.556609150349686,32.70099547346763,true
12,no-pause-80,closed_loop,80,3957,3957,79.14,10.026772118482768,21.36130670842249,28.611434909638774,40.65273623642497,true
13,no-pause-80,open_loop,80,4000,3999,80,9.02736231918243,16.755704678096663,20.737169002659357,27.899354331915674,true
13,no-pause-80,closed_loop,80,3955,3954,79.1,10.052752787327336,21.61588418842075,28.02266494210926,40.91768625834811,true
14,no-pause-80,open_loop,80,4000,3999,80,8.995482422542409,16.909514639959525,22.979239862470422,38.72830275455635,true
14,no-pause-80,closed_loop,80,3954,3954,79.08,10.03564939795433,21.794826111574366,31.9119546435104,44.37023951307856,true
15,no-pause-80,open_loop,80,4000,3999,80,8.955687191883044,16.743610746932973,21.67723240412306,37.67725075047565,true
15,no-pause-80,closed_loop,80,3959,3958,79.18,10.0579881356025,20.41011186823016,26.983244775743515,38.399553566239774,true
16,no-pause-80,open_loop,80,4000,3999,80,8.933354439039249,16.868446145454072,22.017442683769332,29.678222594484396,true
16,no-pause-80,closed_loop,80,3954,3954,79.08,10.131699126184685,21.587953139227466,31.801406761213002,52.40002038795501,true
17,no-pause-80,open_loop,80,4000,3999,80,8.954175935119565,17.07546413892851,21.3799481720489,38.36733804267351,true
17,no-pause-80,closed_loop,80,3957,3957,79.14,9.991990517999511,21.387169939400337,28.659953164387844,44.75675051428698,true
18,no-pause-80,open_loop,80,4000,3999,80,8.926438768910884,16.75847491519926,22.205807463375095,33.68940551972628,true
18,no-pause-80,closed_loop,80,3955,3954,79.1,10.186423686631315,21.667929018778523,29.3843927854723,48.24957355265724,true
19,no-pause-80,open_loop,80,4000,3999,80,8.93661121423429,16.485742385961203,21.285589797516877,37.79977046964632,true
19,no-pause-80,closed_loop,80,3957,3955,79.14,9.993327205927926,21.04609576245639,29.75064393403227,45.60944068636309,true
20,no-pause-80,open_loop,80,4000,4000,80,8.841389966532006,17.132228774236864,22.280897594071575,30.30777044911156,true
20,no-pause-80,closed_loop,80,3955,3954,79.1,10.177947363416024,21.519900239243725,28.348231484564167,42.02457163681538,true
21,no-pause-80,open_loop,80,4000,3999,80,8.826175694688573,16.48052736523823,21.244528906627238,31.250388325097447,true
21,no-pause-80,closed_loop,80,3952,3951,79.04,10.258159907272784,21.52565556989066,29.360767191348714,43.20460852981341,true
22,no-pause-80,open_loop,80,4000,3999,80,8.907325612477507,16.467723134839616,21.61617545675108,29.471853048264165,true
22,no-pause-80,closed_loop,80,3947,3947,78.94,10.385885618168686,22.343583168931218,29.71716948156609,56.50609479003833,true
23,no-pause-80,open_loop,80,4000,3999,80,8.941966401478567,16.58358308174502,21.559664971849998,32.23993158752273,true
23,no-pause-80,closed_loop,80,3957,3955,79.14,10.24846693634754,20.72496047274035,26.166944965756556,34.39924296357458,true
24,no-pause-80,open_loop,80,4000,3999,80,9.005685939613613,16.789594949761522,22.305077314573282,34.68500318783845,true
24,no-pause-80,closed_loop,80,3953,3952,79.06,10.117697263194714,21.51098217850813,28.262578658373968,45.5831334808463,true
25,no-pause-80,open_loop,80,4000,4000,80,8.845863269954862,16.435074953304138,21.621112967739464,30.377601422751468,true
25,no-pause-80,closed_loop,80,3958,3958,79.16,10.02950334356865,20.364924909055844,27.497667754942086,38.829959877140936,true
26,no-pause-80,open_loop,80,4000,3999,80,8.851811619004366,16.70321316949412,21.563694410004246,40.80458457682835,true
26,no-pause-80,closed_loop,80,3959,3958,79.18,10.124548967894953,20.434299730133716,25.465305923913547,33.99000685965075,true
27,no-pause-80,open_loop,80,4000,3999,80,8.853818249790493,16.359849605782074,20.44339754315297,30.074008348312418,true
27,no-pause-80,closed_loop,80,3953,3952,79.06,10.192241036616906,20.577762077802618,28.414516929326055,45.761272574316536,true
28,no-pause-80,open_loop,80,4000,3999,80,8.916520047765516,16.43808232295123,21.633805385790765,30.449444296715228,true
28,no-pause-80,closed_loop,80,3956,3955,79.12,9.953621027423651,21.499448599402967,27.589271555814776,41.79354071656235,true
29,no-pause-80,open_loop,80,4000,3999,80,8.83106762755051,16.770079755820916,21.508916920078264,38.31363663019147,true
29,no-pause-80,closed_loop,80,3951,3950,79.02,10.34978559013689,21.593230603939446,28.9281061399779,41.12570675355528,true
30,no-pause-80,open_loop,80,4000,4000,80,8.878996476065367,16.484570563974557,21.61839335444529,36.497662974958075,true
30,no-pause-80,closed_loop,80,3955,3954,79.1,10.225369991516345,21.163657758828776,27.01393247839951,58.059344474409954,true
31,no-pause-80,open_loop,80,4000,3999,80,8.877424913654977,16.400823530508205,20.232619309221263,30.98492549177172,true
31,no-pause-80,closed_loop,80,3954,3953,79.08,10.102481233836443,21.569686738599557,29.60000252516329,47.777602385254795,true
32,no-pause-80,open_loop,80,4000,3999,80,8.759718064713525,16.455008032098704,21.184292907268173,29.82965095882537,true
32,no-pause-80,closed_loop,80,3952,3949,79.04,10.284169589387602,21.243475527451665,27.81041870117224,41.45331413757958,true
33,no-pause-80,open_loop,80,4000,3999,80,8.936827166584408,16.657348240587453,21.34451593079575,30.08375425576378,true
33,no-pause-80,closed_loop,80,3958,3957,79.16,10.021494089683983,20.54858170051739,28.497879455295333,49.85524834909302,true
34,no-pause-80,open_loop,80,4000,3999,80,9.076593208919803,16.954496586227833,21.823456542073473,34.976913534857886,true
34,no-pause-80,closed_loop,80,3960,3958,79.2,9.916978301507697,20.858849275376997,27.907105909325765,39.202694879466435,true
35,no-pause-80,open_loop,80,4000,3999,80,8.740429318997485,16.1525644833564,20.62604381665915,29.881851419821032,true
35,no-pause-80,closed_loop,80,3952,3951,79.04,10.20610557650798,21.242165296018356,27.479439042650483,46.15630610583139,true
36,no-pause-80,open_loop,80,4000,3998,80,8.953735743643847,17.039350184451905,22.41822035997029,34.699624224725994,true
36,no-pause-80,closed_loop,80,3959,3959,79.18,10.034631563496077,20.494599900477624,26.820374798575358,37.77494531720731,true
37,no-pause-80,open_loop,80,4000,3999,80,8.858352426850615,16.713075986688636,22.097207351038378,27.91739611777666,true
37,no-pause-80,closed_loop,80,3953,3952,79.06,10.188686764100567,21.641628741104796,28.86200661435214,48.06980419279353,true
38,no-pause-80,open_loop,80,4000,3999,80,8.962086960469605,16.877334300654184,21.792845666379435,36.99688647370567,true
38,no-pause-80,closed_loop,80,3962,3962,79.24,10.046560584858526,19.976134780426946,25.26050719916384,39.07590407972384,true
39,no-pause-80,open_loop,80,4000,3999,80,8.963097897543776,17.612240431255486,22.95948224386848,36.90211631848797,true
39,no-pause-80,closed_loop,80,3958,3957,79.16,10.020844258975558,20.917881758023213,28.58828479155636,46.17161336085701,true
40,no-pause-80,open_loop,80,4000,3999,80,8.936012574671622,16.308621333497285,21.33794999899328,33.48491371949058,true
40,no-pause-80,closed_loop,80,3957,3956,79.14,10.104060065379599,21.149851806098013,29.357252676705684,38.972557536224485,true
41,no-pause-80,open_loop,80,4000,4000,80,8.816551523472299,16.45712199753143,20.83152303303723,32.78729849130468,true
41,no-pause-80,closed_loop,80,3958,3957,79.16,10.148080325438059,20.719299971293367,26.408951334084122,41.46451900587272,true
42,no-pause-80,open_loop,80,4000,3999,80,8.87325056741247,16.328725305585976,21.70380055685382,31.301904067167925,true
42,no-pause-80,closed_loop,80,3956,3955,79.12,10.026429827157699,21.1760953125995,29.31558871278139,41.9259971349602,true
43,no-pause-80,open_loop,80,4000,3999,80,8.864501272946654,16.33368939227512,21.652138181441842,36.6099746368709,true
43,no-pause-80,closed_loop,80,3957,3956,79.14,9.92715577603667,21.54560030479115,30.822703251065832,43.609962485934375,true
44,no-pause-80,open_loop,80,4000,4000,80,8.855788334643876,16.616965396759042,21.863452498037077,34.47161295780825,true
44,no-pause-80,closed_loop,80,3957,3956,79.14,9.97759061641409,21.03848352376008,28.366364569490543,45.48443122236495,true
45,no-pause-80,open_loop,80,4000,3999,80,8.863956976023474,16.45207833101813,21.393649486548384,32.51789083097174,true
45,no-pause-80,closed_loop,80,3950,3950,79,10.34791651705018,21.691173833802168,29.081625451006403,51.666474853733234,true
46,no-pause-80,open_loop,80,4000,3999,80,8.932286728537292,16.074820937314144,20.919912897510585,34.36690161416482,true
46,no-pause-80,closed_loop,80,3957,3957,79.14,10.017272218154176,21.100781495249976,27.30322299834006,42.14481045387947,true
47,no-pause-80,open_loop,80,4000,4000,80,8.765946440180414,16.00542967813817,20.086757584882434,27.132768623021548,true
47,no-pause-80,closed_loop,80,3953,3951,79.06,10.206733232071201,21.383427066328295,29.5188809441388,42.604776119704184,true
48,no-pause-80,open_loop,80,4000,3999,80,9.057775894376391,17.015833290326555,22.141712341472157,30.37402179966739,true
48,no-pause-80,closed_loop,80,3954,3951,79.08,10.165776752779493,21.957381393091055,31.87109527040957,50.00805163480254,true
49,no-pause-80,open_loop,80,4000,3999,80,8.886300264457532,17.037340494258387,22.197753544372972,28.159408407656883,true
49,no-pause-80,closed_loop,80,3960,3960,79.2,9.947385668230709,20.106501744237903,26.788791579967437,59.56907849308482,true
50,no-pause-80,open_loop,80,4000,4000,80,8.912352935360104,16.72288085175387,23.26443452062813,35.836323031231586,true
50,no-pause-80,closed_loop,80,3956,3955,79.12,10.04361687306664,21.150516010511637,28.841089375804586,42.83211035402201,true
51,no-pause-80,open_loop,80,4000,4000,80,8.839455539353366,16.832177839594806,21.24829519823834,27.903029715336743,true
51,no-pause-80,closed_loop,80,3958,3957,79.16,9.93219633508852,20.89715227457782,28.439556408637145,46.09702438436943,true
52,no-pause-80,open_loop,80,4000,4000,80,8.955704570216767,16.989540369679162,21.886714370397385,39.66376284203943,true
52,no-pause-80,closed_loop,80,3955,3954,79.1,10.290843009555829,21.359116557297966,27.767719167488394,48.19639530576751,true
53,no-pause-80,open_loop,80,4000,3999,80,8.971601024528354,17.012008398811304,21.08851211709407,29.705742622587422,true
53,no-pause-80,closed_loop,80,3959,3959,79.18,9.91595376278201,20.61166165873874,25.928563150828268,52.58814989509847,true
54,no-pause-80,open_loop,80,4000,3999,80,8.911912034069246,16.69931684502808,21.225222062883404,32.634898282954964,true
54,no-pause-80,closed_loop,80,3955,3954,79.1,10.168948887574516,21.224680826333497,27.386842131600133,38.522123906026536,true
55,no-pause-80,open_loop,80,4000,4000,80,8.856748994789086,16.21254967587447,20.24629922088934,27.881699782825308,true
55,no-pause-80,closed_loop,80,3957,3956,79.14,10.048030024045147,21.060790121542595,27.6125618514925,36.421007122975425,true
56,no-pause-80,open_loop,80,4000,4000,80,8.80166094301967,16.0929224564552,20.3591404724757,26.709086166309135,true
56,no-pause-80,closed_loop,80,3957,3957,79.14,9.988625167177815,20.83361637165217,26.742604625927925,44.244696433102945,true
57,no-pause-80,open_loop,80,4000,4000,80,8.849425792344846,16.46329419680842,22.237956558041333,29.774944641205366,true
57,no-pause-80,closed_loop,80,3961,3961,79.22,10.054361599955882,20.468973037217438,27.98104041726765,38.08560841068174,true
58,no-pause-80,open_loop,80,4000,4000,80,8.868474075112317,16.074114344191912,19.60868201165431,33.67721977581823,true
58,no-pause-80,closed_loop,80,3956,3956,79.12,9.910397337327595,21.319379610151373,28.16094103985597,47.16864503688703,true
59,no-pause-80,open_loop,80,4000,3999,80,8.860962436105183,15.910518457516446,21.007548005363788,32.10026161572023,true
59,no-pause-80,closed_loop,80,3965,3965,79.3,9.782170652819332,19.17381855341955,25.236943838914158,36.376509333702415,true
60,no-pause-80,open_loop,80,4000,3999,80,8.822430411913956,16.679102741625684,22.668679863916623,30.420437466324074,true
60,no-pause-80,closed_loop,80,3952,3952,79.04,10.192399385337922,21.803819248030777,29.379492657906667,39.68670553357151,true
61,no-pause-80,open_loop,80,4000,3999,80,8.958352219386143,16.656885171469185,22.148437854109943,37.381076836747525,true
61,no-pause-80,closed_loop,80,3951,3950,79.02,10.218938544865523,21.856364515402674,30.697084159604856,43.63138440131297,true
62,no-pause-80,open_loop,80,4000,3999,80,8.825909909344773,16.75859415649029,21.402463047583296,36.558787414345716,true
62,no-pause-80,closed_loop,80,3963,3962,79.26,9.893315387631446,20.46408525529114,26.703634736855747,35.88917187118932,true
63,no-pause-80,open_loop,80,4000,3999,80,8.977492789854296,16.42564638114709,21.157196909302,33.64231727384322,true
63,no-pause-80,closed_loop,80,3950,3949,79,10.248406063241418,22.357560311895213,29.057371278933715,42.456642771005136,true
64,no-pause-80,open_loop,80,4000,4000,80,8.977506202820223,17.24091945977125,22.04645753650948,36.154645149668795,true
64,no-pause-80,closed_loop,80,3957,3955,79.14,10.032751639431808,21.444718423332233,27.92275393046657,49.167708551787655,true
65,no-pause-80,open_loop,80,4000,3998,80,8.882589144744998,17.04607090693753,23.031375973368995,35.3907352582828,true
65,no-pause-80,closed_loop,80,3960,3960,79.2,9.943456227156275,20.82486229812639,26.742909963140846,33.7359229680078,true
66,no-pause-80,open_loop,80,4000,3999,80,8.906905398809613,16.61074230358645,21.73242625119019,36.86831280373008,true
66,no-pause-80,closed_loop,80,3958,3957,79.16,9.979001531435642,20.805943825696886,28.12131417022465,42.561196842107165,true
67,no-pause-80,open_loop,80,4000,3999,80,8.850439930116409,15.991922075998446,20.56959859374001,44.729676907933026,true
67,no-pause-80,closed_loop,80,3950,3949,79,10.264127250557067,21.821141841206554,28.804345916832972,45.48171512041881,true
68,no-pause-80,open_loop,80,4000,3999,80,8.878486452220386,16.57300936555839,21.362526461074594,34.282347331933124,true
68,no-pause-80,closed_loop,80,3950,3949,79,10.321615233180637,21.47867313176903,28.856138055522024,45.25337363973813,true
69,no-pause-80,open_loop,80,4000,4000,80,8.88484685246658,16.666121219132037,21.240494077188487,30.812622196441225,true
69,no-pause-80,closed_loop,80,3956,3956,79.12,9.96365666845304,22.124474449068657,29.143167112859373,49.91967373384614,true
70,no-pause-80,open_loop,80,4000,4000,80,9.032190693425946,16.614999264347716,21.581037435433245,29.832361170054355,true
70,no-pause-80,closed_loop,80,3956,3956,79.12,10.007401091592328,21.4427032260719,28.179435550162452,47.91704563128587,true
71,no-pause-80,open_loop,80,4000,3999,80,8.988570006717055,17.2633941042659,22.812051053006144,36.450456264068634,true
71,no-pause-80,closed_loop,80,3951,3950,79.02,10.207098776802013,21.958989639133506,30.827978935329156,43.327353135679004,true
72,no-pause-80,open_loop,80,4000,3999,80,8.957424541069486,16.724586417953105,21.031626281859644,30.467705824688892,true
72,no-pause-80,closed_loop,80,3951,3951,79.02,10.151865790008742,21.50930026511196,30.5696748287628,51.62022554944815,true
73,no-pause-80,open_loop,80,4000,3999,80,8.920678399161261,17.08286107019012,22.639842961059912,30.696496832813864,true
73,no-pause-80,closed_loop,80,3956,3955,79.12,10.050298313013627,21.40235716598545,29.13738744564762,41.915999157299666,true
74,no-pause-80,open_loop,80,4000,4000,80,8.812579466226452,16.05504988345274,20.028265565484617,30.222496894784854,true
74,no-pause-80,closed_loop,80,3958,3956,79.16,9.981800801400823,21.01875413750895,27.384918190226017,40.3794541425159,true
75,no-pause-80,open_loop,80,4000,3999,80,8.837663485765006,16.331302458551363,21.381313365905953,38.81702728925302,true
75,no-pause-80,closed_loop,80,3956,3955,79.12,10.148879365464381,20.873583712433174,28.278328251602943,39.1460907792989,true
76,no-pause-80,open_loop,80,4000,3999,80,8.817532800523622,16.60514744968168,21.744773173631984,33.663594376172114,true
76,no-pause-80,closed_loop,80,3960,3959,79.2,10.024346604914172,20.82653581285558,27.47290004578099,43.03636033570365,true
77,no-pause-80,open_loop,80,4000,4000,80,8.88766974205646,16.684906307076744,22.00921289786129,34.30152770389395,true
77,no-pause-80,closed_loop,80,3956,3955,79.12,10.03416399717753,21.83615563494095,29.08798053186183,44.338584349141456,true
78,no-pause-80,open_loop,80,4000,3999,80,8.91097754209477,16.420231263266032,22.170146858396038,36.32954465749026,true
78,no-pause-80,closed_loop,80,3955,3954,79.1,10.066282280211453,22.227960185284246,28.82761219337408,42.51513779615925,true
79,no-pause-80,open_loop,80,4000,3999,80,8.997609528551038,16.332932850942598,20.326985945728666,30.33111857221229,true
79,no-pause-80,closed_loop,80,3947,3946,78.94,10.233101029101817,22.172649258391175,30.63101111760625,60.741676197663764,true
80,no-pause-80,open_loop,80,4000,3999,80,9.01897609329535,16.649103284071316,21.785138962857673,38.099359555861156,true
80,no-pause-80,closed_loop,80,3955,3955,79.1,10.127649775486134,21.179090076402645,26.63629426141415,39.18259581114762,true
81,no-pause-80,open_loop,80,4000,4000,80,9.033384299294994,16.89875036374724,21.890204568204354,30.739038683132094,true
81,no-pause-80,closed_loop,80,3954,3954,79.08,10.251806417240005,20.995357600200805,27.507556465207017,48.95420511471457,true
82,no-pause-80,open_loop,80,4000,3999,80,8.947620204377017,16.48291282646096,21.18364690857925,36.2964867479277,true
82,no-pause-80,closed_loop,80,3950,3949,79,10.373991379085055,21.395803567367693,30.876974169323148,55.60104616782337,true
83,no-pause-80,open_loop,80,4000,4000,80,8.877856489540136,17.478937681102252,25.603750030459196,52.08010320059111,true
83,no-pause-80,closed_loop,80,3960,3958,79.2,10.00626398903114,20.45120267339371,27.96930906081252,43.09432512992498,true
84,no-pause-80,open_loop,80,4000,3999,80,9.003529302637617,17.04068422113778,21.901635606722266,30.71839206013101,true
84,no-pause-80,closed_loop,80,3953,3952,79.06,10.171755123199546,21.352344922393968,28.802776264186832,41.91835137621456,true
85,no-pause-80,open_loop,80,4000,4000,80,8.938044548631296,16.78638578436221,22.379797288442205,34.671885610034224,true
85,no-pause-80,closed_loop,80,3957,3956,79.14,9.999214931456663,21.519322518041008,29.515837807521166,41.998382805461006,true
86,no-pause-80,open_loop,80,4000,4000,80,8.895912853331538,16.77956421844283,22.693556614867703,32.10210901049504,true
86,no-pause-80,closed_loop,80,3949,3949,78.98,10.434820006761583,22.262341182213277,29.87629325027956,47.710945509265,true
87,no-pause-80,open_loop,80,4000,3999,80,8.956634203437716,16.53190638091837,21.454568676275812,32.306628801012266,true
87,no-pause-80,closed_loop,80,3955,3955,79.1,10.061861015172326,21.203433416769258,28.94356180050454,45.178640957703465,true
88,no-pause-80,open_loop,80,4000,4000,80,8.801234361477327,16.289412423640897,21.036885378081934,32.665021783777775,true
88,no-pause-80,closed_loop,80,3947,3946,78.94,10.362669492453279,22.597336884728065,28.79111029715932,39.03816067365551,true
89,no-pause-80,open_loop,80,4000,3999,80,8.8505468667463,16.251407509647834,21.114589361728576,34.73475058103213,true
89,no-pause-80,closed_loop,80,3951,3951,79.02,10.281332122161984,21.887097803888537,28.634948092621926,43.13791798964485,true
90,no-pause-80,open_loop,80,4000,4000,80,8.936978820922377,16.544568840483407,21.218325535133772,32.559456437953486,true
90,no-pause-80,closed_loop,80,3959,3956,79.18,9.989148306543939,21.418968543061055,28.599675132503762,45.40309052075827,true
91,no-pause-80,open_loop,80,4000,3999,80,8.769027178204851,16.29128446215327,20.48061465518913,30.65515403417521,true
91,no-pause-80,closed_loop,80,3959,3959,79.18,9.884537290134176,20.39997246825442,26.73589141849334,44.1364188145526,true
92,no-pause-80,open_loop,80,4000,3999,80,9.073320200499438,17.092554252438276,23.675056989555742,40.1242876355027,true
92,no-pause-80,closed_loop,80,3953,3951,79.06,10.21517466932346,22.092299162763084,28.786073021976335,49.667060293060786,true
93,no-pause-80,open_loop,80,4000,4000,80,8.906143953638093,16.830534374654235,21.805376636730216,36.31748852155579,true
93,no-pause-80,closed_loop,80,3957,3956,79.14,10.046448864828562,21.096489164061495,30.762876406588475,40.87613073843386,true
94,no-pause-80,open_loop,80,4000,3999,80,8.886387455000659,16.380923222717684,20.78802837735566,35.01083665472106,true
94,no-pause-80,closed_loop,80,3959,3958,79.18,9.97176846331422,20.371796144831023,27.287057664121676,40.39996409321611,true
95,no-pause-80,open_loop,80,4000,3999,80,8.73313360800239,15.945521999994526,20.984981661953498,37.418162888752704,true
95,no-pause-80,closed_loop,80,3959,3957,79.18,9.95021555061976,21.214320049963135,28.550691289026872,45.08000144644757,true
96,no-pause-80,open_loop,80,4000,4000,80,8.827296569437749,16.322386295003525,21.872062247930444,31.646442323399242,true
96,no-pause-80,closed_loop,80,3958,3957,79.16,10.152196621056646,20.427496249638352,25.496106046357454,37.8059230623694,true
97,no-pause-80,open_loop,80,4000,3999,80,9.029724985401117,16.639840297248156,22.583054948037898,33.37139478217432,true
97,no-pause-80,closed_loop,80,3954,3953,79.08,10.195351279740862,21.597156812807953,28.331271087223286,38.97413104365114,true
98,no-pause-80,open_loop,80,4000,3999,80,8.958779670880176,16.66370803204336,22.133468017855193,30.539382176273648,true
98,no-pause-80,closed_loop,80,3954,3953,79.08,10.133446173571429,21.553183523134066,27.6749037569316,42.614605056482105,true
99,no-pause-80,open_loop,80,4000,3999,80,8.87313123349304,16.616082120959618,21.26595901203109,35.67601761185506,true
99,no-pause-80,closed_loop,80,3953,3953,79.06,10.257292135618627,21.76777816876711,29.192765981562843,38.24523057249462,true
100,no-pause-80,open_loop,80,4000,3999,80,8.921387009053433,16.595209342223825,21.315831725765747,33.14367007914552,true
100,no-pause-80,closed_loop,80,3962,3961,79.24,10.025133285598713,19.91203658271843,27.392754076834535,37.220730217748496,true
101,no-pause-80,open_loop,80,4000,3999,80,8.88088658988272,17.05433944845572,22.355544692218245,32.905609418594395,true
101,no-pause-80,closed_loop,80,3944,3942,78.88,10.382973057749041,23.59171960074673,32.0852428010985,46.84431319023133,true
102,no-pause-80,open_loop,80,4000,3999,80,8.804100851861222,16.06824385395157,20.865396447283274,29.196321473800708,true
102,no-pause-80,closed_loop,80,3947,3947,78.94,10.172577189019648,23.17568406375358,32.32809360610918,47.48078283592258,true
103,no-pause-80,open_loop,80,4000,3999,80,8.895950026992068,16.762675175974437,21.52354509788711,48.11817051709659,true
103,no-pause-80,closed_loop,80,3955,3954,79.1,10.172598136166926,20.939782752204337,29.323373086561332,56.61399912365232,true
104,no-pause-80,open_loop,80,4000,4000,80,8.890892229374003,16.458127529316698,21.224277087909286,35.52971822298423,true
104,no-pause-80,closed_loop,80,3957,3955,79.14,9.949451156222494,21.254051427233208,28.522755835008866,44.15795041258025,true
105,no-pause-80,open_loop,80,4000,3999,80,8.804612571744656,16.37096954968729,21.41201325639122,30.060982931121544,true
105,no-pause-80,closed_loop,80,3952,3950,79.04,10.228734471369535,21.68811501131131,30.410645648589707,40.83438733982621,true
106,no-pause-80,open_loop,80,4000,3999,80,8.758691529132193,15.804268731360935,20.091080073543708,26.362032039032783,true
106,no-pause-80,closed_loop,80,3954,3954,79.08,10.02587588877941,21.69456059870936,28.775877929125272,45.89401210628421,true
107,no-pause-80,open_loop,80,4000,3999,80,8.922748192468134,16.715329020047648,22.321977805208007,35.00476130534662,true
107,no-pause-80,closed_loop,80,3957,3956,79.14,9.988057523809402,21.207565823155164,28.485857452629716,41.48659224977018,true
108,no-pause-80,open_loop,80,4000,3999,80,8.861275676197693,16.32122819619326,20.807925969897042,28.097448780819832,true
108,no-pause-80,closed_loop,80,3952,3952,79.04,10.183134494865953,21.82789297806994,28.677326443626953,43.06151086005411,true
109,no-pause-80,open_loop,80,4000,3998,80,8.845475894595438,16.343008171133988,22.179525288636796,42.94233362490559,true
109,no-pause-80,closed_loop,80,3954,3953,79.08,10.149711928461329,21.44019728593412,28.618284427233448,39.43758724750114,true
110,no-pause-80,open_loop,80,4000,3999,80,8.801103994199366,16.00161596082762,20.705011269852548,30.258488419814967,true
110,no-pause-80,closed_loop,80,3953,3952,79.06,10.165970668182126,21.270247097585525,28.96476345588235,41.05871105353799,true
111,no-pause-80,open_loop,80,4000,3999,80,8.841058100340888,16.447786921035004,20.410897890265915,28.856561993547075,true
111,no-pause-80,closed_loop,80,3956,3956,79.12,10.114242314921285,21.837944813392824,30.175929660676047,43.917258825364115,true
112,no-pause-80,open_loop,80,4000,4000,80,8.931347537713009,16.107601000883733,21.030531587930454,35.48080973622564,true
112,no-pause-80,closed_loop,80,3951,3951,79.02,10.036378033042638,22.47504908379051,31.78593954968528,57.18920543057902,true
113,no-pause-80,open_loop,80,4000,3999,80,8.93833867614012,15.997115363104967,21.643782693339745,36.39006675454584,true
113,no-pause-80,closed_loop,80,3953,3953,79.06,10.253513942065183,21.43476033297702,28.88840016588074,37.22136076079914,true
114,no-pause-80,open_loop,80,4000,3999,80,8.867856359138386,16.170246097099152,21.2209698286606,32.350928269472206,true
114,no-pause-80,closed_loop,80,3954,3954,79.08,10.14557384773434,21.23545399036084,29.322578015991894,43.024128351222316,true
115,no-pause-80,open_loop,80,4000,3999,80,8.897695745217788,16.70058690325095,22.468302684399532,34.74687711066508,true
115,no-pause-80,closed_loop,80,3958,3957,79.16,10.08353313931002,20.913343518148395,27.57029427170346,40.589142529061064,true
116,no-pause-80,open_loop,80,4000,4000,80,8.960603005201847,16.042339784300566,19.768590123290778,30.277870593607076,true
116,no-pause-80,closed_loop,80,3958,3958,79.16,10.04941142937605,21.18247782434628,28.474347526251222,42.02974978639759,true
117,no-pause-80,open_loop,80,4000,3999,80,9.012526917809737,17.346829745558352,21.77984465359623,32.45038909028517,true
117,no-pause-80,closed_loop,80,3958,3957,79.16,9.888860524974007,21.160193874427932,27.153731499907735,37.35261128374259,true
118,no-pause-80,open_loop,80,4000,3999,80,9.004655458957131,17.120282495008723,22.63124297804461,31.12456582060986,true
118,no-pause-80,closed_loop,80,3959,3959,79.18,9.936603115158505,20.876818061406084,28.38860422462494,38.554309439608915,true
119,no-pause-80,open_loop,80,4000,3999,80,8.972127531495062,16.822908830792585,21.450676543776353,32.01424296974437,true
119,no-pause-80,closed_loop,80,3958,3957,79.16,10.00122601044859,21.149702764229005,27.421791280292382,38.3329069936899,true
120,no-pause-80,open_loop,80,4000,3999,80,8.87817237895797,16.299344559130986,20.215125234193692,26.32183654336768,true
120,no-pause-80,closed_loop,80,3955,3954,79.1,10.125317074740451,20.90176857082406,27.633491605709423,46.53889791553593,true
121,no-pause-80,open_loop,80,4000,3999,80,8.865207249851665,17.145894028784824,22.656818842879147,37.871179596784714,true
121,no-pause-80,closed_loop,80,3958,3957,79.16,10.078405473483144,20.639651643643447,27.179905338089156,42.66432274002,true
122,no-pause-80,open_loop,80,4000,3999,80,8.840271605229646,16.40022366550329,22.225569193389674,31.099023734219372,true
122,no-pause-80,closed_loop,80,3950,3949,79,10.187496640863174,22.25052945252901,31.30925338031375,49.445822369205416,true
123,no-pause-80,open_loop,80,4000,4000,80,8.939638015730452,16.330658123930334,21.78393922525356,32.790563345439296,true
123,no-pause-80,closed_loop,80,3958,3957,79.16,10.138285416973304,20.826155123599165,27.377399515375146,36.44265634794283,true
124,no-pause-80,open_loop,80,4000,3999,80,8.842217692246777,16.393805962979968,21.61703642935754,40.20744718724745,true
124,no-pause-80,closed_loop,80,3956,3955,79.12,10.164696339750662,20.767858958843135,26.467469099548907,37.370714219345246,true
125,no-pause-80,open_loop,80,4000,3999,80,9.012262360483874,16.91378435086517,20.87934488413157,28.438520636314934,true
125,no-pause-80,closed_loop,80,3953,3952,79.06,10.159836154758523,21.9754806656274,28.314530829899013,39.866327831783565,true
126,no-pause-80,open_loop,80,4000,4000,80,8.770759824059496,16.245037383807357,20.829469716438325,32.80024264699023,true
126,no-pause-80,closed_loop,80,3964,3963,79.28,9.91659757650632,19.77930263838789,25.679633685882436,36.394120047778415,true
127,no-pause-80,open_loop,80,4000,3999,80,8.795561137769255,16.41824689447094,21.028456573905714,39.45933239016085,true
127,no-pause-80,closed_loop,80,3952,3951,79.04,10.143601230505737,21.980932089922135,29.02337233430444,41.82055829082674,true
128,no-pause-80,open_loop,80,4000,4000,80,8.867324751927299,16.515221353860397,21.306240540317958,34.16311728273104,true
128,no-pause-80,closed_loop,80,3955,3955,79.1,10.202731217726978,21.354614158106415,28.667789739531145,41.27458761223534,true
129,no-pause-80,open_loop,80,4000,4000,80,9.058988977856643,16.61079628780135,21.38109899101255,29.899560789264797,true
129,no-pause-80,closed_loop,80,3960,3958,79.2,9.885913881036686,20.119325790139555,27.695837649080204,51.401767204246426,true
130,no-pause-80,open_loop,80,4000,3999,80,8.825382201855973,16.191660514603427,21.875011002899555,31.59398798163602,true
130,no-pause-80,closed_loop,80,3951,3950,79.02,10.299318978155497,21.403741675861966,29.66795850921335,48.448703785410544,true
131,no-pause-80,open_loop,80,4000,3999,80,8.896613138545945,16.561535034205008,22.08474817039678,31.478097563493066,true
131,no-pause-80,closed_loop,80,3960,3959,79.2,10.061934108405694,20.50222882986418,27.71392043268861,40.98421096348466,true
132,no-pause-80,open_loop,80,4000,3999,80,8.851287361198047,15.934658287089405,20.365553895586345,29.08472074572819,true
132,no-pause-80,closed_loop,80,3961,3959,79.22,9.953815532086082,20.72725913521026,26.609647296441835,39.10380496250582,true
133,no-pause-80,open_loop,80,4000,3999,80,9.00588738006627,17.085557612481352,22.569812258938327,34.87440348717064,true
133,no-pause-80,closed_loop,80,3957,3956,79.14,10.08887606956705,21.208361133507424,26.727475736508495,34.62230705056572,true
134,no-pause-80,open_loop,80,4000,3999,80,8.86641984355083,17.079550182250387,23.427619980626332,37.0653610007721,true
134,no-pause-80,closed_loop,80,3952,3951,79.04,10.180871355931231,21.95465329669969,29.574395397481567,54.36304993162776,true
135,no-pause-80,open_loop,80,4000,4000,80,8.969868370884797,17.215546888626704,23.103076233834145,36.834491496851115,true
135,no-pause-80,closed_loop,80,3956,3955,79.12,10.056843207268685,20.86190090083437,28.37618261710304,43.841974030656274,true
136,no-pause-80,open_loop,80,4000,3999,80,8.830051912569616,15.935423951810662,20.51535102627531,32.27108543214854,true
136,no-pause-80,closed_loop,80,3955,3955,79.1,9.993915064431349,21.32978081454712,30.775878730659315,42.96249703508511,true
137,no-pause-80,open_loop,80,4000,3999,80,8.784442777201548,16.868869248351984,21.662525925203227,33.860346620385826,true
137,no-pause-80,closed_loop,80,3953,3952,79.06,10.061190061023808,21.620098278304795,29.406749633220898,46.066565048395205,true
138,no-pause-80,open_loop,80,4000,3998,80,8.942409453809887,16.784470150967536,21.227771560319525,28.81465598766954,true
138,no-pause-80,closed_loop,80,3954,3953,79.08,10.17396550077683,21.355395222060906,28.884417478933756,40.708787970368576,true
139,no-pause-80,open_loop,80,4000,3999,80,8.91715121523157,16.82242229685653,21.53172209697368,31.609513032432005,true
139,no-pause-80,closed_loop,80,3949,3948,78.98,10.25029976539372,22.355792377566104,30.15820479337708,43.998396233793756,true
140,no-pause-80,open_loop,80,4000,3999,80,8.896681559388526,16.26652451051632,21.380889495747397,33.34102358303426,true
140,no-pause-80,closed_loop,80,3961,3961,79.22,10.00519633119984,20.533487595130282,26.981518039530783,36.0432426286643,true
141,no-pause-80,open_loop,80,4000,4000,80,8.950160566051636,16.48413791416897,22.474781800490746,32.790304836242285,true
141,no-pause-80,closed_loop,80,3955,3954,79.1,10.021605657580949,21.50934808207967,28.934939167360426,48.351361553279276,true
142,no-pause-80,open_loop,80,4000,3999,80,8.872794399452687,16.336850147221412,21.779680714062124,32.06127897585975,true
142,no-pause-80,closed_loop,80,3954,3953,79.08,10.102914406146738,21.70108660641199,29.19775192627276,45.842217938712565,true
143,no-pause-80,open_loop,80,4000,4000,80,8.946750717586838,16.542631597272702,22.211135072539037,38.18968325342394,true
143,no-pause-80,closed_loop,80,3959,3958,79.18,10.109433230078139,20.585941582881787,27.52216451563072,44.51390817016363,true
144,no-pause-80,open_loop,80,4000,4000,80,8.787985852368365,16.329348655028298,22.362422543606954,38.47073270291003,true
144,no-pause-80,closed_loop,80,3953,3953,79.06,10.205031305042212,21.25192228857486,28.51262837401009,47.61865911030327,true
145,no-pause-80,open_loop,80,4000,3999,80,8.97691741111339,16.965629128477303,23.4380333730478,36.81233360858096,true
145,no-pause-80,closed_loop,80,3959,3958,79.18,9.996925030700368,20.912936942891974,28.57968403407176,41.58124805877014,true
146,no-pause-80,open_loop,80,4000,3999,80,8.954392297957384,16.553084950812263,21.79585434629007,30.645924376636685,true
146,no-pause-80,closed_loop,80,3955,3955,79.1,10.059789467344672,20.963248750093044,28.26435037884403,44.46056867081643,true
147,no-pause-80,open_loop,80,4000,3999,80,8.86306975476873,16.186165326213086,20.39276894262366,32.12810345291655,true
147,no-pause-80,closed_loop,80,3959,3958,79.18,9.933018654028274,20.5370170501119,27.262879794827313,45.719245035950735,true
148,no-pause-80,open_loop,80,4000,3999,80,8.899747831157583,16.231059200359596,20.519744091470784,29.69057532584702,true
148,no-pause-80,closed_loop,80,3963,3962,79.26,9.813345293743623,19.934924394721747,26.276166073083004,39.9343813789601,true
149,no-pause-80,open_loop,80,4000,3999,80,8.895927986690367,16.49941363543985,22.369879901347304,43.12626924945653,true
149,no-pause-80,closed_loop,80,3965,3965,79.3,9.87656926195632,19.360277639621927,25.616217403781775,42.07224393036449,true
150,no-pause-80,open_loop,80,4000,3999,80,8.868164879779215,16.301732304615143,20.59249550054301,28.70275621906694,true
150,no-pause-80,closed_loop,80,3953,3952,79.06,10.041720421460923,22.045024622922938,30.81406880938448,45.9744898958088,true
151,no-pause-80,open_loop,80,4000,3999,80,8.850328310734767,16.67339206612087,21.192145645662094,33.97317430190742,true
151,no-pause-80,closed_loop,80,3954,3953,79.08,10.169025372881151,21.944009327497042,29.464883265754906,47.284842084780394,true
152,no-pause-80,open_loop,80,4000,3999,80,8.931924147000245,16.88007136833039,21.201630808278424,29.567656505088962,true
152,no-pause-80,closed_loop,80,3962,3962,79.24,9.835873346353765,20.495013812098478,27.72665743433754,39.97782763031137,true
153,no-pause-80,open_loop,80,4000,3999,80,9.029112736498064,16.66702405850083,20.571012670254277,30.072220075060613,true
153,no-pause-80,closed_loop,80,3953,3952,79.06,10.155775543789787,21.357914690677717,28.57605720382162,47.99410425501992,true
154,no-pause-80,open_loop,80,4000,3999,80,8.849955895304447,16.331895162362343,21.863285290870408,31.01467149144446,true
154,no-pause-80,closed_loop,80,3956,3956,79.12,9.93804667580116,21.20582172684226,28.321803745762736,42.495387049340934,true
155,no-pause-80,open_loop,80,4000,4000,80,8.794151202848298,16.477516308415943,20.71642598163453,32.30281014876891,true
155,no-pause-80,closed_loop,80,3951,3949,79.02,10.223498465755256,21.741051401084405,28.372669118562044,38.5332832509157,true
156,no-pause-80,open_loop,80,4000,4000,80,8.914481731648266,16.267069253095542,20.175222820151248,28.99342045843514,true
156,no-pause-80,closed_loop,80,3955,3953,79.1,10.03726078911859,21.650000657362398,29.74881216940412,51.372109457151964,true
157,no-pause-80,open_loop,80,4000,3999,80,8.825976442902174,16.65910914732376,21.133222880635003,34.609704674221575,true
157,no-pause-80,closed_loop,80,3959,3959,79.18,9.96663786553836,20.796933398589317,25.936036847982905,35.31490263996238,true
158,no-pause-80,open_loop,80,4000,3999,80,8.88150379803119,16.56580985092296,21.483869328541914,28.576964246080024,true
158,no-pause-80,closed_loop,80,3958,3957,79.16,10.109212460403796,20.53696472266165,26.704611084256612,36.129313869307225,true
159,no-pause-80,open_loop,80,4000,4000,80,9.028873982479126,16.836311560007744,22.715266463066655,30.237649645103374,true
159,no-pause-80,closed_loop,80,3953,3951,79.06,10.192080509859807,22.626154074849183,31.42664985270676,45.15454502031389,true
160,no-pause-80,open_loop,80,4000,4000,80,8.81415310651937,16.265398920164444,21.12694448342154,32.42896792571264,true
160,no-pause-80,closed_loop,80,3953,3952,79.06,10.298875553846301,21.261904298848094,30.262618834894965,43.36236220932915,true
161,no-pause-80,open_loop,80,4000,3999,80,8.879522835413809,16.7974238586321,21.5941854810153,28.31653355130402,true
161,no-pause-80,closed_loop,80,3954,3954,79.08,9.994878612880711,21.83893183258988,29.30798926690477,45.84095450966561,true
162,no-pause-80,open_loop,80,4000,3999,80,8.811789448140189,16.42549711492029,20.590947980492274,28.33367580374761,true
162,no-pause-80,closed_loop,80,3960,3959,79.2,9.89136072502697,20.38986470042437,28.078532189792895,40.745214287575436,true
163,no-pause-80,open_loop,80,4000,4000,80,9.011619705808698,16.405783730158873,20.806625084544066,32.21554418641608,true
163,no-pause-80,closed_loop,80,3954,3953,79.08,10.068972913933976,21.796319868823048,28.5960884117776,51.77089699338103,true
164,no-pause-80,open_loop,80,4000,4000,80,8.836946790590446,16.686004915391095,21.31260097030463,35.08207224912621,true
164,no-pause-80,closed_loop,80,3958,3957,79.16,10.107151102258285,20.498633196868468,27.81757432907034,40.033617637524,true
165,no-pause-80,open_loop,80,4000,4000,80,8.713308650454564,16.002655953045178,20.44026294133073,28.909753800544422,true
165,no-pause-80,closed_loop,80,3954,3953,79.08,10.150849173762253,21.777257697634923,28.329529369992088,38.21296612791775,true
166,no-pause-80,open_loop,80,4000,4000,80,8.965609185484936,16.677536914339726,21.208816471436876,31.880914052235312,true
166,no-pause-80,closed_loop,80,3960,3960,79.2,9.900336532351503,20.6598553175063,26.864362513304513,53.550021595969156,true
167,no-pause-80,open_loop,80,4000,4000,80,8.984112221554824,17.07799807158517,22.353090793178126,31.733257011444948,true
167,no-pause-80,closed_loop,80,3951,3950,79.02,10.224094228145987,22.705852885745117,29.02679874700334,54.55741237747134,true
168,no-pause-80,open_loop,80,4000,3999,80,8.935295620722172,16.453238277892524,21.39169192918962,36.877423499625365,true
168,no-pause-80,closed_loop,80,3950,3949,79,10.35675999202067,22.269815701365587,29.012821997388528,37.741017110514804,true
169,no-pause-80,open_loop,80,4000,3999,80,8.854791654463043,16.096789547831577,20.826194704255613,37.81429191907591,true
169,no-pause-80,closed_loop,80,3958,3957,79.16,10.029845352364646,20.534193995008536,26.371117763505026,35.613869539705775,true
170,no-pause-80,open_loop,80,4000,3999,80,8.739160837518284,16.139069864751946,20.36937895513256,31.32088849475258,true
170,no-pause-80,closed_loop,80,3953,3952,79.06,10.01359783398948,21.87771220337163,29.20717804787273,46.3570322453088,true
171,no-pause-80,open_loop,80,4000,4000,80,8.786575490150426,16.385783663361508,20.861344830715097,31.65464298325969,true
171,no-pause-80,closed_loop,80,3955,3954,79.1,10.13913045021036,21.59400848651785,28.973923377147003,43.5900038500331,true
172,no-pause-80,open_loop,80,4000,3999,80,8.863460999855306,16.678611289031323,21.962415337788116,30.349338663181697,true
172,no-pause-80,closed_loop,80,3956,3955,79.12,9.961883647538343,21.793529519214644,29.284163325795816,45.562306680069014,true
173,no-pause-80,open_loop,80,4000,3999,80,8.894599273706262,16.841866533191933,22.222787304570375,28.641502596969076,true
173,no-pause-80,closed_loop,80,3951,3951,79.02,10.21971115226188,21.82113635745918,29.430844373764558,50.58215018923511,true
174,no-pause-80,open_loop,80,4000,3999,80,9.143461612718966,16.780790970828093,22.374451731742738,35.30440478822857,true
174,no-pause-80,closed_loop,80,3954,3954,79.08,10.074581445885997,21.084011440118047,28.75724949659343,42.810230519244215,true
175,no-pause-80,open_loop,80,4000,3999,80,8.8790165946848,16.68999604610326,21.769573918405513,29.774316214428836,true
175,no-pause-80,closed_loop,80,3957,3957,79.14,9.929087581323984,20.933168682066025,28.81091394985924,52.70785191626055,true
176,no-pause-80,open_loop,80,4000,3999,80,8.925567253412737,16.535310341176228,20.919539540431288,27.71535327554011,true
176,no-pause-80,closed_loop,80,3949,3948,78.98,10.28266796173557,22.299853091608384,29.278161415670183,46.886779370877775,true
177,no-pause-80,open_loop,80,4000,3998,80,8.906257180999091,16.41790520667564,20.670523299879278,29.615028406245983,true
177,no-pause-80,closed_loop,80,3959,3958,79.18,9.910543708741898,20.572426968166837,27.16064282433217,39.214036534129264,true
178,no-pause-80,open_loop,80,4000,3999,80,8.8195274155878,16.522251970112848,22.640632719492714,31.74388407713559,true
178,no-pause-80,closed_loop,80,3962,3960,79.24,9.960820883206907,20.14573467415903,27.21423754022544,42.36862871955236,true
179,no-pause-80,open_loop,80,4000,4000,80,8.993430072630872,17.25283820083132,22.411089894590987,34.865551993847475,true
179,no-pause-80,closed_loop,80,3955,3954,79.1,10.09136656724877,21.389665482181954,28.993324674022006,47.05008048743912,true
180,no-pause-80,open_loop,80,4000,4000,80,9.035003862150916,17.434974200547003,23.616403128311504,33.9826195910282,true
180,no-pause-80,closed_loop,80,3955,3955,79.1,10.140294753531634,21.762818627103115,29.331201094832068,38.59281425976951,true
181,no-pause-80,open_loop,80,4000,4000,80,9.03684698313009,16.754005240494735,22.806070988357533,37.56218251479004,true
181,no-pause-80,closed_loop,80,3957,3957,79.14,10.080311202640587,21.111817722281558,27.80819534444163,40.257219905328384,true
182,no-pause-80,open_loop,80,4000,3999,80,8.73321147779825,15.861198739308747,20.819886319124635,34.07632915468275,true
182,no-pause-80,closed_loop,80,3958,3956,79.16,10.235438000308932,21.251944377523614,27.76099113390046,35.293570206114964,true
183,no-pause-80,open_loop,80,4000,3999,80,8.734945803327719,16.25663967224682,21.144489991384035,33.96786220233844,true
183,no-pause-80,closed_loop,80,3958,3957,79.16,10.013250857711682,20.858537096733926,28.080530418708804,40.21352590814786,true
184,no-pause-80,open_loop,80,4000,3999,80,8.845604574598838,16.5958269103794,21.605093716600095,43.1417869840443,true
184,no-pause-80,closed_loop,80,3959,3959,79.18,9.905623266517068,20.678327812083808,28.10780927306041,41.14550385771145,true
185,no-pause-80,open_loop,80,4000,3999,80,8.783927749776922,16.468133453076007,21.425860049032053,44.33953972945892,true
185,no-pause-80,closed_loop,80,3951,3951,79.02,10.203759313175397,22.10679437163708,30.599993901971175,51.48817469120695,true
186,no-pause-80,open_loop,80,4000,3999,80,8.843511468352517,16.296165050196578,20.852338636352215,30.62861385789438,true
186,no-pause-80,closed_loop,80,3965,3964,79.3,9.97366148790752,19.250996303460852,24.61058338679868,38.49034585256595,true
187,no-pause-80,open_loop,80,4000,3999,80,8.965883345266775,16.939968349062838,23.48413471809181,41.86441763140465,true
187,no-pause-80,closed_loop,80,3954,3953,79.08,10.22074316209546,21.32931731176359,28.146496949062566,43.72075460933411,true
188,no-pause-80,open_loop,80,4000,3999,80,8.802385665039765,16.122510877412424,21.3831383170982,33.40681795197452,true
188,no-pause-80,closed_loop,80,3955,3954,79.1,10.189375508707599,21.665284120619617,29.747312823797984,42.927323499969134,true
189,no-pause-80,open_loop,80,4000,3999,80,8.857000247549877,16.153191817127663,20.981670955767186,37.167753944551805,true
189,no-pause-80,closed_loop,80,3952,3952,79.04,10.111180706138839,22.270805255364394,29.075450054844623,46.57762836643087,true
190,no-pause-80,open_loop,80,4000,3999,80,8.840750206982193,16.118697200763563,21.57902707428366,34.1728089242406,true
190,no-pause-80,closed_loop,80,3952,3951,79.04,10.191258160928555,21.023695737148955,28.554685326520485,43.18596245378285,true
191,no-pause-80,open_loop,80,4000,3999,80,8.881634336459683,15.828248749894556,20.215964083494327,26.582853824744234,true
191,no-pause-80,closed_loop,80,3957,3956,79.14,10.011871112175868,20.803270957665518,28.544589725373953,43.36938561133866,true
192,no-pause-80,open_loop,80,4000,4000,80,8.852561516607238,16.59178303097724,21.7513032253828,33.15612876875639,true
192,no-pause-80,closed_loop,80,3956,3956,79.12,10.089920999602327,21.213546474391478,29.159182883428002,41.71264179369609,true
193,no-pause-80,open_loop,80,4000,3999,80,8.933709394725156,16.633912142191548,22.16807766463171,41.54352656665287,true
193,no-pause-80,closed_loop,80,3953,3953,79.06,10.189846449902689,21.63827681940893,27.671235879366577,35.78600342779828,true
194,no-pause-80,open_loop,80,4000,3998,80,8.919837135348644,16.406022350183775,20.878978086751886,27.603685189384123,true
194,no-pause-80,closed_loop,80,3954,3952,79.08,10.276192694756901,21.50011665765487,27.605000311130425,38.517271338807404,true
195,no-pause-80,open_loop,80,4000,3999,80,8.910098147665849,16.682622021558927,22.165796222820063,42.27830654551508,true
195,no-pause-80,closed_loop,80,3956,3956,79.12,10.162207643064903,21.098725337797077,27.00225992326523,44.59486182132241,true
196,no-pause-80,open_loop,80,4000,3999,80,8.859108088778157,17.058407022024767,23.35307843784176,40.84037070437262,true
196,no-pause-80,closed_loop,80,3956,3956,79.12,10.098006892807462,21.3793978538597,28.754467128759643,49.75187315190669,true
197,no-pause-80,open_loop,80,4000,3999,80,8.91312426282093,16.53343261705595,22.292812452369617,29.452084772419767,true
197,no-pause-80,closed_loop,80,3950,3948,79,10.235181659802038,21.9304536480995,29.153084762110666,48.936470913904486,true
198,no-pause-80,open_loop,80,4000,3999,80,8.815378414150473,16.51351136042649,21.301054845203907,30.257899582604296,true
198,no-pause-80,closed_loop,80,3960,3960,79.2,10.023697452888882,20.49107997520332,26.887638259417145,41.103469734494865,true
199,no-pause-80,open_loop,80,4000,3999,80,8.960712127565785,16.793687433369996,22.60233925666398,35.49901942609358,true
199,no-pause-80,closed_loop,80,3955,3954,79.1,10.138419796792732,20.761163899525855,28.06764571397798,45.963060007910826,true
200,no-pause-80,open_loop,80,4000,3999,80,8.842759304423453,16.396466209507707,20.798584235009912,28.755403717819718,true
200,no-pause-80,closed_loop,80,3956,3955,79.12,10.07104945355968,21.420042068044495,28.224367899143544,42.742006507724,true
201,no-pause-80,open_loop,80,4000,3999,80,8.940779372889665,16.904506137769204,21.9846612534202,37.24120459018741,true
201,no-pause-80,closed_loop,80,3955,3955,79.1,10.147593987850996,20.728482321115735,27.594760592975945,48.15065480420526,true
202,no-pause-80,open_loop,80,4000,3999,80,8.955625659342331,17.012545671663247,21.950392225440737,31.817762948703603,true
202,no-pause-80,closed_loop,80,3949,3949,78.98,10.320891860839765,21.610755731966492,29.49968506465484,51.37414391049606,true
203,no-pause-80,open_loop,80,4000,3999,80,8.914409514727595,16.63194061325339,20.818519976870448,27.552872535779898,true
203,no-pause-80,closed_loop,80,3948,3946,78.96,10.314673005741497,22.385713114674218,30.681403298382065,50.34269426288665,true
204,no-pause-80,open_loop,80,4000,3999,80,8.915505905581085,16.66278419623268,21.433832808095758,41.827733907492075,true
204,no-pause-80,closed_loop,80,3948,3946,78.96,10.330236775764206,23.029021141883277,32.86718318425119,52.06896465665341,true
205,no-pause-80,open_loop,80,4000,4000,80,8.777767676645453,16.509084547767998,21.400124268620857,28.7303928922629,true
205,no-pause-80,closed_loop,80,3961,3959,79.22,9.952147478590632,20.36405455737986,27.53726410764284,42.18034946536136,true
206,no-pause-80,open_loop,80,4000,3999,80,8.80173372522404,16.301822909837938,20.653321824174782,33.66734440035361,true
206,no-pause-80,closed_loop,80,3949,3948,78.98,10.214252832432976,22.811098796504666,31.86652201974357,50.46660030861676,true
207,no-pause-80,open_loop,80,4000,4000,80,8.998947691266949,16.568187807002687,21.428541113520623,31.401511655749346,true
207,no-pause-80,closed_loop,80,3950,3950,79,10.229566928206623,21.86015177336958,30.52883731237671,40.64336389728123,true
208,no-pause-80,open_loop,80,4000,3999,80,8.766049033576564,15.838849641870183,21.703425171857816,29.406223578713252,true
208,no-pause-80,closed_loop,80,3951,3951,79.02,10.153006322951114,21.82981264218688,31.331306727013725,43.213028830476105,true
209,no-pause-80,open_loop,80,4000,3999,80,8.877237195287307,16.546475171848215,22.150266667435062,38.77286933284631,true
209,no-pause-80,closed_loop,80,3955,3954,79.1,10.131034121841367,21.237601401882785,30.70693177681096,44.93597415078693,true
210,no-pause-80,open_loop,80,4000,3999,80,8.690984721892164,16.49719968293357,22.03391007952814,31.696836330862425,true
210,no-pause-80,closed_loop,80,3957,3955,79.14,10.139245676131395,20.46667229490413,27.708654321766517,40.10786560956694,true
211,no-pause-80,open_loop,80,4000,4000,80,8.983651847695,17.12136045072839,22.109439509869844,38.156930322304106,true
211,no-pause-80,closed_loop,80,3952,3952,79.04,10.168334018882888,21.93372011405154,29.476192547095707,44.06160700444525,true
212,no-pause-80,open_loop,80,4000,4000,80,8.85412886710401,16.310900709286216,20.637420759769157,30.8746563591194,true
212,no-pause-80,closed_loop,80,3960,3959,79.2,10.06467103392788,20.992182425361534,26.67828855740663,40.098290672394796,true
213,no-pause-80,open_loop,80,4000,3999,80,8.917867474956438,16.273732534784358,22.763347970125324,40.2942378204134,true
213,no-pause-80,closed_loop,80,3957,3956,79.14,10.131323238631012,20.870832393324235,27.548844292708964,44.88628794275428,true
214,no-pause-80,open_loop,80,4000,3999,80,8.83511574948352,16.444459487389395,21.43529869264603,27.31554679621331,true
214,no-pause-80,closed_loop,80,3959,3958,79.18,9.932563922164263,20.818377037321625,28.448579357507697,45.793250538859866,true
215,no-pause-80,open_loop,80,4000,3999,80,8.986614482702862,17.187975510038086,24.14076509075676,37.404347607516684,true
215,no-pause-80,closed_loop,80,3951,3950,79.02,10.195933517376034,21.570582554290013,28.071896642708452,44.79982185155677,true
216,no-pause-80,open_loop,80,4000,3999,80,9.006143167505797,17.004874624522927,23.544550439095474,49.15297055685005,true
216,no-pause-80,closed_loop,80,3961,3960,79.22,9.881775778889278,20.52342916350608,26.88921324966941,41.312927987381045,true
217,no-pause-80,open_loop,80,4000,3999,80,8.872715878991585,16.19686732576156,20.736890237472835,31.24919877775028,true
217,no-pause-80,closed_loop,80,3953,3952,79.06,10.097735973380622,22.696277949944488,30.44632281964732,38.688101277293754,true
218,no-pause-80,open_loop,80,4000,3999,80,8.930596215701371,16.146961166487017,20.767650315381616,33.970251586844824,true
218,no-pause-80,closed_loop,80,3952,3951,79.04,10.299510243985424,21.769005133155588,30.553262380475644,43.22203838772111,true
219,no-pause-80,open_loop,80,4000,3999,80,8.859978095606493,16.487220773127774,21.891454334960144,32.07161644558073,true
219,no-pause-80,closed_loop,80,3952,3951,79.04,10.162547123582044,21.842749159026425,29.981527319721863,50.44636573731259,true
220,no-pause-80,open_loop,80,4000,3999,80,8.905891591777618,16.4292377061538,21.540423961516353,32.496399928648316,true
220,no-pause-80,closed_loop,80,3955,3955,79.1,10.179064948912128,21.376439202416805,27.617935568578105,44.57212259605876,true
221,no-pause-80,open_loop,80,4000,3999,80,8.851639748179878,16.904008182769758,22.019709424424946,33.93684526675861,true
221,no-pause-80,closed_loop,80,3952,3951,79.04,10.263591074013675,21.564815673764315,29.06287201003397,50.6947289549862,true
222,no-pause-80,open_loop,80,4000,3999,80,8.814593269227771,16.27324264393974,21.346296981271735,30.21761417479138,true
222,no-pause-80,closed_loop,80,3952,3949,79.04,10.11964088366949,21.954883456586685,29.525939867693523,52.272621852382144,true
223,no-pause-80,open_loop,80,4000,4000,80,8.805930121256097,16.24725089315507,21.338431060408766,38.134818069309404,true
223,no-pause-80,closed_loop,80,3956,3955,79.12,10.148595375583682,21.302363009905093,27.95613753534417,39.381173592024425,true
224,no-pause-80,open_loop,80,4000,3999,80,8.87265124537953,16.887653296296776,22.740499637708126,43.81567316330256,true
224,no-pause-80,closed_loop,80,3952,3952,79.04,10.331838027530466,21.38819532118214,30.86190328572411,52.573525516763766,true
225,no-pause-80,open_loop,80,4000,3999,80,8.947215661246446,16.459189328190405,21.033496070715046,41.13275581088419,true
225,no-pause-80,closed_loop,80,3944,3944,78.88,10.445854642268387,22.834224512531364,30.880799136357382,44.00406857001508,true
226,no-pause-80,open_loop,80,4000,4000,80,8.931490017283068,16.5298703279841,21.337108226663986,33.710650105858804,true
226,no-pause-80,closed_loop,80,3954,3954,79.08,10.137971827356523,21.408342881361023,28.53864553261519,43.01441695740505,true
227,no-pause-80,open_loop,80,4000,3999,80,8.955456546456844,16.447145114412706,20.965835042035906,28.46220980046928,true
227,no-pause-80,closed_loop,80,3956,3956,79.12,10.045382852651528,21.28950411949336,29.554993601108436,38.281654596146836,true
228,no-pause-80,open_loop,80,4000,3999,80,8.92310733677732,17.05710503715818,22.347233809192403,30.942973514615005,true
228,no-pause-80,closed_loop,80,3952,3951,79.04,10.266171151066374,22.174605673426413,29.837057382588682,48.124489222318516,true
229,no-pause-80,open_loop,80,4000,3999,80,8.955759105279867,16.190265730954707,20.73773474866175,31.973696870089043,true
229,no-pause-80,closed_loop,80,3951,3950,79.02,10.283431147683586,22.126233631506693,30.10556521849503,43.1858143623831,true
230,no-pause-80,open_loop,80,4000,4000,80,8.826528650650289,16.304181306739338,20.452617011003895,31.41000893805176,true
230,no-pause-80,closed_loop,80,3950,3949,79,10.311744507493131,21.870243561621464,28.689731328053313,37.64542220203657,true
231,no-pause-80,open_loop,80,4000,3999,80,8.886665707883367,16.866568743083917,23.34427545075596,32.2476413444092,true
231,no-pause-80,closed_loop,80,3952,3951,79.04,10.312313465188709,21.32700378691152,28.35988956712754,41.94273952630465,true
232,no-pause-80,open_loop,80,4000,3999,80,8.843068862675864,16.246887769699242,21.30006474180118,33.11290249171361,true
232,no-pause-80,closed_loop,80,3960,3959,79.2,10.04255419979745,20.051562230572017,26.32519811711245,35.383593495120294,true
233,no-pause-80,open_loop,80,4000,4000,80,9.025324095498945,17.160172698961105,22.93716790166218,47.824601391665055,true
233,no-pause-80,closed_loop,80,3952,3952,79.04,10.40341841701229,21.6779535702226,28.153353401119602,42.931680200315895,true
234,no-pause-80,open_loop,80,4000,3999,80,8.937775996389973,16.355384042886726,20.82711874445522,36.05804957955115,true
234,no-pause-80,closed_loop,80,3960,3959,79.2,9.972690944559872,20.34386935236398,26.21909469421371,46.26068437365757,true
235,no-pause-80,open_loop,80,4000,3999,80,8.857255983362847,16.694543886196698,21.19862134632058,37.33438939876578,true
235,no-pause-80,closed_loop,80,3956,3954,79.12,9.94565548189712,21.46881206864782,28.258417863697105,44.053858153321926,true
236,no-pause-80,open_loop,80,4000,3999,80,9.025402836268768,16.63517056818091,20.674087277682702,27.82263744878037,true
236,no-pause-80,closed_loop,80,3958,3958,79.16,9.959532990651496,20.95907469145459,27.524804202344967,43.88671611063546,true
237,no-pause-80,open_loop,80,4000,3999,80,8.923212195131782,16.91898807283542,22.139600416790927,32.55215618613147,true
237,no-pause-80,closed_loop,80,3953,3952,79.06,10.028436030377634,21.702906918289955,28.523930764960824,36.397710638579156,true
238,no-pause-80,open_loop,80,4000,3999,80,8.820062493941805,16.186950723069458,20.490435489420634,28.426023875304963,true
238,no-pause-80,closed_loop,80,3955,3954,79.1,10.191806550436013,20.988591640096274,27.682756063244597,46.26042876675638,true
239,no-pause-80,open_loop,80,4000,3999,80,8.933120934772887,16.664781852632586,22.79589488430065,41.60597673887969,true
239,no-pause-80,closed_loop,80,3958,3958,79.16,9.952688620309345,20.924958634997893,27.91758387491791,36.242049326418055,true
240,no-pause-80,open_loop,80,4000,3999,80,8.96331122158881,16.744542915548664,21.752427064202493,32.80813393034987,true
240,no-pause-80,closed_loop,80,3954,3953,79.08,10.115976449320442,21.49056896138063,29.328541924449382,47.985148811523686,true
241,no-pause-80,open_loop,80,4000,3999,80,8.910827960149618,16.211234462811262,20.395344232631032,30.46684750665736,true
241,no-pause-80,closed_loop,80,3963,3961,79.26,9.816897442080517,20.177810044026046,27.622077982334304,43.647598159972404,true
242,no-pause-80,open_loop,80,4000,3999,80,8.870894952357048,16.826260814106718,21.45342021118813,32.17681573794107,true
242,no-pause-80,closed_loop,80,3963,3962,79.26,9.850451266473101,20.051873096163035,26.719076370529365,50.13869170155522,true
243,no-pause-80,open_loop,80,4000,3999,80,8.875741428943002,16.93864247645979,22.360564056565636,34.3198264954699,true
243,no-pause-80,closed_loop,80,3954,3953,79.08,10.09618678386687,21.32233685247047,27.630844733099366,37.91399922020355,true
244,no-pause-80,open_loop,80,4000,3999,80,8.988680000151362,16.58393651181541,21.493438356344996,39.61015456105815,true
244,no-pause-80,closed_loop,80,3956,3956,79.12,10.225043876100244,20.86673394697209,27.91740558231686,39.29093127773376,true
245,no-pause-80,open_loop,80,4000,3998,80,8.90329785312133,17.08048588085512,21.84125623574073,33.8278593306859,true
245,no-pause-80,closed_loop,80,3960,3959,79.2,9.92215681743619,20.602949652478856,28.342628498896374,50.22395001255063,true
246,no-pause-80,open_loop,80,4000,4000,80,8.86426581559499,16.428445243298484,20.49015128170504,27.746822985973267,true
246,no-pause-80,closed_loop,80,3950,3949,79,10.324497959496512,21.96984178855928,27.19500902418804,39.971760827156686,true
247,no-pause-80,open_loop,80,4000,3999,80,8.815945425360042,16.184264486255415,20.917380618448078,34.04552464292283,true
247,no-pause-80,closed_loop,80,3961,3961,79.22,9.926230732511613,20.149704425042728,25.51681115043175,37.34695113058115,true
248,no-pause-80,open_loop,80,4000,3999,80,8.868198304448015,16.560415729709348,22.075430954486364,32.336279228031344,true
248,no-pause-80,closed_loop,80,3955,3953,79.1,10.162633608095348,21.157148102392966,28.086598765235976,45.648933540214784,true
249,no-pause-80,open_loop,80,4000,3999,80,8.8471402168434,16.173898395354627,21.679502128296008,33.769868993415,true
249,no-pause-80,closed_loop,80,3959,3959,79.18,10.162283449608367,20.4905238032934,26.792528376146947,48.71557025183574,true
250,no-pause-80,open_loop,80,4000,3999,80,8.822504042080254,16.30738586789812,20.869919471086178,29.79060795642181,true
250,no-pause-80,closed_loop,80,3957,3956,79.14,10.183338380975329,21.22509067946521,27.745338028718834,48.45220999438607,true
251,no-pause-80,open_loop,80,4000,3999,80,8.75612536483095,16.39901171148449,21.25573646126395,36.268767086119624,true
251,no-pause-80,closed_loop,80,3952,3950,79.04,10.278515394427814,21.619292556013534,29.185118449378933,53.10332971593016,true
252,no-pause-80,open_loop,80,4000,4000,80,8.878567747666239,16.26320726087215,20.92435985879274,31.575069924227137,true
252,no-pause-80,closed_loop,80,3956,3955,79.12,10.114138217562868,20.804158574246685,27.080344880763732,42.03897085384233,true
253,no-pause-80,open_loop,80,4000,3999,80,8.911088559128984,16.73072206669167,21.196602733354666,33.33425000612078,true
253,no-pause-80,closed_loop,80,3953,3952,79.06,10.142442828138883,21.442859786802728,28.54305672695773,48.155638886397355,true
254,no-pause-80,open_loop,80,4000,3999,80,8.848047072358895,16.98072107074404,22.41536285483744,40.79926243412774,true
254,no-pause-80,closed_loop,80,3951,3950,79.02,10.263840601481206,21.98175498533783,28.115273725350562,39.97764283440483,true
255,no-pause-80,open_loop,80,4000,3999,80,8.900595439619792,16.5282637363307,20.85063275774155,31.79095854440311,true
255,no-pause-80,closed_loop,80,3960,3959,79.2,9.934985515232256,20.87106980085082,27.110816855871235,41.27095671836287,true
256,no-pause-80,open_loop,80,4000,4000,80,8.808025473568705,16.742624747068476,23.039094888612453,38.4017755044697,true
256,no-pause-80,closed_loop,80,3958,3957,79.16,10.05676858654624,20.566161454145913,28.219734185746347,48.26356797509652,true
257,no-pause-80,open_loop,80,4000,3999,80,8.826798968333605,16.30381866366224,20.559761257065475,30.217079279951577,true
257,no-pause-80,closed_loop,80,3954,3953,79.08,10.293057456721726,21.457195934945048,27.897648277481494,38.75500654993084,true
258,no-pause-80,open_loop,80,4000,3999,80,8.8371057448785,16.04486534607713,20.16324778683338,27.95166373280881,true
258,no-pause-80,closed_loop,80,3958,3957,79.16,9.929557188883336,20.888578076577687,28.610955929027114,52.52829030438261,true
259,no-pause-80,open_loop,80,4000,3999,80,8.990041859287885,16.8936419059537,22.250361840753612,38.177729706832906,true
259,no-pause-80,closed_loop,80,3955,3954,79.1,10.219012304623902,21.60832909653982,26.84129039922118,36.56251462635555,true
260,no-pause-80,open_loop,80,4000,3999,80,8.910466838089633,16.37921221540455,20.452882218698505,32.988204187910014,true
260,no-pause-80,closed_loop,80,3959,3958,79.18,10.011317065438561,20.58416327302257,27.640184705272986,40.61022948376922,true
261,no-pause-80,open_loop,80,4000,3999,80,8.827203399279824,15.930990630393353,20.837256298194916,28.99963931691309,true
261,no-pause-80,closed_loop,80,3961,3961,79.22,9.827842539983976,20.450963385461364,26.396688371260097,34.495358952874085,true
262,no-pause-80,open_loop,80,4000,3999,80,8.99064004900356,16.182941773102357,20.855946391064208,32.34578661173873,true
262,no-pause-80,closed_loop,80,3957,3955,79.14,10.13772933493965,21.139544495312293,27.394547011735995,46.95062404651253,true
263,no-pause-80,open_loop,80,4000,3999,80,8.86817713241544,16.272042264601623,20.669081073818234,31.28172233742407,true
263,no-pause-80,closed_loop,80,3955,3955,79.1,10.222294251361745,21.349396455436363,28.473568364875973,40.542134655072005,true
264,no-pause-80,open_loop,80,4000,3999,80,8.968742404023942,17.110674517829466,23.063443795708736,30.47229399929347,true
264,no-pause-80,closed_loop,80,3952,3952,79.04,10.382061485081067,21.76068341304199,27.88108361909508,42.014017322377185,true
265,no-pause-80,open_loop,80,4000,3999,80,9.057271383360785,16.822096914738722,21.62222189851309,42.70908716321355,true
265,no-pause-80,closed_loop,80,3953,3952,79.06,10.066896282114612,22.488794516058988,29.298964256318868,40.38619749544887,true
266,no-pause-80,open_loop,80,4000,3999,80,8.84153129268816,16.80692873361113,21.536657536184066,29.399244450869446,true
266,no-pause-80,closed_loop,80,3954,3954,79.08,10.043917808901824,21.350252752396045,28.5835256330829,45.84650905548915,true
267,no-pause-80,open_loop,80,4000,3999,80,8.87676494067091,16.683414343446202,22.348916029310203,33.28350156712986,true
267,no-pause-80,closed_loop,80,3959,3959,79.18,10.06133746534033,20.293053687739302,26.92730824582395,42.61410832346155,true
268,no-pause-80,open_loop,80,4000,3999,80,8.872566066100262,16.497274742547233,21.591348549118266,30.43720661811676,true
268,no-pause-80,closed_loop,80,3954,3953,79.08,10.169992021219514,21.622377657498873,27.58392301169806,39.88399401737115,true
269,no-pause-80,open_loop,80,4000,3999,80,8.83988637643779,16.09523469411215,20.758444206057902,43.34446378035136,true
269,no-pause-80,closed_loop,80,3960,3958,79.2,10.159533470017777,19.94330711465591,25.851012252074725,37.77868226485225,true
270,no-pause-80,open_loop,80,4000,3999,80,8.932888239593012,16.486310972293722,21.423598004548694,31.00973992303625,true
270,no-pause-80,closed_loop,80,3956,3956,79.12,10.037806521948369,21.645927190103976,29.55011679204472,40.90632009757246,true
271,no-pause-80,open_loop,80,4000,3999,80,8.816349758242723,15.996212851874589,20.537092107540957,29.119851371386176,true
271,no-pause-80,closed_loop,80,3954,3953,79.08,10.180685147548502,21.412116636362043,27.000398092637624,36.95857548455024,true
272,no-pause-80,open_loop,80,4000,3999,80,8.925632929167477,16.606204475181585,21.695949000953988,30.20301038796606,true
272,no-pause-80,closed_loop,80,3961,3959,79.22,10.037759650273074,20.279317397529667,26.59274208568968,37.4866745555737,true
273,no-pause-80,open_loop,80,4000,3999,80,8.733880027808482,16.134894992377667,20.98970154185372,29.393413789708575,true
273,no-pause-80,closed_loop,80,3954,3953,79.08,10.217387052256527,21.6855780775295,27.36958306505403,39.01882385608042,true
274,no-pause-80,open_loop,80,4000,4000,80,8.991042789384665,16.783108839488705,22.127678921962797,35.06521580239496,true
274,no-pause-80,closed_loop,80,3954,3953,79.08,10.179583708115388,21.49958668900217,28.5401112539912,43.35092685148993,true
275,no-pause-80,open_loop,80,4000,3999,80,8.895075490147065,16.53556054225919,20.70296702075575,30.582793197361752,true
275,no-pause-80,closed_loop,80,3958,3956,79.16,10.072737758378935,20.679729230287194,26.479101844815887,38.87021157608979,true
276,no-pause-80,open_loop,80,4000,3999,80,9.03922798543499,16.943153158217683,22.09882008678869,29.020647722602007,true
276,no-pause-80,closed_loop,80,3951,3950,79.02,10.310169953256263,21.873283243483456,28.773173577828857,48.34544415228447,true
277,no-pause-80,open_loop,80,4000,3999,80,8.955000912705145,16.93513610163791,21.188742943209945,27.789923926902702,true
277,no-pause-80,closed_loop,80,3959,3959,79.18,9.850519383893698,20.49185864890387,27.83237232893225,39.522551963054866,true
278,no-pause-80,open_loop,80,4000,4000,80,8.886946896353038,16.665317684348338,21.794001362899508,32.096982107905205,true
278,no-pause-80,closed_loop,80,3948,3947,78.96,10.22137189856221,22.823729458847083,29.98223636613693,49.54294993398071,true
279,no-pause-80,open_loop,80,4000,4000,80,8.760079774132464,16.222721535574237,20.283773755414586,27.405399364328332,true
279,no-pause-80,closed_loop,80,3961,3960,79.22,9.890665282178816,20.61019313982979,26.475599518093077,38.62933278807759,true
280,no-pause-80,open_loop,80,4000,3999,80,8.952418404223863,16.302670927834697,21.16044609661185,29.080450254310563,true
280,no-pause-80,closed_loop,80,3951,3950,79.02,10.458600544807268,21.796423141247942,27.78594139888446,40.644198803885956,true
281,no-pause-80,open_loop,80,4000,4000,80,8.969359744518442,16.651543119303824,21.77377125264684,30.79784081282196,true
281,no-pause-80,closed_loop,80,3960,3958,79.2,9.973478455496661,20.771256128940877,27.925195130432257,51.61516977089195,true
282,no-pause-80,open_loop,80,4000,4000,80,8.955170290762908,16.96091863267793,23.94871427003818,40.62938550938998,true
282,no-pause-80,closed_loop,80,3954,3953,79.08,10.17601897604618,21.35168725087169,28.83346106038516,41.8121368611246,true
283,no-pause-80,open_loop,80,4000,4000,80,8.93846240161838,16.66301521027708,21.484146654467622,35.84051704947524,true
283,no-pause-80,closed_loop,80,3956,3955,79.12,10.022767012946133,21.656206469531753,29.752922575440607,42.15836754858174,true
284,no-pause-80,open_loop,80,4000,3999,80,8.916237973549869,16.823005588837987,22.072722735036223,35.35960223896109,true
284,no-pause-80,closed_loop,80,3952,3951,79.04,9.992320823082991,21.825574230715574,30.10513490629819,40.5949423753118,true
285,no-pause-80,open_loop,80,4000,3999,80,8.979068228069082,16.714540041397413,20.765705347766925,29.266436102718217,true
285,no-pause-80,closed_loop,80,3955,3954,79.1,10.140596944635035,21.116011174170126,27.566340573030175,42.736508145419066,true
286,no-pause-80,open_loop,80,4000,3999,80,8.865237013000296,16.237728331390826,21.139080583205214,36.47683343353856,true
286,no-pause-80,closed_loop,80,3948,3948,78.96,10.306168281676946,22.69868418322585,32.795857867353334,57.463685150723904,true
287,no-pause-80,open_loop,80,4000,4000,80,8.865674436281552,16.43429680544068,21.10935265529406,30.114275372267002,true
287,no-pause-80,closed_loop,80,3950,3947,79,10.290818752910127,22.492643245008367,29.625265986476734,40.704204169982404,true
288,no-pause-80,open_loop,80,4000,4000,80,8.864773701796366,16.56731901401872,21.27127362336614,35.77933451376157,true
288,no-pause-80,closed_loop,80,3955,3954,79.1,10.169005019666656,21.09104292214579,27.796238919625466,50.94153327938693,true
289,no-pause-80,open_loop,80,4000,4000,80,8.936871953694208,16.348741090037947,22.06959010229184,31.660072133421636,true
289,no-pause-80,closed_loop,80,3950,3949,79,10.260950668358419,21.873498155782727,28.836225660219498,38.539292683541134,true
290,no-pause-80,open_loop,80,4000,3999,80,8.873461095372477,16.687808357019094,21.30193655273615,35.76048796287432,true
290,no-pause-80,closed_loop,80,3955,3954,79.1,10.14010818089082,21.385150871770747,29.73369940183693,48.290732283028774,true
291,no-pause-80,open_loop,80,4000,3999,80,8.954330428605317,16.48087220216985,22.162482426188944,39.478114786354126,true
291,no-pause-80,closed_loop,80,3956,3956,79.12,10.042769073013915,21.236527925822884,28.907922300568316,39.31421642271016,true
292,no-pause-80,open_loop,80,4000,3999,80,8.911753968845005,16.295364333534962,20.910049166464887,36.02946130654891,true
292,no-pause-80,closed_loop,80,3955,3955,79.1,10.148448495790944,20.80428819311419,27.13458018782694,42.26716257915541,true
293,no-pause-80,open_loop,80,4000,3999,80,8.940064526788774,16.824496354922303,22.600020321777265,36.662998968196916,true
293,no-pause-80,closed_loop,80,3955,3955,79.1,10.10742927649153,21.4101738367317,27.67931041378324,45.02207441184146,true
294,no-pause-80,open_loop,80,4000,3999,80,8.824541192945617,15.872351285390323,20.45688802897348,33.99622836053095,true
294,no-pause-80,closed_loop,80,3956,3955,79.12,10.120112100739789,21.29759733418905,28.575922025929685,37.734497606965306,true
295,no-pause-80,open_loop,80,4000,4000,80,8.87260482704005,16.45842302118035,21.43732199117221,39.94494366252184,true
295,no-pause-80,closed_loop,80,3957,3957,79.14,10.033844024284917,21.314074898886247,28.78822727035913,51.533149431892525,true
296,no-pause-80,open_loop,80,4000,3999,80,8.890409737898153,16.85361450079654,22.013191443229516,34.02772668844409,true
296,no-pause-80,closed_loop,80,3953,3952,79.06,10.203310203876754,21.266809291704703,28.276480644984986,45.12711790117828,true
297,no-pause-80,open_loop,80,4000,3999,80,8.842602482443908,16.759020420253364,20.931591892374854,26.45442494978488,true
297,no-pause-80,closed_loop,80,3955,3953,79.1,10.197040666957037,21.530163296289174,27.537976053194143,43.36439943403457,true
298,no-pause-80,open_loop,80,4000,3999,80,9.035454671931802,16.73431572012305,21.350493282508978,34.18232644437376,true
298,no-pause-80,closed_loop,80,3957,3956,79.14,10.125144201248986,21.04137957905914,28.129831077249037,42.34377881414548,true
299,no-pause-80,open_loop,80,4000,4000,80,8.982931932601787,16.443869844222718,22.128597696791985,31.170881977901445,true
299,no-pause-80,closed_loop,80,3953,3953,79.06,10.288004864913091,21.186225243014633,29.3310864805826,39.167273243328964,true
300,no-pause-80,open_loop,80,4000,4000,80,8.889803155136178,16.938447486099903,22.061067125192494,33.539551397298055,true
300,no-pause-80,closed_loop,80,3956,3955,79.12,10.136658216739306,20.937263420113595,27.208566867739137,40.02111106988741,true
301,no-pause-80,open_loop,80,4000,3999,80,8.85136831994896,15.958614992927323,21.23168591720605,36.62501540968515,true
301,no-pause-80,closed_loop,80,3954,3953,79.08,10.214272178782267,20.98697075016389,28.574910859115334,44.988235121742036,true
302,no-pause-80,open_loop,80,4000,3999,80,8.944743285916047,16.30101829690102,21.513357525713218,37.45029941147368,true
302,no-pause-80,closed_loop,80,3954,3953,79.08,10.018220202990051,22.20451296421379,29.35389728703194,42.72196551595698,true
303,no-pause-80,open_loop,80,4000,3999,80,8.862212703770638,16.09821460758394,20.61797305620712,35.523374151329335,true
303,no-pause-80,closed_loop,80,3953,3952,79.06,10.193781527614192,21.67581136631634,30.744055824849056,52.15467563258062,true
304,no-pause-80,open_loop,80,4000,3998,80,8.864144287559611,16.52849724159205,21.246199432822323,35.12313200242352,true
304,no-pause-80,closed_loop,80,3960,3958,79.2,10.160475764831062,20.289832801952798,27.29863999222289,44.04684389457543,true
305,no-pause-80,open_loop,80,4000,3999,80,8.728055656865763,15.785637036933622,19.95724394437275,27.360226396845974,true
305,no-pause-80,closed_loop,80,3950,3950,79,10.213509968682047,21.567215190087154,28.757533431509728,44.38299798469234,true
306,no-pause-80,open_loop,80,4000,3999,80,8.960689181360067,17.158802092926635,22.171302130816912,29.445959027521894,true
306,no-pause-80,closed_loop,80,3960,3958,79.2,10.166192408509232,20.67893101401387,26.355315848224564,43.51969109081983,true
307,no-pause-80,open_loop,80,4000,4000,80,8.774500826828444,16.006580199680684,22.056207585381344,35.23153307811299,true
307,no-pause-80,closed_loop,80,3954,3954,79.08,10.03502914832643,21.413212156527152,27.90148915786267,40.716802029179235,true
308,no-pause-80,open_loop,80,4000,4000,80,8.867515226957039,16.255960242699075,20.96030577681813,30.83908888073711,true
308,no-pause-80,closed_loop,80,3964,3963,79.28,9.888837294616678,19.81633223091194,25.790387486864347,39.362886396891554,true
309,no-pause-80,open_loop,80,4000,4000,80,9.01483476858266,17.248225044597348,22.506634176701482,32.88924159697126,true
309,no-pause-80,closed_loop,80,3953,3953,79.06,10.079365534133103,21.960661098972196,27.935432867212512,39.91862140167359,true
310,no-pause-80,open_loop,80,4000,4000,80,8.826123972183268,16.364108094741823,20.962469647596663,30.179216857890424,true
310,no-pause-80,closed_loop,80,3958,3957,79.16,9.985154201640398,20.96926043035637,28.33037159423111,42.46148069168703,true
311,no-pause-80,open_loop,80,4000,3999,80,9.012843561926275,16.15204012551112,20.90869757613109,25.891984160829452,true
311,no-pause-80,closed_loop,80,3955,3954,79.1,10.162290594602382,20.66292955177778,28.306342828596826,39.2878111071841,true
312,no-pause-80,open_loop,80,4000,4000,80,8.844975274261742,15.900713617718793,20.06356793078703,27.615509801511507,true
312,no-pause-80,closed_loop,80,3956,3956,79.12,10.105831717322872,21.242665801481053,28.945801928864967,42.830133109582675,true
313,no-pause-80,open_loop,80,4000,3999,80,8.816480243145634,16.225571731985838,22.462139847884828,35.89360896288417,true
313,no-pause-80,closed_loop,80,3960,3959,79.2,10.078010416109464,20.145121813882724,26.387995160479477,38.484342252719216,true
314,no-pause-80,open_loop,80,4000,4000,80,8.941474158578785,16.910302380043504,21.88945593885728,35.12597506147722,true
314,no-pause-80,closed_loop,80,3963,3961,79.26,9.878560098986782,20.241549550075433,27.386177653628692,33.99405702341028,true
315,no-pause-80,open_loop,80,4000,3999,80,8.805768180322048,16.653325200852123,21.513868994479708,29.721136284904787,true
315,no-pause-80,closed_loop,80,3954,3954,79.08,10.207865615331684,21.538694249724358,28.766813458074466,44.98657502476999,true
316,no-pause-80,open_loop,80,4000,3999,80,8.962821209708636,16.612821305832767,21.53254358313643,29.214441959331452,true
316,no-pause-80,closed_loop,80,3947,3946,78.94,10.432616292519015,22.507361654701526,28.49660995072918,65.24439023821105,true
317,no-pause-80,open_loop,80,4000,3999,80,8.784415734164213,16.133002217509784,21.54613223825072,36.50511843107961,true
317,no-pause-80,closed_loop,80,3958,3956,79.16,9.971425370582438,20.96036167418788,27.81286162167089,42.035053321755186,true
318,no-pause-80,open_loop,80,4000,3999,80,8.839804783092404,17.01454650074811,21.89991165149877,35.31593074485863,true
318,no-pause-80,closed_loop,80,3950,3950,79,10.245290854487394,22.502906913468905,29.941350743238218,50.05754479501411,true
319,no-pause-80,open_loop,80,4000,4000,80,8.860726444829197,16.632123446084734,21.499448329883307,29.08474779790049,true
319,no-pause-80,closed_loop,80,3953,3952,79.06,10.113193757315457,22.105472124330845,30.21510369401949,45.46108523861767,true
320,no-pause-80,open_loop,80,4000,4000,80,8.88554256142379,16.473719020097633,21.370165032007208,34.82109037975897,true
320,no-pause-80,closed_loop,80,3960,3959,79.2,9.852893214498181,21.020342649604572,28.766338766356057,46.414361808510876,true
1,rare-pause-80,open_loop,80,4000,3980,80,9.073481894432916,87.2414502115571,361.43921430542105,416.0294344213107,false
1,rare-pause-80,closed_loop,80,3896,3880,77.92,10.07290226936675,22.791307428720756,358.77590451576543,414.92131906866416,false
2,rare-pause-80,open_loop,80,4000,4000,80,9.177277001130278,120.02431851279107,344.48565716329176,414.7915284457267,false
2,rare-pause-80,closed_loop,80,3892,3892,77.84,10.22044034937062,22.684603372785205,38.51928853834215,425.98158470847557,true
3,rare-pause-80,open_loop,80,4000,3999,80,9.03674223955386,75.67400258279304,348.76478106755167,409.9805110444722,false
3,rare-pause-80,closed_loop,80,3901,3900,78.02,10.007810058406903,21.424564650375032,33.57175159399412,410.4362097798621,true
4,rare-pause-80,open_loop,80,4000,3999,80,9.104820706412283,62.95259286274813,345.23260506820225,414.9166609726817,false
4,rare-pause-80,closed_loop,80,3894,3893,77.88,10.273954265685461,22.649307131650858,38.62788171521606,407.9023317875399,true
5,rare-pause-80,open_loop,80,4000,3977,80,9.258278295506898,166.33894034711557,373.9711093971273,422.38287939885777,false
5,rare-pause-80,closed_loop,80,3878,3876,77.56,9.747334519302967,21.73779836382164,366.86554137748317,420.08417406459193,false
6,rare-pause-80,open_loop,80,4000,3999,80,9.029893640748924,38.19564189068478,340.3793483528025,412.27043766934,false
6,rare-pause-80,closed_loop,80,3888,3888,77.76,10.348184139824298,22.968573951271537,39.509576397606,430.2094481926688,true
7,rare-pause-80,open_loop,80,4000,3992,80,9.141754174323069,121.5884332347996,368.6714272761528,430.9229289608047,false
7,rare-pause-80,closed_loop,80,3895,3890,77.9,9.952959480535355,21.87822140935168,49.04302218489465,421.9238353237488,true
8,rare-pause-80,open_loop,80,4000,3999,80,9.193435190776654,58.40038942850151,343.21457511236076,410.90918468269956,false
8,rare-pause-80,closed_loop,80,3897,3893,77.94,10.102845713881834,23.050935329207277,42.480745906812444,415.32497565654194,true
9,rare-pause-80,open_loop,80,4000,3970,80,9.254593232100888,120.60993737169338,361.2879732988622,411.93695161938376,false
9,rare-pause-80,closed_loop,80,3876,3866,77.52,10.238913564913673,22.092008059713407,357.041294787432,413.87887030683487,false
10,rare-pause-80,open_loop,80,4000,3999,80,9.187851026556018,52.617334509392094,330.7372655240688,414.66237662872663,false
10,rare-pause-80,closed_loop,80,3895,3895,77.9,10.018576062298962,22.390852282034757,40.476176694512105,409.2880153541046,true
11,rare-pause-80,open_loop,80,4000,3981,80,9.258936072581491,83.70210402166413,359.9666351475389,413.14347741288293,false
11,rare-pause-80,closed_loop,80,3890,3874,77.8,10.275925544912752,23.359810112080595,365.66831374619505,408.9247578425202,false
12,rare-pause-80,open_loop,80,4000,3999,80,9.184009262316977,41.25088106485782,337.37851355906605,408.1828312220023,false
12,rare-pause-80,closed_loop,80,3897,3897,77.94,10.125687102739903,22.391510164707142,36.49736158415908,412.3872490953436,true
13,rare-pause-80,open_loop,80,4000,3999,80,9.273996549520234,92.74921317511325,348.00635814428824,416.3062356718219,false
13,rare-pause-80,closed_loop,80,3894,3894,77.88,10.12376532923372,23.073845782477292,34.120881857772474,415.56841472050655,true
14,rare-pause-80,open_loop,80,4000,3983,80,9.332808816703619,169.08118061369169,360.5742614841729,412.93196582949895,false
14,rare-pause-80,closed_loop,80,3867,3866,77.34,10.155103533848887,23.909764576827,359.76434420865917,417.02153738378547,false
15,rare-pause-80,open_loop,80,4000,3999,80,9.191849333117716,72.74990646914739,354.18862192852976,431.917852844148,false
15,rare-pause-80,closed_loop,80,3895,3895,77.9,10.106267598559498,21.19134470307472,34.41700858056174,419.620598655747,true
16,rare-pause-80,open_loop,80,4000,3990,80,9.279553874119301,168.9073467462149,369.88879590915894,414.0507199757194,false
16,rare-pause-80,closed_loop,80,3863,3862,77.26,10.262473160331865,22.953616262479045,374.5983644757289,442.999506289485,false
17,rare-pause-80,open_loop,80,4000,3999,80,9.250397957763198,47.35550498703378,341.9600448184756,406.5600435023807,false
17,rare-pause-80,closed_loop,80,3897,3897,77.94,10.161723229848576,22.993317775610194,36.17857505224674,410.2894293531317,true
18,rare-pause-80,open_loop,80,4000,3999,80,9.190369749856472,62.79461870001251,339.72725737147994,414.67589815788233,false
18,rare-pause-80,closed_loop,80,3897,3895,77.94,10.257206741942355,22.354959415908525,39.09721681582596,416.0364201882112,true
19,rare-pause-80,open_loop,80,4000,3982,80,9.259682589774457,169.8174463148971,370.9883045816605,419.7462014023513,false
19,rare-pause-80,closed_loop,80,3864,3864,77.28,10.15097653184057,22.664653510888456,362.63618391363707,411.14315127945156,false
20,rare-pause-80,open_loop,80,4000,4000,80,9.126925554508489,57.169794578403526,350.1547404921548,420.5140159886796,false
20,rare-pause-80,closed_loop,80,3894,3893,77.88,10.274806783840177,22.81704308637927,34.17557723743448,414.0747832668276,true
21,rare-pause-80,open_loop,80,4000,3999,80,9.089149712033759,35.82839725807935,331.4863635043803,408.1716276328734,false
21,rare-pause-80,closed_loop,80,3892,3891,77.84,10.338555111724418,22.264967141287343,36.36658408758376,421.04712743062555,true
22,rare-pause-80,open_loop,80,4000,3995,80,9.321686026909447,180.09021977204247,364.49201575879124,418.22847190538596,false
22,rare-pause-80,closed_loop,80,3856,3856,77.12,10.548246485501295,24.422346910741908,368.9125861625944,415.3548103670473,false
23,rare-pause-80,open_loop,80,4000,3985,80,9.249754534634121,160.8023562236922,362.38804172431264,412.6416265297521,false
23,rare-pause-80,closed_loop,80,3866,3863,77.32,10.453641222084116,22.226864481046505,363.83699398887256,423.62739625616086,false
24,rare-pause-80,open_loop,80,4000,3989,80,9.382286643824045,231.80691229130753,374.5884037048454,408.2242472399157,false
24,rare-pause-80,closed_loop,80,3863,3862,77.26,10.247094566675514,22.999112164656253,370.6076156139243,422.34274332678615,false
25,rare-pause-80,open_loop,80,4000,4000,80,9.101366710034199,81.95739569261787,341.096177189851,414.58224846149096,false
25,rare-pause-80,closed_loop,80,3897,3896,77.94,10.267871021693281,22.25016286175014,35.98767181328003,409.6606958501616,true
26,rare-pause-80,open_loop,80,4000,3999,80,9.100169749690394,27.553836049191887,327.1446522873921,416.61930769822357,false
26,rare-pause-80,closed_loop,80,3899,3898,77.98,10.243210012795316,21.541144494800392,32.31598226872302,415.61923734763695,true
27,rare-pause-80,open_loop,80,4000,3999,80,9.108630736845953,75.39017215097192,342.71292822815303,416.63679502797095,false
27,rare-pause-80,closed_loop,80,3895,3894,77.9,10.34012373879159,22.225634645859827,39.39360156920884,409.499047997615,true
28,rare-pause-80,open_loop,80,4000,3999,80,9.185161576591781,63.506229884471395,356.1747464179134,420.85907949767716,false
28,rare-pause-80,closed_loop,80,3894,3893,77.88,10.123086829356907,22.774795857716526,35.798183862960286,410.2176654879768,true
29,rare-pause-80,open_loop,80,4000,3989,80,9.096910189662594,71.53105497049546,342.52443229127675,411.0044717217461,false
29,rare-pause-80,closed_loop,80,3890,3878,77.8,10.494619227327348,22.870622562528297,376.23235178251707,417.62537494276694,false
30,rare-pause-80,open_loop,80,4000,3996,80,9.14285366814147,55.794670720610156,344.91155310517934,414.00100442958865,false
30,rare-pause-80,closed_loop,80,3893,3890,77.86,10.344127676238713,22.367419678030274,39.45847994358701,418.04519529950267,true
31,rare-pause-80,open_loop,80,4000,3979,80,9.209955761631136,183.35644068026522,371.02452118523433,411.779150676055,false
31,rare-pause-80,closed_loop,80,3863,3862,77.26,10.193562571763323,23.32346963667078,366.2179234075302,413.48367757496453,false
32,rare-pause-80,open_loop,80,4000,3999,80,8.980986256305187,84.54954095048015,344.9135021858383,426.7382534294811,false
32,rare-pause-80,closed_loop,80,3892,3890,77.84,10.296186531311832,22.19161824569892,41.1291475053913,410.92780703261815,true
33,rare-pause-80,open_loop,80,4000,3999,80,9.346485365538683,196.44729499380628,358.57236254690724,421.7913974482217,false
33,rare-pause-80,closed_loop,80,3866,3864,77.32,10.137232023833349,22.805092579998018,367.7908961692301,421.2508748669279,false
34,rare-pause-80,open_loop,80,4000,3982,80,9.381033254569047,139.19048187386215,375.10526100493735,414.3695017123355,false
34,rare-pause-80,closed_loop,80,3897,3881,77.94,10.058693201495771,22.774345471749257,367.7107363706964,414.7685779963358,false
35,rare-pause-80,open_loop,80,4000,3999,80,9.016476609947858,80.09597488417785,366.8647637502363,422.8241416984092,false
35,rare-pause-80,closed_loop,80,3890,3890,77.8,10.287003424473369,22.730093947855494,34.79390808379685,411.5273100527338,true
36,rare-pause-80,open_loop,80,4000,3993,80,9.31754430213914,169.47119142255542,362.69098391768784,412.28744437987916,false
36,rare-pause-80,closed_loop,80,3869,3869,77.38,10.236918665501435,22.263738924331847,356.460821488894,413.752287918207,false
37,rare-pause-80,open_loop,80,4000,3999,80,9.148614361591171,68.27038690949848,344.47860353131546,424.24372089149983,false
37,rare-pause-80,closed_loop,80,3892,3891,77.84,10.263868598874978,22.904224187215732,37.54759115494744,415.4616307043434,true
38,rare-pause-80,open_loop,80,4000,3999,80,9.202883907626529,29.353283787822875,339.7952165197021,407.2086990343523,false
38,rare-pause-80,closed_loop,80,3904,3904,78.08,10.066644937513047,20.61639676969935,31.48117306824861,405.5052711611643,true
39,rare-pause-80,open_loop,80,4000,3999,80,9.228786720879725,48.11640105074912,338.62205863324925,408.8536076985256,false
39,rare-pause-80,closed_loop,80,3898,3896,77.96,10.070758675055913,21.843516593442473,35.89423675529906,425.847745656436,true
40,rare-pause-80,open_loop,80,4000,3999,80,9.181440103209752,64.88890174347762,342.17082568985643,407.31591373090123,false
40,rare-pause-80,closed_loop,80,3896,3896,77.92,10.176438966052956,22.251955684783752,37.52767123283411,415.910648873898,true
41,rare-pause-80,open_loop,80,4000,4000,80,9.009443578386708,110.4342067616235,361.80283845402664,419.057660594317,false
41,rare-pause-80,closed_loop,80,3895,3895,77.9,10.272500227260025,22.218040650182957,34.84414231537812,421.43608220971873,true
42,rare-pause-80,open_loop,80,4000,3999,80,9.12532814883889,31.301904067167925,339.93399848397894,407.0228501301899,false
42,rare-pause-80,closed_loop,80,3895,3893,77.9,10.057590357449953,22.183623938064557,36.13795141281662,415.94786547269905,true
43,rare-pause-80,open_loop,80,4000,3988,80,9.170485064314562,137.47157864373003,359.9619799177235,412.03781838420036,false
43,rare-pause-80,closed_loop,80,3864,3864,77.28,10.097755927807157,23.668445660514408,356.87773690727045,412.3511143472715,false
44,rare-pause-80,open_loop,80,4000,4000,80,9.070151712337974,59.591492394789384,328.8857767858208,410.0684240306218,false
44,rare-pause-80,closed_loop,80,3896,3895,77.92,10.074200250750437,22.447247731804964,36.85632428007375,416.17045052410685,true
45,rare-pause-80,open_loop,80,4000,3999,80,9.089188919650041,73.7147937022346,343.25555911423,417.195075716234,false
45,rare-pause-80,closed_loop,80,3888,3887,77.76,10.397283334110398,22.733381192458182,41.673388710776635,433.82661016281054,true
46,rare-pause-80,open_loop,80,4000,3999,80,9.160171341072783,48.50034290363692,338.80199483100296,415.80882991759427,false
46,rare-pause-80,closed_loop,80,3895,3894,77.9,10.102608814835548,22.407651081615768,42.06304387190903,414.0320304968882,true
47,rare-pause-80,open_loop,80,4000,3995,80,9.11792051206612,172.69072133422014,362.3291302214275,408.7444754162607,false
47,rare-pause-80,closed_loop,80,3864,3863,77.28,10.299091772481916,23.64132580333353,364.9978427467613,423.8794435419768,false
48,rare-pause-80,open_loop,80,4000,3979,80,9.438386005396751,142.59033280096628,346.83302968946373,413.3246430012732,false
48,rare-pause-80,closed_loop,80,3866,3862,77.32,10.322469285471016,23.741929268289823,351.70211299853327,413.89482682207745,false
49,rare-pause-80,open_loop,80,4000,3999,80,9.165475130837876,86.96990734546489,340.32724467920343,408.02922187118384,false
49,rare-pause-80,closed_loop,80,3897,3897,77.94,10.096470361488173,21.72544479017961,49.10556757545419,409.40578325506794,true
50,rare-pause-80,open_loop,80,4000,4000,80,9.142642384504143,57.83962869284005,344.05010959035644,407.70583409988467,false
50,rare-pause-80,closed_loop,80,3896,3893,77.92,10.154873926512664,22.145122441223066,35.17206790302953,423.1134309199115,true
51,rare-pause-80,open_loop,80,4000,4000,80,9.27120902849856,207.72710676354473,377.6566515964514,412.807379512873,false
51,rare-pause-80,closed_loop,80,3867,3866,77.34,10.122482290942571,22.87683978126006,347.8680544681629,422.50590081426344,false
52,rare-pause-80,open_loop,80,4000,3985,80,9.296985309767479,179.73889202814462,362.0353827879371,412.23426514654784,false
52,rare-pause-80,closed_loop,80,3869,3866,77.38,10.39454997746725,22.75456356941868,359.1722055010032,437.57726670119155,false
53,rare-pause-80,open_loop,80,4000,3987,80,9.288224942607485,91.56420489033553,356.6507344173406,415.45570385135943,false
53,rare-pause-80,closed_loop,80,3899,3887,77.98,10.076312949160638,21.90252487583348,350.9063288521065,414.10977679893404,false
54,rare-pause-80,open_loop,80,4000,3999,80,9.129303637288103,87.0228884828357,343.100242161574,413.7230343826741,false
54,rare-pause-80,closed_loop,80,3895,3894,77.9,10.307631390314782,22.585520041415293,34.09608934114294,409.28141844032507,true
55,rare-pause-80,open_loop,80,4000,3976,80,9.169778376584873,143.8823713870952,361.74210240631874,415.6283010350744,false
55,rare-pause-80,closed_loop,80,3866,3864,77.32,10.142373267624862,22.780304395375424,359.8635690180017,424.1847413428841,false
56,rare-pause-80,open_loop,80,4000,4000,80,9.10383738168457,63.54898624580528,340.981351803086,416.16448381631926,false
56,rare-pause-80,closed_loop,80,3896,3896,77.92,10.104965225189517,21.474468799697206,31.569819641605136,421.17569755301156,true
57,rare-pause-80,open_loop,80,4000,3996,80,9.181705138173129,174.6911834504317,362.2903223941248,417.9333631262343,false
57,rare-pause-80,closed_loop,80,3871,3869,77.42,10.116100827177434,22.33326382861378,358.3162245493877,414.4876542958227,false
58,rare-pause-80,open_loop,80,4000,4000,80,9.111096775181068,69.83535252876027,343.1570504726733,413.5993752204631,false
58,rare-pause-80,closed_loop,80,3897,3896,77.94,10.100260725572298,22.56115467440395,39.69995864995144,409.06302116987354,true
59,rare-pause-80,open_loop,80,4000,3993,80,9.230809613749443,165.70053596131766,359.96944801326026,414.2001766539979,false
59,rare-pause-80,closed_loop,80,3872,3872,77.44,9.98132841392362,20.607389138123835,370.194277610899,413.677071325219,false
60,rare-pause-80,open_loop,80,4000,3982,80,9.103889521138626,78.63454805170477,352.63675094096106,413.49691522443027,false
60,rare-pause-80,closed_loop,80,3890,3874,77.8,10.343240439975489,23.67104019695398,372.65464466492995,434.79108675614407,false
61,rare-pause-80,open_loop,80,4000,3999,80,9.202073042848497,30.384130935006397,326.7145159072679,408.2928894758152,false
61,rare-pause-80,closed_loop,80,3890,3888,77.8,10.319238011703419,22.90169122099178,38.87983884712594,427.2901656680042,true
62,rare-pause-80,open_loop,80,4000,3999,80,9.053118352687306,46.57176168808655,339.94065440825216,406.9310198657149,false
62,rare-pause-80,closed_loop,80,3904,3904,78.08,9.984777426892833,21.999767900611914,33.027168486398295,413.0887443927422,true
63,rare-pause-80,open_loop,80,4000,3996,80,9.393219900528493,181.54889658469983,361.12305687734624,412.0520440567634,false
63,rare-pause-80,closed_loop,80,3856,3856,77.12,10.370358797437802,24.460685012756585,369.25791769434727,422.7985517965135,false
64,rare-pause-80,open_loop,80,4000,3987,80,9.236466569615004,39.29947387825814,340.52357523925457,411.6656910188394,false
64,rare-pause-80,closed_loop,80,3893,3881,77.86,10.09148235363682,22.427006224388606,378.330040510682,428.802850541324,false
65,rare-pause-80,open_loop,80,4000,3998,80,9.117133485880913,85.16614173752168,356.6020276038762,420.8452642646189,false
65,rare-pause-80,closed_loop,80,3897,3897,77.94,10.16942157849553,21.957279710106377,33.228142997531904,415.3361230281589,true
66,rare-pause-80,open_loop,80,4000,3973,80,9.281500977151154,152.5218761607648,368.45776139202644,425.0725040991965,false
66,rare-pause-80,closed_loop,80,3868,3867,77.36,10.036047866413355,21.671848999474605,373.93110135517054,420.2184734661787,false
67,rare-pause-80,open_loop,80,4000,3989,80,9.214728803352045,160.6836127651186,364.9193434211338,408.795912933645,false
67,rare-pause-80,closed_loop,80,3859,3859,77.18,10.438817432092037,23.943114412377327,344.4980386856914,422.39673068216507,false
68,rare-pause-80,open_loop,80,4000,3999,80,9.118913353850076,76.0910246423955,345.13829213876306,412.2684801166688,false
68,rare-pause-80,closed_loop,80,3890,3889,77.8,10.460729461807205,22.849341050758085,38.02367660530581,410.519297815601,true
69,rare-pause-80,open_loop,80,4000,4000,80,9.159267624887434,44.406243792764144,337.3822843055241,418.65316215843995,false
69,rare-pause-80,closed_loop,80,3895,3895,77.9,10.09836570815969,23.119827517053636,35.92898056463673,414.9063218000738,true
70,rare-pause-80,open_loop,80,4000,3998,80,9.438789539621212,197.5308764954898,359.6759464275492,415.5065992597083,false
70,rare-pause-80,closed_loop,80,3865,3864,77.3,10.214497853361536,23.12426794078783,377.57854285533904,428.77734540479287,false
71,rare-pause-80,open_loop,80,4000,3999,80,9.232143720455497,57.943104848091025,353.79827848965215,424.43649411865044,false
71,rare-pause-80,closed_loop,80,3891,3891,77.82,10.264244126759877,22.877692910413316,38.00581544309898,431.0124996193081,true
72,rare-pause-80,open_loop,80,4000,3978,80,9.329926037858968,147.1388536744198,362.20794423439656,411.6650256158391,false
72,rare-pause-80,closed_loop,80,3860,3860,77.2,10.320141281408723,22.878507552750307,366.3877164000951,418.1979779775793,false
73,rare-pause-80,open_loop,80,4000,3992,80,9.263188966542657,173.76048528786487,365.416201730357,419.21572771458887,false
73,rare-pause-80,closed_loop,80,3866,3864,77.32,10.150765576867343,22.423190699460974,374.7188174467374,429.51634130837556,false
74,rare-pause-80,open_loop,80,4000,3991,80,9.02248649385001,70.88761181924201,343.850123373777,418.7385366720555,false
74,rare-pause-80,closed_loop,80,3898,3888,77.96,10.045599617158587,22.393308241807972,359.25548839864496,408.71908583805634,false
75,rare-pause-80,open_loop,80,4000,3999,80,9.19558127700293,178.55401901977893,363.6604122249846,411.94639312773506,false
75,rare-pause-80,closed_loop,80,3865,3865,77.3,10.326240302596489,23.242077176470048,363.424558591767,408.93632935937785,false
76,rare-pause-80,open_loop,80,4000,3999,80,9.065675724501489,55.688137773249764,347.70959137540194,417.13245472009294,false
76,rare-pause-80,closed_loop,80,3898,3897,77.96,10.134148811204795,22.368773652917298,34.07059009441582,420.852018294976,true
77,rare-pause-80,open_loop,80,4000,4000,80,9.152494476422362,91.35937670186468,339.5893003035926,407.05039946357283,false
77,rare-pause-80,closed_loop,80,3895,3895,77.9,10.136981617919446,23.09525008804485,37.27088569165062,422.0829494268546,true
78,rare-pause-80,open_loop,80,4000,3981,80,9.198473564072629,172.90594705978583,363.1305184157827,411.95052016776026,false
78,rare-pause-80,closed_loop,80,3864,3864,77.28,10.254574914153636,23.033012982930813,373.30573127207754,421.7928334932367,false
79,rare-pause-80,open_loop,80,4000,3988,80,9.329629160973127,159.51566058878234,351.3241659444029,405.3965637971269,false
79,rare-pause-80,closed_loop,80,3858,3856,77.16,10.27308128128061,23.909294308592507,367.20288492547115,431.10125350629096,false
80,rare-pause-80,open_loop,80,4000,3996,80,9.42683526687324,143.94137314876934,361.5236034487534,416.30216139858385,false
80,rare-pause-80,closed_loop,80,3864,3864,77.28,10.262788591559001,22.913282430141408,382.3081947741739,422.04678724666155,false
81,rare-pause-80,open_loop,80,4000,4000,80,9.29333800276072,51.59866842178235,328.30212293017394,404.61571799881494,false
81,rare-pause-80,closed_loop,80,3895,3894,77.9,10.269543862828868,22.02337766907658,40.31619116710499,410.8123660947458,true
82,rare-pause-80,open_loop,80,4000,3969,80,9.240856438598712,120.56312804124173,371.81944442349777,407.00648536642257,false
82,rare-pause-80,closed_loop,80,3862,3856,77.24,10.545531742052844,22.99922863643951,370.2521025699061,418.10033746140107,false
83,rare-pause-80,open_loop,80,4000,3998,80,9.150208706843841,63.125145098834764,335.3150803796743,410.6622463901913,false
83,rare-pause-80,closed_loop,80,3897,3893,77.94,10.23176611312374,21.88866768301523,39.22629182604578,415.5036821997528,true
84,rare-pause-80,open_loop,80,4000,3984,80,9.242737619002583,75.39236072642962,375.5204167934062,417.14947379365185,false
84,rare-pause-80,closed_loop,80,3892,3877,77.84,10.305581223605259,23.203008017750108,361.58362447922264,416.5482052790285,false
85,rare-pause-80,open_loop,80,4000,4000,80,9.17467171507451,64.83905971309287,340.12649859690646,408.92700606767903,false
85,rare-pause-80,closed_loop,80,3895,3894,77.9,10.081033052567363,22.157321649014193,38.59536752845452,411.92415301803703,true
86,rare-pause-80,open_loop,80,4000,3979,80,9.242534927856468,172.82825527766545,363.9076655738645,408.02291781017993,false
86,rare-pause-80,closed_loop,80,3858,3858,77.16,10.541210303585103,24.11750270715129,369.9483393458286,423.51045232448087,false
87,rare-pause-80,open_loop,80,4000,3989,80,9.292223936663504,186.42940595719847,372.55490139527683,420.80124987928866,false
87,rare-pause-80,closed_loop,80,3863,3863,77.26,10.302383056929102,23.23931569763954,354.21343889216223,418.36478554439964,false
88,rare-pause-80,open_loop,80,4000,4000,80,9.02855937811546,73.85503494459408,342.0634754078128,410.62166600467026,false
88,rare-pause-80,closed_loop,80,3889,3888,77.78,10.453875135834096,23.43553683465143,35.858828615757375,410.2042785677877,true
89,rare-pause-80,open_loop,80,4000,3970,80,9.136162231816343,137.4758443849314,362.8436583402872,408.7004165082981,false
89,rare-pause-80,closed_loop,80,3868,3859,77.36,10.511824148743472,24.1026531041789,356.53736527407455,418.6004371219715,false
90,rare-pause-80,open_loop,80,4000,4000,80,9.182684489824169,69.0180933697302,336.41399492405617,409.36914661776245,false
90,rare-pause-80,closed_loop,80,3898,3897,77.96,10.00991235478432,21.60205214614689,35.48335333931027,424.05966585363785,true
91,rare-pause-80,open_loop,80,4000,3999,80,9.005085343276733,86.7637198679513,349.162333778193,409.6222407438727,false
91,rare-pause-80,closed_loop,80,3899,3898,77.98,9.985357395955361,21.22476494048169,36.875784266379924,414.0223605319843,true
92,rare-pause-80,open_loop,80,4000,3999,80,9.369175123449168,73.35595015967192,328.81772267120687,408.70326429369015,false
92,rare-pause-80,closed_loop,80,3889,3887,77.78,10.387212004956382,23.308224774431437,43.48891968465614,433.554891211279,true
93,rare-pause-80,open_loop,80,4000,4000,80,9.156223426070937,112.00991476967101,362.4125236820619,412.58307725875784,false
93,rare-pause-80,closed_loop,80,3897,3895,77.94,10.153844739383203,22.351421755556657,37.5214995117276,413.1942684429887,true
94,rare-pause-80,open_loop,80,4000,3969,80,9.144608603372035,139.19675682307934,365.85201344852976,409.7097897126805,false
94,rare-pause-80,closed_loop,80,3875,3864,77.5,10.067753225426713,21.80483861637731,383.9620113836281,423.2010242006654,false
95,rare-pause-80,open_loop,80,4000,3999,80,8.943649998647743,33.67228214224451,331.6113091530751,409.34446438862506,false
95,rare-pause-80,closed_loop,80,3896,3896,77.92,10.02371355663854,22.763936934665253,37.04779093910838,414.85687934982707,true
96,rare-pause-80,open_loop,80,4000,3972,80,9.110590791635332,87.808686333472,361.9650407962763,409.3831154383515,false
96,rare-pause-80,closed_loop,80,3883,3867,77.66,10.319838444600464,21.88944498490673,369.4034427379229,418.8542560572823,false
97,rare-pause-80,open_loop,80,4000,3985,80,9.461654857790563,171.1499752311538,361.7560442289978,408.1921493204354,false
97,rare-pause-80,closed_loop,80,3863,3862,77.26,10.338892189771286,22.95491013420542,378.87013968644897,421.9568796973035,false
98,rare-pause-80,open_loop,80,4000,3999,80,9.172919218050083,83.99304895298701,357.5458501122703,414.34232569838787,false
98,rare-pause-80,closed_loop,80,3895,3894,77.9,10.307121341065795,22.812428660938167,37.74094192343182,407.55581517241444,true
99,rare-pause-80,open_loop,80,4000,3999,80,9.094810962640622,83.72516990521035,333.39767147600287,418.91517157211274,false
99,rare-pause-80,closed_loop,80,3894,3892,77.88,10.37533936210093,22.818708606697328,37.013367259918596,412.68979762622257,true
100,rare-pause-80,open_loop,80,4000,3998,80,9.36516822583144,185.0687591743408,365.24471364428973,415.9374746818103,false
100,rare-pause-80,closed_loop,80,3872,3871,77.44,10.230484517116565,22.066420448682038,357.43814080303855,405.93962105004175,false
101,rare-pause-80,open_loop,80,4000,3999,80,9.139730142480403,33.44797195076535,335.0025346273105,412.6070723761077,false
101,rare-pause-80,closed_loop,80,3881,3880,77.62,10.415705685300054,25.008267938057543,46.84431319023133,417.5934154906645,true
102,rare-pause-80,open_loop,80,4000,3999,80,9.025315204562503,51.08938924520771,333.10320386284,408.4193705565267,false
102,rare-pause-80,closed_loop,80,3887,3884,77.74,10.3000340068902,24.435531933348102,42.21388662796744,419.0518839867291,true
103,rare-pause-80,open_loop,80,4000,3986,80,9.246490651108616,193.18544378697698,378.3727983716017,414.10913963884377,false
103,rare-pause-80,closed_loop,80,3863,3862,77.26,10.361412235113676,22.734665296935418,367.41903100532363,428.8610500156865,false
104,rare-pause-80,open_loop,80,4000,4000,80,9.186708087723673,79.92227476137487,340.59312713056715,421.70350389151645,false
104,rare-pause-80,closed_loop,80,3895,3893,77.9,10.108075058768009,22.471253182822693,35.76227328054665,417.0785800662852,true
105,rare-pause-80,open_loop,80,4000,3981,80,9.096006150304675,166.08008985671768,363.80278964477475,413.33520915965346,false
105,rare-pause-80,closed_loop,80,3861,3861,77.22,10.476629826538556,23.54763805274706,346.4733947703098,415.9164171031225,false
106,rare-pause-80,open_loop,80,4000,3993,80,9.078798327020195,185.70374405993425,366.2562611950052,416.4956560606988,false
106,rare-pause-80,closed_loop,80,3863,3862,77.26,10.152064713030995,22.751646582117246,376.79267651545524,423.5215649783204,false
107,rare-pause-80,open_loop,80,4000,3999,80,9.182532410486601,58.82311223774013,347.0571569600543,414.2904943651738,false
107,rare-pause-80,closed_loop,80,3897,3897,77.94,10.110513664720202,22.609411285950046,36.165095099404425,416.3042238163289,true
108,rare-pause-80,open_loop,80,4000,3999,80,9.242384771743673,168.551420939315,368.8150697425517,413.08379783482815,false
108,rare-pause-80,closed_loop,80,3862,3860,77.24,10.463050040336384,23.662299318159057,356.1722783312216,407.6391038287693,false
109,rare-pause-80,open_loop,80,4000,3998,80,9.103484452454722,68.58689751446946,329.9084983969369,407.62384274020224,false
109,rare-pause-80,closed_loop,80,3895,3892,77.9,10.256827345387137,22.05158626261982,33.95370401143009,420.29415578543194,true
110,rare-pause-80,open_loop,80,4000,3975,80,9.093925471695911,152.8541145135605,368.33542265791766,407.74514069616635,false
110,rare-pause-80,closed_loop,80,3863,3862,77.26,10.328211929379904,23.087001777650585,346.97692748123154,413.455370686861,false
111,rare-pause-80,open_loop,80,4000,3999,80,9.107079083616554,87.64965446160204,352.69059684018794,410.1674876718098,false
111,rare-pause-80,closed_loop,80,3894,3893,77.88,10.192780489036522,23.48687712011815,37.919508180613775,419.5216145016493,true
112,rare-pause-80,open_loop,80,4000,3990,80,9.283199000667082,168.13029620761517,360.5948511099414,411.7411620507337,false
112,rare-pause-80,closed_loop,80,3860,3860,77.2,10.242566135253583,25.182193710479623,350.2474840838622,414.1739516387461,false
113,rare-pause-80,open_loop,80,4000,3998,80,9.199640332124545,89.08975021890365,353.21457713502605,419.825161442026,false
113,rare-pause-80,closed_loop,80,3889,3889,77.78,10.36933009915083,22.777324814473104,35.514646221687144,420.871201054586,true
114,rare-pause-80,open_loop,80,4000,3999,80,9.108930440408585,72.98348868456742,339.29542351471173,410.90057557631735,false
114,rare-pause-80,closed_loop,80,3891,3891,77.82,10.191649726020842,22.485299486150325,37.879910388093776,421.6968322148168,true
115,rare-pause-80,open_loop,80,4000,3999,80,9.141648757544317,73.53648054005316,338.6829703642361,413.1485219309179,false
115,rare-pause-80,closed_loop,80,3895,3894,77.9,10.176019103544604,21.730029148726317,32.723411563711124,412.71704923491416,true
116,rare-pause-80,open_loop,80,4000,3985,80,9.237736491057149,74.63740514853998,358.85983717963245,406.2480836112227,false
116,rare-pause-80,closed_loop,80,3896,3881,77.92,10.209180514968466,23.129528270073934,367.63906006918114,414.0852203043869,false
117,rare-pause-80,open_loop,80,4000,3999,80,9.279927832591056,78.41473237699392,336.27397402433417,410.34513920946483,false
117,rare-pause-80,closed_loop,80,3899,3898,77.98,10.061560490212287,21.97401436157088,31.150906610651873,420.64407272466997,true
118,rare-pause-80,open_loop,80,4000,3987,80,9.356664213213662,180.572629146518,362.63853448212467,416.322175295536,false
118,rare-pause-80,closed_loop,80,3866,3866,77.32,10.035922695060435,22.69634141939605,358.94078666755377,436.6597855917789,false
119,rare-pause-80,open_loop,80,4000,3993,80,9.23440495752584,63.32183330373664,354.30369362008787,415.3402339474633,false
119,rare-pause-80,closed_loop,80,3898,3892,77.96,10.116657365704668,22.060058028044295,62.31588780634047,425.91862884978036,true
120,rare-pause-80,open_loop,80,4000,3968,80,9.176669467618922,148.51607103260176,362.3948420637935,416.87988210998446,false
120,rare-pause-80,closed_loop,80,3879,3863,77.58,10.145706601477286,22.592624977034575,378.34064206791663,415.34089690256224,false
121,rare-pause-80,open_loop,80,4000,3999,80,9.149396121720201,55.48636860757688,326.42780847005633,407.70980428985786,false
121,rare-pause-80,closed_loop,80,3898,3897,77.96,10.157474687555805,21.94038244096737,33.48265099033233,424.08757399476235,true
122,rare-pause-80,open_loop,80,4000,3999,80,9.074864664435154,29.10965351946652,341.49702436350344,406.2845218118928,false
122,rare-pause-80,closed_loop,80,3889,3889,77.78,10.323058032015979,23.748398929525138,38.435089501461334,406.2600608062312,true
123,rare-pause-80,open_loop,80,4000,4000,80,9.182786474772001,36.61293424024916,330.45089897448634,416.72346975966866,false
123,rare-pause-80,closed_loop,80,3897,3896,77.94,10.275629305477196,22.028084851997846,32.98985224532953,409.0358606366826,true
124,rare-pause-80,open_loop,80,4000,3997,80,9.20688773857546,171.27078736751355,361.6815051764461,410.0959881730014,false
124,rare-pause-80,closed_loop,80,3864,3863,77.28,10.277736995180021,22.216290714881325,374.3870957711406,421.1885242076205,false
125,rare-pause-80,open_loop,80,4000,3999,80,9.28029825376143,33.46743861303548,328.6615787489209,416.8009884543353,false
125,rare-pause-80,closed_loop,80,3893,3893,77.86,10.330905078015348,23.38115663304052,34.11973102424963,411.5785143999965,true
126,rare-pause-80,open_loop,80,4000,4000,80,8.982193150688545,44.734948381013965,348.6283868792925,410.03516537756514,false
126,rare-pause-80,closed_loop,80,3904,3903,78.08,10.0783299415707,20.734839010408905,32.058322281860455,410.47848312926,true
127,rare-pause-80,open_loop,80,4000,3999,80,9.034533274629212,70.76425045479118,354.75290395918273,411.0626658239271,false
127,rare-pause-80,closed_loop,80,3893,3893,77.86,10.177629848738434,22.965619206937845,35.29862137168311,419.4051815640778,true
128,rare-pause-80,open_loop,80,4000,3998,80,9.132495374207792,45.182694694209204,344.8473634890106,419.6495054854895,false
128,rare-pause-80,closed_loop,80,3894,3892,77.88,10.247762878781941,22.35461902206589,37.59098003075633,413.95134901341225,true
129,rare-pause-80,open_loop,80,4000,4000,80,9.325401465623145,101.07221248682617,360.0677769977992,416.2613348162995,false
129,rare-pause-80,closed_loop,80,3900,3899,78,9.967360875663871,21.494407939273515,37.66549139159906,404.1629717624528,true
130,rare-pause-80,open_loop,80,4000,3999,80,9.212056653275795,191.84574537976732,376.4920020600621,411.33605953642837,false
130,rare-pause-80,closed_loop,80,3857,3856,77.14,10.565647284398437,23.681176897211117,365.15013352692404,417.9462615550219,false
131,rare-pause-80,open_loop,80,4000,3967,80,9.195978560557705,139.62219376929716,376.672403779914,410.5788908018076,false
131,rare-pause-80,closed_loop,80,3884,3868,77.68,10.17869317716395,21.338703620942397,371.0943850479125,423.79946862456563,false
132,rare-pause-80,open_loop,80,4000,3983,80,9.164878980012872,185.07522510932904,372.5420203020258,411.9908624090458,false
132,rare-pause-80,closed_loop,80,3868,3867,77.36,10.142922676270246,22.68620087486488,354.4953893924612,415.1858686666237,false
133,rare-pause-80,open_loop,80,4000,3999,80,9.440341529414582,175.0645702039401,364.01949930710543,412.63648795005065,false
133,rare-pause-80,closed_loop,80,3868,3867,77.36,10.299834557343274,22.417792993783223,357.9932532977218,413.59155358082353,false
134,rare-pause-80,open_loop,80,4000,3999,80,9.137875166336016,59.85251913656248,347.8774524576438,411.44659008930466,false
134,rare-pause-80,closed_loop,80,3889,3889,77.78,10.256962695006223,23.425586060926435,45.021757092945336,414.0527438991012,true
135,rare-pause-80,open_loop,80,4000,4000,80,9.205816881039937,80.40028964757221,333.4386682686236,417.389485360447,false
135,rare-pause-80,closed_loop,80,3893,3892,77.86,10.125093876948085,21.77052100374567,36.805859430038254,426.9189488580523,true
136,rare-pause-80,open_loop,80,4000,3982,80,9.208246713200424,192.12526361357595,357.2549611034119,413.35583571822644,false
136,rare-pause-80,closed_loop,80,3865,3863,77.3,10.120894289037096,23.89884503384019,360.7936269785714,414.14571936486027,false
137,rare-pause-80,open_loop,80,4000,3991,80,9.18065847381331,166.28411650493945,355.90196953226405,409.39013501108275,false
137,rare-pause-80,closed_loop,80,3867,3864,77.34,10.216273685233318,23.67272339095507,345.99879533884814,412.2036527197197,false
138,rare-pause-80,open_loop,80,4000,3984,80,9.343643658590736,201.53663367999252,371.9198413430604,419.17833986890037,false
138,rare-pause-80,closed_loop,80,3864,3863,77.28,10.221349718267447,22.43088423804147,374.28428457762493,421.81727812650206,false
139,rare-pause-80,open_loop,80,4000,3984,80,9.233470295184816,70.94713986591523,370.56186423049803,414.6174582977328,false
139,rare-pause-80,closed_loop,80,3887,3871,77.74,10.437351980785024,24.668394993910624,368.67583654804184,411.02760308226425,false
140,rare-pause-80,open_loop,80,4000,3999,80,9.155961385622504,25.985995540599106,325.84525497764116,418.30672851403506,false
140,rare-pause-80,closed_loop,80,3899,3899,77.98,10.100501641107257,21.916477005230263,35.06376259039462,416.1604524149734,true
141,rare-pause-80,open_loop,80,4000,4000,80,9.20807768364466,67.59055389848072,353.96623226023075,409.85996763237927,false
141,rare-pause-80,closed_loop,80,3896,3895,77.92,10.160362341062864,22.504061814644956,41.971805670029426,408.26461005886085,true
142,rare-pause-80,open_loop,80,4000,3999,80,9.105423737189994,56.95711816678522,326.70633840681694,406.56926371053487,false
142,rare-pause-80,closed_loop,80,3892,3890,77.84,10.191303028597758,22.8898905411952,39.6055577984298,430.0321933064406,true
143,rare-pause-80,open_loop,80,4000,4000,80,9.22084356745836,28.76863760020933,327.4183096125271,413.9214472976455,false
143,rare-pause-80,closed_loop,80,3897,3896,77.94,10.32284358828474,21.606313131196657,35.14193959870681,413.940542835051,true
144,rare-pause-80,open_loop,80,4000,4000,80,9.012784090686182,35.71105492855713,326.3490386831472,409.4323919730414,false
144,rare-pause-80,closed_loop,80,3896,3893,77.92,10.208350290224189,22.299136297559016,33.618959289648046,426.1667463229751,true
145,rare-pause-80,open_loop,80,4000,3999,80,9.215542856309185,35.88466594044803,335.70314097519804,410.9497387430274,false
145,rare-pause-80,closed_loop,80,3899,3897,77.98,10.06449596373568,22.08708746376942,35.51401172854821,414.7205800715601,true
146,rare-pause-80,open_loop,80,4000,3998,80,9.213684221931544,73.01939104442135,351.8342734137623,408.44540298845095,false
146,rare-pause-80,closed_loop,80,3896,3894,77.92,10.17338085713709,22.023115046897146,37.223468850574136,406.9361057489441,true
147,rare-pause-80,open_loop,80,4000,3999,80,9.10232609322702,41.78042669784918,337.9054032161439,406.7906854112116,false
147,rare-pause-80,closed_loop,80,3898,3897,77.96,10.042373769247206,21.638843432083377,34.98843633724391,414.05363351453707,true
148,rare-pause-80,open_loop,80,4000,3999,80,9.152396352430515,69.37207824268626,348.2007186358751,414.3068990631873,false
148,rare-pause-80,closed_loop,80,3900,3899,78,9.929655455125612,21.16171370929078,36.24635032821243,420.85076336299244,true
149,rare-pause-80,open_loop,80,4000,3999,80,9.138510306460375,109.53250901158026,357.7993425316381,428.8425830506894,false
149,rare-pause-80,closed_loop,80,3903,3901,78.06,10.034652976581128,20.63198516778357,35.100099357143336,415.59679187055735,true
150,rare-pause-80,open_loop,80,4000,3969,80,9.134586235399183,94.12528133476007,363.746800948029,419.8558766129063,false
150,rare-pause-80,closed_loop,80,3870,3861,77.4,10.132997916462045,23.74800721799693,352.7459489479552,442.27043430870253,false
151,rare-pause-80,open_loop,80,4000,3989,80,9.160306266414409,169.67444001564218,358.92402644614776,410.2085184824464,false
151,rare-pause-80,closed_loop,80,3868,3865,77.36,10.339026904206548,23.788132785412017,358.1570128042731,414.8445285633934,false
152,rare-pause-80,open_loop,80,4000,3990,80,9.279578028141259,190.4970209208259,379.0377832766899,416.5166759119529,false
152,rare-pause-80,closed_loop,80,3874,3871,77.48,9.935680010392389,22.259208148876496,369.22691773503175,418.24157839494,false
153,rare-pause-80,open_loop,80,4000,3999,80,9.29565881932649,116.19886025490996,352.0918413196632,414.5257839766782,false
153,rare-pause-80,closed_loop,80,3892,3890,77.84,10.318612308445154,22.492096254150965,37.34811725302279,419.38934572422295,true
154,rare-pause-80,open_loop,80,4000,3991,80,9.195117417089932,174.36242338763986,367.08473454120394,415.95624563231104,false
154,rare-pause-80,closed_loop,80,3866,3865,77.32,10.140203947008558,23.028836287725426,355.17304990075354,419.3306268373344,false
155,rare-pause-80,open_loop,80,4000,4000,80,9.056435230239003,34.32088012457098,325.9152718997939,406.6023339437088,false
155,rare-pause-80,closed_loop,80,3888,3887,77.76,10.35909994164831,22.53506954981276,35.379134274087846,420.60323420140776,true
156,rare-pause-80,open_loop,80,4000,4000,80,9.141309355491103,28.99342045843514,320.8855693069636,408.5132404023607,false
156,rare-pause-80,closed_loop,80,3892,3891,77.84,10.121449913043762,23.298333211503632,43.77868284430588,418.3612844150448,true
157,rare-pause-80,open_loop,80,4000,3999,80,9.263004448810534,185.2019857584237,370.1850400823387,408.97412117459317,false
157,rare-pause-80,closed_loop,80,3870,3869,77.4,10.092215238873905,22.698845490507665,348.15830885740434,409.8548561308562,false
158,rare-pause-80,open_loop,80,4000,3999,80,9.122267374697913,61.599591735212016,371.9052098523607,418.5983995642673,false
158,rare-pause-80,closed_loop,80,3896,3896,77.92,10.220368299342226,21.623712794389576,34.9456196013125,423.92327440978625,true
159,rare-pause-80,open_loop,80,4000,4000,80,9.223364672987373,58.07687949126557,342.60755597693424,413.2786817873166,false
159,rare-pause-80,closed_loop,80,3891,3891,77.82,10.247273963803309,23.506746493012542,39.706936542999756,415.57341633953183,true
160,rare-pause-80,open_loop,80,4000,4000,80,9.048685803390981,58.947881945903646,334.28952330771426,410.2183987356184,false
160,rare-pause-80,closed_loop,80,3893,3893,77.86,10.348707374243531,22.006967829387577,40.27346529443457,420.2320341562008,true
161,rare-pause-80,open_loop,80,4000,3982,80,9.13788102108083,58.751665465046244,356.86887572118576,408.61552459042287,false
161,rare-pause-80,closed_loop,80,3893,3877,77.86,10.151621262813933,23.579056512389798,360.9485835217638,422.3694364709809,false
162,rare-pause-80,open_loop,80,4000,3999,80,9.066658141382504,63.62813350441138,345.91646452922214,411.18172853056603,false
162,rare-pause-80,closed_loop,80,3897,3897,77.94,9.999498746830795,22.273826355412893,38.175733205713186,419.29656766978223,true
163,rare-pause-80,open_loop,80,4000,4000,80,9.275184721616824,43.7283367322234,342.3939929827611,413.6449435613831,false
163,rare-pause-80,closed_loop,80,3892,3892,77.84,10.154914476886916,22.929301318486978,38.93889475976175,429.72474506549406,true
164,rare-pause-80,open_loop,80,4000,3984,80,9.178849715404795,175.59226835994923,373.22377363825217,414.7686021928166,false
164,rare-pause-80,closed_loop,80,3868,3867,77.36,10.299549524846952,22.47907312148891,355.64379085224937,418.3725631588095,false
165,rare-pause-80,open_loop,80,4000,4000,80,8.945775157506432,34.49563545892306,346.4735636412224,418.85099735747644,false
165,rare-pause-80,closed_loop,80,3894,3893,77.88,10.244297814708261,23.231836688893964,36.727603170322254,410.74673161542887,true
166,rare-pause-80,open_loop,80,4000,3987,80,9.317757126722427,196.15781587295714,369.14726922872796,413.19115608290303,false
166,rare-pause-80,closed_loop,80,3869,3868,77.38,9.997853832275723,21.778684382916254,374.15792976213925,416.32249617057096,false
167,rare-pause-80,open_loop,80,4000,3982,80,9.319932368871378,204.02745533618872,373.4073516681019,414.41809587219177,false
167,rare-pause-80,closed_loop,80,3861,3861,77.22,10.338165924375062,23.76506433641771,361.9836258780051,413.29806216851284,false
168,rare-pause-80,open_loop,80,4000,3981,80,9.29172360454504,194.10041238820122,367.29201715709496,411.75168950107036,false
168,rare-pause-80,closed_loop,80,3859,3858,77.18,10.492262264429883,23.87514670827659,359.9885517949624,405.58077391169354,false
169,rare-pause-80,open_loop,80,4000,3969,80,9.122656212937727,113.12379265492928,362.687673280554,412.5659888215232,false
169,rare-pause-80,closed_loop,80,3869,3869,77.38,10.180632558500292,22.37278067967418,364.1458933002723,421.1202953804968,false
170,rare-pause-80,open_loop,80,4000,3999,80,8.979279722410865,46.3400396020661,336.82866238574934,411.0340791916533,false
170,rare-pause-80,closed_loop,80,3894,3893,77.88,10.087281224339677,23.47075891746499,35.73537467710412,407.62425574779627,true
171,rare-pause-80,open_loop,80,4000,3972,80,9.123236604284102,152.3659385767205,365.26125835679704,409.1090850437249,false
171,rare-pause-80,closed_loop,80,3868,3865,77.36,10.219757314038361,22.704120095426333,375.2082184739338,425.38640983862206,false
172,rare-pause-80,open_loop,80,4000,3976,80,9.189312764712668,186.82037579418102,368.1948953294923,422.0914724715112,false
172,rare-pause-80,closed_loop,80,3863,3862,77.26,10.10261080107739,23.161228836790542,369.86574688514156,414.92024901996047,false
173,rare-pause-80,open_loop,80,4000,3981,80,9.291608665254898,178.1566691884982,364.28160559134994,407.9620442297528,false
173,rare-pause-80,closed_loop,80,3857,3857,77.14,10.474779329641024,24.211614436284435,365.0968758779454,414.966888212919,false
174,rare-pause-80,open_loop,80,4000,3991,80,9.484187046407897,196.3048443190637,366.6557965209431,418.2050875065288,false
174,rare-pause-80,closed_loop,80,3860,3859,77.2,10.18110195070767,22.52119742252944,377.10405806241397,436.2811348687901,false
175,rare-pause-80,open_loop,80,4000,3999,80,9.130338072398445,59.86711098215892,330.0574921166044,405.7275227164573,false
175,rare-pause-80,closed_loop,80,3897,3897,77.94,10.11408255115748,22.122647391493956,38.30924675514689,411.72123509662924,true
176,rare-pause-80,open_loop,80,4000,3999,80,9.138719949718507,47.15450605791557,339.2853738463673,410.69741426853943,false
176,rare-pause-80,closed_loop,80,3889,3888,77.78,10.418307444138918,23.23594477208826,38.977282241365174,412.43823577426883,true
177,rare-pause-80,open_loop,80,4000,3998,80,9.164537213124277,62.74465521610546,325.5108435092516,404.55457787110936,false
177,rare-pause-80,closed_loop,80,3898,3896,77.96,10.050989728122659,21.679955077695922,33.30587736401503,411.00981360446167,true
178,rare-pause-80,open_loop,80,4000,3968,80,9.126490386459409,117.16740897869022,369.86761460494745,418.1177835515555,false
178,rare-pause-80,closed_loop,80,3879,3871,77.58,10.091836572762986,21.943566217891203,361.8211777544566,416.36269930361595,false
179,rare-pause-80,open_loop,80,4000,3992,80,9.243910596254864,68.07401587289496,354.8687864445892,412.37812043199665,false
179,rare-pause-80,closed_loop,80,3896,3890,77.92,10.14510793977388,22.25966978389988,47.05008048743912,409.8118572505555,true
180,rare-pause-80,open_loop,80,4000,4000,80,9.268077477336192,58.201404910400015,343.2483124308674,408.6074733106434,false
180,rare-pause-80,closed_loop,80,3896,3896,77.92,10.191967031525564,22.403036628646078,37.368670419906266,412.46808415008127,true
181,rare-pause-80,open_loop,80,4000,3973,80,9.34412788687041,150.39279271579653,364.3052181834646,415.6559074699617,false
181,rare-pause-80,closed_loop,80,3871,3869,77.42,10.153177444291941,22.882231613133627,362.23615391306885,413.088576817001,false
182,rare-pause-80,open_loop,80,4000,3999,80,9.024439376806185,63.140907778310066,336.9416035337854,406.6397126803422,false
182,rare-pause-80,closed_loop,80,3896,3896,77.92,10.321167215857713,22.301064159168163,32.44554142197012,423.1329848447749,true
183,rare-pause-80,open_loop,80,4000,3999,80,8.979521268811368,31.27756151482754,338.51339832117446,415.62705444592575,false
183,rare-pause-80,closed_loop,80,3896,3896,77.92,10.192979791718244,21.914234027783095,33.62920216722705,402.66383251913794,true
184,rare-pause-80,open_loop,80,4000,3999,80,9.265732576612209,169.53215154342251,366.94534409281187,412.88427760130435,false
184,rare-pause-80,closed_loop,80,3868,3867,77.36,10.027006550597434,22.55059575373889,362.5884642661258,413.92409278135165,false
185,rare-pause-80,open_loop,80,4000,3999,80,9.040447657665936,58.16996716220456,337.6794408097194,414.56211473555595,false
185,rare-pause-80,closed_loop,80,3892,3890,77.84,10.300874918746558,23.35384014641022,44.2275744957351,412.6608989977394,true
186,rare-pause-80,open_loop,80,4000,3999,80,9.217341775773093,167.39673982477325,359.1990190463548,418.164684299707,false
186,rare-pause-80,closed_loop,80,3873,3873,77.46,10.09769088324174,21.44962613536336,359.47483633978845,415.3225334951858,false
187,rare-pause-80,open_loop,80,4000,3999,80,9.20403441543749,95.469366628844,344.832061630972,407.8559871094185,false
187,rare-pause-80,closed_loop,80,3895,3894,77.9,10.410232321162766,22.35819774461197,37.478392705925216,412.88427554386,true
188,rare-pause-80,open_loop,80,4000,3989,80,9.138224442707724,163.4402670510317,356.8234390951329,411.23781381476147,false
188,rare-pause-80,closed_loop,80,3862,3861,77.24,10.287729754476459,23.90927439952793,374.0411370106158,421.9213800512589,false
189,rare-pause-80,open_loop,80,4000,3999,80,9.094149993150495,41.932732808163564,345.17387979762134,407.92291774772093,false
189,rare-pause-80,closed_loop,80,3891,3891,77.82,10.278652966109803,23.5361800370556,36.41657085166662,418.7730741080668,true
190,rare-pause-80,open_loop,80,4000,3999,80,9.101463087787124,57.93276442412753,332.70005613785906,406.0321864299549,false
190,rare-pause-80,closed_loop,80,3892,3891,77.84,10.289258487973711,22.034281387172086,39.682338345694006,421.9201490199448,true
191,rare-pause-80,open_loop,80,4000,3993,80,9.118994659547752,66.01221431802696,355.0857975010731,408.58704459179717,false
191,rare-pause-80,closed_loop,80,3896,3889,77.92,10.135056726518087,22.301864034750906,343.2866992333293,418.0649393269887,false
192,rare-pause-80,open_loop,80,4000,3983,80,9.195018952786995,191.43802320369286,364.9322043221182,410.32684128630353,false
192,rare-pause-80,closed_loop,80,3863,3863,77.26,10.278462616603065,22.4693056195174,366.9055279640379,423.64282291436393,false
193,rare-pause-80,open_loop,80,4000,3999,80,9.334158999809006,160.13918635750088,347.73283016138885,411.19085227124015,false
193,rare-pause-80,closed_loop,80,3860,3859,77.2,10.311700895937975,23.354415450947272,369.86057782550415,419.73049641826947,false
194,rare-pause-80,open_loop,80,4000,3994,80,9.127493085827155,50.40400349241099,334.96974665509333,416.921746089567,false
194,rare-pause-80,closed_loop,80,3893,3887,77.86,10.378930641763873,22.524826013090205,38.517271338807404,413.69253944812226,true
195,rare-pause-80,open_loop,80,4000,3999,80,9.185778249309806,36.02810857948498,331.58697020878753,415.2065017071982,false
195,rare-pause-80,closed_loop,80,3895,3894,77.9,10.40929261736892,22.701815828084364,36.290035392696154,409.8523121607941,true
196,rare-pause-80,open_loop,80,4000,3999,80,9.067506964172935,38.957259237104154,343.9063462589984,417.4724725480046,false
196,rare-pause-80,closed_loop,80,3894,3894,77.88,10.182488434918923,22.624012177839177,49.516298002712574,412.9938582991017,true
197,rare-pause-80,open_loop,80,4000,3999,80,9.151802354590473,113.97914278078679,341.69681179190957,410.10793639450276,false
197,rare-pause-80,closed_loop,80,3890,3890,77.8,10.351476139010629,22.743523633413133,39.180192807390995,431.849244464247,true
198,rare-pause-80,open_loop,80,4000,3999,80,9.07857489484013,65.44507421818707,334.31269939470076,411.9034339967402,false
198,rare-pause-80,closed_loop,80,3897,3896,77.94,10.160838305946527,21.729896572411235,33.69391270720371,416.65920458810433,true
199,rare-pause-80,open_loop,80,4000,3987,80,9.348719178895408,197.77201661826257,374.9210712578715,413.3835143779979,false
199,rare-pause-80,closed_loop,80,3862,3861,77.24,10.244501258901437,22.109858955518575,365.1938507680097,424.2303012365046,false
200,rare-pause-80,open_loop,80,4000,3999,80,9.11579500521475,39.15989540106966,328.4524243387932,409.2149452188096,false
200,rare-pause-80,closed_loop,80,3894,3893,77.88,10.12641151608841,22.178616404802597,33.10654316124055,428.4794054958693,true
201,rare-pause-80,open_loop,80,4000,3992,80,9.28400866840093,164.12933591581532,359.86823201121297,413.110090653543,false
201,rare-pause-80,closed_loop,80,3864,3864,77.28,10.314037523996376,22.013646249361045,371.3827316919851,409.2528362910816,false
202,rare-pause-80,open_loop,80,4000,3971,80,9.289223247898917,112.22898682681989,359.817335227217,419.42759524575376,false
202,rare-pause-80,closed_loop,80,3864,3861,77.28,10.42520727840747,22.87173259397241,364.2412818525554,426.96946570673754,false
203,rare-pause-80,open_loop,80,4000,3999,80,9.144690269808052,89.33648706040549,345.48572830211197,410.832995458979,false
203,rare-pause-80,closed_loop,80,3884,3883,77.68,10.445718954972108,23.992225328714994,41.88084517428797,419.11915948449314,true
204,rare-pause-80,open_loop,80,4000,3971,80,9.223382103427866,137.75707571663952,367.5818840527136,416.4741436196855,false
204,rare-pause-80,closed_loop,80,3854,3854,77.08,10.536622016516048,25.14610498129332,375.0392262383066,418.72468945640867,false
205,rare-pause-80,open_loop,80,4000,4000,80,9.027995865792036,55.51872650849327,337.357115091334,427.9102635593663,false
205,rare-pause-80,closed_loop,80,3899,3899,77.98,10.092947011857177,22.160340748538147,34.38814072428795,420.18113354683373,true
206,rare-pause-80,open_loop,80,4000,3967,80,9.104978814277274,132.79057435065624,375.231182208081,418.3688333359023,false
206,rare-pause-80,closed_loop,80,3863,3855,77.26,10.30211606228113,24.764152807429127,371.35716702236823,426.41136356907737,false
207,rare-pause-80,open_loop,80,4000,3968,80,9.346255874545022,109.58811787838204,366.62852317298893,412.8573144910479,false
207,rare-pause-80,closed_loop,80,3870,3859,77.4,10.450835612558876,23.40804808737812,352.85408356226253,420.5715228316076,false
208,rare-pause-80,open_loop,80,4000,3988,80,9.081454640399897,157.35526580441365,359.884289778347,412.11865142170427,false
208,rare-pause-80,closed_loop,80,3861,3860,77.22,10.332700245311571,24.13044191539666,351.1749490917646,412.8479574117373,false
209,rare-pause-80,open_loop,80,4000,3999,80,9.13517846686591,42.421131734357914,350.06106584216104,410.84970781437005,false
209,rare-pause-80,closed_loop,80,3892,3892,77.84,10.264663820824353,22.674490349629195,38.86392766618155,417.56535384878225,true
210,rare-pause-80,open_loop,80,4000,3999,80,8.947720556505374,48.26225292668096,335.4788079908394,417.812762548685,false
210,rare-pause-80,closed_loop,80,3899,3897,77.98,10.204624320591392,21.16938919363747,36.305908182544954,415.1063072978759,true
211,rare-pause-80,open_loop,80,4000,4000,80,9.205351459811936,64.0546580749724,354.92695323017324,412.8118183055012,false
211,rare-pause-80,closed_loop,80,3894,3893,77.88,10.245632914266025,22.64958154395208,36.23636099932628,415.40346575887816,true
212,rare-pause-80,open_loop,80,4000,4000,80,9.056238367520564,67.35352437101028,349.27092539826117,410.1600201296351,false
212,rare-pause-80,closed_loop,80,3897,3897,77.94,10.185093649619375,22.03380730705976,38.58454459691711,413.04584685486043,true
213,rare-pause-80,open_loop,80,4000,3977,80,9.24525861285656,155.19902481835015,363.46599485474144,413.41664218304504,false
213,rare-pause-80,closed_loop,80,3862,3862,77.24,10.341784842188645,23.141112969409733,363.8900177166397,420.399220054489,false
214,rare-pause-80,open_loop,80,4000,3994,80,9.193004113250936,172.37810465002985,362.74867864509724,407.6809516258072,false
214,rare-pause-80,closed_loop,80,3866,3866,77.32,10.02561778890231,22.007964704025653,389.75758779377793,423.2738118627676,false
215,rare-pause-80,open_loop,80,4000,3991,80,9.372549072482798,184.73187047355896,379.5553672245078,417.72261831793,false
215,rare-pause-80,closed_loop,80,3858,3857,77.16,10.33218257156841,23.557223742865972,360.4949471176151,419.6986757589293,false
216,rare-pause-80,open_loop,80,4000,3999,80,9.245494344213512,56.891343930015864,326.3839974896109,406.3289620012474,false
216,rare-pause-80,closed_loop,80,3898,3897,77.96,10.009731016816659,22.457790511354688,34.783090423370595,416.30622804619634,true
217,rare-pause-80,open_loop,80,4000,3992,80,9.124163915972531,58.79804316584705,342.2967149485921,412.9482215330063,false
217,rare-pause-80,closed_loop,80,3890,3883,77.8,10.196899141403264,23.9406476205113,359.85053950362635,429.41555179473653,false
218,rare-pause-80,open_loop,80,4000,3981,80,9.269943522704125,159.08468748579617,370.12144413882197,416.1902272166262,false
218,rare-pause-80,closed_loop,80,3860,3859,77.2,10.463577054564666,23.919622497734963,357.8542874395134,415.3897622090735,false
219,rare-pause-80,open_loop,80,4000,3999,80,9.131045141926734,116.75057411345551,343.34826276613603,411.0642879835432,false
219,rare-pause-80,closed_loop,80,3895,3894,77.9,10.247219301119912,22.887874679392553,41.94597767278901,411.0395540393656,true
220,rare-pause-80,open_loop,80,4000,3974,80,9.176454996304528,92.34586935491097,359.1411026007663,413.52886602573926,false
220,rare-pause-80,closed_loop,80,3886,3870,77.72,10.334982666077849,22.614231292500335,366.5357175871977,423.513329682326,false
221,rare-pause-80,open_loop,80,4000,3999,80,9.122271860374894,88.9473409735183,348.9299228368254,412.9215911373394,false
221,rare-pause-80,closed_loop,80,3893,3892,77.86,10.420469195312762,22.32505668399972,35.749050354846986,415.7549401724282,true
222,rare-pause-80,open_loop,80,4000,3973,80,9.188804735716985,158.90410159864405,370.5497902720672,418.5118168647532,false
222,rare-pause-80,closed_loop,80,3863,3861,77.26,10.159681323399127,23.168706211938115,372.7313205606224,422.8202482584675,false
223,rare-pause-80,open_loop,80,4000,3968,80,9.127981557132443,75.09012006721605,359.33703506396705,414.7452596094299,false
223,rare-pause-80,closed_loop,80,3874,3859,77.48,10.373785201983992,23.455638379025913,361.3575221145584,425.008053274687,false
224,rare-pause-80,open_loop,80,4000,3999,80,9.085074413698749,33.03694162483589,338.66702251739844,412.3360850378667,false
224,rare-pause-80,closed_loop,80,3890,3889,77.8,10.431053220439935,22.841372136164864,41.73080064747046,415.03604307755813,true
225,rare-pause-80,open_loop,80,4000,3999,80,9.194885764125502,91.07830912694044,335.7799166449113,407.69140051085924,false
225,rare-pause-80,closed_loop,80,3887,3885,77.74,10.525102181978582,24.271854855171114,35.964651778602274,402.04366801428114,true
226,rare-pause-80,open_loop,80,4000,3968,80,9.228603497365839,104.70765065408341,371.0651368160834,408.89587303808366,false
226,rare-pause-80,closed_loop,80,3879,3863,77.58,10.255200281178986,23.136379751558707,353.33341564319926,410.9312459976645,false
227,rare-pause-80,open_loop,80,4000,3989,80,9.287476798752323,176.88417248785845,360.95272404319985,413.7480257625393,false
227,rare-pause-80,closed_loop,80,3867,3867,77.34,10.33637651110439,22.728819116768136,356.36181709060475,409.218344973473,false
228,rare-pause-80,open_loop,80,4000,3993,80,9.171309688070323,96.22002688018256,343.7416094708169,410.25116224314115,false
228,rare-pause-80,closed_loop,80,3892,3885,77.84,10.388780331759335,23.190859795809956,349.36160261922487,412.5519024738387,false
229,rare-pause-80,open_loop,80,4000,3999,80,9.21771462421384,65.86134638624208,348.18389709509574,411.58155231907585,false
229,rare-pause-80,closed_loop,80,3892,3891,77.84,10.303487416582357,22.62074194013985,36.1644023202025,419.1071552031317,true
230,rare-pause-80,open_loop,80,4000,3985,80,9.142910122318426,162.7312793764686,353.95994046299893,413.8177771835617,false
230,rare-pause-80,closed_loop,80,3863,3862,77.26,10.454916693648556,23.420065010861435,353.1423920619927,411.78929577121016,false
231,rare-pause-80,open_loop,80,4000,3988,80,9.31172347903339,197.3995707680042,377.33061800671567,418.3314393507753,false
231,rare-pause-80,closed_loop,80,3862,3861,77.24,10.404770657871268,22.801235561539215,367.1890358534074,418.5132125691016,false
232,rare-pause-80,open_loop,80,4000,3999,80,9.073784899333987,25.175747627763485,316.69901433121413,407.58410000314325,false
232,rare-pause-80,closed_loop,80,3899,3898,77.98,10.101117639584118,20.699898061331623,31.31441534181795,420.5033419294705,true
233,rare-pause-80,open_loop,80,4000,3977,80,9.403559128364577,180.086497399192,366.3892197669484,408.0149461063811,false
233,rare-pause-80,closed_loop,80,3861,3860,77.22,10.483302725559042,22.916602998549934,355.770183584551,427.5306248202978,false
234,rare-pause-80,open_loop,80,4000,3999,80,9.194785981908353,60.449932702576916,341.16517127701445,418.04866893378494,false
234,rare-pause-80,closed_loop,80,3902,3901,78.04,10.08299392830304,21.868316375974246,37.096989099576604,401.97389617939916,true
235,rare-pause-80,open_loop,80,4000,3971,80,9.151520650164457,110.89468032259538,370.5748666795771,417.28543426763645,false
235,rare-pause-80,closed_loop,80,3881,3865,77.62,10.192670689986699,23.041166604700265,359.7436093821889,419.2283322838848,false
236,rare-pause-80,open_loop,80,4000,3992,80,9.374715762158303,183.05502060223807,370.48430605853355,409.6668179488697,false
236,rare-pause-80,closed_loop,80,3868,3868,77.36,10.109142581808555,22.524337047834706,360.33759734172054,415.93984829045075,false
237,rare-pause-80,open_loop,80,4000,3999,80,9.35081404090306,160.72505610055669,364.82632853578616,407.9432980264537,false
237,rare-pause-80,closed_loop,80,3863,3863,77.26,10.143867314924137,23.139295435223175,364.9040875978135,419.496021347295,false
238,rare-pause-80,open_loop,80,4000,3999,80,9.053760335933475,26.68843224603006,338.38749077707325,412.01046320147,false
238,rare-pause-80,closed_loop,80,3893,3893,77.86,10.281117954717047,22.262924590948387,35.31978431657626,416.50049090842003,true
239,rare-pause-80,open_loop,80,4000,3995,80,9.305422286539397,193.8794531152089,360.604851473523,412.1500936612647,false
239,rare-pause-80,closed_loop,80,3865,3865,77.3,10.1822906827947,22.48788351818075,363.2635756395539,426.6656697429862,false
240,rare-pause-80,open_loop,80,4000,3999,80,9.203331430348044,87.31814922171179,349.81192484446365,409.9099654598758,false
240,rare-pause-80,closed_loop,80,3895,3893,77.9,10.24563270082217,22.48027603747323,36.815133214659,400.74600302938416,true
241,rare-pause-80,open_loop,80,4000,3999,80,9.28278509631491,165.82028481947054,359.8069737532933,410.5831006305161,false
241,rare-pause-80,closed_loop,80,3874,3874,77.48,9.979249919539143,22.184944403314148,356.2769231803577,410.57042760622426,false
242,rare-pause-80,open_loop,80,4000,3999,80,9.181471000534657,53.71683158967426,332.46492189149285,412.4036731848464,false
242,rare-pause-80,closed_loop,80,3903,3902,78.06,9.983511618935154,21.19947973480157,36.982330048856966,411.9736558564982,true
243,rare-pause-80,open_loop,80,4000,3982,80,9.179109352669911,168.9794634455975,352.19205714606505,408.42035151166056,false
243,rare-pause-80,closed_loop,80,3864,3863,77.28,10.186552494029456,23.090420018292207,370.0934969724476,413.02855335988716,false
244,rare-pause-80,open_loop,80,4000,3999,80,9.244906082669331,54.29003655909764,343.6199500944422,421.45927906723955,false
244,rare-pause-80,closed_loop,80,3895,3894,77.9,10.336810277040058,21.740064195102605,37.234395639578,413.56889619246067,true
245,rare-pause-80,open_loop,80,4000,3970,80,9.196360832014761,157.9643211863804,371.7771016227125,415.6559171775298,false
245,rare-pause-80,closed_loop,80,3886,3870,77.72,10.008808543119812,22.748199071071213,359.97940013048355,413.3103391400509,false
246,rare-pause-80,open_loop,80,4000,4000,80,9.070152647120267,82.78349812258966,329.41190866932084,408.16937793067336,false
246,rare-pause-80,closed_loop,80,3890,3889,77.8,10.324497959496512,22.51320691795263,33.12853374006954,428.9456853283991,true
247,rare-pause-80,open_loop,80,4000,3999,80,9.058156270650215,81.17090248009481,350.31091946166634,409.9202030623637,false
247,rare-pause-80,closed_loop,80,3898,3897,77.96,10.09482806399319,21.723118861948024,34.18493345647585,419.6256891769299,true
248,rare-pause-80,open_loop,80,4000,3999,80,9.122784732226137,113.20416694907908,340.86389600961047,411.53356127605366,false
248,rare-pause-80,closed_loop,80,3892,3892,77.84,10.258647602935525,22.067632848684298,37.28610107698114,412.6050016296722,true
249,rare-pause-80,open_loop,80,4000,3999,80,9.076445589584182,72.87316084855411,349.0483789625505,414.43380337686904,false
249,rare-pause-80,closed_loop,80,3898,3897,77.96,10.280833506421914,21.747558843708248,34.80824783771095,414.92522511578863,true
250,rare-pause-80,open_loop,80,4000,3995,80,9.10207583400188,96.25069268745574,364.144322034208,414.9123044124135,false
250,rare-pause-80,closed_loop,80,3894,3890,77.88,10.23390930378082,22.10246379093951,58.56218965568405,425.02019935111457,true
251,rare-pause-80,open_loop,80,4000,3999,80,8.952371349630994,79.65376453871067,348.9278685703539,410.2403812833945,false
251,rare-pause-80,closed_loop,80,3893,3893,77.86,10.335318307348643,22.966485076780373,37.82904045091709,407.83904756514676,true
252,rare-pause-80,open_loop,80,4000,4000,80,9.138568922819104,38.88500903140084,335.1050599420123,409.237548630721,false
252,rare-pause-80,closed_loop,80,3893,3893,77.86,10.330460233068152,21.851278863539846,36.1594662916541,421.10205727277935,true
253,rare-pause-80,open_loop,80,4000,3975,80,9.230455320597684,148.12375578821957,364.4861386753837,416.56902488457126,false
253,rare-pause-80,closed_loop,80,3863,3861,77.26,10.385602854083118,22.645452009193832,359.2034299165389,413.86113212804776,false
254,rare-pause-80,open_loop,80,4000,3999,80,9.110400601730362,98.97653647153129,355.40167443576865,413.2404604944677,false
254,rare-pause-80,closed_loop,80,3892,3891,77.84,10.308429050499399,22.588389691418342,33.494872291099455,421.13658743839187,true
255,rare-pause-80,open_loop,80,4000,3999,80,9.162979989901942,100.2007536197525,349.78949765540165,412.7650279233385,false
255,rare-pause-80,closed_loop,80,3901,3900,78.02,10.135128142268513,21.917491083135246,35.207927858646144,407.4992084050391,true
256,rare-pause-80,open_loop,80,4000,3998,80,9.210556479640218,209.16549571284122,382.84325671743136,415.9942122282664,false
256,rare-pause-80,closed_loop,80,3866,3866,77.32,10.186416202450346,21.785872406609997,366.2030939336328,412.5012000341085,false
257,rare-pause-80,open_loop,80,4000,3999,80,9.078357258029428,45.194515744216915,332.48706041921105,409.66418791560864,false
257,rare-pause-80,closed_loop,80,3891,3891,77.82,10.368229139647156,22.72354773042025,42.87988696459797,416.7085973914436,true
258,rare-pause-80,open_loop,80,4000,3999,80,9.060281689198746,63.26307210293453,332.77727858720027,413.03997301629715,false
258,rare-pause-80,closed_loop,80,3898,3897,77.96,10.015527083611232,22.660653626306157,41.929185397091715,408.12515732064276,true
259,rare-pause-80,open_loop,80,4000,3999,80,9.271472444437677,80.2078528280581,336.65041032879526,411.3051019659797,false
259,rare-pause-80,closed_loop,80,3894,3893,77.88,10.371454674314009,22.955891982386674,36.29668910912005,411.55398532862455,true
260,rare-pause-80,open_loop,80,4000,3992,80,9.276572122857033,190.40552691619087,376.27956962883036,412.69535142717723,false
260,rare-pause-80,closed_loop,80,3869,3867,77.38,10.17540980092599,22.645269371270842,359.0177877511924,414.4111249981288,false
261,rare-pause-80,open_loop,80,4000,3971,80,9.100450444155285,140.53125959099634,366.1191696290989,411.9993258781251,false
261,rare-pause-80,closed_loop,80,3877,3873,77.54,10.02433444307826,22.159929746367197,351.9506352821845,407.85201562024304,false
262,rare-pause-80,open_loop,80,4000,3999,80,9.222942827174847,77.0050050173304,345.6850177038941,411.1098289997972,false
262,rare-pause-80,closed_loop,80,3895,3895,77.9,10.242897153555532,21.700951083803375,39.06030857022051,434.02351125011046,true
263,rare-pause-80,open_loop,80,4000,3975,80,9.186571561589517,84.7122883250704,351.2571199695667,410.7280800880253,false
263,rare-pause-80,closed_loop,80,3885,3869,77.7,10.362094350639381,22.490409563793946,355.2943692073859,417.65458220174696,false
264,rare-pause-80,open_loop,80,4000,3985,80,9.32126240758953,179.48003769115167,371.8507353440873,419.78958822424465,false
264,rare-pause-80,closed_loop,80,3862,3861,77.24,10.506325516218567,23.17846585647203,367.1611328216568,422.5874009700419,false
265,rare-pause-80,open_loop,80,4000,3984,80,9.486102414168272,205.3616211379158,369.7181877876501,419.3252482059761,false
265,rare-pause-80,closed_loop,80,3861,3860,77.22,10.243057751918968,24.296407873625867,366.85983842529095,416.682482358141,false
266,rare-pause-80,open_loop,80,4000,3999,80,9.096275562049414,105.21329624437203,370.4063664523346,423.25678742694436,false
266,rare-pause-80,closed_loop,80,3894,3892,77.88,10.218889650866913,22.956016686242947,39.99702792433527,408.60608944181877,true
267,rare-pause-80,open_loop,80,4000,3986,80,9.160428293100267,186.59313794421178,364.05676524186856,414.4678510856247,false
267,rare-pause-80,closed_loop,80,3871,3870,77.42,10.13577334540605,21.798107663809787,360.25827317343646,412.99257805209345,false
268,rare-pause-80,open_loop,80,4000,3984,80,9.20437569024216,90.4521876051258,355.9579991433711,411.15459621845366,false
268,rare-pause-80,closed_loop,80,3895,3879,77.9,10.244768994190963,22.475006793280045,370.559668890437,415.0405033147035,false
269,rare-pause-80,open_loop,80,4000,3999,80,9.065767419408076,42.18148992825445,352.47010076473816,413.022951326202,false
269,rare-pause-80,closed_loop,80,3900,3900,78,10.168180148932151,20.999426668633532,30.747738329122512,420.12286555991886,true
270,rare-pause-80,open_loop,80,4000,3999,80,9.172031500949743,46.37927682427835,331.78159736449743,408.1274787122602,false
270,rare-pause-80,closed_loop,80,3893,3892,77.86,10.140723969852843,23.025172127432597,40.28219264907602,411.61714442302764,true
271,rare-pause-80,open_loop,80,4000,3994,80,9.181079308105836,189.87420734579428,360.950379912254,417.981320348561,false
271,rare-pause-80,closed_loop,80,3866,3865,77.32,10.25363686961282,23.026593046510243,357.9226836905,411.4687124164193,false
272,rare-pause-80,open_loop,80,4000,3975,80,9.246889006193669,170.9121646640706,368.9240637720177,416.19347335728526,false
272,rare-pause-80,closed_loop,80,3872,3868,77.44,10.137381703993015,21.78250898872284,363.03183365003497,415.8189548213122,false
273,rare-pause-80,open_loop,80,4000,3978,80,9.027788053223048,150.21804535231058,366.28280893625924,410.1196839687327,false
273,rare-pause-80,closed_loop,80,3862,3861,77.24,10.342822987608088,22.78517683953396,363.8430002776586,439.0188238560804,false
274,rare-pause-80,open_loop,80,4000,4000,80,9.235894945239124,48.423458451623446,351.92047501694105,410.00101655143226,false
274,rare-pause-80,closed_loop,80,3893,3892,77.86,10.363271067930327,22.653419601367204,35.70338025144156,411.95231454001623,true
275,rare-pause-80,open_loop,80,4000,3980,80,9.204067704995396,203.64267731568543,369.83273016510793,411.41045089321415,false
275,rare-pause-80,closed_loop,80,3863,3863,77.26,10.28540338051971,22.3355028973383,370.1201737172414,423.30451329592324,false
276,rare-pause-80,open_loop,80,4000,3999,80,9.283861321790027,103.59274903164624,350.73410463667824,407.7071272081739,false
276,rare-pause-80,closed_loop,80,3892,3891,77.84,10.47920461546164,23.04321382600392,41.18462857346458,408.9008771549379,true
277,rare-pause-80,open_loop,80,4000,3983,80,9.274676840555912,180.22462895898207,364.9371342030936,411.21017590991323,false
277,rare-pause-80,closed_loop,80,3871,3869,77.42,9.947751437401166,21.81819322281808,364.0093809516911,420.248714518435,false
278,rare-pause-80,open_loop,80,4000,4000,80,9.114001123984053,34.61951850985133,333.4261965757105,407.61364405662243,false
278,rare-pause-80,closed_loop,80,3887,3886,77.74,10.330330728429544,23.815864971649717,41.633548421588785,422.3971603397258,true
279,rare-pause-80,open_loop,80,4000,3993,80,9.143746966597973,158.1113641371012,356.7069157188889,410.07478816146613,false
279,rare-pause-80,closed_loop,80,3869,3868,77.38,10.074845121416729,22.209614267150755,345.9975898718985,427.6896171045737,false
280,rare-pause-80,open_loop,80,4000,3984,80,9.28767412018351,177.25354814028105,352.36744912181894,410.9086213446353,false
280,rare-pause-80,closed_loop,80,3858,3857,77.16,10.625954217364779,23.98353349957324,370.44896421962403,429.44815901717084,false
281,rare-pause-80,open_loop,80,4000,4000,80,9.225063242720353,91.8109969358884,348.88734320055664,412.7866669867799,false
281,rare-pause-80,closed_loop,80,3898,3898,77.96,10.035293975677632,22.15883573085739,39.298702279229474,417.92210338727455,true
282,rare-pause-80,open_loop,80,4000,4000,80,9.197523473048932,87.28224709352435,360.71957066235336,421.71589771573053,false
282,rare-pause-80,closed_loop,80,3892,3891,77.84,10.221032692956214,22.300218834599946,41.775931323376426,432.55195518124674,true
283,rare-pause-80,open_loop,80,4000,4000,80,9.228514488320798,35.063773271605896,340.09212762704556,409.16405669256346,false
283,rare-pause-80,closed_loop,80,3896,3895,77.92,10.0365727926619,22.08769163861143,33.75510914293409,428.31431747306124,true
284,rare-pause-80,open_loop,80,4000,3999,80,9.161850402444543,83.7248036978126,366.40382881245023,425.12432965033076,false
284,rare-pause-80,closed_loop,80,3889,3888,77.78,10.165733798734436,23.462622827166342,37.90096297837954,429.7062844329521,true
285,rare-pause-80,open_loop,80,4000,3990,80,9.205530563354841,83.8753698556975,355.51638891969924,411.7309675859615,false
285,rare-pause-80,closed_loop,80,3893,3885,77.86,10.212276861981081,22.331845546381373,352.061984476557,414.97019582794746,false
286,rare-pause-80,open_loop,80,4000,3999,80,9.089421209875582,36.47683343353856,328.497032114974,414.7984683755167,false
286,rare-pause-80,closed_loop,80,3888,3887,77.76,10.378860815108055,24.547857549663604,41.56472983249114,435.6940137480997,true
287,rare-pause-80,open_loop,80,4000,3985,80,9.27047980750649,148.61416609397202,357.8441821440283,415.8754580882087,false
287,rare-pause-80,closed_loop,80,3863,3862,77.26,10.377069545236736,24.621334270748775,349.7459855810812,416.99090989023534,false
288,rare-pause-80,open_loop,80,4000,3991,80,9.230260182339407,148.63396061387175,355.4928727221377,408.8293523038665,false
288,rare-pause-80,closed_loop,80,3867,3865,77.34,10.295467716425264,22.922574645563145,351.69305594542675,411.99670457510365,false
289,rare-pause-80,open_loop,80,4000,4000,80,9.173387425782494,92.79365624125421,365.5434534183005,417.2165347030823,false
289,rare-pause-80,closed_loop,80,3892,3892,77.84,10.37759583956722,22.77370796194191,33.865924248744705,412.33479100986006,true
290,rare-pause-80,open_loop,80,4000,3998,80,9.286716288967,190.8246448754944,366.0479616039738,412.73731829273675,false
290,rare-pause-80,closed_loop,80,3863,3862,77.26,10.275192629014782,23.48755227177753,356.41056001155084,421.48481162651296,false
291,rare-pause-80,open_loop,80,4000,3999,80,9.212194929743418,79.16137671135584,329.50225938338554,411.7986238212907,false
291,rare-pause-80,closed_loop,80,3898,3898,77.96,10.109204940767086,22.301904132211348,32.24041649297578,412.60299765859963,true
292,rare-pause-80,open_loop,80,4000,3999,80,9.156369553642435,83.94020781839208,349.96049322558247,412.4253523679654,false
292,rare-pause-80,closed_loop,80,3893,3893,77.86,10.208411504943797,21.619326537409506,35.04652362001434,414.63546516487986,true
293,rare-pause-80,open_loop,80,4000,3999,80,9.186394127082167,83.48446137525752,341.76545805172645,411.8435947623948,false
293,rare-pause-80,closed_loop,80,3897,3897,77.94,10.130430736411654,22.178074073912285,34.99063349818243,418.33075167663264,true
294,rare-pause-80,open_loop,80,4000,3999,80,9.094848894630559,42.0444687419149,332.0800601436349,408.95954412613355,false
294,rare-pause-80,closed_loop,80,3892,3892,77.84,10.245203169346496,23.367525127076078,34.40623864684312,412.9534103558035,true
295,rare-pause-80,open_loop,80,4000,4000,80,9.104068348970031,73.75441675158072,350.87172126586665,416.6473779007865,false
295,rare-pause-80,closed_loop,80,3894,3894,77.88,10.219160027842008,22.720183975710825,37.52548303597723,411.33685776084894,true
296,rare-pause-80,open_loop,80,4000,3997,80,9.181293766545423,79.65755431490106,335.9633419417005,414.62082859966176,false
296,rare-pause-80,closed_loop,80,3891,3887,77.82,10.357176143166726,23.219489497721952,39.69191465636686,417.4477936544645,true
297,rare-pause-80,open_loop,80,4000,3976,80,9.152207939310756,125.2541655767709,365.9967447105446,413.4832487652093,false
297,rare-pause-80,closed_loop,80,3862,3861,77.24,10.35859307791543,22.80634899943834,362.05632460896595,426.67314028281544,false
298,rare-pause-80,open_loop,80,4000,3985,80,9.311394211545121,107.49837368840599,360.571415366554,407.83294128999114,false
298,rare-pause-80,closed_loop,80,3897,3881,77.94,10.272326262951538,23.185299515680526,357.25159404689475,415.9673670603297,false
299,rare-pause-80,open_loop,80,4000,3974,80,9.242679477618367,84.25464259319051,355.5460166605044,411.2517369242414,false
299,rare-pause-80,closed_loop,80,3881,3865,77.62,10.340787696364714,22.445324867177987,372.81257217143866,418.90370381397224,false
300,rare-pause-80,open_loop,80,4000,4000,80,9.178648225592042,51.787290971267794,341.11538901574386,414.8490933182766,false
300,rare-pause-80,closed_loop,80,3895,3895,77.9,10.267810326109611,22.261534816789208,33.69643251533125,408.5238325199098,true
301,rare-pause-80,open_loop,80,4000,3999,80,9.079404675047044,66.19033439338455,320.11443907622015,408.90632131068924,false
301,rare-pause-80,closed_loop,80,3894,3894,77.88,10.342483882450324,21.841491942919674,37.27386726833356,413.267316459478,true
302,rare-pause-80,open_loop,80,4000,3999,80,9.176704381170566,30.32118178295059,327.5933775676458,407.5874290282045,false
302,rare-pause-80,closed_loop,80,3894,3894,77.88,10.239620313499472,23.511348090039974,38.167688084162364,409.20815957662126,true
303,rare-pause-80,open_loop,80,4000,3999,80,9.122888506266463,90.89428578728985,342.0291677526184,405.7965170952375,false
303,rare-pause-80,closed_loop,80,3892,3891,77.84,10.294506100137369,22.98216663429048,41.17603830185908,409.84865384358636,true
304,rare-pause-80,open_loop,80,4000,3998,80,9.10676826137933,56.826005481136235,329.77789470239804,422.7209635424915,false
304,rare-pause-80,closed_loop,80,3898,3897,77.96,10.214367174961808,21.2667000793881,37.08815862768461,415.35602493921397,true
305,rare-pause-80,open_loop,80,4000,3982,80,9.063390533847269,172.91215376710898,370.7687421821429,417.31408222420214,false
305,rare-pause-80,closed_loop,80,3856,3856,77.12,10.362198163711582,23.28701615886166,382.63680929619295,427.85463772860385,false
306,rare-pause-80,open_loop,80,4000,3999,80,9.342844687267643,179.90231588241295,365.2448998862601,415.201415160569,false
306,rare-pause-80,closed_loop,80,3868,3866,77.36,10.292509431434155,22.621815914702893,369.001569307984,414.19511593761854,false
307,rare-pause-80,open_loop,80,4000,3983,80,9.03118494481896,55.69155972262524,373.64055753113644,413.6062244969835,false
307,rare-pause-80,closed_loop,80,3895,3879,77.9,10.158512132147735,23.03272477144492,353.8039938056536,418.2284838554697,false
308,rare-pause-80,open_loop,80,4000,3980,80,9.202040552903782,203.57363220268235,377.3342087949932,427.7029982071035,false
308,rare-pause-80,closed_loop,80,3870,3870,77.4,10.070770280988654,21.047425554672373,368.34974447635614,413.2175297719805,false
309,rare-pause-80,open_loop,80,4000,3968,80,9.287462357679033,142.37747745330125,369.6818682961348,416.3078817708192,false
309,rare-pause-80,closed_loop,80,3873,3861,77.46,10.148440090830263,23.437602137033537,370.76781087990094,423.4149170828168,false
310,rare-pause-80,open_loop,80,4000,4000,80,9.089818268605086,100.10350862815176,341.5642614889621,407.70975893725335,false
310,rare-pause-80,closed_loop,80,3895,3894,77.9,10.056664589796128,22.14558474482328,37.908325080883515,417.33482330946936,true
311,rare-pause-80,open_loop,80,4000,3999,80,9.274373929616559,67.14582695638819,352.4991092647324,412.6486787092581,false
311,rare-pause-80,closed_loop,80,3896,3894,77.92,10.206320997018338,21.768205628552096,39.2878111071841,409.37158789460227,true
312,rare-pause-80,open_loop,80,4000,4000,80,9.072877847422205,27.2298344351002,333.47402972150303,413.2880016925483,false
312,rare-pause-80,closed_loop,80,3896,3896,77.92,10.228173745272215,22.411487764577032,35.082199017633684,409.0937664978701,true
313,rare-pause-80,open_loop,80,4000,3997,80,9.093856413775939,72.22345324613707,348.6320451737265,417.1922521939341,false
313,rare-pause-80,closed_loop,80,3897,3894,77.94,10.282662905548932,21.196273823767115,36.69027899453431,420.31182826773875,true
314,rare-pause-80,open_loop,80,4000,3981,80,9.241113123352989,100.47632172289741,359.796016315664,412.39258361563407,false
314,rare-pause-80,closed_loop,80,3899,3883,77.98,10.015267223199771,22.276869163455558,365.05405320763384,408.358578854808,false
315,rare-pause-80,open_loop,80,4000,3996,80,9.221442770271096,179.96981847736606,353.39713941019363,426.7779554885856,false
315,rare-pause-80,closed_loop,80,3864,3862,77.28,10.210223234644218,22.543140422545548,362.611162372079,424.7886925470011,false
316,rare-pause-80,open_loop,80,4000,3981,80,9.189947897837556,89.09414827546425,362.9142147934799,411.83904537549097,false
316,rare-pause-80,closed_loop,80,3886,3870,77.72,10.530431910949119,23.698747773174546,357.679568589323,410.6746370065084,false
317,rare-pause-80,open_loop,80,4000,3999,80,9.047794207137486,47.65233701224497,343.83878412641207,411.42837403114027,false
317,rare-pause-80,closed_loop,80,3898,3897,77.96,10.069380037075462,21.72800891588122,34.30585614936717,416.70725627560023,true
318,rare-pause-80,open_loop,80,4000,3996,80,9.216120135890378,183.01989964475797,361.6179139810629,408.00128526675326,false
318,rare-pause-80,closed_loop,80,3863,3862,77.26,10.429189765680349,24.055591639749764,360.5506430479836,422.54610363662505,false
319,rare-pause-80,open_loop,80,4000,3974,80,9.177023744534381,131.34733961335587,364.62678528004835,418.01118338110973,false
319,rare-pause-80,closed_loop,80,3860,3859,77.2,10.227615972515196,23.670652438631805,361.3627043611341,420.4609460115753,false
320,rare-pause-80,open_loop,80,4000,3975,80,9.175776349065927,130.74849228336097,360.9351922052265,411.8364341429551,false
320,rare-pause-80,closed_loop,80,3871,3869,77.42,9.979502421247162,22.262278502115805,358.9943670272187,421.4572565117487,false
1,bursty-pause-80,open_loop,80,4000,3999,80,9.335347284475574,462.83610829809913,748.329701770388,806.7701659953382,false
1,bursty-pause-80,closed_loop,80,3833,3832,76.66,10.015993065826478,21.793745205795858,35.293091652172734,818.9819488574358,true
2,bursty-pause-80,open_loop,80,4000,3985,80,9.566004059248371,546.3821930606282,769.2072561239183,810.6826092562478,false
2,bursty-pause-80,closed_loop,80,3830,3816,76.6,10.249100238386745,23.020309248146077,763.6870343843402,823.4618471643262,false
3,bursty-pause-80,open_loop,80,4000,3999,80,9.28793838133788,451.37230942285896,727.0539857085641,811.4083283945947,false
3,bursty-pause-80,closed_loop,80,3835,3834,76.7,10.024975901960715,21.57334951314988,34.5998598745864,812.1582680295032,true
4,bursty-pause-80,open_loop,80,4000,3999,80,9.411919899550412,467.95166220467945,738.8510792634843,811.6769860726126,false
4,bursty-pause-80,closed_loop,80,3831,3830,76.62,10.269452417727734,22.280375491973246,35.27998624093743,810.79388292773,true
5,bursty-pause-80,open_loop,80,4000,3999,80,9.453452387766447,458.8916886599036,736.2288272827282,808.9264615205757,false
5,bursty-pause-80,closed_loop,80,3840,3840,76.8,9.752990617816977,21.00903508556985,33.98850558870981,842.7400920175496,true
6,bursty-pause-80,open_loop,80,4000,3999,80,9.39204466134106,471.6676457094727,744.8750940694081,819.5478739232749,false
6,bursty-pause-80,closed_loop,80,3827,3827,76.54,10.450769788731122,22.949554582461133,36.90813306221389,808.4119160118134,true
7,bursty-pause-80,open_loop,80,4000,3961,80,9.442942453986689,512.1322680521043,769.316108846906,815.8642096557523,false
7,bursty-pause-80,closed_loop,80,3811,3795,76.22,10.072170928044216,22.1857884231722,766.5984432553523,815.4337976020724,false
8,bursty-pause-80,open_loop,80,4000,3936,80,9.606238794025558,588.4885328517012,772.2244398436524,814.704823212116,false
8,bursty-pause-80,closed_loop,80,3783,3767,75.66,10.072210812744743,23.277525120596692,772.2968059234408,822.7241735646385,false
9,bursty-pause-80,open_loop,80,4000,4000,80,9.506565682546352,471.03282610308815,746.6589538432381,818.1189115825473,false
9,bursty-pause-80,closed_loop,80,3832,3831,76.64,10.18459300637187,21.93246626916516,35.85023167316831,810.947228516321,true
10,bursty-pause-80,open_loop,80,4000,3948,80,9.655774273991483,579.7994780888548,773.7298719670944,813.751148515541,false
10,bursty-pause-80,closed_loop,80,3767,3767,75.34,10.109678008207993,23.427011751929967,775.010653671321,821.8340511226052,false
11,bursty-pause-80,open_loop,80,4000,3987,80,9.579380265495274,484.50350111962325,760.9424385300008,816.5616571001519,false
11,bursty-pause-80,closed_loop,80,3827,3815,76.54,10.24566753990075,23.69164450193057,760.9153074723436,818.1770746469374,false
12,bursty-pause-80,open_loop,80,4000,3981,80,9.49689282032341,486.99207293910877,770.129868097385,814.4530400500589,false
12,bursty-pause-80,closed_loop,80,3830,3814,76.6,10.090841133875074,22.50598234829522,773.6349838085735,813.4219904837701,false
13,bursty-pause-80,open_loop,80,4000,3999,80,9.560087314996053,500.06264431925956,753.664648840946,812.1527867942859,false
13,bursty-pause-80,closed_loop,80,3830,3829,76.6,10.144314772202051,23.073845782477292,34.29746146970865,827.6368949737262,true
14,bursty-pause-80,open_loop,80,4000,3963,80,9.617184644081135,519.0072086167056,759.232100149311,809.5752598701074,false
14,bursty-pause-80,closed_loop,80,3810,3794,76.2,10.210817823193793,24.09008938929037,756.0848559514925,808.4442635171508,false
15,bursty-pause-80,open_loop,80,4000,3951,80,9.658356485417244,595.3241436445533,772.4183804455824,815.3195114549453,false
15,bursty-pause-80,closed_loop,80,3772,3771,75.44,10.125429793322837,22.505101837694383,760.8426440040712,819.5147716371139,false
16,bursty-pause-80,open_loop,80,4000,3939,80,9.561108328751288,535.2815447608955,755.9211094202255,817.641992332763,false
16,bursty-pause-80,closed_loop,80,3785,3769,75.7,10.399747417475737,23.642658583281445,753.7730431234668,811.8260289641039,false
17,bursty-pause-80,open_loop,80,4000,3976,80,9.572841942223022,474.0780064911378,761.67071268781,812.1602795257204,false
17,bursty-pause-80,closed_loop,80,3827,3811,76.54,10.10213475843193,23.07970580314577,768.399899478507,830.5804161536944,false
18,bursty-pause-80,open_loop,80,4000,3967,80,9.52060741945752,533.7613801358748,762.9510969600524,810.4514154261233,false
18,bursty-pause-80,closed_loop,80,3816,3800,76.32,10.241069467643683,23.719178620733146,760.9007465479226,816.5596968386672,false
19,bursty-pause-80,open_loop,80,4000,3945,80,9.554914834519877,543.2629491855041,768.0044393418138,810.603887102232,false
19,bursty-pause-80,closed_loop,80,3795,3779,75.9,10.141758683297667,22.664653510888456,759.343372420255,824.0902829391634,false
20,bursty-pause-80,open_loop,80,4000,3964,80,9.483014581808675,495.14112482419296,761.4800329506943,818.5117151288541,false
20,bursty-pause-80,closed_loop,80,3812,3796,76.24,10.314224098117847,23.271457256436406,765.2973822896529,810.168126542354,false
21,bursty-pause-80,open_loop,80,4000,3999,80,9.425209304637974,456.27355199654994,758.0380163853915,804.7103935001032,false
21,bursty-pause-80,closed_loop,80,3829,3828,76.58,10.331539068189159,23.176034187868936,38.10064288826834,806.3807056631449,true
22,bursty-pause-80,open_loop,80,4000,3999,80,9.521773020711407,461.9110610300704,756.0819694476813,826.2902626483192,false
22,bursty-pause-80,closed_loop,80,3823,3822,76.46,10.500715735779522,23.25229283774388,43.28647403608193,821.6125886736845,true
23,bursty-pause-80,open_loop,80,4000,3967,80,9.516862333621248,517.1332633058773,770.5766689686425,813.5555815186162,false
23,bursty-pause-80,closed_loop,80,3814,3798,76.28,10.400891031080391,22.284210785546748,766.4775342003486,816.5761302386745,false
24,bursty-pause-80,open_loop,80,4000,3961,80,9.799028722380172,584.723604014107,775.0458333728093,813.6432768939922,false
24,bursty-pause-80,closed_loop,80,3765,3764,75.3,10.188997164841567,23.201084673222795,787.0591068798167,829.6455749888955,false
25,bursty-pause-80,open_loop,80,4000,3968,80,9.406072365192813,541.1282509421835,759.2567985492497,815.6800955454164,false
25,bursty-pause-80,closed_loop,80,3818,3802,76.36,10.22713470042072,22.634884017781587,756.9280048011278,815.2668527977658,false
26,bursty-pause-80,open_loop,80,4000,3994,80,9.408125219342764,431.6421787755389,736.4257256031306,811.7328729464934,false
26,bursty-pause-80,closed_loop,80,3834,3828,76.68,10.216352036928583,21.034327419933106,33.99000685965075,814.0076566694188,true
27,bursty-pause-80,open_loop,80,4000,3957,80,9.408803406688094,564.09964105994,762.7965685815288,809.3657956325624,false
27,bursty-pause-80,closed_loop,80,3802,3786,76.04,10.394694398230058,22.55871230115008,766.0183116197295,819.2762637070628,false
28,bursty-pause-80,open_loop,80,4000,3975,80,9.492913133421098,494.1351423421511,757.0455944905661,815.273654808494,false
28,bursty-pause-80,closed_loop,80,3821,3805,76.42,10.197047840090818,23.198288329709612,765.8558908338491,821.5615805444395,false
29,bursty-pause-80,open_loop,80,4000,3953,80,9.441501861276265,544.2466077768258,776.9261546912348,815.1516696207473,false
29,bursty-pause-80,closed_loop,80,3793,3777,75.86,10.666195160221832,23.445134806534043,759.7558184347145,826.2007682549738,false
30,bursty-pause-80,open_loop,80,4000,4000,80,9.420697053799813,458.7101600972601,727.3643008826111,808.413967079563,false
30,bursty-pause-80,closed_loop,80,3830,3830,76.6,10.249854864792724,21.820407489334684,35.3561663195178,834.2663254025174,true
31,bursty-pause-80,open_loop,80,4000,3953,80,9.585110814965446,586.7471842920859,764.8070101036938,813.4693151578067,false
31,bursty-pause-80,closed_loop,80,3767,3766,75.34,10.226318232618723,23.137769813918567,775.6331050838562,813.247597750953,false
32,bursty-pause-80,open_loop,80,4000,3999,80,9.267419337680622,445.4181171108248,747.5773362471336,809.3601219148622,false
32,bursty-pause-80,closed_loop,80,3826,3826,76.52,10.465095531064435,22.476704364908073,37.24931581856072,818.4429787773333,true
33,bursty-pause-80,open_loop,80,4000,3999,80,9.531105754140299,528.6289251100825,766.2917052428384,815.5024173026177,false
33,bursty-pause-80,closed_loop,80,3835,3834,76.7,10.134582762584614,21.397187340324308,38.319828148352826,811.1936148613786,true
34,bursty-pause-80,open_loop,80,4000,3943,80,9.795614899212524,601.2144596613507,748.9905150758059,811.302056266104,false
34,bursty-pause-80,closed_loop,80,3773,3773,75.46,9.967515695836482,22.65713390286328,751.0111056170281,818.4882977596462,false
35,bursty-pause-80,open_loop,80,4000,3999,80,9.261796970065916,474.7082978437029,744.0420498970634,816.1555276009531,false
35,bursty-pause-80,closed_loop,80,3825,3825,76.5,10.28875880011401,22.49785710220749,34.79390808379685,817.6747295802634,true
36,bursty-pause-80,open_loop,80,4000,3965,80,9.534276082529686,528.2810063826437,761.151372253742,818.7814692051979,false
36,bursty-pause-80,closed_loop,80,3816,3800,76.32,10.11376580106662,21.858618827423925,764.2122753335243,813.8388036647957,false
37,bursty-pause-80,open_loop,80,4000,3943,80,9.588099317406886,574.3370494843548,762.4353421019732,816.9428403733036,false
37,bursty-pause-80,closed_loop,80,3766,3766,75.32,10.309657022997271,23.403141580027295,762.7305224772754,820.963674017723,false
38,bursty-pause-80,open_loop,80,4000,3999,80,9.547973511289456,472.77673090480675,759.0664591781097,815.8673174053038,false
38,bursty-pause-80,closed_loop,80,3837,3836,76.74,10.148101786031475,20.882305645274755,31.924701217209076,822.2062431357917,true
39,bursty-pause-80,open_loop,80,4000,3999,80,9.560670485763694,446.05344136182975,734.1567992844284,811.9916363185985,false
39,bursty-pause-80,closed_loop,80,3835,3834,76.7,10.107439113999135,21.970236718989327,35.58711705472342,810.3228797920528,true
40,bursty-pause-80,open_loop,80,4000,3999,80,9.44984427847885,495.5328192253364,748.7644345969056,824.1658984226742,false
40,bursty-pause-80,closed_loop,80,3831,3830,76.62,10.190031529993576,22.05722263665666,36.055832602385635,838.0993501136036,true
41,bursty-pause-80,open_loop,80,4000,3995,80,9.318177371427737,440.6329092354208,741.4288711517074,813.8396037084531,false
41,bursty-pause-80,closed_loop,80,3834,3828,76.68,10.245381592736521,21.599457643487767,46.982004389145004,813.4716865859991,true
42,bursty-pause-80,open_loop,80,4000,3999,80,9.372226483217673,473.3856215677297,753.5764194900185,819.6860934947326,false
42,bursty-pause-80,closed_loop,80,3832,3831,76.64,10.084618663197034,22.182941374419897,34.28391009585175,819.5904396951155,true
43,bursty-pause-80,open_loop,80,4000,3999,80,9.341637639387045,402.88145875205737,736.4324172120723,812.2672901353544,false
43,bursty-pause-80,closed_loop,80,3833,3832,76.66,10.090495325421216,22.541814172363956,39.90181892070905,813.636210032204,true
44,bursty-pause-80,open_loop,80,4000,4000,80,9.382210453455627,453.5856232749502,729.8310517679274,808.915571396119,false
44,bursty-pause-80,closed_loop,80,3832,3832,76.64,10.069940859437338,22.499547113522567,34.22115803226188,816.0528933923233,true
45,bursty-pause-80,open_loop,80,4000,3999,80,9.332851887756988,458.7582919104607,735.3353755601638,812.9898645941248,false
45,bursty-pause-80,closed_loop,80,3826,3823,76.52,10.418647419137415,23.410469266069413,39.127963094702864,813.1542362243636,true
46,bursty-pause-80,open_loop,80,4000,3999,80,9.445184361786232,459.0193722711483,748.7733750963598,820.3795432745137,false
46,bursty-pause-80,closed_loop,80,3834,3833,76.68,10.049366822917364,21.9234311496366,35.96151875300711,811.5212614038537,true
47,bursty-pause-80,open_loop,80,4000,4000,80,9.294079163511924,466.8615351997105,747.9910066856974,811.7514224736879,false
47,bursty-pause-80,closed_loop,80,3829,3829,76.58,10.291834607749479,22.88556003572012,36.92964913900505,811.9640870824223,true
48,bursty-pause-80,open_loop,80,4000,3954,80,9.864270766656773,602.2984634312743,767.2816707341117,812.674884339227,false
48,bursty-pause-80,closed_loop,80,3767,3766,75.34,10.430380915742717,24.328837866454705,750.9429393031205,827.0672919323479,false
49,bursty-pause-80,open_loop,80,4000,3982,80,9.454102789561148,499.5145569953893,759.0372208982262,812.9879125947919,false
49,bursty-pause-80,closed_loop,80,3834,3818,76.68,10.053286766826204,21.736033311288338,765.8478691057353,821.3085360596378,false
50,bursty-pause-80,open_loop,80,4000,4000,80,9.4591652445597,443.19055634516553,734.320273605339,809.6623617847799,false
50,bursty-pause-80,closed_loop,80,3831,3830,76.62,10.205491141627135,22.70846700637412,36.165517780493246,826.1070922061517,true
51,bursty-pause-80,open_loop,80,4000,4000,80,9.425166821783932,488.52556570705565,756.827459575401,814.7056492527918,false
51,bursty-pause-80,closed_loop,80,3834,3833,76.68,10.019531179765181,21.702528967085527,36.614464934551506,826.7802858022769,true
52,bursty-pause-80,open_loop,80,4000,3945,80,9.69520953922256,617.0804179387778,781.7241430177819,815.3981741227326,false
52,bursty-pause-80,closed_loop,80,3771,3769,75.42,10.506237689573027,23.49740210033633,749.7110648635135,813.0044666553658,false
53,bursty-pause-80,open_loop,80,4000,3999,80,9.553970863122231,453.6145871678855,733.0145161741893,817.0120083988113,false
53,bursty-pause-80,closed_loop,80,3837,3836,76.74,9.98280691133914,20.885591469363135,38.95330058524996,852.5881498950985,true
54,bursty-pause-80,open_loop,80,4000,3942,80,9.501893413063954,555.6682176322647,763.7753994694103,813.3446976696941,false
54,bursty-pause-80,closed_loop,80,3788,3772,75.76,10.315477622607432,23.03486928617349,766.5047988904007,826.2389714660458,false
55,bursty-pause-80,open_loop,80,4000,3978,80,9.40089132230969,478.3932638389233,752.3865749561373,812.4044517616203,false
55,bursty-pause-80,closed_loop,80,3826,3810,76.52,10.192807625535352,22.897550547946594,763.5399620030657,818.7358243255003,false
56,bursty-pause-80,open_loop,80,4000,3991,80,9.418995905391057,460.6076912003955,749.3943800649067,811.5073732755918,false
56,bursty-pause-80,closed_loop,80,3832,3822,76.64,10.13237570657293,21.955456971096282,776.0704794162411,824.4248811533398,false
57,bursty-pause-80,open_loop,80,4000,4000,80,9.349143775172706,507.74990532589436,750.0394697983247,821.3643420231674,false
57,bursty-pause-80,closed_loop,80,3836,3835,76.72,10.114385153465264,21.559548926707066,35.43139346053067,809.810591102836,true
58,bursty-pause-80,open_loop,80,4000,4000,80,9.418918420422415,453.6562683720258,726.928565554641,812.9247584342556,false
58,bursty-pause-80,closed_loop,80,3833,3832,76.66,9.978412041033152,22.099513389715867,39.12660461415726,827.0516508416185,true
59,bursty-pause-80,open_loop,80,4000,3999,80,9.406918746990414,455.57186766279483,740.4166150331657,807.943922248829,false
59,bursty-pause-80,closed_loop,80,3840,3840,76.8,10.005321874581568,20.38484498230173,33.51172131792555,815.8077978494148,true
60,bursty-pause-80,open_loop,80,4000,3999,80,9.371395954967738,471.26818298109356,744.2159119290154,813.0485937858612,false
60,bursty-pause-80,closed_loop,80,3827,3826,76.54,10.305670164103503,22.963096390074497,34.14907554252568,812.2986015597853,true
61,bursty-pause-80,open_loop,80,4000,3999,80,9.541449862656009,428.6893517668286,734.1892690072636,809.5754236673201,false
61,bursty-pause-80,closed_loop,80,3826,3826,76.52,10.317545460617112,23.38380428574783,38.72411028770148,827.2901656680042,true
62,bursty-pause-80,open_loop,80,4000,3976,80,9.361088455370918,462.62316680410004,765.7657348169596,813.2009924004888,false
62,bursty-pause-80,closed_loop,80,3830,3814,76.6,9.998195612170093,21.685265374326264,766.9647905627935,816.8131079967861,false
63,bursty-pause-80,open_loop,80,4000,3936,80,9.671822451122353,588.4121534826845,782.5699938428224,818.8833293670032,false
63,bursty-pause-80,closed_loop,80,3771,3767,75.42,10.404681931853702,24.351528004575812,759.7023331281307,821.6055486962505,false
64,bursty-pause-80,open_loop,80,4000,3971,80,9.562710247555515,497.9340610887157,773.715046445559,819.4631908279771,false
64,bursty-pause-80,closed_loop,80,3817,3801,76.34,10.24708625528001,23.13104643866245,761.1745473284063,827.8689777553373,false
65,bursty-pause-80,open_loop,80,4000,3998,80,9.469314230744203,460.84321051051666,722.0344924061465,808.8062169377445,false
65,bursty-pause-80,closed_loop,80,3832,3832,76.64,10.170274832602445,21.99514013378939,34.069889692455035,825.658271967448,true
66,bursty-pause-80,open_loop,80,4000,3999,80,9.557783482530795,466.54647766295966,730.1008798782786,811.688616276173,false
66,bursty-pause-80,closed_loop,80,3835,3833,76.7,10.070099472060974,21.595936471931054,35.257479193329345,823.1758593486229,true
67,bursty-pause-80,open_loop,80,4000,3942,80,9.449410930159502,578.8123148154264,758.0897962353702,812.1939026821128,false
67,bursty-pause-80,closed_loop,80,3785,3769,75.7,10.361995110637508,23.57582494442613,774.3686401312407,811.2980656915752,false
68,bursty-pause-80,open_loop,80,4000,3999,80,9.41465837728174,447.65312007412285,729.7310694859407,810.7119406523889,false
68,bursty-pause-80,closed_loop,80,3826,3826,76.52,10.438186473744281,23.022169785377628,38.82643999772699,812.9476264687546,true
69,bursty-pause-80,open_loop,80,4000,4000,80,9.436780135358276,435.0165897799852,726.6180917538732,807.8945515382875,false
69,bursty-pause-80,closed_loop,80,3832,3832,76.64,10.059816816134116,23.177115000376943,35.92898056463673,812.5102283779779,true
70,bursty-pause-80,open_loop,80,4000,3941,80,9.724469873883208,601.2023840871043,776.2224240189789,813.3197491482424,false
70,bursty-pause-80,closed_loop,80,3770,3769,75.4,10.214497853361536,23.408859520455735,763.8698793783915,815.7098927170882,false
71,bursty-pause-80,open_loop,80,4000,3980,80,9.571536854869919,499.5792194432797,770.9914957624933,808.5401017832119,false
71,bursty-pause-80,closed_loop,80,3821,3805,76.42,10.300015085107589,23.669437950939027,776.1441674190428,831.0107039650975,false
72,bursty-pause-80,open_loop,80,4000,3999,80,9.527871582684384,453.62722799004405,733.7271102013547,807.812173244838,false
72,bursty-pause-80,closed_loop,80,3828,3828,76.56,10.345477017839585,23.30918777847546,44.33320895600991,813.6698854597198,true
73,bursty-pause-80,open_loop,80,4000,3987,80,9.446643344977929,506.35339097101314,756.8227393917587,806.8648724759769,false
73,bursty-pause-80,closed_loop,80,3834,3821,76.68,10.042064544395544,22.322207682162116,771.6559374619465,816.1531679486652,false
74,bursty-pause-80,open_loop,80,4000,4000,80,9.324981376448704,459.8962661782134,749.2820578483879,810.1420422038573,false
74,bursty-pause-80,closed_loop,80,3834,3832,76.68,10.082322085312626,22.107632569874113,40.3794541425159,811.7026050932473,true
75,bursty-pause-80,open_loop,80,4000,3949,80,9.411796348009375,525.0296910623365,767.3008201857374,814.9718127459382,false
75,bursty-pause-80,closed_loop,80,3797,3781,75.94,10.326240302596489,22.883434200062766,756.7393955479711,810.0606577851213,false
76,bursty-pause-80,open_loop,80,4000,3999,80,9.38599201872421,470.20714995885646,744.985057689948,822.2671690175994,false
76,bursty-pause-80,closed_loop,80,3835,3834,76.7,10.117384732031496,21.894419594551437,35.12307378217156,813.3437398533715,true
77,bursty-pause-80,open_loop,80,4000,3957,80,9.458773972575727,522.3475185235147,765.0083816104307,816.0116227428298,false
77,bursty-pause-80,closed_loop,80,3805,3789,76.1,10.167800340397662,23.329943281103624,769.8848003036474,813.8153907680971,false
78,bursty-pause-80,open_loop,80,4000,3999,80,9.422311009191617,445.86219069192157,730.942414522935,813.0779846039077,false
78,bursty-pause-80,closed_loop,80,3830,3829,76.6,10.324193182481395,23.110803956587915,35.905970555799286,818.9685005929423,true
79,bursty-pause-80,open_loop,80,4000,3999,80,9.506563914030266,430.4237201413125,737.6688357160747,817.171191522124,false
79,bursty-pause-80,closed_loop,80,3827,3827,76.54,10.278124853182817,23.040064957265713,43.445900568911384,819.6887530980603,true
80,bursty-pause-80,open_loop,80,4000,3999,80,9.618025262563606,453.48248262759444,732.4684604688227,811.6171239490577,false
80,bursty-pause-80,closed_loop,80,3832,3832,76.64,10.170117350866349,22.04678724666155,33.85321049375489,812.0466999913951,true
81,bursty-pause-80,open_loop,80,4000,4000,80,9.613671668237657,457.9183732127167,735.6893472307711,809.9697614426841,false
81,bursty-pause-80,closed_loop,80,3832,3831,76.64,10.34784683198086,21.985950959748152,40.46774298007222,815.870401426946,true
82,bursty-pause-80,open_loop,80,4000,3999,80,9.445462734969624,461.70188318584405,733.9821578508854,807.9129833476691,false
82,bursty-pause-80,closed_loop,80,3827,3826,76.54,10.535793800276224,22.29098240059102,45.00477109425992,814.2386643611098,true
83,bursty-pause-80,open_loop,80,4000,4000,80,9.48350049592409,443.3023289646153,736.1481228151606,812.8453234859699,false
83,bursty-pause-80,closed_loop,80,3836,3835,76.72,10.224953405017004,21.682180784227967,36.18598061305238,809.0642473338739,true
84,bursty-pause-80,open_loop,80,4000,3999,80,9.547940489959728,474.0851691115895,760.0329794970676,813.8581923456186,false
84,bursty-pause-80,closed_loop,80,3831,3828,76.62,10.243370544885693,22.23005887876934,38.0767957946955,819.4043522456413,true
85,bursty-pause-80,open_loop,80,4000,3952,80,9.714798827706545,572.853162420608,764.6393685370786,820.9146799191294,false
85,bursty-pause-80,closed_loop,80,3770,3769,75.4,10.083784788759658,22.69928066934517,770.2314667447172,831.7248681134952,false
86,bursty-pause-80,open_loop,80,4000,3943,80,9.52080460133584,553.5960447979451,760.8650373785058,811.0119630546396,false
86,bursty-pause-80,closed_loop,80,3784,3768,75.68,10.459876326451194,23.769934147872846,767.9184070598312,822.7221311937101,false
87,bursty-pause-80,open_loop,80,4000,3999,80,9.481142068150803,477.97638187968187,735.5752455002948,810.3662750288167,false
87,bursty-pause-80,closed_loop,80,3830,3830,76.6,10.169617025603657,21.965134611342364,36.556975807416165,819.660679944318,true
88,bursty-pause-80,open_loop,80,4000,3957,80,9.48881698717014,607.3617993392327,769.0199220774048,810.9235483261182,false
88,bursty-pause-80,closed_loop,80,3763,3761,75.26,10.42439563181324,23.62887137693906,774.7827763234964,832.7483755435569,false
89,bursty-pause-80,open_loop,80,4000,3989,80,9.411303814533312,461.68008402953274,755.6327342122313,811.3162203937463,false
89,bursty-pause-80,closed_loop,80,3826,3815,76.52,10.41952741384739,23.438188260930474,774.7063811992994,823.7235740789874,false
90,bursty-pause-80,open_loop,80,4000,4000,80,9.520443563254958,464.7985079755672,747.3978355210493,809.7785506148066,false
90,bursty-pause-80,closed_loop,80,3837,3834,76.74,9.965423839250434,21.897445969116234,34.75984067994432,815.613232380987,true
91,bursty-pause-80,open_loop,80,4000,3999,80,9.277088348657344,501.04283851975924,748.454237276892,808.5806104072835,false
91,bursty-pause-80,closed_loop,80,3835,3835,76.7,9.98770765829613,21.34956394420078,37.38564779292574,820.8898282341252,true
92,bursty-pause-80,open_loop,80,4000,3950,80,9.742845603701426,569.0160530306202,770.2345098092119,819.344531961131,false
92,bursty-pause-80,closed_loop,80,3792,3776,75.84,10.441692896494715,23.87517715082504,771.675063887822,820.0055364463478,false
93,bursty-pause-80,open_loop,80,4000,4000,80,9.505579816490354,481.86915702950137,746.2263139948409,818.2739401400977,false
93,bursty-pause-80,closed_loop,80,3831,3830,76.62,10.173581758986984,22.66218741765988,37.98423889248079,813.6686571108366,true
94,bursty-pause-80,open_loop,80,4000,3999,80,9.4396252973238,435.4941139382536,735.5227464916461,818.0720946822184,false
94,bursty-pause-80,closed_loop,80,3834,3833,76.68,10.093499042588519,21.80483861637731,36.19772827108682,819.1048229833104,true
95,bursty-pause-80,open_loop,80,4000,3949,80,9.359351463841449,571.9425091872545,764.5971732512153,821.8810927549712,false
95,bursty-pause-80,closed_loop,80,3772,3771,75.44,10.072845277449233,22.956807495760586,778.1106006562331,819.6261968761974,false
96,bursty-pause-80,open_loop,80,4000,4000,80,9.360557412997878,472.67293276196506,739.3557772894019,806.5139892602783,false
96,bursty-pause-80,closed_loop,80,3833,3832,76.66,10.26563686199006,21.393055885760987,32.165537849694374,813.1882054588896,true
97,bursty-pause-80,open_loop,80,4000,3999,80,9.633550663613278,455.9542998559991,737.3825233508614,815.1467998786138,false
97,bursty-pause-80,closed_loop,80,3829,3828,76.58,10.43132916452305,23.160000632015,39.96588689843338,809.4954718825211,true
98,bursty-pause-80,open_loop,80,4000,3999,80,9.46227666024788,471.0506095420824,749.8919396985111,810.9139414402598,false
98,bursty-pause-80,closed_loop,80,3832,3832,76.64,10.31040833471343,22.812428660938167,37.83594036792056,813.1246400178061,true
99,bursty-pause-80,open_loop,80,4000,3950,80,9.460894078769343,531.8207483677834,763.8384191082368,814.7471816010657,false
99,bursty-pause-80,closed_loop,80,3797,3781,75.94,10.415586835209979,23.072617929283297,770.8069664045324,811.3871137071183,false
100,bursty-pause-80,open_loop,80,4000,3995,80,9.53231918556412,444.29792462166733,746.6884604847655,814.8702459593042,false
100,bursty-pause-80,closed_loop,80,3836,3831,76.72,10.139299309772468,20.922340768331196,41.412044480865006,818.255053023895,true
101,bursty-pause-80,open_loop,80,4000,3999,80,9.41994759766385,469.78139895098866,736.0242631513247,805.9935414119136,false
101,bursty-pause-80,closed_loop,80,3821,3820,76.42,10.524688562647498,24.67031727667927,39.942820443942765,814.810627892075,true
102,bursty-pause-80,open_loop,80,4000,3999,80,9.28830061161716,440.3108495619672,732.6617467514625,810.2998822981972,false
102,bursty-pause-80,closed_loop,80,3822,3821,76.44,10.34015844629539,24.71330632889658,40.94267061457322,819.1624821983205,true
103,bursty-pause-80,open_loop,80,4000,3999,80,9.433763664128492,466.81066984514473,745.1435173154932,812.831777117608,false
103,bursty-pause-80,closed_loop,80,3832,3831,76.64,10.270011783555674,22.18556584635371,41.329593926366215,810.4688267911115,true
104,bursty-pause-80,open_loop,80,4000,3953,80,9.611839056215103,532.3901501576001,757.3398052910125,809.6262616821041,false
104,bursty-pause-80,closed_loop,80,3804,3788,76.08,10.069112807779675,22.844516096458392,753.9748590919553,807.4081550664632,false
105,bursty-pause-80,open_loop,80,4000,3999,80,9.342678914756107,468.76483358611586,748.4147470025346,816.1237987779932,false
105,bursty-pause-80,closed_loop,80,3825,3825,76.5,10.394116328861855,23.052798646036536,43.84623003001616,813.7289616378184,true
106,bursty-pause-80,open_loop,80,4000,3994,80,9.245601598304347,473.8757491571523,754.8458616150238,813.6265495130065,false
106,bursty-pause-80,closed_loop,80,3828,3822,76.56,10.212808255910204,22.922442756251257,45.89401210628421,823.2657691408531,true
107,bursty-pause-80,open_loop,80,4000,3967,80,9.502430323114822,543.8745247377556,768.7692350168727,818.996039579979,false
107,bursty-pause-80,closed_loop,80,3816,3800,76.32,10.054200758575462,22.609411285950046,779.711092523874,817.6681093856605,false
108,bursty-pause-80,open_loop,80,4000,3982,80,9.414684484770987,519.5456137282017,765.4132380164665,809.6365839930077,false
108,bursty-pause-80,closed_loop,80,3826,3810,76.52,10.358178171423788,23.388708859514736,770.550449731767,819.7536956498079,false
109,bursty-pause-80,open_loop,80,4000,3998,80,9.364139539378812,434.54297948536623,749.6711529959211,816.5881747470848,false
109,bursty-pause-80,closed_loop,80,3829,3827,76.58,10.309747728519142,22.350356277074752,35.64048621022084,811.263962837118,true
110,bursty-pause-80,open_loop,80,4000,3999,80,9.299328851047903,438.12507069759886,733.3568668997286,816.6307100658305,false
110,bursty-pause-80,closed_loop,80,3831,3830,76.62,10.256072866781324,22.322153258173785,36.714642589951836,820.684269707679,true
111,bursty-pause-80,open_loop,80,4000,3999,80,9.436377335805446,462.87729963189486,743.8139282901247,811.3770329613035,false
111,bursty-pause-80,closed_loop,80,3832,3830,76.64,10.170097967034962,23.126395737359417,37.62607604519144,812.8065818461982,true
112,bursty-pause-80,open_loop,80,4000,3937,80,9.5446538240285,550.539503727814,757.51939186464,812.8241858856563,false
112,bursty-pause-80,closed_loop,80,3772,3764,75.44,10.222195991460467,24.613787315225636,770.4650191398468,816.576582641479,false
113,bursty-pause-80,open_loop,80,4000,3965,80,9.483238402179268,555.0208574148965,780.8928226954013,814.6633781388773,false
113,bursty-pause-80,closed_loop,80,3811,3795,76.22,10.428393692272948,23.296296800937853,754.3247989678748,820.3707001089424,false
114,bursty-pause-80,open_loop,80,4000,3946,80,9.40641527009575,550.7572925002532,780.2796820599615,824.1227053710536,false
114,bursty-pause-80,closed_loop,80,3792,3776,75.84,10.215006827784237,23.298495667913812,774.273651485426,811.2721319538032,false
115,bursty-pause-80,open_loop,80,4000,3999,80,9.388514766651497,461.4006836397384,755.1599844928314,827.5739126873814,false
115,bursty-pause-80,closed_loop,80,3834,3832,76.68,10.126285653186642,21.933645151431847,32.723411563711124,817.2948742420558,true
116,bursty-pause-80,open_loop,80,4000,4000,80,9.4968687244982,481.584530032309,755.1633060344138,807.2396223240576,false
116,bursty-pause-80,closed_loop,80,3834,3833,76.68,10.093523353421915,22.341745707297378,33.59783874713321,819.0373781681701,true
117,bursty-pause-80,open_loop,80,4000,3954,80,9.803536794868705,583.9533273755951,777.1692478897603,820.7479173788633,false
117,bursty-pause-80,closed_loop,80,3772,3772,75.44,10.031776010902831,22.62278807748953,779.5869640786186,820.564279478378,false
118,bursty-pause-80,open_loop,80,4000,3999,80,9.553116691618925,430.1517379166544,735.0733678025463,807.0408163171378,false
118,bursty-pause-80,closed_loop,80,3835,3834,76.7,10.02795931102446,22.201195607689442,37.020314183520895,814.4570573798846,true
119,bursty-pause-80,open_loop,80,4000,3999,80,9.526572486262012,476.4266722465545,760.2884347075378,808.2141321905583,false
119,bursty-pause-80,closed_loop,80,3835,3833,76.7,10.125924374668102,22.003723147605342,34.24659007344599,814.3326469938438,true
120,bursty-pause-80,open_loop,80,4000,3982,80,9.465043882599275,534.5483565158829,781.1203280251284,811.0158105407681,false
120,bursty-pause-80,closed_loop,80,3831,3815,76.62,10.114756623504945,22.417022342156997,776.6382328718973,820.2667051957724,false
121,bursty-pause-80,open_loop,80,4000,3999,80,9.439210959091724,463.90961182070896,728.0557735774855,810.3569437076148,false
121,bursty-pause-80,closed_loop,80,3834,3834,76.68,10.14613522903528,21.894201414907002,33.368241246771504,818.4401243946049,true
122,bursty-pause-80,open_loop,80,4000,3945,80,9.412666975353204,547.5671467133361,761.1780917673532,816.3207599120615,false
122,bursty-pause-80,closed_loop,80,3788,3772,75.76,10.38539028379455,24.16058022352081,753.398967349116,824.6531988151328,false
123,bursty-pause-80,open_loop,80,4000,4000,80,9.456210774083956,443.09715083204355,744.8878760564039,812.6095723160834,false
123,bursty-pause-80,closed_loop,80,3834,3833,76.68,10.232336334658612,21.82341700289544,32.986753338598646,807.0542093418335,true
124,bursty-pause-80,open_loop,80,4000,3999,80,9.35470947217982,491.81109706276766,733.8382061622251,817.5997618053225,false
124,bursty-pause-80,closed_loop,80,3830,3830,76.6,10.233895404504437,21.91588015569141,35.568075737821346,812.1666781265158,true
125,bursty-pause-80,open_loop,80,4000,3950,80,9.751747518857883,591.7515051409719,777.5297405894889,811.6569034132845,false
125,bursty-pause-80,closed_loop,80,3769,3768,75.38,10.319544689482427,23.29579260623359,766.3880498020371,820.7729014180586,false
126,bursty-pause-80,open_loop,80,4000,4000,80,9.241548898447945,464.08396423520753,733.7504090460206,808.0601161634659,false
126,bursty-pause-80,closed_loop,80,3839,3838,76.78,10.057172636505129,20.94004360535837,32.48690823774086,813.930888864139,true
127,bursty-pause-80,open_loop,80,4000,3999,80,9.326806383825897,429.7260010729078,722.4123125695987,819.2576326231356,false
127,bursty-pause-80,closed_loop,80,3829,3829,76.58,10.291844414732623,22.832830107632617,36.15005442445545,813.2034590161929,true
128,bursty-pause-80,open_loop,80,4000,4000,80,9.459891345963115,459.6715419412576,725.1781679291744,813.4478681568289,false
128,bursty-pause-80,closed_loop,80,3833,3833,76.66,10.23920222306333,22.432432311925368,37.668712627077184,819.6870057176529,true
129,bursty-pause-80,open_loop,80,4000,3940,80,9.723915096867131,580.9838060373877,768.488400703729,813.7971632262852,false
129,bursty-pause-80,closed_loop,80,3780,3775,75.6,9.951400507852668,21.578547478377004,766.3746318267004,818.5679373532839,false
130,bursty-pause-80,open_loop,80,4000,3961,80,9.423385818143288,509.5758979411512,766.8792707195826,814.4118338222979,false
130,bursty-pause-80,closed_loop,80,3803,3787,76.06,10.565647284398437,23.753716784980497,763.883137704328,822.5189622574071,false
131,bursty-pause-80,open_loop,80,4000,3957,80,9.585187157521432,579.2603339391535,765.5239088136004,812.7314366337159,false
131,bursty-pause-80,closed_loop,80,3771,3770,75.42,10.270038389746333,22.262324326735325,764.6490135516215,824.768749127019,false
132,bursty-pause-80,open_loop,80,4000,3941,80,9.505849455292264,591.5516671013902,759.854210031117,806.7993075559716,false
132,bursty-pause-80,closed_loop,80,3775,3774,75.5,10.056737327671726,22.378759274983167,775.0734517886704,809.9647303302118,false
133,bursty-pause-80,open_loop,80,4000,3999,80,9.594150369230192,473.77264134353027,724.4150810619758,812.0527960161926,false
133,bursty-pause-80,closed_loop,80,3831,3830,76.62,10.281838529226661,22.593147356179543,32.73394985852792,811.8708935786963,true
134,bursty-pause-80,open_loop,80,4000,3999,80,9.445123002304172,443.75742162433016,728.1234671329075,807.9989669386923,false
134,bursty-pause-80,closed_loop,80,3826,3825,76.52,10.278474692448071,23.386812106537036,45.021757092945336,813.3843882091678,true
135,bursty-pause-80,open_loop,80,4000,4000,80,9.524421658352367,420.1078526689562,717.1735947507732,808.2432379012753,false
135,bursty-pause-80,closed_loop,80,3830,3829,76.6,10.229608489513339,21.98488206354159,36.805859430038254,821.5915482947494,true
136,bursty-pause-80,open_loop,80,4000,3947,80,9.534639825385966,575.1567369695476,765.1252299187036,820.9180313543147,false
136,bursty-pause-80,closed_loop,80,3770,3769,75.4,10.150247114288504,23.916493054573948,754.3645788255999,824.1168143851974,false
137,bursty-pause-80,open_loop,80,4000,3999,80,9.32461023661017,453.59640694341215,736.4129599432708,810.0695694034184,false
137,bursty-pause-80,closed_loop,80,3831,3830,76.62,10.171622462748928,23.033707632737787,39.92544764467675,809.991069378164,true
138,bursty-pause-80,open_loop,80,4000,3968,80,9.548526507031056,520.310501283966,770.981481696399,824.900966477544,false
138,bursty-pause-80,closed_loop,80,3816,3800,76.32,10.367312312224385,22.996291558491066,750.9779323764014,818.4505116182554,false
139,bursty-pause-80,open_loop,80,4000,3944,80,9.643943876806588,569.7186351602577,764.1353549993146,814.0286320780433,false
139,bursty-pause-80,closed_loop,80,3764,3761,75.28,10.463601539428055,24.799058757174862,765.8900154576913,826.8098627696709,false
140,bursty-pause-80,open_loop,80,4000,3964,80,9.61399412216997,503.76244170092104,757.447312485674,810.7521952113821,false
140,bursty-pause-80,closed_loop,80,3816,3800,76.32,10.098922568111448,22.640966475326422,778.2826548735829,819.6481232880542,false
141,bursty-pause-80,open_loop,80,4000,3963,80,9.54497171352341,548.5931065445911,766.4741507421531,812.919492662586,false
141,bursty-pause-80,closed_loop,80,3812,3796,76.24,10.168970089027425,22.404126658319,762.9346673288783,820.8948123652808,false
142,bursty-pause-80,open_loop,80,4000,3999,80,9.405724104297406,450.90898888075753,750.4304989645789,808.3413785045996,false
142,bursty-pause-80,closed_loop,80,3828,3828,76.56,10.179168757378648,22.994235154816124,40.299674656635034,812.5152676034886,true
143,bursty-pause-80,open_loop,80,4000,4000,80,9.549987248981779,415.1677099438384,741.8614458839002,812.0224573272208,false
143,bursty-pause-80,closed_loop,80,3833,3832,76.66,10.253954103294745,21.98965804961699,44.387384001624014,820.7040280061447,true
144,bursty-pause-80,open_loop,80,4000,4000,80,9.306852361116398,440.77011949380903,742.3138668890679,807.2242829859897,false
144,bursty-pause-80,closed_loop,80,3832,3830,76.64,10.212058555749536,22.289853959686297,34.17967451202276,821.965220975977,true
145,bursty-pause-80,open_loop,80,4000,3999,80,9.577733777623507,503.6267170696665,757.090902228676,816.7548007467158,false
145,bursty-pause-80,closed_loop,80,3834,3832,76.68,10.096588144137058,22.00945887832495,34.69540962730389,811.624852573088,true
146,bursty-pause-80,open_loop,80,4000,3948,80,9.602411293228215,526.8170971464497,761.8867310372734,814.9527181052472,false
146,bursty-pause-80,closed_loop,80,3797,3781,75.94,10.232207594173815,22.822315537145187,764.3945194412663,812.6586701843553,false
147,bursty-pause-80,open_loop,80,4000,3947,80,9.52737635835365,591.705435105454,767.822606057256,813.7188834325207,false
147,bursty-pause-80,closed_loop,80,3773,3773,75.46,10.09187308781111,22.334122991880577,763.7334380518114,811.7783729718794,false
148,bursty-pause-80,open_loop,80,4000,3937,80,9.578547021046688,581.485200163399,775.3381078420716,819.2410668923076,false
148,bursty-pause-80,closed_loop,80,3781,3776,75.62,9.973641553224297,21.258789178260486,768.0133288762372,814.3685554865515,false
149,bursty-pause-80,open_loop,80,4000,3999,80,9.427960539171181,436.787922482039,721.5392620759922,804.1158111266159,false
149,bursty-pause-80,closed_loop,80,3840,3839,76.8,10.017858573133708,20.392130084175733,31.584009404181415,842.0722439303645,true
150,bursty-pause-80,open_loop,80,4000,3999,80,9.386893739887455,458.39451690963324,727.0500566040282,811.4146314896971,false
150,bursty-pause-80,closed_loop,80,3832,3831,76.64,10.08513235882856,22.818481204314594,36.34843308827112,816.6165458717842,true
151,bursty-pause-80,open_loop,80,4000,3966,80,9.393766084394883,561.7992417007626,774.9680205112381,812.5910705439055,false
151,bursty-pause-80,closed_loop,80,3815,3799,76.3,10.260300660134817,23.493962013242708,756.0794969445269,823.9296239829564,false
152,bursty-pause-80,open_loop,80,4000,3999,80,9.464335789802135,458.01943497308093,750.6331706291385,812.2334067441261,false
152,bursty-pause-80,closed_loop,80,3839,3838,76.78,9.916649672901258,21.957232142613066,37.28502808556368,809.5094253774223,true
153,bursty-pause-80,open_loop,80,4000,3986,80,9.630686416232493,512.8806113134924,766.5027481433062,812.0643929765283,false
153,bursty-pause-80,closed_loop,80,3832,3817,76.64,10.2052281413944,22.803070403344464,776.9466560926521,818.9405057767945,false
154,bursty-pause-80,open_loop,80,4000,3999,80,9.365585010873474,434.75806104326693,732.8142815511528,808.4036558858461,false
154,bursty-pause-80,closed_loop,80,3830,3829,76.6,10.057661421629746,22.655920989014703,36.46087979134609,821.0702753775549,true
155,bursty-pause-80,open_loop,80,4000,3984,80,9.379774132301463,476.8760586655626,765.0388336391115,812.0111278479744,false
155,bursty-pause-80,closed_loop,80,3824,3808,76.48,10.400133571740298,23.0887930664976,756.7590021084543,827.3650576331638,false
156,bursty-pause-80,open_loop,80,4000,4000,80,9.436725703715638,444.13736087403595,729.5036335516124,809.0351932579797,false
156,bursty-pause-80,closed_loop,80,3828,3828,76.56,10.144566991963075,23.52071286478531,44.71852789550758,819.7426953506911,true
157,bursty-pause-80,open_loop,80,4000,3999,80,9.422000406208099,442.8787612932865,741.6132401106297,815.0203135025986,false
157,bursty-pause-80,closed_loop,80,3836,3836,76.72,10.001667571925282,21.40715057068155,31.256688039378787,816.5607314633817,true
158,bursty-pause-80,open_loop,80,4000,3939,80,9.481247329254984,574.7149852924485,766.3151023935716,812.9627631153053,false
158,bursty-pause-80,closed_loop,80,3774,3770,75.48,10.263822255903506,22.021524117837544,778.9800657388405,820.1458775526335,false
159,bursty-pause-80,open_loop,80,4000,4000,80,9.488241935534461,466.3937601416219,749.9628399595313,810.9115633716974,false
159,bursty-pause-80,closed_loop,80,3830,3828,76.6,10.215796921867877,23.44658415158483,39.706936542999756,817.8019572113117,true
160,bursty-pause-80,open_loop,80,4000,4000,80,9.386057790699851,428.98140651321955,743.2714699145945,808.7670279827362,false
160,bursty-pause-80,closed_loop,80,3829,3829,76.58,10.399042561235547,22.215694823789818,39.12852589855902,818.7303987541709,true
161,bursty-pause-80,open_loop,80,4000,3999,80,9.413650967355352,439.12381364747125,726.8536686606749,809.3311977521153,false
161,bursty-pause-80,closed_loop,80,3830,3829,76.6,10.09816419298295,22.764968421637604,40.06658774428797,831.8283502313134,true
162,bursty-pause-80,open_loop,80,4000,3957,80,9.456899208224058,533.5341673514085,767.4137873510226,820.8276706514662,false
162,bursty-pause-80,closed_loop,80,3807,3791,76.14,9.993319261689976,21.943789200449828,779.366126810186,828.9397933976725,false
163,bursty-pause-80,open_loop,80,4000,3999,80,9.597746310348157,422.0429919779417,734.5933707497861,809.8682505883262,false
163,bursty-pause-80,closed_loop,80,3828,3828,76.56,10.171196316230635,22.75100123262382,38.93889475976175,814.5729197023902,true
164,bursty-pause-80,open_loop,80,4000,3955,80,9.533451858096669,555.9490041545796,761.7114815165696,811.5963831133631,false
164,bursty-pause-80,closed_loop,80,3771,3770,75.42,10.371203404603875,22.901803953431227,750.5035371152553,808.1801052444207,false
165,bursty-pause-80,open_loop,80,4000,4000,80,9.17772508093185,443.61806617918774,751.5463309579609,818.601546543614,false
165,bursty-pause-80,closed_loop,80,3828,3827,76.56,10.382348340019234,23.174005530789145,34.09720475262657,811.4525643002926,true
166,bursty-pause-80,open_loop,80,4000,3948,80,9.681036470214167,584.1420388104816,768.9484952819839,813.9840532413909,false
166,bursty-pause-80,closed_loop,80,3771,3770,75.42,10.077287385243835,22.57100717612775,767.6646330718431,815.7758258234608,false
167,bursty-pause-80,open_loop,80,4000,4000,80,9.536846046015853,416.2836186586792,740.8749713961006,808.6784180881587,false
167,bursty-pause-80,closed_loop,80,3828,3826,76.56,10.363669522565033,23.844366813111264,35.12989688185917,815.8250520578367,true
168,bursty-pause-80,open_loop,80,4000,3999,80,9.551554109879362,477.03517964891944,733.9836184611122,816.399823774671,false
168,bursty-pause-80,closed_loop,80,3826,3825,76.52,10.40908462337211,22.932718356903933,34.15273846776108,819.2340851283225,true
169,bursty-pause-80,open_loop,80,4000,3999,80,9.348299390621833,459.77027389867,746.7894013424229,808.6025071441218,false
169,bursty-pause-80,closed_loop,80,3834,3833,76.68,10.162298045790521,21.852662928720747,32.90704224197907,825.7921250178151,true
170,bursty-pause-80,open_loop,80,4000,3999,80,9.228004572938517,451.5626145239585,737.2986985851021,810.5638137991482,false
170,bursty-pause-80,closed_loop,80,3832,3831,76.64,10.052497432698146,22.935147178046464,33.73037625793586,810.7033148347473,true
171,bursty-pause-80,open_loop,80,4000,4000,80,9.377702258192585,476.87930279535067,751.8436206443657,811.9050459790742,false
171,bursty-pause-80,closed_loop,80,3829,3828,76.58,10.309944975047983,22.379369198220957,37.433801887240406,824.8082651151235,true
172,bursty-pause-80,open_loop,80,4000,3999,80,9.413438781324658,457.45697202513475,736.3810167583106,810.2171058268614,false
172,bursty-pause-80,closed_loop,80,3831,3830,76.62,10.061051487064105,23.074243620416382,40.23317471417977,820.3878265222993,true
173,bursty-pause-80,open_loop,80,4000,3999,80,9.46456566836423,470.19013566688955,738.3730232884118,811.1881207301703,false
173,bursty-pause-80,closed_loop,80,3825,3824,76.5,10.4255784816487,23.15863959332637,44.94670341977326,820.0160462323038,true
174,bursty-pause-80,open_loop,80,4000,3942,80,9.76526298076351,534.9602512705605,764.5741302300448,814.4079565083375,false
174,bursty-pause-80,closed_loop,80,3786,3770,75.72,10.215633994877862,23.06224624729657,773.5415504802222,818.664138835913,false
175,bursty-pause-80,open_loop,80,4000,3999,80,9.4730497228702,495.83112258176334,755.4107929179736,813.1836519512945,false
175,bursty-pause-80,closed_loop,80,3835,3833,76.7,9.97152639882188,21.676027443434577,38.30924675514689,813.7982271018845,true
176,bursty-pause-80,open_loop,80,4000,3999,80,9.450305537116947,441.81200229696697,741.190817878407,814.6472928570001,false
176,bursty-pause-80,closed_loop,80,3825,3824,76.5,10.574416284434847,23.504374114912935,40.48743787587409,808.2813269965263,true
177,bursty-pause-80,open_loop,80,4000,3998,80,9.481276342041383,449.34205320530236,736.5374208474859,814.4976550878491,false
177,bursty-pause-80,closed_loop,80,3834,3831,76.68,9.99911044545297,22.157310637529008,40.97014026544275,815.0140652404589,true
178,bursty-pause-80,open_loop,80,4000,3950,80,9.45921658838779,568.3620204258405,757.3886660422286,816.9244275836827,false
178,bursty-pause-80,closed_loop,80,3801,3785,76.02,10.23932987979424,22.70277122664629,766.7725484719413,818.2537391890364,false
179,bursty-pause-80,open_loop,80,4000,3996,80,9.512805121396013,481.1301992586996,752.0008203088728,809.8994968666157,false
179,bursty-pause-80,closed_loop,80,3831,3826,76.62,10.170645327489183,22.30496471423976,40.44759816287842,832.389872648444,true
180,bursty-pause-80,open_loop,80,4000,4000,80,9.572051906861816,446.1996982000346,730.1631459941855,809.2531513374488,false
180,bursty-pause-80,closed_loop,80,3831,3830,76.62,10.264869654456561,23.000658493132505,34.08246264488116,819.8438940645137,true
181,bursty-pause-80,open_loop,80,4000,3944,80,9.652993434316159,582.433857047261,780.2783491236405,816.3154852344087,false
181,bursty-pause-80,closed_loop,80,3773,3771,75.46,10.153695081440674,22.703060766561975,755.0639560990858,821.3102827821058,false
182,bursty-pause-80,open_loop,80,4000,3968,80,9.418538024285226,498.34369177404005,767.90547909218,815.5059510840438,false
182,bursty-pause-80,closed_loop,80,3817,3801,76.34,10.344616537142429,23.027937295082666,757.7074460201184,817.1027851004474,false
183,bursty-pause-80,open_loop,80,4000,3999,80,9.249729754134023,425.12440631809295,730.8975479616929,807.415301006884,false
183,bursty-pause-80,closed_loop,80,3834,3833,76.68,10.148377113993774,22.09350261610234,36.288445328325906,810.5188115152596,true
184,bursty-pause-80,open_loop,80,4000,3999,80,9.437435918163828,457.0248532779369,744.4788370508904,810.5411280709159,false
184,bursty-pause-80,closed_loop,80,3833,3832,76.66,10.059313459623809,22.11971895203169,35.9346796884638,816.1060102424563,true
185,bursty-pause-80,open_loop,80,4000,3999,80,9.368004623713205,435.16459271800704,746.7059860096706,808.4747238363416,false
185,bursty-pause-80,closed_loop,80,3826,3825,76.52,10.34879698831719,23.827665142845945,44.2275744957351,813.560864851439,true
186,bursty-pause-80,open_loop,80,4000,3938,80,9.467982301030133,552.4126218128877,747.4572633461939,810.9912366880017,false
186,bursty-pause-80,closed_loop,80,3786,3777,75.72,10.075724059839558,21.118256175977876,772.6790211865955,819.8200614258094,false
187,bursty-pause-80,open_loop,80,4000,3999,80,9.488072239179019,526.7337421638113,738.5227806395924,812.5155595892647,false
187,bursty-pause-80,closed_loop,80,3830,3829,76.6,10.315039949018683,22.298295750675607,36.90839985889761,814.5676691031695,true
188,bursty-pause-80,open_loop,80,4000,3972,80,9.38985090557253,475.0499916462795,763.2663605028356,809.7485264563948,false
188,bursty-pause-80,closed_loop,80,3817,3801,76.34,10.38110069092727,23.979821483662818,764.6161012574012,827.7254883614878,false
189,bursty-pause-80,open_loop,80,4000,3947,80,9.580379534083477,533.9672888196692,761.3450530938644,812.6110523813913,false
189,bursty-pause-80,closed_loop,80,3790,3774,75.8,10.296714981655896,23.694370870143757,763.9141850786618,831.8350637402909,false
190,bursty-pause-80,open_loop,80,4000,3953,80,9.453652176285686,539.9616514312038,764.5858704929924,807.1791887255931,false
190,bursty-pause-80,closed_loop,80,3799,3783,75.98,10.387257588576176,22.512990386741876,758.442519993012,811.9097197103911,false
191,bursty-pause-80,open_loop,80,4000,3986,80,9.397774260629376,513.2460789059187,760.0635978514474,811.887275012079,false
191,bursty-pause-80,closed_loop,80,3832,3818,76.64,10.113581165373034,22.295461743269698,762.2747530768829,831.34667568429,false
192,bursty-pause-80,open_loop,80,4000,3947,80,9.500424071989983,568.43599551441,768.4294864150288,820.4877148000305,false
192,bursty-pause-80,closed_loop,80,3771,3771,75.42,10.203384840711806,22.00726304595446,764.3519914971985,840.6084055113679,false
193,bursty-pause-80,open_loop,80,4000,3969,80,9.5289221615094,514.7585052110735,767.4151227629773,813.817368981192,false
193,bursty-pause-80,closed_loop,80,3814,3798,76.28,10.268591238294903,23.011679167255352,781.2143711859535,819.4538671790797,false
194,bursty-pause-80,open_loop,80,4000,3998,80,9.455504815072345,481.7402856728004,725.1507400657756,808.6847993098163,false
194,bursty-pause-80,closed_loop,80,3828,3827,76.56,10.399562542697822,22.192573607360828,34.52736533831012,820.4747488272988,true
195,bursty-pause-80,open_loop,80,4000,3999,80,9.47680383133411,451.507084934623,744.0544277935405,806.8512297851048,false
195,bursty-pause-80,closed_loop,80,3832,3832,76.64,10.272137299201859,22.69689690974701,46.65871179362148,799.238544632346,true
196,bursty-pause-80,open_loop,80,4000,3999,80,9.35914782103464,422.47676515793137,719.6357938655201,808.9891546670624,false
196,bursty-pause-80,closed_loop,80,3831,3831,76.62,10.141309438218741,22.18629306566254,41.32187720042566,818.5494735956745,true
197,bursty-pause-80,open_loop,80,4000,3999,80,9.433224877284374,440.3179487237285,747.851967902985,811.8646143898804,false
197,bursty-pause-80,closed_loop,80,3827,3827,76.54,10.339681727302377,22.559076309724333,33.57628990681769,823.7401408730511,true
198,bursty-pause-80,open_loop,80,4000,3999,80,9.35035760615574,428.5814971928703,746.8606672643946,810.8036628914451,false
198,bursty-pause-80,closed_loop,80,3836,3835,76.72,10.148683284769504,21.768672337260796,34.29251891905733,806.4645322664728,true
199,bursty-pause-80,open_loop,80,4000,3945,80,9.672492143698037,598.0488294860043,768.5469797307524,814.9680820922149,false
199,bursty-pause-80,closed_loop,80,3766,3766,75.32,10.29109763082488,22.924307823857816,776.1680774390334,817.958364719394,false
200,bursty-pause-80,open_loop,80,4000,3999,80,9.40384993765474,446.97358580981745,727.473019236917,812.1974121325111,false
200,bursty-pause-80,closed_loop,80,3831,3829,76.62,10.143114165286534,22.69658129826348,42.742006507724,825.8075044200232,true
201,bursty-pause-80,open_loop,80,4000,3999,80,9.445393727888586,463.7406042724433,715.5715932405838,807.9630322628218,false
201,bursty-pause-80,closed_loop,80,3834,3833,76.68,10.186406682121742,21.782905906606175,38.06883074771031,815.0079404366115,true
202,bursty-pause-80,open_loop,80,4000,3953,80,9.684257784163492,573.4629241354778,771.1450348579456,816.0517432309425,false
202,bursty-pause-80,closed_loop,80,3767,3766,75.34,10.355684786962229,22.843378112658684,770.4068270066709,819.3985711935238,false
203,bursty-pause-80,open_loop,80,4000,3967,80,9.419667445694358,542.0526074050904,764.9217401041969,809.0608211679319,false
203,bursty-pause-80,closed_loop,80,3805,3789,76.1,10.431238150238642,24.024235675860837,785.4827987856988,816.3898203803255,false
204,bursty-pause-80,open_loop,80,4000,3999,80,9.458962314005475,488.1493539732328,736.4287440468797,813.4522242204293,false
204,bursty-pause-80,closed_loop,80,3822,3821,76.44,10.407800317712827,24.83652734255884,43.42056683228475,822.0977451545768,true
205,bursty-pause-80,open_loop,80,4000,3976,80,9.35304042334974,488.5969943292075,757.8952509445517,812.1724220647047,false
205,bursty-pause-80,closed_loop,80,3828,3812,76.56,10.053871105337748,21.740027027582983,755.4853020237861,822.4893936842855,false
206,bursty-pause-80,open_loop,80,4000,3942,80,9.441891403199406,571.4669480620068,759.8784900563332,808.7744626688145,false
206,bursty-pause-80,closed_loop,80,3763,3762,75.26,10.323092991919111,24.497153312477167,764.917133395953,825.7263541455759,false
207,bursty-pause-80,open_loop,80,4000,3983,80,9.616503337223548,501.58494034419346,772.1099455326621,815.9624527107953,false
207,bursty-pause-80,closed_loop,80,3827,3811,76.54,10.338597839407157,23.325379857080407,760.7048278225848,812.0079676627574,false
208,bursty-pause-80,open_loop,80,4000,3999,80,9.261366344111593,450.2153249054536,745.6868912185564,810.285751962314,false
208,bursty-pause-80,closed_loop,80,3826,3826,76.52,10.353398832005041,23.935472816632682,40.01759122445219,806.6821245930842,true
209,bursty-pause-80,open_loop,80,4000,3999,80,9.435675181935949,432.49026728133686,738.9259288439498,815.9364172008063,false
209,bursty-pause-80,closed_loop,80,3829,3829,76.58,10.24714449930616,22.724362986067717,38.86392766618155,811.6761345703635,true
210,bursty-pause-80,open_loop,80,4000,3958,80,9.26384163298826,553.1079924303995,786.1138403658042,821.9904648768425,false
210,bursty-pause-80,closed_loop,80,3809,3793,76.18,10.205418151170306,21.71009692028383,759.4536869737422,810.0187494513157,false
211,bursty-pause-80,open_loop,80,4000,3944,80,9.556406360330584,540.086923790408,777.9300240375087,814.7187959417424,false
211,bursty-pause-80,closed_loop,80,3788,3772,75.76,10.320858943015992,23.0599205790204,764.0884756594896,817.10759132776,false
212,bursty-pause-80,open_loop,80,4000,4000,80,9.389276662070188,455.2566801133253,734.1664033550405,813.7640647955413,false
212,bursty-pause-80,closed_loop,80,3834,3833,76.68,10.200847024701943,22.241911815308413,37.389276475601946,817.2552425428366,true
213,bursty-pause-80,open_loop,80,4000,3999,80,9.49465991764373,464.341503283722,733.1207749048699,811.4317453805816,false
213,bursty-pause-80,closed_loop,80,3834,3832,76.68,10.268637519548065,22.661491817962087,33.476132847608824,810.8250842124908,true
214,bursty-pause-80,open_loop,80,4000,3938,80,9.49882498983061,561.363147673881,776.4826474269721,812.5360061639622,false
214,bursty-pause-80,closed_loop,80,3771,3771,75.42,10.071262098957959,22.299113248598587,768.3642505945609,828.6239478011921,false
215,bursty-pause-80,open_loop,80,4000,3999,80,9.596858393026196,464.8053965534709,741.1493153990668,810.5741715549557,false
215,bursty-pause-80,closed_loop,80,3825,3824,76.5,10.419457693453296,23.051664952632564,37.673664449099306,819.6497347126206,true
216,bursty-pause-80,open_loop,80,4000,3999,80,9.521308232011506,447.779966847811,733.9603828062609,815.0947289087853,false
216,bursty-pause-80,closed_loop,80,3837,3837,76.74,10.014597713910916,22.207289407015196,33.68225041683036,808.811622875779,true
217,bursty-pause-80,open_loop,80,4000,3967,80,9.399994661682285,525.0841922391228,765.0805657126402,816.2205770570945,false
217,bursty-pause-80,closed_loop,80,3811,3795,76.22,10.205393367788929,24.40047061232326,755.2773921921544,832.4852182003742,false
218,bursty-pause-80,open_loop,80,4000,3993,80,9.472093668569869,438.60602299420134,745.1627673768708,809.6128992659214,false
218,bursty-pause-80,closed_loop,80,3827,3821,76.54,10.416796756713666,23.79547400168667,45.426416416034044,814.4588490272581,true
219,bursty-pause-80,open_loop,80,4000,3999,80,9.450639266007784,451.5952887567764,716.5521941992629,809.0186394547563,false
219,bursty-pause-80,closed_loop,80,3828,3827,76.56,10.250554036836547,22.949681593832793,39.62362696668424,827.8464854272243,true
220,bursty-pause-80,open_loop,80,4000,3999,80,9.465272670349805,439.28491185106395,745.1522299316166,811.9491649565825,false
220,bursty-pause-80,closed_loop,80,3833,3832,76.66,10.204919467010768,22.124077734100865,35.49603007175756,820.973587707158,true
221,bursty-pause-80,open_loop,80,4000,3972,80,9.490320211793005,517.8465108662494,762.5271774484281,812.3889982581022,false
221,bursty-pause-80,closed_loop,80,3815,3799,76.3,10.411478638008703,23.404121756171662,769.8290989863708,816.3969867049527,false
222,bursty-pause-80,open_loop,80,4000,3948,80,9.566248532617465,590.1448610971929,759.2610818149624,816.903516717357,false
222,bursty-pause-80,closed_loop,80,3769,3767,75.38,10.142069832765628,22.608741771302448,774.1735990730303,838.4014795813928,false
223,bursty-pause-80,open_loop,80,4000,4000,80,9.401362762502686,443.642259134238,736.7591773691165,809.4008723364168,false
223,bursty-pause-80,closed_loop,80,3833,3832,76.66,10.334179003755708,22.35588575850852,37.071910537233634,806.7781162747124,true
224,bursty-pause-80,open_loop,80,4000,3999,80,9.410034088818065,445.9503226703091,727.0608208661506,806.8348202653578,false
224,bursty-pause-80,closed_loop,80,3828,3827,76.56,10.427472355986538,22.33295390924468,42.63242755180909,816.4084656531923,true
225,bursty-pause-80,open_loop,80,4000,3957,80,9.632246492350532,550.2410312486027,772.405368248772,821.8214436260605,false
225,bursty-pause-80,closed_loop,80,3795,3779,75.9,10.542922561051455,25.262908578690258,763.1660931110018,832.2846951304382,false
226,bursty-pause-80,open_loop,80,4000,4000,80,9.546240363488323,455.6226547516999,729.6285597235546,807.9927260083423,false
226,bursty-pause-80,closed_loop,80,3831,3830,76.62,10.238906180140475,22.764717385172844,36.1971973276668,813.7219553485884,true
227,bursty-pause-80,open_loop,80,4000,3958,80,9.556424448550388,536.0318332156603,768.9440920155612,811.021349496441,false
227,bursty-pause-80,closed_loop,80,3805,3789,76.1,10.29780735289387,22.858992574068907,756.526890151792,837.6590985521252,false
228,bursty-pause-80,open_loop,80,4000,3999,80,9.525769921256142,475.8055226823635,739.8552915751352,813.6172282313382,false
228,bursty-pause-80,closed_loop,80,3828,3826,76.56,10.35068149511244,23.190859795809956,41.05318328773137,808.6689907257532,true
229,bursty-pause-80,open_loop,80,4000,3942,80,9.607007376889669,584.4229267444971,771.0143061438503,813.4278414895889,false
229,bursty-pause-80,closed_loop,80,3767,3765,75.34,10.448814694042085,23.82066313886753,766.1134732344253,819.32511696238,false
230,bursty-pause-80,open_loop,80,4000,4000,80,9.312855815784133,461.92489483798636,731.4607360551345,810.4052510433721,false
230,bursty-pause-80,closed_loop,80,3828,3828,76.56,10.43109385513526,22.773166604751168,46.54947609592273,811.5450421968089,true
231,bursty-pause-80,open_loop,80,4000,3999,80,9.502177352776926,502.63036275601917,758.2549609820417,812.3761565460918,false
231,bursty-pause-80,closed_loop,80,3828,3828,76.56,10.363265273677825,22.29149402780604,35.20718973428302,825.7851182512059,true
232,bursty-pause-80,open_loop,80,4000,3936,80,9.462845900990942,561.416928868166,758.4642677864758,819.4161404503684,false
232,bursty-pause-80,closed_loop,80,3783,3773,75.66,10.142018274229486,21.36971832108975,770.1111293947215,820.5304100545764,false
233,bursty-pause-80,open_loop,80,4000,4000,80,9.634282029854148,461.42407170880324,726.2203831975385,814.9487783193836,false
233,bursty-pause-80,closed_loop,80,3826,3826,76.52,10.53132851312148,22.427898524711054,37.10547886022687,818.3642539536486,true
234,bursty-pause-80,open_loop,80,4000,3999,80,9.49556363838201,493.14646475082554,748.6769685020954,817.5446067717567,false
234,bursty-pause-80,closed_loop,80,3836,3835,76.72,10.118426730574356,21.43075951672654,37.0456873162766,813.4137122544562,true
235,bursty-pause-80,open_loop,80,4000,3973,80,9.493351156699646,497.7131215760892,772.2993167255117,810.46958698651,false
235,bursty-pause-80,closed_loop,80,3820,3804,76.4,10.062638593895826,23.17775615271239,767.4249194912554,820.6680641772364,false
236,bursty-pause-80,open_loop,80,4000,3999,80,9.531231415101502,422.162486730871,730.7578840076458,808.7665400990445,false
236,bursty-pause-80,closed_loop,80,3832,3832,76.64,10.09908903656833,21.942033835643088,37.53188084955764,818.0820717664283,true
237,bursty-pause-80,open_loop,80,4000,3999,80,9.496745356291285,474.93299573583863,759.8967989136218,811.5055668884015,false
237,bursty-pause-80,closed_loop,80,3830,3828,76.6,10.103826067166665,22.540070256160107,33.57159096488249,813.8349276766749,true
238,bursty-pause-80,open_loop,80,4000,3999,80,9.317846514153644,466.7214529214398,741.7011926003033,810.3972191245266,false
238,bursty-pause-80,closed_loop,80,3829,3829,76.58,10.30626308173305,21.99019837067317,35.35330850971877,817.7284920087986,true
239,bursty-pause-80,open_loop,80,4000,3975,80,9.512751203677908,533.1943916291348,769.1407666067062,814.5112306846131,false
239,bursty-pause-80,closed_loop,80,3826,3810,76.52,10.120368066178344,22.573720365864574,761.4472473407186,810.8237786676982,false
240,bursty-pause-80,open_loop,80,4000,3968,80,9.53234478619197,491.7679874797177,753.3269434151298,807.1206179124129,false
240,bursty-pause-80,closed_loop,80,3810,3794,76.2,10.331879889483389,23.314629497966962,764.2441344891267,822.3741552047868,false
241,bursty-pause-80,open_loop,80,4000,3999,80,9.467830966284964,454.59476222339435,746.6071900780335,810.3801410777814,false
241,bursty-pause-80,closed_loop,80,3839,3838,76.78,9.86953502877077,21.236328058541403,37.20890161529678,815.6813215579314,true
242,bursty-pause-80,open_loop,80,4000,3962,80,9.655513684985635,562.1720083233886,761.1828348490271,817.8279360316446,false
242,bursty-pause-80,closed_loop,80,3782,3782,75.64,9.895996048006054,21.13807564912713,762.5003329753017,807.4979045009677,false
243,bursty-pause-80,open_loop,80,4000,3951,80,9.524196039430535,578.4860942382293,760.8404437126956,808.7425827717962,false
243,bursty-pause-80,closed_loop,80,3771,3771,75.42,10.25031103962101,23.20621905741791,747.8849255511741,812.4961691081844,false
244,bursty-pause-80,open_loop,80,4000,3999,80,9.546277285531687,443.40224851740277,746.9011985021862,812.071095707026,false
244,bursty-pause-80,closed_loop,80,3830,3830,76.6,10.418335153659427,22.14854875203673,37.76200878968666,814.5602014032484,true
245,bursty-pause-80,open_loop,80,4000,3954,80,9.595943270833232,563.549361310812,764.6959777172378,819.1317222899379,false
245,bursty-pause-80,closed_loop,80,3776,3776,75.52,9.98773408983834,22.040019283027505,768.1832788107058,822.5740505325593,false
246,bursty-pause-80,open_loop,80,4000,4000,80,9.383393094081839,454.38245453666605,722.8526602108395,808.7819224368504,false
246,bursty-pause-80,closed_loop,80,3825,3825,76.5,10.382207096932689,22.869734250827605,33.11774798859551,815.4384213917947,true
247,bursty-pause-80,open_loop,80,4000,3999,80,9.33849438164907,461.56346701906295,735.6282259805957,817.8372640036505,false
247,bursty-pause-80,closed_loop,80,3838,3837,76.76,9.993079435931577,21.345173188667104,32.48722586884833,817.2313687307033,true
248,bursty-pause-80,open_loop,80,4000,3997,80,9.404287261892023,483.4218888058749,755.0728547097569,810.9447477757203,false
248,bursty-pause-80,closed_loop,80,3830,3828,76.6,10.30311080856336,22.403221846827364,43.845777362104855,810.7895664133139,true
249,bursty-pause-80,open_loop,80,4000,3999,80,9.378502014118567,472.55791725925883,740.6240140502014,810.9439741103342,false
249,bursty-pause-80,closed_loop,80,3833,3832,76.66,10.281807721563382,21.695385565857578,40.23383414014825,816.8356178763497,true
250,bursty-pause-80,open_loop,80,4000,3940,80,9.58316528976502,567.872259287542,760.158277842871,815.1927882353448,false
250,bursty-pause-80,closed_loop,80,3772,3772,75.44,10.302928817378415,22.5162760369858,765.2849769523746,814.7430533663864,false
251,bursty-pause-80,open_loop,80,4000,3999,80,9.283520921053423,427.2959275498215,725.9601437283054,807.0606456450369,false
251,bursty-pause-80,closed_loop,80,3828,3826,76.56,10.380769364935986,23.131439480228437,40.79008163429171,817.8096443533286,true
252,bursty-pause-80,open_loop,80,4000,4000,80,9.423060514856843,435.49467062062104,732.5347672766111,815.6889386497824,false
252,bursty-pause-80,closed_loop,80,3833,3830,76.66,10.207206046503416,21.46342671079765,33.7532338782039,819.4176126659077,true
253,bursty-pause-80,open_loop,80,4000,3951,80,9.566168899051263,583.5972409127135,773.3036573636491,812.4981639054822,false
253,bursty-pause-80,closed_loop,80,3798,3782,75.96,10.32292533058353,23.403750122444762,759.6896137973235,815.9152591090024,false
254,bursty-pause-80,open_loop,80,4000,3938,80,9.496276912963367,596.3419713633339,779.1309211009975,815.4728879439208,false
254,bursty-pause-80,closed_loop,80,3766,3765,75.32,10.315139581136464,23.029506126425986,781.5249890017221,829.1652478121468,false
255,bursty-pause-80,open_loop,80,4000,3999,80,9.450709732154792,512.2281782347964,745.7924464089156,813.874855288188,false
255,bursty-pause-80,closed_loop,80,3833,3833,76.66,10.025447577951127,22.298359094780608,37.60610083701067,820.8882243146145,true
256,bursty-pause-80,open_loop,80,4000,4000,80,9.367205572536477,455.24770025597536,735.270678295994,808.1853358035005,false
256,bursty-pause-80,closed_loop,80,3833,3833,76.66,10.260487039020518,21.599501505141234,35.16829322166814,821.5241219531963,true
257,bursty-pause-80,open_loop,80,4000,3999,80,9.450827541753824,432.5348760979832,741.7793352414956,818.6655161277631,false
257,bursty-pause-80,closed_loop,80,3829,3829,76.58,10.354589422029676,22.769263937258074,38.75500654993084,814.9864252816988,true
258,bursty-pause-80,open_loop,80,4000,3966,80,9.43826478126357,489.20625875908445,763.5758467553678,810.8058242593834,false
258,bursty-pause-80,closed_loop,80,3814,3798,76.28,10.046052949317527,23.505824976546137,768.4128260056968,817.3454087951468,false
259,bursty-pause-80,open_loop,80,4000,3999,80,9.58331023484061,443.0159309102455,723.6191960166761,811.3621635760792,false
259,bursty-pause-80,closed_loop,80,3828,3828,76.56,10.31778735685657,22.518313256619876,32.8363644541605,818.4524602539313,true
260,bursty-pause-80,open_loop,80,4000,3999,80,9.450245807745887,481.28162163998786,727.2524773816695,807.3856979914563,false
260,bursty-pause-80,closed_loop,80,3833,3832,76.66,10.067061688110698,21.607560776363243,36.3814451982289,817.7901940733063,true
261,bursty-pause-80,open_loop,80,4000,3995,80,9.356272355071269,478.94738487302675,751.5541704460702,812.5997254396061,false
261,bursty-pause-80,closed_loop,80,3837,3833,76.74,9.885593939427054,21.18959656402876,41.97109951379389,822.4881808450882,true
262,bursty-pause-80,open_loop,80,4000,3955,80,9.73821813086397,589.1387014188658,777.7492991468534,821.8198532616952,false
262,bursty-pause-80,closed_loop,80,3767,3766,75.34,10.338808884349419,23.095196495592972,775.567434492601,822.0938394316436,false
263,bursty-pause-80,open_loop,80,4000,3999,80,9.483030462411989,440.15710451027553,739.7002449095271,814.4080775239272,false
263,bursty-pause-80,closed_loop,80,3830,3828,76.6,10.326134388364153,22.961867489804717,33.38603682197572,816.0315645611045,true
264,bursty-pause-80,open_loop,80,4000,3999,80,9.517659437253315,493.20269434244256,754.9031951713841,805.3377021005363,false
264,bursty-pause-80,closed_loop,80,3827,3827,76.54,10.467613218555925,23.164285128048505,38.06317957525607,817.4633936563914,true
265,bursty-pause-80,open_loop,80,4000,3999,80,9.720757624134421,488.8820034793316,753.6392771506835,819.6944585569945,false
265,bursty-pause-80,closed_loop,80,3828,3826,76.56,10.233514854749956,23.75274341703698,37.80360660613951,819.5678143641308,true
266,bursty-pause-80,open_loop,80,4000,3999,80,9.371602492949023,493.4062091451269,736.1326303046226,816.0802836892071,false
266,bursty-pause-80,closed_loop,80,3831,3831,76.62,10.215648743876955,22.65092727218871,37.789595325324626,812.9616781891236,true
267,bursty-pause-80,open_loop,80,4000,3999,80,9.386128147954878,455.4665028889576,741.3225916029769,815.6740599641598,false
267,bursty-pause-80,closed_loop,80,3833,3832,76.66,10.154650102944288,21.473648115977994,40.76963907783647,817.8013810105913,true
268,bursty-pause-80,open_loop,80,4000,3954,80,9.667314663776779,589.4779021856739,775.0877306480543,811.7456481402478,false
268,bursty-pause-80,closed_loop,80,3766,3766,75.32,10.365217848098837,23.417642077605706,768.2284309686438,827.0234435351304,false
269,bursty-pause-80,open_loop,80,4000,3999,80,9.31930751687105,465.6257798513616,750.7401717891116,811.2129841313144,false
269,bursty-pause-80,closed_loop,80,3835,3834,76.7,10.25394281618901,21.2623764850905,33.93570521354923,808.2877277505613,true
270,bursty-pause-80,open_loop,80,4000,3999,80,9.48185523882421,461.6085302828578,747.336098845044,807.6873459534872,false
270,bursty-pause-80,closed_loop,80,3833,3832,76.66,10.12495630941703,22.42214140263968,35.787370912330516,815.2744681211188,true
271,bursty-pause-80,open_loop,80,4000,3999,80,9.372322533592524,450.31400844440213,752.2345908803982,810.9679305709142,false
271,bursty-pause-80,closed_loop,80,3831,3830,76.62,10.307623761391369,23.132599423151987,34.18150264717406,808.472199867585,true
272,bursty-pause-80,open_loop,80,4000,3999,80,9.465288391111244,491.8853725294539,731.4951094727585,809.5337757044908,false
272,bursty-pause-80,closed_loop,80,3837,3837,76.74,10.111214428121457,21.57900596712716,34.575642151488864,814.5754829108446,true
273,bursty-pause-80,open_loop,80,4000,3999,80,9.254748009698233,460.40285785203014,736.5576227072306,813.4014824154801,false
273,bursty-pause-80,closed_loop,80,3835,3833,76.7,10.24735896330094,21.89382449844561,30.837197983899387,818.4445776467437,true
274,bursty-pause-80,open_loop,80,4000,3953,80,9.60571562890982,594.3386582590501,767.756374974997,820.9417989189678,false
274,bursty-pause-80,closed_loop,80,3800,3784,76,10.360852656122006,22.725686654346646,757.8000425467326,821.9615202199311,false
275,bursty-pause-80,open_loop,80,4000,3999,80,9.425679029038292,477.5795127672245,739.0147765676447,813.0161642129715,false
275,bursty-pause-80,closed_loop,80,3832,3831,76.64,10.1633990290793,21.77015735294117,33.54817417556478,818.7871718033603,true
276,bursty-pause-80,open_loop,80,4000,3999,80,9.623124903628195,469.3696177472193,745.0882737729262,810.0008470927642,false
276,bursty-pause-80,closed_loop,80,3827,3826,76.54,10.474417063560395,23.28122903489202,36.21342492816984,811.514982136825,true
277,bursty-pause-80,open_loop,80,4000,3999,80,9.484232852671994,410.09956983292795,726.4182801473726,814.3596280056299,false
277,bursty-pause-80,closed_loop,80,3837,3837,76.74,9.928070399433636,21.760537630922045,31.78687995787186,809.8084446290013,true
278,bursty-pause-80,open_loop,80,4000,3949,80,9.528706283104839,559.7453710863847,758.4923240954813,811.7314430525512,false
278,bursty-pause-80,closed_loop,80,3759,3759,75.18,10.425163469128165,24.8370922758877,774.6423953374615,830.4666981448609,false
279,bursty-pause-80,open_loop,80,4000,4000,80,9.314605619372742,455.23529981026513,729.9908803384533,816.50403249808,false
279,bursty-pause-80,closed_loop,80,3835,3834,76.7,9.991627747473103,21.69637710101233,35.158286648718786,817.7274460533154,true
280,bursty-pause-80,open_loop,80,4000,3951,80,9.58085304341148,548.065808479354,770.5508253951266,812.1825538601042,false
280,bursty-pause-80,closed_loop,80,3796,3780,75.92,10.584450161244604,23.85552626290155,770.6681879121898,819.5815557433052,false
281,bursty-pause-80,open_loop,80,4000,4000,80,9.523175248175903,444.2618752671442,731.5441746771758,812.4959989272465,false
281,bursty-pause-80,closed_loop,80,3835,3834,76.7,10.101806844439125,22.1306733500096,39.298702279229474,813.6258303143331,true
282,bursty-pause-80,open_loop,80,4000,4000,80,9.521163914112549,501.01769823934956,769.5124925347118,815.7448254951596,false
282,bursty-pause-80,closed_loop,80,3831,3830,76.62,10.310522547250002,22.12867037977412,34.559748192943516,815.8041673142616,true
283,bursty-pause-80,open_loop,80,4000,4000,80,9.519015403777303,453.2238738639353,739.9238160921814,808.8663616085541,false
283,bursty-pause-80,closed_loop,80,3834,3833,76.68,10.090785688524193,22.896993757043674,37.69694996047474,806.7524224244262,true
284,bursty-pause-80,open_loop,80,4000,3944,80,9.63613747718773,590.07468943001,761.5310034251816,810.6901464753319,false
284,bursty-pause-80,closed_loop,80,3769,3767,75.38,10.111533887364203,23.59444619064743,766.9061879197907,811.0813766708125,false
285,bursty-pause-80,open_loop,80,4000,3999,80,9.486104991447064,487.8545661134631,750.0175924924224,818.6072102241742,false
285,bursty-pause-80,closed_loop,80,3833,3832,76.66,10.198924133619585,21.925114155914343,45.083524753739766,811.6731534483806,true
286,bursty-pause-80,open_loop,80,4000,3972,80,9.423691782045353,493.93722423142026,763.7123738583614,808.3522343302611,false
286,bursty-pause-80,closed_loop,80,3815,3799,76.3,10.389549520174114,24.814166776857746,771.4082090995289,817.2711084384646,false
287,bursty-pause-80,open_loop,80,4000,4000,80,9.44023228671358,441.8831887919332,742.8202202100292,807.8714296184007,false
287,bursty-pause-80,closed_loop,80,3827,3826,76.54,10.388900214189562,24.202213913005835,35.82085909113448,811.8184285472453,true
288,bursty-pause-80,open_loop,80,4000,4000,80,9.407103200257552,476.70090961251117,752.5192689314936,809.6029036191467,false
288,bursty-pause-80,closed_loop,80,3831,3830,76.62,10.21551435602305,22.211149604299862,43.128975712250394,832.0710800698726,true
289,bursty-pause-80,open_loop,80,4000,3987,80,9.464403241068794,473.12107357342757,766.3234979424342,814.6918350201668,false
289,bursty-pause-80,closed_loop,80,3828,3814,76.56,10.412888076149102,23.78353015663015,754.9614677091595,820.5668418817804,false
290,bursty-pause-80,open_loop,80,4000,3983,80,9.516716340513085,505.5918778460182,774.3526366901715,820.3301807049975,false
290,bursty-pause-80,closed_loop,80,3832,3816,76.64,10.223842837382108,23.35901144357922,748.2839493111605,812.0376179092927,false
291,bursty-pause-80,open_loop,80,4000,3969,80,9.536112465339102,513.5890564449583,775.5771531622595,814.1418042409532,false
291,bursty-pause-80,closed_loop,80,3820,3804,76.4,10.207489374406578,23.338339393965725,752.335532388126,817.6090475380552,false
292,bursty-pause-80,open_loop,80,4000,3972,80,9.453602434747154,549.7080023745657,767.2380946648991,818.941088777312,false
292,bursty-pause-80,closed_loop,80,3818,3802,76.36,10.260049923635961,22.706453142571263,767.4268792271905,821.6131676510413,false
293,bursty-pause-80,open_loop,80,4000,3994,80,9.538821776368422,485.36646872156416,756.4469398306392,807.0220103956926,false
293,bursty-pause-80,closed_loop,80,3832,3827,76.64,10.207971500378335,22.476867911704176,40.65830812359127,810.8904303530144,true
294,bursty-pause-80,open_loop,80,4000,3949,80,9.52322559195818,551.7652633320758,761.7305937276979,806.7244861304243,false
294,bursty-pause-80,closed_loop,80,3772,3771,75.44,10.214300183011801,23.93429125849798,752.704667455524,816.8143139039348,false
295,bursty-pause-80,open_loop,80,4000,3944,80,9.523515259701526,561.575166603172,760.311326864612,819.7392343440006,false
295,bursty-pause-80,closed_loop,80,3767,3766,75.34,10.207626354902459,23.911294707490015,767.1732841524317,820.2908601693634,false
296,bursty-pause-80,open_loop,80,4000,3959,80,9.658250235828746,585.7594796210469,772.2667801951538,812.0212151729429,false
296,bursty-pause-80,closed_loop,80,3770,3768,75.4,10.347923960602202,23.09443977583578,772.1909877982762,821.4331731506973,false
297,bursty-pause-80,open_loop,80,4000,3999,80,9.414667261051363,447.7278042252583,753.090090410522,811.9957521169817,false
297,bursty-pause-80,closed_loop,80,3832,3830,76.64,10.269373078022909,22.27063510887092,35.82093286955933,827.2999591215703,true
298,bursty-pause-80,open_loop,80,4000,3999,80,9.557745680322114,454.2297570603587,740.0617043165403,809.6326654916193,false
298,bursty-pause-80,closed_loop,80,3832,3830,76.64,10.285319061404152,22.323798532142973,47.255628789702314,813.9617370674387,true
299,bursty-pause-80,open_loop,80,4000,3941,80,9.600878411645681,550.1863050155553,776.4079849949703,812.7033740859915,false
299,bursty-pause-80,closed_loop,80,3789,3773,75.78,10.38105152947901,23.87204399694747,746.0501666077034,811.7416565381754,false
300,bursty-pause-80,open_loop,80,4000,4000,80,9.43839197136549,481.6615859970734,742.4898901206325,815.1706868983238,false
300,bursty-pause-80,closed_loop,80,3832,3831,76.64,10.205575324609526,22.190769541732152,34.198093580162094,814.6059835339329,true
301,bursty-pause-80,open_loop,80,4000,3999,80,9.390225717019348,449.49112409491863,739.2506993745992,809.9959040819776,false
301,bursty-pause-80,closed_loop,80,3830,3829,76.6,10.342483882450324,21.993077521332452,40.09267917516263,812.2710122655117,true
302,bursty-pause-80,open_loop,80,4000,3960,80,9.546045040833633,523.9651896882242,754.1737283677066,816.4729517878513,false
302,bursty-pause-80,closed_loop,80,3803,3787,76.06,10.162196665849478,24.056699014057813,771.3098053899375,824.2255830216527,false
303,bursty-pause-80,open_loop,80,4000,3980,80,9.449605178040656,517.4593740109667,753.3562233064367,815.4205059851083,false
303,bursty-pause-80,closed_loop,80,3825,3809,76.5,10.263540306972573,23.024488398172252,790.0417745782252,831.6691075895214,false
304,bursty-pause-80,open_loop,80,4000,3998,80,9.339377285537921,473.8765683178135,741.362133384755,808.6445312662836,false
304,bursty-pause-80,closed_loop,80,3838,3835,76.76,10.179378402710427,21.183350982428237,36.04231151822023,819.4371515250059,true
305,bursty-pause-80,open_loop,80,4000,3999,80,9.252633385860463,433.9330893492952,741.360480667634,810.1017523005648,false
305,bursty-pause-80,closed_loop,80,3827,3824,76.54,10.288635519857053,22.93794215910748,39.065752455206166,828.7151438480942,true
306,bursty-pause-80,open_loop,80,4000,3999,80,9.50694774438307,431.11280851806805,731.3589454007815,815.3704198144987,false
306,bursty-pause-80,closed_loop,80,3833,3832,76.66,10.30054562092846,22.042107981389563,36.378054841581616,811.6196856411916,true
307,bursty-pause-80,open_loop,80,4000,3999,80,9.306206766770629,447.8933877677846,740.5750654545263,811.2398382648607,false
307,bursty-pause-80,closed_loop,80,3832,3830,76.64,10.127281516586663,22.91247697520157,37.62710602223706,813.0842141910834,true
308,bursty-pause-80,open_loop,80,4000,4000,80,9.407011627998145,487.6319723466804,751.0240842238854,815.0231011882461,false
308,bursty-pause-80,closed_loop,80,3838,3837,76.76,9.955837813806284,20.358566588096437,31.64899698057343,819.6454624853504,true
309,bursty-pause-80,open_loop,80,4000,3967,80,9.65776245847519,604.8804514169387,776.5906120332293,819.0891402102643,false
309,bursty-pause-80,closed_loop,80,3816,3800,76.32,10.122536913113436,23.44731703657817,768.1010154054238,821.6944977690437,false
310,bursty-pause-80,open_loop,80,4000,3980,80,9.396195174835157,522.2286947212087,765.4300590366001,811.7029896995737,false
310,bursty-pause-80,closed_loop,80,3828,3812,76.56,10.127432120680169,22.57143402784277,780.3571572856818,821.3458582766834,false
311,bursty-pause-80,open_loop,80,4000,3940,80,9.63666698615998,577.9132787734052,765.9539098944442,820.2163353793148,false
311,bursty-pause-80,closed_loop,80,3769,3769,75.38,10.219831282602172,22.694344196745078,778.4475673593843,823.6108594715624,false
312,bursty-pause-80,open_loop,80,4000,3940,80,9.402161120444362,529.8711419723477,757.25057463345,813.5770229748814,false
312,bursty-pause-80,closed_loop,80,3789,3773,75.78,10.199235716514522,22.84601952333469,771.5887380837812,815.2565442988052,false
313,bursty-pause-80,open_loop,80,4000,3999,80,9.335173239571304,481.6361003520651,762.5959540238982,817.2422473456827,false
313,bursty-pause-80,closed_loop,80,3835,3834,76.7,10.169548104258865,20.878633124550106,34.879494553562836,819.7308172407975,true
314,bursty-pause-80,open_loop,80,4000,4000,80,9.51079555178876,452.3788770402243,747.683205566711,815.3175639224646,false
314,bursty-pause-80,closed_loop,80,3837,3836,76.74,10.002368550471147,21.81013479073954,31.879272129046512,815.0493983801352,true
315,bursty-pause-80,open_loop,80,4000,3999,80,9.379095547526958,489.57096826830457,742.7873207797311,810.4142582802233,false
315,bursty-pause-80,closed_loop,80,3831,3830,76.62,10.277064762442023,22.54335670954788,36.72018152954115,804.6288648213413,true
316,bursty-pause-80,open_loop,80,4000,3937,80,9.50636684201163,543.091814286614,765.3015110926499,808.0579598407239,false
316,bursty-pause-80,closed_loop,80,3779,3763,75.58,10.472655056213625,23.299843091863295,778.2676110476023,816.58642724729,false
317,bursty-pause-80,open_loop,80,4000,3999,80,9.304823327896884,451.00262996487436,747.0196758959282,810.0846274409705,false
317,bursty-pause-80,closed_loop,80,3834,3832,76.68,10.121048590604914,21.6005123888026,33.77803759856579,817.7954230234973,true
318,bursty-pause-80,open_loop,80,4000,3952,80,9.45162806244116,552.0036283680602,766.77616539874,816.523242012292,false
318,bursty-pause-80,closed_loop,80,3797,3781,75.94,10.42580923613059,23.91170820438856,759.3319321626986,817.9566140679526,false
319,bursty-pause-80,open_loop,80,4000,3946,80,9.589974265716592,585.070358284218,761.6254677417091,818.3684751156834,false
319,bursty-pause-80,closed_loop,80,3764,3764,75.28,10.38958513056059,24.23488793310389,751.6792301688074,811.0801770665275,false
320,bursty-pause-80,open_loop,80,4000,3950,80,9.52582148876536,566.9295035349423,764.8253616151051,816.6316188433593,false
320,bursty-pause-80,closed_loop,80,3772,3771,75.44,10.037054006497783,23.330954366829246,761.3245155403565,817.4793188225667,false
1,bursty-pause-100,open_loop,100,5000,4999,100,15.688253675376473,684.8944233071525,771.6922194029175,814.2602973971298,false
1,bursty-pause-100,closed_loop,100,4687,4686,93.74,12.57761736123939,29.16529328505385,42.85550020962546,821.7895788181413,true
2,bursty-pause-100,open_loop,100,5000,4981,100,14.580618232566849,671.7274503486769,793.911791761886,838.6188682287539,false
2,bursty-pause-100,closed_loop,100,4700,4684,94,12.316747000291798,28.152447057967947,771.8949902977947,828.5279901898612,false
3,bursty-pause-100,open_loop,100,5000,4998,100,15.463685554528638,728.6832839400377,802.0321454790464,843.1264545051381,false
3,bursty-pause-100,closed_loop,100,4686,4686,93.72,12.553412518594996,30.06560358904244,43.22824073058291,818.4562820397259,true
4,bursty-pause-100,open_loop,100,5000,4999,100,15.59143963112001,668.4447944386993,795.5548220523924,823.9632638120675,false
4,bursty-pause-100,closed_loop,100,4682,4680,93.64,12.86741609085584,29.75194741134328,42.941725329190376,827.868894796542,true
5,bursty-pause-100,open_loop,100,5000,4998,100,14.4072290029726,684.2076256130604,790.0718915023899,817.1761763712057,false
5,bursty-pause-100,closed_loop,100,4680,4679,93.6,12.654486687992176,30.173638553736964,46.83967099329311,841.0927942285343,true
6,bursty-pause-100,open_loop,100,5000,4999,100,15.916539313970134,684.7718694058858,799.7810000230456,813.8113024526538,false
6,bursty-pause-100,closed_loop,100,4683,4683,93.66,12.76357952320177,29.30293026615982,41.39870113924553,829.2209176216711,true
7,bursty-pause-100,open_loop,100,5000,4951,100,17.125613241512838,696.6226891589249,783.1830972839234,806.7226055393512,false
7,bursty-pause-100,closed_loop,100,4661,4645,93.22,12.590325138895423,29.716933697847708,775.6591135437775,819.6454425564007,false
8,bursty-pause-100,open_loop,100,5000,4921,100,15.49438098075916,741.4584656601437,811.8966031347081,833.1637914205348,false
8,bursty-pause-100,closed_loop,100,4639,4623,92.78,12.644254614337115,27.34166647145321,783.1335886288216,834.974233292749,false
9,bursty-pause-100,open_loop,100,5000,4999,100,14.923293563026164,670.9813277342437,777.2686100705032,811.6826885772607,false
9,bursty-pause-100,closed_loop,100,4688,4687,93.76,12.646917362122622,29.35824976175718,41.179206259294006,818.4572555984523,true
10,bursty-pause-100,open_loop,100,5000,4920,100,16.041712947426277,758.7955022300594,818.1735467993421,840.6807527321216,false
10,bursty-pause-100,closed_loop,100,4610,4609,92.2,12.599632531928364,30.004730322296382,783.2683501247957,837.4218225792501,false
11,bursty-pause-100,open_loop,100,5000,4985,100,16.231361368387297,694.1790290847275,787.3299406392034,825.6830897341752,false
11,bursty-pause-100,closed_loop,100,4685,4670,93.7,12.80506423909901,31.18307358079619,770.583400531621,817.7624569542531,false
12,bursty-pause-100,open_loop,100,5000,4977,100,16.891264969439362,704.1371739002934,799.1376313723449,824.922773183047,false
12,bursty-pause-100,closed_loop,100,4686,4670,93.72,12.390575151062876,29.586710641258833,774.3510279645852,820.4136582768697,false
13,bursty-pause-100,open_loop,100,5000,4999,100,15.507716368963884,687.0192702832501,784.7317105297989,823.1083626658728,false
13,bursty-pause-100,closed_loop,100,4696,4692,93.92,12.046745391071454,29.873160036040645,44.657782551548735,836.4233210421953,true
14,bursty-pause-100,open_loop,100,5000,4954,100,17.30323284588667,720.5771546495089,799.9463066889148,823.3484577307208,false
14,bursty-pause-100,closed_loop,100,4661,4645,93.22,12.58299258822808,29.835662978919572,780.9032180293507,820.3513368428466,false
15,bursty-pause-100,open_loop,100,5000,4925,100,15.056614575059939,731.6010259494797,792.9464744811121,826.1624955664847,false
15,bursty-pause-100,closed_loop,100,4606,4606,92.12,12.673303020128515,30.032093491776322,792.645395873049,819.6787064154487,false
16,bursty-pause-100,open_loop,100,5000,4922,100,15.126365498559608,734.6944921469149,805.1567431253061,822.3836079334651,false
16,bursty-pause-100,closed_loop,100,4642,4626,92.84,12.245714851225785,28.960188942670356,798.9887548556362,841.5291719793604,false
17,bursty-pause-100,open_loop,100,5000,4971,100,16.707437720506277,726.313013199142,815.6134741482565,840.2593475244466,false
17,bursty-pause-100,closed_loop,100,4680,4664,93.6,12.778464945316955,28.570472603212693,790.7434156840172,833.6811594563551,false
18,bursty-pause-100,open_loop,100,5000,4960,100,14.431188955939433,678.0616491204528,790.5575573638052,815.1956058652577,false
18,bursty-pause-100,closed_loop,100,4675,4659,93.5,12.44297758346147,29.09547197577922,786.4622059434951,815.5730944680836,false
19,bursty-pause-100,open_loop,100,5000,4931,100,20.257839480815164,734.231086746433,791.1041019632466,816.6122826321698,false
19,bursty-pause-100,closed_loop,100,4633,4617,92.66,12.5529987563732,30.448894836306863,790.6776870231515,824.6927564087309,false
20,bursty-pause-100,open_loop,100,5000,4955,100,16.023311595148698,745.5383362514403,803.7271439529504,823.2678175754554,false
20,bursty-pause-100,closed_loop,100,4674,4658,93.48,12.160389231197769,29.198026093923545,786.4137680799504,829.93346646992,false
21,bursty-pause-100,open_loop,100,5000,5000,100,15.611684345580215,691.2703231163105,774.7081003190251,818.5382820275736,false
21,bursty-pause-100,closed_loop,100,4667,4665,93.34,13.16897861018515,31.267616881930735,48.10545756373904,836.720833870866,true
22,bursty-pause-100,open_loop,100,5000,4999,100,16.127326644906134,650.4501084748845,790.0889559804491,819.9490275459248,false
22,bursty-pause-100,closed_loop,100,4694,4691,93.88,12.512380547210341,28.507287176616956,40.50268472942116,820.2011089816515,true
23,bursty-pause-100,open_loop,100,5000,4959,100,15.95205738335062,699.0039093715204,799.3425487284912,816.4598869886249,false
23,bursty-pause-100,closed_loop,100,4663,4647,93.26,12.679554879563511,29.93747456467463,778.8686942326094,828.0616526020021,false
24,bursty-pause-100,open_loop,100,5000,4930,100,14.01040690587979,735.6053014715799,790.0829333469883,808.2142147787454,false
24,bursty-pause-100,closed_loop,100,4620,4618,92.4,12.241123054576747,29.13346538617043,773.5554745923291,819.8495462210558,false
25,bursty-pause-100,open_loop,100,5000,4960,100,15.152847223653225,684.1279304750205,796.5901977188769,818.5213656594351,false
25,bursty-pause-100,closed_loop,100,4674,4658,93.48,12.561179181368061,27.69887366619514,799.8598910580258,835.4486125691001,false
26,bursty-pause-100,open_loop,100,5000,4992,100,14.157040885987954,729.6774634501307,786.2442296911504,818.1194848664018,false
26,bursty-pause-100,closed_loop,100,4680,4674,93.6,13.03758398739592,29.14053912779491,45.95177632609557,823.2315317012617,true
27,bursty-pause-100,open_loop,100,5000,4945,100,15.502622806570798,746.8099061643807,813.6246519704582,834.2799700323158,false
27,bursty-pause-100,closed_loop,100,4650,4634,93,12.861479121060256,29.733619600578095,786.1889349514022,830.5352163007628,false
28,bursty-pause-100,open_loop,100,5000,4966,100,16.31225485280447,713.2977466809753,812.9194250606379,858.1610623898305,false
28,bursty-pause-100,closed_loop,100,4683,4667,93.66,12.267367904700222,28.692186270593083,783.6381031187193,828.3005245937857,false
29,bursty-pause-100,open_loop,100,5000,4941,100,14.946922019960766,711.3761190616387,797.9961223873252,820.5401860151542,false
29,bursty-pause-100,closed_loop,100,4650,4634,93,12.76125430835964,29.726793764897593,767.1648211327847,831.221832586325,false
30,bursty-pause-100,open_loop,100,5000,4999,100,14.408778543664084,663.9511408922481,778.9045168697703,816.0163275656159,false
30,bursty-pause-100,closed_loop,100,4688,4687,93.76,12.559798375608807,30.09632469990902,42.2500605999594,825.9122318786976,true
31,bursty-pause-100,open_loop,100,5000,4928,100,16.12419220170341,726.1867993352644,800.343661610561,820.1327110788297,false
31,bursty-pause-100,closed_loop,100,4612,4610,92.24,12.753207210054825,28.910997775899887,784.4079933744651,847.6641908762758,false
32,bursty-pause-100,open_loop,100,5000,4999,100,16.120613503044297,638.5588552212103,769.7847232399872,816.8486014492591,false
32,bursty-pause-100,closed_loop,100,4699,4698,93.98,12.311910402066133,28.33050961371191,41.77423981054744,824.9154351257093,true
33,bursty-pause-100,open_loop,100,5000,4999,100,19.099944770598086,723.7818873613396,788.2297968685525,819.4738008458153,false
33,bursty-pause-100,closed_loop,100,4689,4688,93.78,12.463379461707518,29.436387511785142,40.04922306763547,826.5252596442951,true
34,bursty-pause-100,open_loop,100,5000,4921,100,16.25287344903336,721.5785756119076,803.1457076841325,822.1499685030794,false
34,bursty-pause-100,closed_loop,100,4611,4609,92.22,12.737507793608529,30.142779651578167,784.5220478849769,830.3628362155578,false
35,bursty-pause-100,open_loop,100,5000,5000,100,15.94053466351761,712.5399089140119,763.6938976138772,814.5609417895284,false
35,bursty-pause-100,closed_loop,100,4693,4692,93.86,12.444425127749128,28.2897596696057,43.34176793357619,838.6435279963844,true
36,bursty-pause-100,open_loop,100,5000,4955,100,15.889516636831104,704.0460245678114,818.8204342537356,832.8586438344937,false
36,bursty-pause-100,closed_loop,100,4651,4635,93.02,12.757107786812412,30.85097400741506,788.5659358409102,829.1960399189848,false
37,bursty-pause-100,open_loop,100,5000,4921,100,15.123076762720302,706.661836932315,794.0234425002564,820.8894514984058,false
37,bursty-pause-100,closed_loop,100,4618,4618,92.36,12.599890357552795,28.935095179545897,782.437644249163,819.5638438532987,false
38,bursty-pause-100,open_loop,100,5000,4999,100,16.646778315676784,655.2094763138521,771.9648545055388,811.5315860765841,false
38,bursty-pause-100,closed_loop,100,4689,4688,93.78,12.50282111901106,30.288481929397676,42.190890916193894,822.0895440746535,true
39,bursty-pause-100,open_loop,100,5000,4998,100,16.283956802879402,708.9966923584907,782.5420765412127,819.5010169818124,false
39,bursty-pause-100,closed_loop,100,4698,4696,93.96,12.284870294315624,28.208844883251004,39.61474522862409,836.062151233913,true
40,bursty-pause-100,open_loop,100,5000,4999,100,13.896037590362539,637.5228854672278,768.32841943112,819.9282364503451,false
40,bursty-pause-100,closed_loop,100,4697,4694,93.94,12.068446987614152,29.802338671244797,48.0549321069775,830.079323949707,true
41,bursty-pause-100,open_loop,100,5000,4994,100,13.870214398222743,660.0433309603977,799.2793049023749,816.2539811394818,false
41,bursty-pause-100,closed_loop,100,4684,4678,93.68,12.537932357714453,30.18351553211687,47.8641880786563,830.7302216100288,true
42,bursty-pause-100,open_loop,100,5000,4999,100,15.123232731697499,712.480599893126,791.9625835033075,817.5103046018703,false
42,bursty-pause-100,closed_loop,100,4692,4689,93.84,12.499342919960327,28.521525466188905,44.342421556211775,826.2691331083297,true
43,bursty-pause-100,open_loop,100,5000,5000,100,15.71221196226179,692.6417045216695,772.1462801186935,811.7205675252044,false
43,bursty-pause-100,closed_loop,100,4700,4700,94,12.35415581869529,28.131396119344572,41.48677215370844,811.3103383341586,true
44,bursty-pause-100,open_loop,100,5000,4998,100,15.833894392941147,715.5606033912663,789.4578997084318,826.5482052710577,false
44,bursty-pause-100,closed_loop,100,4684,4683,93.68,12.361660688999109,30.864015634528187,47.37373289059178,836.1442945132767,true
45,bursty-pause-100,open_loop,100,5000,4999,100,17.197206078832096,717.4723686588841,820.2626315996094,846.767179268667,false
45,bursty-pause-100,closed_loop,100,4702,4701,94.04,12.269721648539416,27.627190186616644,38.249770541195176,831.4560460810899,true
46,bursty-pause-100,open_loop,100,5000,4999,100,14.715218754048692,667.0657466324519,782.4937503189503,811.267228087414,false
46,bursty-pause-100,closed_loop,100,4692,4690,93.84,12.552853000444884,29.344353438573307,45.774130594261806,817.0516189839727,true
47,bursty-pause-100,open_loop,100,5000,4999,100,16.11517139742864,740.5444371099038,808.3258858229601,825.2027638091895,false
47,bursty-pause-100,closed_loop,100,4681,4680,93.62,12.513389916581218,29.796766500854574,45.661547487550706,835.3691631338552,true
48,bursty-pause-100,open_loop,100,5000,4922,100,15.785308256738062,773.630740178498,804.7638477640576,832.8765823755348,false
48,bursty-pause-100,closed_loop,100,4613,4612,92.26,12.420989445203304,30.760459825218277,790.3899385942204,827.5460031154835,false
49,bursty-pause-100,open_loop,100,5000,4977,100,14.973296982556349,698.7276615572555,798.810540983417,823.401458388922,false
49,bursty-pause-100,closed_loop,100,4681,4665,93.62,12.48489066620823,31.05235716336756,793.3020204516179,832.6368609620877,false
50,bursty-pause-100,open_loop,100,5000,4999,100,15.225137422792614,690.8734629240353,760.9635675164573,815.2827192662735,false
50,bursty-pause-100,closed_loop,100,4676,4676,93.52,12.856098351483524,31.686410190897732,47.03874395866296,831.0488786078349,true
51,bursty-pause-100,open_loop,100,5000,4998,100,15.269439620613412,698.4131422599348,804.2740751493329,827.1633458885699,false
51,bursty-pause-100,closed_loop,100,4689,4689,93.78,12.48960774041916,28.797870571157546,44.89270072981162,826.3000091837675,true
52,bursty-pause-100,open_loop,100,5000,4925,100,16.70730354990519,734.5829467181611,799.029951926168,821.6401096082045,false
52,bursty-pause-100,closed_loop,100,4622,4621,92.44,12.499273072833603,29.02819009821542,784.6013148468483,820.0010830797291,false
53,bursty-pause-100,open_loop,100,5000,4999,100,14.179650669397233,653.8583264206463,789.3452197973602,814.294468865497,false
53,bursty-pause-100,closed_loop,100,4699,4699,93.98,12.327805179174902,28.374538075368037,40.3059018428321,822.3468425076426,true
54,bursty-pause-100,open_loop,100,5000,4927,100,15.06858041974192,702.1005119288893,791.2316212503283,818.2344898782976,false
54,bursty-pause-100,closed_loop,100,4632,4616,92.64,12.605037990964775,29.569130867945205,779.721515440222,840.0173104537753,false
55,bursty-pause-100,open_loop,100,5000,4972,100,16.8797540320993,735.7975513616475,808.9554005189639,830.0671618359993,false
55,bursty-pause-100,closed_loop,100,4688,4672,93.76,12.126505969696154,28.82682548532466,787.8726826353741,825.3613663953438,false
56,bursty-pause-100,open_loop,100,5000,4987,100,14.433233783049218,681.5057297033163,785.4439686760961,815.294791256616,false
56,bursty-pause-100,closed_loop,100,4690,4678,93.8,12.381401454149454,29.799328739842167,48.61270383129522,827.0812901644567,true
57,bursty-pause-100,open_loop,100,5000,4999,100,14.581630754175421,665.4243570855324,791.8003907913953,821.5466627025817,false
57,bursty-pause-100,closed_loop,100,4692,4690,93.84,12.748710727777507,28.224567702694912,41.50275960510771,829.2247071771162,true
58,bursty-pause-100,open_loop,100,5000,4999,100,14.824394192553882,672.3263091635599,790.8528509887328,818.2253112567269,false
58,bursty-pause-100,closed_loop,100,4698,4697,93.96,12.10947472792759,28.188781681126784,43.24749995043385,820.7540225702869,true
59,bursty-pause-100,open_loop,100,5000,4998,100,17.526473394798813,703.6295528082628,791.1632744316521,813.6721861171973,false
59,bursty-pause-100,closed_loop,100,4702,4699,94.04,12.31807242341165,27.71731348076719,39.391777636403276,812.869897766439,true
60,bursty-pause-100,open_loop,100,5000,4999,100,14.58251532533177,695.9851246865692,787.2229502777991,824.9626642330222,false
60,bursty-pause-100,closed_loop,100,4690,4688,93.8,12.532708144157368,29.676979824413138,39.752956429467304,808.5523677625897,true
61,bursty-pause-100,open_loop,100,5000,4998,100,14.946469991031336,685.2847004487194,797.7394754049819,828.2546183896484,false
61,bursty-pause-100,closed_loop,100,4683,4682,93.66,12.599850785642047,29.42286941869679,48.20801760678296,825.6305187165235,true
62,bursty-pause-100,open_loop,100,5000,4970,100,15.100389658793574,734.0642567409232,800.2297079663986,818.9385651441953,false
62,bursty-pause-100,closed_loop,100,4681,4665,93.62,12.37731386606174,29.689106713049114,782.0870580206465,815.6763897787168,false
63,bursty-pause-100,open_loop,100,5000,4918,100,17.16407531501318,731.5267186835044,799.8788832344289,824.9973609898298,false
63,bursty-pause-100,closed_loop,100,4604,4600,92.08,12.614235427525273,32.211378045991296,782.7948604581034,835.8468643608139,false
64,bursty-pause-100,open_loop,100,5000,4964,100,14.53505076176225,740.8005205903755,801.0512212727626,821.5946788145666,false
64,bursty-pause-100,closed_loop,100,4658,4642,93.16,12.615047874453012,31.246201115580334,802.4315691867014,833.0041222561813,false
65,bursty-pause-100,open_loop,100,5000,4999,100,15.132756080169202,697.6889579455346,802.3376330207466,841.3626634861794,false
65,bursty-pause-100,closed_loop,100,4693,4692,93.86,12.364581516063481,29.473148894558108,44.87164153873164,830.9728061554415,true
66,bursty-pause-100,open_loop,100,5000,4998,100,15.406869400983851,730.4919230247178,810.9425566498103,833.5402321197398,false
66,bursty-pause-100,closed_loop,100,4687,4686,93.74,12.465074803461903,29.197113532522053,46.26459596748464,822.4969881030192,true
67,bursty-pause-100,open_loop,100,5000,4928,100,16.329302185593406,745.1044118144418,816.3747917964829,830.6155636303192,false
67,bursty-pause-100,closed_loop,100,4637,4621,92.74,12.482503039616859,29.213164866167062,800.5139120769891,853.2432106527049,false
68,bursty-pause-100,open_loop,100,5000,4999,100,15.192758858815068,681.6058394077263,791.6542168858796,809.0763085905237,false
68,bursty-pause-100,closed_loop,100,4685,4684,93.7,12.549273239030299,30.717876042275748,46.929951196350885,811.2973728650759,true
69,bursty-pause-100,open_loop,100,5000,4999,100,14.059611791366478,683.206789221389,777.9397929430088,820.7599354295817,false
69,bursty-pause-100,closed_loop,100,4697,4695,93.94,12.173456735974469,29.769700542216015,42.642933274561074,818.2794673717799,true
70,bursty-pause-100,open_loop,100,5000,4919,100,16.318474287756544,733.4592557010983,805.1174010883187,827.7228716543832,false
70,bursty-pause-100,closed_loop,100,4601,4600,92.02,12.86579367460945,29.724167682474217,801.1400392267351,828.8041221488311,false
71,bursty-pause-100,open_loop,100,5000,4975,100,16.558923629556375,671.6060260227314,790.6639954515122,823.8897204705281,false
71,bursty-pause-100,closed_loop,100,4678,4662,93.56,12.74235654110089,29.43496218960354,786.3714340884544,833.0397762219218,false
72,bursty-pause-100,open_loop,100,5000,4999,100,15.991362387831032,647.6794667416907,781.4509349187938,811.8979815588755,false
72,bursty-pause-100,closed_loop,100,4689,4689,93.78,12.158508132873976,30.350823046719597,47.45991739778401,812.6184170097622,true
73,bursty-pause-100,open_loop,100,5000,4983,100,15.121576778350573,724.1252828089273,807.7512069500881,832.5868897044638,false
73,bursty-pause-100,closed_loop,100,4702,4686,94.04,11.948064810367214,29.895820924230065,787.7516799965888,830.518444371628,false
74,bursty-pause-100,open_loop,100,5000,4998,100,16.109250970715948,691.3389298513284,800.0280637534306,817.5856848033654,false
74,bursty-pause-100,closed_loop,100,4691,4688,93.82,12.500298840892356,28.511258913531492,51.31951088645292,818.3059092637268,true
75,bursty-pause-100,open_loop,100,5000,4937,100,15.631361021340126,716.2269506052617,813.0480324190285,829.4507118004112,false
75,bursty-pause-100,closed_loop,100,4643,4627,92.86,12.726587147481041,28.949380243553605,783.8516583281707,826.3369503037029,false
76,bursty-pause-100,open_loop,100,5000,4999,100,15.702798830810934,690.1030550119394,798.1309370904564,824.8089897418176,false
76,bursty-pause-100,closed_loop,100,4702,4701,94.04,12.599058743959176,26.907061005556898,38.678956270596245,824.5163475387344,true
77,bursty-pause-100,open_loop,100,5000,4947,100,15.633967943191237,742.0969261631399,809.4965819456702,832.0780747774115,false
77,bursty-pause-100,closed_loop,100,4652,4636,93.04,12.689127122477657,29.30891191137198,777.9547575446777,827.1698975949184,false
78,bursty-pause-100,open_loop,100,5000,4998,100,15.970027650517295,686.8609343163735,791.2691250395546,818.4020616541966,false
78,bursty-pause-100,closed_loop,100,4691,4689,93.82,12.642080282008465,27.92431912128268,39.159184658463346,823.753729369033,true
79,bursty-pause-100,open_loop,100,5000,4999,100,17.022810355636466,664.5326189773732,774.1526984424236,817.8899709092948,false
79,bursty-pause-100,closed_loop,100,4695,4694,93.9,12.453130000627425,28.375884383660377,46.87358656653669,826.014792083748,true
80,bursty-pause-100,open_loop,100,5000,4998,100,16.115342747827526,636.8451079050756,788.7555179597948,819.0704974271248,false
80,bursty-pause-100,closed_loop,100,4671,4669,93.42,13.1245656858664,30.79405021927596,42.34662121717702,831.538177633458,true
81,bursty-pause-100,open_loop,100,5000,4998,100,15.158849676525278,696.7261684266268,780.5033132019162,818.9130433834216,false
81,bursty-pause-100,closed_loop,100,4684,4683,93.68,12.611233135678049,30.059293315574905,45.29006422159728,825.6968994170165,true
82,bursty-pause-100,open_loop,100,5000,4998,100,16.575382455208455,694.6441466030483,794.3846311008165,829.2619367839288,false
82,bursty-pause-100,closed_loop,100,4694,4691,93.88,12.686723319473458,28.259980522096157,41.55600390720065,814.5605183848165,true
83,bursty-pause-100,open_loop,100,5000,4999,100,15.670177363892435,703.569388089847,795.1774263904626,822.9608287982919,false
83,bursty-pause-100,closed_loop,100,4681,4680,93.62,12.559545088261075,30.055408351916412,45.78723944257945,829.1659483502372,true
84,bursty-pause-100,open_loop,100,5000,4998,100,15.057608615526988,679.9988067903832,767.4291767945542,816.7078578266082,false
84,bursty-pause-100,closed_loop,100,4712,4711,94.24,11.86957791833629,27.114966902059678,38.940104671568406,830.9751365343036,true
85,bursty-pause-100,open_loop,100,5000,4925,100,16.813525767276587,750.6786239662651,806.6502747503473,829.4088838751995,false
85,bursty-pause-100,closed_loop,100,4623,4623,92.46,12.386711106122675,29.06204373989749,785.3558975024062,814.8605312160071,false
86,bursty-pause-100,open_loop,100,5000,4929,100,17.062664649276485,711.1012833643399,795.9583698813221,809.5696200952952,false
86,bursty-pause-100,closed_loop,100,4630,4614,92.6,12.599497112823883,31.107094679355214,773.9773723775943,824.7860073448101,false
87,bursty-pause-100,open_loop,100,5000,4998,100,16.043639224997605,681.0749828627922,804.1506911293327,825.6101620255868,false
87,bursty-pause-100,closed_loop,100,4698,4696,93.96,12.348192681856744,28.044110267404903,41.09467542669154,818.0147369656988,true
88,bursty-pause-100,open_loop,100,5000,4927,100,15.700117211006727,711.7290897627063,793.6494989350576,814.3150819220355,false
88,bursty-pause-100,closed_loop,100,4612,4611,92.24,12.584880162467016,29.99771700911151,780.3641923643445,826.7281235061309,false
89,bursty-pause-100,open_loop,100,5000,4986,100,16.085195526102325,683.7795234025252,793.0122968492578,825.226653070793,false
89,bursty-pause-100,closed_loop,100,4682,4668,93.64,12.697492585612054,30.618139935540967,57.49112527221587,825.1869614429888,true
90,bursty-pause-100,open_loop,100,5000,4997,100,15.18822934338823,665.6103928009361,776.5024555767523,815.5686748914814,false
90,bursty-pause-100,closed_loop,100,4698,4697,93.96,12.335572190466337,28.12969765437083,43.745683372555504,820.9139281526805,true
91,bursty-pause-100,open_loop,100,5000,4999,100,18.208745984091365,720.0260633264515,801.8856415184637,828.4089486628982,false
91,bursty-pause-100,closed_loop,100,4690,4688,93.8,12.61079471782432,29.53996118233772,39.35642665287014,825.7851036016582,true
92,bursty-pause-100,open_loop,100,5000,4937,100,17.983483540821908,710.3335121295859,803.5252139354998,814.3757239696824,false
92,bursty-pause-100,closed_loop,100,4641,4625,92.82,12.620846315981908,29.61629764544341,779.9820388255284,824.6335831946053,false
93,bursty-pause-100,open_loop,100,5000,4999,100,18.501747704711306,689.4797192300248,800.4254471412569,823.4681188479917,false
93,bursty-pause-100,closed_loop,100,4684,4684,93.68,12.87529680660009,29.309613621648168,43.80533282766555,819.020394217252,true
94,bursty-pause-100,open_loop,100,5000,4999,100,15.456401032424765,665.6651740267625,801.9897317584728,830.5372254340546,false
94,bursty-pause-100,closed_loop,100,4682,4681,93.64,12.7928582487948,31.06430186530997,48.97583793643207,820.892389747838,true
95,bursty-pause-100,open_loop,100,5000,4924,100,15.542583448986989,720.698451388078,793.9894364564971,817.0580033142833,false
95,bursty-pause-100,closed_loop,100,4614,4613,92.28,12.637618983251741,29.92022354198707,779.8326778364208,826.0226958790081,false
96,bursty-pause-100,open_loop,100,5000,4999,100,15.531059963155712,708.9337491477127,795.137233377427,808.7957221801298,false
96,bursty-pause-100,closed_loop,100,4687,4686,93.74,12.532532843288209,30.16144221274226,46.30342082584684,827.3703792936212,true
97,bursty-pause-100,open_loop,100,5000,4999,100,16.409339704361628,669.752363703341,789.1741771324378,815.4271028514486,false
97,bursty-pause-100,closed_loop,100,4693,4692,93.86,12.213920580026752,29.787517982807913,48.06462568627285,814.67912676372,true
98,bursty-pause-100,open_loop,100,5000,4998,100,15.189165116456934,686.4104535854058,786.8003883812053,810.0401873653027,false
98,bursty-pause-100,closed_loop,100,4684,4682,93.68,12.636539606297447,29.83854894473916,44.614196616654226,832.7985751631859,true
99,bursty-pause-100,open_loop,100,5000,4938,100,14.65129190445441,759.6251072684536,814.2473330832654,837.1655931394562,false
99,bursty-pause-100,closed_loop,100,4659,4643,93.18,12.296722519640753,28.646968187582388,771.5643298048599,817.2388137264279,false
100,bursty-pause-100,open_loop,100,5000,4996,100,14.988976853412169,656.2176968665808,779.8690269759027,813.9749148526025,false
100,bursty-pause-100,closed_loop,100,4686,4681,93.72,12.71731343409192,30.114482605618832,44.292629784678866,826.8106589252202,true
101,bursty-pause-100,open_loop,100,5000,5000,100,16.181624269884196,666.7050221077225,791.2979185644581,825.2613450594363,false
101,bursty-pause-100,closed_loop,100,4675,4672,93.5,12.649856543222995,31.998193295963574,46.47987532246407,827.8909463053569,true
102,bursty-pause-100,open_loop,100,5000,4999,100,16.12565656068182,696.948395511834,797.9459474640862,817.0537163120607,false
102,bursty-pause-100,closed_loop,100,4692,4692,93.84,12.471885244784062,29.517607746187423,44.44421439180587,830.1480506460684,true
103,bursty-pause-100,open_loop,100,5000,4999,100,16.501056156412233,675.0284896404701,788.1360463325582,845.7462339288759,false
103,bursty-pause-100,closed_loop,100,4694,4691,93.88,12.34256085040397,29.059820881917403,44.6064648561769,826.9173201915146,true
104,bursty-pause-100,open_loop,100,5000,4942,100,15.923029326047981,738.0311876508931,790.958261699685,819.756084758912,false
104,bursty-pause-100,closed_loop,100,4653,4637,93.06,12.440098713947009,29.118471192923607,784.6312168764889,821.6172988628387,false
105,bursty-pause-100,open_loop,100,5000,4998,100,16.130246144250123,722.0523480996526,794.5337544485155,812.6200879386524,false
105,bursty-pause-100,closed_loop,100,4686,4686,93.72,12.551576936115453,30.68147671610859,45.64286120051838,811.6689999696428,true
106,bursty-pause-100,open_loop,100,5000,4992,100,16.69791723090748,722.9211854790119,812.9317254915586,828.1537023848869,false
106,bursty-pause-100,closed_loop,100,4688,4681,93.76,12.45645221686209,30.04981186915211,44.501455765646824,846.6602073817921,true
107,bursty-pause-100,open_loop,100,5000,4959,100,16.383114400827253,724.5639289845203,797.9312059912263,831.3354057814286,false
107,bursty-pause-100,closed_loop,100,4674,4658,93.48,12.40590858066571,28.06148814617336,776.94795952188,823.6659629729693,false
108,bursty-pause-100,open_loop,100,5000,4978,100,15.228490049237735,661.3858572177996,790.4996812174286,818.2819800227517,false
108,bursty-pause-100,closed_loop,100,4687,4671,93.74,12.408867070756969,29.52494843948807,788.1631088028225,829.8665303133894,false
109,bursty-pause-100,open_loop,100,5000,4998,100,18.74201224392891,684.9332267362588,788.0746623321138,824.1068099509648,false
109,bursty-pause-100,closed_loop,100,4684,4682,93.68,12.72586403197056,30.061453339461877,42.79147745654336,820.7230717629209,true
110,bursty-pause-100,open_loop,100,5000,4997,100,14.839419602059934,675.1661295224767,785.4114123196123,822.4349394372766,false
110,bursty-pause-100,closed_loop,100,4675,4673,93.5,12.743586006115947,31.547076893948542,48.42988017360767,827.9330232063694,true
111,bursty-pause-100,open_loop,100,5000,4997,100,15.96689584228443,698.2589266480645,807.2719851337606,834.4004650772331,false
111,bursty-pause-100,closed_loop,100,4685,4682,93.7,12.837912274877453,29.734203436670214,43.10274871261208,836.6702092307314,true
112,bursty-pause-100,open_loop,100,5000,4919,100,17.519611409512436,768.7100935479684,813.6156644085204,833.6730946486168,false
112,bursty-pause-100,closed_loop,100,4623,4616,92.46,12.648806172768673,29.394971893299953,775.5199590326592,820.4353644268449,false
113,bursty-pause-100,open_loop,100,5000,4955,100,15.325165993355768,747.44562452631,812.4305617037535,835.3138352472452,false
113,bursty-pause-100,closed_loop,100,4667,4651,93.34,12.270405891395058,29.44866898431792,790.0900638922758,825.1284751706044,false
114,bursty-pause-100,open_loop,100,5000,4932,100,16.157247736671707,689.8751032005566,801.1173059691209,828.9844492192788,false
114,bursty-pause-100,closed_loop,100,4639,4623,92.78,12.588405347363732,29.416269001201726,787.4672976244328,819.9004558931665,false
115,bursty-pause-100,open_loop,100,5000,5000,100,15.284364780036412,658.8374486202665,775.2473313919108,810.3577698432564,false
115,bursty-pause-100,closed_loop,100,4710,4708,94.2,11.869088094237668,27.16466670299269,40.905290726732346,827.0911057910707,true
116,bursty-pause-100,open_loop,100,5000,5000,100,15.02054532434704,663.4170477891166,788.618574580978,815.4106010329015,false
116,bursty-pause-100,closed_loop,100,4691,4690,93.82,12.517503023122117,28.86068364271341,48.94326816771354,809.2522897454292,true
117,bursty-pause-100,open_loop,100,5000,4926,100,17.994816349419125,719.2176052377108,794.5315107359929,817.5387190495167,false
117,bursty-pause-100,closed_loop,100,4617,4615,92.34,12.168411700135039,30.267860287985968,791.8295017101118,841.0615716216162,false
118,bursty-pause-100,open_loop,100,5000,4999,100,16.08577597614567,688.0020868177453,793.5324405601277,822.1333906657164,false
118,bursty-pause-100,closed_loop,100,4686,4685,93.72,12.646548940720095,29.795265478494912,42.728958657073235,815.6052523799008,true
119,bursty-pause-100,open_loop,100,5000,4998,100,15.533634808667557,684.1556548616645,783.536302478984,816.0817669626849,false
119,bursty-pause-100,closed_loop,100,4685,4684,93.7,12.664191091593239,29.23222510505002,43.8445199615453,818.1708755384425,true
120,bursty-pause-100,open_loop,100,5000,4977,100,15.991285926829732,720.1301605347253,804.1971336663337,824.6936764182246,false
120,bursty-pause-100,closed_loop,100,4695,4679,93.9,12.23471471292578,29.2848000777376,784.7513324918546,837.1368611190046,false
121,bursty-pause-100,open_loop,100,5000,4998,100,16.972634153695253,708.8545981069037,793.3783594503475,810.9150669252995,false
121,bursty-pause-100,closed_loop,100,4696,4694,93.92,12.392742242845998,28.15001987096184,41.82195435343601,824.7811316868138,true
122,bursty-pause-100,open_loop,100,5000,4930,100,16.690720105198125,692.6564923352707,802.1595254748827,826.1904724453707,false
122,bursty-pause-100,closed_loop,100,4642,4626,92.84,12.506437932011977,30.17225864003194,782.8024415179825,820.7943369933491,false
123,bursty-pause-100,open_loop,100,5000,4999,100,15.526128864676139,686.9598412612941,786.4807566550189,816.2280966505787,false
123,bursty-pause-100,closed_loop,100,4689,4687,93.78,12.555098099390307,28.7380260901773,43.27631435721196,829.0112110973714,true
124,bursty-pause-100,open_loop,100,5000,5000,100,14.930435574933654,682.66738677994,798.45013291941,822.7110261921225,false
124,bursty-pause-100,closed_loop,100,4692,4690,93.84,12.203116170552676,29.65881280177564,44.08678593720833,839.0467198312836,true
125,bursty-pause-100,open_loop,100,5000,4919,100,15.655160622038238,741.6960717565744,812.1385741093618,829.1728551980559,false
125,bursty-pause-100,closed_loop,100,4614,4612,92.28,12.74081725225551,29.050321139780863,784.3951454118869,822.3238021645229,false
126,bursty-pause-100,open_loop,100,5000,4998,100,18.55948465851725,729.6374069809099,813.6383431927025,832.8547327531269,false
126,bursty-pause-100,closed_loop,100,4681,4680,93.62,12.677660640816612,30.607846952414548,47.695636696826114,809.8724536436348,true
127,bursty-pause-100,open_loop,100,5000,4999,100,18.21447210941551,692.8758749072076,788.7264930128877,819.4781405056274,false
127,bursty-pause-100,closed_loop,100,4703,4702,94.06,12.226468447795924,27.94218871146768,40.53652939854874,815.0179710393568,true
128,bursty-pause-100,open_loop,100,5000,4999,100,15.517529267890495,718.7769318754326,791.5448148572177,822.4898250527622,false
128,bursty-pause-100,closed_loop,100,4686,4685,93.72,12.515470251219085,29.558739600513945,43.13995672368037,832.1244772851205,true
129,bursty-pause-100,open_loop,100,5000,4919,100,18.49152235747897,754.7832923779206,802.8306172666053,815.7796375571197,false
129,bursty-pause-100,closed_loop,100,4608,4603,92.16,12.943858886250382,29.97212672187743,780.8140486394586,839.8352556923273,false
130,bursty-pause-100,open_loop,100,5000,4952,100,14.413816658030555,672.8113314883667,787.3205698141974,825.6705729514142,false
130,bursty-pause-100,closed_loop,100,4647,4631,92.94,13.007044886791846,30.652328639705956,789.2839437121147,831.4354466095465,false
131,bursty-pause-100,open_loop,100,5000,4932,100,16.867363516328624,722.0634551596595,793.5808467491588,832.3851461611266,false
131,bursty-pause-100,closed_loop,100,4619,4618,92.38,12.32200874168484,29.547717743855173,782.2551215615822,825.7921688013957,false
132,bursty-pause-100,open_loop,100,5000,4923,100,14.544723771461577,726.3567961160843,798.5768935591841,831.3161919819468,false
132,bursty-pause-100,closed_loop,100,4603,4600,92.06,12.608364836334658,31.78936401903229,792.034268781128,826.5394713000242,false
133,bursty-pause-100,open_loop,100,5000,4998,100,14.246995282323041,668.8387161020073,806.2593359254242,828.5095747143423,false
133,bursty-pause-100,closed_loop,100,4671,4670,93.42,13.249014421380707,31.398839608227718,49.64438998873629,825.6591400182951,true
134,bursty-pause-100,open_loop,100,5000,5000,100,14.987250537536966,745.8925437341604,797.405966674869,814.3302703235531,false
134,bursty-pause-100,closed_loop,100,4695,4693,93.9,12.304834046830365,29.344660809380002,43.068903035215044,830.4924810617413,true
135,bursty-pause-100,open_loop,100,5000,5000,100,14.209107735459838,649.1578146127031,773.9801956472984,813.4814448913457,false
135,bursty-pause-100,closed_loop,100,4681,4680,93.62,12.635826073419594,30.832264246666455,43.818755944743316,822.8283433134711,true
136,bursty-pause-100,open_loop,100,5000,4922,100,16.11318426593789,739.9812751357531,807.3327247764391,825.8206799304753,false
136,bursty-pause-100,closed_loop,100,4600,4598,92,12.628647300014563,31.555797576471377,799.1035260246645,833.0746710028616,false
137,bursty-pause-100,open_loop,100,5000,4999,100,15.616522176685976,703.9347689228598,791.6747797979879,814.447365932534,false
137,bursty-pause-100,closed_loop,100,4702,4700,94.04,12.337420170770201,28.512711277497147,42.7460354014147,826.3123263660236,true
138,bursty-pause-100,open_loop,100,5000,4960,100,17.152151312497153,684.3972464889011,782.379182356759,815.5765663212733,false
138,bursty-pause-100,closed_loop,100,4671,4655,93.42,12.261524132140039,30.56517031043768,787.7933422749375,822.6486352417924,false
139,bursty-pause-100,open_loop,100,5000,4924,100,14.95815167726687,729.5444431275682,804.2429624800352,825.245993347271,false
139,bursty-pause-100,closed_loop,100,4612,4611,92.24,12.499637589484337,29.76714127908781,777.3155744258256,836.1552345697273,false
140,bursty-pause-100,open_loop,100,5000,4955,100,16.193621636786702,698.0772135908264,794.727805630122,819.3908167973495,false
140,bursty-pause-100,closed_loop,100,4656,4640,93.12,12.580366243659228,31.665299512165802,795.5432998390897,832.168513005694,false
141,bursty-pause-100,open_loop,100,5000,4953,100,14.778721426635457,724.4259866175598,797.3028086260965,813.4463089742276,false
141,bursty-pause-100,closed_loop,100,4659,4643,93.18,12.654644240055859,30.24308924433717,775.696260586672,830.9411759537907,false
142,bursty-pause-100,open_loop,100,5000,4998,100,15.802598642047087,706.1702824070162,791.2712037542224,821.7612559358386,false
142,bursty-pause-100,closed_loop,100,4689,4689,93.78,12.533336030981445,28.612848266027868,42.62515963992337,824.5305293340862,true
143,bursty-pause-100,open_loop,100,5000,5000,100,17.577672481398622,685.2958708377555,780.7853136870253,811.9315246735932,false
143,bursty-pause-100,closed_loop,100,4686,4684,93.72,12.590995880775154,29.636220915162994,42.99141595983019,831.4113506185604,true
144,bursty-pause-100,open_loop,100,5000,4998,100,14.854995249679632,687.1061795859277,790.9307310726472,814.177899002796,false
144,bursty-pause-100,closed_loop,100,4680,4680,93.6,12.81176156456786,29.66039128554985,41.170680999726756,833.0196050380728,true
145,bursty-pause-100,open_loop,100,5000,4998,100,17.381433745773393,688.5362198141447,797.6600189558158,838.4089781995608,false
145,bursty-pause-100,closed_loop,100,4678,4677,93.56,12.848500746589707,30.006397326218575,44.25550958576059,837.5757780224958,true
146,bursty-pause-100,open_loop,100,5000,4935,100,15.432302768222144,717.3733105509382,798.9260670199401,823.3619722195726,false
146,bursty-pause-100,closed_loop,100,4639,4623,92.78,12.697496380267694,29.94193783344417,796.3558235916717,826.9077021832782,false
147,bursty-pause-100,open_loop,100,5000,4924,100,16.31796044024668,724.6210353353235,793.5572566011251,817.6627961898994,false
147,bursty-pause-100,closed_loop,100,4608,4606,92.16,12.60005027425359,30.953970540020237,793.2960623873769,817.777530425934,false
148,bursty-pause-100,open_loop,100,5000,4920,100,14.73660802312952,709.2918913223402,794.4152555364053,811.0245555612273,false
148,bursty-pause-100,closed_loop,100,4621,4618,92.42,12.455195956354146,28.613963725834765,781.5747948848584,828.9355997694947,false
149,bursty-pause-100,open_loop,100,5000,4999,100,16.683642565312766,686.0252285778879,787.5172253208293,821.2360111884482,false
149,bursty-pause-100,closed_loop,100,4689,4688,93.78,12.42028006502369,29.429209596442888,46.048147199631785,830.0950991467762,true
150,bursty-pause-100,open_loop,100,5000,4999,100,14.385026840376668,675.3459991222808,783.0818858351995,819.512696503647,false
150,bursty-pause-100,closed_loop,100,4711,4709,94.22,11.923887400946114,27.76635213913687,40.344866068597184,829.8586249717118,true
151,bursty-pause-100,open_loop,100,5000,4957,100,15.95114413585543,726.8639648119715,806.4581908136242,823.1105412451288,false
151,bursty-pause-100,closed_loop,100,4676,4660,93.52,12.185185439506313,29.05064626555395,778.4901358395546,816.3251807277557,false
152,bursty-pause-100,open_loop,100,5000,4999,100,15.472495212939975,697.1773459244105,783.3436883887844,808.1887167757523,false
152,bursty-pause-100,closed_loop,100,4700,4699,94,12.511347122876032,27.054160952779057,36.264503953483654,832.0602082836485,true
153,bursty-pause-100,open_loop,100,5000,4982,100,15.809340984058508,715.259428354475,785.6747241416087,808.8219992787635,false
153,bursty-pause-100,closed_loop,100,4685,4669,93.7,12.649307490937645,30.384764259499207,773.8436806225691,817.2626667756194,false
154,bursty-pause-100,open_loop,100,5000,5000,100,16.40565637403779,694.8126497818448,782.4149955973407,813.8704189247655,false
154,bursty-pause-100,closed_loop,100,4695,4695,93.9,12.332617852334806,28.347649593830283,43.09007427651159,833.048328602621,true
155,bursty-pause-100,open_loop,100,5000,4978,100,15.41647864816332,698.0381431253554,801.3513229754099,832.5780863520486,false
155,bursty-pause-100,closed_loop,100,4682,4666,93.64,12.467129486256454,30.570789851233712,778.6939871615577,833.6409629250993,false
156,bursty-pause-100,open_loop,100,5000,4999,100,16.91377503475269,678.6962494841719,789.6887623140137,829.7800970751305,false
156,bursty-pause-100,closed_loop,100,4682,4681,93.64,12.715420986656682,29.630372564308345,42.78050181059007,830.0507509426534,true
157,bursty-pause-100,open_loop,100,5000,4999,100,14.927223758812033,674.4448908940176,794.1574855767249,819.0938877150729,false
157,bursty-pause-100,closed_loop,100,4695,4693,93.9,12.391248865038506,29.46113517246704,42.92049288152339,814.5439657553725,true
158,bursty-pause-100,open_loop,100,5000,4920,100,14.924127804857562,739.3279396534272,804.4002999145596,837.3328424396605,false
158,bursty-pause-100,closed_loop,100,4620,4620,92.4,12.356451779683994,29.166496956026094,782.2707923126363,835.6088896438087,false
159,bursty-pause-100,open_loop,100,5000,4999,100,14.399002975111216,727.0217623459175,796.673411753105,831.1453789990846,false
159,bursty-pause-100,closed_loop,100,4671,4669,93.42,13.182250699072029,30.012198874668684,47.0954984252312,825.2417134449352,true
160,bursty-pause-100,open_loop,100,5000,4999,100,13.933318181057984,705.1031919679444,769.0984160708249,813.8017517983608,false
160,bursty-pause-100,closed_loop,100,4687,4686,93.74,12.493256414862117,30.1128023308338,43.985888942621386,824.5261932098365,true
161,bursty-pause-100,open_loop,100,5000,5000,100,14.963713593520879,699.604940315563,784.52175404218,818.9425049577912,false
161,bursty-pause-100,closed_loop,100,4688,4687,93.76,12.396922930471192,29.29636540010688,47.975715414515435,843.9549207213349,true
162,bursty-pause-100,open_loop,100,5000,4944,100,17.367499740968924,702.9031807569991,802.8800935533654,833.2701467974475,false
162,bursty-pause-100,closed_loop,100,4656,4640,93.12,12.332150755188195,29.306344290078414,771.1865058128387,819.4172297117475,false
163,bursty-pause-100,open_loop,100,5000,4998,100,16.875261317989498,771.4735644693756,820.8427604107637,847.8716438205593,false
163,bursty-pause-100,closed_loop,100,4689,4687,93.78,12.49831658070616,29.10970878793887,44.88587680942146,822.4877105301239,true
164,bursty-pause-100,open_loop,100,5000,4927,100,15.706504259331268,715.578273694995,792.0245411699725,809.1784391543988,false
164,bursty-pause-100,closed_loop,100,4619,4618,92.38,12.51125966019572,29.427068142082135,784.9616507653482,816.7313410471761,false
165,bursty-pause-100,open_loop,100,5000,4998,100,14.530926964289392,731.6659946949949,798.8286973358008,822.5358725761034,false
165,bursty-pause-100,closed_loop,100,4691,4690,93.82,12.528803244196752,29.478153959782503,46.11644141688157,811.5261256810481,true
166,bursty-pause-100,open_loop,100,5000,4923,100,15.702940769195266,734.6879541253656,802.392556385923,827.5508449377667,false
166,bursty-pause-100,closed_loop,100,4603,4601,92.06,13.152829060996737,30.889207471249392,788.6066137501839,829.5508428415706,false
167,bursty-pause-100,open_loop,100,5000,4998,100,14.97307584653754,678.4879420694851,794.1398226338788,821.1306685593299,false
167,bursty-pause-100,closed_loop,100,4693,4691,93.86,12.342800615057058,29.664841640660597,44.552784826926654,826.804141373148,true
168,bursty-pause-100,open_loop,100,5000,4999,100,15.655716443983692,741.1649205618451,809.3016308573206,835.7815576905596,false
168,bursty-pause-100,closed_loop,100,4687,4686,93.74,12.729868916190753,28.848123368974484,43.71215595999456,822.2473566792723,true
169,bursty-pause-100,open_loop,100,5000,4999,100,15.324349994662043,689.5984455599682,770.4772077526504,809.7544642583562,false
169,bursty-pause-100,closed_loop,100,4699,4697,93.98,12.315738297176722,28.47262917477201,41.927881761977915,816.829301396443,true
170,bursty-pause-100,open_loop,100,5000,4998,100,15.33298542456032,667.7090077744797,793.0708418938375,815.3338149079864,false
170,bursty-pause-100,closed_loop,100,4681,4681,93.62,12.703686114162338,29.95099933574238,44.20368434907141,820.6881987383567,true
171,bursty-pause-100,open_loop,100,5000,5000,100,15.091814053004782,711.451401064136,794.4388469261867,819.8547522434892,false
171,bursty-pause-100,closed_loop,100,4691,4688,93.82,12.455041798573802,29.626846421357186,45.582752877046005,831.0333448230558,true
172,bursty-pause-100,open_loop,100,5000,4999,100,15.21062780090142,665.2131815796456,778.8014836234543,817.0573852721136,false
172,bursty-pause-100,closed_loop,100,4694,4692,93.88,12.52929661462258,29.082561953102413,44.56653320539408,815.5567104427864,true
173,bursty-pause-100,open_loop,100,5000,4999,100,14.979297391653745,735.39306837209,808.9055590273638,823.7229639676953,false
173,bursty-pause-100,closed_loop,100,4704,4703,94.08,12.261245789642999,27.774029327760218,41.70813385796646,814.899297950782,true
174,bursty-pause-100,open_loop,100,5000,4926,100,17.401864710955124,711.6318839433661,792.2982464156885,812.6116288580815,false
174,bursty-pause-100,closed_loop,100,4626,4610,92.52,12.98518882663484,29.011337590240146,777.3017152188368,822.4143043860313,false
175,bursty-pause-100,open_loop,100,5000,4998,100,14.156723900861834,695.676473614687,805.8872762493338,835.3763789937075,false
175,bursty-pause-100,closed_loop,100,4695,4694,93.9,12.14902777818861,28.88192895800421,42.285326065324625,836.0505134281848,true
176,bursty-pause-100,open_loop,100,5000,4999,100,16.13221754576807,727.6011812495053,799.7692876021756,820.894510430775,false
176,bursty-pause-100,closed_loop,100,4688,4687,93.76,12.555685274928692,29.222796983332955,40.81412825731968,821.1718446965933,true
177,bursty-pause-100,open_loop,100,5000,4998,100,13.634102519125008,669.5038063330685,767.6347386738344,821.5492931972112,false
177,bursty-pause-100,closed_loop,100,4691,4688,93.82,12.487107569504587,29.856495159881888,45.134243732834875,817.9827315266375,true
178,bursty-pause-100,open_loop,100,5000,4938,100,15.723853340032292,718.1172525637412,792.148726513733,821.9141562913028,false
178,bursty-pause-100,closed_loop,100,4637,4621,92.74,12.614113154824736,31.53128769974137,783.4312265586996,819.4823376867425,false
179,bursty-pause-100,open_loop,100,5000,4995,100,16.954241091116273,730.8745766318025,788.2003442812129,822.0313336251202,false
179,bursty-pause-100,closed_loop,100,4678,4673,93.56,12.721470463184232,29.950274810185874,45.836122015098226,843.4712039877413,true
180,bursty-pause-100,open_loop,100,5000,4999,100,14.5892316030222,682.7459356537947,775.5394598333078,815.6051506047552,false
180,bursty-pause-100,closed_loop,100,4692,4689,93.84,12.721935169158314,28.239195539950742,40.102204702394374,829.8804503267347,true
181,bursty-pause-100,open_loop,100,5000,4927,100,18.37873925169697,726.3241784955244,788.5406772618371,829.3722888930351,false
181,bursty-pause-100,closed_loop,100,4625,4623,92.5,12.236417720041572,29.584351907193195,788.4055676087664,824.2444795179908,false
182,bursty-pause-100,open_loop,100,5000,4960,100,17.40225856759207,706.2860169119813,792.6224110058429,818.0092473849945,false
182,bursty-pause-100,closed_loop,100,4667,4651,93.34,12.584065882081632,29.940281516042887,785.2205681202213,825.2470542605151,false
183,bursty-pause-100,open_loop,100,5000,4998,100,16.460590830443834,697.5831793056568,780.0219890876506,821.9279580200091,false
183,bursty-pause-100,closed_loop,100,4694,4692,93.88,12.729037522236467,27.76872233217182,36.50733073736774,826.2009978174901,true
184,bursty-pause-100,open_loop,100,5000,4999,100,15.240223306820553,620.7003634268367,778.510422066618,815.8554142040157,false
184,bursty-pause-100,closed_loop,100,4696,4696,93.92,12.622411528260272,27.23588971893696,37.34147033318732,832.6290128455257,true
185,bursty-pause-100,open_loop,100,5000,4999,100,14.236067346966593,687.5966066908222,779.4080004429634,806.9018355975859,false
185,bursty-pause-100,closed_loop,100,4684,4683,93.68,12.700637769396053,29.986399823937973,40.51198453291727,829.2496352603266,true
186,bursty-pause-100,open_loop,100,5000,4920,100,15.405644230762846,702.5010527622508,799.4443950674322,821.4720469466993,false
186,bursty-pause-100,closed_loop,100,4620,4612,92.4,12.43921094986581,31.649446652918414,771.2807448408275,818.5222621655339,false
187,bursty-pause-100,open_loop,100,5000,5000,100,14.545640077543794,657.8742689150313,783.1852714181987,815.2585399311683,false
187,bursty-pause-100,closed_loop,100,4698,4697,93.96,12.468782006275433,27.85476070799632,38.90779808508523,832.3775866957149,true
188,bursty-pause-100,open_loop,100,5000,4965,100,14.073404778173426,672.5029379515654,783.1611503089662,810.4370762655126,false
188,bursty-pause-100,closed_loop,100,4674,4658,93.48,12.413852439134644,28.80152195951814,779.583293283009,825.7944357849956,false
189,bursty-pause-100,open_loop,100,5000,4934,100,16.073607582744444,712.7262536781927,785.3818798515858,815.4204874009447,false
189,bursty-pause-100,closed_loop,100,4657,4641,93.14,12.18170325556639,27.788300542270008,775.5494646945081,819.2477705954116,false
190,bursty-pause-100,open_loop,100,5000,4942,100,16.920668212718738,732.7573003782963,798.51701987263,821.3415182972421,false
190,bursty-pause-100,closed_loop,100,4645,4629,92.9,12.848526411315106,30.460716347097332,787.6724764748906,828.4564414637716,false
191,bursty-pause-100,open_loop,100,5000,4982,100,14.954536552653735,687.4163672329523,792.8610985499981,821.4225846036134,false
191,bursty-pause-100,closed_loop,100,4695,4679,93.9,12.535734145101742,27.740795255718695,782.5710766045231,829.7437059125587,false
192,bursty-pause-100,open_loop,100,5000,4921,100,16.833289770918782,731.609276629446,800.3897735662904,830.2202179388878,false
192,bursty-pause-100,closed_loop,100,4618,4618,92.36,12.346797549034818,28.939721180948254,789.1889539686454,812.4492874335447,false
193,bursty-pause-100,open_loop,100,5000,4963,100,15.503181065891113,715.4326587055402,797.6126941828552,820.2812690293249,false
193,bursty-pause-100,closed_loop,100,4664,4648,93.28,12.56751892693137,30.317074459140713,791.4164512901043,818.9922044797568,false
194,bursty-pause-100,open_loop,100,5000,4999,100,14.719931783791253,694.6236984466013,790.8377854209175,827.1510660896492,false
194,bursty-pause-100,closed_loop,100,4689,4689,93.78,12.559345596167987,29.23715810401336,42.84618334806146,845.5239697351135,true
195,bursty-pause-100,open_loop,100,5000,4999,100,15.137574160329677,627.6910035580368,760.7976005250603,811.4604539470456,false
195,bursty-pause-100,closed_loop,100,4694,4692,93.88,12.380491051873832,28.998087215531996,41.712515921091835,838.1513856279853,true
196,bursty-pause-100,open_loop,100,5000,4999,100,15.285702379842405,665.478226244828,803.5226028854595,835.0289070400613,false
196,bursty-pause-100,closed_loop,100,4676,4674,93.52,12.880328706760338,29.95432943810738,44.2719370243758,830.92025542989,true
197,bursty-pause-100,open_loop,100,5000,4998,100,17.48582612768587,737.945326934816,823.1370614905609,840.4112922362692,false
197,bursty-pause-100,closed_loop,100,4694,4693,93.88,12.290777690917821,28.81845489796251,44.45301120658769,829.0938248813472,true
198,bursty-pause-100,open_loop,100,5000,4998,100,18.432362534593267,738.2665957443714,796.4847911225661,826.2932047958893,false
198,bursty-pause-100,closed_loop,100,4683,4681,93.66,12.756285624160228,30.051072884885798,43.37058286725005,830.7426514874314,true
199,bursty-pause-100,open_loop,100,5000,4925,100,16.187546984903747,725.9321847079336,813.0788969433343,835.136500080087,false
199,bursty-pause-100,closed_loop,100,4617,4616,92.34,12.556109246317646,27.95870271768581,784.9483783072501,814.1090798332298,false
200,bursty-pause-100,open_loop,100,5000,4998,100,15.423403629636596,688.06494537236,791.4048788154541,827.3226611864011,false
200,bursty-pause-100,closed_loop,100,4689,4689,93.78,12.506726492094458,29.315272473646473,42.3625029302857,823.9026024624218,true
201,bursty-pause-100,open_loop,100,5000,4999,100,17.109334401358865,734.1193070696063,801.2491250542662,820.343064569759,false
201,bursty-pause-100,closed_loop,100,4689,4685,93.78,12.641146339476109,28.656436150144145,43.20537746867558,824.015977824125,true
202,bursty-pause-100,open_loop,100,5000,4922,100,16.27288816458895,742.7918961250689,796.8333661689103,816.6148868874225,false
202,bursty-pause-100,closed_loop,100,4610,4609,92.2,12.45583718574926,30.631620318268688,783.0047219615371,843.5070739464463,false
203,bursty-pause-100,open_loop,100,5000,4959,100,15.128353675660037,712.173339290588,806.7496782404924,825.193549024425,false
203,bursty-pause-100,closed_loop,100,4672,4656,93.44,12.611228996167483,28.76702375266177,775.3793505453505,826.769024676807,false
204,bursty-pause-100,open_loop,100,5000,4999,100,15.259104649652727,695.2130621180659,800.9797162916802,821.9357943070718,false
204,bursty-pause-100,closed_loop,100,4691,4688,93.82,12.286682941776235,29.50583477958935,45.299857011857966,829.2026163813716,true
205,bursty-pause-100,open_loop,100,5000,4969,100,16.116333382655284,710.468110366899,806.4926563061017,824.7420807665549,false
205,bursty-pause-100,closed_loop,100,4675,4659,93.5,12.44461790695641,30.03933063144723,798.094326752609,831.6195977791722,false
206,bursty-pause-100,open_loop,100,5000,4919,100,16.61030614496849,729.393568429201,803.6459476230448,833.5944441489992,false
206,bursty-pause-100,closed_loop,100,4608,4608,92.16,12.56574507849291,30.54703850124497,786.0598687802994,824.7230931065642,false
207,bursty-pause-100,open_loop,100,5000,4979,100,14.68435253440839,630.5512212744616,781.4431599768941,816.0539931066305,false
207,bursty-pause-100,closed_loop,100,4686,4670,93.72,12.293244946580671,29.818348781416717,781.8981650420537,835.1206241022373,false
208,bursty-pause-100,open_loop,100,5000,4999,100,17.495261044881772,674.1856470925486,798.370239844593,814.2918399654081,false
208,bursty-pause-100,closed_loop,100,4690,4689,93.8,12.589855042919226,29.004675725198467,44.617943275246944,828.0228579951618,true
209,bursty-pause-100,open_loop,100,5000,4998,100,15.833957304150317,681.5337157086069,811.9716646976885,841.7421956245016,false
209,bursty-pause-100,closed_loop,100,4692,4691,93.84,12.42043915123213,29.220659767357574,43.30953479150776,810.8097574748208,true
210,bursty-pause-100,open_loop,100,5000,4947,100,15.51952156256084,728.8416503251065,800.7243266203513,813.4436534463384,false
210,bursty-pause-100,closed_loop,100,4664,4648,93.28,12.36922101068194,28.148765713674948,795.2495266648111,818.0253229082518,false
211,bursty-pause-100,open_loop,100,5000,4929,100,15.300701343625406,720.7285060515933,807.1374315313878,823.4232990460005,false
211,bursty-pause-100,closed_loop,100,4631,4615,92.62,12.710389521846082,30.092258963533823,774.1888108611274,825.7657141188756,false
212,bursty-pause-100,open_loop,100,5000,4999,100,15.786985364367865,706.2154721785555,800.1224465261403,816.5306119222878,false
212,bursty-pause-100,closed_loop,100,4692,4690,93.84,12.485598012208357,29.02619104234327,40.2610692759481,815.0406788195833,true
213,bursty-pause-100,open_loop,100,5000,4998,100,15.356009242510481,650.0461523273625,801.5215058030153,825.9291506950904,false
213,bursty-pause-100,closed_loop,100,4685,4684,93.7,12.608115611350513,29.73384184236056,41.38612056355851,824.0611331061373,true
214,bursty-pause-100,open_loop,100,5000,4921,100,15.63397416047519,734.3047199385801,802.1182994141927,828.6812878504134,false
214,bursty-pause-100,closed_loop,100,4625,4623,92.5,12.390272678261681,28.42498400605109,767.1993588517144,819.9372226177511,false
215,bursty-pause-100,open_loop,100,5000,4999,100,16.2754539917878,704.2068668459324,798.489120577935,824.7814855694778,false
215,bursty-pause-100,closed_loop,100,4694,4693,93.88,12.430014999794366,28.258995317948575,43.24085370518151,820.8469106873745,true
216,bursty-pause-100,open_loop,100,5000,4998,100,15.851205325234332,707.5562410854982,793.6461389264841,826.6374413737285,false
216,bursty-pause-100,closed_loop,100,4683,4682,93.66,12.637031937454594,29.836216012437944,45.040339334562304,853.156885314671,true
217,bursty-pause-100,open_loop,100,5000,4958,100,15.215918750564015,728.192133356999,802.5674642225458,822.9430303104236,false
217,bursty-pause-100,closed_loop,100,4662,4646,93.24,12.649093330503092,29.718237761255295,768.7520632783599,842.8484536625983,false
218,bursty-pause-100,open_loop,100,5000,4991,100,15.530242142751376,702.5699529467747,790.5093571245125,819.8479018341241,false
218,bursty-pause-100,closed_loop,100,4688,4680,93.76,12.743036563166243,29.059344382869313,42.36770920398703,831.7576937807607,true
219,bursty-pause-100,open_loop,100,5000,4999,100,14.492825443470792,704.7119190655649,800.5933392669904,830.381415977794,false
219,bursty-pause-100,closed_loop,100,4670,4670,93.4,12.95646747831779,31.197986897008377,44.30550421109365,809.4233213420084,true
220,bursty-pause-100,open_loop,100,5000,4998,100,16.33860213857406,687.2948573093308,797.2153012783238,811.3733368683388,false
220,bursty-pause-100,closed_loop,100,4710,4709,94.2,11.962892610585186,27.35021806442819,43.788710289110895,813.8624516323616,true
221,bursty-pause-100,open_loop,100,5000,4964,100,15.882303763639356,720.1787403123162,791.9431369235099,823.4450973117564,false
221,bursty-pause-100,closed_loop,100,4675,4659,93.5,12.44835633556795,29.023054127170326,783.6195770936756,822.9478642050963,false
222,bursty-pause-100,open_loop,100,5000,4924,100,17.992923593748856,742.1645512938921,798.1605526895073,815.2108522630224,false
222,bursty-pause-100,closed_loop,100,4614,4612,92.28,12.628631943320215,29.400993560659117,789.673936327159,818.7967247485067,false
223,bursty-pause-100,open_loop,100,5000,4999,100,16.952750655793352,714.4264717391779,810.719917457569,847.6576355933357,false
223,bursty-pause-100,closed_loop,100,4693,4692,93.86,12.441632017385928,28.141417161585196,43.21487656145473,831.5034350294372,true
224,bursty-pause-100,open_loop,100,5000,4998,100,15.518050836129987,689.3749369474936,790.6821294950932,833.4238707504628,false
224,bursty-pause-100,closed_loop,100,4679,4677,93.58,12.853149354694324,30.08783757081983,44.7570263363159,832.3928204030672,true
225,bursty-pause-100,open_loop,100,5000,4947,100,15.501257126334167,674.066357423937,778.3973463929578,809.5841826269243,false
225,bursty-pause-100,closed_loop,100,4647,4631,92.94,12.634664066354162,29.823977887288493,793.3374180276369,861.5786561998611,false
226,bursty-pause-100,open_loop,100,5000,4998,100,14.578893662122937,644.8250941205879,771.3062679573231,812.7576096500925,false
226,bursty-pause-100,closed_loop,100,4690,4689,93.8,12.729392273882695,29.19453935288766,41.06972783974925,819.5231959504781,true
227,bursty-pause-100,open_loop,100,5000,4947,100,17.26714249966608,703.7223061715158,794.7526957575537,820.8144558915665,false
227,bursty-pause-100,closed_loop,100,4661,4645,93.22,12.53351241285418,28.785340640963113,770.760701071631,815.8452145865158,false
228,bursty-pause-100,open_loop,100,5000,4996,100,14.962538773306733,687.4940536337454,796.4559392570154,825.5305083732819,false
228,bursty-pause-100,closed_loop,100,4686,4684,93.72,12.911868211471301,29.256498842631117,42.3312529513787,814.8780235443774,true
229,bursty-pause-100,open_loop,100,5000,4921,100,15.502487803361873,727.4610716221468,798.7963905525976,822.5521682556064,false
229,bursty-pause-100,closed_loop,100,4601,4599,92.02,13.052356693868205,29.989619070205663,779.6626008119456,835.3021221332674,false
230,bursty-pause-100,open_loop,100,5000,4998,100,14.842560358032642,691.132950942676,787.5481659103716,830.6628276700103,false
230,bursty-pause-100,closed_loop,100,4690,4689,93.8,12.685646823920251,29.531374752266856,44.690056568942964,811.9277355104387,true
231,bursty-pause-100,open_loop,100,5000,4999,100,16.81789925238263,694.9694736996462,776.5201644774424,829.31931652614,false
231,bursty-pause-100,closed_loop,100,4684,4683,93.68,12.675592449704709,30.062297903816216,41.52023287668999,814.3286905135683,true
232,bursty-pause-100,open_loop,100,5000,4919,100,17.686892531251942,761.1941610027316,793.3024063096673,814.1307217153444,false
232,bursty-pause-100,closed_loop,100,4611,4601,92.22,13.099896360959974,30.652528757091204,780.6429355162581,835.7330739948811,false
233,bursty-pause-100,open_loop,100,5000,4999,100,16.27327792349388,694.945060632188,780.2015877018202,808.3057614968347,false
233,bursty-pause-100,closed_loop,100,4690,4689,93.8,12.340995907921751,29.827795228891773,42.84130974030268,837.97911044598,true
234,bursty-pause-100,open_loop,100,5000,4999,100,15.541242531304306,724.9493868900936,798.7463361141417,820.2514925317373,false
234,bursty-pause-100,closed_loop,100,4694,4692,93.88,12.29038536900407,29.3444202217579,45.36063801529235,819.7047978844712,true
235,bursty-pause-100,open_loop,100,5000,4965,100,16.25611488321374,732.9345416471006,809.1438431019888,827.2088224432591,false
235,bursty-pause-100,closed_loop,100,4678,4662,93.56,12.256147270618385,29.390699624498666,779.3160646929828,826.0709191100577,false
236,bursty-pause-100,open_loop,100,5000,4997,100,15.714398145282757,693.6355255223971,796.9440790132066,819.1691926306594,false
236,bursty-pause-100,closed_loop,100,4691,4689,93.82,12.524114124287735,28.684753181914857,41.23015227512951,825.2783376897205,true
237,bursty-pause-100,open_loop,100,5000,4999,100,14.795383810196654,680.6289993165228,785.9366336873572,814.805879632404,false
237,bursty-pause-100,closed_loop,100,4685,4684,93.7,12.828698380784772,30.0406950634424,47.80735677169287,814.281820533477,true
238,bursty-pause-100,open_loop,100,5000,4999,100,14.976052026577236,675.8997782767401,792.4745106452792,814.3053599025225,false
238,bursty-pause-100,closed_loop,100,4679,4678,93.58,12.86846916731156,30.338918898109114,42.62526029977016,818.4283435598991,true
239,bursty-pause-100,open_loop,100,5000,4969,100,15.848502764754812,730.0228599995608,820.0856863607041,865.5041412393257,false
239,bursty-pause-100,closed_loop,100,4668,4652,93.36,12.769533342499926,29.852829487419513,792.6204384087869,826.9169556080742,false
240,bursty-pause-100,open_loop,100,5000,4959,100,18.381900855318236,732.7136598444122,817.2676313470765,842.1154862999283,false
240,bursty-pause-100,closed_loop,100,4671,4655,93.42,12.522128243101179,28.925086191124137,780.3005938137139,828.1100389466301,false
241,bursty-pause-100,open_loop,100,5000,5000,100,13.641391108078096,699.48771491558,802.3653536290294,820.3551517812666,false
241,bursty-pause-100,closed_loop,100,4696,4695,93.92,12.44507470863391,27.320782873965072,39.31070475371234,829.4471178564927,true
242,bursty-pause-100,open_loop,100,5000,4924,100,16.58873274293728,721.5011307112363,807.0862830337792,827.6819925477903,false
242,bursty-pause-100,closed_loop,100,4610,4610,92.2,12.153717665532895,30.609574615627935,798.1035353689222,825.8340919500115,false
243,bursty-pause-100,open_loop,100,5000,4925,100,14.555953918854357,711.670390446081,797.0381922207562,817.2261286777575,false
243,bursty-pause-100,closed_loop,100,4618,4618,92.36,12.606526593903254,29.542545329044515,775.4119241427543,817.943823322028,false
244,bursty-pause-100,open_loop,100,5000,4999,100,15.347344370486098,719.563514286252,794.5168053712769,814.4586482540108,false
244,bursty-pause-100,closed_loop,100,4705,4704,94.1,12.03424589431961,27.797483035850746,41.71925662983631,814.4829746623072,true
245,bursty-pause-100,open_loop,100,5000,4927,100,15.001843143872975,731.7300955150204,795.6727462624549,821.1921435959375,false
245,bursty-pause-100,closed_loop,100,4610,4609,92.2,12.707957427326619,30.21859412203412,781.2255440521476,815.0416889884873,false
246,bursty-pause-100,open_loop,100,5000,4999,100,16.450915294713923,718.7079762643043,792.2531545650527,818.9810111979386,false
246,bursty-pause-100,closed_loop,100,4691,4690,93.82,12.507657186986762,28.616887421892898,41.934897696577536,834.8618966979702,true
247,bursty-pause-100,open_loop,100,5000,4999,100,15.54978689122072,724.980387845957,787.292093862663,822.7223211119781,false
247,bursty-pause-100,closed_loop,100,4687,4685,93.74,12.602795667946339,29.261679571114655,41.29859632004809,834.2831383259327,true
248,bursty-pause-100,open_loop,100,5000,4996,100,15.534832217199437,690.0882868685512,806.5707611770922,830.4831943987665,false
248,bursty-pause-100,closed_loop,100,4686,4682,93.72,12.313420700455026,31.479413969158486,45.30809058080922,820.5350912507347,true
249,bursty-pause-100,open_loop,100,5000,4999,100,16.14045570930466,723.6567936297906,797.758491866236,814.815481037851,false
249,bursty-pause-100,closed_loop,100,4697,4695,93.94,12.522565123959794,28.033433845666877,42.117884145874996,813.9330451480964,true
250,bursty-pause-100,open_loop,100,5000,4922,100,18.54126206584624,767.9968112769784,834.2320878635583,853.0799312012678,false
250,bursty-pause-100,closed_loop,100,4612,4611,92.24,12.66780201048823,30.10043572766881,788.4368770950205,818.6939027481458,false
251,bursty-pause-100,open_loop,100,5000,4998,100,15.354986755613936,663.4502982870326,803.7229826079347,829.6920015377327,false
251,bursty-pause-100,closed_loop,100,4672,4670,93.44,12.981139685471135,31.08305227845267,49.135312311522284,820.5658261985445,true
252,bursty-pause-100,open_loop,100,5000,4998,100,13.774478152281517,682.3066767634264,769.9809929277471,804.6155817103718,false
252,bursty-pause-100,closed_loop,100,4693,4691,93.86,12.357646243546696,28.53331069376145,47.26108728222607,817.109684609175,true
253,bursty-pause-100,open_loop,100,5000,4938,100,15.357011626125313,723.9294484467318,803.8169331925019,822.1179886426617,false
253,bursty-pause-100,closed_loop,100,4643,4627,92.86,12.77184359176681,29.464067385415547,787.9876345709054,836.0413387476801,false
254,bursty-pause-100,open_loop,100,5000,4922,100,15.165244997529953,711.5129592336671,788.8502641217274,823.7499960160712,false
254,bursty-pause-100,closed_loop,100,4615,4613,92.3,12.756960593367694,28.739778327151726,787.5109988321929,820.1306633698478,false
255,bursty-pause-100,open_loop,100,5000,4998,100,15.196909091806447,662.8329337140931,786.0797491782942,811.1299610533388,false
255,bursty-pause-100,closed_loop,100,4680,4680,93.6,12.910032479092479,29.962373108337488,47.485802537190466,830.9269781059302,true
256,bursty-pause-100,open_loop,100,5000,4998,100,15.071040560527763,685.3757999662048,796.4821738779792,821.5023349404146,false
256,bursty-pause-100,closed_loop,100,4697,4694,93.94,12.19200837351491,30.175643608279643,47.44150146614993,808.3653230205746,true
257,bursty-pause-100,open_loop,100,5000,4999,100,14.206728105113143,654.8432510389393,783.9398324456779,825.9893050181454,false
257,bursty-pause-100,closed_loop,100,4689,4689,93.78,12.556618662412802,28.74927505035157,41.26187263000611,827.2283028805614,true
258,bursty-pause-100,open_loop,100,5000,4958,100,15.969682774826651,701.1157045480504,805.7073421120585,821.6569305189769,false
258,bursty-pause-100,closed_loop,100,4670,4654,93.4,12.368939499336193,29.574908828952175,776.2455580925161,827.7031499721634,false
259,bursty-pause-100,open_loop,100,5000,4999,100,15.723572623421205,685.0847640311913,786.9504888654228,815.954817132646,false
259,bursty-pause-100,closed_loop,100,4695,4694,93.9,12.348564771724341,28.17726462995779,42.38704919276279,830.7033490023787,true
260,bursty-pause-100,open_loop,100,5000,4999,100,17.46099931153003,716.3695794396626,795.5080853860127,819.833276522535,false
260,bursty-pause-100,closed_loop,100,4694,4693,93.88,12.488052809698274,28.62192967068404,42.45839006361348,837.1440242776225,true
261,bursty-pause-100,open_loop,100,5000,4994,100,15.66335176237044,687.2229567176801,783.1043966623765,819.0695490697617,false
261,bursty-pause-100,closed_loop,100,4702,4694,94.04,12.129915332254313,28.90733005621587,48.103712568543415,827.7614707620378,true
262,bursty-pause-100,open_loop,100,5000,4926,100,15.665558060776675,730.2454454099425,807.2277633913363,823.0348380024989,false
262,bursty-pause-100,closed_loop,100,4618,4617,92.36,12.34166003997052,28.434240423543088,773.1406118028244,863.1453493906956,false
263,bursty-pause-100,open_loop,100,5000,4999,100,14.956984555239615,686.3066045153937,795.3835170811508,826.5032171341009,false
263,bursty-pause-100,closed_loop,100,4690,4687,93.8,12.757568748784252,27.605927825788967,39.59963596010493,829.6268843117577,true
264,bursty-pause-100,open_loop,100,5000,4999,100,15.17998773583895,676.5866695684454,790.6192929233584,826.3727116342052,false
264,bursty-pause-100,closed_loop,100,4699,4698,93.98,12.54903763171751,27.661973556496378,42.148827709504985,808.6389341550166,true
265,bursty-pause-100,open_loop,100,5000,4999,100,15.502308752180397,663.3970950431285,775.0778921873789,814.9530136835347,false
265,bursty-pause-100,closed_loop,100,4683,4681,93.66,12.674378075440472,30.241410864407953,43.720820582515444,822.3146486334808,true
266,bursty-pause-100,open_loop,100,5000,4999,100,14.38742064472899,719.2923348699624,815.0434389684451,843.9565255306552,false
266,bursty-pause-100,closed_loop,100,4682,4681,93.64,12.64391879073446,30.946935507705348,44.66235306454473,830.9595454155497,true
267,bursty-pause-100,open_loop,100,5000,4999,100,17.36543226896174,683.3501208749876,784.74545667036,822.2567564280907,false
267,bursty-pause-100,closed_loop,100,4682,4679,93.64,12.664910131428769,30.25458832420918,46.751984609654755,829.8874844953134,true
268,bursty-pause-100,open_loop,100,5000,4923,100,17.053898528967693,747.1539751727905,799.0164917039874,818.3412883417841,false
268,bursty-pause-100,closed_loop,100,4608,4605,92.16,12.749854581055843,29.51881577455788,793.8935069496147,829.6678131919616,false
269,bursty-pause-100,open_loop,100,5000,4998,100,14.789231632021256,633.397505310284,774.7554778949197,813.9321018126611,false
269,bursty-pause-100,closed_loop,100,4681,4681,93.62,12.728221730998484,30.530598109398852,45.54959936490195,822.4631142155267,true
270,bursty-pause-100,open_loop,100,5000,4998,100,16.13528794640297,692.6475371615707,795.7886559443396,824.868472254122,false
270,bursty-pause-100,closed_loop,100,4693,4690,93.86,12.528447868411604,28.569219141601934,40.24938367977302,823.7303152340028,true
271,bursty-pause-100,open_loop,100,5000,4999,100,14.458237027771247,642.3658378729997,770.3621190367121,816.594144553037,false
271,bursty-pause-100,closed_loop,100,4691,4690,93.82,12.555614851080463,29.020435221827938,43.660144576162565,828.320313863409,true
272,bursty-pause-100,open_loop,100,5000,4999,100,16.68970505479956,709.9261114284236,803.9957328946184,830.2085252530378,false
272,bursty-pause-100,closed_loop,100,4699,4698,93.98,12.155218220541428,29.363519207006902,40.70580371705,815.8599566248304,true
273,bursty-pause-100,open_loop,100,5000,4999,100,15.304827147985634,644.721913817295,794.9224613048136,833.3443766136625,false
273,bursty-pause-100,closed_loop,100,4698,4697,93.96,12.05014574080269,27.914305903079367,50.087092003333964,828.2231173441323,true
274,bursty-pause-100,open_loop,100,5000,4940,100,17.91549449536251,691.2058385829041,801.9128868535627,855.1889958243046,false
274,bursty-pause-100,closed_loop,100,4661,4645,93.22,12.436231904117449,28.744626836931275,776.540839471254,814.1727411374595,false
275,bursty-pause-100,open_loop,100,5000,4998,100,14.801484936806446,658.8449640115214,805.8717811771785,840.5099366346185,false
275,bursty-pause-100,closed_loop,100,4682,4681,93.64,12.562717233413423,30.460901037688018,45.931416843239276,827.5836809963548,true
276,bursty-pause-100,open_loop,100,5000,4999,100,14.20734433789039,648.7692319210619,784.3377359454971,822.8027292835977,false
276,bursty-pause-100,closed_loop,100,4689,4688,93.78,12.543563878723944,29.046160634956323,50.062511097989045,819.9995811372428,true
277,bursty-pause-100,open_loop,100,5000,4998,100,15.624804573713845,680.0568729689803,786.5715427994364,821.4774450799123,false
277,bursty-pause-100,closed_loop,100,4693,4691,93.86,12.487132760456007,28.681722463064943,40.752687614105525,811.4610204440905,true
278,bursty-pause-100,open_loop,100,5000,4918,100,15.63652385552632,739.2983442877012,819.4172882506173,832.7250791103434,false
278,bursty-pause-100,closed_loop,100,4600,4599,92,12.587531744740772,32.195942030673905,785.3902118964688,847.7465783692314,false
279,bursty-pause-100,open_loop,100,5000,4999,100,14.697590105492054,668.9363313336762,783.4202501502223,818.6153015981508,false
279,bursty-pause-100,closed_loop,100,4695,4695,93.9,12.229358592310746,30.11193332799303,44.52441696553433,816.9084915298954,true
280,bursty-pause-100,open_loop,100,5000,4940,100,15.583366147569905,717.7471251489478,801.6693562923247,822.3181327487546,false
280,bursty-pause-100,closed_loop,100,4646,4630,92.92,12.549550308647667,29.25708267697337,783.5738907629056,823.3860384114741,false
281,bursty-pause-100,open_loop,100,5000,4999,100,16.00170393717417,687.3292679911465,798.0684566952841,822.8621485671938,false
281,bursty-pause-100,closed_loop,100,4679,4678,93.58,12.929017941922211,30.182916815854696,41.49368074222184,841.8106600428946,true
282,bursty-pause-100,open_loop,100,5000,5000,100,17.765581254891003,720.5070838554748,797.7196529783687,818.1334021895382,false
282,bursty-pause-100,closed_loop,100,4681,4678,93.62,12.793429006102087,30.41042221288808,45.60146140670258,826.1821374006613,true
283,bursty-pause-100,open_loop,100,5000,4999,100,16.848315872312014,696.8304660999129,798.588295954527,819.403721059527,false
283,bursty-pause-100,closed_loop,100,4682,4681,93.64,12.595819584159472,30.945927404100075,44.60231445411773,847.3790339018997,true
284,bursty-pause-100,open_loop,100,5000,4922,100,16.301863666940335,696.6608610600306,790.209581813986,819.5845460976125,false
284,bursty-pause-100,closed_loop,100,4616,4616,92.32,12.480858093298593,29.346910406638926,790.1429094003106,822.5568464937969,false
285,bursty-pause-100,open_loop,100,5000,4999,100,15.945513882295927,708.013888039648,802.0492484506467,819.5597264043317,false
285,bursty-pause-100,closed_loop,100,4696,4694,93.92,12.37072443436773,29.26418045003811,41.05531801193138,827.7043775584461,true
286,bursty-pause-100,open_loop,100,5000,4965,100,18.20140013215132,737.8240055851056,804.3903179830377,824.5748032987758,false
286,bursty-pause-100,closed_loop,100,4677,4661,93.54,12.5333445586366,28.51341770394356,779.9955050685894,829.0874741109219,false
287,bursty-pause-100,open_loop,100,5000,5000,100,14.917991311660444,677.3722920936343,790.5202956242429,824.7530258303523,false
287,bursty-pause-100,closed_loop,100,4685,4683,93.7,12.874254715407005,29.77380608869862,39.96601553152141,817.4834373493286,true
288,bursty-pause-100,open_loop,100,5000,4998,100,14.21432205830206,662.3966756470181,777.74989079644,813.8680953475341,false
288,bursty-pause-100,closed_loop,100,4700,4698,94,12.347457791554916,28.337869495786435,40.55333657927622,820.8240853395837,true
289,bursty-pause-100,open_loop,100,5000,4982,100,13.977368763356935,688.9848302086393,807.9562751765334,830.5655473989245,false
289,bursty-pause-100,closed_loop,100,4697,4681,93.94,12.312279988425871,29.079626000795542,784.4754346478076,823.5847649505158,false
290,bursty-pause-100,open_loop,100,5000,4980,100,15.357841063996602,671.424725770099,781.502866296185,812.5532816146297,false
290,bursty-pause-100,closed_loop,100,4690,4674,93.8,12.53505370320272,29.73897505921923,778.8868190323556,833.707973414188,false
291,bursty-pause-100,open_loop,100,5000,4961,100,15.39696749534778,673.6496036043245,803.9422129404484,820.9387325834323,false
291,bursty-pause-100,closed_loop,100,4678,4662,93.56,12.496178568486357,27.333227876479214,781.8507681229421,815.5376826967913,false
292,bursty-pause-100,open_loop,100,5000,4965,100,16.35957355874416,750.6532144166849,801.651968582526,837.6412779262864,false
292,bursty-pause-100,closed_loop,100,4679,4663,93.58,12.392014481069054,28.496993041488167,796.2819389623182,840.3880412999497,false
293,bursty-pause-100,open_loop,100,5000,4992,100,14.97025300704263,707.8370507425388,803.3790762408389,827.2202570294467,false
293,bursty-pause-100,closed_loop,100,4679,4670,93.58,12.643106170336978,32.36457474319468,51.580139555717324,825.7255522807827,true
294,bursty-pause-100,open_loop,100,5000,4921,100,16.256103214916948,739.0893251338784,804.8626832793088,840.6878982757844,false
294,bursty-pause-100,closed_loop,100,4620,4620,92.4,12.389103949743003,29.30070009940391,774.7164737407948,820.3688253290093,false
295,bursty-pause-100,open_loop,100,5000,4921,100,15.831473397567606,754.5685291270565,804.9079793024939,823.2506595585655,false
295,bursty-pause-100,closed_loop,100,4615,4614,92.3,12.308856498195382,29.786770327780687,787.3333191635829,836.0799387058287,false
296,bursty-pause-100,open_loop,100,5000,4925,100,16.204757435838474,757.7307802435644,806.47166306086,821.0923498611883,false
296,bursty-pause-100,closed_loop,100,4610,4608,92.2,12.75574532097744,30.336223200254608,782.7366168699955,823.4352294061318,false
297,bursty-pause-100,open_loop,100,5000,4999,100,15.684276308922563,692.2664950339313,795.4835690120017,817.28021383546,false
297,bursty-pause-100,closed_loop,100,4698,4697,93.96,12.347378848928201,28.472304341970812,38.493121353618335,819.1206526044298,true
298,bursty-pause-100,open_loop,100,5000,4999,100,14.679667005235387,692.079853392941,794.3468395303535,823.9441802375259,false
298,bursty-pause-100,closed_loop,100,4683,4683,93.66,12.70618692426433,29.227429815247888,43.77100610364869,815.589842389214,true
299,bursty-pause-100,open_loop,100,5000,4927,100,15.88856817537453,707.1398545428528,792.737422637656,814.203756849507,false
299,bursty-pause-100,closed_loop,100,4645,4629,92.9,12.47710480474052,28.275923906716343,780.3222563136769,829.5673158093341,false
300,bursty-pause-100,open_loop,100,5000,4998,100,16.838093662336178,720.584438273836,798.9170319623372,816.9245204013241,false
300,bursty-pause-100,closed_loop,100,4705,4704,94.1,12.132631039563421,27.55313330989884,41.232109460215725,818.5754767508479,true
301,bursty-pause-100,open_loop,100,5000,4999,100,15.746436695691955,659.9599135686294,776.6320847935931,804.0462460699091,false
301,bursty-pause-100,closed_loop,100,4691,4690,93.82,12.593694870796753,28.614621113847534,42.57639489981375,819.0494063950937,true
302,bursty-pause-100,open_loop,100,5000,4950,100,15.527146687614731,707.5310704198055,803.3370399845044,821.5709569913743,false
302,bursty-pause-100,closed_loop,100,4662,4646,93.24,12.717970401026832,27.97674929677305,777.5307051180062,821.9674693941633,false
303,bursty-pause-100,open_loop,100,5000,4977,100,15.496062104277371,747.0558475339058,792.992901437603,812.5943920992395,false
303,bursty-pause-100,closed_loop,100,4675,4659,93.5,13.043448649863421,29.852165287724347,777.0002986711588,840.4595803382836,false
304,bursty-pause-100,open_loop,100,5000,4999,100,14.812511916505173,676.9121784765812,805.4408647922355,825.4995834037036,false
304,bursty-pause-100,closed_loop,100,4689,4688,93.78,12.687419921036053,29.00638430638719,40.8068085255436,820.5732358958448,true
305,bursty-pause-100,open_loop,100,5000,4999,100,15.090277754046838,710.1508331531477,794.3471756465551,820.3370843440644,false
305,bursty-pause-100,closed_loop,100,4706,4705,94.12,12.05279834131943,28.030325952706335,38.2821842995545,829.4353824819482,true
306,bursty-pause-100,open_loop,100,5000,4999,100,16.625715899535862,681.5391856212955,793.4742269606359,828.9521150179862,false
306,bursty-pause-100,closed_loop,100,4678,4677,93.56,12.882822525702068,30.290823607363563,44.72830455422809,822.6345383024527,true
307,bursty-pause-100,open_loop,100,5000,4999,100,14.739609482690867,654.8640773581428,795.1687787087212,824.963306685433,false
307,bursty-pause-100,closed_loop,100,4687,4686,93.74,12.484379577559594,30.24631903979025,48.58577097092348,826.5068148315622,true
308,bursty-pause-100,open_loop,100,5000,4999,100,14.311513641070633,689.3883046412302,809.4972598476343,846.1476484281666,false
308,bursty-pause-100,closed_loop,100,4695,4694,93.9,12.300454231721233,29.19564278530197,42.50495766853783,825.84552785501,true
309,bursty-pause-100,open_loop,100,5000,4958,100,15.980693157893256,746.8676074640825,799.0062635413051,825.4607835126735,false
309,bursty-pause-100,closed_loop,100,4674,4658,93.48,11.906694063065515,29.61835621080172,790.9793124485077,839.2025797183305,false
310,bursty-pause-100,open_loop,100,5000,4972,100,17.51144555893552,717.3150224367091,798.6105245506405,836.379200844618,false
310,bursty-pause-100,closed_loop,100,4677,4661,93.54,12.494240695214103,31.138786683433864,768.6518006077749,821.1802326370016,false
311,bursty-pause-100,open_loop,100,5000,4921,100,16.85928726091697,735.8051549258053,797.6034343182146,826.6593946021239,false
311,bursty-pause-100,closed_loop,100,4619,4619,92.38,12.529620568100654,27.974086935195373,783.4174447260484,830.1995024856005,false
312,bursty-pause-100,open_loop,100,5000,4925,100,16.47935288030567,754.7083518108047,868.9899386880279,889.1632628639491,false
312,bursty-pause-100,closed_loop,100,4630,4614,92.6,12.587527164276253,30.138664070011146,775.6848722133582,817.4054862508274,false
313,bursty-pause-100,open_loop,100,5000,4999,100,16.604218228618265,710.8062288011351,811.6614353678196,842.4858961436948,false
313,bursty-pause-100,closed_loop,100,4684,4682,93.68,12.45267281451379,31.2609667683937,47.655946672995924,830.4013268780109,true
314,bursty-pause-100,open_loop,100,5000,4997,100,16.958199416549178,704.5207274567219,801.9447484567427,837.3872391888945,false
314,bursty-pause-100,closed_loop,100,4686,4685,93.72,12.632097736594005,28.997213679613196,45.12324127224565,837.1221396835099,true
315,bursty-pause-100,open_loop,100,5000,4999,100,15.915672318467841,665.7943136864742,776.9529245234589,829.3079537465674,false
315,bursty-pause-100,closed_loop,100,4678,4675,93.56,12.984977796742896,30.16627310992044,48.32684192738088,828.2438098437997,true
316,bursty-pause-100,open_loop,100,5000,4920,100,16.512769289569405,758.4474519166979,821.2471520162871,854.3388686040162,false
316,bursty-pause-100,closed_loop,100,4613,4597,92.26,12.78945681087498,32.40166521226638,774.9735651367519,814.5477287534231,false
317,bursty-pause-100,open_loop,100,5000,4999,100,15.080510636726103,646.3250686558458,769.1644902102671,816.0769203943782,false
317,bursty-pause-100,closed_loop,100,4710,4708,94.2,12.184655372901034,26.91074244335323,39.07103315751738,817.6155898190627,true
318,bursty-pause-100,open_loop,100,5000,4938,100,15.679702870471374,690.1600866691078,819.3416875570838,841.186011489357,false
318,bursty-pause-100,closed_loop,100,4641,4625,92.82,12.74030037121338,30.069795312272618,793.0286336716563,829.317696344784,false
319,bursty-pause-100,open_loop,100,5000,4922,100,16.6379252369843,726.7396574956438,789.5710348426037,808.5707312897721,false
319,bursty-pause-100,closed_loop,100,4615,4613,92.3,12.458755365725665,29.550121498694352,789.98040746068,832.1442607432618,false
320,bursty-pause-100,open_loop,100,5000,4922,100,16.38614240715833,731.236203625278,801.4963674688261,819.5916526212932,false
320,bursty-pause-100,closed_loop,100,4610,4609,92.2,12.70292082638116,29.62147189242387,775.2872718655635,815.7208979741044,false
