{
  "config": {
    "seed": 20260721,
    "repeats": 600,
    "requestsPerRepeat": 12000,
    "bootstrapSamples": 5000,
    "strongCostPerRequest": 0.02,
    "smallCostPerRequest": 0.004,
    "globalAccuracyTolerancePoints": 0.5,
    "stratumAccuracyTolerancePoints": 1,
    "population": {
      "routine": 0.7,
      "important": 0.25,
      "critical": 0.05
    },
    "policies": {
      "strong_only": {
        "routine": 1.01,
        "important": 1.01,
        "critical": 1.01
      },
      "global_threshold": {
        "routine": 0.62,
        "important": 0.62,
        "critical": 0.62
      },
      "stratum_threshold": {
        "routine": 0.62,
        "important": 0.72,
        "critical": 0.9
      },
      "oracle": null
    }
  },
  "aggregates": [
    {
      "scenario": "shifted",
      "policy": "strong_only",
      "repeats": 600,
      "metrics": {
        "globalAccuracy": {
          "mean": 0.9542027777777785,
          "ci95": [
            0.9540530555555555,
            0.9543509722222224
          ]
        },
        "criticalAccuracy": {
          "mean": 0.9003638641308106,
          "ci95": [
            0.8994023686232625,
            0.9013181568425735
          ]
        },
        "cost": {
          "mean": 0.019999999999999723,
          "ci95": [
            0.019999999999999723,
            0.019999999999999723
          ]
        },
        "strongRouteRate": {
          "mean": 1,
          "ci95": [
            1,
            1
          ]
        },
        "criticalStrongRate": {
          "mean": 1,
          "ci95": [
            1,
            1
          ]
        },
        "falseApprovalRate": {
          "mean": 0,
          "ci95": [
            0,
            0
          ]
        }
      }
    },
    {
      "scenario": "shifted",
      "policy": "global_threshold",
      "repeats": 600,
      "metrics": {
        "globalAccuracy": {
          "mean": 0.9646155555555546,
          "ci95": [
            0.9644847222222231,
            0.9647484722222224
          ]
        },
        "criticalAccuracy": {
          "mean": 0.7564350678892818,
          "ci95": [
            0.7549999009818995,
            0.7579023322373711
          ]
        },
        "cost": {
          "mean": 0.0046313399999999985,
          "ci95": [
            0.00462913333333333,
            0.004633522222222223
          ]
        },
        "strongRouteRate": {
          "mean": 0.039458749999999994,
          "ci95": [
            0.03932416666666667,
            0.03959333333333326
          ]
        },
        "criticalStrongRate": {
          "mean": 0.06241464792118283,
          "ci95": [
            0.061624927359582686,
            0.06318272502514838
          ]
        },
        "falseApprovalRate": {
          "mean": 1,
          "ci95": [
            1,
            1
          ]
        }
      }
    },
    {
      "scenario": "shifted",
      "policy": "stratum_threshold",
      "repeats": 600,
      "metrics": {
        "globalAccuracy": {
          "mean": 0.97764,
          "ci95": [
            0.9775297222222228,
            0.9777476388888886
          ]
        },
        "criticalAccuracy": {
          "mean": 0.9140859105175635,
          "ci95": [
            0.9131497672742749,
            0.9149860716133094
          ]
        },
        "cost": {
          "mean": 0.004859222222222221,
          "ci95": [
            0.004856795555555556,
            0.004861755555555554
          ]
        },
        "strongRouteRate": {
          "mean": 0.053701388888888944,
          "ci95": [
            0.053541388888888965,
            0.053855972222222284
          ]
        },
        "criticalStrongRate": {
          "mean": 0.23749928503691198,
          "ci95": [
            0.23610770044084958,
            0.23889559343194228
          ]
        },
        "falseApprovalRate": {
          "mean": 0.03166666666666667,
          "ci95": [
            0.018333333333333333,
            0.04666666666666667
          ]
        }
      }
    },
    {
      "scenario": "shifted",
      "policy": "oracle",
      "repeats": 600,
      "metrics": {
        "globalAccuracy": {
          "mean": 0.9957287500000014,
          "ci95": [
            0.9956833333333333,
            0.9957777777777772
          ]
        },
        "criticalAccuracy": {
          "mean": 0.9703571432392935,
          "ci95": [
            0.9697788835013875,
            0.9709337856411474
          ]
        },
        "cost": {
          "mean": 0.005096782222222227,
          "ci95": [
            0.005093871111111114,
            0.005099575555555556
          ]
        },
        "strongRouteRate": {
          "mean": 0.06854888888888891,
          "ci95": [
            0.06837680555555557,
            0.06872222222222218
          ]
        },
        "criticalStrongRate": {
          "mean": 0.27032827115823027,
          "ci95": [
            0.2688628206810334,
            0.27177390863372203
          ]
        },
        "falseApprovalRate": {
          "mean": 0,
          "ci95": [
            0,
            0
          ]
        }
      }
    },
    {
      "scenario": "calibrated_control",
      "policy": "strong_only",
      "repeats": 600,
      "metrics": {
        "globalAccuracy": {
          "mean": 0.9542226388888903,
          "ci95": [
            0.9540654166666672,
            0.9543762500000003
          ]
        },
        "criticalAccuracy": {
          "mean": 0.8996238078334731,
          "ci95": [
            0.898643979748883,
            0.9006018996517372
          ]
        },
        "cost": {
          "mean": 0.019999999999999723,
          "ci95": [
            0.019999999999999723,
            0.019999999999999723
          ]
        },
        "strongRouteRate": {
          "mean": 1,
          "ci95": [
            1,
            1
          ]
        },
        "criticalStrongRate": {
          "mean": 1,
          "ci95": [
            1,
            1
          ]
        },
        "falseApprovalRate": {
          "mean": 0,
          "ci95": [
            0,
            0
          ]
        }
      }
    },
    {
      "scenario": "calibrated_control",
      "policy": "global_threshold",
      "repeats": 600,
      "metrics": {
        "globalAccuracy": {
          "mean": 0.9728404166666653,
          "ci95": [
            0.9727283333333326,
            0.9729547222222215
          ]
        },
        "criticalAccuracy": {
          "mean": 0.8799006714411246,
          "ci95": [
            0.8788106599561318,
            0.8809957798470713
          ]
        },
        "cost": {
          "mean": 0.004777337777777777,
          "ci95": [
            0.004774755555555552,
            0.004779884444444445
          ]
        },
        "strongRouteRate": {
          "mean": 0.04858361111111109,
          "ci95": [
            0.04842250000000001,
            0.04874013888888886
          ]
        },
        "criticalStrongRate": {
          "mean": 0.2001926497713065,
          "ci95": [
            0.1989626166879206,
            0.20150436518992285
          ]
        },
        "falseApprovalRate": {
          "mean": 0.7266666666666667,
          "ci95": [
            0.69,
            0.7616666666666667
          ]
        }
      }
    },
    {
      "scenario": "calibrated_control",
      "policy": "stratum_threshold",
      "repeats": 600,
      "metrics": {
        "globalAccuracy": {
          "mean": 0.9798979166666659,
          "ci95": [
            0.9797974999999988,
            0.9799943055555546
          ]
        },
        "criticalAccuracy": {
          "mean": 0.918820591239003,
          "ci95": [
            0.9179014743685566,
            0.9197102848415054
          ]
        },
        "cost": {
          "mean": 0.005353204444444444,
          "ci95": [
            0.005349813333333334,
            0.005356595555555552
          ]
        },