scenario,repeat,replay,criticalPathP50,criticalPathP95,criticalPathP99,deadlineMissRate,toolSecondsP50,toolSecondsP95,toolSecondsP99,meanPairwiseCorrelation
shared_incident,0,row_preserved,0.3737228927732492,1.3860422272364217,2.676160528368338,0.0434,0.9241445499134244,3.539597889748255,6.076695489429577,0.7000556288581284
shared_incident,0,column_shuffled,0.41794780090098776,1.654994120808232,2.7479767982128984,0.0608,0.9978383399742784,2.430912747486873,3.7009423023343735,-0.002291222962899788
shared_incident,0,incident_stratified,0.37326011867625064,1.4975514276784625,2.7271092705166162,0.05,0.9258127214654619,3.807391257810177,5.664635530388682,0.6115664685152553
shared_incident,1,row_preserved,0.3695836645139366,1.529138992311125,2.9287431755068525,0.0516,0.91857230877625,3.8140615746890347,6.33792753124432,0.7141098625004442
shared_incident,1,column_shuffled,0.42297373361951673,1.7094678056973793,3.0300089635742675,0.0682,1.0083767452054242,2.561596712597685,3.9891055667298603,0.003562731628169353
shared_incident,1,incident_stratified,0.3699492689950544,1.5939903617273028,3.000216313644584,0.0564,0.9174457473694817,3.991161751077715,5.902650343571625,0.6284713246935829
shared_incident,2,row_preserved,0.365650524777139,1.3705469437530626,2.836874992612862,0.0436,0.9112889776759885,3.410781152343411,6.263418635963818,0.7139464772348204
shared_incident,2,column_shuffled,0.41233796716014626,1.65580797623232,2.8709878772765167,0.0618,0.9911165206436232,2.4617659174787856,3.7051326472916766,-0.003057150405505697
shared_incident,2,incident_stratified,0.36343212732971325,1.4752191519024127,2.8481168786727418,0.0494,0.9132012608319691,3.7123793494665667,5.683906230857214,0.6064888646638714
shared_incident,3,row_preserved,0.3678687732406414,1.3905262034619337,2.7505498000677164,0.0458,0.9112304904355285,3.5678552800234016,6.302197883171864,0.6952274211844837
shared_incident,3,column_shuffled,0.4133137373260512,1.6666026870539286,2.7634675622422007,0.062,0.9874755911301569,2.466618228152389,3.666800753381837,-0.002483332525450904
shared_incident,3,incident_stratified,0.3684457191804106,1.4363232544410856,2.7505498000677164,0.0476,0.9136901158503139,3.7128775427743617,5.7738673490054255,0.6346295996394747
shared_incident,4,row_preserved,0.3710882831503425,1.4464546434700678,2.7656291189140894,0.047,0.9231186847699202,3.6642233140058416,6.068654726507336,0.7032609317189743
shared_incident,4,column_shuffled,0.4260373475550344,1.7074706678207974,2.7656291189140894,0.0684,1.0056555395177051,2.498792163957196,3.6572191819767763,-0.005879205368501499
shared_incident,4,incident_stratified,0.36991443758332176,1.5557285767245443,2.762315637504711,0.0538,0.9191849772860081,3.8404964209071055,5.676468460545984,0.6168869854380975
shared_incident,5,row_preserved,0.3671177183322465,1.4161031397177015,2.7360371439706994,0.0454,0.9223811706811422,3.72209304676395,6.202800438899024,0.7033711595433213
shared_incident,5,column_shuffled,0.4180784254633179,1.6874105190441124,2.768122386456587,0.0648,0.9997066977634486,2.480175230390371,3.7789120476333755,-0.004220926947334167
shared_incident,5,incident_stratified,0.36962118108672903,1.535495799419425,2.7670725406479226,0.0512,0.9206312828060325,3.895916667636985,5.812878753209128,0.6147687631041755
shared_incident,6,row_preserved,0.36842727970236555,1.3751557036398034,2.792061013757521,0.0434,0.9190429405503124,3.5282619714179466,6.245514046502038,0.698177619430797
shared_incident,6,column_shuffled,0.40936732700285383,1.6140873746531288,2.823190333998635,0.0582,0.9833967665159037,2.4128372328634606,3.736185713860645,0.004395515151191802
shared_incident,6,incident_stratified,0.3666790132713292,1.4514095828219162,2.792061013757521,0.0472,0.9139839008990805,3.7019228296375974,5.637398538416045,0.618123074574119
shared_incident,7,row_preserved,0.36760471927208627,1.4099664443828297,2.804275013945107,0.0464,0.9190084893770565,3.553392967334455,6.220589276109002,0.7081107525513518
shared_incident,7,column_shuffled,0.4165279550304794,1.6442999503977815,2.8529467075965993,0.0636,0.996330620443553,2.4782137155959445,3.68092889286274,0.0032158846077041787
shared_incident,7,incident_stratified,0.36788673528908516,1.5047225487037095,2.8529467075965993,0.0502,0.9143620461601243,3.77250696643291,5.76806368363263,0.6041663923386602
shared_incident,8,row_preserved,0.3712074670684406,1.4129386307755858,2.789577083958274,0.0464,0.9225896048320326,3.5780767225903265,6.184639805150983,0.7184212037353674
shared_incident,8,column_shuffled,0.4186752038652174,1.70003060095406,2.8253919226313076,0.0656,1.002799181315782,2.4597397447433815,3.7314370249664757,-0.006062506665231328
shared_incident,8,incident_stratified,0.3722159775058629,1.5060105577969871,2.8253919226313076,0.051,0.9184767902486193,3.7600641374898447,5.8395993283195935,0.629951328704352
shared_incident,9,row_preserved,0.36918867736009736,1.4363416464766705,2.528293851254169,0.0472,0.9182202802852557,3.732892152960285,5.7275667198074345,0.7255333288289566
shared_incident,9,column_shuffled,0.41383137845854584,1.6723305970312448,2.6116835263433478,0.064,0.9949489670999512,2.480760186031389,3.6005398559391093,0.004353567780065478
shared_incident,9,incident_stratified,0.3678701940444705,1.5811880672658305,2.6116835263433478,0.0532,0.9115999790148926,3.869118408685887,5.414808431453636,0.6347545705710184
shared_incident,10,row_preserved,0.367497701334208,1.3363124331596907,2.563217888276054,0.0404,0.9138629718409934,3.4398788253813866,5.919162944688278,0.7129330717773055
shared_incident,10,column_shuffled,0.41205383866876877,1.5573052960926859,2.6314014250226676,0.0548,0.9857828975447369,2.330016035414422,3.6104692439924904,0.0028146900396556957
shared_incident,10,incident_stratified,0.3671775437623521,1.415491945898467,2.6029112124893894,0.0442,0.9119689459411308,3.7808072534546446,5.4787485520443,0.6148573124394384
shared_incident,11,row_preserved,0.3705704583323651,1.2377545389658653,2.568519553915359,0.0386,0.9176058684512276,3.3585368762579444,6.005393201850639,0.7003090446921103
shared_incident,11,column_shuffled,0.4119106531988971,1.554663890732545,2.5741275570357995,0.0542,0.9942644013548687,2.376976228043079,3.478447846013183,0.0020987153411896886
shared_incident,11,incident_stratified,0.3685408443897988,1.33366634589246,2.5725727178964504,0.0432,0.9181350209234158,3.4672746525009512,5.634358906788442,0.6170045569494677
shared_incident,12,row_preserved,0.3698787374138193,1.363717821276256,2.6360631100105505,0.0428,0.9171350455994891,3.563805305808607,6.0309162756535635,0.6879357652343617
shared_incident,12,column_shuffled,0.41248539328476946,1.6025067146753895,2.6643399763981517,0.0582,0.9921676900453993,2.4035691798714742,3.629375481856642,-0.0020078635516819036
shared_incident,12,incident_stratified,0.3682790743346721,1.4280146721574127,2.6360631100105505,0.046,0.9159268762768389,3.6803681334962874,5.579961877975808,0.6315558925689323
shared_incident,13,row_preserved,0.3664771590300798,1.416211489004055,2.741830090098948,0.0458,0.9127876282031917,3.657669023645946,6.111228565827519,0.7234505606425655
shared_incident,13,column_shuffled,0.4066077542597156,1.66470831151315,2.7492098702524963,0.0636,0.9816430653081499,2.498985728510201,3.54188283380855,0.002707128340435744
shared_incident,13,incident_stratified,0.36480380088348363,1.5080427875873565,2.741830090098948,0.0504,0.9126299655417656,3.870034578068233,5.737593920890539,0.6218745834920181
shared_incident,14,row_preserved,0.36997514492597283,1.453113104713751,2.770871510873846,0.0474,0.9162030880843302,3.685755242447697,6.058018616618941,0.7074626970333653
shared_incident,14,column_shuffled,0.4187234363063359,1.6823822863808866,2.786152137343783,0.0642,0.9957048356502918,2.5204474258915184,3.823991189360736,0.006164540923470021
shared_incident,14,incident_stratified,0.3702740393852402,1.5447979926214077,2.786152137343783,0.0524,0.9201807567919049,3.906009810242061,5.588679427308012,0.6181940349358573
shared_incident,15,row_preserved,0.3703819541836187,1.4258755205921438,2.7108086274695227,0.0454,0.9240604984085375,3.62146144556347,6.3409772847002595,0.7123938833004781
shared_incident,15,column_shuffled,0.41708063948339974,1.670788943948735,2.8170652122790694,0.0638,0.9998065592859524,2.4816098537453226,3.7345466275949093,0.0026590822343145006
shared_incident,15,incident_stratified,0.36900566363246307,1.5045341616555237,2.8170652122790694,0.0506,0.9241915471301885,3.798491096347482,5.763694389304789,0.6026256440936589
shared_incident,16,row_preserved,0.367559601961486,1.4777135268276271,2.961645559860243,0.049,0.9150692048788838,3.651593926316303,6.216251581543234,0.7265951535239153
shared_incident,16,column_shuffled,0.41743159994721235,1.6896980522299374,2.9981294015072697,0.071,1.0001983991878123,2.5614587459563656,3.812844514952802,-0.006451685302564313
shared_incident,16,incident_stratified,0.36954178158456874,1.5959022892747925,2.9646842994487685,0.0566,0.9145976425741933,3.92829104169271,5.760270225165803,0.6376658414294849
shared_incident,17,row_preserved,0.3708580910640912,1.431610289250054,2.6656302833067946,0.047,0.922916821179353,3.594278972335063,6.366135834490696,0.718092829611936
shared_incident,17,column_shuffled,0.4189940939747487,1.738701928163683,2.7411275426266,0.0684,1.000436778717765,2.571999701175163,3.7145787875551415,0.003542075532714886
shared_incident,17,incident_stratified,0.370492001052664,1.5905853745011465,2.7075823437248223,0.054,0.9183496579245407,3.941872044423868,5.608875138642777,0.6263137272718459
shared_incident,18,row_preserved,0.3654878440831475,1.3673526473397541,2.6221516594553362,0.041,0.9149216369027081,3.4428784510724,5.881616105886634,0.7169389650009456
shared_incident,18,column_shuffled,0.41093064032253246,1.56694269053996,2.6676148677203226,0.0574,0.9862137986680567,2.349861264692136,3.670478709194492,-0.002021373876087021
shared_incident,18,incident_stratified,0.36611989554407515,1.4047107446540086,2.6386404473315026,0.0438,0.9186937792075793,3.6397737426390306,5.812532631357163,0.639327813761189
shared_incident,19,row_preserved,0.36601777860105944,1.4213156690733395,2.6680234656808164,0.047,0.9113465260747141,3.665446257901853,6.204903702413111,0.7264824486562302
shared_incident,19,column_shuffled,0.41426889319759025,1.7408418826957013,2.68952609413505,0.0682,0.9932162473825821,2.5275649198120727,3.662511474212444,0.0027347370241276162
shared_incident,19,incident_stratified,0.3652434730325197,1.569410577672283,2.6775090628072302,0.0526,0.9122164836416267,3.947891562431181,5.785530178270516,0.6240376640388062
shared_incident,20,row_preserved,0.3714315368311545,1.4055369253058418,2.647751898478974,0.0456,0.9191758081489669,3.5006746922943,5.651592492816848,0.6930465496596296
shared_incident,20,column_shuffled,0.41589713967839725,1.613531744492454,2.7310664166688836,0.058,0.999827573610808,2.382936953498307,3.5940971175207403,-0.005232984841628739
shared_incident,20,incident_stratified,0.3709206710064682,1.4740359940112913,2.7021768495069467,0.0484,0.9215138259839462,3.638442213400317,5.401540997747805,0.6129441797893534
shared_incident,21,row_preserved,0.3728426866357908,1.4269324354110087,2.6775678967822607,0.0466,0.9253993607179134,3.7088733053563945,6.121665460887252,0.7224360283013903
shared_incident,21,column_shuffled,0.4210233316593994,1.6757765850786912,2.7453592582036017,0.065,1.0044087631439038,2.533929752848694,3.566275418811255,-0.00775943457047473
shared_incident,21,incident_stratified,0.3716455114068419,1.5742713238912083,2.7453592582036017,0.0526,0.9175608270510465,3.9802099064385663,5.779039190669005,0.6342291477101788
shared_incident,22,row_preserved,0.3726403335561283,1.5082306520970312,2.680535991086722,0.0508,0.926878682341913,3.7961106919056586,5.927204030442974,0.723148378638467
shared_incident,22,column_shuffled,0.4293269655053675,1.706849886495651,2.8381430936719667,0.071,1.017449794289713,2.514175671589829,3.661091826383551,-0.00010119448197249676
shared_incident,22,incident_stratified,0.3729419304590945,1.6128549127625673,2.8381430936719667,0.058,0.9261120416865216,3.9580623949109675,5.7109104358151885,0.609254622644204
shared_incident,23,row_preserved,0.36982308855418156,1.4222229883330457,2.828802844127916,0.045,0.9162592964788805,3.6335260274724517,6.1792446769233145,0.7206729679471459
shared_incident,23,column_shuffled,0.4158212147746596,1.7330360885500127,2.833658718425872,0.0638,0.9887937925117185,2.525283758163522,3.7195446263309866,-0.005377580260748492
shared_incident,23,incident_stratified,0.3697441507045095,1.5153988103155018,2.828802844127916,0.051,0.9134239621074807,3.839062236866301,5.826655327746142,0.6271698130018141
shared_incident,24,row_preserved,0.37079510980594355,1.4377673060752991,2.7193505444124018,0.0468,0.9189936421366584,3.6667842251970777,6.041361796555639,0.708417649781221
shared_incident,24,column_shuffled,0.42230271466778124,1.6493231594030313,2.8199957223370475,0.062,1.0047192853074352,2.4667012390244607,3.6938550227901903,0.0007962963754051623
shared_incident,24,incident_stratified,0.37088852126656197,1.500871979597918,2.7912949299199448,0.0502,0.9175942367036259,3.7804126160419154,5.6390388632552995,0.6220606395330376
shared_incident,25,row_preserved,0.37125404978749443,1.3269459387495792,2.682330266738492,0.0426,0.9202609823845258,3.5529939942443454,6.01420029824126,0.7219292861853664
shared_incident,25,column_shuffled,0.4178234542450026,1.6600810180428431,2.6945616693176992,0.0626,1.0026397399484974,2.4411409912209745,3.57701215198275,-0.008557132336465696
shared_incident,25,incident_stratified,0.37157714371267136,1.5307306564002368,2.69454151204068,0.0516,0.9184270103012122,3.836479467343765,5.477812340287496,0.6279911003825488
shared_incident,26,row_preserved,0.37028540035051594,1.4195063887880306,2.707786808777313,0.0444,0.9169368109339319,3.610348707420549,6.194297571884354,0.7045008502187593
shared_incident,26,column_shuffled,0.4154555675409172,1.6627809599289414,2.7630470327303196,0.0646,0.9905764345678634,2.488797488902673,3.7092495229030593,0.007104575874416257
shared_incident,26,incident_stratified,0.3718206602940026,1.547197117288146,2.752658834048908,0.0534,0.9226446028335137,3.808894464562898,5.674822009715409,0.6111302895003189
shared_incident,27,row_preserved,0.3679632845242212,1.4866879625169882,2.618510280422558,0.0488,0.914715993345328,3.7430672458089664,5.945579385175762,0.7007548632976398
shared_incident,27,column_shuffled,0.42375456028169045,1.6811815894989741,2.623801301420103,0.0654,1.0024692998987852,2.471293677972481,3.731676469593422,0.0015421902784808143
shared_incident,27,incident_stratified,0.36931902829594443,1.5236245924969831,2.618510280422558,0.052,0.9139603144198498,3.8574045016783476,5.787908145437486,0.6213228180718579
shared_incident,28,row_preserved,0.3690157393987189,1.4207845284285467,2.734001208927057,0.0448,0.9231547129857107,3.5858104271426385,6.061154677372991,0.6820625172710749
shared_incident,28,column_shuffled,0.41708544892581667,1.6363352357626115,2.752381681781513,0.0604,1.0033946533591633,2.4574340479086967,3.659543287059124,0.00955523017406018
shared_incident,28,incident_stratified,0.3688564483716858,1.5048223376966856,2.7312406398253155,0.0504,0.9222582813886985,3.7938582577151605,5.538281810977155,0.6080318451998722
shared_incident,29,row_preserved,0.36693722185716265,1.4201165037578196,2.7252628029575647,0.045,0.9161480516473959,3.5494846228702857,5.989845990813647,0.6962469128137516
shared_incident,29,column_shuffled,0.4177625776900481,1.636130770304545,2.7691331286304757,0.0616,0.9969433432245982,2.445749894205078,3.592612528380669,-0.0002627580944104321
shared_incident,29,incident_stratified,0.36772606614495146,1.5210492115585983,2.759101371220586,0.051,0.9215141949828152,3.7797095543392394,5.37022091411556,0.6085741826479832
shared_incident,30,row_preserved,0.3687995718946424,1.485854755101203,2.614551980944205,0.0488,0.9157752047715021,3.708005450067623,6.055319916804197,0.7163353051493312
shared_incident,30,column_shuffled,0.4150360013683909,1.6713209573849743,2.72897416664114,0.067,0.9966786493688832,2.4894768500587015,3.6842724708477887,-0.003855761396582922
shared_incident,30,incident_stratified,0.36687452687744493,1.5213774520153949,2.6608139004404756,0.0514,0.9170570850918303,3.8317881257679485,5.656523447257723,0.6258357220729006
shared_incident,31,row_preserved,0.36701247825822614,1.357539169340793,2.6023986928372236,0.043,0.9169367257465593,3.436266555991507,6.07988942739222,0.7120270294219081
shared_incident,31,column_shuffled,0.41084996147070973,1.6470638409663987,2.733621321541735,0.0596,0.9920575712010761,2.3958338741531957,3.686799778788111,-0.006467018106845675
shared_incident,31,incident_stratified,0.3663209135434644,1.4764443614584635,2.6784167779612864,0.049,0.9135055590225329,3.706008494304874,5.492211537939382,0.6170920435681236
shared_incident,32,row_preserved,0.3741349823261486,1.486017588956402,2.9012016836735177,0.0492,0.9210719212313715,3.7567539277959936,6.474870951717404,0.7116911473714355
shared_incident,32,column_shuffled,0.4302430020193894,1.728223085196498,2.952950143444383,0.0704,1.0137430912883438,2.5760499762374907,3.8629684175017527,-0.002492252189345391
shared_incident,32,incident_stratified,0.3740258210182279,1.5619184276005589,2.952950143444383,0.0552,0.9229504899674179,3.940428796033647,5.941507982567044,0.6163659672465618
shared_incident,33,row_preserved,0.37053553786664417,1.3752910380500143,2.751868475826946,0.0452,0.9218291072998898,3.4229516924382013,6.103503903169358,0.706527063012859
shared_incident,33,column_shuffled,0.41222000621249044,1.6336620945446936,2.7690666765139618,0.0632,0.9856887033926041,2.43945990334788,3.611344341145213,0.0036675755658442093
shared_incident,33,incident_stratified,0.3705783365678996,1.467223456511104,2.7690666765139618,0.048,0.918102003774351,3.6603966655706683,5.799839849431119,0.6338737147391061
shared_incident,34,row_preserved,0.36741713351433186,1.409053824985342,2.8750288212944874,0.0458,0.9153480203094455,3.579596825544906,6.201593881900182,0.6898400285365396
shared_incident,34,column_shuffled,0.41502161111804214,1.652591055923479,2.9218623772650165,0.065,0.9898516020103421,2.436613468523131,3.858138273137671,-0.00782384808082144
shared_incident,34,incident_stratified,0.36868390342866864,1.52203800926858,2.9216189204589496,0.051,0.9162770576953135,3.8347991292529864,5.8927425831930815,0.5982144133234034
shared_incident,35,row_preserved,0.3692933041829697,1.5485282649198324,2.7905321310470015,0.0518,0.918166772924141,3.8005641719025753,6.347236597427964,0.7145047449454901
shared_incident,35,column_shuffled,0.41600561733086727,1.823649464322355,2.8075951314546095,0.0762,0.9967649082035277,2.621530571056097,3.8398205948486153,-0.000357329892698459
shared_incident,35,incident_stratified,0.3666898556903843,1.610349159807703,2.8075951314546095,0.0552,0.9174027038744991,4.033694659190825,6.0970359214074445,0.626987721856977
shared_incident,36,row_preserved,0.3675256029994036,1.482599032959905,2.836562039472594,0.0488,0.9144815600117906,3.7039535795327576,6.287830913731906,0.7049458191448386
shared_incident,36,column_shuffled,0.4158740846456186,1.7355645243776099,2.914344438172746,0.0676,0.9932217497064731,2.5266503527692246,3.8177829725246673,0.0011487094563322926
shared_incident,36,incident_stratified,0.3696576856557096,1.553512948148123,2.882336403270501,0.053,0.9193191641491438,3.924493167121944,5.821297803490721,0.627756208448414
shared_incident,37,row_preserved,0.36841850995955594,1.3673136069018292,2.6840312347457997,0.0424,0.9197415099178963,3.5393082874954978,5.989676065845354,0.7027128799756164
shared_incident,37,column_shuffled,0.41538632081858623,1.608790256249667,2.7273206145602016,0.0584,0.9962562864659099,2.3825705858137214,3.5887122658908233,-0.007923598368870856
shared_incident,37,incident_stratified,0.36835706207220054,1.4340759111007444,2.7273206145602016,0.0456,0.9157316472229078,3.667097174828725,5.619086711520017,0.6089437203279905
shared_incident,38,row_preserved,0.3726793215933514,1.3359433825869491,2.538893424145781,0.0424,0.9224859458591637,3.4468630686385744,5.920745730526772,0.7136189466713684
shared_incident,38,column_shuffled,0.4168278530169156,1.6054946260468819,2.5632736300466914,0.059,0.9987382344359291,2.4009391686638932,3.421935892366834,-0.009409478867959361
shared_incident,38,incident_stratified,0.37072930516349695,1.4626463933682647,2.561070353769617,0.0486,0.9174156069300661,3.722925007995895,5.505096000597492,0.6225956488719889
shared_incident,39,row_preserved,0.3721418169718001,1.4435351379112213,2.7575289436602177,0.0476,0.9253477402403196,3.623712744775503,6.349029640093529,0.7154028382207285
shared_incident,39,column_shuffled,0.41593814321095424,1.701295526653636,2.7938251027158763,0.0702,0.998306697606785,2.4885317064806203,3.7887020899736332,0.0063146393951619625
shared_incident,39,incident_stratified,0.3717331376111648,1.5695896279174744,2.780620167021809,0.0536,0.9244600033180191,3.8803589665266776,5.779461682489716,0.607018458343039
shared_incident,40,row_preserved,0.3708166349910829,1.4413502087571577,2.758298259275418,0.0474,0.9200932945915373,3.6437295063613506,6.058522008351953,0.6931145730553493
shared_incident,40,column_shuffled,0.4166692029481228,1.6739138669144333,2.8633528605749166,0.0658,1.005019715299552,2.4521905476079784,3.6451716674079324,-0.005329869223276621
shared_incident,40,incident_stratified,0.3726430483701062,1.5485963968115584,2.8373853077245563,0.0526,0.9228028262843522,3.814657040694315,5.787702667649619,0.6178083045625901
shared_incident,41,row_preserved,0.37209490589588656,1.5164298295824359,2.749317540064078,0.0508,0.9248661967306573,3.8110478112006523,6.010731238914564,0.7107775455769557
shared_incident,41,column_shuffled,0.42921987780038284,1.7062423632254147,2.769717852428121,0.0692,1.018060144011776,2.509325955141844,3.6270793631251177,0.004053486415036535
shared_incident,41,incident_stratified,0.3710735407786516,1.600658476545676,2.759085348713888,0.0552,0.9235215344111185,3.8877840870803384,5.691890296501441,0.6360059199534517
shared_incident,42,row_preserved,0.3698913110210741,1.4553478597390828,2.897230352873989,0.0478,0.9198564826574337,3.5820535249706276,6.350646705592091,0.7110519176780699
shared_incident,42,column_shuffled,0.4203631378593139,1.7172933626297235,2.962263899860986,0.0674,1.001279042007953,2.4886671070895785,3.8344611092808174,-0.00007415172455061281
shared_incident,42,incident_stratified,0.37065776759960956,1.5979872324405127,2.942606789422173,0.055,0.9213887571710095,3.8245390804481483,5.863563504600462,0.6098348468211815
shared_incident,43,row_preserved,0.36543359267989006,1.3755324202301205,2.6612871439659767,0.0436,0.9129548649262451,3.5059529651511983,5.873483589412988,0.7138819792593104
shared_incident,43,column_shuffled,0.4095958900939849,1.6062719857708616,2.7770071712815567,0.0602,0.9907580917707881,2.3751625607549407,3.632832804153807,0.006612629780641473
shared_incident,43,incident_stratified,0.3659368505167157,1.503416664300897,2.761105949324884,0.0502,0.9129851102136977,3.685995760158822,5.6749814352211665,0.6117766525896157
shared_incident,44,row_preserved,0.36810041070783417,1.3693940748220867,2.549840141417614,0.0442,0.9183325716684112,3.6091175632642924,6.035597557961223,0.7105811366240554
shared_incident,44,column_shuffled,0.4144349390469159,1.630872461460052,2.6162681540120283,0.0616,0.9913530982378072,2.4666795007732123,3.602710619457775,-0.001046946682910473
shared_incident,44,incident_stratified,0.36818733306205353,1.511251208619788,2.6162681540120283,0.0506,0.9132314876463765,3.810830785840307,5.551276019182088,0.6192370022180891
shared_incident,45,row_preserved,0.36719980145172293,1.4563847219487076,2.814970376044406,0.0488,0.9154376474377872,3.640207429460526,6.290305134040991,0.7060241283563746
shared_incident,45,column_shuffled,0.4141552965554913,1.7423505767410248,2.8498611171192496,0.0704,0.9942207176036417,2.5302656280291567,3.7156186187822744,-0.005063739775241628
shared_incident,45,incident_stratified,0.36649559772713497,1.5723291555765446,2.8298663564220963,0.054,0.9144603703109584,3.913088750405388,5.793064680924301,0.6250643255701367
shared_incident,46,row_preserved,0.3720376332033468,1.3462438168048103,2.702111804108992,0.0444,0.9254668537505413,3.455701702053237,6.087575759120213,0.6983301026277994
shared_incident,46,column_shuffled,0.4173642442095564,1.6803886981874492,2.7075478506656827,0.062,0.9955579220493367,2.4699109775226815,3.5109718968576438,-0.0009231663362214299
shared_incident,46,incident_stratified,0.37196328554657043,1.4482850286039428,2.7075478506656827,0.0476,0.9264981399291119,3.686035084524502,5.740629344819386,0.6052036964385065
shared_incident,47,row_preserved,0.367979055596308,1.402338484311864,2.6445668735896892,0.0438,0.9190832018164254,3.5332002560430125,6.12484989500129,0.6980691570560834
shared_incident,47,column_shuffled,0.413581043882174,1.6186414131323912,2.6445668735896892,0.0588,0.9927296784859926,2.417744342026241,3.587774183198934,-0.00419611569083546
shared_incident,47,incident_stratified,0.3672845265432346,1.4351291344798285,2.6243887250997693,0.0468,0.9190560739257314,3.7092593258634503,5.595750345498395,0.6259600197988324
shared_incident,48,row_preserved,0.37161987221329473,1.4709124756085221,2.6478149564475917,0.048,0.9196943798825451,3.734147045406919,6.181472600390094,0.7114798227218156
shared_incident,48,column_shuffled,0.41793396864455257,1.6998042853398414,2.7379429915615345,0.0678,0.9966842083202049,2.5017156883973493,3.5909513672380404,-0.004055981913617863
shared_incident,48,incident_stratified,0.37161987221329473,1.5732406574049955,2.718613241023052,0.055,0.9191449619068912,3.8888817613395386,5.718922923733926,0.6105361777969439
shared_incident,49,row_preserved,0.36357832417633495,1.3908259218354064,2.7284360237400778,0.0452,0.9096054131920739,3.502810177785803,6.440190036583332,0.7095039888562621
shared_incident,49,column_shuffled,0.4069629960090849,1.63190366906705,2.797906537495087,0.0622,0.9843029825255658,2.4503024097705293,3.59756149321226,0.020665754517341862
shared_incident,49,incident_stratified,0.36233822906058777,1.4521231116628532,2.7593072166669725,0.0484,0.9106881909444414,3.6642343387984893,5.813206062148931,0.6206989311736165
shared_incident,50,row_preserved,0.3720661309795389,1.4252714274817533,2.718119310863462,0.046,0.9228839851940944,3.651739090690808,6.340485648572592,0.7101862119455665
shared_incident,50,column_shuffled,0.4229316655965285,1.6834004034728127,2.9092986038288093,0.0628,1.0053855388796644,2.4938014764836134,3.8372544383102642,0.005788490769330152
shared_incident,50,incident_stratified,0.37150881029851995,1.532382219413702,2.906750250243236,0.0514,0.9216320204574739,3.8019018352464045,5.615682165216305,0.6214557650281264
shared_incident,51,row_preserved,0.36552758239606853,1.3475287885837743,2.7378557900069214,0.043,0.9094551365237022,3.465173945034361,6.2827885352350865,0.7014160869669404
shared_incident,51,column_shuffled,0.4122300103419572,1.6380511334458085,2.7566722989917922,0.0624,0.9897915654683491,2.4479492425847864,3.6427416945464075,-0.00023067576432268116
shared_incident,51,incident_stratified,0.3648879709563523,1.4675995582716375,2.7378557900069214,0.0482,0.9154574811959064,3.6278356082188994,5.647875732206825,0.6118877678055374
shared_incident,52,row_preserved,0.37079519201941075,1.402979369887257,2.779498358919815,0.045,0.9276512024766468,3.650551196187026,6.103675901965694,0.7130680468794658
shared_incident,52,column_shuffled,0.42062197733921125,1.67931605432045,2.890881995658502,0.0616,1.002315777154905,2.4771894411966757,3.8939868038566168,0.011262379819398358
shared_incident,52,incident_stratified,0.3704711036647061,1.5482226821987186,2.890881995658502,0.052,0.9232483285232264,3.8887951277961363,5.6071050865243866,0.616159394432852
shared_incident,53,row_preserved,0.37278509740709925,1.4720149649098708,2.823893474687626,0.0482,0.9242356942138144,3.6639465278474592,6.307867806587541,0.7105326385198422
shared_incident,53,column_shuffled,0.42354525559241657,1.7445789515388568,2.8753799049955124,0.0694,1.0103836745868784,2.5203899341574907,3.754521483913185,0.00461684691278185
shared_incident,53,incident_stratified,0.3746501905666011,1.615254993145052,2.8942559210382908,0.0568,0.9205711577230211,3.9054736286270275,5.872388950111651,0.6021830333294059
shared_incident,54,row_preserved,0.3712350068984117,1.345450930093158,2.652839545682309,0.0446,0.9219711485340696,3.614834023202079,6.073978941679542,0.71934651691755
shared_incident,54,column_shuffled,0.4157384138670345,1.6227848328650756,2.724627004622384,0.0622,0.9930978039268827,2.3706659611115977,3.5465278429231386,0.003391882132561724
shared_incident,54,incident_stratified,0.3723730055301387,1.5069329812297891,2.652839545682309,0.0502,0.9234715298615973,3.810187194478633,5.630630994792158,0.6389791362392353
shared_incident,55,row_preserved,0.3678180375699379,1.3877939875510534,2.870620338761894,0.0438,0.9189497072966692,3.5783986804644776,5.828707206296092,0.6958172481325892
shared_incident,55,column_shuffled,0.4123411374380278,1.6323823804267452,2.870620338761894,0.0606,0.9951193526615709,2.4238250459660517,3.753756654296702,-0.0018544124161517974
shared_incident,55,incident_stratified,0.3693220644646208,1.5194812085886609,2.870620338761894,0.051,0.9163277010011703,3.7346425484868577,5.4174872825149425,0.6027650909338714
shared_incident,56,row_preserved,0.37009768263111437,1.3842027181480057,2.8508906662167415,0.0454,0.9204372225547413,3.64572853186861,6.328506925139532,0.7033045326454963
shared_incident,56,column_shuffled,0.41693160254078265,1.6652969856720583,2.97101010377137,0.0654,0.9953060998416935,2.473280315448384,3.8110222985284437,0.0018084871294979357
shared_incident,56,incident_stratified,0.36942501868982697,1.5407203727503087,2.9407875965937165,0.0526,0.9207329969690576,3.844231048493114,5.874764224831578,0.6175550374030642
shared_incident,57,row_preserved,0.366986202585677,1.4639127800938905,2.5940663572368785,0.0488,0.9153528552459719,3.692581242631324,6.026642811704161,0.7094964268060088
shared_incident,57,column_shuffled,0.42176240002066445,1.6876850437023423,2.6666017339599675,0.0664,0.9975141434190995,2.467658263721214,3.5095602389903475,-0.007215052651147118
shared_incident,57,incident_stratified,0.3674758302574772,1.5525804832277117,2.653716793559729,0.0528,0.911229040151166,3.8248586872074495,5.539580374781908,0.6287671178783264
shared_incident,58,row_preserved,0.36782511619454283,1.4303840027527546,2.797104424685661,0.0464,0.9127992840705883,3.5884729560356705,6.301999424086931,0.719832810156377
shared_incident,58,column_shuffled,0.4165412955988503,1.7065839334038087,2.8092649346171146,0.0668,0.993770250947479,2.508711412087101,3.68108708088975,-0.000024190704724222876
shared_incident,58,incident_stratified,0.36782511619454283,1.5498585590823462,2.797104424685661,0.0528,0.914543384832317,3.8789966242554703,5.7597085710033635,0.6259846413514206
shared_incident,59,row_preserved,0.36850141309511025,1.3430555018793822,2.7345754349506723,0.043,0.9182730366821772,3.5982302161546094,6.156282518984362,0.7068794528363846
shared_incident,59,column_shuffled,0.4117590923080624,1.6766155529907887,2.7770359674983056,0.0632,0.9873393126717211,2.460277481590442,3.694784508207134,0.0030908365258569288
shared_incident,59,incident_stratified,0.3700432814784021,1.4591815887224695,2.7586737918988797,0.0482,0.9172055693854848,3.7061194649033986,5.840073820066734,0.6364459398902507
shared_incident,60,row_preserved,0.37038167279183826,1.3990684145246752,2.6354385034485177,0.0456,0.9214497043853742,3.5545747286645875,6.0094799251181,0.7022776344910052
shared_incident,60,column_shuffled,0.41583629373387826,1.6605280410259706,2.6432182540727074,0.0642,0.9945577789120004,2.424995959258149,3.6246457915798644,-0.006199823954922227
shared_incident,60,incident_stratified,0.3679665742959988,1.5143045109892617,2.6432182540727074,0.0512,0.9197543167308158,3.737778043757843,5.6062689206407565,0.6362009183381976
shared_incident,61,row_preserved,0.3725849706181221,1.3788578543089596,2.9353241370678305,0.0464,0.9246778834237541,3.6336593180786423,6.301222464207816,0.7004165183244768
shared_incident,61,column_shuffled,0.42256919541492133,1.6478145446813495,2.9993611243546656,0.0652,1.0064517016761712,2.4678029017912806,3.884000144267459,-0.008549769706172097
shared_incident,61,incident_stratified,0.37356306734524314,1.515956694857932,2.9899910339035087,0.0508,0.9250760325423655,3.7571943746534826,5.820712563934306,0.6000132289996513
shared_incident,62,row_preserved,0.3715822727281721,1.3250980007351998,2.7105520610450635,0.0432,0.9195860482675287,3.486340601368209,6.134223974026897,0.7082967013468898
shared_incident,62,column_shuffled,0.41828968210894446,1.5999922219784652,2.7520765367524875,0.0602,0.9953289757066153,2.4350314965706854,3.582861035734725,0.008214178391752003
shared_incident,62,incident_stratified,0.37300744389667706,1.4381386415701525,2.7408470635586655,0.0482,0.9229543416764678,3.685220321161885,5.642546049148213,0.5986048337242198
shared_incident,63,row_preserved,0.37185903317508406,1.4850426255563969,2.754791661073457,0.0494,0.920549793630716,3.7925202801754585,6.048845520004841,0.7177140741015958
shared_incident,63,column_shuffled,0.42034170943521887,1.6878736712242655,2.8427266282440256,0.0694,1.002704528047636,2.520020338199404,3.814034309909813,-0.0005479394549407016
shared_incident,63,incident_stratified,0.37071944855549926,1.5815007309391305,2.8427266282440256,0.0548,0.921668240829721,3.90159182036993,5.758709755939515,0.6326200033573617
shared_incident,64,row_preserved,0.3730721999725011,1.4116601906881023,2.6065344635024013,0.0448,0.9252546769244505,3.6336431899560475,6.092262014357548,0.7055552640701853
shared_incident,64,column_shuffled,0.4214974886534781,1.6157114191669155,2.692340766521616,0.0612,1.0054545644639405,2.4260532329132927,3.63735958086814,-0.004260876954661485
shared_incident,64,incident_stratified,0.3745318875675588,1.4735106711327308,2.674471122098373,0.0478,0.9263705786711536,3.7811926579542554,5.586590649744094,0.6158748046792334
shared_incident,65,row_preserved,0.3707349054577895,1.4541112200157726,2.6329069355306873,0.0472,0.923349148522057,3.660894029185481,5.964350987554537,0.7178288835489327
shared_incident,65,column_shuffled,0.4207832029047106,1.6516154528692968,2.6574246824589838,0.066,0.9985558077083287,2.4692792535276133,3.627635564390153,-0.0004287491961636576
shared_incident,65,incident_stratified,0.3720673146009734,1.5777815562544868,2.641571419021658,0.0544,0.9219297173620472,3.875657144814907,5.550634602270415,0.6351742398241025
shared_incident,66,row_preserved,0.3724283884507978,1.4242633632812491,2.7395335564240075,0.0468,0.9202872495990059,3.5986807850109708,5.902893144584997,0.710699236552398
shared_incident,66,column_shuffled,0.4170715112086895,1.6961432343102083,2.8674623561584744,0.0672,0.9968660189569372,2.47185074061282,3.686289100026656,0.0002445904564209302
shared_incident,66,incident_stratified,0.37227142041554523,1.5702435237767116,2.826160438352599,0.0524,0.918980918063232,3.792680325611844,5.687953616952118,0.6215935708504216
shared_incident,67,row_preserved,0.36749267845535527,1.44213568189393,2.813877152671709,0.047,0.9170962719033511,3.599453417396412,5.940120011090789,0.6923026792266671
shared_incident,67,column_shuffled,0.4186685617732111,1.6283530544184703,2.8763823322280744,0.062,0.9961476558804101,2.423776170055139,3.7737638186882654,-0.00223826046756437
shared_incident,67,incident_stratified,0.36772098366785894,1.48624977594753,2.8679879098527286,0.0492,0.9185021462632478,3.749665447814524,5.557220493138516,0.6134166947149978
shared_incident,68,row_preserved,0.36936505889352444,1.445528050248185,2.7546502918120566,0.0478,0.9199602719116117,3.668535744511483,6.180956760683384,0.713773456153767
shared_incident,68,column_shuffled,0.4229346252568944,1.7089452863080457,2.9105060383188897,0.0676,1.0002156561305648,2.4805819145991634,3.8667088995270076,0.00040881619582636315
shared_incident,68,incident_stratified,0.36936505889352444,1.5663463376791884,2.9105060383188897,0.055,0.9159483768463761,3.924294267701367,5.847380361963336,0.6135991070131055
shared_incident,69,row_preserved,0.36795005423284954,1.489408759524215,2.8535042813682296,0.0492,0.9139185222641599,3.784179981163626,6.453871629646679,0.7114995272891974
shared_incident,69,column_shuffled,0.4178321066536196,1.7304087298700281,2.9186030075681253,0.0696,1.001767539556969,2.559681663199741,3.98500622000663,-0.0025427664817135112
shared_incident,69,incident_stratified,0.36664287548645547,1.6043987323626352,2.889486294818449,0.0552,0.9173998397477059,3.9991674096916,5.978742007017824,0.6208676323976442
shared_incident,70,row_preserved,0.3731706663080978,1.4065100878376642,2.930556141785548,0.045,0.9210233627834943,3.6099727691212014,6.346771413719689,0.7166333455581668
shared_incident,70,column_shuffled,0.4219822388680756,1.6646468427948502,2.9407309665861314,0.063,1.001654470259925,2.4780941140226167,3.810162917647584,-0.003440994188258384
shared_incident,70,incident_stratified,0.3735767648826447,1.5048944112115443,2.9712991653441074,0.0506,0.9231098436458993,3.858623198637252,5.84514569113642,0.629808331086387
shared_incident,71,row_preserved,0.37232699927946356,1.386590377691498,2.584907904084695,0.043,0.9246083682103854,3.434303971383721,6.103835979561967,0.7148808775914143
shared_incident,71,column_shuffled,0.41570074163299175,1.6248748464926681,2.6597255488631166,0.0612,0.9952872713261849,2.421540637408262,3.5518850730947022,0.0016022422192409908
shared_incident,71,incident_stratified,0.37208435452676836,1.4850430593010633,2.632918381841529,0.0482,0.923763007788953,3.7269327686735663,5.6652648976018,0.5929202095317252
shared_incident,72,row_preserved,0.36507368502241755,1.4323126453991617,2.7167365430191905,0.0468,0.9162875040247335,3.567106864525044,5.989910043910806,0.692489571632696
shared_incident,72,column_shuffled,0.40934401165006234,1.686747588403425,2.7444314118802233,0.0646,0.9903524071958391,2.4755826743106426,3.5358947379183983,-0.0009933496279549657
shared_incident,72,incident_stratified,0.36491113593449204,1.4704983028208003,2.743369527083273,0.0484,0.9144079819747605,3.735533823024676,5.742592115782536,0.5910927113921267
shared_incident,73,row_preserved,0.3690353829024282,1.4657680595261786,2.8539933359742258,0.0486,0.9121582887161951,3.757773619811295,6.09683666617549,0.7090923520313582
shared_incident,73,column_shuffled,0.4218749204073983,1.6804333761500645,2.939357281847529,0.0656,1.0020100670735044,2.5293743736305703,3.7819429743750987,-0.004012637191484533
shared_incident,73,incident_stratified,0.36923019084650266,1.5369955278691256,2.8984457126496608,0.0524,0.9189335525149448,3.8387017603187967,5.939062092712838,0.6395889431549652
shared_incident,74,row_preserved,0.3687987157846474,1.3802463665705844,2.723421488901884,0.0444,0.9162703060851457,3.6303225233040957,6.1683785942020535,0.7073914006661358
shared_incident,74,column_shuffled,0.4173963333453571,1.66420914876502,2.8129560656138337,0.064,0.9923595723603909,2.4812459428830396,3.750479649908102,0.001043119898065711
shared_incident,74,incident_stratified,0.36851613657867477,1.4842691254077314,2.8129560656138337,0.0488,0.9163794106194283,3.797377013696758,5.782197516962936,0.6211315622722109
shared_incident,75,row_preserved,0.37071461291657315,1.362796119036969,2.720273808413886,0.0442,0.9239489236469778,3.5688498155103447,6.02743594650756,0.7086669792842932
shared_incident,75,column_shuffled,0.41952603150411993,1.6187865800960466,2.7501741325010016,0.0606,1.0006595475995947,2.425349331506724,3.6359049120225904,-0.008185375738272676
shared_incident,75,incident_stratified,0.3698478874868133,1.451828280458698,2.7356868785578707,0.0476,0.9183550153159526,3.7912028867427834,5.634452181825484,0.6252287192979654
shared_incident,76,row_preserved,0.37174537150928755,1.4071406537099294,2.779745217983313,0.0442,0.9231754708870334,3.6313806048672794,6.175892637715799,0.7156053110058206
shared_incident,76,column_shuffled,0.42138329862313617,1.6691053481211797,2.8766416091405316,0.0632,0.9994323951251646,2.5020058751411094,3.663289865641093,-0.0029880967263863673
shared_incident,76,incident_stratified,0.3712921706060802,1.4938460291020408,2.8272036419113817,0.05,0.920646784869819,3.7995497571116337,5.670749790878101,0.6075745471887765
shared_incident,77,row_preserved,0.37290379565764825,1.385228667088473,2.664726231243936,0.0456,0.9206849232525366,3.5272676722054648,6.038060317995134,0.7067778382264072
shared_incident,77,column_shuffled,0.4192153569267471,1.6521214774273318,2.739227311852712,0.0622,0.9986886695184279,2.446093286775678,3.760011596860738,0.0006442429621951044
shared_incident,77,incident_stratified,0.37259540867514,1.492794538291113,2.6931533491255553,0.0496,0.9203357422848484,3.691405592840987,5.7014467345867,0.6203026561079007
shared_incident,78,row_preserved,0.3727213360855823,1.3393526843298842,2.530171324383942,0.0436,0.9218424008824849,3.4534833981066404,5.875522604281587,0.688247497668978
shared_incident,78,column_shuffled,0.41792455876370344,1.6116042187687967,2.602966626343948,0.0594,0.9984299148837956,2.3370436583634753,3.4569000991794567,-0.012145397016946885
shared_incident,78,incident_stratified,0.3742304841605367,1.4329178269525336,2.5450428219353927,0.047,0.9214046441333217,3.6793688327480685,5.500067483053668,0.603359596021194
shared_incident,79,row_preserved,0.36941262283569243,1.4435492084681856,2.701669808991044,0.0468,0.9202818453939314,3.7367329075810787,5.839430304590636,0.7047533165341004
shared_incident,79,column_shuffled,0.4155237916015767,1.650759516406331,2.7167792102898405,0.0628,1.0000746689586895,2.4434775680509837,3.6705392912680237,-0.0027040418909553957
shared_incident,79,incident_stratified,0.3709624446613691,1.5254810099207317,2.7167792102898405,0.052,0.9116862569393768,3.7928838072512683,5.5605109573659455,0.6262986814479009
shared_incident,80,row_preserved,0.3703908046056177,1.4869498110908654,2.781038192598663,0.0498,0.9220151392836972,3.665048533149749,6.307754235152996,0.7168644274830339
shared_incident,80,column_shuffled,0.4214242890270265,1.7722050408255399,2.900964099965504,0.07,1.0046608542811735,2.5873075616941588,3.8637336518437513,0.006583817729933654
shared_incident,80,incident_stratified,0.37003537946515724,1.6219891598775495,2.900964099965504,0.0556,0.9198162270081409,3.9143614858172886,5.878341613207801,0.6171361216892804
shared_incident,81,row_preserved,0.372613467513147,1.464414868276619,2.7987428318012073,0.048,0.9204499768866548,3.733440526201923,6.109758748225641,0.7012822256487325
shared_incident,81,column_shuffled,0.420763798072651,1.6680906494190806,2.8911985286742574,0.066,0.9989925000320714,2.4680519694136356,3.924583025627025,-0.0037445326533379515
shared_incident,81,incident_stratified,0.3732100472597444,1.5194343121859188,2.8560035249947298,0.0512,0.9219875499349248,3.862658517436667,5.8268860784580045,0.616672636150404
shared_incident,82,row_preserved,0.37211621234760983,1.4572414173440889,2.651053893531373,0.047,0.9242572349783309,3.6289320042148034,6.163758582044673,0.7010220446532567
shared_incident,82,column_shuffled,0.41929252907968,1.6668336661101135,2.6969341333696715,0.0652,1.0021957791292444,2.4339903184867926,3.6720375480930283,0.005914015944640351
shared_incident,82,incident_stratified,0.37211621234760983,1.5441747153167666,2.6426450980181952,0.0522,0.9254896003703199,3.873322324689512,5.532154169623309,0.6024521014449123
shared_incident,83,row_preserved,0.36998686908792183,1.3443161710723188,2.589104605316776,0.0422,0.917416417850829,3.3648910300944417,5.7496749501289885,0.6857536908743999
shared_incident,83,column_shuffled,0.4113273166514462,1.537457089156913,2.6514358759796526,0.0536,0.9876785009339721,2.3348996860340496,3.463119050934389,0.0007701459752256331
shared_incident,83,incident_stratified,0.3697358737367245,1.4106233889082367,2.64502049306207,0.0458,0.917826776280617,3.561194585491521,5.450628646291826,0.6168678827117062
shared_incident,84,row_preserved,0.37025511811584555,1.466496791610103,2.757244614056995,0.0484,0.919315408016335,3.6762219298669385,5.984139954458473,0.7102618335810397
shared_incident,84,column_shuffled,0.4150507793041257,1.7098483101463966,2.9082642387621473,0.0648,0.9934288509810398,2.533569233104835,3.7493762663639085,0.00580967026528034
shared_incident,84,incident_stratified,0.37031053699037797,1.526016101184294,2.9082642387621473,0.0522,0.920385161776099,3.8832276700922708,5.779875045758947,0.6017678059090311
shared_incident,85,row_preserved,0.366642278966805,1.3605926481684698,2.7867798899824185,0.0434,0.9180301034516724,3.491067004878473,6.289793505342969,0.702460546259096
shared_incident,85,column_shuffled,0.4039922988286361,1.6329727618350243,2.8107487186924645,0.0596,0.9850484164815132,2.465428528256389,3.6981671255313153,-0.005937615012019653
shared_incident,85,incident_stratified,0.3655091131227315,1.4180438161414766,2.8107487186924645,0.0454,0.9176351566654823,3.6792613997493424,5.7545379850303116,0.6133186348721474
shared_incident,86,row_preserved,0.3661908090680383,1.3346940276703179,2.5669541396822013,0.042,0.9114657598740473,3.4602721951233923,5.6714646249376095,0.6985976836239914
shared_incident,86,column_shuffled,0.40649999121590874,1.5920986870692624,2.582755850166556,0.056,0.9767259327170079,2.390651733349536,3.4364132658594615,0.0006626448729377402
shared_incident,86,incident_stratified,0.3686777786521843,1.4186765826034462,2.5669541396822013,0.0444,0.9137893311498505,3.643529338380511,5.577663134002197,0.631914702323182
shared_incident,87,row_preserved,0.36924228660190717,1.3970836508633842,2.612841656745012,0.0454,0.9150875468180453,3.6347415311048366,5.988625870777504,0.7199591373489072
shared_incident,87,column_shuffled,0.4161095768568144,1.6433025536486519,2.760303718851455,0.062,0.9950920483470629,2.4202343934095203,3.6714461238558487,-0.007384001078413491
shared_incident,87,incident_stratified,0.36804325103996494,1.4904133943026732,2.688966245853797,0.0494,0.9133615086455411,3.742923119190427,5.692725641667492,0.6211058115241467
shared_incident,88,row_preserved,0.37092126796315694,1.3867911995213271,2.7270911062023666,0.0448,0.91556728904839,3.5694829572953117,6.060644921608445,0.6912711500315377
shared_incident,88,column_shuffled,0.4150366742589171,1.6542215902361028,2.7680442943295143,0.0626,0.9999067936975071,2.461126889909224,3.6758752344416816,-0.0022273100139744576
shared_incident,88,incident_stratified,0.3687650634407471,1.495713590415268,2.7680442943295143,0.0494,0.9222246813237546,3.790546910641387,5.7829079998495665,0.6041262003990797
shared_incident,89,row_preserved,0.3719675313635898,1.4623308073636145,2.720533142275443,0.0478,0.9200498276768863,3.693196816311189,6.0187895824738415,0.7002720759915709
shared_incident,89,column_shuffled,0.4161704679626448,1.7016608623159712,2.82245937256573,0.0686,1.002725342719688,2.4856594906579246,3.665415818916564,-0.008553108787085801
shared_incident,89,incident_stratified,0.3712544831862511,1.5766614778075818,2.819506065166003,0.0544,0.9195399339252731,3.894666513888583,5.7172282785047805,0.6171113302605272
shared_incident,90,row_preserved,0.37153416477604684,1.4149354727909864,2.6257156534397437,0.0456,0.9209571102475198,3.612142571002855,6.132908589059747,0.7264137645530692
shared_incident,90,column_shuffled,0.4236642313898721,1.6634462197688427,2.7014730689964,0.065,1.0030726472213254,2.457503600250651,3.5722586776784633,-0.010761296730251052
shared_incident,90,incident_stratified,0.3710286209614029,1.556029274911303,2.6671138171580546,0.0532,0.9189144125423512,3.82082060092376,5.483305096126038,0.6170785856528888
shared_incident,91,row_preserved,0.37007045986318504,1.3996832107145276,2.800971436856358,0.0458,0.9214083578688623,3.4885074731108747,6.262685623277704,0.7063942542400619
shared_incident,91,column_shuffled,0.41456075187156133,1.6260277789095272,2.9997362635470464,0.062,0.9936074058890181,2.430652381247744,3.856971131085831,-0.000762276074616358
shared_incident,91,incident_stratified,0.3692820344130943,1.4777986987466305,2.9997362635470464,0.0494,0.9209291893777721,3.767460576253409,5.869737900478507,0.6120048076029855
shared_incident,92,row_preserved,0.37096819254302094,1.3892740672192607,2.67255757472261,0.0454,0.9171108786446889,3.6133458730158017,6.330943841539695,0.715550077966105
shared_incident,92,column_shuffled,0.4175555385001388,1.6841722112470499,2.6896503212115,0.064,0.9940401365826521,2.4748492841008476,3.7018993838692547,-0.00035928937209928703
shared_incident,92,incident_stratified,0.3729898961375897,1.5385979966394645,2.6904013594093215,0.052,0.9152410523708212,3.8327627288907564,5.637536309480832,0.6233393505272993
shared_incident,93,row_preserved,0.3712142849642677,1.4712537472821758,2.8850383898479888,0.0482,0.9220861697565249,3.7375969507445364,6.566106634126205,0.7296838089711671
shared_incident,93,column_shuffled,0.4252522102913284,1.729256097914663,2.8932012260681668,0.0704,1.0156729054388678,2.5382116671132566,3.8007214588028955,-0.005860437619504745
shared_incident,93,incident_stratified,0.3715129407254146,1.5857458777531102,2.8850383898479888,0.057,0.9186002632976195,4.017912822098338,5.607712397184084,0.6149942986533277
shared_incident,94,row_preserved,0.36776067821995306,1.447103093175292,2.5571692451713375,0.048,0.9147220270999482,3.6790873748712793,5.901425750482227,0.6854833284591305
shared_incident,94,column_shuffled,0.4103716276313835,1.6343320805330153,2.5840374846840914,0.0626,0.9918966671718397,2.4233635116307193,3.6478079703944943,0.0008017654695939199
shared_incident,94,incident_stratified,0.3667619804968292,1.4742509342271144,2.5699143742269586,0.0486,0.9124244650771111,3.7474339099402627,5.529280365415019,0.6091824436398773
shared_incident,95,row_preserved,0.37253374207716655,1.5033980841833525,2.8042766223746702,0.0504,0.9203939009719928,3.783532662997677,6.121582442495195,0.7038460511100291
shared_incident,95,column_shuffled,0.4217306686778586,1.6999847036104894,2.837842961144656,0.0678,1.0106721975125237,2.5230492395026745,3.8132457976498513,-0.002954032432555152
shared_incident,95,incident_stratified,0.37192786462408434,1.5769460402013828,2.8177270537720376,0.0552,0.9181011084510596,3.937926573967723,5.854417023752756,0.6295550641249821
shared_incident,96,row_preserved,0.3688560175103784,1.3923320319588017,2.5156577419085537,0.0442,0.9218664492709754,3.4990462488906684,6.098493698642308,0.7367460058129162
shared_incident,96,column_shuffled,0.41822704620415874,1.6702798545373634,2.6009531614413084,0.0664,0.9998659311580732,2.4380062345102687,3.591825104036681,0.0016732563331213323
shared_incident,96,incident_stratified,0.3696775466748295,1.5402871315292221,2.5585730955579105,0.0516,0.919912093878765,3.802822231013482,5.478710194386137,0.6110139976708376
shared_incident,97,row_preserved,0.36529333488282467,1.2798797412217022,2.718564395975641,0.0394,0.9175182565790404,3.4044891120056633,5.910808235962576,0.6891307257871206
shared_incident,97,column_shuffled,0.40809338238915055,1.5549422318582335,2.7913693191384583,0.0548,0.9845341810427658,2.314782810758561,3.556300884475312,0.001755705871135661
shared_incident,97,incident_stratified,0.3668014629267889,1.4225591832549447,2.7913693191384583,0.045,0.9136497266052425,3.5375492524571523,5.560496071512882,0.6030500046305817
shared_incident,98,row_preserved,0.3673604349651198,1.3268243456721478,2.6486204094338146,0.04,0.9181852946901066,3.467358468963371,6.147781422731953,0.7009401560095688
shared_incident,98,column_shuffled,0.4161794254124031,1.6195115240524478,2.692477557094387,0.0596,0.9918164034214196,2.4371533381500674,3.665621293536633,-0.00302596724311508
shared_incident,98,incident_stratified,0.3693217461286245,1.4459827896701836,2.692477557094387,0.0464,0.9152806578307779,3.675261195415831,5.811948082758356,0.6062890204913771
shared_incident,99,row_preserved,0.37252884130659225,1.4911803300307838,2.9684707685046705,0.05,0.9210430052397811,3.7900664334856,6.557789134376097,0.7099010444581686
shared_incident,99,column_shuffled,0.4295069096511207,1.7690487105225146,3.0302983780426187,0.0708,1.0112819053509394,2.6228360968263833,3.963131706782202,-0.0011135139425759578
shared_incident,99,incident_stratified,0.3700561527595913,1.5946778582879895,3.029714562781207,0.0568,0.9216468363973227,3.9809624183739007,6.1182011259701055,0.6243704761453136
shared_incident,100,row_preserved,0.37306881757307286,1.5188178115860356,2.909207577255325,0.0516,0.9251463270470596,3.854974223608136,6.231400973266907,0.6993998244539331
shared_incident,100,column_shuffled,0.42779692269324465,1.6962496675090029,2.909207577255325,0.0712,1.0125306121314799,2.5307366911063296,3.8024750402256284,-0.011048373167108444
shared_incident,100,incident_stratified,0.37266828620655695,1.5676594238349102,2.859578486803138,0.0564,0.9230723374872832,3.943234052842514,6.010502823763076,0.6276033326459557
shared_incident,101,row_preserved,0.3646185805349531,1.2999337704832943,2.643836175322403,0.0398,0.9117513894041243,3.3913723202713744,6.038467468000642,0.7162751037567294
shared_incident,101,column_shuffled,0.4036139075487561,1.5798751975934853,2.6778463894804165,0.055,0.9838833692638453,2.4123319624730692,3.5100239535165274,-0.009695450593826488
shared_incident,101,incident_stratified,0.3659227983388885,1.4127895351822561,2.6640739557064554,0.0454,0.9139056575381457,3.7493826552558143,5.58553945754168,0.6204507694669106
shared_incident,102,row_preserved,0.36733221989166714,1.3953494790628307,2.6899689252063905,0.0452,0.9196594405735518,3.5726840346106505,6.164622617524875,0.7095781306353821
shared_incident,102,column_shuffled,0.41532814095541437,1.684744222863712,2.775695504992851,0.0646,0.9949296285605219,2.511884775195631,3.7182938883581524,0.001329426679174196
shared_incident,102,incident_stratified,0.3674997980102296,1.5384968154764238,2.7297467985955244,0.0514,0.9214135496661843,3.778263306913189,5.717536555253966,0.595708969981494
shared_incident,103,row_preserved,0.36803231540243997,1.4136597771494581,2.6756348433053714,0.0454,0.9228073627373352,3.610372622892098,6.187747931326677,0.7120727077797238
shared_incident,103,column_shuffled,0.4169746866143512,1.6843486448850795,2.6931064945326617,0.0646,1.003290737742753,2.450049270914879,3.567860906591597,-0.006299912966680561
shared_incident,103,incident_stratified,0.3685719925446638,1.558442106964346,2.6821215611139277,0.0524,0.9224532182257537,3.822599185239805,5.681290984967452,0.6278191738462969
shared_incident,104,row_preserved,0.3710321317676685,1.4333958045464292,2.6388236363881585,0.0458,0.9180717572725121,3.6306550074062667,6.0581307240059,0.7024786078729045
shared_incident,104,column_shuffled,0.426344692886019,1.6515505203082184,2.6689975512936024,0.0616,1.0079386976497848,2.4311270386397554,3.606373761023488,0.004719857388309948
shared_incident,104,incident_stratified,0.3727491942106455,1.5118387627554324,2.6388236363881585,0.0508,0.9237063564654133,3.8022753884947673,5.481557689654158,0.6260077603862887
shared_incident,105,row_preserved,0.3693284338094648,1.4060503436266594,2.780439327350349,0.046,0.9153452964712449,3.609154549652487,5.925679094036715,0.7127632014515796
shared_incident,105,column_shuffled,0.4167515461982139,1.6694907452848176,2.8079263052348633,0.0662,0.9944810665332798,2.444920166417352,3.6760258157726464,-0.003085297802009936
shared_incident,105,incident_stratified,0.3680565681402737,1.5079343710526807,2.805142663291331,0.0506,0.9128608521939547,3.717437547881804,5.659946987908599,0.6207418670448626
shared_incident,106,row_preserved,0.36662203645323055,1.4078343385875993,2.673545246074676,0.0456,0.9128781750128749,3.5534790537502023,6.004734917573101,0.7107237345585345
shared_incident,106,column_shuffled,0.4130600951750864,1.6632422989691464,2.690694391476499,0.0642,0.9890105413829928,2.4552870602366155,3.584843452317271,-0.0023907423219944046
shared_incident,106,incident_stratified,0.36706475210916756,1.5216820207660966,2.690694391476499,0.0514,0.9146356565202951,3.8048152849540733,5.555931164059282,0.6287685970329306
shared_incident,107,row_preserved,0.3639183061536846,1.4330440486003182,2.841712775275674,0.0468,0.9153307934405902,3.6803730742145246,6.286399379718885,0.7185238910342319
shared_incident,107,column_shuffled,0.4114355158423319,1.656311088135304,2.8695931957213725,0.0668,0.9910166631512459,2.4825360199459796,3.72755506798138,0.003635843918561426
shared_incident,107,incident_stratified,0.36362069026029975,1.5330090718138858,2.8339552062245223,0.0534,0.9092898415202892,3.8613101801075933,5.698230822470179,0.6329311118026958
shared_incident,108,row_preserved,0.3668320571396478,1.4355788708046415,2.8364717576677685,0.0472,0.918021528858324,3.6068159134909488,6.173889537262971,0.7045632994787411
shared_incident,108,column_shuffled,0.41593735917622165,1.634725971350529,2.8588479285920383,0.062,0.9961616785173928,2.4290342460902252,3.722556934419374,0.006997530900290316
shared_incident,108,incident_stratified,0.3665665405363372,1.5160578255823873,2.856689296041131,0.0514,0.9173586768032336,3.754787255977271,5.815531700088869,0.6275311439152796
shared_incident,109,row_preserved,0.37025162311691867,1.3981980646021748,2.6708123679491957,0.0442,0.9157236872803428,3.6570508464822433,5.923638214057613,0.7166971447852878
shared_incident,109,column_shuffled,0.41818135699766845,1.6730923807665745,2.7296316669646012,0.0626,0.9984990521274477,2.4606707484621815,3.577057299554591,-0.004639676751899079
shared_incident,109,incident_stratified,0.3698008664302298,1.4990286506843389,2.6856909470780534,0.05,0.9164400790108365,3.8355362701488454,5.573783436854631,0.6553259412452489
shared_incident,110,row_preserved,0.36768544652217955,1.4199627081390376,2.7888349391369602,0.045,0.917309113513217,3.5806751560416537,5.93479437289197,0.7101652137236029
shared_incident,110,column_shuffled,0.41636991790772615,1.6692491835100602,2.9007209426465703,0.0652,0.9929460197431743,2.452945634497962,3.8244359835497206,0.003157901629566454
shared_incident,110,incident_stratified,0.3677299870876277,1.5095515555939454,2.8977300853655903,0.0508,0.9199155457045454,3.7824312458537976,5.707209873376725,0.5993498834965542
shared_incident,111,row_preserved,0.36762443377959403,1.4271710813504295,2.9866613109828926,0.0464,0.9170128596000621,3.65328248977965,6.265763374743008,0.7111979622361898
shared_incident,111,column_shuffled,0.4120079585177825,1.666526676063396,3.0417428342339097,0.0648,0.9931417759474166,2.460042339981478,3.8847050359784916,-0.00040216848908691615
shared_incident,111,incident_stratified,0.3680104954381349,1.5118438861007093,3.0417428342339097,0.0508,0.9185224768186077,3.8073470756209113,5.980165992479983,0.621950468018512
shared_incident,112,row_preserved,0.36697713981459334,1.3082405783470692,2.7208588751847307,0.0408,0.9110153310118713,3.3270374069186768,6.282767489050406,0.7120295984090218
shared_incident,112,column_shuffled,0.40973516873142296,1.6600884867898689,2.7827010836972725,0.0602,0.9848400282515226,2.4309822652799604,3.630526114525287,0.01548233464454766
shared_incident,112,incident_stratified,0.36730310633510677,1.4484002135243006,2.7606374440702814,0.0472,0.9131216650782922,3.7395885906816324,5.7334464779717935,0.6099205234827548
shared_incident,113,row_preserved,0.3677738600629401,1.3717277430956143,2.6071047977766555,0.0442,0.9137967672656226,3.600260391770737,5.9864536026816495,0.7170419307792438
shared_incident,113,column_shuffled,0.42034704060719197,1.6739141675889648,2.685743212464985,0.0616,0.9949922461363528,2.4388295386206167,3.5076059877827523,-0.008604043916109612
shared_incident,113,incident_stratified,0.3670250467415315,1.4840504814822457,2.68072991233511,0.0492,0.9166736694864943,3.7776486117218404,5.476435646842969,0.6196446831870275
shared_incident,114,row_preserved,0.368279780018931,1.3231536984298706,2.586043107494103,0.0448,0.919534933691224,3.5038910041988984,6.169846889087244,0.7170347733106878
shared_incident,114,column_shuffled,0.40517239811037564,1.6769686592006685,2.698496667526422,0.0636,0.9840556479751337,2.461440575710596,3.560711829360791,0.0026983157667876765
shared_incident,114,incident_stratified,0.3683087897757934,1.4729793839111796,2.698496667526422,0.0494,0.9139312238253292,3.7465074618045016,5.772212810129787,0.6313021055936391
shared_incident,115,row_preserved,0.3659475443804312,1.396043946903721,2.6330977719489588,0.044,0.9162953530110653,3.4910540620279047,6.163012078198978,0.7197807278673284
shared_incident,115,column_shuffled,0.41106856210233467,1.6374785027703451,2.660880464879115,0.061,0.9932367551404395,2.4197567814024037,3.5653790647572645,-0.0015079257711721977
shared_incident,115,incident_stratified,0.3685480517854809,1.4483538817474628,2.6330977719489588,0.0476,0.9142209549118707,3.7160087277253564,5.59789422972098,0.6354229310022886
shared_incident,116,row_preserved,0.36917036978909346,1.4025852057800694,2.8635231184343177,0.0462,0.9180080461302246,3.544781594039172,6.254542550408168,0.7246791460948248
shared_incident,116,column_shuffled,0.41516724507575165,1.6966331140792543,2.9280563458258295,0.0664,0.9900641668528968,2.4889432076483873,3.817609910268991,0.0011717019071322409
shared_incident,116,incident_stratified,0.3693055660823867,1.5247581098049592,2.897862538059858,0.0518,0.9154476466802268,3.8364934864700517,5.803270721828983,0.6119541892451267
shared_incident,117,row_preserved,0.37350123033391636,1.5465175671267548,2.8462133736327737,0.053,0.9226874546257292,3.938375603534705,6.219871487821628,0.6972597279703754
shared_incident,117,column_shuffled,0.4290251227133782,1.7297516346799635,2.91029334413959,0.071,1.0114048025574538,2.592600487614956,3.7500099382660497,0.002418204314168508
shared_incident,117,incident_stratified,0.37347031233528705,1.5634469296779658,2.8994040401707024,0.0552,0.9263936236687019,4.016597921066425,5.908808500281487,0.6300461606275641
shared_incident,118,row_preserved,0.3682012198017594,1.4351441465487753,2.6668106887364798,0.0474,0.9163219928378117,3.741622794894792,6.307965320892484,0.7262122819923205
shared_incident,118,column_shuffled,0.4177823650534593,1.724770097848326,2.729475805155672,0.0686,0.9974945630948417,2.502742415511996,3.693821275277542,0.0003366594395831429
shared_incident,118,incident_stratified,0.3682012198017594,1.5947373896271302,2.6963955616960176,0.0554,0.9177823925138237,3.8973710783861097,5.731502678120968,0.6338988688615682
shared_incident,119,row_preserved,0.3706961071182633,1.4304458365368924,2.695875615109521,0.0474,0.9166749857116991,3.616293576084808,6.125332685908355,0.7088068372791003
shared_incident,119,column_shuffled,0.41755687918064344,1.6733336467469333,2.752161373494743,0.0662,1.0003054234704123,2.4524771383426143,3.641177708638821,-0.0029251668121742774
shared_incident,119,incident_stratified,0.37023722245946566,1.5348149277675966,2.7424635685026493,0.0516,0.9190565818469703,3.8563100558886028,5.6738661146790825,0.6278090936169072
shared_incident,120,row_preserved,0.3643224094460633,1.3245424675390656,2.729304250622925,0.0426,0.9097432509852182,3.4946061139116655,6.097514913207519,0.6994216900393475
shared_incident,120,column_shuffled,0.4113597423856846,1.614032576297914,2.7529181852757345,0.0604,0.9940766054624341,2.407876642576511,3.570492294271089,-0.0023554086063609573
shared_incident,120,incident_stratified,0.3649346455670909,1.4956195968139172,2.7529181852757345,0.0492,0.9121635336471823,3.725536660656663,5.540936290319891,0.5860608124216372
shared_incident,121,row_preserved,0.37218932985156283,1.3565974649415686,2.747720143758467,0.0414,0.9211015573183492,3.3726257887587265,5.994009317753298,0.6950450407736772
shared_incident,121,column_shuffled,0.41078826224802173,1.5536166042547914,2.7793757787423568,0.0562,0.9849357685208375,2.3457385613789903,3.5605898761360666,-0.0006846977305431938
shared_incident,121,incident_stratified,0.37076803268797265,1.4037470728507588,2.7792670100687586,0.0444,0.9151445997866992,3.592507315728314,5.407997647377885,0.6277795258744577
shared_incident,122,row_preserved,0.3673202011811265,1.4639378007166233,2.930222317052241,0.048,0.9248644407511061,3.7098574972672527,6.257992382702277,0.6772612515125568
shared_incident,122,column_shuffled,0.41986366904128347,1.7251245789514957,3.034732795327022,0.0676,1.0040991600340112,2.52193088917816,3.9593075866488094,0.0021948143041210532
shared_incident,122,incident_stratified,0.36877506222601536,1.5476780882477994,3.018670026434096,0.053,0.9210991991435543,3.8476108202040273,5.894562419180768,0.5950733885192881
shared_incident,123,row_preserved,0.36704216825296365,1.4088894419569984,2.5718778040366135,0.0444,0.9133001348153091,3.6260335467343054,6.005806226298537,0.714035741212522
shared_incident,123,column_shuffled,0.4183604047910384,1.6378989685041405,2.6245883011710855,0.0602,0.9965551522543885,2.3931185033515456,3.656694631586989,-0.0010750688110760416
shared_incident,123,incident_stratified,0.36779977335285985,1.4692307862090397,2.6245883011710855,0.0484,0.9139420609765958,3.778106961679676,5.568535593098946,0.6484483574065095
shared_incident,124,row_preserved,0.36835338090667447,1.444045003044444,2.7249272064670773,0.046,0.9141968924795476,3.671658669721979,6.191264702263698,0.721745483025427
shared_incident,124,column_shuffled,0.41711399226331947,1.6773313787515647,2.7755244167485724,0.0666,0.9994372124093589,2.5280042917190113,3.73451695702901,0.002039066493937582
shared_incident,124,incident_stratified,0.36996001024731673,1.5958546072795121,2.7755244167485724,0.0546,0.912929913097196,3.8952397026644503,5.732329395295094,0.620423113986965
shared_incident,125,row_preserved,0.3690821916998223,1.3962896025168736,2.789916962743096,0.0444,0.9204868608147277,3.5312128764679143,6.059176942604949,0.6856120088529228
shared_incident,125,column_shuffled,0.4184890206018554,1.621310893484303,2.8374859991228627,0.0596,1.0051942401404945,2.438292580731081,3.778633266174237,0.004959404531590704
shared_incident,125,incident_stratified,0.36977137651256986,1.4930010369599471,2.831646014303292,0.0496,0.9187554226734902,3.7565007606577403,5.559296251144733,0.5959121320543838
shared_incident,126,row_preserved,0.3701610188192006,1.488092294826231,2.770293979117776,0.049,0.9165316607050698,3.762214635757654,6.041165609520586,0.7023947666893634
shared_incident,126,column_shuffled,0.42410633303430806,1.693161716332061,2.7911139436370425,0.066,1.0040677997540584,2.492360810839367,3.668939148331019,-0.004413330893156275
shared_incident,126,incident_stratified,0.36880247901587304,1.5478258122661281,2.7214369004873364,0.0518,0.9205582707332071,3.8647752097748143,5.846173491602469,0.6227015836349786
shared_incident,127,row_preserved,0.36553325716336466,1.4340408002027931,2.918846499873622,0.0464,0.914563042237106,3.765987176336713,6.493719647242312,0.6908731103254487
shared_incident,127,column_shuffled,0.41410890143357326,1.7190054964253372,2.918846499873622,0.0662,0.9955049627192041,2.5266433467418756,3.838038078997062,0.004616902767406991
shared_incident,127,incident_stratified,0.36735441768401417,1.5552206298236153,2.8825409977521455,0.0536,0.9162309423800867,3.9339098464273556,5.800810787243925,0.619400219801456
shared_incident,128,row_preserved,0.3709391797370065,1.5212428188410954,2.8771869088966135,0.0516,0.924988701324684,3.7491123516874816,6.350110365559494,0.7045131630843979
shared_incident,128,column_shuffled,0.4215434226324394,1.6847745403882846,2.9682601878317456,0.07,1.0022381058553,2.536095685183791,3.9649522797304986,0.01453082687023353
shared_incident,128,incident_stratified,0.3709391797370065,1.5717790108426255,2.8771869088966135,0.0556,0.9224866746802891,3.8488903517680386,5.7933295808361045,0.6356277991820796
shared_incident,129,row_preserved,0.3698851198387543,1.4017313838805066,2.7055785565506905,0.0442,0.914788115260577,3.680213023795952,6.100935990224078,0.702326143305802
shared_incident,129,column_shuffled,0.41790025488639804,1.6084341592060531,2.7190028194616116,0.0596,1.0009415056273103,2.3935663192132113,3.649762332542821,-0.0015536421786298577
shared_incident,129,incident_stratified,0.36919558760342525,1.4952439866662683,2.7055785565506905,0.0498,0.9183168531048099,3.821644474829731,5.661916460853402,0.6182974490746664
shared_incident,130,row_preserved,0.36715180568900424,1.4160026281089677,2.751371710889473,0.0474,0.9133998107140711,3.62452277874769,6.0853893527278995,0.7140409388395055
shared_incident,130,column_shuffled,0.4139836190841305,1.687333057367775,2.8359139114448313,0.0658,0.997880453700391,2.490388731092194,3.732273810218067,0.00105886101575628
shared_incident,130,incident_stratified,0.3657880022861856,1.5044594953780117,2.8359139114448313,0.0502,0.9155043793776332,3.817094037236417,5.852670067573605,0.6162580613715598
shared_incident,131,row_preserved,0.37058709127081746,1.424672952347601,2.7588412848941113,0.0466,0.9140399826430116,3.5984375214781186,6.309913718381445,0.716120831097705
shared_incident,131,column_shuffled,0.4166628473104147,1.6979013802468885,2.7826533823593556,0.0632,0.998063859920393,2.5205595888868495,3.722652064783494,0.004757188062983103
shared_incident,131,incident_stratified,0.37111573923730884,1.4931362694194477,2.7821381839978376,0.0498,0.9221569537904224,3.846429475632831,5.577663526924345,0.6181279728345191
shared_incident,132,row_preserved,0.36926842165126106,1.3041271015900266,2.638417644731432,0.0392,0.9236519351960156,3.3972994921748,5.736859761442944,0.7003737264513136
shared_incident,132,column_shuffled,0.4131307161915223,1.5318503250054087,2.6761774515506978,0.0532,0.9911580554419237,2.320575000428277,3.718353446440601,0.00801831945748958
shared_incident,132,incident_stratified,0.3713225981268278,1.402392644181675,2.6549733887988713,0.0446,0.9185610336038703,3.6409196775185038,5.390635673929966,0.6142389437892909
shared_incident,133,row_preserved,0.37508680540442974,1.4596935506588349,2.7447624858583,0.0482,0.9278721315826257,3.9116272006832293,6.292697796517829,0.7251738806297624
shared_incident,133,column_shuffled,0.42764995433750397,1.722505601766116,2.749861246080672,0.0684,1.0160648920962876,2.545242092786018,3.696752813540265,-0.0009061957032160897
shared_incident,133,incident_stratified,0.3739689326762607,1.5706561577555884,2.7478387673052684,0.0548,0.9269051123671058,4.023661411926211,5.678573333426399,0.6383849695739193
shared_incident,134,row_preserved,0.3705970537584235,1.464294267590513,2.69853527417102,0.0486,0.9259237699089237,3.732102820297948,6.256424047392334,0.7089274488875422
shared_incident,134,column_shuffled,0.41700050318665555,1.6736518468532484,2.763424238899905,0.0676,0.9991370296405915,2.508762116300579,3.6094762197170986,-0.004109100771104906
shared_incident,134,incident_stratified,0.372575907688408,1.5839624543158655,2.7595002418617494,0.0528,0.9268129685464352,3.944650673911279,5.696596526733087,0.623112504674678
shared_incident,135,row_preserved,0.37343818062920997,1.4215157868144666,2.828610267962456,0.046,0.9248219695368813,3.4899270330733314,5.892041569833902,0.702070434634065
shared_incident,135,column_shuffled,0.4200009125755113,1.633908069583476,2.918717555549046,0.062,0.9989249513318115,2.41425160455911,3.7215407278402703,-0.0014290054651059328
shared_incident,135,incident_stratified,0.3740740658761036,1.4932427726830741,2.9601581057439157,0.0496,0.9250431041515279,3.690014888907273,5.744562912647069,0.6209733898596455
shared_incident,136,row_preserved,0.3690655348820169,1.3472731873749966,2.569544564010529,0.041,0.9182371211084154,3.3899724536005005,5.694021649418431,0.6913599423165387
shared_incident,136,column_shuffled,0.41324929715499337,1.5505179967438647,2.694443431779869,0.0552,0.9915836419150666,2.3710923539337783,3.4780413498729064,-0.007044921970043586
shared_incident,136,incident_stratified,0.37018513009254767,1.4068736495491894,2.6686287987530815,0.0454,0.921470052623224,3.631183318808584,5.547774977876875,0.614932718173339
shared_incident,137,row_preserved,0.3647330823308061,1.3125067972494056,2.5473495399674793,0.0414,0.9127951504776209,3.3115266924580293,5.674081510558036,0.7007674588076739
shared_incident,137,column_shuffled,0.4093372991342226,1.5840331682184583,2.599471191212099,0.0566,0.9825866563016085,2.360348863868671,3.4493002851638987,0.0030912970372023937
shared_incident,137,incident_stratified,0.3648149916117876,1.4170169894764175,2.599471191212099,0.0452,0.9118142919222998,3.5525114645764337,5.328976683423973,0.6321963633501492
shared_incident,138,row_preserved,0.3671043930727793,1.5211853717853543,2.7848417298277046,0.0512,0.9173843084272528,3.824856653633628,6.289982295323864,0.7085408191481536
shared_incident,138,column_shuffled,0.42043806246425175,1.7419862004504043,2.840259328981684,0.072,1.0083110449149453,2.5496100812479012,3.746960883626635,-0.0020468090414647983
shared_incident,138,incident_stratified,0.3685227853890292,1.5829418194237834,2.8092710532347143,0.056,0.9176790718101802,3.9392156087344796,5.888072287863481,0.6058179739443772
shared_incident,139,row_preserved,0.36864415072395074,1.4826434271795683,2.9292590076322282,0.049,0.9168254322057783,3.800724721674351,6.393952538261104,0.712790851186675
shared_incident,139,column_shuffled,0.4173161653963706,1.7489067166156331,2.953015306524667,0.071,1.0091719274908186,2.534416506060002,3.992602879281529,-0.002908555549267986
shared_incident,139,incident_stratified,0.36892680909700015,1.588610202125134,2.953015306524667,0.0552,0.9145050691611173,3.9419530661436903,5.966812182168869,0.6178989091324892
shared_incident,140,row_preserved,0.3705950336024041,1.4196938579117566,2.736569727370207,0.0468,0.9150198348070364,3.598319457301394,6.050542929461457,0.7316693379082934
shared_incident,140,column_shuffled,0.41632854988274903,1.7245471608667846,2.8141948553006526,0.0674,0.997233159937011,2.4558700440116246,3.626599700959635,-0.007272980646760408
shared_incident,140,incident_stratified,0.36969113257354486,1.5451997567067068,2.8141948553006526,0.0522,0.921828118038753,3.8067816912688226,5.869879713503964,0.6216027889616872
shared_incident,141,row_preserved,0.3667261291109039,1.4222160343037786,2.6496766757931614,0.047,0.9148395772720128,3.7406608877964733,6.01870170016983,0.7272208645309347
shared_incident,141,column_shuffled,0.41659855284572345,1.6922078298336265,2.6844030809342034,0.0668,0.9964395811235562,2.4768984398428366,3.554202033518241,-0.0033779281066176384
shared_incident,141,incident_stratified,0.36729780190867856,1.532770571067726,2.6776031164038123,0.053,0.9156420676286167,3.87130386374527,5.800146929674198,0.6347589948489998
shared_incident,142,row_preserved,0.37195616533432363,1.397054960947559,2.7039959390543356,0.0468,0.919300044209765,3.630158309625664,5.933267222061042,0.6964616339676205
shared_incident,142,column_shuffled,0.41830196418830146,1.6480868078002988,2.7097438210219194,0.0634,1.0006049870236264,2.4048281932667965,3.6588105997362925,-0.005427705465616629
shared_incident,142,incident_stratified,0.3701493061699579,1.4996432887907845,2.7039959390543356,0.05,0.9205406460442862,3.7192252763978373,5.6784626315509135,0.6367988792065779
shared_incident,143,row_preserved,0.37503170219981186,1.4287584803306783,2.644976034310687,0.0464,0.9269650729685339,3.6261451282738335,6.138474045484413,0.6931656058279265
shared_incident,143,column_shuffled,0.42300800525301285,1.6899125147168417,2.6843507332884693,0.0644,1.0016798844472325,2.4908517992599135,3.774440683641885,0.017142852605032816
shared_incident,143,incident_stratified,0.37440318950279283,1.5425893279796545,2.675507587141622,0.0526,0.9261968070575821,3.746598177493165,5.674228725294662,0.6071677220977065
shared_incident,144,row_preserved,0.37230622253790524,1.4052661878874004,2.6815617530486713,0.0464,0.924760511230703,3.4781463714538607,5.811088228669093,0.6922982814088239
shared_incident,144,column_shuffled,0.41811599868779586,1.6934245620559296,2.7661166054101756,0.063,0.9938390020126584,2.4256142871554296,3.6104524735588335,0.0004138538082957964
shared_incident,144,incident_stratified,0.3712269794300752,1.4725195540306641,2.744959763173737,0.0482,0.9222409935889536,3.6512039568053662,5.62419628267165,0.5956575550047084
shared_incident,145,row_preserved,0.37766977756136344,1.4530608827537128,2.677604387824154,0.0472,0.9265969455047687,3.6645640300108324,6.018304598552995,0.7042570817928574
shared_incident,145,column_shuffled,0.42608723677977395,1.6838188898470026,2.7378941678346003,0.0646,1.01046226769224,2.4881994834745442,3.531330618491991,-0.005419121012083406
shared_incident,145,incident_stratified,0.3758899746204568,1.5290367190466063,2.693888555256636,0.0514,0.9277144089841656,3.7761612513260285,5.702179258120108,0.6270643493628917
shared_incident,146,row_preserved,0.3701745393386517,1.2961663898162263,2.567462200545515,0.0392,0.9157888355832308,3.2599762172437465,5.792260188382641,0.6927822086264231
shared_incident,146,column_shuffled,0.41770790229713617,1.5595478911063365,2.6071710850042367,0.055,0.9887127022127248,2.292236943207093,3.3718762026624414,-0.012051709648874075
shared_incident,146,incident_stratified,0.3680434024056022,1.4101296326254216,2.5946697672964465,0.0456,0.9169664645152998,3.575997667441981,5.290806162848339,0.6052245953553902
shared_incident,147,row_preserved,0.37030507244426697,1.4141216207603307,2.794852194671129,0.0464,0.9170657801566001,3.7162938658415032,6.29162516694687,0.7139995699493643
shared_incident,147,column_shuffled,0.4153071566173848,1.704227520398079,2.924449346964101,0.0644,0.9953224555618061,2.462030584778942,3.877572582252068,0.005932640683664784
shared_incident,147,incident_stratified,0.3715752974197022,1.528631572283585,2.9049263110446715,0.0508,0.9165111384030802,3.8437162303844223,5.7889648590505525,0.6203191948378801
shared_incident,148,row_preserved,0.3717967790874117,1.4221979808234257,2.7264883593165754,0.046,0.9204102462005679,3.6356271666015703,6.208854704668747,0.7051335929726853
shared_incident,148,column_shuffled,0.4156493308119927,1.688448226310357,2.750062339882471,0.0656,0.9955150477910222,2.510186908651869,3.663311277323197,-0.0055427056757562715
shared_incident,148,incident_stratified,0.3699116817245044,1.5641664081615796,2.750062339882471,0.0532,0.9201133931757455,3.784495793611249,5.665981528031374,0.6201713369439327
shared_incident,149,row_preserved,0.3699454160739001,1.4677745547938237,2.83117799875172,0.048,0.9206719066143729,3.686884516230571,6.160457000205369,0.6983471100295989
shared_incident,149,column_shuffled,0.41747957446398065,1.6611002695927708,2.8659073882400943,0.0658,0.9985929639725918,2.5184708101753666,3.7673242186403972,0.003668732420085892
shared_incident,149,incident_stratified,0.3699561188822939,1.5031657143062243,2.850315250314825,0.0506,0.9172019173398913,3.88963739675002,5.91783122234236,0.6446580916961067
shared_incident,150,row_preserved,0.3721031968884778,1.3359463200334525,2.5939215283985666,0.0432,0.919800752731524,3.448383492743852,5.84702652111627,0.6914841727019462
shared_incident,150,column_shuffled,0.41697805657512554,1.6052849295821496,2.616067626480448,0.0588,0.9974280182014333,2.3690125157709754,3.647933768835331,0.01171995450526495
shared_incident,150,incident_stratified,0.3721731691042368,1.4366040364458728,2.6109932616150346,0.0472,0.9205247128177956,3.6778305573471775,5.487643385453532,0.608361470892682
shared_incident,151,row_preserved,0.3681939767443009,1.4949903941451625,2.7696940035767543,0.0496,0.9166823261503273,3.805491758265279,6.244619517984473,0.7014538332342805
shared_incident,151,column_shuffled,0.4189645298008103,1.7162848665577013,2.829312243592776,0.0704,1.0016891086660678,2.4698903980255342,3.7396046384046895,-0.009050824639043054
shared_incident,151,incident_stratified,0.36805676098049966,1.5490230757861227,2.782802674359889,0.0538,0.9204887221837751,3.846899920873404,5.848298391767096,0.6253351512430859
shared_incident,152,row_preserved,0.3693497061801563,1.3394996900432992,2.57335457637683,0.0446,0.9170009274338177,3.5755835222299797,5.7531835560058315,0.6886635118613144
shared_incident,152,column_shuffled,0.41806419084405183,1.6336625094167392,2.64307700470006,0.06,1.0000990956606257,2.4140263673516245,3.5129003085326076,0.0011447228577714204
shared_incident,152,incident_stratified,0.36902556772925466,1.4651803109068506,2.643055564387825,0.0492,0.9176252086171853,3.7152496771575017,5.473737182914501,0.6304295195586204
shared_incident,153,row_preserved,0.3751230787017936,1.357270013484696,2.6837615849681367,0.044,0.9265751545336987,3.5280469001889276,5.866971877959566,0.7049976338943904
shared_incident,153,column_shuffled,0.4189304655309296,1.6169498375016684,2.7915589046022284,0.0606,0.9993594263620595,2.407348685926546,3.6112467644299002,-0.0002572524812584675
shared_incident,153,incident_stratified,0.3732470015686896,1.4820819650796764,2.7056908968960656,0.0486,0.9284594107775332,3.680426837575324,5.587512589474939,0.6104273818960426
shared_incident,154,row_preserved,0.3681657717281881,1.4976246895674232,2.7520872964305134,0.05,0.9200294374482472,3.7847519154919427,6.160858959204316,0.7050677401506964
shared_incident,154,column_shuffled,0.41911079891497194,1.7241653386374367,2.782994595096138,0.0698,1.0078894276776422,2.514273290816246,3.8207662727878455,0.0024899596346066736
shared_incident,154,incident_stratified,0.36959015215887486,1.5939198830824475,2.764510138006982,0.054,0.9192151335273009,3.899509259731948,5.8565657619781994,0.6340413823884847
shared_incident,155,row_preserved,0.37180292256252234,1.4153927192440294,2.833904692424989,0.0446,0.9170508583790961,3.5503413026128716,6.1896802515767995,0.725186045681174
shared_incident,155,column_shuffled,0.4179897570053702,1.6616690766631252,2.8673761720879463,0.0652,0.9996282021940099,2.458140803453247,3.694773789418579,0.0022963599759263033
shared_incident,155,incident_stratified,0.3699901273942686,1.5263445173061077,2.8673761720879463,0.0518,0.9205932594678764,3.766095240503166,5.633615864584233,0.6106764851472645
shared_incident,156,row_preserved,0.3716941000888415,1.53885491866862,2.757606445296084,0.0518,0.917759000756019,3.8500416095704226,6.119101852599443,0.7214482719493037
shared_incident,156,column_shuffled,0.4184762784239017,1.700261181913689,2.7872729182493434,0.0698,0.9990245411455788,2.518434058004516,3.655777131166222,-0.0002725893683082059
shared_incident,156,incident_stratified,0.3713007984517012,1.5602683211433446,2.7872729182493434,0.0544,0.9202798203672529,4.031777553446096,5.83840514155448,0.6382124531881453
shared_incident,157,row_preserved,0.36917312935472785,1.4279255514501603,2.6824681210847796,0.0466,0.9146538725080586,3.615799450806694,6.0308360418930285,0.706307795324093
shared_incident,157,column_shuffled,0.41752630580648,1.720789938404388,2.725725278557094,0.0678,0.9972263406679087,2.5002618488410904,3.6086432662649632,0.0016165743474243356
shared_incident,157,incident_stratified,0.3661735608470873,1.5680477302267264,2.716232955647738,0.0532,0.9138963583770541,3.833058857076165,5.518086681415607,0.6306701478953186
shared_incident,158,row_preserved,0.37098738054858443,1.4372589225490873,2.700251125251227,0.0464,0.9192596934595016,3.6163356661581667,5.929945746530283,0.7001336259673456
shared_incident,158,column_shuffled,0.41823968138733886,1.6259216326901804,2.757627733259152,0.062,0.9993965230689248,2.4907710601428903,3.669172067333063,0.0007913913955023416
shared_incident,158,incident_stratified,0.37048223646690115,1.4861386402605792,2.7160781356557178,0.0492,0.921021319844896,3.8029426517029004,5.6101414898064,0.6306842766563366
shared_incident,159,row_preserved,0.3688288328296647,1.435405065310042,2.7742649451531114,0.047,0.9205284724641163,3.6916089731497017,6.282710611664308,0.7092663317998973
shared_incident,159,column_shuffled,0.4210504285534729,1.6988104789923477,2.839956817563257,0.0672,1.0082348768516212,2.488214385469484,3.850461920497702,0.006924788337008988
shared_incident,159,incident_stratified,0.36882695126494347,1.5281177631124736,2.8305958635172295,0.0516,0.9241274717064027,3.8979290786402885,5.800608788741476,0.613336866685773
shared_incident,160,row_preserved,0.3708686404921609,1.4632997529367542,2.865120444870067,0.0476,0.9198492904034888,3.6870311950686263,6.04310983439511,0.6922939872781925
shared_incident,160,column_shuffled,0.42149614759431236,1.7010450551037324,2.885878691430929,0.0668,1.0104286549067014,2.526246248928122,3.7277262785949072,-0.0031378325048161577
shared_incident,160,incident_stratified,0.3704974843492317,1.5670447448605047,2.878878813001835,0.0528,0.9221026469535778,3.941801654033691,5.690967906153828,0.6157261913624754
shared_incident,161,row_preserved,0.36833835804556825,1.4177343746004938,2.790522429198738,0.0464,0.916179848092223,3.5570947240659203,5.934959126853792,0.7074755318250068
shared_incident,161,column_shuffled,0.41483202952848375,1.6129706888439241,2.8081024279225892,0.0608,0.9933535376538773,2.4133236903151722,3.624155205861789,-0.0025724638755262636
shared_incident,161,incident_stratified,0.36903091346867123,1.5308558625389646,2.8081024279225892,0.0522,0.9163671294484166,3.7826229489218575,5.45624475547303,0.6201269710097176
shared_incident,162,row_preserved,0.36940298512056846,1.3840586601197256,2.660149229883703,0.0438,0.9196977668818839,3.5593126476846435,6.1067220751140185,0.7043862029197839
shared_incident,162,column_shuffled,0.42001612063976634,1.6156388175764795,2.7094332487683164,0.0598,0.9938585906256855,2.4192760840106455,3.5776066676924057,-0.0003502288986074158
shared_incident,162,incident_stratified,0.3706506798986966,1.436896610910969,2.703599407452363,0.0466,0.9199011399944094,3.7650729545193435,5.722643360860177,0.626429408364253
shared_incident,163,row_preserved,0.37317412203536776,1.3780842494849395,2.6936013216943464,0.0446,0.92575619224079,3.5931675488539794,5.972086623266128,0.6964307179027788
shared_incident,163,column_shuffled,0.4237477303766833,1.6143660625637615,2.7930845298699993,0.0624,1.0046203364774315,2.3951628409930605,3.542716378373975,-0.006181048852300647
shared_incident,163,incident_stratified,0.37250316651618126,1.4821450095965518,2.73118667751918,0.049,0.9217203896544043,3.6882544644140123,5.5314880623177665,0.6271451084030283
shared_incident,164,row_preserved,0.37236466380741684,1.4564912055725447,2.971425854987317,0.048,0.9249234148332598,3.7495925497965246,6.353111011073521,0.7129409419742192
shared_incident,164,column_shuffled,0.42020196095003637,1.6804292947496693,3.0368053000991266,0.0692,0.9987683173126002,2.5153096855162533,3.785902668780622,-0.0055513231298468385
shared_incident,164,incident_stratified,0.3732842587273457,1.5258260113001005,2.9737227168098364,0.0522,0.9226226495833362,3.9324884623556016,5.783976266586368,0.6221660405967878
shared_incident,165,row_preserved,0.36713816713244907,1.343619087151658,2.7581166163775124,0.0424,0.9128863590665887,3.4348097365683583,6.370340014106506,0.7197091092802723
shared_incident,165,column_shuffled,0.4077407295380069,1.6565063178211403,2.8191202355966163,0.0634,0.9764976201942903,2.454816736101154,3.6665337511959417,0.003846883414710591
shared_incident,165,incident_stratified,0.36766168723214554,1.4814313783401503,2.762058756523294,0.0486,0.9187606644231043,3.712866456478065,5.743070191467521,0.631112462211799
shared_incident,166,row_preserved,0.366631581551527,1.415165715137334,2.7453409567340064,0.0434,0.9158815243035769,3.6133985572340066,5.932565018243528,0.7145448503459151
shared_incident,166,column_shuffled,0.41328903200877065,1.6193865319630303,2.7910055709490047,0.0618,0.9947582679608482,2.4296602163399665,3.6533256143597876,-0.002130163471692053
shared_incident,166,incident_stratified,0.36674223548406726,1.477110888119514,2.7910055709490047,0.0486,0.9176676147245753,3.7857740766037455,5.653884402348711,0.6308263039347083
shared_incident,167,row_preserved,0.37257091305546763,1.4295288692601802,2.7973276870167023,0.0478,0.9264190872350951,3.6168746593695715,6.151959882232884,0.6969643134343517
shared_incident,167,column_shuffled,0.4198431203166133,1.6846277779645775,2.8069526679989774,0.067,1.0071146870740235,2.520189319577695,3.7294716526189626,-0.0006728218685590932
shared_incident,167,incident_stratified,0.3718406395590589,1.5596229623012934,2.8069526679989774,0.0546,0.925956944397732,3.8867860065191304,5.650608326932783,0.6020510716200277
shared_incident,168,row_preserved,0.3733782986132793,1.4092684551800165,2.6694144878407498,0.0454,0.920919803201538,3.625152580339294,6.1369927742926045,0.716889053428439
shared_incident,168,column_shuffled,0.41850287704088973,1.7171394230376935,2.709996868193533,0.067,1.0037421811984855,2.499326693983292,3.6397720298642517,-0.0059641286964007756
shared_incident,168,incident_stratified,0.3733782986132793,1.5207643688202808,2.688920334859388,0.0512,0.9246406170684337,3.782623524968053,5.76168487509811,0.6262103937982436
shared_incident,169,row_preserved,0.37066487118829805,1.3808643223054726,2.865564330809287,0.045,0.9213312139784064,3.548025535935655,6.332849705220841,0.7152459534634437
shared_incident,169,column_shuffled,0.41283017444571407,1.6546677556119183,2.8706526354966573,0.0642,0.9989294264761824,2.488597104895857,3.8028080345251505,0.0005289532951543351
shared_incident,169,incident_stratified,0.3706104452049551,1.492278248712013,2.865564330809287,0.0496,0.9261330841519466,3.7179992221347185,5.85949633708567,0.6190785077935947
shared_incident,170,row_preserved,0.369291649711484,1.4026217289881313,2.8000265017344406,0.0466,0.9184570341962801,3.5504259860244893,6.106056573529201,0.6944866456392176
shared_incident,170,column_shuffled,0.4155539584467432,1.6709520418307577,2.751584587288523,0.0648,0.9908460445113255,2.453522377657911,3.7930886420910497,0.01044716472819405
shared_incident,170,incident_stratified,0.3697244155150534,1.523420026618241,2.697465313775396,0.052,0.9194184155903908,3.789352527032328,5.614914018333899,0.6165206230341175
shared_incident,171,row_preserved,0.37082386498721454,1.375864556448709,2.8023603947238995,0.0432,0.9219841343899855,3.4895629560307118,6.123987902385384,0.6903382023738532
shared_incident,171,column_shuffled,0.41506504737060046,1.6063438810614812,2.8305139969477167,0.0586,1.0028855842410067,2.420899462799932,3.6318143446357154,-0.00363644202846399
shared_incident,171,incident_stratified,0.3711903257481691,1.4570201882655194,2.811995041330072,0.0484,0.9196114016063708,3.6449922614699,5.5629219237547325,0.5986867066865905
shared_incident,172,row_preserved,0.372365964747899,1.4036474774824232,2.812371331084825,0.0454,0.9228427994431919,3.5962457077734578,6.167925388078863,0.6996864405411699
shared_incident,172,column_shuffled,0.4183479344753855,1.668381588988702,2.837047272153912,0.0634,0.9996071524005162,2.474574159476675,3.7403853063267074,0.0007813096441680184
shared_incident,172,incident_stratified,0.3712105228266377,1.4908874162772394,2.812371331084825,0.0492,0.9225814453902548,3.8322129190924814,5.7792771914881005,0.6099903602682268
shared_incident,173,row_preserved,0.36948732842840704,1.402419682347728,2.9706579043417967,0.0432,0.9161763313914584,3.628000022046302,6.455841861831212,0.7049847260676705
shared_incident,173,column_shuffled,0.4144637959010602,1.6888720792258776,2.971337947112492,0.0636,0.9914943908563407,2.5440318426445105,3.8458509503261897,0.0012396137709073793
shared_incident,173,incident_stratified,0.3701101594779952,1.5036337277004013,2.9706579043417967,0.0508,0.9145851146519567,3.892983736248009,5.768320331842963,0.6142604313953308
shared_incident,174,row_preserved,0.3696905070248697,1.4970836518560964,2.816693119645937,0.0498,0.9161897551411441,3.765474941520484,6.815549310634642,0.7261264507510911
shared_incident,174,column_shuffled,0.42089497439285656,1.7745102294284487,3.033434849259794,0.0718,0.9996518490899031,2.5983968629497056,3.9433853922223836,0.000638094599053156
shared_incident,174,incident_stratified,0.3728915754690507,1.598145703444973,2.9761217507676787,0.057,0.9168918992422694,3.9680399389512253,6.090394900133687,0.6305561686205771
shared_incident,175,row_preserved,0.3718896199390236,1.3813479939585958,2.708480447806417,0.0432,0.916051262750109,3.5095372702380967,6.00010645973009,0.6897236639408102
shared_incident,175,column_shuffled,0.4160209606960724,1.6078353180091876,2.800851037661003,0.0582,0.9960861238228649,2.3979734116033673,3.6139330157207876,-0.008471817469416726
shared_incident,175,incident_stratified,0.37179471051423363,1.4571352181780421,2.7105380428240244,0.047,0.9200574819641012,3.6377917583492083,5.666028897341459,0.6051134645204315
shared_incident,176,row_preserved,0.37158631240811935,1.3970517372902653,2.671498999201941,0.0446,0.9231984755241849,3.6531209498616666,6.213360001688095,0.7069958931370725
shared_incident,176,column_shuffled,0.41608015187486747,1.6794564053977548,2.699554358068343,0.0616,1.0030681107833823,2.4767993734005755,3.749360362127672,-0.0022222473605267037
shared_incident,176,incident_stratified,0.3696643574077027,1.4865923334017628,2.683338015643495,0.0494,0.9252580272986821,3.7651113283420203,5.884080867597234,0.6241494146757627
shared_incident,177,row_preserved,0.37194305307464637,1.3488353565174787,2.621173966716965,0.0426,0.9209997975411375,3.349471009777346,5.993249609305854,0.6902640729802424
shared_incident,177,column_shuffled,0.41638492764655155,1.626042530675889,2.6718445964977877,0.061,0.9931273386419375,2.406198163707053,3.623818378298745,-0.004242672497010835
shared_incident,177,incident_stratified,0.3723261226642001,1.4655026684606038,2.6579877577441153,0.0484,0.9226689919416264,3.6378755474178615,5.653737265520563,0.5902988695897563
shared_incident,178,row_preserved,0.3685837393048832,1.3767057983244493,2.6646523116261194,0.0452,0.9153159738128734,3.5203753491269696,5.889995608148108,0.7035809024288814
shared_incident,178,column_shuffled,0.4158037942661752,1.597864552862457,2.686165448432815,0.0596,0.9956946704589604,2.3543994916451028,3.632526672455822,0.0003480161469081866
shared_incident,178,incident_stratified,0.3696546743794562,1.4759991898344496,2.6878973596452562,0.049,0.9114013394734422,3.715077519274797,5.423129114636021,0.6221441537379927
shared_incident,179,row_preserved,0.37428792080309214,1.4665042151572663,2.6620298797569206,0.0472,0.9229023293841212,3.7361797692909517,5.882266339333164,0.719402700159201
shared_incident,179,column_shuffled,0.42276312907222613,1.685492737567848,2.7425194976051572,0.0646,1.0094978802056085,2.498255545287195,3.7557978120000035,0.0007033379888088522
shared_incident,179,incident_stratified,0.37395225387876974,1.5282464355997991,2.739691796887247,0.0526,0.9246075060345327,3.945630114118819,5.61695710489967,0.6232820007345263
shared_incident,180,row_preserved,0.37805075884310474,1.4496110895456822,2.9258398410795903,0.0476,0.9237252843062604,3.705442347575177,6.385357743102448,0.722571068250649
shared_incident,180,column_shuffled,0.42813128273309053,1.7032505677093597,2.9389965273511165,0.0672,1.016068530444279,2.5090417250166532,3.823364359047458,-0.0013028004378189157
shared_incident,180,incident_stratified,0.37711805792306524,1.561569008803418,2.9389965273511165,0.0536,0.9250541631781548,3.9291505037308854,5.834350397391989,0.6244625549892698
shared_incident,181,row_preserved,0.3698645995682049,1.2652368677980286,2.760128274607411,0.0392,0.9151239861425613,3.3122282773613385,6.309974316460183,0.6970052919504365
shared_incident,181,column_shuffled,0.413137728971418,1.627114429542996,2.811558439182871,0.0588,0.9861359182259702,2.387285032796758,3.728799706810118,-0.000025691939824643597
shared_incident,181,incident_stratified,0.36907910388797993,1.4204766258996422,2.7970579211454174,0.0466,0.9137656754559476,3.6632806727544507,5.730947668491757,0.5943073985537412
shared_incident,182,row_preserved,0.36968405303617613,1.4877458590894197,2.839338710508283,0.0498,0.9191012917491188,3.829871258267213,6.131832655187015,0.7133389191917399
shared_incident,182,column_shuffled,0.42086904609137177,1.7298446224094064,2.885112490868911,0.067,1.0034854044719732,2.5245507155881253,3.7273641626030316,-0.004470526994251132
shared_incident,182,incident_stratified,0.37290842516144285,1.5942674883079815,2.885112490868911,0.0536,0.9181523933049772,3.9858798335323495,5.883030671914021,0.6362213539001529
shared_incident,183,row_preserved,0.36643867813092273,1.4421982108769404,2.5928396388577464,0.0474,0.9134757245186449,3.589491339048366,6.114502637628658,0.7073186803815331
shared_incident,183,column_shuffled,0.4121162321857816,1.668637521633471,2.6793733929172228,0.0658,0.988651944166908,2.4951971696145057,3.6315932903068697,-0.000635551712425394
shared_incident,183,incident_stratified,0.3678274567409553,1.494815636121591,2.6259982646336564,0.0498,0.9110222935112728,3.7100719934329485,5.703751044377487,0.6248577276921482
shared_incident,184,row_preserved,0.36484498088832573,1.4128446208997343,2.7406751303353,0.0456,0.9143500690162714,3.5976530578089707,6.2463907750605605,0.700607538427681
shared_incident,184,column_shuffled,0.41601371844411905,1.6349027013285677,2.796797971105167,0.0622,1.0004466935895928,2.4453030341860833,3.8498737910549297,0.007843131330996744
shared_incident,184,incident_stratified,0.3660132942593599,1.4926825326721906,2.7950690613106755,0.0498,0.9130515208332388,3.77919392046612,5.740210969262879,0.6188148229064594
shared_incident,185,row_preserved,0.3682908649183404,1.251074239911988,2.5819619703004477,0.0358,0.9119767884281492,3.2317988304648138,5.7103630611905025,0.6845431589216834
shared_incident,185,column_shuffled,0.41047447486948163,1.4963777873748023,2.6985212677004586,0.0498,0.9836023215634808,2.2933964985476214,3.4698856314001385,0.0011777879930827077
shared_incident,185,incident_stratified,0.36952676573016796,1.2975878127108844,2.647218215393993,0.0392,0.9159752771113107,3.4011709740563183,5.43282308582595,0.5960496009440513
shared_incident,186,row_preserved,0.36833657349598814,1.4390424968572513,2.8233182731057673,0.046,0.9203702643839411,3.6497521848530043,6.077369079793122,0.71562138016311
shared_incident,186,column_shuffled,0.415802315813256,1.657870608451211,2.836605998212752,0.0666,1.0064033287141807,2.53058829007143,3.6258867764286355,0.0013126052950275663
shared_incident,186,incident_stratified,0.36868643935183587,1.5437916515484527,2.836605998212752,0.0534,0.9212222343030769,3.8199798934971496,5.822015064100462,0.6200758765532829
shared_incident,187,row_preserved,0.36559834870489555,1.426161301186962,2.7800755998150883,0.0466,0.9160027987813127,3.661184041235269,6.016545333163423,0.7105985987472591
shared_incident,187,column_shuffled,0.41403439642384265,1.6398281275492845,2.8053361543873803,0.063,0.9899724949216416,2.4502996605002867,3.729905062020717,0.006299265591732574
shared_incident,187,incident_stratified,0.36627365016485425,1.4851636019420191,2.7981638249363376,0.0492,0.9167971182572412,3.827746556632261,5.667657866936131,0.6175101511280255
shared_incident,188,row_preserved,0.37004465592411684,1.3338837411344273,2.5600756106176195,0.04,0.9182855716668574,3.4567976058831915,5.801291256002624,0.6958595921958022
shared_incident,188,column_shuffled,0.4163305695725848,1.562049076548323,2.5928094352288498,0.0556,0.9900596994938455,2.3261801800028996,3.447726897541074,-0.002485036468786586
shared_incident,188,incident_stratified,0.3698981481816404,1.3842319486597454,2.5806885677418423,0.0438,0.9196937845077322,3.560164106213504,5.5435170870653945,0.6281915427436674
shared_incident,189,row_preserved,0.37182650851890026,1.4223257688296866,2.534905724829723,0.0454,0.9207764184546472,3.628749486387008,5.99694590134324,0.7116391135289001
shared_incident,189,column_shuffled,0.4226233885067032,1.6648094629743164,2.5895897087105113,0.0622,0.9985713297215988,2.459930910054452,3.641523652015488,0.002427031800830661
shared_incident,189,incident_stratified,0.3736519539325151,1.5336092447325949,2.5689613345451088,0.0522,0.9179177067175022,3.8430973715036227,5.53655357423011,0.6067231652788759
shared_incident,190,row_preserved,0.3690871978029032,1.3484299890652964,2.666087889977243,0.0434,0.9145756880502676,3.4973863462616808,6.0996003549726545,0.7006159706930055
shared_incident,190,column_shuffled,0.4131298191848729,1.6464165718274177,2.7036684871965333,0.0634,0.9921011822454794,2.441108434238677,3.645710962312017,0.006126061820553184
shared_incident,190,incident_stratified,0.36819184610918815,1.492720851573619,2.7453322328949765,0.049,0.9184516762392012,3.688310663121552,5.701400576686481,0.5871529626793816
shared_incident,191,row_preserved,0.37360976392157064,1.3587549364236124,2.493461058477653,0.0406,0.9216974019555239,3.50991240088411,5.769266129296316,0.7195640501633003
shared_incident,191,column_shuffled,0.41644764401600376,1.5672596877789977,2.6249084624550925,0.0568,0.9978290775686365,2.376294912902992,3.5569641024732426,0.016295164074502905
shared_incident,191,incident_stratified,0.37134426223579986,1.4475089720110044,2.624744221195057,0.0466,0.9197794760123541,3.659133869287337,5.503670704717706,0.6308683867428974
shared_incident,192,row_preserved,0.3693397737658979,1.4117212025314898,2.732988512566192,0.0448,0.9128559753027076,3.606946601631784,6.100152620567649,0.6920017786449802
shared_incident,192,column_shuffled,0.4176245076181555,1.6677537865141268,2.7348141132533494,0.0642,0.9938062554677999,2.461501511149951,3.6345294622637283,-0.002875387104356808
shared_incident,192,incident_stratified,0.36974884237336925,1.518954569303431,2.732988512566192,0.0506,0.91134532787316,3.8399669581979237,5.63070823483743,0.6203823914691622
shared_incident,193,row_preserved,0.36911276075169086,1.256073520726415,2.505592660605153,0.0384,0.9185357732993641,3.208894062993126,5.950764512269338,0.7071384415435801
shared_incident,193,column_shuffled,0.4099963185154033,1.5601840268670806,2.6539444801052716,0.0546,0.988423973332371,2.3144941941145643,3.51001683436394,-0.006339809652200303
shared_incident,193,incident_stratified,0.3696514514955334,1.365157654175046,2.613254533189412,0.0438,0.9217613286262405,3.4877072949928274,5.50732400562311,0.609301287964579
shared_incident,194,row_preserved,0.3704815750077789,1.438345048895152,2.735634634086201,0.0482,0.9201749345529764,3.678027629968474,5.951163376600699,0.7030928653977783
shared_incident,194,column_shuffled,0.4173430263450266,1.6891111393247353,2.7679933714421203,0.0646,0.9945957968934025,2.4456646494501557,3.737879693633442,0.001917447701621269
shared_incident,194,incident_stratified,0.37088039078264645,1.5396902498633889,2.757937596817389,0.0516,0.9184043875401144,3.846258386501028,5.616868134062126,0.6309314931100963
shared_incident,195,row_preserved,0.36478182850946705,1.3242140627596506,2.677784439240607,0.0394,0.9123645122889186,3.5028237880493833,6.029218833038404,0.7149461971130039
shared_incident,195,column_shuffled,0.4099269821917673,1.5728234602543338,2.761497322694819,0.0566,0.9888573070776143,2.3732659236383036,3.6354847043497465,-0.006817586563914713
shared_incident,195,incident_stratified,0.3664797365509068,1.427124421492567,2.7174415816004713,0.0448,0.9118683868784523,3.73461542628588,5.700582278687136,0.6004439336871842
shared_incident,196,row_preserved,0.36918885332388823,1.4177921484732583,2.720702942401677,0.0458,0.913307892378693,3.6344889986347133,6.390611007759838,0.7213246317700367
shared_incident,196,column_shuffled,0.41637734120882963,1.6704927908692986,2.7822600955991073,0.0654,0.9982544353468199,2.457901406790038,3.7520525913969442,0.011194062388498011
shared_incident,196,incident_stratified,0.3703165556654102,1.5104262675643276,2.7720843493659135,0.0514,0.9229117081179923,3.8258958244820933,5.929203799362492,0.6444476783010854
shared_incident,197,row_preserved,0.36955114509207754,1.5075069056096164,2.946600252935551,0.0504,0.9204639979243987,3.791649318102105,6.394092174210657,0.7228201981828969
shared_incident,197,column_shuffled,0.42094606467904716,1.7300702904764362,2.986650229287794,0.0722,1.0004900690128808,2.536736533002838,3.882780012684715,0.0031344341552963597
shared_incident,197,incident_stratified,0.37066836575271533,1.6160294420029377,2.882378943876273,0.0552,0.920534318390599,3.95230230666699,5.988983517149939,0.6347854691548088
shared_incident,198,row_preserved,0.3697312948672532,1.3901399413005195,2.73534980752847,0.0454,0.916404124806992,3.6808986235452594,6.121051300355052,0.705180595875237
shared_incident,198,column_shuffled,0.4161345548982214,1.646588923598057,2.7929155907921577,0.0616,0.9986744830453146,2.424926207707336,3.6727005706354623,-0.008956348345169406
shared_incident,198,incident_stratified,0.36856295663135863,1.4913332556678298,2.7929155907921577,0.0492,0.9161195147085746,3.796192262143502,5.753964344176943,0.624296959681241
shared_incident,199,row_preserved,0.3672603799139649,1.3721086661189583,2.655530874304245,0.0436,0.9100199309627758,3.5679483265518432,6.35658866038202,0.714950820690511
shared_incident,199,column_shuffled,0.4106875529443783,1.6198244502174342,2.7039629278701316,0.0618,0.9901952469777837,2.4389054169996345,3.72980426476296,0.0009203758502486316
shared_incident,199,incident_stratified,0.3662047115860613,1.463057751391321,2.693878143200621,0.0478,0.9125994891871725,3.789526534539081,5.625581272116064,0.6263697794667272
shared_incident,200,row_preserved,0.37243477337921094,1.4392065271918084,2.889136904417312,0.0466,0.9164347918159901,3.6734826517380776,6.43554259842149,0.7115964869500955
shared_incident,200,column_shuffled,0.4174574151456504,1.7311915276484169,2.957990798020318,0.067,0.9978221249493936,2.5154173185063615,3.8820355089551617,0.003952416904889566
shared_incident,200,incident_stratified,0.3705881053082094,1.5586120305176652,2.957990798020318,0.0526,0.9163296436901385,3.8327430986982516,5.944215150618636,0.6133488235005023
shared_incident,201,row_preserved,0.3724512244767253,1.3999562729747579,2.6338296767053504,0.0444,0.9232455381853317,3.65902525249138,5.938621314805918,0.7079450323811036
shared_incident,201,column_shuffled,0.4167156645452884,1.649882101834385,2.699926107910824,0.063,0.9982051293077975,2.4477417122667022,3.7561158090458804,0.0016963845027218513
shared_incident,201,incident_stratified,0.37099005929896073,1.4782640115982857,2.699926107910824,0.049,0.9205852576710818,3.790109205398152,5.730035442709314,0.6354208830997049
shared_incident,202,row_preserved,0.3689374041470297,1.403350616474735,2.5401281329588086,0.0448,0.9161601006158917,3.5875758407303096,5.763464944688382,0.710221251264265
shared_incident,202,column_shuffled,0.41554546881665905,1.6275360203668192,2.5801716596808126,0.0608,1.0006727742393038,2.4286933557098025,3.5935758408820777,0.016330695782995643
shared_incident,202,incident_stratified,0.3714904100430956,1.5042028130455982,2.5790929530761266,0.0504,0.9148376503083839,3.771501890163536,5.36084674945824,0.6232241138433811
shared_incident,203,row_preserved,0.3670239691767119,1.3700146108412956,2.7613126187788724,0.044,0.9140662163579866,3.518548147029326,6.191235459640928,0.7002567203593398
shared_incident,203,column_shuffled,0.41504231047389606,1.6531127895874895,2.7664322309580243,0.0604,0.9942627546708614,2.477075761894609,3.6360668209983764,-0.008577908474556428
shared_incident,203,incident_stratified,0.3678910259746931,1.46366192694572,2.75848754053264,0.0484,0.9153281144798437,3.732419671122644,5.88612769447257,0.6191320361289433
shared_incident,204,row_preserved,0.3689734969968778,1.362730958637882,2.6916829365301926,0.0432,0.9194574312602772,3.608405237351269,6.076532014600542,0.710974421381953
shared_incident,204,column_shuffled,0.4167467768618316,1.624112348564216,2.704732899586134,0.0598,0.9952980565506659,2.426273132517177,3.685042436786979,0.0016995361514806774
shared_incident,204,incident_stratified,0.3696970563749201,1.5118317724837533,2.704732899586134,0.051,0.91631551581697,3.825436012229423,5.635401846966124,0.6248095133159984
shared_incident,205,row_preserved,0.3707866275964951,1.4402250299640227,2.7333029869679724,0.0456,0.918788521399051,3.603151134888117,5.950792778616999,0.7025560569619476
shared_incident,205,column_shuffled,0.4160011006002422,1.6596812020514013,2.880828367359777,0.0656,1.0030886572056312,2.4856476703247687,3.7350467485680103,-0.0008572601568475649
shared_incident,205,incident_stratified,0.3695026619164472,1.5241360928098688,2.8765716067695006,0.0524,0.9201920921044824,3.814176703139221,5.709094105868912,0.6129215095962096
shared_incident,206,row_preserved,0.36572668359432686,1.4232738055593344,2.738704965007793,0.0466,0.913699662254585,3.5265653588048225,6.26473334217806,0.7129253376649918
shared_incident,206,column_shuffled,0.414368976481573,1.6978644723512377,2.7875937002060858,0.0644,0.9932145988159709,2.4625559362423193,3.77124781981745,0.014290029465055448
shared_incident,206,incident_stratified,0.3678783553723443,1.5544191923072141,2.742531157402179,0.052,0.9184331517762989,3.758769665235773,5.710513581385813,0.6308278488437503
shared_incident,207,row_preserved,0.366364571717596,1.3831875140117251,2.706420430458506,0.046,0.9211037795183833,3.5741875233128155,6.202349689891298,0.6955027008792761
shared_incident,207,column_shuffled,0.41301455246089586,1.6688198249311739,2.844777467472679,0.067,0.9907407468302549,2.451919227880846,3.857354488195022,0.0027142740190721514
shared_incident,207,incident_stratified,0.36670963509772037,1.5255324423356682,2.7848706614556673,0.052,0.918449202993751,3.7712251220914395,5.845228736355975,0.6009111523839438
shared_incident,208,row_preserved,0.36957792260358807,1.4007456393959428,2.655276409784218,0.0464,0.9200760446564141,3.6420914649931846,5.93289223034739,0.7105139082960599
shared_incident,208,column_shuffled,0.4179830025848491,1.6392673903751693,2.7441913192682277,0.0626,1.0060444952820322,2.42771528071257,3.611494516202186,-0.0012551885360602836
shared_incident,208,incident_stratified,0.37039865355126295,1.4960439816113766,2.7441913192682277,0.05,0.9187721627517541,3.8355880564191587,5.662346611803697,0.6155462726961966
shared_incident,209,row_preserved,0.3678646828483918,1.5152221573035547,2.919869267819642,0.0506,0.9174400455741106,3.9362711835533326,6.251982859560875,0.7155193348530289
shared_incident,209,column_shuffled,0.4162197838483013,1.7481730185311195,2.974990306314661,0.0698,0.9949728256869266,2.5825313183381713,4.035568158100393,0.0027560375977661485
shared_incident,209,incident_stratified,0.36937573966157544,1.5982384744918232,2.974990306314661,0.0558,0.9185235363080333,4.044194086517425,5.935808712765737,0.6213687570073364
shared_incident,210,row_preserved,0.3704723509990828,1.4482224807407365,2.757887321712026,0.0476,0.9180450391657075,3.7414766965332618,6.13172312058306,0.713024542548498
shared_incident,210,column_shuffled,0.42049689885967806,1.7122653923751752,2.7771398954284914,0.067,0.9987972679331987,2.559879725184845,3.751023186633052,0.004562934826909576
shared_incident,210,incident_stratified,0.37179128506197656,1.5572555912761605,2.761162817524101,0.0532,0.919213500044654,3.882235580248717,5.884499503685958,0.6360164287920024
shared_incident,211,row_preserved,0.3703281140684489,1.5059131335132652,2.7818551746036313,0.0506,0.9249550271017012,3.813826679037699,6.445769029123193,0.7054610395714115
shared_incident,211,column_shuffled,0.42054912576509973,1.7501429227484222,2.848950971125974,0.0708,1.0110292525144668,2.5193577747142264,3.681209234240887,-0.0012269448614454198
shared_incident,211,incident_stratified,0.37050997254154155,1.604618553397351,2.831893853619789,0.0546,0.9189216384863637,4.045996956801973,5.837698074611368,0.6221018251129475
shared_incident,212,row_preserved,0.37195006547477666,1.448017841468322,2.6639347614014737,0.0468,0.926952821907428,3.673833186568478,6.107449367595645,0.7085323084730163
shared_incident,212,column_shuffled,0.42797269180245395,1.6866090958575908,2.719820788739945,0.065,1.0147552711345007,2.4571201529650595,3.7226707241953663,-0.006300787310102105
shared_incident,212,incident_stratified,0.37195006547477666,1.5404703474271935,2.738784256894817,0.0516,0.9260275152333232,3.844981933797908,5.657337675116998,0.6351562979093789
shared_incident,213,row_preserved,0.3710440492817052,1.3557816024111988,2.6402004270586543,0.0436,0.9163388186197422,3.5256019177974194,6.064165896683473,0.7110188554322051
shared_incident,213,column_shuffled,0.42005651696474144,1.6338608273191813,2.7365871027062285,0.062,0.9964385324884211,2.4611179164844232,3.611254147476402,0.0028612249352819637
shared_incident,213,incident_stratified,0.3716868527296283,1.4905264085233432,2.6659562235380836,0.0496,0.920746972099304,3.807934309978526,5.6128597794355235,0.620437363471086
shared_incident,214,row_preserved,0.3661883160725341,1.517468782105803,2.857590497279139,0.051,0.9150359946649091,3.921396148422641,6.199155818771667,0.7051222527553339
shared_incident,214,column_shuffled,0.41550678735201463,1.7222462190459413,2.883848529338965,0.0708,0.9935358715156647,2.5365794825678503,3.809739705058861,0.004493752619882525
shared_incident,214,incident_stratified,0.36687419221421824,1.60129868479692,2.859010585209185,0.0556,0.9160153110010353,4.007469497630631,5.7613678973358455,0.6276680994419038
shared_incident,215,row_preserved,0.3678152140866555,1.4499585762596254,2.7374621334332043,0.0474,0.9201657382577882,3.61441182711732,5.928423291665852,0.7021412206552311
shared_incident,215,column_shuffled,0.41189108641918615,1.6360037109687653,2.7831039728983686,0.0624,0.9912667007294516,2.446172593140015,3.694414236262306,0.0038587050284756516
shared_incident,215,incident_stratified,0.36845356158169523,1.508032062979844,2.7831039728983686,0.0508,0.9170609803784632,3.7198495300625174,5.793425856776404,0.6207560829760964
shared_incident,216,row_preserved,0.3700725016395848,1.4949847401832224,2.724720696521784,0.0496,0.9155624423349629,3.818820450168933,6.019129495665105,0.6953831232850742
shared_incident,216,column_shuffled,0.42258776933342534,1.7020332900183408,2.7741488711392703,0.0678,1.0043317880565739,2.4758459540544155,3.7860164224799346,-0.0009166203659844198
shared_incident,216,incident_stratified,0.369728545116502,1.5582542874657463,2.7741488711392703,0.0528,0.913508659024208,3.838825788838251,5.733154966856755,0.629613115485066
shared_incident,217,row_preserved,0.36849216343393626,1.3019660403904199,2.8667391174032275,0.0398,0.9150721665295055,3.4795623400376385,6.419126375442431,0.734719084381165
shared_incident,217,column_shuffled,0.4125018639407073,1.6173690866031125,2.889266098693697,0.0596,0.9912832847558659,2.391121038998368,3.7528758740822687,-0.0022699498551215654
shared_incident,217,incident_stratified,0.3687086992483511,1.4548932969795676,2.889266098693697,0.0474,0.9189895977880629,3.7713137361069737,5.79664729845635,0.6199771542817695
shared_incident,218,row_preserved,0.36823610133532797,1.3973798611605588,2.717585958660872,0.0456,0.919740828303921,3.5937587007763403,6.106694641696723,0.708008641290565
shared_incident,218,column_shuffled,0.41772514532502225,1.6397715581876284,2.723871208192753,0.0646,0.9974259958147789,2.396000951808784,3.6027490483158324,-0.0010880101814014578
shared_incident,218,incident_stratified,0.3676403534437098,1.4950885664353273,2.723871208192753,0.05,0.9219267720433695,3.8390963066275816,5.561022876648847,0.6233541006224439
shared_incident,219,row_preserved,0.3641180874824152,1.4730850157907236,2.7567847242331154,0.0486,0.913776250660846,3.801446120094332,5.929065335140713,0.7166799803024095
shared_incident,219,column_shuffled,0.4136197731945585,1.667293710804782,2.864458719564042,0.0648,0.9963532210626121,2.4784678138527205,3.6653912244597113,0.010517669994526706
shared_incident,219,incident_stratified,0.36602268764209933,1.5650348135998409,2.81414221312716,0.0528,0.9143011275832486,3.918790021012361,5.596792590027922,0.6314241940335099
shared_incident,220,row_preserved,0.37307531438192637,1.3942819830592175,2.6522801339004234,0.0454,0.9235221105702882,3.623779959549588,5.865179882030885,0.7094642404389025
shared_incident,220,column_shuffled,0.42098727413110587,1.6033967043272197,2.7345258528596625,0.0614,1.0019463072144936,2.4191552084078425,3.5821060486581766,0.003169661955926349
shared_incident,220,incident_stratified,0.3733226856481199,1.5002199709545732,2.7237539083855764,0.0502,0.9198339632417295,3.7334024717295478,5.4954062062389974,0.6269445175546698
shared_incident,221,row_preserved,0.36788582636963946,1.4102060362689954,2.654348481525539,0.0462,0.9180959011707231,3.5348506059257074,6.2242628268767515,0.7109042900708497
shared_incident,221,column_shuffled,0.421319663370567,1.6236986936730138,2.6690403855410954,0.0616,0.9990526491709169,2.3773800851211258,3.661428518134828,-0.00789468222156677
shared_incident,221,incident_stratified,0.36883553208382047,1.508756361083694,2.6624704785468802,0.0506,0.9167094135754417,3.7753457761346585,5.595267798618243,0.6142067582506673
shared_incident,222,row_preserved,0.36776643217126,1.4569524470101713,2.748106622781913,0.0482,0.9171923020655732,3.7459826002243757,6.194821210950016,0.7173988830593941
shared_incident,222,column_shuffled,0.4156794653386083,1.7141272045974065,2.7649937407551275,0.067,0.9984377586921906,2.498954307271664,3.7604700294124163,-0.010917521446221623
shared_incident,222,incident_stratified,0.3667006810311476,1.5494987816043992,2.761811972472466,0.0514,0.9175482578831593,3.9028216230845736,5.768299921603794,0.6321122594763484
shared_incident,223,row_preserved,0.36672954645408806,1.299475356183913,2.54389197146377,0.0408,0.918601287559413,3.3929994129180576,5.855470328161836,0.7080960959683814
shared_incident,223,column_shuffled,0.4061338609284053,1.5937550976459767,2.571014200530063,0.0572,0.9775426631201173,2.363648053390103,3.519223159622149,0.010459558647615413
shared_incident,223,incident_stratified,0.36632100202121676,1.4013285199500611,2.5672550303162236,0.0448,0.910938260101215,3.6376591016643016,5.492618077467677,0.6166913626925355
shared_incident,224,row_preserved,0.36911977467153534,1.3962283001248295,2.624295249099056,0.0444,0.9187922614159703,3.606592016953563,6.122845066559572,0.7096411274007047
shared_incident,224,column_shuffled,0.4125444438412648,1.6242050633484646,2.64582129554844,0.0622,0.991964299363465,2.4274944473702296,3.592072461001971,-0.004245080086414692
shared_incident,224,incident_stratified,0.37249121512449945,1.475069725999963,2.6387928055721748,0.0478,0.9164019780540869,3.7272514818585925,5.646014469621491,0.6237278119562791
shared_incident,225,row_preserved,0.36965585781766763,1.5009761257091991,2.8764916580435758,0.0502,0.9189056785783055,3.7111691943958816,6.20375479603357,0.7138996881269412
shared_incident,225,column_shuffled,0.4185409389412831,1.6778155962475305,2.880859351740212,0.0692,1.0001437161464493,2.456441469014011,3.79912346449133,0.00043977405488717855
shared_incident,225,incident_stratified,0.3714122034531321,1.5443539916761286,2.8764916580435758,0.0542,0.9225103103159851,3.8639894783229756,5.833876776844419,0.6267014911958094
shared_incident,226,row_preserved,0.3644370088092834,1.3738075938190561,2.670551424095408,0.044,0.9129048723597363,3.574096349529139,6.222276716445162,0.7258885430185217
shared_incident,226,column_shuffled,0.4121250110964334,1.6752646871495511,2.6901151752823975,0.063,0.9899545635411229,2.4627828368657623,3.813290202201445,-0.001206071883699096
shared_incident,226,incident_stratified,0.3652839146323884,1.512911511191065,2.6888588800140782,0.0506,0.9147099420267282,3.8337437768046936,5.701070435831699,0.6449126354582644
shared_incident,227,row_preserved,0.3708892833745706,1.4395580721436767,2.744496344855769,0.0484,0.9185921541973318,3.7350890471521163,6.307021552309584,0.7043052666877777
shared_incident,227,column_shuffled,0.42019695788212785,1.6913794304751133,2.8063098205014043,0.068,1.0015821957028375,2.4702910538438116,3.7256654302465115,-0.0037207161695777973
shared_incident,227,incident_stratified,0.37115999835151625,1.5673433245714588,2.8063098205014043,0.0538,0.9219454424458423,3.918912424145012,5.792123647496083,0.626445471258594
shared_incident,228,row_preserved,0.3646029082988607,1.3720456241945922,2.8264747003104764,0.0414,0.9159983064232033,3.505760992140146,6.098295180725515,0.7142753839210879
shared_incident,228,column_shuffled,0.41572454318446184,1.5824657602766383,2.8620392955730027,0.058,0.9931129462873443,2.3898998339070934,3.688660748925935,0.003907539416398238
shared_incident,228,incident_stratified,0.3635095815424768,1.4572478406157228,2.839515988726663,0.0466,0.9132819991123047,3.7204945749981553,5.571479891955529,0.6176325773148806
shared_incident,229,row_preserved,0.36569531039481074,1.429787389685012,2.692842110618024,0.0468,0.9175842531787306,3.711435334858704,5.978008687755056,0.6955510054714882
shared_incident,229,column_shuffled,0.42277286348761806,1.653195067806611,2.709540939594598,0.0628,1.00214864232197,2.481378340816701,3.6490043013970808,0.008372180213827496
shared_incident,229,incident_stratified,0.36789486565286134,1.5110730349224435,2.6996772782808254,0.0512,0.9193829837594063,3.869377535339608,5.508319970118249,0.625640162534801
shared_incident,230,row_preserved,0.36845605158942074,1.37959621643771,2.7043101327711994,0.0446,0.9181694065035979,3.474301416555522,5.909505333323643,0.7070860882547692
shared_incident,230,column_shuffled,0.41702667614883865,1.6271211733806017,2.7498266985614372,0.0622,0.9961497451841194,2.4347979275089617,3.511071221235739,0.003536398020451961
shared_incident,230,incident_stratified,0.36893571623369353,1.5096764103677611,2.7243354489401232,0.0508,0.9191350125807192,3.7255717774160546,5.454323357384542,0.6227963190445668
shared_incident,231,row_preserved,0.3667651385961111,1.2843745405037892,2.5205540776762065,0.0406,0.9089017517368684,3.222190994403012,6.113332638274792,0.6845734208887554
shared_incident,231,column_shuffled,0.4059376465211759,1.5937534659269954,2.569744280100966,0.0564,0.9788896795215863,2.3425669027691334,3.5955223080991034,0.0006075860440580989
shared_incident,231,incident_stratified,0.367277786845404,1.39758217978405,2.4887676155275065,0.0442,0.9111820542745475,3.4987040480125033,5.611541043840235,0.5977118978311328
shared_incident,232,row_preserved,0.3682070483356623,1.4443681369089536,2.8218332866362377,0.047,0.9187484071773849,3.716730443741411,6.422685887319984,0.7243880657259676
shared_incident,232,column_shuffled,0.4160716017984169,1.710844504498589,2.962776600519177,0.0712,0.9997563640847982,2.524747486496075,3.71865604337527,-0.0016071923917639732
shared_incident,232,incident_stratified,0.3697431981213947,1.5568465691677031,2.962776600519177,0.0536,0.9208020255911323,3.9122200509948772,5.9916643338624205,0.6283361904132104
shared_incident,233,row_preserved,0.3656849924503856,1.3251042655339895,2.8962393586768584,0.0436,0.9162974644638383,3.439275775233029,6.123272343107532,0.70738683287497
shared_incident,233,column_shuffled,0.40716547545107173,1.6160050981180196,2.964480100711772,0.0604,0.9933858239409703,2.3905348059244664,3.9602907306686617,0.0041349049980863575
shared_incident,233,incident_stratified,0.36678354043991146,1.4410570013949513,2.960473935561935,0.047,0.9193917388276875,3.67877792345074,5.8557145812219025,0.6075869362406846
shared_incident,234,row_preserved,0.3708434754700819,1.4503381246580533,2.7200542372485175,0.0468,0.9238454363581006,3.671916181876199,6.356547433554543,0.6951320846952079
shared_incident,234,column_shuffled,0.42040000777407666,1.6774262266865372,2.758388310874215,0.0666,1.0021076428173206,2.501294812321694,3.679165622802546,-0.0038893474425142744
shared_incident,234,incident_stratified,0.370226094882277,1.5494354723219292,2.7293792764812377,0.0536,0.92189581466685,3.8080383155403768,5.839889868555645,0.5966181016338051
shared_incident,235,row_preserved,0.372249573759481,1.3783833708303015,2.6490599648970226,0.044,0.9243285043455015,3.571557223935903,5.991397699646869,0.7038649021799417
shared_incident,235,column_shuffled,0.417954593468938,1.6473606762821305,2.7037222412603237,0.0606,0.9994879732430288,2.4154457343989555,3.599173098759139,-0.0011689200730469083
shared_incident,235,incident_stratified,0.3721575999469173,1.4449136571565977,2.6995464694757048,0.0472,0.9236396240835101,3.697950382667383,5.686750164690297,0.634874972610289
shared_incident,236,row_preserved,0.37289508159212237,1.4986825883976564,2.8826097986319748,0.0498,0.926158021805507,3.696068576905191,6.231491356430213,0.7052383860280513
shared_incident,236,column_shuffled,0.4277627055637375,1.7049144986961708,2.896589125632957,0.0694,1.0146764692223305,2.5373079003180954,3.714358065707088,-0.013627873395099665
shared_incident,236,incident_stratified,0.37470347448234487,1.5655323493213678,2.8826097986319748,0.054,0.9251854929064738,3.8226814029582803,5.930364045935817,0.6038207894898308
shared_incident,237,row_preserved,0.36738420657797133,1.3895512590098427,2.5796149543213356,0.0432,0.9120021136913197,3.4925642382629576,5.902874164831629,0.701127863338549
shared_incident,237,column_shuffled,0.4159294888073141,1.635989350973457,2.631977248425322,0.061,0.9952421298333711,2.4324538552172332,3.6326318863543294,0.00020133919532197217
shared_incident,237,incident_stratified,0.3689839568241504,1.4916113476364776,2.5956799142512645,0.0496,0.9127177581685157,3.821070282651414,5.53903347906969,0.605420586680561
shared_incident,238,row_preserved,0.37010551882522025,1.4285890904236451,2.885989362777839,0.0456,0.9189107571072115,3.6924964072944917,6.233858751049805,0.7152675364746771
shared_incident,238,column_shuffled,0.4243845510488381,1.6768516566460616,2.906900649498187,0.0662,1.0088193127719385,2.4817987228607814,3.8076954969525008,-0.004296220215870968
shared_incident,238,incident_stratified,0.37037270861677063,1.5561223338808086,2.906900649498187,0.0526,0.9206174089638505,3.850925807348463,5.8564925435544986,0.6230360365527358
shared_incident,239,row_preserved,0.36994349750067235,1.4114973536413173,2.725719356753362,0.0454,0.9193448876270311,3.613355298272839,6.09784334798197,0.7048403031044952
shared_incident,239,column_shuffled,0.4199152714897758,1.6472823105145609,2.781888670027131,0.0628,1.003186734221158,2.503850544054714,3.7761108626148205,0.004215436550832114
shared_incident,239,incident_stratified,0.371160982792457,1.5230533897151912,2.7691109089766255,0.0516,0.9238977092682468,3.848246822068049,5.704137923360865,0.6041095640905555
shared_incident,240,row_preserved,0.3685684062876019,1.4408900685669523,2.7755774401117455,0.0478,0.9158720963848814,3.622595335949355,6.279485703110124,0.7035954169560322
shared_incident,240,column_shuffled,0.413825223594217,1.7163755738824615,2.778724870471705,0.0666,0.9926086924492622,2.5355652377465723,3.704793652154946,-0.005110307274376881
shared_incident,240,incident_stratified,0.3690352280205045,1.5543537265549452,2.778724870471705,0.0524,0.9201689778997175,3.7818112483935202,5.828547062228072,0.635768041657811
shared_incident,241,row_preserved,0.3693920281480231,1.4012739884756698,2.7690720047843427,0.0438,0.9207978148876024,3.619483026410764,6.095029603378257,0.716446057033708
shared_incident,241,column_shuffled,0.41488741181039634,1.6335918737389776,2.841943585692631,0.0624,0.9927330905129376,2.410978471174305,3.8653914784813406,0.0012745192886400101
shared_incident,241,incident_stratified,0.368120938235141,1.4973942860795435,2.841943585692631,0.0496,0.9168303035844283,3.8221881041110044,5.756677995242272,0.6297372721309477
shared_incident,242,row_preserved,0.37084884835575965,1.400723170094439,2.6455597648435205,0.0448,0.9199095981297036,3.5588305374833977,6.178053733846342,0.6998376575146232
shared_incident,242,column_shuffled,0.41558618794785596,1.6638237867097216,2.76084784376126,0.0638,0.9946657609071294,2.4582723027287896,3.545735286475167,0.0005822199309243199
shared_incident,242,incident_stratified,0.37090328689209406,1.505149657745118,2.76084784376126,0.0508,0.9195829104515627,3.741879031925353,5.657076919904695,0.5996380016075226
shared_incident,243,row_preserved,0.3706433284742966,1.3930180610296037,2.6740318858687626,0.0442,0.921320754405284,3.623021255472712,6.1356686151962165,0.7151905637642999
shared_incident,243,column_shuffled,0.41601582822156585,1.621598155591769,2.722842371609192,0.0596,0.99566722421937,2.4880073819466055,3.5970820801196686,0.004007198382023719
shared_incident,243,incident_stratified,0.3693687013358169,1.4851220379070653,2.722842371609192,0.048,0.9132320188310392,3.8113145526059573,5.701018002442858,0.6211101741742716
shared_incident,244,row_preserved,0.36695788284625425,1.409517621083893,2.7079868301919365,0.0464,0.9182189371046707,3.6706069279562006,6.033354015967047,0.7017531612039805
shared_incident,244,column_shuffled,0.4189494440484733,1.6546107330188151,2.7079868301919365,0.0628,0.9968140901381883,2.449052981754206,3.537725423109396,-0.002777452249285061
shared_incident,244,incident_stratified,0.3651984220343782,1.5366156921875016,2.7079868301919365,0.0524,0.9136661231626262,3.839178732325684,5.524378891415802,0.6226947647671002
shared_incident,245,row_preserved,0.3725038758587319,1.4434134929725977,2.932151056683719,0.0474,0.9175324396136844,3.5803313300270347,6.501601573309593,0.7081659112234654
shared_incident,245,column_shuffled,0.4201601177852192,1.6899169050283709,3.002469165674195,0.0664,0.998635095744917,2.458277730769916,3.9623852684769583,-0.003081960906706129
shared_incident,245,incident_stratified,0.37288851448827887,1.567978261795735,2.9983452649510576,0.053,0.9223785374784719,3.8499055216745974,5.765733286504885,0.6100499072627336
shared_incident,246,row_preserved,0.36617055829493633,1.3714263217200142,2.5035158810982487,0.0412,0.918083670040765,3.543218141153493,5.982745133488844,0.7107777684304298
shared_incident,246,column_shuffled,0.41233680075831075,1.5692638096727454,2.6257789021404956,0.057,0.9977732254872465,2.3694506369519357,3.4783229927636987,-0.008224131623964051
shared_incident,246,incident_stratified,0.3661096871045064,1.427815726549881,2.544922051755602,0.0454,0.9158147340181328,3.75313256662335,5.575033761271971,0.6183836322809992
shared_incident,247,row_preserved,0.37054529947752307,1.3085434683661912,2.5449481413922563,0.0432,0.9173282160730898,3.394175245256633,5.9379384525715535,0.6990194521176103
shared_incident,247,column_shuffled,0.4088587095291435,1.608220452849017,2.6719073287059136,0.06,0.9885808263044837,2.390033097130424,3.6054109573558644,0.006652959324610749
shared_incident,247,incident_stratified,0.3687410820808218,1.4384339380932025,2.6719073287059136,0.0468,0.9168598533131592,3.6291779248179106,5.573594625104109,0.6118779425759874
shared_incident,248,row_preserved,0.36885416889571915,1.3547510283762754,2.6973784848125746,0.0434,0.9133255079984279,3.59361376243548,6.095853761179602,0.7041636747664017
shared_incident,248,column_shuffled,0.4154423845543327,1.6012971480051352,2.7615163744707862,0.0592,0.9953869314194006,2.431137833590099,3.861383176115676,0.0002978115291124162
shared_incident,248,incident_stratified,0.3681030586565625,1.467740956332487,2.7560459899025,0.0482,0.9173996759206211,3.744127751406519,5.697986165402798,0.6213935685711595
shared_incident,249,row_preserved,0.3720136804892672,1.4857676835294196,2.8669874724122897,0.0492,0.9210003498128017,3.7757178712676245,6.354324119605574,0.7100899850708142
shared_incident,249,column_shuffled,0.4188145535195824,1.7270503675670734,2.949728950026952,0.0688,0.9943813395385808,2.558884289469312,3.7932649629175597,-0.0023129074745189076
shared_incident,249,incident_stratified,0.3714125789700967,1.5813877539129413,2.924799887149563,0.0552,0.9200598283331888,3.9047014654017254,5.980593540587706,0.6312981838836649
shared_incident,250,row_preserved,0.36859410378084334,1.4024527276116279,2.5922586715048253,0.0452,0.9186206641544217,3.550042696901837,6.102890948570035,0.7210256446344614
shared_incident,250,column_shuffled,0.41770685455957746,1.6873717154525785,2.7117630160363886,0.0626,0.9951552316694818,2.4738161677555723,3.692220701962439,-0.0012036046955189643
shared_incident,250,incident_stratified,0.36947026966623553,1.4961089364631213,2.7117630160363886,0.0498,0.9183671113575085,3.8455964086885954,5.73647702077377,0.6238319860807752
shared_incident,251,row_preserved,0.37038142319762213,1.3803672373726603,2.8485470860990962,0.0436,0.9123215031767731,3.584604744806576,6.226282529000262,0.6879491017496505
shared_incident,251,column_shuffled,0.41843355188203424,1.6237617239314612,2.8494858476452674,0.0592,0.9966143293269636,2.414978684487629,3.753773905093131,-0.003573262550445546
shared_incident,251,incident_stratified,0.37078461271877894,1.4464268751077847,2.8494858476452674,0.0478,0.9197243190966522,3.7176579300800086,5.657012373299151,0.617089838920983
shared_incident,252,row_preserved,0.3697203046394763,1.4912013426115145,2.8187965142548443,0.0492,0.9143118044318698,3.7452670027630557,6.103175111993787,0.7374793269688104
shared_incident,252,column_shuffled,0.4244509561452314,1.6835336039061248,2.8261866980101282,0.0704,1.0068480827418123,2.524494590490192,3.6497452588168895,-0.005942937093670085
shared_incident,252,incident_stratified,0.3679293771598635,1.574164935350127,2.8261866980101282,0.0564,0.9207822423478564,3.890805775292079,5.725148827640371,0.6442913810017183
shared_incident,253,row_preserved,0.37061124250439514,1.420346676355814,2.615476936739246,0.0454,0.9174282789851267,3.6508071796989343,6.09029191801475,0.6943774409484395
shared_incident,253,column_shuffled,0.4244686125025213,1.6656175802576811,2.7402398882107297,0.0636,1.0018472411128871,2.475202014655075,3.5792891926190156,0.001858834974976551
shared_incident,253,incident_stratified,0.37061124250439514,1.5220619470116965,2.71759620989217,0.052,0.9215921887269645,3.8470936703880927,5.6523287086292,0.6102692471493206
shared_incident,254,row_preserved,0.3692133354307312,1.5036345700602571,2.797041760889248,0.0504,0.9182258631411642,3.8278762423486716,6.1231550470970015,0.7179663266593354
shared_incident,254,column_shuffled,0.4251454827083254,1.6961113792338653,2.8345844246576446,0.0694,1.001927649010104,2.518195273437394,3.8212124871484194,0.0018463153082339228
shared_incident,254,incident_stratified,0.3700715967659226,1.6354248894672694,2.8345844246576446,0.0572,0.9151321768393145,3.9279347766056008,5.740691523431404,0.6267274881008466
shared_incident,255,row_preserved,0.36765177747991257,1.3515526682414363,2.7220065691318016,0.0424,0.9144582005874452,3.401668597423826,6.126961720020566,0.6991076215371419
shared_incident,255,column_shuffled,0.4095096031865359,1.6187964747936412,2.8193418007354425,0.0588,0.981691911954039,2.3950425820106296,3.6882038357420477,0.00022443404557648491
shared_incident,255,incident_stratified,0.3668237669911124,1.449728571033705,2.8060284935423008,0.0464,0.9103732679500651,3.6656332837103855,5.71448455133046,0.6168747669951952
shared_incident,256,row_preserved,0.3658645028937394,1.3738217581937584,2.6919244130348607,0.0452,0.9164014215861971,3.570280265013367,6.110954725663536,0.705445686547021
shared_incident,256,column_shuffled,0.40940933365881504,1.6574810146555747,2.6986398306859187,0.0632,0.9915143600897156,2.447971009342351,3.613777730571173,0.005472932802826303
shared_incident,256,incident_stratified,0.36716949925603815,1.5235093656191319,2.6986398306859187,0.0508,0.9207581261677873,3.7983790101342905,5.608667962118625,0.6093072258815114
shared_incident,257,row_preserved,0.3685440576609522,1.4450498369515614,2.800037809049769,0.0478,0.9154664102333413,3.7645259445785495,6.170640764696882,0.7064893842141284
shared_incident,257,column_shuffled,0.41375526569118226,1.6779584083121095,2.832787321626835,0.0654,0.9954199396149652,2.5120110405887166,3.7642946345516393,-0.005018932463135158
shared_incident,257,incident_stratified,0.3682328142535847,1.5209720111517748,2.832787321626835,0.0516,0.9136351755561206,3.90459351936501,5.776472303808204,0.6363834063282267
shared_incident,258,row_preserved,0.37463045243320925,1.4302564677856293,2.845849854263084,0.0466,0.9260039793930159,3.5869535160601287,6.298197575638405,0.7259696796442089
shared_incident,258,column_shuffled,0.4193934496798243,1.660470127719152,2.8633758663311855,0.0688,0.9974592259717435,2.511748877450649,3.7431871136660986,-0.0032387155636399313
shared_incident,258,incident_stratified,0.37436356969667184,1.5295447489428637,2.8589482215346176,0.0522,0.9248773877572899,3.8663499209815764,5.8237759469093335,0.627936938334045
shared_incident,259,row_preserved,0.36687659109419885,1.3842097694849067,2.554367402470958,0.0442,0.9202860876845573,3.5327023026777153,6.0040120301912605,0.7186706732383493
shared_incident,259,column_shuffled,0.41248354644762,1.6545520650340466,2.593518381422386,0.065,0.9897654907644639,2.432508221240546,3.5167114728148765,-0.001965710415281256
shared_incident,259,incident_stratified,0.3668167881574277,1.4692433914889396,2.5785398828832373,0.0484,0.9165278599631264,3.7646696108009516,5.501647956448164,0.6273917186179975
shared_incident,260,row_preserved,0.3668574172336779,1.3070176536538902,2.60034176578962,0.0406,0.9124124165449068,3.4279428402394183,5.999327907503669,0.6868355656554653
shared_incident,260,column_shuffled,0.41250100939613243,1.5560166855222355,2.6448369161273555,0.0566,0.9856650587719735,2.3642278498594087,3.557080901342725,0.0006003963204874044
shared_incident,260,incident_stratified,0.36979217882498217,1.4056176055593648,2.60034176578962,0.0452,0.9158984540884765,3.5939774516247596,5.542793126587922,0.603728617663369
shared_incident,261,row_preserved,0.37111054643803654,1.5240284033128424,2.866569199256161,0.051,0.9179509806854793,3.7885411421976465,6.296495540703537,0.7038842935516018
shared_incident,261,column_shuffled,0.4292014013504904,1.6992349613308186,2.8975460809887847,0.068,1.0076601024388907,2.5503594372630896,3.7583374436707793,0.005305604078750995
shared_incident,261,incident_stratified,0.3731653139148545,1.5951408721370017,2.8787562297647873,0.0546,0.9217527697446861,4.004060957512191,5.856930761359273,0.6120919100715968
shared_incident,262,row_preserved,0.37343548811746075,1.4309524522524126,2.6911943736771864,0.0466,0.9236655606190691,3.62947661557532,6.052710518057053,0.6950630987828146
shared_incident,262,column_shuffled,0.42749376584994714,1.6405470658050756,2.745349654759103,0.063,1.0148422434196922,2.428298314154414,3.735627978114954,-0.016613284774912796
shared_incident,262,incident_stratified,0.37395779920067085,1.5105979801005214,2.708597709531333,0.0506,0.9228083211557839,3.7432451068340704,5.758872001200663,0.6098769564981869
shared_incident,263,row_preserved,0.37100749958108925,1.3260943244771681,2.820873147047399,0.0424,0.9198761707507357,3.4078545664628517,6.00989179508999,0.6939034209991114
shared_incident,263,column_shuffled,0.4095330398538469,1.6510336708035669,2.847057847619369,0.0606,0.9844980616945065,2.431065172171503,3.7071658912234025,0.0019500970738898903
shared_incident,263,incident_stratified,0.3738442903889576,1.4157669756889544,2.8469334700285716,0.047,0.9229582870875763,3.623535830596008,5.75505909942189,0.6079711020934815
shared_incident,264,row_preserved,0.374520224513566,1.4009480534633219,2.679331111622957,0.0462,0.9276466003988935,3.655287755781828,6.173153413438756,0.705104300978149
shared_incident,264,column_shuffled,0.4229104693060559,1.620929122725528,2.687626526546443,0.0612,1.0089839948976627,2.463231989343828,3.6462806630999562,0.0036449650454953484
shared_incident,264,incident_stratified,0.37518498753860613,1.4798134152013445,2.659738022862561,0.0494,0.9282128990023295,3.7751524612472673,5.5843804876424015,0.617558530564445
shared_incident,265,row_preserved,0.36558057697027746,1.4406273633984195,2.6386234480257356,0.0478,0.9187628694145712,3.661393051165418,6.005259407999411,0.7087417219208695
shared_incident,265,column_shuffled,0.4102577941585215,1.6922951124533827,2.7021152703783193,0.0672,0.9880384280416633,2.5122343473152045,3.663027977457009,0.0010631051320413674
shared_incident,265,incident_stratified,0.3646179654682596,1.5613873149486635,2.7021152703783193,0.053,0.9113373367316602,3.7853521779630697,5.63564298360486,0.6219485015203207
shared_incident,266,row_preserved,0.37102752080678636,1.430085076461271,2.6379680915319565,0.0466,0.9191439584777498,3.692499607758862,6.004198095574258,0.7100261458221396
shared_incident,266,column_shuffled,0.42132401971824396,1.674948438085028,2.65644917202616,0.0624,1.0010324013190375,2.4728173072861614,3.5991945696082923,0.004368468332906391
shared_incident,266,incident_stratified,0.37131360728942053,1.5267923682428324,2.6432901611997366,0.0522,0.919110766201756,3.8792387503385166,5.53678777918465,0.6338449338025974
shared_incident,267,row_preserved,0.37039174348875004,1.4381718617217578,2.763619118262074,0.0466,0.9228444923412877,3.62095921414189,6.222970515191376,0.6957308671481277
shared_incident,267,column_shuffled,0.4185188715721177,1.7036403568514138,2.812950227362192,0.0644,1.0053065987110388,2.4874708759287754,3.798711172836177,0.0011041982334591414
shared_incident,267,incident_stratified,0.37153575577411624,1.5425458108426362,2.772945324322649,0.0518,0.9223416906993368,3.886310014360305,5.733369950648314,0.6143566695118216
shared_incident,268,row_preserved,0.36603187698162676,1.3121382192564128,2.5970178058028957,0.0416,0.9131732664653875,3.392876973455338,5.847357682946262,0.700332669333038
shared_incident,268,column_shuffled,0.4086976492048623,1.552281773396724,2.6152580190879493,0.0548,0.9802509436722668,2.3293076433051785,3.524985261983012,-0.0008849400185746518
shared_incident,268,incident_stratified,0.36527036772887606,1.3998629976685084,2.579834152068925,0.0434,0.9144547535769457,3.566160307407567,5.5742920658925375,0.6279832096054757
shared_incident,269,row_preserved,0.36626019059284004,1.3771924693793829,2.8074742280677065,0.0446,0.9126298440941125,3.571728915981592,6.268161710170504,0.7221753489322321
shared_incident,269,column_shuffled,0.41130155465212026,1.652554208989887,2.8158021320339506,0.0622,0.9886198252467182,2.455105865187196,3.6707313196376283,0.004823243104280189
shared_incident,269,incident_stratified,0.36569481259915493,1.4907117344168443,2.8074742280677065,0.0492,0.9188516188389138,3.8150604799845,5.758873775726945,0.6405531046160305
shared_incident,270,row_preserved,0.3714339536056095,1.458257670184711,2.778488760260257,0.0476,0.9239425506738311,3.6540027521980747,6.371140555507605,0.7193147617597461
shared_incident,270,column_shuffled,0.4177070801683243,1.7046718125424465,2.8448858987792485,0.0674,0.9959918109228568,2.535365520259692,3.779705863729903,0.00031942272226302806
shared_incident,270,incident_stratified,0.3698806786068374,1.56706037268478,2.7957759208007156,0.0544,0.921929432978416,3.8536248273844755,5.757335063469795,0.624247177856629
shared_incident,271,row_preserved,0.36863514400690106,1.5369354763246155,2.6674402136604636,0.0518,0.914163773674487,3.730244577587304,6.276704217413048,0.7203890301738228
shared_incident,271,column_shuffled,0.42475753359845453,1.7321928741138852,2.6768363859068742,0.0742,1.0041675762136273,2.583366285354625,3.6242207864133325,-0.004925886843317006
shared_incident,271,incident_stratified,0.3672599471286342,1.6104083601274377,2.67029590235775,0.0578,0.9192878681019281,3.960181917182412,5.682125172879944,0.6265723306443394
shared_incident,272,row_preserved,0.36980503286082284,1.3885334070460034,2.4259438504110595,0.0436,0.917854305612032,3.588155755628127,5.833679005685592,0.6947546848040703
shared_incident,272,column_shuffled,0.41878813125901926,1.5684667945096933,2.5270616619302753,0.0568,0.9936845025513317,2.346952032336811,3.434027313992779,0.0023879152439905244
shared_incident,272,incident_stratified,0.36931908291939913,1.4213934450928443,2.4809943105632453,0.045,0.9189045731647509,3.6967874254898696,5.39543273003429,0.6255360953908938
shared_incident,273,row_preserved,0.3694300961869984,1.432186779859386,2.8151391619456625,0.047,0.9173617843342582,3.722643694316124,6.5315021820949015,0.7035255477117425
shared_incident,273,column_shuffled,0.4158334253927919,1.7272430317549639,2.8324853740618448,0.0666,0.9977146221864489,2.545178181364242,3.698591586192143,0.0037146552815805066
shared_incident,273,incident_stratified,0.3660391146441224,1.5537183366536478,2.8239597454088146,0.0532,0.9167541802350627,3.8832168421218167,5.899743730100015,0.6205235693666912
shared_incident,274,row_preserved,0.36763646648667014,1.4329905379018621,2.814550064081526,0.0462,0.9182799780932749,3.5008959160326087,6.021595142506046,0.7042504909138114
shared_incident,274,column_shuffled,0.41705562557972864,1.6733681050238733,2.8629214665126455,0.066,0.9969238339505408,2.4336335207926822,3.6472135158545407,-0.008907619463779843
shared_incident,274,incident_stratified,0.36787617772818226,1.5497591917769817,2.814550064081526,0.0526,0.9201187846831091,3.791398549916355,5.775752217940834,0.6113148445844091
shared_incident,275,row_preserved,0.36678884819958957,1.3665968919855804,2.8393466861618326,0.0446,0.91777594367199,3.499690567648594,6.299165601781933,0.7074877649248988
shared_incident,275,column_shuffled,0.41462332509645244,1.6293631104774453,2.8488507451269247,0.0612,0.9943804903243705,2.4138710546904276,3.8169361202629384,0.011486507530349218
shared_incident,275,incident_stratified,0.3655728006280133,1.4581644384005257,2.8488507451269247,0.0484,0.9172247247178578,3.788692765519372,5.776298899332669,0.6138969867990789
shared_incident,276,row_preserved,0.3694604454737591,1.48177681421246,2.8535152836326163,0.0498,0.9214007900072635,3.6644022937657557,6.5135921274863,0.7122482485496198
shared_incident,276,column_shuffled,0.417610451901869,1.7572705750917295,2.887784978355732,0.0698,0.9985999460543962,2.5758584643391096,3.7622027126820097,-0.005204019771859015
shared_incident,276,incident_stratified,0.37189412256001597,1.5513667255771544,2.8830422966817433,0.054,0.9234880288827892,3.8717642652424704,5.933462787291132,0.6193469182397088
shared_incident,277,row_preserved,0.3739666811647473,1.3528281481484723,2.493079571776343,0.0406,0.9229719333194402,3.4786435308203574,5.893325413604913,0.6987605548838495
shared_incident,277,column_shuffled,0.41667808609340623,1.5933639254925542,2.619344258444638,0.0576,0.9946357681032337,2.377314960963632,3.423207624217401,-0.0052225214835100045
shared_incident,277,incident_stratified,0.370573085449515,1.447245211334127,2.5777612818985673,0.0466,0.9211099863152941,3.710814002541721,5.491580910666162,0.6129180453059246
shared_incident,278,row_preserved,0.3709069345331537,1.444058361493952,2.8201019802718106,0.0466,0.922879752502594,3.6198697206412467,6.2026534009477325,0.7087833448458735
shared_incident,278,column_shuffled,0.42386260587781904,1.6618905444453336,2.922473648620096,0.0656,1.0040730120625798,2.4909786930772406,3.924527715229054,-0.0007790251665504543
shared_incident,278,incident_stratified,0.3720002993826939,1.5229110001888813,2.8828218651168953,0.0516,0.9263632832985349,3.8751870576776217,5.7783849207677935,0.6081440872419771
shared_incident,279,row_preserved,0.3674678032189339,1.3043071781784734,2.70514462449526,0.043,0.915034586776358,3.462708223564019,5.897181945181525,0.6890307068892413
shared_incident,279,column_shuffled,0.41412395073271174,1.6030390512661303,2.709733506315859,0.0584,0.9959002308325544,2.4064483267678565,3.529108749963588,0.001005748717483535
shared_incident,279,incident_stratified,0.36818356817808023,1.4281843913974026,2.709733506315859,0.0468,0.9176695790941638,3.6105021928265515,5.590974536159163,0.6203869749330416
shared_incident,280,row_preserved,0.37025212527700513,1.4530186291338814,2.873096469788316,0.0488,0.9207112988405212,3.724762141845356,6.291277050126572,0.7083303166171445
shared_incident,280,column_shuffled,0.42224729754501455,1.7119967472245752,2.9156233383107195,0.0692,1.00785220487619,2.524815355200164,3.822146436382154,0.0004461097849679796
shared_incident,280,incident_stratified,0.3703284757339719,1.5886303994689643,2.8935098550523115,0.0552,0.9275427995717992,3.902749481905472,5.875759318688318,0.6190145373659272
shared_incident,281,row_preserved,0.3709465056999486,1.379705389588889,2.695993524956292,0.0414,0.9193138624761092,3.518592268973963,6.002328681097141,0.7093873547579398
shared_incident,281,column_shuffled,0.41862164436948773,1.6177300860381427,2.781259911025557,0.0586,0.9931164622117765,2.43815500016091,3.657973077684371,0.006361152655714737
shared_incident,281,incident_stratified,0.37149488479806936,1.4715997033512256,2.781259911025557,0.0474,0.9218599603384249,3.6416296943873805,5.526513689602702,0.6191628454230086
shared_incident,282,row_preserved,0.36922794074863746,1.3495444356203143,2.499740679440581,0.0424,0.9184583052693502,3.444455497283586,5.8004785195124455,0.7130261730901584
shared_incident,282,column_shuffled,0.4112383191893919,1.596344078703374,2.5786222797704474,0.059,0.9857306293141497,2.406014814447837,3.4585006597018992,0.0030543613850151576
shared_incident,282,incident_stratified,0.36810272019549345,1.4461605399972897,2.568277154762978,0.0484,0.9117912907743997,3.693503471542801,5.3090091059634625,0.6103198441315414
shared_incident,283,row_preserved,0.36958874098099453,1.409736908502039,2.7222790545050044,0.0462,0.9234094834372109,3.663249391394662,6.062514872987569,0.7057286236866426
shared_incident,283,column_shuffled,0.41659123757635336,1.6690268409877664,2.7551590464941396,0.0654,1.0023283571038784,2.4159340892178185,3.5845126856602345,-0.00176860187020054
shared_incident,283,incident_stratified,0.36993159124315356,1.5329172244575549,2.7364434972955407,0.052,0.9228684962783,3.8364749198130372,5.633669968078895,0.6277326830050244
shared_incident,284,row_preserved,0.36476486333073715,1.4188489161270716,2.9660819873390847,0.0464,0.9110329140591579,3.677551459412349,6.4519639085727,0.7220338708342844
shared_incident,284,column_shuffled,0.41718077716865076,1.6935260654752666,3.0509138768775528,0.0664,0.9963237252825767,2.5357269758200696,3.837953704904365,-0.005501208269357314
shared_incident,284,incident_stratified,0.3653987778484424,1.5411955421817283,3.0509138768775528,0.053,0.9130390529265042,3.9314305381176506,5.883593643453162,0.6092777305526821
shared_incident,285,row_preserved,0.36881908101198296,1.3921676657879434,2.786480300463109,0.0446,0.9187764187781662,3.524072474429121,6.369064243566059,0.716205660854122
shared_incident,285,column_shuffled,0.4129785145120377,1.6681972755584349,2.828308949913562,0.063,1.0003159290946415,2.491983922962196,3.7896566801057885,-0.0030586096238419467
shared_incident,285,incident_stratified,0.3676860444227129,1.4960468956261381,2.828308949913562,0.0498,0.9221054504399495,3.7378159623845058,5.788099855287703,0.612785243622395
shared_incident,286,row_preserved,0.3727607770943693,1.429358133557107,2.6897085398621052,0.0462,0.9222116254626563,3.692375819331236,6.155055357868617,0.6965258783149907
shared_incident,286,column_shuffled,0.41967197523807964,1.6551223842633274,2.7345431666958877,0.0642,0.9989475019997799,2.473243908837711,3.5716726353865584,0.001756799834492745
shared_incident,286,incident_stratified,0.37165744803731493,1.47202211095775,2.6897085398621052,0.0492,0.9198687252901021,3.743295898073252,5.553617347643307,0.6157382313736562
shared_incident,287,row_preserved,0.3644631976114683,1.3574758231782134,2.648121851906665,0.0446,0.9174257742030416,3.5516294279899974,6.202521106314756,0.7139752589016676
shared_incident,287,column_shuffled,0.4118704584071716,1.6753670063657222,2.704172939526158,0.064,0.9854102881232703,2.432846419356548,3.698962120027843,-0.003442116952072041
shared_incident,287,incident_stratified,0.36215067827198205,1.4923761553724944,2.6616729859369106,0.0494,0.91190463899954,3.798285203132145,5.758974153276073,0.6097512572385978
shared_incident,288,row_preserved,0.3660975851815176,1.394816433070359,2.6384064715019853,0.0466,0.911802159356571,3.4992960919119236,5.973503390203253,0.6904781120759157
shared_incident,288,column_shuffled,0.41220029639607303,1.6750506035063646,2.6790297072115212,0.063,0.9934176410121842,2.4234697175213826,3.5819418702131687,-0.00645667766214392
shared_incident,288,incident_stratified,0.36680218840335455,1.5405117725689956,2.6790297072115212,0.0518,0.9195145406780476,3.696180899714607,5.428818569139654,0.6116749104462832
shared_incident,289,row_preserved,0.36794846459962094,1.4578528998673017,2.7245281365680896,0.0478,0.9147899567869836,3.62179704962469,5.954530457808818,0.6907756385473035
shared_incident,289,column_shuffled,0.41283312999751315,1.6593139084567665,2.754465319070372,0.0652,0.9950144990023806,2.431010942709559,3.648574354058022,0.0001177994970332044
shared_incident,289,incident_stratified,0.3690048102841644,1.5186545738911112,2.763560965265474,0.0514,0.9166294862138669,3.8437792121743537,5.697029878253076,0.6057719059478571
shared_incident,290,row_preserved,0.370824534596896,1.380117584530379,2.689628048270067,0.0428,0.923945583314993,3.573948372852613,6.251149002286228,0.7135154264667047
shared_incident,290,column_shuffled,0.4210002922975211,1.6659095363723093,2.726952519965265,0.0624,1.011717309252359,2.4185797472710817,3.7059801217997146,-0.01287378469319938
shared_incident,290,incident_stratified,0.37110544195788825,1.4789543256233644,2.726952519965265,0.0494,0.9217271310772795,3.7483723064424277,5.631405140693557,0.6281502333606591
shared_incident,291,row_preserved,0.36577336717079567,1.2934794296936911,2.573432993331897,0.0402,0.9137697450090271,3.24979220195524,5.808598950948374,0.6957486815902122
shared_incident,291,column_shuffled,0.41121637008524853,1.5524759526639529,2.6277164868606158,0.0542,0.9877055870682885,2.3438501551625115,3.562455966738878,-0.0018179959755141712
shared_incident,291,incident_stratified,0.36578056617008275,1.3658144112441324,2.6277164868606158,0.0446,0.9135297365054271,3.572746023412196,5.291806954778753,0.6145649906131384
shared_incident,292,row_preserved,0.36936469788558757,1.3310478489194453,2.8026907096259897,0.0418,0.9149476989118743,3.5492595406751675,6.231296828590345,0.708264520526328
shared_incident,292,column_shuffled,0.41221943615926865,1.6559443197716357,2.8227700557254853,0.0624,0.9924628233750101,2.431971663031802,3.711868655792994,-0.002718032922793577
shared_incident,292,incident_stratified,0.36944593816504834,1.4588974175808491,2.8093255878754197,0.048,0.9137494383786566,3.721866091347837,5.769571817477207,0.6100506211631146
shared_incident,293,row_preserved,0.3733304387454456,1.4731794113844279,2.896285864259043,0.048,0.919446610089891,3.5887279300979555,6.271609790980952,0.722523503223087
shared_incident,293,column_shuffled,0.41417747673066546,1.6902924316306467,2.9211288712028716,0.0692,0.9906907749859154,2.530179230327294,3.7968037875127782,0.004756262645708499
shared_incident,293,incident_stratified,0.37386825230648096,1.5318929789034281,2.9030865543267734,0.0528,0.9178218188672412,3.857816619230575,5.849351878879852,0.6325230814357145
shared_incident,294,row_preserved,0.36956281565384397,1.4845174795702312,2.922578011946706,0.0494,0.9221471826894468,3.806920075858393,6.399199876075901,0.705256321992279
shared_incident,294,column_shuffled,0.4250639615965215,1.770428661759192,3.0140357800198854,0.0694,1.008969236775676,2.588987903261319,3.957015154682533,-0.0008977913809260817
shared_incident,294,incident_stratified,0.37120594555810527,1.595371762057105,2.960397263143437,0.0536,0.9248758009764646,3.9139567350879423,6.077922503887248,0.6144187764084927
shared_incident,295,row_preserved,0.3683752030230182,1.3695908131158798,2.8012019985642524,0.0432,0.9188053386915498,3.5756766771051707,6.057025880925195,0.6926135085813887
shared_incident,295,column_shuffled,0.40971509722074395,1.6294648438144568,2.801541185383455,0.0596,0.9844157019691492,2.4732221666129393,3.6673030722819044,0.003284797816589845
shared_incident,295,incident_stratified,0.36886624819805863,1.473436943727319,2.799694882496793,0.0486,0.915730347541438,3.760180567435178,5.724304506557512,0.6151916089707598
shared_incident,296,row_preserved,0.37133465665519294,1.545577365082722,2.953269664534201,0.0512,0.9150612733466172,3.8632657764699783,6.3465292378889915,0.7329033998125073
shared_incident,296,column_shuffled,0.41942689448393644,1.7846897049140644,2.995890769804353,0.0748,1.0016588164269407,2.57222334552747,3.8423685300609414,-0.002470556438094401
shared_incident,296,incident_stratified,0.36892463157394684,1.662314146007081,2.995890769804353,0.0572,0.9176923876374259,4.037645118077689,5.881154974692757,0.6267139068413115
shared_incident,297,row_preserved,0.3746320057152539,1.5172357985625833,2.933602664933183,0.0514,0.9259672776645762,3.8541979540317364,6.303346970646039,0.7060840255542359
shared_incident,297,column_shuffled,0.4268980393306192,1.7331093020805626,2.979148072664701,0.073,1.0150056405528858,2.5418990628066838,3.792088239182916,-0.0048129273078212275
shared_incident,297,incident_stratified,0.3739498196039318,1.598896310988035,2.979148072664701,0.0552,0.9302942510602621,3.950904102873044,5.930310136611768,0.6173153072805626
shared_incident,298,row_preserved,0.36908872909834956,1.374298736271288,2.696151462843735,0.0436,0.9174635730309348,3.392208140992083,6.096892110863341,0.7068940705674636
shared_incident,298,column_shuffled,0.41068546491799124,1.6134612400201602,2.715872254482181,0.0608,0.9907790833086596,2.438211907676654,3.5636649025036373,0.005113663946676936
shared_incident,298,incident_stratified,0.3684862844725174,1.4712209204701567,2.696151462843735,0.0486,0.9220308444385714,3.6588928099420097,5.548677121312952,0.6314753222370388
shared_incident,299,row_preserved,0.368205045490846,1.337862508527006,2.7237018577886443,0.0422,0.919223420422575,3.463800536231102,5.959420168502851,0.6979544718615373
shared_incident,299,column_shuffled,0.4151866769564051,1.6047349542759128,2.772136629418603,0.058,0.9937992829365018,2.3854509421607206,3.6322442508927435,-0.01271031169393814
shared_incident,299,incident_stratified,0.36985925141159604,1.4236264759638861,2.772136629418603,0.0464,0.921315058153275,3.712516383676835,5.663582250493057,0.6142860418690068
shared_incident,300,row_preserved,0.36705982185729324,1.3845376983502835,2.7786614528573685,0.0438,0.917403248656993,3.564091039340213,6.060771699726866,0.6999736428941903
shared_incident,300,column_shuffled,0.41294383357809056,1.607317900040642,2.8031605029487556,0.0598,0.9956339691257643,2.4333238889774256,3.663791088542386,0.00023842044748907405
shared_incident,300,incident_stratified,0.3665538889510841,1.482403510992322,2.7838222609807777,0.0488,0.9135143618706235,3.771467333775572,5.637303129271155,0.6221896721607276
shared_incident,301,row_preserved,0.36837713610883466,1.375020629379052,2.673165700781255,0.0456,0.9173251277853833,3.5830768199554868,6.070293247522095,0.7017499936865018
shared_incident,301,column_shuffled,0.42116306006690085,1.6727108337785015,2.7914178800699876,0.0628,0.9939907522843888,2.433277246339234,3.751447763055226,-0.004275188695488598
shared_incident,301,incident_stratified,0.3676406374232359,1.5419450286359202,2.808182120672228,0.0522,0.9128961634540296,3.836866560303206,5.513993767022279,0.6106399207481427
shared_incident,302,row_preserved,0.3684157539725302,1.3882112834978442,2.7647531260746514,0.0436,0.9157411500447041,3.5207845124643367,6.085967048830479,0.7064387074615331
shared_incident,302,column_shuffled,0.41162234149264504,1.6160290675896762,2.766734637083903,0.0616,0.9994570959094135,2.42330621858353,3.6010020218090473,-0.0055360059675565705
shared_incident,302,incident_stratified,0.36933015989832585,1.461543465864745,2.76434092740073,0.0466,0.919841767752874,3.769770980876087,5.724972646438518,0.6269868767972481
shared_incident,303,row_preserved,0.3698981435892325,1.3601418820154354,2.675035103870619,0.0416,0.9247429929038702,3.5793506161387967,6.081897017542195,0.7182326425517916
shared_incident,303,column_shuffled,0.4205014012302662,1.599445574607911,2.8573533693098407,0.0578,1.0023097108831915,2.3864742548229287,3.788614773568376,-0.0019077422274260405
shared_incident,303,incident_stratified,0.37053872966126955,1.468781471134542,2.7774685938202253,0.0476,0.9213372427372795,3.7130563837355166,5.583491906720058,0.6045417213794021
shared_incident,304,row_preserved,0.36856108700423723,1.4729596042937672,2.8479694741167076,0.048,0.918559169328169,3.702059186874278,6.211968475636377,0.6862551905460131
shared_incident,304,column_shuffled,0.419535421486993,1.6671453786308397,2.9262667340779136,0.0646,0.9972935460612236,2.4970620425327725,3.7509505593921086,0.0049439592245964
shared_incident,304,incident_stratified,0.3681167561842774,1.5360123425861776,2.8775155022632846,0.0518,0.9161527903771073,3.767954544997687,5.752590867797185,0.6263648476569257
shared_incident,305,row_preserved,0.37181159176058576,1.4206479236384653,2.7898015066834727,0.0464,0.9221742338932803,3.670158481919536,6.347586297566883,0.7117388377872019
shared_incident,305,column_shuffled,0.4230077078445801,1.7163298494110826,2.831622182590279,0.0684,1.00628370488999,2.547406573807095,3.7192459115185943,-0.010792195113504386
shared_incident,305,incident_stratified,0.37142943678672924,1.5604210216651764,2.8110776852420427,0.0524,0.9201012805728125,3.9425782297286336,5.7655997664507135,0.6205377673904281
shared_incident,306,row_preserved,0.3686047952370675,1.4347635325190617,2.818448452944666,0.047,0.9204712429561229,3.715002596064266,6.373905416190462,0.7038983757218711
shared_incident,306,column_shuffled,0.4168818464859703,1.676427163856925,2.860763420336147,0.0668,1.0024296006893656,2.4606123519842287,3.6456906982901613,-0.008174614261758383
shared_incident,306,incident_stratified,0.3669680898314265,1.5366208707523124,2.860763420336147,0.0522,0.9178260086383925,3.900845404315463,5.742417579967151,0.6263422166122158
shared_incident,307,row_preserved,0.37192978273057303,1.4067680257851316,2.8697869909244673,0.0424,0.914709067273695,3.5396660948357948,6.283660584507243,0.7053686578650291
shared_incident,307,column_shuffled,0.41896460615302533,1.5967562840138707,2.874823202793436,0.061,0.9926180260667828,2.448843833976724,3.690614304607688,0.0006116276935932983
shared_incident,307,incident_stratified,0.3699209612359804,1.5157756473151822,2.879468730407013,0.0508,0.9143251373060983,3.821290898507629,5.668793155112921,0.6068483585839133
shared_incident,308,row_preserved,0.36997448880960326,1.4307828793112625,2.816644618733601,0.0452,0.9188192885913526,3.6010432300445268,6.234951055498812,0.7038521147354202
shared_incident,308,column_shuffled,0.4196657457425457,1.6310773231009374,2.8531252630630206,0.0624,0.998937819322746,2.439451647523986,3.8546732090185447,0.00920327082455208
shared_incident,308,incident_stratified,0.3687208202858526,1.528316810850641,2.8204777651991297,0.0516,0.9216297360064123,3.77280325106286,5.600630522913176,0.6003579853562814
shared_incident,309,row_preserved,0.3724477646374522,1.4368879668550805,2.8214257999791985,0.0472,0.9194629315568206,3.6462896162075875,6.141215003991033,0.6925301099707336
shared_incident,309,column_shuffled,0.4212478573914153,1.7155496097392866,2.9108305712969,0.0668,0.9993700468420565,2.482389547880781,3.768648628549811,-0.004365789960952445
shared_incident,309,incident_stratified,0.3704871476438102,1.5476512577831574,2.9108305712969,0.0524,0.9173424949467797,3.7993074602406347,5.829007923139334,0.623746630009613
shared_incident,310,row_preserved,0.3695429581771318,1.4325433836127641,2.7900579353436448,0.0466,0.9191573769909642,3.5995325252060146,6.107163180936219,0.7017188024236102
shared_incident,310,column_shuffled,0.41597284853369476,1.6740001350681195,2.8583787003735512,0.066,0.9977659652123374,2.4503214950838195,3.7012178757027177,0.0007879027823697694
shared_incident,310,incident_stratified,0.36673668918193514,1.5509148753276845,2.8296082298569725,0.0542,0.9146808417598837,3.8399186474092373,5.871394959595507,0.6112608251973306
shared_incident,311,row_preserved,0.37047133423889606,1.4446709680079077,2.6202175332547086,0.0476,0.9144975213208895,3.6530268649085818,6.0857960416705055,0.7264251420494189
shared_incident,311,column_shuffled,0.4207005297496539,1.683640061345026,2.677042223924086,0.0672,1.0042475163759956,2.533721605612889,3.660261317637741,0.003705101302166862
shared_incident,311,incident_stratified,0.37065635393502855,1.5559777728262174,2.6673787542586695,0.0538,0.9165360572013381,3.8936914408327605,5.634553065038134,0.622242079355701
shared_incident,312,row_preserved,0.37074050499464534,1.413160862941355,2.90603198338523,0.0462,0.9190309401547166,3.64599314215159,6.259665632263571,0.6989079958494324
shared_incident,312,column_shuffled,0.4187499852929434,1.6362894326377524,2.9297425179072256,0.0624,0.9990910771438561,2.4553098831553064,3.827204817285696,0.008822334416582306
shared_incident,312,incident_stratified,0.37015036154236375,1.5415815490314912,2.9517517800929434,0.0526,0.9194632292861997,3.7829432831369596,5.743926730633897,0.6159777876448335
shared_incident,313,row_preserved,0.37000516713277887,1.468993171397386,2.6945631751088834,0.0476,0.9213886805401696,3.5742581914495526,6.045911068708453,0.6989623025691651
shared_incident,313,column_shuffled,0.4205024443194085,1.6901441498170617,2.739443085128961,0.0652,1.000268977871156,2.4771039827759074,3.582157846451254,-0.0049910121785729546
shared_incident,313,incident_stratified,0.37064024350559804,1.5267267251427157,2.739443085128961,0.0518,0.9211326631185304,3.8023409330587086,5.591968356469507,0.629684897175789
shared_incident,314,row_preserved,0.3743793153606651,1.4011179212620912,2.744765836222601,0.0458,0.9253714199149523,3.5058867701907874,6.132978419432389,0.6906666714674051
shared_incident,314,column_shuffled,0.42258133250428404,1.6419254240107473,2.744765836222601,0.0616,1.000423404809065,2.463253437273071,3.6363072752466534,-0.0007680245792497644
shared_incident,314,incident_stratified,0.3739107905016398,1.5021595714162668,2.744765836222601,0.0502,0.9266832863275136,3.7371155479575,5.586396576942285,0.596375669566897
shared_incident,315,row_preserved,0.36538050988851967,1.3752635895771816,2.8738898251875127,0.0432,0.9179569158984933,3.462088311082884,6.236624012958312,0.7080653474427415
shared_incident,315,column_shuffled,0.4148421019857741,1.627316728769667,2.9073854866972026,0.0624,0.9887582805877938,2.4296387921387894,3.818334380278401,0.002148143176146479
shared_incident,315,incident_stratified,0.36650498378499485,1.5065529894470089,2.9073854866972026,0.0508,0.9115034582688128,3.765364008000182,5.903601001876545,0.6116518998643139
shared_incident,316,row_preserved,0.36853483872021253,1.3562957605068389,2.603550189213785,0.0438,0.9179953571955675,3.5546091401841364,6.008857797051862,0.7223823251481728
shared_incident,316,column_shuffled,0.414258754032205,1.658402245954857,2.716047094896651,0.0636,0.9978501107787456,2.449179397037814,3.5346338657685115,-0.008321677910772733
shared_incident,316,incident_stratified,0.3690323812138311,1.4756185318890807,2.6503623358678112,0.049,0.9174702649016191,3.775245335390465,5.608493540632839,0.6182796418196304
shared_incident,317,row_preserved,0.36743970935366355,1.3185988115187026,2.5047710391198375,0.041,0.9114036503625631,3.385129491053033,5.882115216437865,0.7092528603806194
shared_incident,317,column_shuffled,0.4098361763110483,1.587598387238176,2.5379033829446636,0.0576,0.9753311570062774,2.3253945279953405,3.5310978690240598,-0.00011723264019786906
shared_incident,317,incident_stratified,0.36743970935366355,1.4678023902424187,2.5379033829446636,0.0474,0.9085677393249819,3.6764343683759595,5.3200525280357525,0.6089537100572157
shared_incident,318,row_preserved,0.3704767654550946,1.4631271853111028,2.834781749665195,0.0484,0.9188984325288236,3.758776533037535,6.209379396258676,0.7005748218894569
shared_incident,318,column_shuffled,0.42160890882629054,1.7090002328286742,2.862710689889071,0.0668,1.0059652406870327,2.5309265243389385,3.6811711161179206,-0.0009952922109819301
shared_incident,318,incident_stratified,0.3703280021403579,1.5614775753066292,2.8416704382763074,0.054,0.9187815854199873,3.901088327110104,5.854445229180174,0.6108693088600305
shared_incident,319,row_preserved,0.37139938055482097,1.3917750069143544,2.534754535573455,0.0436,0.9139116754909332,3.548589934280897,5.819923414295211,0.7149947706811787
shared_incident,319,column_shuffled,0.41329825731963654,1.610632944104904,2.682771730140617,0.059,0.989142873601361,2.3884743343068537,3.565700353986399,0.0016810699086826687
shared_incident,319,incident_stratified,0.3730869715976779,1.4896952910403514,2.613670545396634,0.0494,0.9218464998703848,3.74465945343642,5.515472873436867,0.6247207406872796
shared_incident,320,row_preserved,0.36870861635162766,1.3671725709841422,2.640476464114077,0.0436,0.9270513380000888,3.5246687123891203,6.04367605341284,0.7136103793527243
shared_incident,320,column_shuffled,0.4156075446093398,1.6240192391832364,2.695103927208639,0.0618,0.9958504545388039,2.391277154867958,3.6233922440620385,0.007266881668281686
shared_incident,320,incident_stratified,0.3684808989439408,1.4708489737058699,2.692359235550372,0.0488,0.9199984443106471,3.8047376760082154,5.453080850523048,0.6221536308912293
shared_incident,321,row_preserved,0.3703567386396135,1.3965158082074622,2.676393740705398,0.0438,0.9177704823513984,3.472226353100687,6.131636670486768,0.719677230736269
shared_incident,321,column_shuffled,0.4126723816467595,1.6541002036732246,2.7688298629393238,0.0636,0.9902043223211593,2.460233898653252,3.667681953083258,0.0029074274749535567
shared_incident,321,incident_stratified,0.36896113927925356,1.5051735417443042,2.7447066192692233,0.0502,0.9181401506777329,3.74515688061169,5.7072508647004065,0.6361146789877452
shared_incident,322,row_preserved,0.3687295154406557,1.3987950269113225,2.794860717329707,0.0442,0.9161335767369368,3.518980359666638,6.258536597701696,0.6959728652511489
shared_incident,322,column_shuffled,0.41531120514252884,1.6447758309517215,2.841201264222253,0.0596,0.9937447960769666,2.4476118845400556,3.8976111300014504,0.0002933881140610348
shared_incident,322,incident_stratified,0.36931319201254204,1.425978804128601,2.794860717329707,0.047,0.9160369513653985,3.7313283576700007,5.821954391694913,0.6077799671242919
shared_incident,323,row_preserved,0.36685416373068497,1.4575968719944197,2.849417188462207,0.0478,0.9152373813021054,3.6456645170502053,6.2372716198874745,0.7238941177792654
shared_incident,323,column_shuffled,0.41568795377353546,1.665029354934708,2.915819305568173,0.0674,0.9941410803587362,2.457516803780153,3.614740711411093,-0.011984326675528829
shared_incident,323,incident_stratified,0.3680357972623457,1.5491903236275693,2.915819305568173,0.0536,0.9175898461126161,3.875957410621329,5.632033452432051,0.6218287706729704
shared_incident,324,row_preserved,0.3683748715452292,1.383813476011041,2.655511158064444,0.0434,0.9182049436627495,3.6346026492129284,6.2260716658602835,0.7024935408443919
shared_incident,324,column_shuffled,0.41765704722339664,1.6088249921800395,2.698752509094972,0.0618,0.995457766024435,2.4538167225684813,3.649649205298132,-0.00029885023555784675
shared_incident,324,incident_stratified,0.3656505361410828,1.4758999223833378,2.6919758551740913,0.049,0.9184465256639346,3.7916068242023493,5.811023214666967,0.6205493234004614
shared_incident,325,row_preserved,0.3703070138351731,1.4197699574744278,2.829188948270141,0.0456,0.9212094015921449,3.6219351301402867,6.221482089048589,0.7117293113035292
shared_incident,325,column_shuffled,0.4181445508680839,1.7049986572997042,2.8861625126337263,0.0648,0.9979224572244338,2.4948982627722103,3.7200861709919724,0.004572154104967987
shared_incident,325,incident_stratified,0.3706389902391598,1.497513485050168,2.8861625126337263,0.05,0.9202003570700077,3.84316330208929,5.858772884803918,0.6247059111075368
shared_incident,326,row_preserved,0.3650453827157218,1.4294954397762871,2.771824694593003,0.0458,0.9102690667909277,3.712976062396254,6.097250723422117,0.7086200059253619
shared_incident,326,column_shuffled,0.4147518385492658,1.6821684720254169,2.818218673324565,0.0632,0.991304138724693,2.4963960509060388,3.7660558466642953,0.0048239075614926975
shared_incident,326,incident_stratified,0.3662767267702972,1.509492052527095,2.771824694593003,0.0502,0.9119977469109668,3.8919990656078163,5.826925325110534,0.6306478478197504
shared_incident,327,row_preserved,0.3680406385562027,1.4572369747215783,2.7535279482106314,0.0482,0.9144660924284429,3.666623445548522,6.201320009004634,0.7139242617877305
shared_incident,327,column_shuffled,0.4112672400320392,1.6917446458758052,2.838368741935313,0.065,0.9938883023981411,2.4683245383577606,3.795414043073567,0.010304026153463567
shared_incident,327,incident_stratified,0.3670964644789364,1.5624532793019255,2.768909497222497,0.0522,0.9135430473998088,3.8153125519209032,5.774606326909096,0.6266563835579629
shared_incident,328,row_preserved,0.3697433763242058,1.340767844353996,2.6074128810243087,0.0424,0.9186166732917422,3.5110657081176493,5.755152545844868,0.6931582568712619
shared_incident,328,column_shuffled,0.41355453841489087,1.6051280706372038,2.6674836113189717,0.0592,0.9878413708186075,2.3796265082610604,3.621563849437403,-0.0014707982515392067
shared_incident,328,incident_stratified,0.3707128405718819,1.4509781429384445,2.6049005680907613,0.0474,0.9175072191199589,3.660121680322817,5.572494011689269,0.6197574806504703
shared_incident,329,row_preserved,0.3701269488840061,1.3529243309476917,2.832183146516684,0.0438,0.9180879801444335,3.5210250360822806,6.341862914913147,0.7137616454455825
shared_incident,329,column_shuffled,0.4188562968992004,1.6390899047422065,2.844047645975565,0.0608,0.9995879281557571,2.393801055035703,3.697490960181611,-0.000020777563887454126
shared_incident,329,incident_stratified,0.3706246154399616,1.441460215479155,2.836428740262835,0.048,0.9137137056793962,3.6922289584846792,5.757022444993076,0.6208666153685939
shared_incident,330,row_preserved,0.36900775929202795,1.3469997729683851,2.601287575165436,0.0428,0.9233976663908018,3.524012110078784,6.015738103840487,0.6754622379098979
shared_incident,330,column_shuffled,0.42122048431048154,1.5887755670412185,2.610209080324457,0.0572,1.0039651112572172,2.3996933367584523,3.6559685055620257,-0.0021247629896322816
shared_incident,330,incident_stratified,0.3716264119642666,1.437420976874134,2.606218406879983,0.046,0.9244729148738453,3.6321153952631207,5.610027144138382,0.5983835263538549
shared_incident,331,row_preserved,0.3712791164210608,1.3735539940710164,2.7149191396492944,0.0444,0.9184636471804262,3.472159165302817,6.043124986557414,0.721102379965488
shared_incident,331,column_shuffled,0.41468222576317953,1.6660944132232307,2.7871842103808264,0.0628,0.9922946706860192,2.4457537476777795,3.580561885387291,-0.011128905457953689
shared_incident,331,incident_stratified,0.3700306654304314,1.5007810223044786,2.7871842103808264,0.0502,0.915341252373084,3.806757447404312,5.60658857838422,0.6041911269471827
shared_incident,332,row_preserved,0.3712335856662328,1.4453270135211458,2.830574960980115,0.0472,0.9203544724665729,3.674756669865933,6.1815455382110915,0.7247672554078041
shared_incident,332,column_shuffled,0.418614484896488,1.746945939503173,2.8898704569162614,0.0696,1.0054671931412102,2.4954508055641527,3.8641826238572343,-0.001892376683551786
shared_incident,332,incident_stratified,0.37222033892662626,1.614091506212256,2.868259269214326,0.0566,0.922124971182583,3.9832737737754966,5.762820855733748,0.6019735387250474
shared_incident,333,row_preserved,0.3684638388969718,1.4579666223720793,2.602557477481558,0.047,0.9173587253437048,3.6418997061543177,6.0138814828288965,0.7014265704736302
shared_incident,333,column_shuffled,0.41343368442574774,1.680164927207744,2.6695679943878776,0.0628,0.9959627849658066,2.466915288686008,3.7518434303374075,0.0018154191143505839
shared_incident,333,incident_stratified,0.36716903196908496,1.520290246908704,2.653228887209265,0.0512,0.9199949146777523,3.7546213500148737,5.681532654633754,0.615720844417999
shared_incident,334,row_preserved,0.372679382404174,1.5130008973683717,2.9475152532476985,0.0508,0.92363738475819,3.72801359831955,6.729568873965571,0.7200920895682632
shared_incident,334,column_shuffled,0.42512668108372786,1.7581360851447612,3.051474623447154,0.0738,1.0101422498822727,2.573082730922821,4.0180917976286015,0.005483348739933678
shared_incident,334,incident_stratified,0.37250467550199906,1.6073046228131984,3.024965413209443,0.0556,0.9214925686201187,3.998507851637071,6.057201901307767,0.6383973733406311
shared_incident,335,row_preserved,0.36760171408234843,1.3996010286886074,2.806590177565523,0.0452,0.9157782717036791,3.6215234016057716,6.035201939070905,0.7142128375788026
shared_incident,335,column_shuffled,0.4143292087202639,1.652275340370599,2.845181429754421,0.064,0.9986628518133089,2.432027715599989,3.8116121451226714,0.0005119806289123006
shared_incident,335,incident_stratified,0.3686481373010859,1.5108612157526364,2.811927814029752,0.0506,0.9170289501250566,3.777520309156887,5.743933503229778,0.6247693451920852
shared_incident,336,row_preserved,0.3679385780757622,1.3872474789585725,2.7621768142591594,0.0438,0.9214915642466,3.60485065900956,6.0028599986002344,0.7078705831068742
shared_incident,336,column_shuffled,0.4141867041828052,1.6282435739332108,2.798958781270708,0.0604,0.9955867374726055,2.431363052416338,3.71648925841243,0.0003875995558884372
shared_incident,336,incident_stratified,0.367755819944062,1.4796005624334352,2.798958781270708,0.049,0.9174334809151672,3.8166381271564136,5.568853860366176,0.6209476874769548
shared_incident,337,row_preserved,0.36791284562457305,1.4906456886206427,2.770969399879486,0.0496,0.9106712293048729,3.726316524702964,6.215229705878324,0.7157101698972097
shared_incident,337,column_shuffled,0.4091924843158251,1.7327396942268154,2.7750991245476095,0.07,0.9885931115445067,2.547589923348629,3.614032872047231,0.0008835250289614781
shared_incident,337,incident_stratified,0.3651475942346608,1.5624342400947793,2.7750991245476095,0.0528,0.9126116233791983,3.8489551598434417,6.026108721394619,0.6334194497935993
shared_incident,338,row_preserved,0.3702510944395363,1.444250676887831,3.0136196187828994,0.048,0.9163483277304455,3.7633848456254455,6.449556573524932,0.715308079995899
shared_incident,338,column_shuffled,0.42289130241768114,1.707933240206933,3.05576873053165,0.0698,1.0036912982353536,2.54453339902834,3.905034071229645,0.00730668973272771
shared_incident,338,incident_stratified,0.36879556608585473,1.557387403644018,3.05576873053165,0.0532,0.9166025082589542,3.913352371283862,6.031872238293353,0.6349630227844668
shared_incident,339,row_preserved,0.36863037446165425,1.393772203360303,2.724132322018819,0.0446,0.9192534600321045,3.6380565609589537,6.065515669641059,0.7045698977870671
shared_incident,339,column_shuffled,0.4233119182906213,1.6514754357560104,2.738989258559447,0.0612,1.0076424456910447,2.408085780958813,3.6668712166696293,-0.009879948241632642
shared_incident,339,incident_stratified,0.37020738274230086,1.458767388036679,2.7388197451578966,0.0486,0.9188331278106943,3.8126618080289716,5.756210899897172,0.6363228394805931
shared_incident,340,row_preserved,0.3691636771506042,1.4922347840263097,2.868072521235942,0.0496,0.922589319155844,3.709462044286842,6.179763133277826,0.7207928849988289
shared_incident,340,column_shuffled,0.42346173580021107,1.7119917059237388,2.90326782087711,0.0676,1.0067394471315863,2.4883670682147994,3.882104796567339,-0.007016037947104806
shared_incident,340,incident_stratified,0.37004247805713136,1.579711315604875,2.8992687893453035,0.0548,0.919618736002789,3.9108465605197287,5.917884805473498,0.6326838810296478
shared_incident,341,row_preserved,0.3680407889221163,1.4464624910538515,2.6304208738034,0.048,0.9104045676995463,3.687140543366022,5.857683614712251,0.704876335548124
shared_incident,341,column_shuffled,0.41174450086980185,1.6503990074873258,2.6474190151045507,0.0632,0.9916739833980175,2.432135843555008,3.482287675193924,-0.006049742093298759
shared_incident,341,incident_stratified,0.3686884230664209,1.461847766772971,2.64050119244186,0.0486,0.9152336649152806,3.7468160652869633,5.61155990823902,0.6349250493195043
shared_incident,342,row_preserved,0.37230810800837494,1.476493007704384,2.6069829232886237,0.049,0.9237308708508545,3.7122976065331423,6.09768951350426,0.7273041579542441
shared_incident,342,column_shuffled,0.42093211527528057,1.7289486057346053,2.7093314316460426,0.0704,1.0072590083637385,2.4845331997863696,3.6798001601482198,-0.008458829411430294
shared_incident,342,incident_stratified,0.37487801663293835,1.5674648133318514,2.7093314316460426,0.0528,0.9235455596831322,3.8526086337558763,5.642934663800111,0.6335476360624438
shared_incident,343,row_preserved,0.36956142970309147,1.363561401206379,2.5849504561982584,0.0434,0.9189484445995684,3.5459073028272163,5.980580090306217,0.69290615133559
shared_incident,343,column_shuffled,0.4153958391924903,1.6237042259613643,2.6413183106752145,0.06,0.9884420818756782,2.4404201108415715,3.6270396730346377,0.008251455529845233
shared_incident,343,incident_stratified,0.3692413313698794,1.4669856211852252,2.6413183106752145,0.0482,0.9203647481687559,3.6521567851280916,5.594569617197394,0.6094826781627148
shared_incident,344,row_preserved,0.36936404929511846,1.3991436065545557,2.8277487570194633,0.0454,0.9159113112009245,3.581724716142535,6.287342986285881,0.7220355953665418
shared_incident,344,column_shuffled,0.4149850208735706,1.6879907265355298,2.8465150836298725,0.0648,0.9962827161066254,2.467102883177701,3.6856861260371416,-0.007141445510252829
shared_incident,344,incident_stratified,0.3693148739543579,1.5468943717319328,2.812052745397409,0.0526,0.916163601764809,3.7971006802449443,5.667924760105361,0.6222689224376866
shared_incident,345,row_preserved,0.37336350597283163,1.4631028560716453,2.7895705170808265,0.0492,0.9216039543845937,3.7096983364365745,6.282563637107457,0.72214489462712
shared_incident,345,column_shuffled,0.4182014085029836,1.7270325888341547,2.8691707628421415,0.0692,1.0023237453640255,2.540482791487042,3.7321834975954147,-0.006183394545283185
shared_incident,345,incident_stratified,0.37097122015301565,1.5216568304781894,2.842255588662261,0.0516,0.9198192603231041,3.816434876396202,5.982281574144398,0.6328724953176199
shared_incident,346,row_preserved,0.3692625167236407,1.4864164044925854,2.850145422596338,0.0494,0.9158668046243317,3.7430157684792498,6.282245168679577,0.7120985637716949
shared_incident,346,column_shuffled,0.418046826269748,1.7494450201904506,2.889010968240689,0.0676,0.9945818854655024,2.566299391059338,3.718017465666909,0.0034587017811107852
shared_incident,346,incident_stratified,0.3692625167236407,1.5229580840898826,2.8822718049111526,0.0506,0.9221429144468769,3.8883879327967206,5.910179980927406,0.6358644638316978
shared_incident,347,row_preserved,0.3699725899008779,1.425549935541649,2.7289705694074646,0.0448,0.9113148038980421,3.59001495702398,6.2539538833695385,0.7205656400788323
shared_incident,347,column_shuffled,0.4182315775508954,1.6244492727404611,2.9369319822036135,0.0612,0.9973392970693524,2.4233307737200502,3.770296447700299,-0.003570121933632299
shared_incident,347,incident_stratified,0.37052599121154495,1.5118142933252008,2.8804278229701543,0.0506,0.9129836060321932,3.7560652678189617,5.745341440186365,0.617150705568871
shared_incident,348,row_preserved,0.36808008638387907,1.4222103438411435,2.7009250767441224,0.0466,0.9151898176732373,3.6913386515470004,6.1478499734758145,0.7092818726369554
shared_incident,348,column_shuffled,0.4180015696682123,1.6901410803482917,2.7185828590930554,0.0646,0.9999831946812698,2.492493547393996,3.622933637138844,-0.004336199788760704
shared_incident,348,incident_stratified,0.37059595658339356,1.5231899268749323,2.718159969280534,0.0508,0.9168470617925457,3.7891978450961794,5.6280910874829715,0.6240162431335234
shared_incident,349,row_preserved,0.36826696065456055,1.3046443924556437,2.571262911995528,0.0388,0.9201601566832451,3.3999343491638028,5.698837375614329,0.7166026284254001
shared_incident,349,column_shuffled,0.4160718311249576,1.526432910831769,2.617832399548894,0.0518,0.9942406817320097,2.2927249325553842,3.523179338118105,-0.0029588882330300616
shared_incident,349,incident_stratified,0.3688581235684552,1.3952317231184215,2.617832399548894,0.044,0.9203773913302442,3.4841280561132004,5.285648280557954,0.6221540623032722
shared_incident,350,row_preserved,0.3691993593973245,1.4350009623980657,2.891560697908232,0.0466,0.9140013105949437,3.625709088908086,6.168000358436976,0.7202823073704945
shared_incident,350,column_shuffled,0.4156439895623603,1.6666065927315221,2.906408772335571,0.0652,0.9981328934869482,2.470208123361677,3.8500346021386616,-0.0023647750250367114
shared_incident,350,incident_stratified,0.3689199289175392,1.5372660845412802,2.906408772335571,0.0524,0.9179864482991065,3.729104727908823,5.878020943610874,0.6280279802858028
shared_incident,351,row_preserved,0.3673811001333157,1.3575731323738487,2.6233098173289315,0.0438,0.91462269455525,3.5044492371543035,6.042290273826357,0.7170716382393221
shared_incident,351,column_shuffled,0.4135313826523005,1.6299915995342718,2.6708723194704156,0.0618,0.9923514255096255,2.3758987024447507,3.5892265973719852,-0.007546197218511763
shared_incident,351,incident_stratified,0.3708763860337564,1.4710935770683076,2.665315551742581,0.0492,0.916429537736312,3.7038974911987346,5.500458558890736,0.6115717037412308
shared_incident,352,row_preserved,0.37011786759766707,1.4039439059505097,2.5750659977063264,0.0468,0.9155324802973246,3.5418185074611133,5.838980208600626,0.7020690060036356
shared_incident,352,column_shuffled,0.4169467847866507,1.6609117024631304,2.5893580885914105,0.0646,0.9986778139713641,2.453555237144217,3.523826191698245,-0.0013996894322711156
shared_incident,352,incident_stratified,0.3702222777714553,1.5178150533874704,2.564960103206786,0.0506,0.9153892391288468,3.7074659127447793,5.540785011783189,0.6341869542868585
shared_incident,353,row_preserved,0.36729650245990164,1.4048125542246999,2.7843024182020226,0.044,0.9152096823360852,3.5769785731425996,6.273635699739876,0.7081515475582663
shared_incident,353,column_shuffled,0.40828656374348615,1.639980907363909,2.8248817864910287,0.0606,0.9911137686524435,2.4443995967971133,3.7970843664037,0.0008948455887913398
shared_incident,353,incident_stratified,0.36717666533466764,1.5060945615729522,2.8116575464582105,0.0502,0.9150887706081732,3.727149161516494,5.74583014200679,0.6233575971663086
shared_incident,354,row_preserved,0.3675337800991341,1.445181508025868,2.53361948319814,0.0438,0.9180665905768706,3.4595314767936864,5.837533297447578,0.6868559412677784
shared_incident,354,column_shuffled,0.4127933951030982,1.6156427823415311,2.5723407202020585,0.0606,0.9980482298306911,2.4475803263166753,3.517237953668647,0.00034982990698399487
shared_incident,354,incident_stratified,0.36852519520956983,1.4699021093031686,2.543700514222097,0.0478,0.9171965372399484,3.700992292631228,5.44837323848947,0.6154758200810844
shared_incident,355,row_preserved,0.3706606848049967,1.3660223380860983,2.7598847128189443,0.0438,0.9181878949896702,3.46038861537469,6.213785959002373,0.7043219851109086
shared_incident,355,column_shuffled,0.41975072358598153,1.672769947356039,2.8677263813184806,0.0634,0.9960952256286306,2.4556435287768807,3.6700402609374745,-0.0019012348794286511
shared_incident,355,incident_stratified,0.37169032905771127,1.497527137766333,2.822151813378701,0.0498,0.9190344322655204,3.704577011226755,5.496655539190073,0.6086657732120303
shared_incident,356,row_preserved,0.3663190489174525,1.4330717767057923,2.635626575211448,0.045,0.915319348019632,3.577930423328227,6.101399920421232,0.7156606280708001
shared_incident,356,column_shuffled,0.41724404549767635,1.6521205047824108,2.74521408378876,0.0646,0.9968649329636012,2.442550885928406,3.751209765810949,0.0015204854370417565
shared_incident,356,incident_stratified,0.3668836058122109,1.521440671013695,2.6840419997499616,0.052,0.9162482770274163,3.798296387720521,5.590058564231443,0.6189155392092045
shared_incident,357,row_preserved,0.36568138667477257,1.3221041452366917,2.7203208711295823,0.0416,0.9138610553081506,3.331663927605666,6.280347393418904,0.6978223679245161
shared_incident,357,column_shuffled,0.4113350849735783,1.608407927567081,2.809941781859774,0.0588,0.9838197044807537,2.397665870114044,3.6501737690210136,-0.00491306796137492
shared_incident,357,incident_stratified,0.3661772716350512,1.4521073763776262,2.7306634583901785,0.047,0.9146694305459078,3.6892795597538246,5.590863489269273,0.5838936085552623
shared_incident,358,row_preserved,0.3697322315170992,1.391990557531074,2.735486829133077,0.0452,0.9199399464197252,3.615695041846888,6.193400926079642,0.7065348364626415
shared_incident,358,column_shuffled,0.4190023156662144,1.6428555967847387,2.7612018644196876,0.0626,1.0036174575269174,2.4442073611734085,3.601433158584506,-0.006163656315894283
shared_incident,358,incident_stratified,0.3705487605320834,1.464464683883617,2.735486829133077,0.0484,0.9212991291405725,3.805757132937889,5.745809204233866,0.6248424495894557
shared_incident,359,row_preserved,0.36668304650840267,1.3665767387668966,2.853093430018552,0.0434,0.9168958690070108,3.4967842804983906,6.487905772140512,0.7006060414507441
shared_incident,359,column_shuffled,0.4136744191256476,1.661600973512909,2.9115655013049793,0.062,0.9906238383136666,2.4905886118649683,3.8405977745591815,0.007614863609554798
shared_incident,359,incident_stratified,0.36646914808765807,1.4934594566077948,2.878044681429069,0.0498,0.9166383368841114,3.8109040349319727,5.787682158008554,0.6021163454957756
shared_incident,360,row_preserved,0.3678554800801023,1.2914343331628986,2.5098702578700687,0.0414,0.9146250449814006,3.466424333799625,6.073309816997272,0.7143852642837162
shared_incident,360,column_shuffled,0.4105988854043999,1.6044761402426857,2.697427812728083,0.0608,0.9847638225891426,2.401921142217531,3.576277739559934,-0.0055998650674852464
shared_incident,360,incident_stratified,0.3676865740953186,1.4698500789059432,2.6406066544029527,0.0486,0.9173427371177225,3.707006740961022,5.560536890095689,0.6200847261966399
shared_incident,361,row_preserved,0.36483198421813234,1.3112206042008432,2.813790880040087,0.0424,0.9119267940432297,3.4773401534076127,6.378131157735879,0.7086370257297651
shared_incident,361,column_shuffled,0.4109249346040723,1.6764957517466312,2.872047044586164,0.0626,0.9960644525847936,2.461599206613334,3.698028549851494,-0.0081199808237969
shared_incident,361,incident_stratified,0.3643732387019798,1.502064929301074,2.872047044586164,0.0502,0.9129855257105735,3.7168270870285607,5.773109159368209,0.5979003364033658
shared_incident,362,row_preserved,0.3734389776345474,1.4197110288606105,2.8438796789672063,0.0446,0.9250624473398715,3.584832417386598,6.197595798471019,0.7133518734449442
shared_incident,362,column_shuffled,0.4287598404360625,1.6616136032768425,2.8438796789672063,0.062,1.0146428070620008,2.49871289804077,3.58538312761961,-0.010514397405381097
shared_incident,362,incident_stratified,0.3737696724484563,1.4985576924681536,2.8087759408206274,0.05,0.928708853134613,3.7360696416640824,5.630906130449416,0.6281131065575887
shared_incident,363,row_preserved,0.37251166729285773,1.4830117464546142,2.778931009778211,0.049,0.9199708629987433,3.672431883565082,6.366390894567278,0.692724739430286
shared_incident,363,column_shuffled,0.4279913711131316,1.7154281658543702,2.8294764688316665,0.0678,1.0103043080117247,2.5221554533789305,3.7562715030607574,0.0015333356028940526
shared_incident,363,incident_stratified,0.37155236438848593,1.58485402386629,2.809206014263662,0.056,0.9175951733996794,4.016288818229236,5.674830121548416,0.6178034745450894
shared_incident,364,row_preserved,0.3683226032122287,1.3690414635125872,2.687977455020141,0.0448,0.9184635251946475,3.5704766189828647,5.950818353063126,0.6922628851422575
shared_incident,364,column_shuffled,0.41396135163366504,1.573777644119124,2.7471344248132965,0.059,0.9921490988849453,2.408871123414554,3.618345715935108,0.0034204670750275002
shared_incident,364,incident_stratified,0.3680033283744546,1.4736289964608988,2.716078162327311,0.0488,0.9173734626733683,3.7341754280984882,5.567614207632574,0.5925461418773786
shared_incident,365,row_preserved,0.3677126965619334,1.4117896129116483,2.692325485698869,0.0456,0.9173919642937269,3.5889304412997,6.171108924393565,0.7042431620820232
shared_incident,365,column_shuffled,0.41413075544620587,1.6499021802738034,2.7734645444972146,0.0616,0.9962487952145338,2.4526678399335786,3.801185997728408,0.0046044945872168045
shared_incident,365,incident_stratified,0.3679114270951549,1.4673669697434033,2.7644519859130265,0.0488,0.921194029589597,3.7901723112183205,5.664096193000601,0.6272991531783265
shared_incident,366,row_preserved,0.3698548464355141,1.4024581252550274,2.728701979997297,0.0464,0.919643920052006,3.536781344820146,6.116043411797303,0.6997371034718012
shared_incident,366,column_shuffled,0.42261797370084164,1.6690156877731137,2.830579021245706,0.065,0.9999006800526433,2.5038729745422996,3.5672194154479535,-0.008471020738975736
shared_incident,366,incident_stratified,0.3683472115191419,1.5124164290033972,2.8228513713923125,0.0512,0.9134699067967169,3.801662807083574,5.844394544142377,0.5985330768725242
shared_incident,367,row_preserved,0.3701401524702963,1.346031689505587,2.844257793618192,0.043,0.917059496696979,3.556391085501558,6.071690136626092,0.6975653339637206
shared_incident,367,column_shuffled,0.4124170679753305,1.6609104255856275,2.848486826682362,0.0626,0.9932162829382499,2.4384422572820648,3.7240761207167496,0.009681908899552337
shared_incident,367,incident_stratified,0.36978907486248935,1.5062512260650756,2.844257793618192,0.0502,0.9194041477428123,3.8113743458308385,5.796033689510146,0.6268720845545251
shared_incident,368,row_preserved,0.3663084148607522,1.3983241990682223,2.8183529318279317,0.047,0.9143105689815776,3.666715664281818,6.233239767588705,0.7209797574602543
shared_incident,368,column_shuffled,0.41602379538493933,1.6846598537146114,2.889691156015164,0.0662,0.9965915675157252,2.467222819037017,3.7495998767077365,0.00501512391693538
shared_incident,368,incident_stratified,0.36716639964958186,1.5639572018601813,2.867828219617484,0.0522,0.915458748659946,3.846010245637628,5.860281020028431,0.6352926722907762
shared_incident,369,row_preserved,0.36933528626321277,1.4500436432474735,2.867741701134714,0.0482,0.9217195200566975,3.6570847002283218,6.477178110420576,0.7066661948079408
shared_incident,369,column_shuffled,0.41756131763683335,1.7344124051059313,2.907061521288568,0.069,0.9973831327885603,2.550691222270679,3.79497363313774,0.0066630950452840065
shared_incident,369,incident_stratified,0.36841174095773016,1.5714069968927336,2.907061521288568,0.054,0.9143304239980272,3.91330865177786,5.877611408175927,0.6240542824683685
shared_incident,370,row_preserved,0.36855022835762113,1.3929992282786163,2.6539892410410886,0.044,0.9147700215649568,3.6165745307681894,5.972053995388418,0.7036579626923816
shared_incident,370,column_shuffled,0.42152207349278326,1.6362727175918517,2.70337706077252,0.0612,1.006343834014927,2.3942689749747497,3.6650637751741533,-0.0066318735881873035
shared_incident,370,incident_stratified,0.3700427050576688,1.4996555135188332,2.697932412657587,0.05,0.9176101398532819,3.780019238020233,5.690700895237393,0.5924490251788075
shared_incident,371,row_preserved,0.37255733725224954,1.4914461585532937,2.726817758435505,0.0494,0.9191063692277155,3.754286002796226,6.018411178797143,0.7025882277977065
shared_incident,371,column_shuffled,0.42297661351405524,1.7026508686883561,2.757271384314132,0.069,1.0012194866352853,2.5100427304409734,3.7442123744706817,0.00020982841285005984
shared_incident,371,incident_stratified,0.374695850154242,1.5526071172262663,2.7408713225607295,0.0532,0.9232553132053339,3.8966995847669934,5.77596347177739,0.6237390220356481
shared_incident,372,row_preserved,0.3720469919806355,1.428145280374339,2.862918011246628,0.0466,0.9231397455510328,3.6275914488185577,6.153380482365736,0.7094009239558945
shared_incident,372,column_shuffled,0.4285336136772274,1.6609455939699598,2.9119452025900845,0.0632,1.0152162385063968,2.4757892728506135,3.7072312092819355,-0.001831769892046231
shared_incident,372,incident_stratified,0.3721425393118996,1.4948002446015594,2.9064133466265716,0.0494,0.9180775694093728,3.7561087362968477,5.878049114871477,0.6226491039908414
shared_incident,373,row_preserved,0.37251411726702505,1.457568726380507,2.7857541967944277,0.0478,0.9220819378290261,3.6513096940797554,6.177514038646667,0.7077871340583223
shared_incident,373,column_shuffled,0.42245149686889044,1.6439666417992176,2.8116219239646667,0.0654,0.9950068114007997,2.4964702089949493,3.679820353599196,-0.004611196434929217
shared_incident,373,incident_stratified,0.3703693168948265,1.5547419237303484,2.811484712398995,0.0532,0.9182713341302245,3.78978494160486,5.652038632455431,0.6195625757787929
shared_incident,374,row_preserved,0.3714846510484292,1.4563292861778514,2.790858705878452,0.048,0.9136032946459537,3.7723831705419375,6.521641637677511,0.7270397044520681
shared_incident,374,column_shuffled,0.4195153850613439,1.7210544954732623,2.797237918122786,0.0682,1.003691818511959,2.532045200873499,3.7000677877827197,-0.0005853461446884567
shared_incident,374,incident_stratified,0.3738035428015981,1.5667834875940676,2.7915463262959554,0.0528,0.924826401483853,3.9468585874825965,5.797776619634218,0.6395821334354518
shared_incident,375,row_preserved,0.3708202664228628,1.4322672654294615,2.6600671118740733,0.046,0.9232210691904528,3.5698009771081303,6.049106004359835,0.7137993380083678
shared_incident,375,column_shuffled,0.41573850842073856,1.6487979018329613,2.669493850718662,0.0654,1.001048574298074,2.4882970550337946,3.539443652086307,-0.0024388700973992923
shared_incident,375,incident_stratified,0.3715400195562467,1.5308338705603295,2.669493850718662,0.0518,0.9249078541299003,3.7408402198070485,5.730505069050001,0.6136820494543356
shared_incident,376,row_preserved,0.37300006151771836,1.3894620665282815,2.650625643404121,0.0454,0.9205246524733418,3.595905677110278,5.992302620065644,0.7102897739487486
shared_incident,376,column_shuffled,0.4184125851222591,1.6234477882534177,2.698897005576634,0.0624,0.9946685894900714,2.420176088427729,3.555318593380658,0.006519924067588168
shared_incident,376,incident_stratified,0.3713869955094886,1.5162339351038179,2.6967198431581534,0.0514,0.9203093975022333,3.7912252751412807,5.662086673258397,0.6281445727180341
shared_incident,377,row_preserved,0.3723279052641255,1.4000084015407064,2.597841755930174,0.0446,0.9249817754927803,3.637778027527686,5.829444792433026,0.7025791805601765
shared_incident,377,column_shuffled,0.41725617009284316,1.6625349830894145,2.7426053271454727,0.0628,0.9974144427210057,2.4315082530447136,3.5980523268438453,-0.00202016905836404
shared_incident,377,incident_stratified,0.3734404001130825,1.4902156798480792,2.7231842699728133,0.0492,0.9201395141370288,3.762974570648001,5.576777425443452,0.6311738383696474
shared_incident,378,row_preserved,0.3694961935500671,1.3789685787217472,2.619875883553988,0.0448,0.9171225429882962,3.4589571164807973,6.042736134040941,0.6973829441447029
shared_incident,378,column_shuffled,0.4131846879103568,1.6387557591683537,2.630805642813324,0.0624,0.988147704033913,2.4297871357816128,3.531498469757779,0.002030774707602396
shared_incident,378,incident_stratified,0.368257355699442,1.492550591947264,2.6278325303623675,0.0494,0.9108348762476816,3.619555475330409,5.588850386387635,0.6227331940092324
shared_incident,379,row_preserved,0.3736778626769591,1.4484806085786182,2.8349530161046723,0.0484,0.9221983597390838,3.670672267341433,5.876520988052293,0.6964299406314258
shared_incident,379,column_shuffled,0.41800060785713156,1.6321053331626139,2.8543439816371006,0.0636,0.994033243948611,2.4543973726761465,3.624728399458987,0.0020623958758432966
shared_incident,379,incident_stratified,0.3716861421020984,1.5238179695718195,2.8440582733697397,0.052,0.919275639642203,3.826826102448572,5.609424694458912,0.621351202154008
shared_incident,380,row_preserved,0.3688992115966035,1.431487949410522,2.7919941257171397,0.0472,0.9110361470926606,3.7026550498342994,6.291231454046832,0.7128699171352152
shared_incident,380,column_shuffled,0.41852766041137274,1.6955925630527682,2.8030221391534726,0.066,0.9973384358224255,2.487644132787577,3.7704554398112746,-0.003257065307751396
shared_incident,380,incident_stratified,0.3685771086690517,1.5584229279109176,2.7931542077906606,0.0528,0.9171229809290651,3.8263063838337112,5.8234185946136545,0.6185673441199424
shared_incident,381,row_preserved,0.3689682546287375,1.4307543379283385,2.548913014082903,0.0466,0.9221317481985729,3.586688299440394,5.9071307230738075,0.6861322935353283
shared_incident,381,column_shuffled,0.41660901272580725,1.6399926332589083,2.622820631119103,0.0636,0.9946567873129177,2.4259752745158156,3.5809175276075447,0.009307315468252612
shared_incident,381,incident_stratified,0.3687007891826445,1.5398948579161653,2.615306745970955,0.052,0.9216998688798856,3.7310546334856265,5.448341430547181,0.6020061123287131
shared_incident,382,row_preserved,0.37041564385759396,1.351205802715836,2.7008518736430456,0.043,0.9173875765887025,3.549041101480776,6.1047774253179155,0.7152125400283064
shared_incident,382,column_shuffled,0.40905410427434985,1.6391185816894358,2.7680540353083907,0.061,0.9915848984633691,2.433964410823608,3.692820010950487,0.0017552646880501614
shared_incident,382,incident_stratified,0.36963454101036985,1.493953163255824,2.7524354533349835,0.0492,0.9156532181249305,3.813054052432631,5.694386767390915,0.6180981238953753
shared_incident,383,row_preserved,0.3662559614411486,1.4832620894148225,2.7492718282940287,0.0494,0.912774251592469,3.7884589981208903,6.000296762559495,0.703620141146716
shared_incident,383,column_shuffled,0.42066192422017373,1.6562021260309874,2.8095487868789495,0.0638,1.0055302623856197,2.479685363374427,3.7319897843495156,-0.008694861697675369
shared_incident,383,incident_stratified,0.3666342729326594,1.5362270099281006,2.794373625341765,0.0526,0.916725657042313,3.8369953779755064,5.666358320993481,0.6282967949183587
shared_incident,384,row_preserved,0.3659755858466568,1.4728335792501626,2.654958910249261,0.0482,0.9124019533902616,3.6846714641186167,5.949063592879761,0.697435275070536
shared_incident,384,column_shuffled,0.4154494734591116,1.6147019228358108,2.6776170049889427,0.0622,0.9923549352768533,2.454347758451655,3.6742063967629237,0.012520945315471065
shared_incident,384,incident_stratified,0.36597971346207164,1.5257982557511296,2.683796869014822,0.0516,0.913891412161927,3.837397513986941,5.5110568746058295,0.6211922388609364
shared_incident,385,row_preserved,0.36819629040652213,1.2962996307038948,2.815209929451534,0.0408,0.9169396932954008,3.254224560667102,6.182916115423144,0.6802257888958958
shared_incident,385,column_shuffled,0.4099851111829861,1.5897043206621522,2.815209929451534,0.057,0.9862293975334361,2.333989045138952,3.781131211123248,-0.006369995160119573
shared_incident,385,incident_stratified,0.3684609298374577,1.4396650993413418,2.8348342951595145,0.0456,0.9188496339148042,3.581762440975315,5.61340990283534,0.576206489328003
shared_incident,386,row_preserved,0.37174601190955364,1.4316920331495298,2.9339238033098427,0.046,0.9253175293971007,3.6829462356270253,6.3488958869983545,0.7053170604227558
shared_incident,386,column_shuffled,0.4190191994127548,1.683516065846046,2.9435675992591013,0.0622,1.0004296580319267,2.4900006481597043,3.8372558156906638,0.006148291239773766
shared_incident,386,incident_stratified,0.3727798776282513,1.4877793242363646,2.953329464541473,0.0494,0.9273952790991424,3.808698428663767,5.712644603834917,0.616590692805957
shared_incident,387,row_preserved,0.36955830987727567,1.3916639784269578,2.7591590695770747,0.0442,0.9162790000086294,3.591359524659344,6.108457060318056,0.6922156019987232
shared_incident,387,column_shuffled,0.4135038424718192,1.6482212118061115,2.8458971777973243,0.0632,0.997966567689691,2.451709669417661,3.691971437117482,-0.007865804366587502
shared_incident,387,incident_stratified,0.3726206380703798,1.490191359248921,2.7591590695770747,0.0498,0.9248379159561944,3.7514742386476643,5.845002934591778,0.6143302041247133
shared_incident,388,row_preserved,0.368674420231371,1.4460291884811218,2.909791642430517,0.0476,0.920049510629761,3.717935913121836,6.655868515167975,0.7298259874597957
shared_incident,388,column_shuffled,0.4187163507351932,1.717378365233459,3.0071222109528155,0.0674,0.9927994656720254,2.538318084341549,3.8753765001369773,0.0015100365646860327
shared_incident,388,incident_stratified,0.368674420231371,1.5787919272179465,3.0071222109528155,0.054,0.9180570718453999,3.949604132431473,5.968175998702328,0.625357516002139
shared_incident,389,row_preserved,0.36912043778679066,1.335531523160553,2.608474207034726,0.0416,0.9134778064754773,3.44894506956195,5.980758343548435,0.7160431428253936
shared_incident,389,column_shuffled,0.4121951713557911,1.57876174090378,2.623396957479384,0.059,0.9914555959873584,2.3881430271246096,3.5313530314332664,-0.006404017275682416
shared_incident,389,incident_stratified,0.3694526911892212,1.4538281163615412,2.623396957479384,0.047,0.9178336431188913,3.726533414064602,5.602652571342441,0.6284305079938334
shared_incident,390,row_preserved,0.36612624976164476,1.3217703681849633,2.818727852982289,0.0416,0.9129420823458133,3.360822872449071,6.0333547440640745,0.7063247836945189
shared_incident,390,column_shuffled,0.4131659819031663,1.6387345930767345,2.89785209825512,0.06,0.980395657574018,2.385138710861577,3.6863524273080963,0.008288870734708362
shared_incident,390,incident_stratified,0.36645866648426284,1.4680459887032018,2.8721786830848983,0.0482,0.9139124995176149,3.6393691650286524,5.828979688036302,0.6142141449274829
shared_incident,391,row_preserved,0.36884573950134375,1.5008710386944635,2.7891713279199553,0.0502,0.9202119949510867,3.78423871229346,6.358458119344087,0.6967632647545399
shared_incident,391,column_shuffled,0.421854443376829,1.72325093948866,2.819682276150574,0.0692,1.0071426484841797,2.5125820924479907,3.7789994714627566,0.0035510499321612203
shared_incident,391,incident_stratified,0.3680208715311046,1.5960511367713541,2.7563990342020404,0.0542,0.9210998070671297,3.925955000803852,5.849973453958764,0.6139433535132518
shared_incident,392,row_preserved,0.3693281319374535,1.3885250055722924,2.712193800558696,0.0446,0.9140617484581944,3.653368964581401,5.826088865981163,0.6994867574519824
shared_incident,392,column_shuffled,0.41892736063547537,1.6483056995750378,2.747631078306876,0.0604,0.9930545601323635,2.4292012858655383,3.7353569090926753,-0.005315589956158248
shared_incident,392,incident_stratified,0.36758473492044297,1.4849469580876784,2.747631078306876,0.049,0.9141430692940684,3.7647337419675857,5.6846658298381785,0.6008018501501392
shared_incident,393,row_preserved,0.36587568895452804,1.4609225752273753,2.8678570884949752,0.0468,0.9100731902234624,3.5885645802418997,6.25176317871593,0.7158766546711904
shared_incident,393,column_shuffled,0.4070467283435705,1.745463887263414,2.924212983946839,0.0692,0.9787830019749174,2.5704860973988137,3.7253304667377534,0.016419722319340704
shared_incident,393,incident_stratified,0.36567865143683087,1.5494375866533987,2.924212983946839,0.0516,0.9161879937494946,3.9655092552000943,5.904926226447902,0.5884061098842993
shared_incident,394,row_preserved,0.37002219162478583,1.4887595724305134,2.8125464565310834,0.0494,0.9228423983592164,3.7558800354102173,6.0397243494107276,0.7029187896539626
shared_incident,394,column_shuffled,0.4203508504910382,1.7116783626965288,2.847095642817263,0.0694,1.0063102470800636,2.5212091185759613,3.750837942726149,0.0031057903655757543
shared_incident,394,incident_stratified,0.3715870889881384,1.5753451849057785,2.8286724481802583,0.0544,0.9213199307071527,3.840934865654849,5.846296359358082,0.6182513169722492
shared_incident,395,row_preserved,0.3714449265148876,1.4783776628333727,2.6395427672620837,0.0478,0.9214226357936579,3.6532862668173287,6.1980698933417475,0.7289749663611061
shared_incident,395,column_shuffled,0.4221294857928413,1.7382743913392713,2.7071037526337003,0.0678,1.0048750151286705,2.496000608137543,3.70596771854687,0.013854971816292078
shared_incident,395,incident_stratified,0.3717334565499232,1.6070389842924684,2.699509801185729,0.0548,0.9219205596843312,3.876018478082303,5.684254219637952,0.6244821087598756
shared_incident,396,row_preserved,0.3717454610365927,1.4150178477193032,2.730206695660302,0.0432,0.9219421925758929,3.655062968352652,5.946911852085011,0.7068360765213652
shared_incident,396,column_shuffled,0.4214957683247255,1.5828637749621548,2.8045324333625166,0.0566,1.013069122659942,2.4494819945734547,3.817086252652047,0.007403002008142631
shared_incident,396,incident_stratified,0.37284996611396304,1.4798769197983839,2.8045324333625166,0.0486,0.923412903314594,3.833215506960201,5.576055777803035,0.6097358617127657
shared_incident,397,row_preserved,0.36837590847456625,1.3527400546645065,2.620016830252908,0.0424,0.9206237435162754,3.4689785164048503,5.872986076954318,0.700408581957103
shared_incident,397,column_shuffled,0.4124733730707244,1.616772532299977,2.6496207893221357,0.0598,0.9937946882561028,2.3774070052529384,3.4803097485977736,-0.007112107889757789
shared_incident,397,incident_stratified,0.36856452293684816,1.4266505813484964,2.620016830252908,0.047,0.9182217550357415,3.664214159349055,5.741689049588839,0.6357468880499489
shared_incident,398,row_preserved,0.368800965739694,1.35219479721971,2.579425424453255,0.0438,0.9223325882517712,3.46258244166197,5.9742488427752924,0.7023748510389832
shared_incident,398,column_shuffled,0.4124301401996071,1.6048383346908675,2.66556717317261,0.061,0.9872888600619436,2.4143648825695916,3.492428420325366,0.0008874634771254369
shared_incident,398,incident_stratified,0.3688714888526101,1.467917345255052,2.6589421195270098,0.0488,0.9187385021782803,3.6589446223923785,5.662967180577254,0.6190152702498793
shared_incident,399,row_preserved,0.36647213640122744,1.2962189213918116,2.508246812391502,0.0408,0.9152701166158144,3.3689887233445392,5.8100386308907455,0.7219125653312499
shared_incident,399,column_shuffled,0.4120596987284699,1.636266358243925,2.5495101554721282,0.0596,0.9901407352924045,2.404087914120105,3.459242082408565,0.00307434047351164
shared_incident,399,incident_stratified,0.36710775528790823,1.445541750085105,2.526953896374791,0.047,0.9132652893167331,3.650021540892966,5.478795680655926,0.6289778042689635
independent_incidents,0,row_preserved,0.4178262381694195,1.642262204118235,2.7064346879050207,0.0624,1.000279645612458,2.4254632600814725,3.5600296401001508,-0.005512233108943173
independent_incidents,0,column_shuffled,0.41509424408513795,1.6417805138442443,2.7064346879050207,0.062,0.9921186721343267,2.425914613215104,3.601724455717378,-0.003295994077339296
independent_incidents,0,incident_stratified,0.41509424408513795,1.6417805138442443,2.7064346879050207,0.062,0.9921186721343267,2.425914613215104,3.601724455717378,-0.003295994077339296
independent_incidents,1,row_preserved,0.42260210262398423,1.697890809229283,2.732060380604755,0.0674,1.0046984457056463,2.540048075545589,3.648842429012558,-0.005312954714076823
independent_incidents,1,column_shuffled,0.4254988919599539,1.6955115536139245,2.732060380604755,0.0678,1.0023843005723063,2.5118980883001423,3.6380407899891174,-0.011223113316316737
independent_incidents,1,incident_stratified,0.4254988919599539,1.6955115536139245,2.732060380604755,0.0678,1.0023843005723063,2.5118980883001423,3.6380407899891174,-0.011223113316316737
independent_incidents,2,row_preserved,0.41758763235220586,1.638133223399027,2.778016821591817,0.062,1.0038430740624198,2.421680368251023,3.5638415765433034,-0.012668246763376918
independent_incidents,2,column_shuffled,0.41360396562918367,1.6189955468188093,2.778016821591817,0.0612,0.9966232440682116,2.4608512946614693,3.7508871605930416,0.001897222287786544
independent_incidents,2,incident_stratified,0.41360396562918367,1.6189955468188093,2.778016821591817,0.0612,0.9966232440682116,2.4608512946614693,3.7508871605930416,0.001897222287786544
independent_incidents,3,row_preserved,0.42007430952640934,1.6580359119967687,2.7625223233628735,0.067,1.0000509628244094,2.449474715922122,3.792214943918155,0.0019522510429349183
independent_incidents,3,column_shuffled,0.42004657516546706,1.6580359119967687,2.7625223233628735,0.0668,1.0029169176042663,2.4647264932770194,3.678097760465766,-0.00502507802996829
independent_incidents,3,incident_stratified,0.42004657516546706,1.6580359119967687,2.7625223233628735,0.0668,1.0029169176042663,2.4647264932770194,3.678097760465766,-0.00502507802996829
independent_incidents,4,row_preserved,0.4213175131174814,1.675230355882795,2.8403168133215977,0.0648,0.992913718687304,2.484999646932955,3.7989925144767316,0.002265897100026688
independent_incidents,4,column_shuffled,0.4187228681106599,1.700521124406491,2.873817116667935,0.0666,0.996407121788508,2.51830867202164,3.650954063059986,-0.0011617070363063003
independent_incidents,4,incident_stratified,0.4187228681106599,1.700521124406491,2.873817116667935,0.0666,0.996407121788508,2.51830867202164,3.650954063059986,-0.0011617070363063003
independent_incidents,5,row_preserved,0.4223768649676117,1.6743801622449663,2.760427710256668,0.0646,0.9992797249108463,2.4832178287919637,3.661237315659645,0.011025850285968584
independent_incidents,5,column_shuffled,0.42114448967661605,1.6792415068744964,2.760427710256668,0.0652,1.0011438297260278,2.454932118883223,3.6644466135736065,-0.004417852092361182
independent_incidents,5,incident_stratified,0.42114448967661605,1.6792415068744964,2.760427710256668,0.0652,1.0011438297260278,2.454932118883223,3.6644466135736065,-0.004417852092361182
independent_incidents,6,row_preserved,0.41989950365762524,1.6473014021854369,2.8030118388416914,0.0622,1.0011691340294693,2.4549990072616508,3.694680431173559,0.00015236744723966404
independent_incidents,6,column_shuffled,0.4216427167395493,1.6653513085476617,2.8112419311104584,0.0634,1.0066398861995904,2.470977285459133,3.8096462366627293,-0.0011306271162350144
independent_incidents,6,incident_stratified,0.4216427167395493,1.6653513085476617,2.8112419311104584,0.0634,1.0066398861995904,2.470977285459133,3.8096462366627293,-0.0011306271162350144
independent_incidents,7,row_preserved,0.41687725614100046,1.704050429039298,2.8456557303095744,0.0646,1.0005206596522893,2.5264791535991664,3.7575817178937,0.006330295028767054
independent_incidents,7,column_shuffled,0.41713068684761345,1.7045711693879209,2.8441948947164004,0.0648,0.9949077115542453,2.480814270721702,3.7325914363706385,0.012250542269681903
independent_incidents,7,incident_stratified,0.41713068684761345,1.7045711693879209,2.8441948947164004,0.0648,0.9949077115542453,2.480814270721702,3.7325914363706385,0.012250542269681903
independent_incidents,8,row_preserved,0.41717330680704295,1.7375727765677675,2.809265537387385,0.0694,1.0005618257861135,2.522857008995551,3.6823864378121005,-0.002918025272197628
independent_incidents,8,column_shuffled,0.42046404966042683,1.7375727765677675,2.809265537387385,0.0692,1.0057385453602543,2.510716617964701,3.6433302125179337,-0.0016819136495832244
independent_incidents,8,incident_stratified,0.42046404966042683,1.7375727765677675,2.809265537387385,0.0692,1.0057385453602543,2.510716617964701,3.6433302125179337,-0.0016819136495832244
independent_incidents,9,row_preserved,0.41801859456800305,1.6647402570247125,2.7396163134375047,0.0634,0.9950836867589891,2.4705982700540132,3.5331001960714348,-0.011274234034576872
independent_incidents,9,column_shuffled,0.4151483613664312,1.6508047583492285,2.7339525984982735,0.062,0.9944415864887399,2.4832092818675653,3.6536795666177415,0.01006532993607894
independent_incidents,9,incident_stratified,0.4151483613664312,1.6508047583492285,2.7339525984982735,0.062,0.9944415864887399,2.4832092818675653,3.6536795666177415,0.01006532993607894
independent_incidents,10,row_preserved,0.41555749833853356,1.6210184841276103,2.8129688261408363,0.0592,0.9973190006912366,2.4271811500121934,3.7101870041034135,0.005362750010160459
independent_incidents,10,column_shuffled,0.41629064886984735,1.6094181559745981,2.8129688261408363,0.0586,0.9945666808740761,2.3884479470567204,3.626835320558861,-0.0011929185590542231
independent_incidents,10,incident_stratified,0.41629064886984735,1.6094181559745981,2.8129688261408363,0.0586,0.9945666808740761,2.3884479470567204,3.626835320558861,-0.0011929185590542231
independent_incidents,11,row_preserved,0.41854959756052446,1.6365329902472712,2.8543975454049186,0.0624,1.0005790890038062,2.4361044866712893,3.781528441127589,0.0038897348545101017
independent_incidents,11,column_shuffled,0.4196353160708244,1.6433119968355794,2.8543975454049186,0.0626,0.9976121655618496,2.458408431351529,3.8204735842772113,0.002602819940439489
independent_incidents,11,incident_stratified,0.4196353160708244,1.6433119968355794,2.8543975454049186,0.0626,0.9976121655618496,2.458408431351529,3.8204735842772113,0.002602819940439489
independent_incidents,12,row_preserved,0.4123506038805964,1.6846648264040973,2.9592035746811196,0.0658,0.9889396417044252,2.4655731398579306,3.882908999031728,0.0038954030470900597
independent_incidents,12,column_shuffled,0.41780111694574495,1.6846648264040973,2.9348532132469756,0.0654,0.9971922206506332,2.498052712836279,3.7172628192232984,-0.007688222279237101
independent_incidents,12,incident_stratified,0.41780111694574495,1.6846648264040973,2.9348532132469756,0.0654,0.9971922206506332,2.498052712836279,3.7172628192232984,-0.007688222279237101
independent_incidents,13,row_preserved,0.4140209786059723,1.6611954750138205,2.8183324866214083,0.065,0.9971560397204883,2.4355079991031787,3.7714660224782,0.008665353907414535
independent_incidents,13,column_shuffled,0.4146458088037405,1.6758507002829013,2.8183324866214083,0.0658,0.996986228310379,2.4735776747890283,3.636503182831081,-0.00901167457233541
independent_incidents,13,incident_stratified,0.4146458088037405,1.6758507002829013,2.8183324866214083,0.0658,0.996986228310379,2.4735776747890283,3.636503182831081,-0.00901167457233541
independent_incidents,14,row_preserved,0.4144018079358663,1.6597772983601566,2.8331721520663233,0.0622,0.9950735369373356,2.4633011536848795,3.7158756155993737,-0.002779484619202515
independent_incidents,14,column_shuffled,0.416123949822884,1.662987310085152,2.8331721520663233,0.0628,0.9969524269176302,2.4633622864680405,3.620503470736055,-0.004309463287863582
independent_incidents,14,incident_stratified,0.416123949822884,1.662987310085152,2.8331721520663233,0.0628,0.9969524269176302,2.4633622864680405,3.620503470736055,-0.004309463287863582
independent_incidents,15,row_preserved,0.4158168158752661,1.683306416499454,3.049766964216471,0.0674,0.9965329298572131,2.5114446623482922,3.928966636222538,0.005748919005009258
independent_incidents,15,column_shuffled,0.41828098713142703,1.682876981935597,3.049766964216471,0.0674,0.9975739680316017,2.519265328989478,3.817570698921985,0.0019882831835399324
independent_incidents,15,incident_stratified,0.41828098713142703,1.682876981935597,3.049766964216471,0.0674,0.9975739680316017,2.519265328989478,3.817570698921985,0.0019882831835399324
independent_incidents,16,row_preserved,0.41981880396307153,1.6607109841305483,2.819706259721508,0.0632,0.9991460981196874,2.439876541800376,3.644503819406691,-0.004006072885112452
independent_incidents,16,column_shuffled,0.41608554396308833,1.6607109841305483,2.819706259721508,0.0626,0.9930856783407557,2.47448309881664,3.5975975497565624,0.0011466783579650135
independent_incidents,16,incident_stratified,0.41608554396308833,1.6607109841305483,2.819706259721508,0.0626,0.9930856783407557,2.47448309881664,3.5975975497565624,0.0011466783579650135
independent_incidents,17,row_preserved,0.41025322205720305,1.6579093782255492,2.8115889545800195,0.0628,0.9898580904781002,2.3992803726143537,3.6764596652126413,-0.009480247285878245
independent_incidents,17,column_shuffled,0.40871311069097216,1.6457005156294797,2.8115889545800195,0.0616,0.990704090523782,2.4357180798434195,3.7643912245244375,0.0018718444041462938
independent_incidents,17,incident_stratified,0.40871311069097216,1.6457005156294797,2.8115889545800195,0.0616,0.990704090523782,2.4357180798434195,3.7643912245244375,0.0018718444041462938
independent_incidents,18,row_preserved,0.41942818210056604,1.6495094156677543,2.7642180716209026,0.0652,1.0027830849970796,2.487500940201905,3.5344213529951,-0.009618157293005256
independent_incidents,18,column_shuffled,0.4160927730985787,1.6579277773663028,2.7339497123108374,0.0652,0.9973002642071445,2.459320488321232,3.6131941774867657,0.00015443871579199934
independent_incidents,18,incident_stratified,0.4160927730985787,1.6579277773663028,2.7339497123108374,0.0652,0.9973002642071445,2.459320488321232,3.6131941774867657,0.00015443871579199934
independent_incidents,19,row_preserved,0.41940421723416377,1.7306998614125801,2.841639818260279,0.0728,1.0002297696819549,2.5371761246034703,3.732253762769619,-0.004101362162502036
independent_incidents,19,column_shuffled,0.4179306329621858,1.7299744477225139,2.841639818260279,0.0716,1.0026836496127571,2.5180808806899053,3.9830682308392573,-0.0008076602577050772
independent_incidents,19,incident_stratified,0.4179306329621858,1.7299744477225139,2.841639818260279,0.0716,1.0026836496127571,2.5180808806899053,3.9830682308392573,-0.0008076602577050772
independent_incidents,20,row_preserved,0.418029764030531,1.6766922633936838,2.8901463100733875,0.0684,1.0018828200017518,2.5102010548580007,3.7142787115448543,-0.0005042050603377473
independent_incidents,20,column_shuffled,0.4169899442423669,1.669478502689256,2.8490848252372896,0.067,0.9984087274831174,2.4790461063209355,3.715696521552693,0.005042207357896913
independent_incidents,20,incident_stratified,0.4169899442423669,1.669478502689256,2.8490848252372896,0.067,0.9984087274831174,2.4790461063209355,3.715696521552693,0.005042207357896913
independent_incidents,21,row_preserved,0.41372314852004227,1.6422599919317216,2.7522819751471026,0.0622,0.9990419673683639,2.4326770122108914,3.539441002730046,-0.00728991241947681
independent_incidents,21,column_shuffled,0.41269003623929146,1.6243078485161822,2.7522819751471026,0.0616,0.9948232428615464,2.4431550670395814,3.680823315353144,-0.000745558261932803
independent_incidents,21,incident_stratified,0.41269003623929146,1.6243078485161822,2.7522819751471026,0.0616,0.9948232428615464,2.4431550670395814,3.680823315353144,-0.000745558261932803
independent_incidents,22,row_preserved,0.4112777878003502,1.646447264783858,2.6955641723583,0.065,0.9912493191596763,2.429874543064004,3.6819692332686063,-0.00010998004426869712
independent_incidents,22,column_shuffled,0.4123744129954836,1.646447264783858,2.6955641723583,0.0644,0.9883935513400001,2.441523458640491,3.7573919624238616,0.008864648177313946
independent_incidents,22,incident_stratified,0.4123744129954836,1.646447264783858,2.6955641723583,0.0644,0.9883935513400001,2.441523458640491,3.7573919624238616,0.008864648177313946
independent_incidents,23,row_preserved,0.41613023308750297,1.7353459511913325,2.808672631399096,0.0688,0.9889058111362632,2.562793312388351,3.6585026499921973,0.001742873702574284
independent_incidents,23,column_shuffled,0.4190765492588757,1.7310848008359994,2.792029439435189,0.0684,0.9943508231433263,2.5296317068681096,3.6927539229506676,0.0023055467024217257
independent_incidents,23,incident_stratified,0.4190765492588757,1.7310848008359994,2.792029439435189,0.0684,0.9943508231433263,2.5296317068681096,3.6927539229506676,0.0023055467024217257
independent_incidents,24,row_preserved,0.41494554365217284,1.6298879658214251,2.6449145241165546,0.0606,1.000322758756008,2.3868362004238968,3.4199697655090313,-0.01510765138083435
independent_incidents,24,column_shuffled,0.41076853627297777,1.6229955405301155,2.6449145241165546,0.0596,0.992276778696028,2.4273542369445673,3.5134749071194715,0.0016211076660274763
independent_incidents,24,incident_stratified,0.41076853627297777,1.6229955405301155,2.6449145241165546,0.0596,0.992276778696028,2.4273542369445673,3.5134749071194715,0.0016211076660274763
independent_incidents,25,row_preserved,0.4192356796496199,1.6281937875728776,2.651537115664089,0.0604,0.9950358646430004,2.4164773463499,3.5407529945187575,0.005017618100350137
independent_incidents,25,column_shuffled,0.41867731517254514,1.626497188634249,2.651537115664089,0.0608,0.9960061106094718,2.407667178853995,3.5925228120472013,0.0009926158379065942
independent_incidents,25,incident_stratified,0.41867731517254514,1.626497188634249,2.651537115664089,0.0608,0.9960061106094718,2.407667178853995,3.5925228120472013,0.0009926158379065942
independent_incidents,26,row_preserved,0.41807608334871654,1.6663703505339469,2.652966121996838,0.0636,0.9915907165623872,2.4517670271915044,3.4082863319656864,-0.0052279028018566015
independent_incidents,26,column_shuffled,0.41704909295089254,1.6650025942601867,2.6309304433287837,0.0636,0.9924791273746075,2.4669834352867657,3.4907158753583114,0.0016714567515053087
independent_incidents,26,incident_stratified,0.41704909295089254,1.6650025942601867,2.6309304433287837,0.0636,0.9924791273746075,2.4669834352867657,3.4907158753583114,0.0016714567515053087
independent_incidents,27,row_preserved,0.41178102110354176,1.6654713197865745,2.616039053743734,0.063,0.9932399179683322,2.4098615269662442,3.5698300297269205,-0.0030660392932481723
independent_incidents,27,column_shuffled,0.41128966078971196,1.6684937681597913,2.616039053743734,0.0632,0.9927366908595389,2.4290568842533635,3.691802008411882,0.0019907064340150787
independent_incidents,27,incident_stratified,0.41128966078971196,1.6684937681597913,2.616039053743734,0.0632,0.9927366908595389,2.4290568842533635,3.691802008411882,0.0019907064340150787
independent_incidents,28,row_preserved,0.41636939688410024,1.6806506161434844,2.6696236724115963,0.0638,0.998576645171074,2.4493924200533077,3.447949174213542,-0.008902511155694152
independent_incidents,28,column_shuffled,0.41557487203959165,1.6744971038020262,2.6557415031765603,0.0636,0.9974503283447128,2.4735778116292404,3.5657919263488425,0.0020291419866301746
independent_incidents,28,incident_stratified,0.41557487203959165,1.6744971038020262,2.6557415031765603,0.0636,0.9974503283447128,2.4735778116292404,3.5657919263488425,0.0020291419866301746
independent_incidents,29,row_preserved,0.41690218501797144,1.6251112666735164,2.738183828215413,0.0594,0.9997057677617138,2.398435169042205,3.679309069285811,0.007643281343379151
independent_incidents,29,column_shuffled,0.42015496773459915,1.62317066183666,2.738183828215413,0.0594,0.9982627073909294,2.4243211067610817,3.6106134458223296,-0.007639539374117294
independent_incidents,29,incident_stratified,0.42015496773459915,1.62317066183666,2.738183828215413,0.0594,0.9982627073909294,2.4243211067610817,3.6106134458223296,-0.007639539374117294
independent_incidents,30,row_preserved,0.41660433199151103,1.694047852379924,2.572091404941248,0.0678,0.9936366731528572,2.4786244318719124,3.541372739827699,-0.006168815771780218
independent_incidents,30,column_shuffled,0.4138829449925516,1.694214126819331,2.572091404941248,0.068,0.997028434903649,2.487837853745628,3.4972451877916857,0.004980258383699672
independent_incidents,30,incident_stratified,0.4138829449925516,1.694214126819331,2.572091404941248,0.068,0.997028434903649,2.487837853745628,3.4972451877916857,0.004980258383699672
independent_incidents,31,row_preserved,0.4151268850961374,1.688988440872786,2.687709505794024,0.0678,1.000068466569565,2.4486246903274806,3.6026276831347266,0.0009595903951615745
independent_incidents,31,column_shuffled,0.4161135511790535,1.6879908605705236,2.687709505794024,0.0674,1.0030193296398129,2.494651843186649,3.63613017099315,0.00780391715815595
independent_incidents,31,incident_stratified,0.4161135511790535,1.6879908605705236,2.687709505794024,0.0674,1.0030193296398129,2.494651843186649,3.63613017099315,0.00780391715815595
independent_incidents,32,row_preserved,0.4187339931731609,1.641330256128502,2.862891151268917,0.0646,1.0033483940684733,2.435248132813708,3.681839487776233,0.002728117506576386
independent_incidents,32,column_shuffled,0.4213385375365939,1.6339021241870164,2.830534394030299,0.0646,0.9992822772330319,2.4915293674069794,3.7233006870616734,0.0032451059375367673
independent_incidents,32,incident_stratified,0.4213385375365939,1.6339021241870164,2.830534394030299,0.0646,0.9992822772330319,2.4915293674069794,3.7233006870616734,0.0032451059375367673
independent_incidents,33,row_preserved,0.4134719631463645,1.6959493117851063,3.0483105707049982,0.069,0.9931823933363074,2.5248613477180326,3.9164489909055114,-0.0001186642962870629
independent_incidents,33,column_shuffled,0.41612467314815016,1.6959493117851063,3.0483105707049982,0.069,1.0012830645525752,2.5182431766421987,3.878666969236029,-0.002694582654868835
independent_incidents,33,incident_stratified,0.41612467314815016,1.6959493117851063,3.0483105707049982,0.069,1.0012830645525752,2.5182431766421987,3.878666969236029,-0.002694582654868835
independent_incidents,34,row_preserved,0.4100687318362199,1.6168058357441026,2.655934770817289,0.0606,0.9949336869604183,2.4307873183198403,3.4596540213030145,0.0001402972126172518
independent_incidents,34,column_shuffled,0.41159639479194987,1.6158723731774152,2.653508595392108,0.0604,0.9912957586756725,2.4797430951856247,3.498622423757602,0.01022073690220414
independent_incidents,34,incident_stratified,0.41159639479194987,1.6158723731774152,2.653508595392108,0.0604,0.9912957586756725,2.4797430951856247,3.498622423757602,0.01022073690220414
independent_incidents,35,row_preserved,0.41701582126118236,1.7556614082190494,2.8874160223596794,0.0694,0.9906711064059255,2.563986680750251,3.8011931779052,-0.001042916622693307
independent_incidents,35,column_shuffled,0.41737822277143993,1.722151379481427,2.8874160223596794,0.068,1.0021218663172056,2.5546587508032426,3.9456623432366356,0.011421817683215785
independent_incidents,35,incident_stratified,0.41737822277143993,1.722151379481427,2.8874160223596794,0.068,1.0021218663172056,2.5546587508032426,3.9456623432366356,0.011421817683215785
independent_incidents,36,row_preserved,0.41762242429283636,1.624128759789316,2.637076810137361,0.0596,0.9965063045156178,2.4266976024205675,3.490626464787107,-0.0047879957314504494
independent_incidents,36,column_shuffled,0.41811602223475136,1.6178827238293032,2.62705433927806,0.0594,0.9999131374380671,2.4402164535947017,3.471812959260722,-0.0009282471148985335
independent_incidents,36,incident_stratified,0.41811602223475136,1.6178827238293032,2.62705433927806,0.0594,0.9999131374380671,2.4402164535947017,3.471812959260722,-0.0009282471148985335
independent_incidents,37,row_preserved,0.41785964167306283,1.7057516970839481,2.82534007920575,0.0666,0.9997820470561269,2.4605316313399586,3.6357970401886277,0.00025094129556048453
independent_incidents,37,column_shuffled,0.4164397360059734,1.698456666311696,2.82534007920575,0.0658,0.9998957344714743,2.5007044088403054,3.8187791700893183,0.0076864852287036245
independent_incidents,37,incident_stratified,0.4164397360059734,1.698456666311696,2.82534007920575,0.0658,0.9998957344714743,2.5007044088403054,3.8187791700893183,0.0076864852287036245
independent_incidents,38,row_preserved,0.41871341938718387,1.6651256604170999,2.7566245725018272,0.0672,0.997614143756433,2.5175956731446014,3.610924067753369,-0.0010561031124226323
independent_incidents,38,column_shuffled,0.41804689754495666,1.6709284705022371,2.7566245725018272,0.068,0.9993303095349193,2.490363430838756,3.64171001277612,-0.00388715735098806
independent_incidents,38,incident_stratified,0.41804689754495666,1.6709284705022371,2.7566245725018272,0.068,0.9993303095349193,2.490363430838756,3.64171001277612,-0.00388715735098806
independent_incidents,39,row_preserved,0.4189381514230299,1.6582906408571936,2.7946785705596637,0.063,0.997555002915037,2.4508374203239764,3.8099072457883634,0.018240092824464094
independent_incidents,39,column_shuffled,0.41982714110384484,1.662899927393364,2.7946785705596637,0.0628,0.9986858719115079,2.4243403217209645,3.7471297870026645,0.0019100801318828325
independent_incidents,39,incident_stratified,0.41982714110384484,1.662899927393364,2.7946785705596637,0.0628,0.9986858719115079,2.4243403217209645,3.7471297870026645,0.0019100801318828325
independent_incidents,40,row_preserved,0.41424713357788767,1.6402459741984903,2.7933028410024305,0.0616,0.9856577974731711,2.444707031033797,3.633430411066759,0.005082605779551517
independent_incidents,40,column_shuffled,0.4138987206658765,1.62805715759379,2.806121527543475,0.061,0.9889045008716707,2.426868122410687,3.637399649151363,0.003217014959996524
independent_incidents,40,incident_stratified,0.4138987206658765,1.62805715759379,2.806121527543475,0.061,0.9889045008716707,2.426868122410687,3.637399649151363,0.003217014959996524
independent_incidents,41,row_preserved,0.41665870265856275,1.6218847229796092,2.725600361995526,0.0608,0.9960206775711521,2.3974984321714095,3.6553327357622627,0.0031837670073237745
independent_incidents,41,column_shuffled,0.4137814133034341,1.6137258268889325,2.725600361995526,0.06,0.99764210870507,2.4219704908492115,3.4659017732397497,-0.0016305679128276456
independent_incidents,41,incident_stratified,0.4137814133034341,1.6137258268889325,2.725600361995526,0.06,0.99764210870507,2.4219704908492115,3.4659017732397497,-0.0016305679128276456
independent_incidents,42,row_preserved,0.4078281933413675,1.5663268933394139,2.6091341126722534,0.0564,0.9908052166365446,2.368944943455536,3.529228839997958,0.0031724563408151558
independent_incidents,42,column_shuffled,0.4090294782258924,1.5846887638291836,2.6091341126722534,0.0578,0.9896849993405942,2.38538699766689,3.535047018449046,0.00878694206006596
independent_incidents,42,incident_stratified,0.4090294782258924,1.5846887638291836,2.6091341126722534,0.0578,0.9896849993405942,2.38538699766689,3.535047018449046,0.00878694206006596
independent_incidents,43,row_preserved,0.4141679140479755,1.6293433911080877,2.7178231510695725,0.0588,0.9921849062680237,2.4310773286682084,3.5244763843081763,0.0002935628717958382
independent_incidents,43,column_shuffled,0.4149097597582579,1.6275915404057042,2.7178231510695725,0.0588,0.9931748023897227,2.4094661621972766,3.511564852890566,-0.002513179650511083
independent_incidents,43,incident_stratified,0.4149097597582579,1.6275915404057042,2.7178231510695725,0.0588,0.9931748023897227,2.4094661621972766,3.511564852890566,-0.002513179650511083
independent_incidents,44,row_preserved,0.4179286467947258,1.6817697863744119,2.9831581233255076,0.0652,0.994288753635185,2.4430495931185945,4.00433594180156,0.00564156891411158
independent_incidents,44,column_shuffled,0.4174586742537776,1.6780741307809997,2.969487947514311,0.0646,0.992687833601561,2.4750531732875536,4.005520317793868,0.006623258049096287
independent_incidents,44,incident_stratified,0.4174586742537776,1.6780741307809997,2.969487947514311,0.0646,0.992687833601561,2.4750531732875536,4.005520317793868,0.006623258049096287
independent_incidents,45,row_preserved,0.41405375465453753,1.6756175001290177,2.939472584749471,0.0648,0.986660142917762,2.491825262002982,3.902430442266049,0.006245042805578221
independent_incidents,45,column_shuffled,0.4144311267139329,1.6848628049729,2.939472584749471,0.065,0.9897680515191352,2.524494034601969,3.746620771839416,-0.0024605273791321537
independent_incidents,45,incident_stratified,0.4144311267139329,1.6848628049729,2.939472584749471,0.065,0.9897680515191352,2.524494034601969,3.746620771839416,-0.0024605273791321537
independent_incidents,46,row_preserved,0.4185435866013753,1.6689830733194537,2.777128549995708,0.064,0.9967954800886007,2.469201002430432,3.7233429988934184,-0.0008321296351025418
independent_incidents,46,column_shuffled,0.4178497395469469,1.6755834799379439,2.777128549995708,0.0646,0.9977954444543032,2.436754202504485,3.757470533878983,0.003455902988225001
independent_incidents,46,incident_stratified,0.4178497395469469,1.6755834799379439,2.777128549995708,0.0646,0.9977954444543032,2.436754202504485,3.757470533878983,0.003455902988225001
independent_incidents,47,row_preserved,0.41955492042374903,1.684259386027265,2.827323494923133,0.0642,0.9999086434762215,2.466327619476971,3.6255022234596836,-0.007400527142546254
independent_incidents,47,column_shuffled,0.4182719330532172,1.6825770692504167,2.827323494923133,0.0636,0.9921668772386967,2.4681073995716813,3.6505313658810072,-0.0014972241069543205
independent_incidents,47,incident_stratified,0.4182719330532172,1.6825770692504167,2.827323494923133,0.0636,0.9921668772386967,2.4681073995716813,3.6505313658810072,-0.0014972241069543205
independent_incidents,48,row_preserved,0.41169700743624205,1.7115070633621021,2.802238741344531,0.0672,0.994929142919067,2.512754212940377,3.6858575366674216,-0.004156390607786044
independent_incidents,48,column_shuffled,0.41116019292448347,1.7089724877738222,2.802238741344531,0.0666,0.9905420251335202,2.4704005385348644,3.702068887681494,0.0013414515243279225
independent_incidents,48,incident_stratified,0.41116019292448347,1.7089724877738222,2.802238741344531,0.0666,0.9905420251335202,2.4704005385348644,3.702068887681494,0.0013414515243279225
independent_incidents,49,row_preserved,0.4175966501158169,1.6461321652749805,2.6868630535005615,0.0594,0.9959268371359951,2.399827908915855,3.557430532713521,0.001604411608725876
independent_incidents,49,column_shuffled,0.4174245136551177,1.6464787287244032,2.6868630535005615,0.06,0.997857074826346,2.4499505827560264,3.542865147660117,-0.008396282336903326
independent_incidents,49,incident_stratified,0.4174245136551177,1.6464787287244032,2.6868630535005615,0.06,0.997857074826346,2.4499505827560264,3.542865147660117,-0.008396282336903326
independent_incidents,50,row_preserved,0.41179289558446935,1.5763168499861007,2.7214891265038537,0.056,0.9929187033968562,2.3989007396265185,3.6272848767655352,0.002508113190445035
independent_incidents,50,column_shuffled,0.4143198683176598,1.5763168499861007,2.7214891265038537,0.0556,0.9913783973392573,2.3538580373128415,3.711669389935539,0.0012902202016206782
independent_incidents,50,incident_stratified,0.4143198683176598,1.5763168499861007,2.7214891265038537,0.0556,0.9913783973392573,2.3538580373128415,3.711669389935539,0.0012902202016206782
independent_incidents,51,row_preserved,0.4125900726774913,1.6515188242616596,2.662878678715178,0.0642,0.9914502840731267,2.452628907638938,3.6758439362756223,0.00035530173098391227
independent_incidents,51,column_shuffled,0.41235795153050003,1.643780787937935,2.662878678715178,0.0638,0.9946017463870982,2.4318730034755944,3.486797439959476,-0.004763720525055495
independent_incidents,51,incident_stratified,0.41235795153050003,1.643780787937935,2.662878678715178,0.0638,0.9946017463870982,2.4318730034755944,3.486797439959476,-0.004763720525055495
independent_incidents,52,row_preserved,0.424221804597952,1.6742427625734575,2.7325509354896815,0.0662,1.0062017912433334,2.440756559463368,3.4922064195760854,-0.008521046935828036
independent_incidents,52,column_shuffled,0.41990806610559195,1.6721847424268514,2.7325509354896815,0.0648,1.0002304716466595,2.484074291051141,3.6642135291101527,-0.0032971462389712277
independent_incidents,52,incident_stratified,0.41990806610559195,1.6721847424268514,2.7325509354896815,0.0648,1.0002304716466595,2.484074291051141,3.6642135291101527,-0.0032971462389712277
independent_incidents,53,row_preserved,0.420611683738894,1.6465718020209386,2.7930338469740774,0.0646,0.9993374785178449,2.465701135951635,3.6869405789734544,0.003293353895366432
independent_incidents,53,column_shuffled,0.4186634627619499,1.6504446886873794,2.7930338469740774,0.0652,0.9969236154068039,2.4766709319353186,3.8220019599303487,0.007332979674394436
independent_incidents,53,incident_stratified,0.4186634627619499,1.6504446886873794,2.7930338469740774,0.0652,0.9969236154068039,2.4766709319353186,3.8220019599303487,0.007332979674394436
independent_incidents,54,row_preserved,0.41870343384455433,1.6911973803340223,2.705315444310772,0.0678,0.9943457946220815,2.485528380437022,3.5053815744646295,0.0027978254099518436
independent_incidents,54,column_shuffled,0.41684407410399016,1.6958572343823166,2.705315444310772,0.0672,0.9979697834838615,2.5170721643962017,3.6027226632597733,0.0022369202318059524
independent_incidents,54,incident_stratified,0.41684407410399016,1.6958572343823166,2.705315444310772,0.0672,0.9979697834838615,2.5170721643962017,3.6027226632597733,0.0022369202318059524
independent_incidents,55,row_preserved,0.41272876533819225,1.6719222465693948,2.623789142831983,0.0666,0.9923894945774152,2.4441776029875317,3.4792891104857366,-0.0008896429170251676
independent_incidents,55,column_shuffled,0.41501651942964624,1.6695861637657616,2.623789142831983,0.0658,0.9949649447693516,2.4100980612544083,3.495917750505297,-0.0016287980204620172
independent_incidents,55,incident_stratified,0.41501651942964624,1.6695861637657616,2.623789142831983,0.0658,0.9949649447693516,2.4100980612544083,3.495917750505297,-0.0016287980204620172
independent_incidents,56,row_preserved,0.42477208001147254,1.6708693129133576,2.8569594188295313,0.0648,1.00055098745426,2.450583127081364,3.7804869845115325,-0.006261153462193019
independent_incidents,56,column_shuffled,0.4214355245342058,1.6751741114110565,2.8569594188295313,0.0656,1.0013133499441353,2.439486179146303,3.7144011157533114,-0.0040149466137727055
independent_incidents,56,incident_stratified,0.4214355245342058,1.6751741114110565,2.8569594188295313,0.0656,1.0013133499441353,2.439486179146303,3.7144011157533114,-0.0040149466137727055
independent_incidents,57,row_preserved,0.4173484960998258,1.632619181595326,2.811446213977179,0.0608,0.9915653481054387,2.4654148414083537,3.75201081189062,0.010002661601765852
independent_incidents,57,column_shuffled,0.41790691282982195,1.636953619100493,2.811446213977179,0.0616,0.9954921892238846,2.465490717697116,3.6955005950619606,-0.010337271874014538
independent_incidents,57,incident_stratified,0.41790691282982195,1.636953619100493,2.811446213977179,0.0616,0.9954921892238846,2.465490717697116,3.6955005950619606,-0.010337271874014538
independent_incidents,58,row_preserved,0.42041029072870534,1.6699977803723083,2.678207214733045,0.0628,1.0041355810352464,2.440368551638553,3.645844209283749,0.004768240444228517
independent_incidents,58,column_shuffled,0.4202329424815725,1.6621582618988757,2.678207214733045,0.0622,0.9996685594468913,2.441441560017549,3.8273259067407808,0.010741347347402473
independent_incidents,58,incident_stratified,0.4202329424815725,1.6621582618988757,2.678207214733045,0.0622,0.9996685594468913,2.441441560017549,3.8273259067407808,0.010741347347402473
independent_incidents,59,row_preserved,0.41642735668226455,1.5906144341737622,2.6259190889402038,0.0612,0.9980266225333293,2.359247766122124,3.674123494925575,0.001882083761673696
independent_incidents,59,column_shuffled,0.4158017164495463,1.5946261099812749,2.6189825474375468,0.0618,0.9913480769663301,2.3910691134084674,3.6325717227885237,-0.0017511138948271398
independent_incidents,59,incident_stratified,0.4158017164495463,1.5946261099812749,2.6189825474375468,0.0618,0.9913480769663301,2.3910691134084674,3.6325717227885237,-0.0017511138948271398
independent_incidents,60,row_preserved,0.423300518846212,1.6265014084224427,2.722482094114443,0.0614,0.9991347420455976,2.423769346902666,3.6218545855305013,0.008582350704956361
independent_incidents,60,column_shuffled,0.4232498865264124,1.6255309408932757,2.722482094114443,0.0614,1.0039357858269704,2.3957921218103104,3.587780571662525,-0.011653919144818815
independent_incidents,60,incident_stratified,0.4232498865264124,1.6255309408932757,2.722482094114443,0.0614,1.0039357858269704,2.3957921218103104,3.587780571662525,-0.011653919144818815
independent_incidents,61,row_preserved,0.42018190593848026,1.6175662784846665,2.9192025301233637,0.0584,0.9995486154160425,2.466563134824828,3.838758907378548,0.0006028462852157806
independent_incidents,61,column_shuffled,0.42459845275027386,1.6126274892179386,2.9192025301233637,0.0574,1.006712203562685,2.3945448985706297,3.8714003952111606,-0.011587632612453847
independent_incidents,61,incident_stratified,0.42459845275027386,1.6126274892179386,2.9192025301233637,0.0574,1.006712203562685,2.3945448985706297,3.8714003952111606,-0.011587632612453847
independent_incidents,62,row_preserved,0.4179047711645768,1.6800839871627442,2.6060696796563496,0.065,0.9975281154067895,2.4452984844878447,3.520924608954684,-0.005140038656120502
independent_incidents,62,column_shuffled,0.41721267455045574,1.6724417341321396,2.6060696796563496,0.0658,1.0018333432989364,2.447883498425067,3.577488673413738,-0.0024005558050328598
independent_incidents,62,incident_stratified,0.41721267455045574,1.6724417341321396,2.6060696796563496,0.0658,1.0018333432989364,2.447883498425067,3.577488673413738,-0.0024005558050328598
independent_incidents,63,row_preserved,0.41603959913792676,1.6082896553139459,2.7205560648597658,0.0582,0.9899277573940644,2.418371228038695,3.5668520071941336,-0.0002155276798866527
independent_incidents,63,column_shuffled,0.41404903915482305,1.6082896553139459,2.7205560648597658,0.0582,0.9862105297018191,2.3864564354887468,3.6472431842508133,0.011915228544770553
independent_incidents,63,incident_stratified,0.41404903915482305,1.6082896553139459,2.7205560648597658,0.0582,0.9862105297018191,2.3864564354887468,3.6472431842508133,0.011915228544770553
independent_incidents,64,row_preserved,0.4250469674870485,1.6925052468200068,2.657289427323288,0.0662,1.0055218352336208,2.5040809931857773,3.546183595394324,0.006338129537935107
independent_incidents,64,column_shuffled,0.42501473317472577,1.691816244787531,2.657289427323288,0.0654,1.0070861922232637,2.5260939048945934,3.736854628170492,0.0073808170014148565
independent_incidents,64,incident_stratified,0.42501473317472577,1.691816244787531,2.657289427323288,0.0654,1.0070861922232637,2.5260939048945934,3.736854628170492,0.0073808170014148565
independent_incidents,65,row_preserved,0.4166335722125723,1.698110067450479,2.72263479317326,0.0666,0.9972891855977759,2.4801349571537097,3.652887372021107,0.00165996910222636
independent_incidents,65,column_shuffled,0.41692673781651685,1.692158938168611,2.72263479317326,0.0664,1.001806245927781,2.464162169853289,3.529166690851924,-0.0006140765359675445
independent_incidents,65,incident_stratified,0.41692673781651685,1.692158938168611,2.72263479317326,0.0664,1.001806245927781,2.464162169853289,3.529166690851924,-0.0006140765359675445
independent_incidents,66,row_preserved,0.41455805143761254,1.7472412567327418,2.7875938719035966,0.0686,0.9990513490551469,2.5193187617962964,3.6781529892253273,0.0035888955024836098
independent_incidents,66,column_shuffled,0.4154652942095952,1.7472412567327418,2.7875938719035966,0.0686,1.0029217488267919,2.5436716392768446,3.7595843830259548,0.0044133902236179814
independent_incidents,66,incident_stratified,0.4154652942095952,1.7472412567327418,2.7875938719035966,0.0686,1.0029217488267919,2.5436716392768446,3.7595843830259548,0.0044133902236179814
independent_incidents,67,row_preserved,0.4167083824926716,1.743030574288745,2.861592543003297,0.0672,0.997527590876009,2.515226444958473,3.6404642597051406,-0.008827887383938393
independent_incidents,67,column_shuffled,0.4172568848555184,1.7367903870786836,2.861592543003297,0.0666,0.999801645909358,2.5150529583979813,3.7381171725369735,-0.0033184788555131184
independent_incidents,67,incident_stratified,0.4172568848555184,1.7367903870786836,2.861592543003297,0.0666,0.999801645909358,2.5150529583979813,3.7381171725369735,-0.0033184788555131184
independent_incidents,68,row_preserved,0.4166231967080626,1.7212143570707896,2.859155179645273,0.0688,0.9956974374423105,2.50775527628241,3.7028831902388317,-0.012338032308984058
independent_incidents,68,column_shuffled,0.4108091655461207,1.7120878405196185,2.859155179645273,0.068,0.9857617284952331,2.5598840827589413,3.7256982826635623,-0.005462549285007807
independent_incidents,68,incident_stratified,0.4108091655461207,1.7120878405196185,2.859155179645273,0.068,0.9857617284952331,2.5598840827589413,3.7256982826635623,-0.005462549285007807
independent_incidents,69,row_preserved,0.41487446884563406,1.6808632725724162,2.825543058099104,0.0652,0.9947744700485002,2.4823688685099405,3.734374868018418,-0.003556910606415956
independent_incidents,69,column_shuffled,0.415107872877086,1.67894690116532,2.825543058099104,0.0654,0.993952103124322,2.4539473120976867,3.6583368735700006,0.0015631177607542818
independent_incidents,69,incident_stratified,0.415107872877086,1.67894690116532,2.825543058099104,0.0654,0.993952103124322,2.4539473120976867,3.6583368735700006,0.0015631177607542818
independent_incidents,70,row_preserved,0.4242486926809631,1.6734911289801477,2.7952004229617455,0.0668,1.0059106424118434,2.4785194468779728,3.577096366292471,-0.0009029140961401404
independent_incidents,70,column_shuffled,0.42268046347508603,1.6695891302932242,2.7952004229617455,0.0662,1.007673134629139,2.488549201292477,3.6223452112904226,-0.002525652297833605
independent_incidents,70,incident_stratified,0.42268046347508603,1.6695891302932242,2.7952004229617455,0.0662,1.007673134629139,2.488549201292477,3.6223452112904226,-0.002525652297833605
independent_incidents,71,row_preserved,0.41340103320060395,1.682255007612393,2.8342160949242565,0.0664,0.9972888677803614,2.483974350132246,3.879517566196427,0.0038098901650214356
independent_incidents,71,column_shuffled,0.4129716739380008,1.682255007612393,2.8342160949242565,0.0676,0.9923069719190855,2.475580520089532,3.8236729707167347,0.004289195902323435
independent_incidents,71,incident_stratified,0.4129716739380008,1.682255007612393,2.8342160949242565,0.0676,0.9923069719190855,2.475580520089532,3.8236729707167347,0.004289195902323435
independent_incidents,72,row_preserved,0.41502443529509264,1.7196509394486545,2.8362598846641247,0.0686,0.9936702743864834,2.5495042849794087,3.8210542089457604,0.004238189181415061
independent_incidents,72,column_shuffled,0.41765402054997625,1.7098806394104702,2.8362598846641247,0.0686,0.9974342501408439,2.5088188111387417,3.772450008473004,0.006012022693929749
independent_incidents,72,incident_stratified,0.41765402054997625,1.7098806394104702,2.8362598846641247,0.0686,0.9974342501408439,2.5088188111387417,3.772450008473004,0.006012022693929749
independent_incidents,73,row_preserved,0.411218361269175,1.6519890562012065,2.8430001221590953,0.0624,0.9865073335180712,2.4339897710936342,3.716139479870265,-0.005245006662834758
independent_incidents,73,column_shuffled,0.4108356311019308,1.6519890562012065,2.8329689670235836,0.0626,0.982653602321754,2.461706418838888,3.702896455636335,0.001163740168285897
independent_incidents,73,incident_stratified,0.4108356311019308,1.6519890562012065,2.8329689670235836,0.0626,0.982653602321754,2.461706418838888,3.702896455636335,0.001163740168285897
independent_incidents,74,row_preserved,0.41554672273014837,1.6747562300789733,2.8286698832794532,0.0656,0.9972824826257142,2.485757024104232,3.6114818114585425,-0.005095997978949937
independent_incidents,74,column_shuffled,0.41615703841758167,1.6747562300789733,2.8286698832794532,0.0656,0.996949350824627,2.5055655365450455,3.6757152719547905,0.0053920643898491575
independent_incidents,74,incident_stratified,0.41615703841758167,1.6747562300789733,2.8286698832794532,0.0656,0.996949350824627,2.5055655365450455,3.6757152719547905,0.0053920643898491575
independent_incidents,75,row_preserved,0.4176106703717843,1.6752698334844247,2.7995864862854005,0.0632,1.0025922112894396,2.4352338168730103,3.5778296463706507,-0.0147363905965227
independent_incidents,75,column_shuffled,0.41653680760783146,1.6764634588126308,2.7995864862854005,0.063,0.9955236103652184,2.4965526495072363,3.551358466922002,-0.0033951760133529925
independent_incidents,75,incident_stratified,0.41653680760783146,1.6764634588126308,2.7995864862854005,0.063,0.9955236103652184,2.4965526495072363,3.551358466922002,-0.0033951760133529925
independent_incidents,76,row_preserved,0.41846597091760696,1.6518107154944617,2.623060447205546,0.0644,1.0026391409729039,2.4688839554556514,3.5994374055714022,0.007432376287926271
independent_incidents,76,column_shuffled,0.41624220411471724,1.664808916936579,2.623060447205546,0.0636,1.001447736915498,2.462489283445473,3.595357765293338,0.007126560665798211
independent_incidents,76,incident_stratified,0.41624220411471724,1.664808916936579,2.623060447205546,0.0636,1.001447736915498,2.462489283445473,3.595357765293338,0.007126560665798211
independent_incidents,77,row_preserved,0.4195033079067876,1.671888217849273,2.9084844477979597,0.0648,1.0036416345922345,2.498469547258086,3.7967436585437966,0.0037133843415773434
independent_incidents,77,column_shuffled,0.41912527214268774,1.6669792345216767,2.891376257159058,0.0642,1.0044736441867999,2.462046241871965,3.880508062065995,0.0047500478031246495
independent_incidents,77,incident_stratified,0.41912527214268774,1.6669792345216767,2.891376257159058,0.0642,1.0044736441867999,2.462046241871965,3.880508062065995,0.0047500478031246495
independent_incidents,78,row_preserved,0.4219009741168307,1.747602479447772,2.8689712912853564,0.0668,0.9993327039706912,2.5045169385071606,3.8195294302919605,0.0032191312165416007
independent_incidents,78,column_shuffled,0.41818904419484015,1.747602479447772,2.897354931567926,0.067,0.9942370355529739,2.5361573069290753,3.80467884264218,-0.002116654587657985
independent_incidents,78,incident_stratified,0.41818904419484015,1.747602479447772,2.897354931567926,0.067,0.9942370355529739,2.5361573069290753,3.80467884264218,-0.002116654587657985
independent_incidents,79,row_preserved,0.4248058273779294,1.7320221502115278,2.914434476709174,0.0716,1.0044614375255778,2.558911366390104,3.9266890014866704,0.0029059856977567237
independent_incidents,79,column_shuffled,0.42457454818510554,1.73331095588351,2.9031788302356345,0.0716,1.0112874999524828,2.5778022672733734,3.871599131192911,0.0005697166258148614
independent_incidents,79,incident_stratified,0.42457454818510554,1.73331095588351,2.9031788302356345,0.0716,1.0112874999524828,2.5778022672733734,3.871599131192911,0.0005697166258148614
independent_incidents,80,row_preserved,0.40840315017691486,1.6261105585898887,2.7282303419569063,0.0618,0.9865703813578199,2.4368631954587765,3.751043320313551,0.00768286927331719
independent_incidents,80,column_shuffled,0.40967724222527846,1.6378736020278328,2.7282303419569063,0.063,0.990815830244385,2.4384466959287585,3.5874252796357964,0.0011645643091196358
independent_incidents,80,incident_stratified,0.40967724222527846,1.6378736020278328,2.7282303419569063,0.063,0.990815830244385,2.4384466959287585,3.5874252796357964,0.0011645643091196358
independent_incidents,81,row_preserved,0.41801263934558164,1.6198774596537435,2.7938454413995464,0.0634,0.9980400429168372,2.472071410070301,3.577686651436802,-0.005784477607576023
independent_incidents,81,column_shuffled,0.4181558386102021,1.6198774596537435,2.7938454413995464,0.0626,0.9940886271984615,2.444155280022585,3.5935090617103764,-0.0006875790928336471
independent_incidents,81,incident_stratified,0.4181558386102021,1.6198774596537435,2.7938454413995464,0.0626,0.9940886271984615,2.444155280022585,3.5935090617103764,-0.0006875790928336471
independent_incidents,82,row_preserved,0.4188600921066369,1.644958518164931,2.626056011138776,0.0634,0.9965260383589678,2.4548366577581877,3.5837504962361724,0.0024645917656777143
independent_incidents,82,column_shuffled,0.41923417655110873,1.644958518164931,2.626056011138776,0.064,1.0010678963038941,2.4267486666130496,3.5851179026603397,-0.0013872489747203513
independent_incidents,82,incident_stratified,0.41923417655110873,1.644958518164931,2.626056011138776,0.064,1.0010678963038941,2.4267486666130496,3.5851179026603397,-0.0013872489747203513
independent_incidents,83,row_preserved,0.4122338676993472,1.575947106432919,2.6902655715698356,0.0558,0.9909510927063698,2.3555407072445793,3.5295475536620176,-0.007629624317014944
independent_incidents,83,column_shuffled,0.4126324302809415,1.575947106432919,2.6635059263866827,0.0556,0.9899040246950491,2.4243475531523155,3.6162736590007585,-0.0041994504693903265
independent_incidents,83,incident_stratified,0.4126324302809415,1.575947106432919,2.6635059263866827,0.0556,0.9899040246950491,2.4243475531523155,3.6162736590007585,-0.0041994504693903265
independent_incidents,84,row_preserved,0.4183579038985513,1.6629978371766783,2.7517046015884565,0.0616,0.9949660534816742,2.441482310442691,3.4940541972237202,-0.013544376947774432
independent_incidents,84,column_shuffled,0.42062205336281744,1.6570525409870185,2.7517046015884565,0.0612,1.0006217808142974,2.493902847891581,3.636166288145219,-0.0018367931542379045
independent_incidents,84,incident_stratified,0.42062205336281744,1.6570525409870185,2.7517046015884565,0.0612,1.0006217808142974,2.493902847891581,3.636166288145219,-0.0018367931542379045
independent_incidents,85,row_preserved,0.41621148304819555,1.6867444011127506,2.7326669199026816,0.0652,0.9953911673087799,2.4455349997420064,3.62892821717386,-0.010216504396623772
independent_incidents,85,column_shuffled,0.4160568116595206,1.6867444011127506,2.7326669199026816,0.0644,0.9959141403241895,2.464123972216516,3.6000080432003188,-0.0024172842243587
independent_incidents,85,incident_stratified,0.4160568116595206,1.6867444011127506,2.7326669199026816,0.0644,0.9959141403241895,2.464123972216516,3.6000080432003188,-0.0024172842243587
independent_incidents,86,row_preserved,0.41381095971048343,1.6989330848876105,2.793863975084014,0.0656,0.996548455072741,2.4890949812774634,3.690343280806667,-0.0005435583507359737
independent_incidents,86,column_shuffled,0.41616666105662786,1.6989330848876105,2.793863975084014,0.0652,1.0008308206681813,2.5277715183833713,3.682252279259001,0.004176129762653901
independent_incidents,86,incident_stratified,0.41616666105662786,1.6989330848876105,2.793863975084014,0.0652,1.0008308206681813,2.5277715183833713,3.682252279259001,0.004176129762653901
independent_incidents,87,row_preserved,0.4112564901167002,1.6010122606647377,2.6962276788453767,0.0596,0.9866957653664508,2.3891428216165425,3.661040457186134,-0.006091981576451693
independent_incidents,87,column_shuffled,0.41204170800304707,1.5939416302753753,2.6962276788453767,0.0594,0.9850784342284455,2.3948008014015,3.7774146903601107,0.00033533779160015007
independent_incidents,87,incident_stratified,0.41204170800304707,1.5939416302753753,2.6962276788453767,0.0594,0.9850784342284455,2.3948008014015,3.7774146903601107,0.00033533779160015007
independent_incidents,88,row_preserved,0.4196499283117735,1.7242206439159067,2.8282435397785686,0.0666,1.0003461657778856,2.5222172388355575,3.9227363411705136,0.010587569797688203
independent_incidents,88,column_shuffled,0.4185117454613863,1.7265765229918542,2.8282435397785686,0.0674,1.0015736629952603,2.4993740414338697,3.7597996144002566,0.0003098573944757649
independent_incidents,88,incident_stratified,0.4185117454613863,1.7265765229918542,2.8282435397785686,0.0674,1.0015736629952603,2.4993740414338697,3.7597996144002566,0.0003098573944757649
independent_incidents,89,row_preserved,0.41158686909525216,1.6754346127117457,2.8634712235409565,0.0666,0.9896872713474725,2.455830887292403,3.668957985787339,-0.003267473712977268
independent_incidents,89,column_shuffled,0.41922020989211406,1.669678272036573,2.8634712235409565,0.0666,1.002282798787242,2.4397642980226415,3.652537055703162,-0.008537765739343969
independent_incidents,89,incident_stratified,0.41922020989211406,1.669678272036573,2.8634712235409565,0.0666,1.002282798787242,2.4397642980226415,3.652537055703162,-0.008537765739343969
independent_incidents,90,row_preserved,0.41563465173223063,1.6001164179880378,2.612259722868677,0.0616,0.9998510102322504,2.42281635265108,3.4806925026080724,0.0009295609604744142
independent_incidents,90,column_shuffled,0.4159398812136408,1.6242769706470304,2.622682843226117,0.0628,0.9948604110997545,2.443173500367311,3.5121282434640384,0.0023635758870202707
independent_incidents,90,incident_stratified,0.4159398812136408,1.6242769706470304,2.622682843226117,0.0628,0.9948604110997545,2.443173500367311,3.5121282434640384,0.0023635758870202707
independent_incidents,91,row_preserved,0.417381661018922,1.7188394660446722,2.890176088581193,0.069,1.0022681147772337,2.5686921962052582,3.7715392356570554,0.00492490964648317
independent_incidents,91,column_shuffled,0.42097069379931734,1.7284000576366798,2.890176088581193,0.0696,0.9970196907875433,2.545653793900167,3.712245449621745,-0.009669521360796613
independent_incidents,91,incident_stratified,0.42097069379931734,1.7284000576366798,2.890176088581193,0.0696,0.9970196907875433,2.545653793900167,3.712245449621745,-0.009669521360796613
independent_incidents,92,row_preserved,0.4195200219477942,1.6157515996093283,2.6996613100517055,0.0594,1.001055473259869,2.4055152401167668,3.532384418183005,-0.003913526073464406
independent_incidents,92,column_shuffled,0.41913161049649683,1.605891697515928,2.6996613100517055,0.0584,0.9975298483608228,2.4072257179246668,3.648132851016917,0.0068599721607407885
independent_incidents,92,incident_stratified,0.41913161049649683,1.605891697515928,2.6996613100517055,0.0584,0.9975298483608228,2.4072257179246668,3.648132851016917,0.0068599721607407885
independent_incidents,93,row_preserved,0.41341976668043845,1.6772478781273301,2.7595549751664175,0.0672,0.9882718183001733,2.4547045780931223,3.7464277399871793,0.004140625433879858
independent_incidents,93,column_shuffled,0.41350278336463697,1.6764679647127934,2.7595549751664175,0.0672,0.9947470242491965,2.4658142833326835,3.780007348218419,0.006414588133052076
independent_incidents,93,incident_stratified,0.41350278336463697,1.6764679647127934,2.7595549751664175,0.0672,0.9947470242491965,2.4658142833326835,3.780007348218419,0.006414588133052076
independent_incidents,94,row_preserved,0.4171198675114477,1.6568601785425618,2.6269224085986784,0.0634,0.9985533060195972,2.4242694013769976,3.60781611568241,-0.009815333070651274
independent_incidents,94,column_shuffled,0.4163149600343973,1.6553287580444367,2.6269224085986784,0.0636,0.9917076246072357,2.4280937671888747,3.5085947570517018,-0.009378642857836567
independent_incidents,94,incident_stratified,0.4163149600343973,1.6553287580444367,2.6269224085986784,0.0636,0.9917076246072357,2.4280937671888747,3.5085947570517018,-0.009378642857836567
independent_incidents,95,row_preserved,0.41471107141115915,1.62579684957102,2.6994477838226087,0.062,0.99653417731113,2.442384584215137,3.626744644624052,0.0023405833618201193
independent_incidents,95,column_shuffled,0.4116458557609982,1.6250937283905873,2.6994477838226087,0.0614,0.9995144615495737,2.4484845330703164,3.6772706635729557,0.004148148685982068
independent_incidents,95,incident_stratified,0.4116458557609982,1.6250937283905873,2.6994477838226087,0.0614,0.9995144615495737,2.4484845330703164,3.6772706635729557,0.004148148685982068
independent_incidents,96,row_preserved,0.42341797432993894,1.6459282048781925,2.795797535789534,0.062,1.0028195349726727,2.443923097733591,3.8030294842010632,-0.002702302181957214
independent_incidents,96,column_shuffled,0.41897191968475983,1.6498133197942253,2.795797535789534,0.0628,0.9952543558228668,2.4570472413008355,3.735883595886356,0.0011925769886091024
independent_incidents,96,incident_stratified,0.41897191968475983,1.6498133197942253,2.795797535789534,0.0628,0.9952543558228668,2.4570472413008355,3.735883595886356,0.0011925769886091024
independent_incidents,97,row_preserved,0.41766001251424884,1.6719653837867339,2.7973426139315376,0.0646,0.9961296197922145,2.4899778323677295,3.707940456867018,-0.0028807272843027983
independent_incidents,97,column_shuffled,0.41662503763016484,1.6746231598293628,2.7973426139315376,0.0656,0.9935156362226867,2.4480776219147566,3.838284821602133,-0.005204782179153538
independent_incidents,97,incident_stratified,0.41662503763016484,1.6746231598293628,2.7973426139315376,0.0656,0.9935156362226867,2.4480776219147566,3.838284821602133,-0.005204782179153538
independent_incidents,98,row_preserved,0.4206449824269259,1.7072483134596332,2.9680547084526228,0.0684,0.9994379133803329,2.504999163594479,3.792884793916244,0.0026389798378091945
independent_incidents,98,column_shuffled,0.4174416155165317,1.7124355614276492,2.9680547084526228,0.0674,0.9965258346456948,2.5332579065029583,3.7549285796805836,0.006462542321077354
independent_incidents,98,incident_stratified,0.4174416155165317,1.7124355614276492,2.9680547084526228,0.0674,0.9965258346456948,2.5332579065029583,3.7549285796805836,0.006462542321077354
independent_incidents,99,row_preserved,0.4146347392559123,1.6903897397874381,2.8808193271727536,0.0704,0.9941581729750006,2.4761076579565593,3.813400868736659,0.0034600954214797776
independent_incidents,99,column_shuffled,0.4155186306127396,1.6985254408824277,2.8808193271727536,0.0712,0.9952813588854884,2.5058153589486,3.855403261882919,-0.007256228149209
independent_incidents,99,incident_stratified,0.4155186306127396,1.6985254408824277,2.8808193271727536,0.0712,0.9952813588854884,2.5058153589486,3.855403261882919,-0.007256228149209
independent_incidents,100,row_preserved,0.4173707631391746,1.6588358144232855,2.871377197592264,0.0652,0.9999052943978098,2.478195966430696,3.848165199963693,-0.0018107329174052427
independent_incidents,100,column_shuffled,0.4197909552448534,1.6441022576063966,2.871377197592264,0.0642,1.005496925538885,2.4396489819135354,3.7939228798294002,-0.008459011470082769
independent_incidents,100,incident_stratified,0.4197909552448534,1.6441022576063966,2.871377197592264,0.0642,1.005496925538885,2.4396489819135354,3.7939228798294002,-0.008459011470082769
independent_incidents,101,row_preserved,0.4131222533775078,1.635415868137544,2.750576435084483,0.0622,0.9947549702956457,2.499503263376028,3.7943873021987033,0.003871077216587797
independent_incidents,101,column_shuffled,0.4164092646975189,1.6343862685391148,2.750576435084483,0.0622,0.9979132976308331,2.444912875068554,3.721978136012483,-0.0020648305302055844
independent_incidents,101,incident_stratified,0.4164092646975189,1.6343862685391148,2.750576435084483,0.0622,0.9979132976308331,2.444912875068554,3.721978136012483,-0.0020648305302055844
independent_incidents,102,row_preserved,0.4138510610615972,1.6298349325497419,2.680518205110547,0.0618,0.9947708680477575,2.4058210658039396,3.4989258282498885,-0.0009358297404622496
independent_incidents,102,column_shuffled,0.4145755172804711,1.6389531486282813,2.680518205110547,0.0622,0.9985734851852809,2.3977130516410505,3.587751012380747,-0.002200451875255849
independent_incidents,102,incident_stratified,0.4145755172804711,1.6389531486282813,2.680518205110547,0.0622,0.9985734851852809,2.3977130516410505,3.587751012380747,-0.002200451875255849
independent_incidents,103,row_preserved,0.4156042287430628,1.5504079005360623,2.687806326741206,0.0542,0.9960854001008821,2.333526512712971,3.497072233162057,0.0018137147379990656
independent_incidents,103,column_shuffled,0.41713856512698866,1.5531958227045912,2.687806326741206,0.054,0.9948464342647854,2.3795819749129117,3.564980444327957,-0.00010158424896550234
independent_incidents,103,incident_stratified,0.41713856512698866,1.5531958227045912,2.687806326741206,0.054,0.9948464342647854,2.3795819749129117,3.564980444327957,-0.00010158424896550234
independent_incidents,104,row_preserved,0.41547440139290776,1.6344929341874308,2.6905480880787014,0.0598,0.9934665953126727,2.396014156652831,3.610650453526491,-0.005605764297532003
independent_incidents,104,column_shuffled,0.4140731625072021,1.628990052392913,2.6905480880787014,0.0584,0.9934952076680752,2.4274953541890554,3.570483270422702,0.0011680496017078038
independent_incidents,104,incident_stratified,0.4140731625072021,1.628990052392913,2.6905480880787014,0.0584,0.9934952076680752,2.4274953541890554,3.570483270422702,0.0011680496017078038
independent_incidents,105,row_preserved,0.41885573449317015,1.6502204272940884,2.8617816446214253,0.0638,1.004580750668295,2.486858008712998,3.8689437670626994,0.010004670859405804
independent_incidents,105,column_shuffled,0.41732584260926675,1.6432058516079755,2.8617816446214253,0.0626,1.0017177285910923,2.4509134247059694,3.9453374637980447,0.006755651502711658
independent_incidents,105,incident_stratified,0.41732584260926675,1.6432058516079755,2.8617816446214253,0.0626,1.0017177285910923,2.4509134247059694,3.9453374637980447,0.006755651502711658
independent_incidents,106,row_preserved,0.4159095783577504,1.6608229356068052,2.836592191877505,0.0618,0.9953791352090988,2.396060443922232,3.7330452493224158,-0.0030819204176265134
independent_incidents,106,column_shuffled,0.4140006203569892,1.6608229356068052,2.836592191877505,0.0614,0.9894250494008735,2.4244823951960552,3.726460087778248,-0.0015548847979872365
independent_incidents,106,incident_stratified,0.4140006203569892,1.6608229356068052,2.836592191877505,0.0614,0.9894250494008735,2.4244823951960552,3.726460087778248,-0.0015548847979872365
independent_incidents,107,row_preserved,0.4125506006498145,1.6581885013141817,2.7787420520177704,0.0644,0.9874742312432107,2.4829987305450762,3.7011445438051447,0.010294647730037134
independent_incidents,107,column_shuffled,0.41377903971836494,1.6471529778664062,2.7787420520177704,0.0648,0.9977129450709872,2.4390982420911085,3.5776492904240964,-0.00676426803649477
independent_incidents,107,incident_stratified,0.41377903971836494,1.6471529778664062,2.7787420520177704,0.0648,0.9977129450709872,2.4390982420911085,3.5776492904240964,-0.00676426803649477
independent_incidents,108,row_preserved,0.4189112682222806,1.7034127492079294,2.80623934768521,0.0652,1.00040729899401,2.503552628220225,3.5558665871684303,-0.007741346818992317
independent_incidents,108,column_shuffled,0.4199081747135241,1.6842373977039755,2.80623934768521,0.064,0.9943784137904805,2.4880589211068695,3.6876868208839433,-0.0010782937563026413
independent_incidents,108,incident_stratified,0.4199081747135241,1.6842373977039755,2.80623934768521,0.064,0.9943784137904805,2.4880589211068695,3.6876868208839433,-0.0010782937563026413
independent_incidents,109,row_preserved,0.42211501515951033,1.6595042284978534,2.7556251575098862,0.0614,1.0059466286621113,2.4797746071956768,3.687424850306689,0.009377030306327404
independent_incidents,109,column_shuffled,0.420819989877822,1.664697638450483,2.7556251575098862,0.063,1.0014305718203793,2.4606383613335217,3.5687478282123095,0.00533357649751487
independent_incidents,109,incident_stratified,0.420819989877822,1.664697638450483,2.7556251575098862,0.063,1.0014305718203793,2.4606383613335217,3.5687478282123095,0.00533357649751487
independent_incidents,110,row_preserved,0.4183412942083216,1.7130642714373756,2.823662126944106,0.068,0.997949838520038,2.5448988645528345,3.7575059708517236,0.010681626913845351
independent_incidents,110,column_shuffled,0.42262582802798115,1.7206262821116263,2.823662126944106,0.0686,1.0020634815799658,2.5117997571853525,3.621997535978901,-0.00539263912183239
independent_incidents,110,incident_stratified,0.42262582802798115,1.7206262821116263,2.823662126944106,0.0686,1.0020634815799658,2.5117997571853525,3.621997535978901,-0.00539263912183239
independent_incidents,111,row_preserved,0.4157570091637658,1.688692963367801,2.9944433819707226,0.065,0.9983692684730959,2.53471587131116,3.907803466670763,0.005839409727085953
independent_incidents,111,column_shuffled,0.4168026172638308,1.69858348786529,2.9944433819707226,0.0652,1.0038523008178426,2.471116480374459,3.8184115076654215,-0.0008719585009656616
independent_incidents,111,incident_stratified,0.4168026172638308,1.69858348786529,2.9944433819707226,0.0652,1.0038523008178426,2.471116480374459,3.8184115076654215,-0.0008719585009656616
independent_incidents,112,row_preserved,0.4182774197695001,1.6690152080786027,2.76886927643992,0.064,1.0003460238726423,2.465717118328333,3.6488807258092724,0.0042868194487804346
independent_incidents,112,column_shuffled,0.4154900962881938,1.676424773147708,2.7786495184675104,0.0644,0.9953617848381164,2.4565661428990726,3.619418497366164,0.004167412875150566
independent_incidents,112,incident_stratified,0.4154900962881938,1.676424773147708,2.7786495184675104,0.0644,0.9953617848381164,2.4565661428990726,3.619418497366164,0.004167412875150566
independent_incidents,113,row_preserved,0.41526766410653687,1.70358127408001,2.9443654786871063,0.0648,1.0008772643864194,2.4711218700450726,3.7835202707189075,0.0010222489123864807
independent_incidents,113,column_shuffled,0.41550158312100144,1.70358127408001,2.9443654786871063,0.065,0.998961214994337,2.5025622031353927,3.858190459611955,-0.004380705194056701
independent_incidents,113,incident_stratified,0.41550158312100144,1.70358127408001,2.9443654786871063,0.065,0.998961214994337,2.5025622031353927,3.858190459611955,-0.004380705194056701
independent_incidents,114,row_preserved,0.41591808011297193,1.6389336772914709,2.7175015675554963,0.0612,0.9911085069238608,2.4463236444336056,3.748332558822904,0.006452116782718126
independent_incidents,114,column_shuffled,0.4172862007674194,1.6513181752596622,2.7175015675554963,0.0624,1.0040777865091517,2.4198983829457905,3.579188255974004,-0.005070742887969288
independent_incidents,114,incident_stratified,0.4172862007674194,1.6513181752596622,2.7175015675554963,0.0624,1.0040777865091517,2.4198983829457905,3.579188255974004,-0.005070742887969288
independent_incidents,115,row_preserved,0.4174502045092455,1.6368896810276181,2.6931177160819746,0.0612,0.996960648831135,2.4861373047414865,3.655821956645215,0.006185945481816748
independent_incidents,115,column_shuffled,0.4163314306626606,1.6319735796359944,2.6931177160819746,0.0608,0.994206288046212,2.4656927750566835,3.6005335344910465,-0.004293236907819719
independent_incidents,115,incident_stratified,0.4163314306626606,1.6319735796359944,2.6931177160819746,0.0608,0.994206288046212,2.4656927750566835,3.6005335344910465,-0.004293236907819719
independent_incidents,116,row_preserved,0.4146744963126422,1.6062395192156957,2.830996439998604,0.0598,1.000246950169703,2.420387127640112,3.959985481801529,0.002255947566985044
independent_incidents,116,column_shuffled,0.4158367130865147,1.6141248347339654,2.8040142683271614,0.06,0.9958302018478349,2.4152283108701758,3.715797535516455,0.00021356177122573185
independent_incidents,116,incident_stratified,0.4158367130865147,1.6141248347339654,2.8040142683271614,0.06,0.9958302018478349,2.4152283108701758,3.715797535516455,0.00021356177122573185
independent_incidents,117,row_preserved,0.4106470938075851,1.6324146194460034,2.642635759622013,0.0588,0.9896806691598109,2.4348427763389475,3.5279762392153513,0.0020331779265434576
independent_incidents,117,column_shuffled,0.4080359476458071,1.631459552580994,2.642635759622013,0.0582,0.9891715586675024,2.4155834372578937,3.6382955847112486,0.005753822046185904
independent_incidents,117,incident_stratified,0.4080359476458071,1.631459552580994,2.642635759622013,0.0582,0.9891715586675024,2.4155834372578937,3.6382955847112486,0.005753822046185904
independent_incidents,118,row_preserved,0.4103251378445436,1.684530959116152,2.850593792392662,0.066,0.9816478471892914,2.4954595248089237,3.744110105347927,0.008430557246870854
independent_incidents,118,column_shuffled,0.4129669120932556,1.690570775402555,2.8522873463889704,0.067,0.995118787131692,2.489668864455426,3.7942017320579264,-0.007391461926119909
independent_incidents,118,incident_stratified,0.4129669120932556,1.690570775402555,2.8522873463889704,0.067,0.995118787131692,2.489668864455426,3.7942017320579264,-0.007391461926119909
independent_incidents,119,row_preserved,0.41258194234083734,1.7450415720290884,2.805722108477996,0.0706,0.9966982287893876,2.5115033011610475,3.834540568489387,0.01068528790235436
independent_incidents,119,column_shuffled,0.41843986606827427,1.7515331935368863,2.805722108477996,0.0708,1.001009630325529,2.4955904095370474,3.7125380667268084,0.006717679749201119
independent_incidents,119,incident_stratified,0.41843986606827427,1.7515331935368863,2.805722108477996,0.0708,1.001009630325529,2.4955904095370474,3.7125380667268084,0.006717679749201119
independent_incidents,120,row_preserved,0.4161012846787933,1.6634519807500543,2.7849892605603874,0.0638,1.0030965457249343,2.467452758287598,3.685424204507447,0.00035074295463833217
independent_incidents,120,column_shuffled,0.42071736996408493,1.665975223237066,2.7849892605603874,0.0638,1.000686974516918,2.457305556176027,3.6856823426280148,-0.006928843221442216
independent_incidents,120,incident_stratified,0.42071736996408493,1.665975223237066,2.7849892605603874,0.0638,1.000686974516918,2.457305556176027,3.6856823426280148,-0.006928843221442216
independent_incidents,121,row_preserved,0.41463138157343116,1.662108966705386,2.9055508164574295,0.063,0.993243208845066,2.521891473028715,3.7803444538668725,0.006624272423853841
independent_incidents,121,column_shuffled,0.412686854430486,1.6696830843052106,2.9055508164574295,0.063,0.9922022846622814,2.4461331116534293,3.7558411707346697,0.006322291489801367
independent_incidents,121,incident_stratified,0.412686854430486,1.6696830843052106,2.9055508164574295,0.063,0.9922022846622814,2.4461331116534293,3.7558411707346697,0.006322291489801367
independent_incidents,122,row_preserved,0.41520027559394945,1.621365668559806,2.7396108730782105,0.0592,0.9983393381499345,2.4105329959246347,3.704776970106587,0.0026985597769974535
independent_incidents,122,column_shuffled,0.4163021572783831,1.6220395846048605,2.7396108730782105,0.0598,0.996073201566017,2.417757436782565,3.5120187479242597,-0.00985527569417625
independent_incidents,122,incident_stratified,0.4163021572783831,1.6220395846048605,2.7396108730782105,0.0598,0.996073201566017,2.417757436782565,3.5120187479242597,-0.00985527569417625
independent_incidents,123,row_preserved,0.41796443499143066,1.6325965056349498,2.96607333624119,0.0606,0.9988781978417689,2.463826433091101,3.7702822605158506,0.0055573243669884516
independent_incidents,123,column_shuffled,0.4192426224683856,1.630637384758857,2.96607333624119,0.0606,0.9980191054728443,2.4368594945657693,3.842851971236532,0.00046062511163246926
independent_incidents,123,incident_stratified,0.4192426224683856,1.630637384758857,2.96607333624119,0.0606,0.9980191054728443,2.4368594945657693,3.842851971236532,0.00046062511163246926
independent_incidents,124,row_preserved,0.40915146110546924,1.6154418487385793,2.7209036445271075,0.0612,0.9841328260592316,2.419154982486914,3.6018702440733343,0.003857998654973235
independent_incidents,124,column_shuffled,0.4083790653506215,1.6154418487385793,2.7209036445271075,0.0616,0.9898260055794189,2.4422330393762266,3.5596726198995676,0.0005444723256190675
independent_incidents,124,incident_stratified,0.4083790653506215,1.6154418487385793,2.7209036445271075,0.0616,0.9898260055794189,2.4422330393762266,3.5596726198995676,0.0005444723256190675
independent_incidents,125,row_preserved,0.415187189530353,1.6373230718050493,2.834162808434133,0.0658,1.0012170619835001,2.44121539211843,3.8236257135978073,-0.00017013929514103922
independent_incidents,125,column_shuffled,0.4177763855814897,1.651685643822198,2.834162808434133,0.0664,0.9996145944128647,2.446648737244047,3.656814647817406,-0.011767235904433945
independent_incidents,125,incident_stratified,0.4177763855814897,1.651685643822198,2.834162808434133,0.0664,0.9996145944128647,2.446648737244047,3.656814647817406,-0.011767235904433945
independent_incidents,126,row_preserved,0.4148317506020196,1.6504520097974784,2.92404198933123,0.0648,0.9915560070404192,2.466600501454863,3.8486650617962277,0.007573281839545163
independent_incidents,126,column_shuffled,0.417172072333014,1.646207552609212,2.92404198933123,0.0642,0.9965047523594001,2.4461202753451543,3.767146416477617,-0.001687845644142557
independent_incidents,126,incident_stratified,0.417172072333014,1.646207552609212,2.92404198933123,0.0642,0.9965047523594001,2.4461202753451543,3.767146416477617,-0.001687845644142557
independent_incidents,127,row_preserved,0.41787200423477594,1.7287013787257381,2.865449036016716,0.0688,0.9990020703493201,2.5154964883998328,3.6721236520535894,-0.008599892226365851
independent_incidents,127,column_shuffled,0.4190276488485106,1.7092177218543103,2.865449036016716,0.0682,0.9965557067339681,2.504131281448614,3.7731377175968572,-0.0021677443753476337
independent_incidents,127,incident_stratified,0.4190276488485106,1.7092177218543103,2.865449036016716,0.0682,0.9965557067339681,2.504131281448614,3.7731377175968572,-0.0021677443753476337
independent_incidents,128,row_preserved,0.42277278938949153,1.675652950859942,2.7892147834759533,0.0628,1.0061260556741474,2.4583106030692763,3.6369828521234284,-0.0010667770550742322
independent_incidents,128,column_shuffled,0.4186814914931819,1.6930662534858316,2.7892147834759533,0.0624,0.9982798522815808,2.5286213542095535,3.653770281881555,-0.00010918006243023758
independent_incidents,128,incident_stratified,0.4186814914931819,1.6930662534858316,2.7892147834759533,0.0624,0.9982798522815808,2.5286213542095535,3.653770281881555,-0.00010918006243023758
independent_incidents,129,row_preserved,0.4183638747281505,1.635828058385238,2.851797225911774,0.0628,0.9999110590225289,2.419919095726356,3.79436926036093,-0.006160448231253457
independent_incidents,129,column_shuffled,0.41572797219461766,1.636332472991157,2.851797225911774,0.0618,0.9946718107599714,2.507456404142506,3.733284402561957,0.014032614244276981
independent_incidents,129,incident_stratified,0.41572797219461766,1.636332472991157,2.851797225911774,0.0618,0.9946718107599714,2.507456404142506,3.733284402561957,0.014032614244276981
independent_incidents,130,row_preserved,0.4143982663095274,1.623801459300165,2.725593766908398,0.0612,0.9987083539701465,2.4194961309210603,3.7472465842982645,-0.005778570821211258
independent_incidents,130,column_shuffled,0.4118717619573061,1.6047941895566722,2.725593766908398,0.0594,0.99684083212022,2.381148350681244,3.640350680270292,0.000012831922089286187
independent_incidents,130,incident_stratified,0.4118717619573061,1.6047941895566722,2.725593766908398,0.0594,0.99684083212022,2.381148350681244,3.640350680270292,0.000012831922089286187
independent_incidents,131,row_preserved,0.41570085225149267,1.6581370439741634,2.837035423320739,0.0646,0.9939897270419522,2.4593660194675264,3.684741546753773,-0.007818846171993214
independent_incidents,131,column_shuffled,0.41517015441784433,1.6824788126245367,2.837035423320739,0.0658,0.9962243267900885,2.5124877903365794,3.799506053101308,-0.006313831092012012
independent_incidents,131,incident_stratified,0.41517015441784433,1.6824788126245367,2.837035423320739,0.0658,0.9962243267900885,2.5124877903365794,3.799506053101308,-0.006313831092012012
independent_incidents,132,row_preserved,0.4157423471280949,1.671910868974322,2.7752362388167717,0.0654,0.9957446346892979,2.500813806624697,3.702598939355907,0.01013246129275062
independent_incidents,132,column_shuffled,0.4194748416938499,1.6725601630256484,2.7752362388167717,0.0656,0.9954101579460868,2.5152443566243576,3.808415011806394,-0.0035421661198504505
independent_incidents,132,incident_stratified,0.4194748416938499,1.6725601630256484,2.7752362388167717,0.0656,0.9954101579460868,2.5152443566243576,3.808415011806394,-0.0035421661198504505
independent_incidents,133,row_preserved,0.4180641479565433,1.6455417733799327,2.7146261400193277,0.0654,0.9998530174556757,2.4897024198697504,3.628855940266543,-0.008321515910880015
independent_incidents,133,column_shuffled,0.41767683669583183,1.6408929495481572,2.7146261400193277,0.0646,0.9928748591132992,2.4777435639617673,3.6752439127931127,0.007776116294167766
independent_incidents,133,incident_stratified,0.41767683669583183,1.6408929495481572,2.7146261400193277,0.0646,0.9928748591132992,2.4777435639617673,3.6752439127931127,0.007776116294167766
independent_incidents,134,row_preserved,0.4137172825718627,1.730100399171403,2.6915619708827854,0.0658,0.9868850145694649,2.501305585995031,3.547372815629985,0.004013870583649391
independent_incidents,134,column_shuffled,0.4104723356775018,1.7227646058064543,2.6915619708827854,0.0658,0.9882616316646218,2.4740535347562163,3.6031536880866613,0.0001050023112727531
independent_incidents,134,incident_stratified,0.4104723356775018,1.7227646058064543,2.6915619708827854,0.0658,0.9882616316646218,2.4740535347562163,3.6031536880866613,0.0001050023112727531
independent_incidents,135,row_preserved,0.4173117621017396,1.685111957341268,2.7696242252300385,0.0636,0.9945394287344984,2.5017859238693188,3.62389321687124,0.00140385910639392
independent_incidents,135,column_shuffled,0.41963724450683887,1.6720001431084213,2.7696242252300385,0.0632,1.0017575959156224,2.4264937963256106,3.6800394675514,-0.009531898599128268
independent_incidents,135,incident_stratified,0.41963724450683887,1.6720001431084213,2.7696242252300385,0.0632,1.0017575959156224,2.4264937963256106,3.6800394675514,-0.009531898599128268
independent_incidents,136,row_preserved,0.41140730373202705,1.6854992155386377,2.8882984079920075,0.062,0.9922968851124961,2.465974482263448,3.846957385734058,-0.0014415626724964294
independent_incidents,136,column_shuffled,0.4135459544944191,1.689669621902853,2.8882984079920075,0.0624,0.9971026966036354,2.39618552622326,3.821805542707552,-0.006434799415695732
independent_incidents,136,incident_stratified,0.4135459544944191,1.689669621902853,2.8882984079920075,0.0624,0.9971026966036354,2.39618552622326,3.821805542707552,-0.006434799415695732
independent_incidents,137,row_preserved,0.42008559456111694,1.6279158542242451,2.61691839707064,0.0634,1.0021605574653192,2.447575022272021,3.599240401482712,0.00401575077204495
independent_incidents,137,column_shuffled,0.42062187255780714,1.6290136710135585,2.6303007793230386,0.0634,0.9971343009989042,2.4601516388008005,3.566643997915459,0.002722494232703902
independent_incidents,137,incident_stratified,0.42062187255780714,1.6290136710135585,2.6303007793230386,0.0634,0.9971343009989042,2.4601516388008005,3.566643997915459,0.002722494232703902
independent_incidents,138,row_preserved,0.421937049539946,1.651867041148963,2.7269774364055697,0.0656,1.0000872942784746,2.4926550296321386,3.8703433166010432,0.005216124184434251
independent_incidents,138,column_shuffled,0.4238150484573715,1.6545817554869464,2.7269774364055697,0.0654,1.005005453599663,2.4860826759148984,3.7114038072531077,-0.00021951459088323318
independent_incidents,138,incident_stratified,0.4238150484573715,1.6545817554869464,2.7269774364055697,0.0654,1.005005453599663,2.4860826759148984,3.7114038072531077,-0.00021951459088323318
independent_incidents,139,row_preserved,0.411643381481841,1.6700547348778048,2.8866348094723437,0.0654,0.9964645349459332,2.457682992497916,3.7587587249202126,0.003068344722983481
independent_incidents,139,column_shuffled,0.4140838459355435,1.6558705232837692,2.8866348094723437,0.064,0.9916838902159568,2.4467150208162245,3.8716786566772647,0.0021411727926412827
independent_incidents,139,incident_stratified,0.4140838459355435,1.6558705232837692,2.8866348094723437,0.064,0.9916838902159568,2.4467150208162245,3.8716786566772647,0.0021411727926412827
independent_incidents,140,row_preserved,0.4089116531318656,1.6279582739496625,2.762631697533825,0.0622,0.9925712045814575,2.4620198087512293,3.716817715674295,0.002857417246343183
independent_incidents,140,column_shuffled,0.41302333295614585,1.6356034961704145,2.762631697533825,0.062,0.9947460156041991,2.4437173206863054,3.6431141896749075,0.0003129868321586707
independent_incidents,140,incident_stratified,0.41302333295614585,1.6356034961704145,2.762631697533825,0.062,0.9947460156041991,2.4437173206863054,3.6431141896749075,0.0003129868321586707
independent_incidents,141,row_preserved,0.4097152809008989,1.6696529306272516,2.62818507188303,0.0638,0.9886385457361254,2.4689840423209013,3.736334203359009,0.009824684375603717
independent_incidents,141,column_shuffled,0.4130888422506202,1.6717136912619714,2.622857343691459,0.0648,0.9885012675209858,2.4700039047024376,3.5381785805589576,0.0020455404737135274
independent_incidents,141,incident_stratified,0.4130888422506202,1.6717136912619714,2.622857343691459,0.0648,0.9885012675209858,2.4700039047024376,3.5381785805589576,0.0020455404737135274
independent_incidents,142,row_preserved,0.4167958613596238,1.6064961730070113,2.681706611517047,0.0596,0.9981423674237222,2.4608798525575555,3.563309982170181,-0.0014476401919151774
independent_incidents,142,column_shuffled,0.4136247200118148,1.5945391004338632,2.653166605087608,0.0584,0.9900402085223773,2.442589914468114,3.7382981264245556,0.017454730237291067
independent_incidents,142,incident_stratified,0.4136247200118148,1.5945391004338632,2.653166605087608,0.0584,0.9900402085223773,2.442589914468114,3.7382981264245556,0.017454730237291067
independent_incidents,143,row_preserved,0.41553637295775964,1.6447189633608317,2.728259671337547,0.0626,0.9901853378908063,2.4462752476019194,3.6121478920865426,-0.0069643670233168085
independent_incidents,143,column_shuffled,0.4179218412861645,1.6414943479295196,2.728259671337547,0.062,1.0036581283849215,2.424456461079607,3.642389589566081,-0.006077444358645796
independent_incidents,143,incident_stratified,0.4179218412861645,1.6414943479295196,2.728259671337547,0.062,1.0036581283849215,2.424456461079607,3.642389589566081,-0.006077444358645796
independent_incidents,144,row_preserved,0.4168316048172493,1.609513702847583,2.844997524731289,0.0614,0.9935015176095482,2.399328956718772,3.6653034786335215,0.004966634412344742
independent_incidents,144,column_shuffled,0.4164445327194729,1.609513702847583,2.844997524731289,0.0614,0.9912731159993395,2.4368280904615998,3.747105399322435,0.003115209514614123
independent_incidents,144,incident_stratified,0.4164445327194729,1.609513702847583,2.844997524731289,0.0614,0.9912731159993395,2.4368280904615998,3.747105399322435,0.003115209514614123
independent_incidents,145,row_preserved,0.4132771746987599,1.6504465412701785,2.8124806000301152,0.0642,0.9984759392939209,2.4504013247322822,3.771939614509338,0.003163972682426623
independent_incidents,145,column_shuffled,0.4112023754180383,1.6516089756297416,2.8585842999782294,0.0644,0.9954950369437706,2.480857859503063,3.6166049541537753,0.0026331059523620683
independent_incidents,145,incident_stratified,0.4112023754180383,1.6516089756297416,2.8585842999782294,0.0644,0.9954950369437706,2.480857859503063,3.6166049541537753,0.0026331059523620683
independent_incidents,146,row_preserved,0.4214430144201422,1.627624996863913,2.8178215098725823,0.0604,1.0065016261503752,2.431198871682409,3.7243860039730587,-0.0003485509025355843
independent_incidents,146,column_shuffled,0.4211342980253819,1.627624996863913,2.8178215098725823,0.0604,1.005223895106825,2.436284534255528,3.7393762238989807,-0.002617988036484884
independent_incidents,146,incident_stratified,0.4211342980253819,1.627624996863913,2.8178215098725823,0.0604,1.005223895106825,2.436284534255528,3.7393762238989807,-0.002617988036484884
independent_incidents,147,row_preserved,0.4197566533362036,1.6305369948330726,2.7936696417903577,0.0614,0.9980784726488936,2.4494696206933253,3.591655169505652,-0.002120360595862763
independent_incidents,147,column_shuffled,0.41833713568151093,1.6312565363631768,2.7936696417903577,0.0616,0.9994012254669312,2.432786985676683,3.6309143265349038,0.00023763980989619798
independent_incidents,147,incident_stratified,0.41833713568151093,1.6312565363631768,2.7936696417903577,0.0616,0.9994012254669312,2.432786985676683,3.6309143265349038,0.00023763980989619798
independent_incidents,148,row_preserved,0.41527434056194557,1.7085729164405987,3.016811198055989,0.0692,0.9955518259202565,2.5220134275320167,3.8778191901414982,-0.0022741539625728783
independent_incidents,148,column_shuffled,0.41547594268457977,1.7044001766188637,3.016811198055989,0.0694,0.9951678050248154,2.519801582222659,3.9324713453033517,0.0033751258062588644
independent_incidents,148,incident_stratified,0.41547594268457977,1.7044001766188637,3.016811198055989,0.0694,0.9951678050248154,2.519801582222659,3.9324713453033517,0.0033751258062588644
independent_incidents,149,row_preserved,0.41438001533482205,1.6178298957953958,2.827251920879242,0.0592,0.9943861235911015,2.372336090331808,3.687487018015652,-0.010598875605118891
independent_incidents,149,column_shuffled,0.4143799924406201,1.595491890594948,2.827251920879242,0.058,0.9998578288745708,2.3407905055616887,3.683173335319493,0.00003968988932732664
independent_incidents,149,incident_stratified,0.4143799924406201,1.595491890594948,2.827251920879242,0.058,0.9998578288745708,2.3407905055616887,3.683173335319493,0.00003968988932732664
independent_incidents,150,row_preserved,0.41418445135867565,1.6620639471522907,2.782185927247347,0.0644,0.9978109723287466,2.4403709596469185,3.6151751862355095,0.004632126228073846
independent_incidents,150,column_shuffled,0.41469833410257617,1.6627748977975931,2.782185927247347,0.0642,1.0015575169458253,2.466966114007573,3.5901566188396488,0.0013369500975500678
independent_incidents,150,incident_stratified,0.41469833410257617,1.6627748977975931,2.782185927247347,0.0642,1.0015575169458253,2.466966114007573,3.5901566188396488,0.0013369500975500678
independent_incidents,151,row_preserved,0.4179963179689804,1.6538259334105483,2.873746902750721,0.0666,0.9912225002741646,2.458269083943421,3.6538035941527953,-0.0027210381668980863
independent_incidents,151,column_shuffled,0.4141827615984746,1.6496898412089356,2.873746902750721,0.066,0.9886276985862873,2.4838806803300097,3.6529398168775042,-0.0037573138717012875
independent_incidents,151,incident_stratified,0.4141827615984746,1.6496898412089356,2.873746902750721,0.066,0.9886276985862873,2.4838806803300097,3.6529398168775042,-0.0037573138717012875
independent_incidents,152,row_preserved,0.41796046933175235,1.7289549538856395,3.103624538578631,0.0684,1.0014440696370732,2.5359103524314732,3.869183391644955,0.004264778838241229
independent_incidents,152,column_shuffled,0.4145938428429906,1.7255189493810827,3.103624538578631,0.0672,0.9946365792050739,2.536730822635851,3.887775797648644,0.00402584916907965
independent_incidents,152,incident_stratified,0.4145938428429906,1.7255189493810827,3.103624538578631,0.0672,0.9946365792050739,2.536730822635851,3.887775797648644,0.00402584916907965
independent_incidents,153,row_preserved,0.4174134797602884,1.7142258480549186,2.843695504764594,0.0662,0.9992306651837279,2.5333106000362178,3.741118264061285,0.00017441214330311846
independent_incidents,153,column_shuffled,0.4152903728347493,1.7080701382021353,2.838445792687007,0.066,1.0007530392320392,2.5018821500209736,3.6788031144706443,0.0006971601353711337
independent_incidents,153,incident_stratified,0.4152903728347493,1.7080701382021353,2.838445792687007,0.066,1.0007530392320392,2.5018821500209736,3.6788031144706443,0.0006971601353711337
independent_incidents,154,row_preserved,0.41053748543492624,1.650483818174854,2.8608653512644473,0.065,0.98820620761253,2.4778963868212776,3.693308845916161,-0.0054364078926313125
independent_incidents,154,column_shuffled,0.41053748543492624,1.6489447123323138,2.8608653512644473,0.0646,0.9918427319379763,2.475692307439594,3.6863144361081623,0.011034910923294707
independent_incidents,154,incident_stratified,0.41053748543492624,1.6489447123323138,2.8608653512644473,0.0646,0.9918427319379763,2.475692307439594,3.6863144361081623,0.011034910923294707
independent_incidents,155,row_preserved,0.41289831541559124,1.5844003677557459,2.6463383077250637,0.0572,0.9904362105337934,2.387294570606373,3.455361571047041,-0.007196300450136334
independent_incidents,155,column_shuffled,0.41417089238898336,1.575823058763355,2.6463383077250637,0.0566,0.9826392021642885,2.4137720694421283,3.5173680321053173,0.0066405842310575175
independent_incidents,155,incident_stratified,0.41417089238898336,1.575823058763355,2.6463383077250637,0.0566,0.9826392021642885,2.4137720694421283,3.5173680321053173,0.0066405842310575175
independent_incidents,156,row_preserved,0.4154236192964269,1.6429001858676502,2.8601415674068686,0.0628,1.000620104165908,2.404525985778633,3.6793247983291923,-0.011778888159970751
independent_incidents,156,column_shuffled,0.4143955598637636,1.6461181414727104,2.8601415674068686,0.0632,0.9994717951107327,2.3967339318567573,3.665900669708228,-0.0031005081474088075
independent_incidents,156,incident_stratified,0.4143955598637636,1.6461181414727104,2.8601415674068686,0.0632,0.9994717951107327,2.3967339318567573,3.665900669708228,-0.0031005081474088075
independent_incidents,157,row_preserved,0.4273660040563061,1.6623287606725534,2.7306410382844324,0.0644,0.9996097071778471,2.428427342908158,3.647894004028438,-0.009357974508842593
independent_incidents,157,column_shuffled,0.4275790917014507,1.6623287606725534,2.7306410382844324,0.064,1.007779716228949,2.444650857265902,3.600102471051808,-0.009156278953808187
independent_incidents,157,incident_stratified,0.4275790917014507,1.6623287606725534,2.7306410382844324,0.064,1.007779716228949,2.444650857265902,3.600102471051808,-0.009156278953808187
independent_incidents,158,row_preserved,0.41435624333714527,1.6846894796482768,2.775492618305268,0.0642,0.9986571529286089,2.4688751748992077,3.565284690566688,-0.0023789657942567956
independent_incidents,158,column_shuffled,0.41532630533043124,1.6805784070503633,2.775492618305268,0.0634,1.0004969804883945,2.4414623044415604,3.5568387163508453,-0.006337073830249825
independent_incidents,158,incident_stratified,0.41532630533043124,1.6805784070503633,2.775492618305268,0.0634,1.0004969804883945,2.4414623044415604,3.5568387163508453,-0.006337073830249825
independent_incidents,159,row_preserved,0.420214607689763,1.660590900684513,2.6523480504120003,0.0632,0.9968525518155702,2.459935645350637,3.482577978356969,0.005072926733734428
independent_incidents,159,column_shuffled,0.42046507919377873,1.6564450029536626,2.6523480504120003,0.0626,1.001799148145665,2.4565258440296627,3.450855899458893,0.0009465943922657832
independent_incidents,159,incident_stratified,0.42046507919377873,1.6564450029536626,2.6523480504120003,0.0626,1.001799148145665,2.4565258440296627,3.450855899458893,0.0009465943922657832
independent_incidents,160,row_preserved,0.41271575419304807,1.6143462025300512,2.735446486471049,0.0598,0.9902659543806864,2.4114313845416167,3.7054023483719423,0.0033344221072999173
independent_incidents,160,column_shuffled,0.4118133343194436,1.6238617463465124,2.736870143084535,0.0604,0.9860639592737082,2.4445347490423184,3.7005829499230667,0.004503758663026966
independent_incidents,160,incident_stratified,0.4118133343194436,1.6238617463465124,2.736870143084535,0.0604,0.9860639592737082,2.4445347490423184,3.7005829499230667,0.004503758663026966
independent_incidents,161,row_preserved,0.4161637814699757,1.693748250586129,2.7288288548908324,0.0674,0.9999581357484961,2.4489746273364403,3.633006776055538,0.004616461701207394
independent_incidents,161,column_shuffled,0.41679623526178416,1.6874271978979236,2.7288288548908324,0.0672,1.0016203559390622,2.4495267438746455,3.6504010682554666,-0.0021772563140743835
independent_incidents,161,incident_stratified,0.41679623526178416,1.6874271978979236,2.7288288548908324,0.0672,1.0016203559390622,2.4495267438746455,3.6504010682554666,-0.0021772563140743835
independent_incidents,162,row_preserved,0.41671025238758086,1.6856740128864802,2.805031820290977,0.0644,0.9889383536333427,2.4926579649857237,3.811350664437109,0.007448180012062221
independent_incidents,162,column_shuffled,0.41658139784298176,1.684870984714245,2.7925822939882785,0.0642,1.0003183183081727,2.4673244444587095,3.807711246117425,0.011663143324825308
independent_incidents,162,incident_stratified,0.41658139784298176,1.684870984714245,2.7925822939882785,0.0642,1.0003183183081727,2.4673244444587095,3.807711246117425,0.011663143324825308
independent_incidents,163,row_preserved,0.4175058505876684,1.6615538214839716,2.6818802876969445,0.0628,0.9991216169786366,2.45945474226873,3.63379082754381,-0.0011345089059875812
independent_incidents,163,column_shuffled,0.41483651139275773,1.6555385832072809,2.6818802876969445,0.0622,0.9961984546838574,2.4669852355744943,3.5718527479858704,0.005209709602475739
independent_incidents,163,incident_stratified,0.41483651139275773,1.6555385832072809,2.6818802876969445,0.0622,0.9961984546838574,2.4669852355744943,3.5718527479858704,0.005209709602475739
independent_incidents,164,row_preserved,0.41295919820587046,1.6208293091547965,2.6577105868988684,0.061,0.9844300977873077,2.3843605265475607,3.557086328833247,0.007564725511761478
independent_incidents,164,column_shuffled,0.4154582752166844,1.6235210940011313,2.6577105868988684,0.0614,0.9971968276270301,2.426788915982232,3.4942153412323256,-0.0017672755805872948
independent_incidents,164,incident_stratified,0.4154582752166844,1.6235210940011313,2.6577105868988684,0.0614,0.9971968276270301,2.426788915982232,3.4942153412323256,-0.0017672755805872948
independent_incidents,165,row_preserved,0.422903211374094,1.6913090384291185,2.828207540206746,0.0684,1.0086797800474252,2.501546058814573,3.704723599356231,-0.01120767067617137
independent_incidents,165,column_shuffled,0.42104439374984726,1.6945977279803688,2.828207540206746,0.0684,1.000058353074458,2.4924389937941385,3.690513713440624,-0.003322129896677824
independent_incidents,165,incident_stratified,0.42104439374984726,1.6945977279803688,2.828207540206746,0.0684,1.000058353074458,2.4924389937941385,3.690513713440624,-0.003322129896677824
independent_incidents,166,row_preserved,0.41939478242271655,1.6354160995988727,2.738330098144783,0.0626,1.0055139890144908,2.41608775003059,3.5982638587353764,-0.0009102400548280249
independent_incidents,166,column_shuffled,0.41830070788146767,1.6452371586639598,2.738330098144783,0.063,1.0019847053668454,2.4499331745094035,3.617276545364561,-0.010766861461668926
independent_incidents,166,incident_stratified,0.41830070788146767,1.6452371586639598,2.738330098144783,0.063,1.0019847053668454,2.4499331745094035,3.617276545364561,-0.010766861461668926
independent_incidents,167,row_preserved,0.4203063128973159,1.5911109023268495,2.790492207212367,0.056,1.000972326527776,2.3803648640762556,3.663959973555993,-0.00018539357368229712
independent_incidents,167,column_shuffled,0.4197929343457456,1.587493406281041,2.790492207212367,0.0558,1.0006499512067961,2.4036359680983757,3.660042214712587,-0.0024607750917634854
independent_incidents,167,incident_stratified,0.4197929343457456,1.587493406281041,2.790492207212367,0.0558,1.0006499512067961,2.4036359680983757,3.660042214712587,-0.0024607750917634854
independent_incidents,168,row_preserved,0.41399718409692776,1.6787273453092968,2.909132751793561,0.065,0.9962485849503644,2.509508475505756,3.717723000580051,0.004974169136379073
independent_incidents,168,column_shuffled,0.41577623450854173,1.6787273453092968,2.909132751793561,0.0652,0.9981008741789298,2.4492291649770306,3.739656720988951,-0.003000271784967862
independent_incidents,168,incident_stratified,0.41577623450854173,1.6787273453092968,2.909132751793561,0.0652,0.9981008741789298,2.4492291649770306,3.739656720988951,-0.003000271784967862
independent_incidents,169,row_preserved,0.4143760522348267,1.647081298176591,2.6013622776469023,0.0598,0.9988980966526964,2.393642019157259,3.4915530950827,-0.0006878929713991124
independent_incidents,169,column_shuffled,0.41613457273596366,1.6479978305527652,2.660626809851355,0.0604,0.9954012648894653,2.4089425399631024,3.6233591892336294,-0.003919618932492297
independent_incidents,169,incident_stratified,0.41613457273596366,1.6479978305527652,2.660626809851355,0.0604,0.9954012648894653,2.4089425399631024,3.6233591892336294,-0.003919618932492297
independent_incidents,170,row_preserved,0.4143275559843226,1.6060717137979104,2.5983519830288215,0.0612,0.9958029897895855,2.4229646802567886,3.6113063376731334,0.0007438031009733724
independent_incidents,170,column_shuffled,0.4118311471209331,1.6053865732973402,2.5983519830288215,0.0622,0.9973754189280982,2.408221004744969,3.5283842882604457,0.00043091632674913664
independent_incidents,170,incident_stratified,0.4118311471209331,1.6053865732973402,2.5983519830288215,0.0622,0.9973754189280982,2.408221004744969,3.5283842882604457,0.00043091632674913664
independent_incidents,171,row_preserved,0.4169097418078834,1.68155531015747,2.8038403233081124,0.067,0.9973457356940727,2.473648538052476,3.6747049883289176,-0.011044567027113164
independent_incidents,171,column_shuffled,0.41277992089836996,1.68155531015747,2.794432908060842,0.0662,0.9961509802975382,2.484629625656966,3.662307236639157,0.0037286546897235782
independent_incidents,171,incident_stratified,0.41277992089836996,1.68155531015747,2.794432908060842,0.0662,0.9961509802975382,2.484629625656966,3.662307236639157,0.0037286546897235782
independent_incidents,172,row_preserved,0.4192627417777049,1.7039154224515365,2.800469926740485,0.0686,1.0088738464128855,2.475587929409895,3.642151690572897,-0.008412798916388948
independent_incidents,172,column_shuffled,0.4142779017810398,1.7001392598936609,2.8003982430597945,0.0688,0.9936681914615795,2.5495454506819883,3.7722315680253695,0.014450079183361844
independent_incidents,172,incident_stratified,0.4142779017810398,1.7001392598936609,2.8003982430597945,0.0688,0.9936681914615795,2.5495454506819883,3.7722315680253695,0.014450079183361844
independent_incidents,173,row_preserved,0.41446674019694096,1.6789689956705132,2.8133295097027258,0.0614,0.9859217782994579,2.4670081687696963,3.7993590089170857,0.005817972754663431
independent_incidents,173,column_shuffled,0.41220435889136875,1.6736397693411948,2.8133295097027258,0.061,0.9896128150614487,2.4109528513102836,3.7028092228355862,-0.0010934401980271784
independent_incidents,173,incident_stratified,0.41220435889136875,1.6736397693411948,2.8133295097027258,0.061,0.9896128150614487,2.4109528513102836,3.7028092228355862,-0.0010934401980271784
independent_incidents,174,row_preserved,0.41554593232395187,1.6529118349794374,2.6729963905542666,0.0626,0.9997370732979338,2.4273046669598077,3.66283046621016,-0.0007543462945033241
independent_incidents,174,column_shuffled,0.41384016839619386,1.648522519344757,2.6729963905542666,0.062,0.9967765427829633,2.405555753694847,3.591636681521527,0.007432061546636507
independent_incidents,174,incident_stratified,0.41384016839619386,1.648522519344757,2.6729963905542666,0.062,0.9967765427829633,2.405555753694847,3.591636681521527,0.007432061546636507
independent_incidents,175,row_preserved,0.4125280577212657,1.6372589884200905,2.75024377817898,0.0618,0.9843157009880965,2.447726735883322,3.576792982193921,0.0037875532157411744
independent_incidents,175,column_shuffled,0.40971082098679346,1.6436641276699824,2.75024377817898,0.0616,0.9826994152995974,2.4155877931292573,3.6304067492760774,0.005202864001626718
independent_incidents,175,incident_stratified,0.40971082098679346,1.6436641276699824,2.75024377817898,0.0616,0.9826994152995974,2.4155877931292573,3.6304067492760774,0.005202864001626718
independent_incidents,176,row_preserved,0.40936255104053954,1.6625674425314432,2.7780469632882325,0.0626,0.9845397889787825,2.466255954369801,3.7596566430209486,0.0010408495293419558
independent_incidents,176,column_shuffled,0.40557079044167593,1.6577447367780618,2.7780469632882325,0.0618,0.9878251606037055,2.4673514734666604,3.6629008781516488,0.0027609121840002555
independent_incidents,176,incident_stratified,0.40557079044167593,1.6577447367780618,2.7780469632882325,0.0618,0.9878251606037055,2.4673514734666604,3.6629008781516488,0.0027609121840002555
independent_incidents,177,row_preserved,0.4173794724086386,1.6751469382843593,2.8997973381863837,0.0648,0.997603852486322,2.4818938664694357,3.7290806035693267,-0.00618855391336495
independent_incidents,177,column_shuffled,0.4153169703275017,1.697971731734875,2.8997973381863837,0.0652,0.993711352089297,2.4919938530468553,3.7018151374573263,-0.0031391164990068224
independent_incidents,177,incident_stratified,0.4153169703275017,1.697971731734875,2.8997973381863837,0.0652,0.993711352089297,2.4919938530468553,3.7018151374573263,-0.0031391164990068224
independent_incidents,178,row_preserved,0.4197027165880351,1.6768237730721158,2.8868440271992393,0.064,1.004591745614387,2.485585593292937,3.66260558864477,-0.0020864902016668476
independent_incidents,178,column_shuffled,0.4211385604903561,1.6732076950141264,2.8330661449716583,0.063,1.0033251732589223,2.500841793118661,3.772737293583983,0.005020603380793868
independent_incidents,178,incident_stratified,0.4211385604903561,1.6732076950141264,2.8330661449716583,0.063,1.0033251732589223,2.500841793118661,3.772737293583983,0.005020603380793868
independent_incidents,179,row_preserved,0.41877907670471276,1.6633686643397414,2.807330089953078,0.0616,0.9948900487972616,2.4438343968074996,3.5993507929258666,-0.0073416283045735055
independent_incidents,179,column_shuffled,0.4164254357718536,1.6519208782649988,2.807330089953078,0.061,0.9995798957235164,2.410551186518341,3.589955196769243,-0.007821548355946208
independent_incidents,179,incident_stratified,0.4164254357718536,1.6519208782649988,2.807330089953078,0.061,0.9995798957235164,2.410551186518341,3.589955196769243,-0.007821548355946208
independent_incidents,180,row_preserved,0.41500060332612754,1.695044244314581,2.8646419465366195,0.0668,1.000626368887913,2.5028904437586537,3.6741313634333594,-0.004268398219589724
independent_incidents,180,column_shuffled,0.4146059477913468,1.6842183460701865,2.8646419465366195,0.066,1.0026015829721404,2.45456110825667,3.734627757378343,-0.00038523106236257825
independent_incidents,180,incident_stratified,0.4146059477913468,1.6842183460701865,2.8646419465366195,0.066,1.0026015829721404,2.45456110825667,3.734627757378343,-0.00038523106236257825
independent_incidents,181,row_preserved,0.4143889564286346,1.6676260267490228,2.8276810868533895,0.0618,0.9977398228912207,2.4321890260682015,3.6735938249298457,-0.007037604648145152
independent_incidents,181,column_shuffled,0.41240304613755047,1.6663215677397594,2.8276810868533895,0.062,0.9953314518104082,2.3896193878754115,3.733783857938154,-0.010013043696753474
independent_incidents,181,incident_stratified,0.41240304613755047,1.6663215677397594,2.8276810868533895,0.062,0.9953314518104082,2.3896193878754115,3.733783857938154,-0.010013043696753474
independent_incidents,182,row_preserved,0.41353991036619975,1.6329325151163796,2.6667109155767266,0.0602,0.9902881826765577,2.414790347795656,3.5429007131997112,-0.00019320374539157024
independent_incidents,182,column_shuffled,0.4148496155661073,1.63755805104548,2.672176822093778,0.0618,0.9886377378512067,2.410343411284437,3.5093018828241065,-0.014047186770027751
independent_incidents,182,incident_stratified,0.4148496155661073,1.63755805104548,2.672176822093778,0.0618,0.9886377378512067,2.410343411284437,3.5093018828241065,-0.014047186770027751
independent_incidents,183,row_preserved,0.42216661272940925,1.6671690118431348,2.8058293812792945,0.0648,1.0007751032690497,2.4379840482739237,3.63536528518713,-0.006447599921539013
independent_incidents,183,column_shuffled,0.4211548188657627,1.659949988019417,2.8058293812792945,0.0642,1.0023202455497373,2.4514331111073493,3.6613576733423043,0.0034270158221386855
independent_incidents,183,incident_stratified,0.4211548188657627,1.659949988019417,2.8058293812792945,0.0642,1.0023202455497373,2.4514331111073493,3.6613576733423043,0.0034270158221386855
independent_incidents,184,row_preserved,0.4142616356927601,1.6566727442434257,2.7055718190497124,0.0614,0.9961063291085807,2.478859280730795,3.684565011050215,0.0003373000655149786
independent_incidents,184,column_shuffled,0.4180910437328431,1.6488057031809737,2.7055718190497124,0.0612,0.9979247045394155,2.452828572165601,3.533691099147485,0.0029456422214375055
independent_incidents,184,incident_stratified,0.4180910437328431,1.6488057031809737,2.7055718190497124,0.0612,0.9979247045394155,2.452828572165601,3.533691099147485,0.0029456422214375055
independent_incidents,185,row_preserved,0.4189526676999414,1.6503300940265038,2.70701938506334,0.064,0.9972736060168618,2.4487903304600005,3.60576243517665,0.0021932464524398337
independent_incidents,185,column_shuffled,0.4173684655738444,1.6638089551580044,2.70701938506334,0.0636,0.9974123077468773,2.4381331609377983,3.59440014976089,-0.0002709708082300379
independent_incidents,185,incident_stratified,0.4173684655738444,1.6638089551580044,2.70701938506334,0.0636,0.9974123077468773,2.4381331609377983,3.59440014976089,-0.0002709708082300379
independent_incidents,186,row_preserved,0.4196441382917772,1.6567228901124866,2.783092651498699,0.0632,0.9984999460179873,2.4461882450758123,3.641705929241504,-0.004483911398208653
independent_incidents,186,column_shuffled,0.4178510007550515,1.6579784811812335,2.783092651498699,0.0634,1.007500140740096,2.434057062672542,3.565506315013469,-0.00597472804202213
independent_incidents,186,incident_stratified,0.4178510007550515,1.6579784811812335,2.783092651498699,0.0634,1.007500140740096,2.434057062672542,3.565506315013469,-0.00597472804202213
independent_incidents,187,row_preserved,0.4209477904019805,1.599235818780707,2.6859309089168915,0.0594,0.9971994853934252,2.3984537722593506,3.526777806810999,-0.0033136493562082522
independent_incidents,187,column_shuffled,0.4219843316375764,1.5938494889149981,2.6859309089168915,0.0588,0.9958564878443048,2.380935644224444,3.601190903309473,0.006289544298083361
independent_incidents,187,incident_stratified,0.4219843316375764,1.5938494889149981,2.6859309089168915,0.0588,0.9958564878443048,2.380935644224444,3.601190903309473,0.006289544298083361
independent_incidents,188,row_preserved,0.418364625666767,1.7163479964325077,3.0737949510745426,0.068,0.9997731324053795,2.5120621685934204,3.9653695581721555,0.008762450822479157
independent_incidents,188,column_shuffled,0.42131152104131164,1.7274882989877327,3.0737949510745426,0.0692,1.002668332544911,2.5060937671590025,3.9535007995688365,-0.003321954041717642
independent_incidents,188,incident_stratified,0.42131152104131164,1.7274882989877327,3.0737949510745426,0.0692,1.002668332544911,2.5060937671590025,3.9535007995688365,-0.003321954041717642
independent_incidents,189,row_preserved,0.42289677283462923,1.6848876972830376,2.7673582189314145,0.0656,1.0068119811818501,2.423046390066795,3.785696855082297,-0.0050405124142500176
independent_incidents,189,column_shuffled,0.42402419006038516,1.6868089102415045,2.7673582189314145,0.0666,0.9946496266107342,2.479534742360097,3.7866529148052686,0.00005114608590007716
independent_incidents,189,incident_stratified,0.42402419006038516,1.6868089102415045,2.7673582189314145,0.0666,0.9946496266107342,2.479534742360097,3.7866529148052686,0.00005114608590007716
independent_incidents,190,row_preserved,0.415143362564089,1.6387335450786256,2.676617874117711,0.0616,0.9930204332848243,2.4442359670792424,3.646180368952093,0.010364187541043103
independent_incidents,190,column_shuffled,0.4197607702324668,1.6441759710404533,2.676617874117711,0.0626,0.99755152469172,2.4412759719461175,3.618317622596928,-0.0013415890654098475
independent_incidents,190,incident_stratified,0.4197607702324668,1.6441759710404533,2.676617874117711,0.0626,0.99755152469172,2.4412759719461175,3.618317622596928,-0.0013415890654098475
independent_incidents,191,row_preserved,0.41610673844596674,1.7574742489697106,2.873996661343188,0.0706,0.9990525032262827,2.56207512964081,3.7080046454204347,-0.004542250512432664
independent_incidents,191,column_shuffled,0.4167101927879489,1.7553152080641943,2.873996661343188,0.0702,0.9974005800208146,2.555783307143743,3.7834676357042243,-0.006827261898658918
independent_incidents,191,incident_stratified,0.4167101927879489,1.7553152080641943,2.873996661343188,0.0702,0.9974005800208146,2.555783307143743,3.7834676357042243,-0.006827261898658918
independent_incidents,192,row_preserved,0.4175032688657483,1.6598020771659114,2.5753454230337995,0.0646,0.9982343319512337,2.463681262145036,3.5429099843159317,-0.00289384202442597
independent_incidents,192,column_shuffled,0.42038470156711016,1.6611889228847105,2.5732224208489924,0.0654,1.0005178598566866,2.439635940246502,3.4362863713834995,-0.0031893539217116395
independent_incidents,192,incident_stratified,0.42038470156711016,1.6611889228847105,2.5732224208489924,0.0654,1.0005178598566866,2.439635940246502,3.4362863713834995,-0.0031893539217116395
independent_incidents,193,row_preserved,0.4147775260655694,1.6584371992293838,2.7592193578463595,0.0642,0.9960926789173483,2.4428145900472074,3.709356106272183,0.007287197570711418
independent_incidents,193,column_shuffled,0.4142614162715906,1.665890640056985,2.7964320823240025,0.0646,0.9962142166588495,2.447821469974807,3.702048684467835,-0.0017154997868245234
independent_incidents,193,incident_stratified,0.4142614162715906,1.665890640056985,2.7964320823240025,0.0646,0.9962142166588495,2.447821469974807,3.702048684467835,-0.0017154997868245234
independent_incidents,194,row_preserved,0.4142882941855187,1.6508811794417313,2.624826077458069,0.0622,0.9987610974171637,2.4867796733990497,3.4879195220975374,0.005301332381928203
independent_incidents,194,column_shuffled,0.41693656155048786,1.6518727354219587,2.624826077458069,0.0626,0.9992074509317541,2.4428464524466005,3.4725180193325196,-0.0021490174937202834
independent_incidents,194,incident_stratified,0.41693656155048786,1.6518727354219587,2.624826077458069,0.0626,0.9992074509317541,2.4428464524466005,3.4725180193325196,-0.0021490174937202834
independent_incidents,195,row_preserved,0.4207754437000455,1.6981980043866887,2.8161576252260505,0.0662,1.0087882646298794,2.5072165052050743,3.6738807711742734,-0.0007110328828339365
independent_incidents,195,column_shuffled,0.4229993752989941,1.6962508239893517,2.806860207053016,0.0662,1.0052018782162284,2.485217339852051,3.684157695171747,0.0021314557985550086
independent_incidents,195,incident_stratified,0.4229993752989941,1.6962508239893517,2.806860207053016,0.0662,1.0052018782162284,2.485217339852051,3.684157695171747,0.0021314557985550086
independent_incidents,196,row_preserved,0.4192625865174947,1.6763447677395942,2.7637049693689826,0.0644,0.9950555185128336,2.469890501883624,3.7715900605988217,0.000819754972497359
independent_incidents,196,column_shuffled,0.4168060013185731,1.6769423916157231,2.7637049693689826,0.065,0.990771733878111,2.4848562252031834,3.7810356487943793,0.00408180512818811
independent_incidents,196,incident_stratified,0.4168060013185731,1.6769423916157231,2.7637049693689826,0.065,0.990771733878111,2.4848562252031834,3.7810356487943793,0.00408180512818811
independent_incidents,197,row_preserved,0.4148949587598817,1.6452879884025795,2.7129556389586633,0.065,0.9955308585955436,2.439778561139126,3.6178329014606216,-0.0037541398401720934
independent_incidents,197,column_shuffled,0.4148070562191017,1.6444087993442917,2.7129556389586633,0.0646,1.0002578636030692,2.4570397036757825,3.550426199319778,-0.0023846883739782137
independent_incidents,197,incident_stratified,0.4148070562191017,1.6444087993442917,2.7129556389586633,0.0646,1.0002578636030692,2.4570397036757825,3.550426199319778,-0.0023846883739782137
independent_incidents,198,row_preserved,0.4135413639425206,1.5995098706712012,2.6905355707061367,0.0584,0.9866304936611732,2.381957781589976,3.561555269875898,-0.00005294866511582815
independent_incidents,198,column_shuffled,0.4134520109076443,1.5995098706712012,2.68487569240557,0.058,0.9891195583842793,2.370326884614011,3.5401574891215875,0.003071554614211724
independent_incidents,198,incident_stratified,0.4134520109076443,1.5995098706712012,2.68487569240557,0.058,0.9891195583842793,2.370326884614011,3.5401574891215875,0.003071554614211724
independent_incidents,199,row_preserved,0.40906776831168573,1.6557123855734988,2.7868307213716723,0.0624,0.9880867708826142,2.467144839023995,3.533711530710658,0.004971369761894876
independent_incidents,199,column_shuffled,0.4120704018807362,1.6600390138042203,2.7868307213716723,0.0632,0.9891601201053253,2.4036299903592186,3.647497799649045,-0.01149338053060985
independent_incidents,199,incident_stratified,0.4120704018807362,1.6600390138042203,2.7868307213716723,0.0632,0.9891601201053253,2.4036299903592186,3.647497799649045,-0.01149338053060985
independent_incidents,200,row_preserved,0.4138198478817564,1.644321725230084,2.7908606304269497,0.0642,0.9944103884706367,2.447745235689739,3.760442572920728,0.000653920448702955
independent_incidents,200,column_shuffled,0.4109732176069743,1.6430122932541935,2.7908606304269497,0.0636,0.9934516810387981,2.438802165956207,3.7162189850192062,0.000015665790917822277
independent_incidents,200,incident_stratified,0.4109732176069743,1.6430122932541935,2.7908606304269497,0.0636,0.9934516810387981,2.438802165956207,3.7162189850192062,0.000015665790917822277
independent_incidents,201,row_preserved,0.41748916272287107,1.6463128449327509,2.730723417650843,0.0646,0.9951937210504339,2.4775723242836016,3.700225819358037,0.0020419887126849265
independent_incidents,201,column_shuffled,0.4168731097850005,1.6482365112909818,2.730723417650843,0.0654,0.999831951038018,2.506185185055746,3.54651469243071,-0.011893477056876883
independent_incidents,201,incident_stratified,0.4168731097850005,1.6482365112909818,2.730723417650843,0.0654,0.999831951038018,2.506185185055746,3.54651469243071,-0.011893477056876883
independent_incidents,202,row_preserved,0.4195306019694382,1.7146790346992882,2.8376465600542895,0.069,1.002149850716694,2.5328899244725562,3.852229669685581,0.006845141139164394
independent_incidents,202,column_shuffled,0.41941762069373895,1.7148152323428856,2.8376465600542895,0.0698,1.0024923252850741,2.5720468522198425,3.828850216875671,0.0025613461496852663
independent_incidents,202,incident_stratified,0.41941762069373895,1.7148152323428856,2.8376465600542895,0.0698,1.0024923252850741,2.5720468522198425,3.828850216875671,0.0025613461496852663
independent_incidents,203,row_preserved,0.4155497872021542,1.6772310277193738,2.646229547562771,0.0646,1.0003728266624838,2.461419046308907,3.6198032308829244,-0.00249659354986981
independent_incidents,203,column_shuffled,0.41662848098710914,1.6799174765396714,2.646229547562771,0.0648,0.9998750369747215,2.465890419566618,3.5750143712028404,-0.0004934575452827302
independent_incidents,203,incident_stratified,0.41662848098710914,1.6799174765396714,2.646229547562771,0.0648,0.9998750369747215,2.465890419566618,3.5750143712028404,-0.0004934575452827302
independent_incidents,204,row_preserved,0.41663621794451244,1.7238073540318495,2.7566767761138418,0.0716,1.0018506551228898,2.53488767171524,3.601715989852104,-0.002774202630837943
independent_incidents,204,column_shuffled,0.4157234404733209,1.7175090540448479,2.7566767761138418,0.0722,0.9961251831489015,2.536013182292439,3.6003459143360192,-0.008155663903882284
independent_incidents,204,incident_stratified,0.4157234404733209,1.7175090540448479,2.7566767761138418,0.0722,0.9961251831489015,2.536013182292439,3.6003459143360192,-0.008155663903882284
independent_incidents,205,row_preserved,0.41898760477202657,1.6428295873823948,2.6217241671768394,0.0604,0.9942386217811556,2.4677080658688566,3.534791130930942,-0.005521566008130133
independent_incidents,205,column_shuffled,0.41603260545333065,1.6428295873823948,2.6102549331630907,0.0604,0.9871120963545118,2.430313228149883,3.6929866335287143,0.010394221229214897
independent_incidents,205,incident_stratified,0.41603260545333065,1.6428295873823948,2.6102549331630907,0.0604,0.9871120963545118,2.430313228149883,3.6929866335287143,0.010394221229214897
independent_incidents,206,row_preserved,0.41661305363265405,1.6097252988177773,2.6851955769443374,0.0622,0.991681548280068,2.4288285343571183,3.655528302357067,-0.0017692017638611147
independent_incidents,206,column_shuffled,0.41788964892058234,1.6095042437791414,2.6851955769443374,0.0622,0.9931842138547071,2.421308368506241,3.472129565899444,-0.0040876866198471815
independent_incidents,206,incident_stratified,0.41788964892058234,1.6095042437791414,2.6851955769443374,0.0622,0.9931842138547071,2.421308368506241,3.472129565899444,-0.0040876866198471815
independent_incidents,207,row_preserved,0.4197007268692278,1.6655070126283833,2.6352758390486155,0.0688,1.0035727454194596,2.4883774861263643,3.542281220960216,-0.0056571737038345156
independent_incidents,207,column_shuffled,0.4193267330067064,1.6611311069994612,2.6352758390486155,0.0694,0.9953925468987734,2.511705692620295,3.5414788310089564,0.0030478949702018323
independent_incidents,207,incident_stratified,0.4193267330067064,1.6611311069994612,2.6352758390486155,0.0694,0.9953925468987734,2.511705692620295,3.5414788310089564,0.0030478949702018323
independent_incidents,208,row_preserved,0.41664927176040006,1.6778170705998137,2.950434333873375,0.0644,0.9953960526054225,2.5050106697386365,3.759182610997984,0.00045806889616173754
independent_incidents,208,column_shuffled,0.417158047699723,1.6669691042325638,2.950434333873375,0.0632,0.9992194412652491,2.4462119101490236,3.7558302012592657,0.003023040490027379
independent_incidents,208,incident_stratified,0.417158047699723,1.6669691042325638,2.950434333873375,0.0632,0.9992194412652491,2.4462119101490236,3.7558302012592657,0.003023040490027379
independent_incidents,209,row_preserved,0.4120286492036891,1.5837413838737935,2.7857126843469615,0.0582,0.9888876595628207,2.3943035427002863,3.531869831346743,0.0022783657768905836
independent_incidents,209,column_shuffled,0.4094849544352022,1.5986153153707994,2.808966971598547,0.0586,0.9876407776482319,2.397981190170135,3.5641392379512506,-0.0024994978457617586
independent_incidents,209,incident_stratified,0.4094849544352022,1.5986153153707994,2.808966971598547,0.0586,0.9876407776482319,2.397981190170135,3.5641392379512506,-0.0024994978457617586
independent_incidents,210,row_preserved,0.4186832695395579,1.6278528754787962,2.708516739200778,0.062,0.9938464451519511,2.3911392725659217,3.6622971669609283,-0.0007348372008406766
independent_incidents,210,column_shuffled,0.4144734670567225,1.6282035900877787,2.708516739200778,0.0622,0.9881399225269428,2.417623336699987,3.488125018843192,0.0003663933875188362
independent_incidents,210,incident_stratified,0.4144734670567225,1.6282035900877787,2.708516739200778,0.0622,0.9881399225269428,2.417623336699987,3.488125018843192,0.0003663933875188362
independent_incidents,211,row_preserved,0.4138254677584222,1.7065657698512573,2.624786577425915,0.0654,0.995797869371431,2.5133474931193573,3.5996580937393725,-0.000824058370374413
independent_incidents,211,column_shuffled,0.41570600128666335,1.6967294975968974,2.624786577425915,0.0656,0.9936069989963566,2.505417449402124,3.5299210849948977,-0.0014792019854332188
independent_incidents,211,incident_stratified,0.41570600128666335,1.6967294975968974,2.624786577425915,0.0656,0.9936069989963566,2.505417449402124,3.5299210849948977,-0.0014792019854332188
independent_incidents,212,row_preserved,0.415226942885078,1.6579926566884327,2.555072668912371,0.0642,0.9994306821701078,2.449337313292117,3.4697950499508496,0.0034847805277511217
independent_incidents,212,column_shuffled,0.41601388256391003,1.6486468621341355,2.555072668912371,0.0642,0.9992645064723533,2.436681464484496,3.545251921602169,0.007247015441557931
independent_incidents,212,incident_stratified,0.41601388256391003,1.6486468621341355,2.555072668912371,0.0642,0.9992645064723533,2.436681464484496,3.545251921602169,0.007247015441557931
independent_incidents,213,row_preserved,0.423611032549321,1.7480613178601896,2.8494214605922625,0.0726,1.0100708307252944,2.578120329008823,3.6785865776101345,-0.005397121893578269
independent_incidents,213,column_shuffled,0.42468880042701507,1.7413452558471565,2.8494214605922625,0.0712,1.0082016668708644,2.55130173964745,3.763333770182039,0.005290603846647225
independent_incidents,213,incident_stratified,0.42468880042701507,1.7413452558471565,2.8494214605922625,0.0712,1.0082016668708644,2.55130173964745,3.763333770182039,0.005290603846647225
independent_incidents,214,row_preserved,0.415054073655831,1.6398295317057427,2.8550453461588683,0.061,0.9918958860644769,2.429947583969216,3.780176820401869,-0.004655682390296154
independent_incidents,214,column_shuffled,0.41809187996007624,1.6398295317057427,2.8550453461588683,0.0606,0.9996332514504016,2.3904782231883512,3.8357017166335563,-0.0015247881900191777
independent_incidents,214,incident_stratified,0.41809187996007624,1.6398295317057427,2.8550453461588683,0.0606,0.9996332514504016,2.3904782231883512,3.8357017166335563,-0.0015247881900191777
independent_incidents,215,row_preserved,0.4135311222459944,1.6664166316870102,2.7930455098155544,0.0648,0.9946595237858817,2.4462125539102066,3.703505571332154,0.000137927667892895
independent_incidents,215,column_shuffled,0.41645959930363985,1.6608971835859234,2.7930455098155544,0.0642,0.9978047088910172,2.529127399457582,3.785007703099592,0.002757240108093015
independent_incidents,215,incident_stratified,0.41645959930363985,1.6608971835859234,2.7930455098155544,0.0642,0.9978047088910172,2.529127399457582,3.785007703099592,0.002757240108093015
independent_incidents,216,row_preserved,0.4115496217609241,1.6362599653614918,2.792169349129885,0.0596,0.9985076793762326,2.4173346550609014,3.6338113809094605,0.0020409944766937313
independent_incidents,216,column_shuffled,0.41848597083592776,1.6305435498548455,2.792169349129885,0.0598,1.0014080675315205,2.390534575138782,3.627205668891748,-0.009399802137169493
independent_incidents,216,incident_stratified,0.41848597083592776,1.6305435498548455,2.792169349129885,0.0598,1.0014080675315205,2.390534575138782,3.627205668891748,-0.009399802137169493
independent_incidents,217,row_preserved,0.41915295803341956,1.6157259002170585,2.827186335692956,0.0584,0.9986383032173455,2.444763865283611,3.7470484007829468,-0.004750037340282836
independent_incidents,217,column_shuffled,0.4198066695520403,1.6091713179476195,2.7925582555185833,0.0578,1.001252493877221,2.392437451599445,3.730837871590154,0.0036532239842972498
independent_incidents,217,incident_stratified,0.4198066695520403,1.6091713179476195,2.7925582555185833,0.0578,1.001252493877221,2.392437451599445,3.730837871590154,0.0036532239842972498
independent_incidents,218,row_preserved,0.4160670098575033,1.7300911221803204,2.9430748805440166,0.0676,1.0014580823388508,2.526242601393997,3.709947096206876,-0.0020906442172731925
independent_incidents,218,column_shuffled,0.41742924434516654,1.7375422421254083,2.9430748805440166,0.068,0.9885168840481279,2.5098443457911954,3.7118502409808514,-0.0014707224500039525
independent_incidents,218,incident_stratified,0.41742924434516654,1.7375422421254083,2.9430748805440166,0.068,0.9885168840481279,2.5098443457911954,3.7118502409808514,-0.0014707224500039525
independent_incidents,219,row_preserved,0.4125581404636612,1.677737700045734,2.7710054619994735,0.0634,0.9968728612641293,2.453641444269367,3.65591522680785,-0.004412362400869693
independent_incidents,219,column_shuffled,0.41747265386153254,1.6747507843461946,2.7710054619994735,0.063,1.0066402988635483,2.469933786681283,3.6383807989337194,-0.011338607371452876
independent_incidents,219,incident_stratified,0.41747265386153254,1.6747507843461946,2.7710054619994735,0.063,1.0066402988635483,2.469933786681283,3.6383807989337194,-0.011338607371452876
independent_incidents,220,row_preserved,0.4190594915606338,1.6389638670865943,2.7863334349856794,0.064,0.9975344315304333,2.4075592699632353,3.6405313925990583,-0.0060756204133933156
independent_incidents,220,column_shuffled,0.41859817597113747,1.6293584976140008,2.7863334349856794,0.0646,1.0042424220317112,2.4545172762896694,3.57015005272259,-0.012674493677945507
independent_incidents,220,incident_stratified,0.41859817597113747,1.6293584976140008,2.7863334349856794,0.0646,1.0042424220317112,2.4545172762896694,3.57015005272259,-0.012674493677945507
independent_incidents,221,row_preserved,0.41166239119631054,1.6108662424563605,2.6538796904701774,0.0588,0.9926848126546663,2.4104504464538077,3.460546755390677,-0.006557217633671544
independent_incidents,221,column_shuffled,0.41336556986725964,1.6044555246615797,2.6538796904701774,0.058,0.9978382952904525,2.436798496617083,3.594917353431881,0.0033171640902936294
independent_incidents,221,incident_stratified,0.41336556986725964,1.6044555246615797,2.6538796904701774,0.058,0.9978382952904525,2.436798496617083,3.594917353431881,0.0033171640902936294
independent_incidents,222,row_preserved,0.41815594907655446,1.620422030524366,2.786390623499258,0.061,0.9992340876795004,2.4376535089071507,3.701648932787923,-0.0021833091724934232
independent_incidents,222,column_shuffled,0.4187796235958766,1.6121312744750322,2.786390623499258,0.0604,1.0025485330957329,2.4127131574353498,3.6560476861919176,-0.0017341315784760445
independent_incidents,222,incident_stratified,0.4187796235958766,1.6121312744750322,2.786390623499258,0.0604,1.0025485330957329,2.4127131574353498,3.6560476861919176,-0.0017341315784760445
independent_incidents,223,row_preserved,0.41611136179967567,1.6290424626307902,2.8202852205832794,0.0614,0.9990258724033091,2.4553374484998294,3.822725846581607,0.0022237342798773103
independent_incidents,223,column_shuffled,0.41818970037746234,1.6393052897585245,2.8202852205832794,0.0612,1.005871755100534,2.45616238577101,3.6697787614345936,-0.0007013281272943766
independent_incidents,223,incident_stratified,0.41818970037746234,1.6393052897585245,2.8202852205832794,0.0612,1.005871755100534,2.45616238577101,3.6697787614345936,-0.0007013281272943766
independent_incidents,224,row_preserved,0.4160944110259778,1.6719225810316867,2.8233128082703436,0.0646,0.9992589882169522,2.495948938970424,3.746851941316958,-0.002505885279991717
independent_incidents,224,column_shuffled,0.41913054395101,1.669234905262477,2.8233128082703436,0.0646,1.0014576303621827,2.476240735300038,3.7235165019324388,0.0002790976918456256
independent_incidents,224,incident_stratified,0.41913054395101,1.669234905262477,2.8233128082703436,0.0646,1.0014576303621827,2.476240735300038,3.7235165019324388,0.0002790976918456256
independent_incidents,225,row_preserved,0.4147906522604748,1.6392352950575204,2.7326009370543254,0.0622,0.9930339099284344,2.4395991400605563,3.6437670987825816,-0.005147210177483951
independent_incidents,225,column_shuffled,0.41461793785292617,1.6586808376302966,2.7326009370543254,0.0628,0.9941974278509407,2.4455421184979578,3.5324760863633444,-0.004968738697759668
independent_incidents,225,incident_stratified,0.41461793785292617,1.6586808376302966,2.7326009370543254,0.0628,0.9941974278509407,2.4455421184979578,3.5324760863633444,-0.004968738697759668
independent_incidents,226,row_preserved,0.4176967669143838,1.7232591821172938,2.92427515957276,0.0682,0.9913433511956964,2.481468510385198,3.874883344041418,-0.000597001340480418
independent_incidents,226,column_shuffled,0.4165073090701218,1.7183215260480296,2.92427515957276,0.0674,0.9934367591367104,2.5049070412255214,3.8053410727633157,-0.002040337749666025
independent_incidents,226,incident_stratified,0.4165073090701218,1.7183215260480296,2.92427515957276,0.0674,0.9934367591367104,2.5049070412255214,3.8053410727633157,-0.002040337749666025
independent_incidents,227,row_preserved,0.4195556560695374,1.689635543286195,2.8107741802727406,0.0678,0.9967483473702334,2.4872353697560223,3.712180001027183,0.00004935051172245125
independent_incidents,227,column_shuffled,0.4193963907082212,1.6898996756203042,2.8112349027663726,0.0676,0.9968478773452316,2.515021986409308,3.8559731825458776,0.00009698214637627548
independent_incidents,227,incident_stratified,0.4193963907082212,1.6898996756203042,2.8112349027663726,0.0676,0.9968478773452316,2.515021986409308,3.8559731825458776,0.00009698214637627548
independent_incidents,228,row_preserved,0.4224691763015991,1.6169991681628053,2.7932197584021674,0.061,0.9944393657428068,2.4828440613797778,3.8584247778998764,-0.002845012323211636
independent_incidents,228,column_shuffled,0.4238672089360011,1.6135526531051654,2.7932197584021674,0.061,1.0023376791444734,2.4458404811827386,3.691306101924893,-0.006848891779065877
independent_incidents,228,incident_stratified,0.4238672089360011,1.6135526531051654,2.7932197584021674,0.061,1.0023376791444734,2.4458404811827386,3.691306101924893,-0.006848891779065877
independent_incidents,229,row_preserved,0.41502243913851267,1.723578028213516,2.8819496912033484,0.0686,0.9919972459962261,2.5012346334328908,3.835773772264903,0.0004455258730746592
independent_incidents,229,column_shuffled,0.4156613471867022,1.7258042010325125,2.857855109123416,0.069,0.9959511674768264,2.527339207125237,3.648990802152479,-0.00866763453582158
independent_incidents,229,incident_stratified,0.4156613471867022,1.7258042010325125,2.857855109123416,0.069,0.9959511674768264,2.527339207125237,3.648990802152479,-0.00866763453582158
independent_incidents,230,row_preserved,0.4123725718167097,1.5932646246684994,2.7868249441986763,0.0582,0.993852403140159,2.380892361667932,3.623611808446966,-0.002112287699200538
independent_incidents,230,column_shuffled,0.4065628270829691,1.590011274583589,2.7868249441986763,0.058,0.9816356744232874,2.4157207009407893,3.656568796220908,0.014710697307075507
independent_incidents,230,incident_stratified,0.4065628270829691,1.590011274583589,2.7868249441986763,0.058,0.9816356744232874,2.4157207009407893,3.656568796220908,0.014710697307075507
independent_incidents,231,row_preserved,0.4197231600237832,1.6940920748568284,2.8432451289588547,0.0678,1.0064548245645608,2.5028371071128444,3.6602525425848436,-0.005334044644511801
independent_incidents,231,column_shuffled,0.4179851362234564,1.6940920748568284,2.8432451289588547,0.0676,1.0001841783607925,2.476837884749971,3.7047024926775203,-0.0002616302040481545
independent_incidents,231,incident_stratified,0.4179851362234564,1.6940920748568284,2.8432451289588547,0.0676,1.0001841783607925,2.476837884749971,3.7047024926775203,-0.0002616302040481545
independent_incidents,232,row_preserved,0.4199879896043871,1.686270048809636,2.799400639176773,0.0664,1.0049134787282157,2.4943400851902613,3.8124785205359233,-0.0049463530405239675
independent_incidents,232,column_shuffled,0.41942962658907046,1.6824292326347705,2.7608345105494174,0.0654,0.9994958275891102,2.5004934856934153,3.8598689242748296,0.011464227078693425
independent_incidents,232,incident_stratified,0.41942962658907046,1.6824292326347705,2.7608345105494174,0.0654,0.9994958275891102,2.5004934856934153,3.8598689242748296,0.011464227078693425
independent_incidents,233,row_preserved,0.42282000116041835,1.6849420276041753,2.8526568883371413,0.0694,1.0043918754106804,2.4993399814828674,3.6866420642917284,0.0023214877685959817
independent_incidents,233,column_shuffled,0.42414440618776345,1.6849420276041753,2.8526568883371413,0.0698,1.003465757612965,2.5009233875573,3.698962662595173,-0.0013167642612826385
independent_incidents,233,incident_stratified,0.42414440618776345,1.6849420276041753,2.8526568883371413,0.0698,1.003465757612965,2.5009233875573,3.698962662595173,-0.0013167642612826385
independent_incidents,234,row_preserved,0.41525325034603944,1.6350906102601932,2.6575349128089303,0.062,0.9930391001266962,2.4410698986133217,3.605430739528533,0.002963195546034282
independent_incidents,234,column_shuffled,0.41546589724923677,1.6261748429202694,2.6575349128089303,0.0622,0.9923955631218642,2.448136348054364,3.5038986535966035,0.0027157649420654142
independent_incidents,234,incident_stratified,0.41546589724923677,1.6261748429202694,2.6575349128089303,0.0622,0.9923955631218642,2.448136348054364,3.5038986535966035,0.0027157649420654142
independent_incidents,235,row_preserved,0.4153302910336045,1.6763186707816682,2.679189603013787,0.0614,0.9963551634000798,2.4688684081416294,3.722488707556393,0.0047747307224643735
independent_incidents,235,column_shuffled,0.4126579862267744,1.6750646529970772,2.679189603013787,0.0614,0.9957104737809542,2.4699058608606603,3.729177861328604,0.010054050548261561
independent_incidents,235,incident_stratified,0.4126579862267744,1.6750646529970772,2.679189603013787,0.0614,0.9957104737809542,2.4699058608606603,3.729177861328604,0.010054050548261561
independent_incidents,236,row_preserved,0.42272944919429895,1.681318792592491,2.9189231423440054,0.066,1.0036643771279141,2.4995376916451524,3.751040118203219,-0.0025298795042123863
independent_incidents,236,column_shuffled,0.42327110744850704,1.6802738787377258,2.9407832085241417,0.066,0.9977844815775404,2.5163830762892463,3.7117015578390022,-0.00588993645179453
independent_incidents,236,incident_stratified,0.42327110744850704,1.6802738787377258,2.9407832085241417,0.066,0.9977844815775404,2.5163830762892463,3.7117015578390022,-0.00588993645179453
independent_incidents,237,row_preserved,0.42625757564947964,1.716226348509719,2.791636952548189,0.068,1.0077814512260224,2.5377507296727893,3.750217763877881,-0.006503345815224488
independent_incidents,237,column_shuffled,0.4259762826761187,1.7153768365838604,2.7874247080024763,0.0682,1.000478977995605,2.5364478646865782,3.8326853394070097,0.015677840506120838
independent_incidents,237,incident_stratified,0.4259762826761187,1.7153768365838604,2.7874247080024763,0.0682,1.000478977995605,2.5364478646865782,3.8326853394070097,0.015677840506120838
independent_incidents,238,row_preserved,0.4202925944791739,1.6669724678696318,2.9744691429312327,0.064,1.0016852737662139,2.4753737443780404,3.7334806874970523,-0.010178832134655548
independent_incidents,238,column_shuffled,0.42067438741251484,1.6712534534646801,2.9744691429312327,0.0636,1.002138372478111,2.4431982962699426,3.8269559518890004,-0.011963119634430247
independent_incidents,238,incident_stratified,0.42067438741251484,1.6712534534646801,2.9744691429312327,0.0636,1.002138372478111,2.4431982962699426,3.8269559518890004,-0.011963119634430247
independent_incidents,239,row_preserved,0.4168011555274477,1.6830880242178112,2.7775328061284292,0.0662,0.9991295668857763,2.5091517401921895,3.866725005344979,-0.0014046379565830918
independent_incidents,239,column_shuffled,0.4211749296681148,1.6852517781016798,2.7775328061284292,0.0662,0.994568624435291,2.4958374199376796,3.813956960482308,0.004163205744719798
independent_incidents,239,incident_stratified,0.4211749296681148,1.6852517781016798,2.7775328061284292,0.0662,0.994568624435291,2.4958374199376796,3.813956960482308,0.004163205744719798
independent_incidents,240,row_preserved,0.41773232193457216,1.6914374446953622,2.8089426420584576,0.0662,1.0047182219377508,2.458804548284045,3.7566093658769066,-0.005952048093310926
independent_incidents,240,column_shuffled,0.41773232193457216,1.683105422473203,2.8089426420584576,0.0666,1.0024033222049054,2.4795070743061243,3.637354330038457,-0.0002564620571159893
independent_incidents,240,incident_stratified,0.41773232193457216,1.683105422473203,2.8089426420584576,0.0666,1.0024033222049054,2.4795070743061243,3.637354330038457,-0.0002564620571159893
independent_incidents,241,row_preserved,0.4172888420706102,1.6463258440971065,2.766466837565308,0.062,1.0013647497186362,2.4695377218502252,3.719732258270507,0.004102115552309043
independent_incidents,241,column_shuffled,0.4178654694302485,1.6562150688646744,2.766466837565308,0.0624,1.0036484656974207,2.471342650093852,3.773005423585211,0.010206004266821606
independent_incidents,241,incident_stratified,0.4178654694302485,1.6562150688646744,2.766466837565308,0.0624,1.0036484656974207,2.471342650093852,3.773005423585211,0.010206004266821606
independent_incidents,242,row_preserved,0.4219527725485535,1.7180663408698547,2.7248613915937177,0.0684,0.9983682076445554,2.5007653401186767,3.626851332369823,-0.0014747910963367227
independent_incidents,242,column_shuffled,0.41701031494722035,1.7271181901442667,2.7248613915937177,0.0698,0.9975224836509056,2.488540966802809,3.679926731063468,-0.002619054082971172
independent_incidents,242,incident_stratified,0.41701031494722035,1.7271181901442667,2.7248613915937177,0.0698,0.9975224836509056,2.488540966802809,3.679926731063468,-0.002619054082971172
independent_incidents,243,row_preserved,0.41738705830656403,1.725067887416683,3.001172751300358,0.0694,0.9972396710465135,2.480662048662747,3.8536020680382115,-0.007473982403587269
independent_incidents,243,column_shuffled,0.41402438861869056,1.7224770667159957,3.0133962537877754,0.0692,0.9997137074591638,2.5241267923531785,3.877345051956522,0.004948662286032221
independent_incidents,243,incident_stratified,0.41402438861869056,1.7224770667159957,3.0133962537877754,0.0692,0.9997137074591638,2.5241267923531785,3.877345051956522,0.004948662286032221
independent_incidents,244,row_preserved,0.41428947960407847,1.6249809356118496,2.780517128742191,0.0604,0.9976852596699259,2.4491141294529966,3.5676341966080294,0.006982042334619473
independent_incidents,244,column_shuffled,0.41700758993222725,1.6210268922400521,2.780517128742191,0.0606,0.9937317108003738,2.415769602555055,3.550763515364434,-0.0028654806201136173
independent_incidents,244,incident_stratified,0.41700758993222725,1.6210268922400521,2.780517128742191,0.0606,0.9937317108003738,2.415769602555055,3.550763515364434,-0.0028654806201136173
independent_incidents,245,row_preserved,0.4202272242159141,1.645780172404872,2.8517537697896946,0.0628,1.005820213877955,2.4024505858427494,3.7641355089846535,-0.006213885120183574
independent_incidents,245,column_shuffled,0.41749056942084584,1.617329612649837,2.8517537697896946,0.0622,1.0007512334957136,2.385077980429241,3.7012572663365457,0.002194027398178828
independent_incidents,245,incident_stratified,0.41749056942084584,1.617329612649837,2.8517537697896946,0.0622,1.0007512334957136,2.385077980429241,3.7012572663365457,0.002194027398178828
independent_incidents,246,row_preserved,0.4193777411228774,1.6838188027311205,2.912458446090466,0.065,0.995365894377137,2.552931066188012,3.8478037663422806,0.010761626839203018
independent_incidents,246,column_shuffled,0.4201406761506374,1.6999909398049684,2.912458446090466,0.0668,0.9989637568496993,2.489335110563287,3.9167532462628363,-0.004512824191419859
independent_incidents,246,incident_stratified,0.4201406761506374,1.6999909398049684,2.912458446090466,0.0668,0.9989637568496993,2.489335110563287,3.9167532462628363,-0.004512824191419859
independent_incidents,247,row_preserved,0.41503318250202237,1.6075146609021373,2.779010738087718,0.0588,0.9898445922826726,2.383581295259417,3.590719388684371,0.0040611383305961726
independent_incidents,247,column_shuffled,0.41429100686411335,1.6115173904061286,2.8009153494543786,0.059,0.9930571729113249,2.3944835564404214,3.6054580449331173,0.002444345592738477
independent_incidents,247,incident_stratified,0.41429100686411335,1.6115173904061286,2.8009153494543786,0.059,0.9930571729113249,2.3944835564404214,3.6054580449331173,0.002444345592738477
independent_incidents,248,row_preserved,0.4159174018716262,1.6175956990090414,2.8143125929631156,0.0592,1.0003122607559713,2.405139529311952,3.612612669716408,-0.012983761956416024
independent_incidents,248,column_shuffled,0.41242786040417684,1.6159462938503426,2.8143125929631156,0.0588,0.9945309433650054,2.4321281385521654,3.557686768440022,-0.0015633878848470048
independent_incidents,248,incident_stratified,0.41242786040417684,1.6159462938503426,2.8143125929631156,0.0588,0.9945309433650054,2.4321281385521654,3.557686768440022,-0.0015633878848470048
independent_incidents,249,row_preserved,0.4187439191101658,1.6771794084874347,2.8259566876565647,0.0652,1.0010607850495712,2.4993314978299934,3.7120871971662304,-0.003677425966062666
independent_incidents,249,column_shuffled,0.41512746633978376,1.6771794084874347,2.8259566876565647,0.0648,0.995624227465083,2.4806064006491066,3.891692396729514,0.012071166694649233
independent_incidents,249,incident_stratified,0.41512746633978376,1.6771794084874347,2.8259566876565647,0.0648,0.995624227465083,2.4806064006491066,3.891692396729514,0.012071166694649233
independent_incidents,250,row_preserved,0.4144660831060185,1.6892755529809822,2.7957888086025324,0.0666,0.9991267529756207,2.503714113342887,3.7580966623968175,-0.0014986970972926423
independent_incidents,250,column_shuffled,0.41706623974853485,1.6697139682340367,2.7957888086025324,0.0654,0.9946553437159177,2.4799468298769574,3.9695888601572813,0.013563484232676235
independent_incidents,250,incident_stratified,0.41706623974853485,1.6697139682340367,2.7957888086025324,0.0654,0.9946553437159177,2.4799468298769574,3.9695888601572813,0.013563484232676235
independent_incidents,251,row_preserved,0.42073599200967204,1.5908151340312693,2.7146993558077583,0.0582,0.99554536449866,2.3862574266021452,3.6486261253007073,-0.005939484440412135
independent_incidents,251,column_shuffled,0.4221865375860754,1.581292345940043,2.7146993558077583,0.0572,1.0023004685186963,2.4249630720562747,3.5751766453586558,0.005367134560918585
independent_incidents,251,incident_stratified,0.4221865375860754,1.581292345940043,2.7146993558077583,0.0572,1.0023004685186963,2.4249630720562747,3.5751766453586558,0.005367134560918585
independent_incidents,252,row_preserved,0.4147852525973619,1.663508376763299,2.668657907093768,0.0602,0.9960111438114271,2.4377958946788114,3.6902909310799172,-0.0009257733322317318
independent_incidents,252,column_shuffled,0.4147852525973619,1.6562854292619356,2.668657907093768,0.0602,0.9983397934290003,2.42910715237477,3.5054809652779357,-0.0026973299850413923
independent_incidents,252,incident_stratified,0.4147852525973619,1.6562854292619356,2.668657907093768,0.0602,0.9983397934290003,2.42910715237477,3.5054809652779357,-0.0026973299850413923
independent_incidents,253,row_preserved,0.4131494389380531,1.6573085195727995,2.7622703973189484,0.0606,0.9901716803402028,2.434448906135431,3.657407487262941,-0.0014267432989413138
independent_incidents,253,column_shuffled,0.41735545185986117,1.6536294676075247,2.7622703973189484,0.0602,0.9947362651109414,2.444550514285517,3.6018300925325124,-0.006239387984118795
independent_incidents,253,incident_stratified,0.41735545185986117,1.6536294676075247,2.7622703973189484,0.0602,0.9947362651109414,2.444550514285517,3.6018300925325124,-0.006239387984118795
independent_incidents,254,row_preserved,0.417470373993174,1.6555927041991756,2.722354235812656,0.0624,0.995421729690805,2.441017690750557,3.8028027765975034,-0.0007082776776421423
independent_incidents,254,column_shuffled,0.4230308594366221,1.6651068570726728,2.722354235812656,0.0628,1.0027019446661927,2.4944309322465776,3.6490767487142852,-0.0062095239277443134
independent_incidents,254,incident_stratified,0.4230308594366221,1.6651068570726728,2.722354235812656,0.0628,1.0027019446661927,2.4944309322465776,3.6490767487142852,-0.0062095239277443134
independent_incidents,255,row_preserved,0.4141497823551521,1.6596107592035585,2.7274033920179663,0.0632,0.9943727706938617,2.4412580571316354,3.52716547696663,-0.006532179932318469
independent_incidents,255,column_shuffled,0.4177609578555538,1.6578409083046566,2.703509974899406,0.063,0.9968501172675979,2.4572292759138077,3.5646912361518566,0.006589018605093962
independent_incidents,255,incident_stratified,0.4177609578555538,1.6578409083046566,2.703509974899406,0.063,0.9968501172675979,2.4572292759138077,3.5646912361518566,0.006589018605093962
independent_incidents,256,row_preserved,0.4133332402431802,1.6484227998433258,2.858058392280617,0.0594,0.9912941597307978,2.4469309399118617,3.8939366175115895,0.0014715006297686241
independent_incidents,256,column_shuffled,0.41322011103758727,1.648778297793512,2.858058392280617,0.06,0.994583956332188,2.4290648310200664,3.6936016021473677,-0.010500905030434798
independent_incidents,256,incident_stratified,0.41322011103758727,1.648778297793512,2.858058392280617,0.06,0.994583956332188,2.4290648310200664,3.6936016021473677,-0.010500905030434798
independent_incidents,257,row_preserved,0.4139488906590912,1.6344668975190688,2.6689551878978213,0.0614,0.9886171612835009,2.410023759671902,3.616256534912546,0.008027789369332398
independent_incidents,257,column_shuffled,0.4147851554634381,1.6344668975190688,2.6689551878978213,0.0612,0.9929514694192182,2.4019560422314084,3.656247413945575,0.013085749702567455
independent_incidents,257,incident_stratified,0.4147851554634381,1.6344668975190688,2.6689551878978213,0.0612,0.9929514694192182,2.4019560422314084,3.656247413945575,0.013085749702567455
independent_incidents,258,row_preserved,0.4228740802836625,1.7566056674491064,2.880696272513803,0.07,0.9983827844125254,2.5176051211088453,3.665139574550945,-0.007092169166847699
independent_incidents,258,column_shuffled,0.41971924081391887,1.7562913059662288,2.880696272513803,0.0688,0.9895761020717531,2.5172384982336427,3.8359261150786947,0.0036641472929664462
independent_incidents,258,incident_stratified,0.41971924081391887,1.7562913059662288,2.880696272513803,0.0688,0.9895761020717531,2.5172384982336427,3.8359261150786947,0.0036641472929664462
independent_incidents,259,row_preserved,0.41036307636040387,1.6635058907385418,2.782457649794841,0.0626,0.9942415081436395,2.459117043833726,3.6748292366616844,0.0025678848190716914
independent_incidents,259,column_shuffled,0.4107977034724663,1.6427536469956532,2.782457649794841,0.0618,0.9929615636336968,2.4337082412513116,3.9308844351395487,0.005039082718694524
independent_incidents,259,incident_stratified,0.4107977034724663,1.6427536469956532,2.782457649794841,0.0618,0.9929615636336968,2.4337082412513116,3.9308844351395487,0.005039082718694524
independent_incidents,260,row_preserved,0.4204471253726603,1.6644063396647995,2.770369528404513,0.067,1.0051876802146325,2.491208034479387,3.700565948559688,-0.004624291480956946
independent_incidents,260,column_shuffled,0.4189565528633634,1.6752814595987107,2.770369528404513,0.0674,1.0025832683075675,2.4855285845442565,3.653129248914302,-0.0016082973574514422
independent_incidents,260,incident_stratified,0.4189565528633634,1.6752814595987107,2.770369528404513,0.0674,1.0025832683075675,2.4855285845442565,3.653129248914302,-0.0016082973574514422
independent_incidents,261,row_preserved,0.4213507805197353,1.7220189176054155,2.726305953120104,0.071,1.0068362455025057,2.5653301511395408,3.6562835959555198,-0.0036415253409621665
independent_incidents,261,column_shuffled,0.4212626967519107,1.7186830239231237,2.726305953120104,0.0706,1.0004409752699832,2.516743996051769,3.686076831575127,-0.0064105755384816715
independent_incidents,261,incident_stratified,0.4212626967519107,1.7186830239231237,2.726305953120104,0.0706,1.0004409752699832,2.516743996051769,3.686076831575127,-0.0064105755384816715
independent_incidents,262,row_preserved,0.4228003942382593,1.6768390134545033,2.91036422538247,0.0654,1.0120817601959375,2.532485028824084,3.7099291799493272,-0.004040679948295564
independent_incidents,262,column_shuffled,0.4262673465920193,1.6762568888560982,2.91036422538247,0.0644,1.0128475585364,2.4855562118677623,3.7958635825929834,-0.0010008856726305391
independent_incidents,262,incident_stratified,0.4262673465920193,1.6762568888560982,2.91036422538247,0.0644,1.0128475585364,2.4855562118677623,3.7958635825929834,-0.0010008856726305391
independent_incidents,263,row_preserved,0.4152627217748895,1.617409044270178,2.7498376179859636,0.0592,0.9893332214146823,2.4388877282567876,3.55076636772802,-0.0016463564850064938
independent_incidents,263,column_shuffled,0.41170010172340266,1.6138704372359944,2.7498376179859636,0.059,0.9843357133300816,2.443293232604475,3.6592219145980227,0.010176970989704515
independent_incidents,263,incident_stratified,0.41170010172340266,1.6138704372359944,2.7498376179859636,0.059,0.9843357133300816,2.443293232604475,3.6592219145980227,0.010176970989704515
independent_incidents,264,row_preserved,0.41875376692934746,1.6473525650217837,2.8107609464663468,0.0624,0.9961929394194413,2.4157889413600446,3.7288562809595795,0.0017699969522587667
independent_incidents,264,column_shuffled,0.4172831481045322,1.6516851422306753,2.8107609464663468,0.0618,0.9932435833063258,2.476823921374083,3.8077988432597754,0.007099548728975323
independent_incidents,264,incident_stratified,0.4172831481045322,1.6516851422306753,2.8107609464663468,0.0618,0.9932435833063258,2.476823921374083,3.8077988432597754,0.007099548728975323
independent_incidents,265,row_preserved,0.42111079443137633,1.5881986754293076,2.801328689701414,0.0572,1.001735707477721,2.417345913570659,3.6893057989719558,0.005736288894627468
independent_incidents,265,column_shuffled,0.4171464126772005,1.5881986754293076,2.801328689701414,0.0572,0.9986730641165966,2.4412392566047862,3.577631063879346,0.0010998464848097779
independent_incidents,265,incident_stratified,0.4171464126772005,1.5881986754293076,2.801328689701414,0.0572,0.9986730641165966,2.4412392566047862,3.577631063879346,0.0010998464848097779
independent_incidents,266,row_preserved,0.414545200096495,1.6341267790305567,2.7779792145392315,0.0624,0.996794126965435,2.4433170442834227,3.6490206793648046,-0.0035946158045780546
independent_incidents,266,column_shuffled,0.4114201957501643,1.6341267790305567,2.7779792145392315,0.0626,0.9928717471227041,2.464672228731476,3.630949964826845,0.005730446721621957
independent_incidents,266,incident_stratified,0.4114201957501643,1.6341267790305567,2.7779792145392315,0.0626,0.9928717471227041,2.464672228731476,3.630949964826845,0.005730446721621957
independent_incidents,267,row_preserved,0.41836867411239403,1.687472859481335,2.983938607341032,0.0618,0.9990905067787985,2.466210845953313,3.8193121152918,-0.011183382253526643
independent_incidents,267,column_shuffled,0.4155098412440765,1.68278877884818,2.983938607341032,0.0614,0.9952554425809574,2.466488400998545,3.842298780667625,0.004060617615587083
independent_incidents,267,incident_stratified,0.4155098412440765,1.68278877884818,2.983938607341032,0.0614,0.9952554425809574,2.466488400998545,3.842298780667625,0.004060617615587083
independent_incidents,268,row_preserved,0.42397301704928414,1.6188574916162457,2.63131916088428,0.0612,1.0030446487511369,2.403982202892432,3.5647598078675573,0.011069423595949974
independent_incidents,268,column_shuffled,0.42187809646094665,1.6123473551408338,2.63131916088428,0.0606,0.9992389096224528,2.446597476177807,3.5602591668607233,0.0012892868005494997
independent_incidents,268,incident_stratified,0.42187809646094665,1.6123473551408338,2.63131916088428,0.0606,0.9992389096224528,2.446597476177807,3.5602591668607233,0.0012892868005494997
independent_incidents,269,row_preserved,0.4197435006973743,1.6940664255723472,2.861199024159921,0.062,0.9961029118202214,2.5172111378814526,3.6770243637611904,0.006520440910271021
independent_incidents,269,column_shuffled,0.42240696155950913,1.708171596515706,2.861199024159921,0.0632,1.002167011400441,2.473799370397868,3.6089276964015866,-0.003527215983870151
independent_incidents,269,incident_stratified,0.42240696155950913,1.708171596515706,2.861199024159921,0.0632,1.002167011400441,2.473799370397868,3.6089276964015866,-0.003527215983870151
independent_incidents,270,row_preserved,0.4153258814077317,1.6897812880091028,2.774638028936989,0.0616,0.9919933515432683,2.4603519937531404,3.6073059960470006,-0.0048891633986341805
independent_incidents,270,column_shuffled,0.4153258814077317,1.6742909214744373,2.774638028936989,0.062,0.9916528727201992,2.468125002976424,3.6477003493945594,-0.0021519154724314094
independent_incidents,270,incident_stratified,0.4153258814077317,1.6742909214744373,2.774638028936989,0.062,0.9916528727201992,2.468125002976424,3.6477003493945594,-0.0021519154724314094
independent_incidents,271,row_preserved,0.4106064250579251,1.7132790270767553,2.8332041703297897,0.066,0.988758177530569,2.53531929902815,3.796250596846315,0.0047733683837650805
independent_incidents,271,column_shuffled,0.41271255253338873,1.7274650374444331,2.8332041703297897,0.0664,0.9918664544811142,2.5725664267845523,3.7553090336437465,-0.0008680995015985406
independent_incidents,271,incident_stratified,0.41271255253338873,1.7274650374444331,2.8332041703297897,0.0664,0.9918664544811142,2.5725664267845523,3.7553090336437465,-0.0008680995015985406
independent_incidents,272,row_preserved,0.41684165550097635,1.6210347720633527,2.6654901159348596,0.0606,0.9986003050999452,2.4281210858298703,3.5489564971418055,0.0010924469715365211
independent_incidents,272,column_shuffled,0.4175571074375831,1.6210347720633527,2.6654901159348596,0.0606,0.9978485370432749,2.445821995704448,3.5346842223776958,0.005650074559956621
independent_incidents,272,incident_stratified,0.4175571074375831,1.6210347720633527,2.6654901159348596,0.0606,0.9978485370432749,2.445821995704448,3.5346842223776958,0.005650074559956621
independent_incidents,273,row_preserved,0.4124328445842371,1.5925280821945347,2.60319660115925,0.0582,0.9979081704294624,2.3773926610641474,3.6227422594904612,-0.0006804575130923404
independent_incidents,273,column_shuffled,0.4160022438125416,1.5925280821945347,2.60319660115925,0.059,0.9962918355722432,2.397162783294775,3.5784864491659247,-0.006177542501492957
independent_incidents,273,incident_stratified,0.4160022438125416,1.5925280821945347,2.60319660115925,0.059,0.9962918355722432,2.397162783294775,3.5784864491659247,-0.006177542501492957
independent_incidents,274,row_preserved,0.4201285395924965,1.6192851130587438,2.67702733100964,0.0614,1.0030983123332116,2.4225682510162314,3.5517361095666455,0.003107714107114384
independent_incidents,274,column_shuffled,0.41814407117994246,1.6227059440098088,2.6829973549470414,0.0606,1.005555798678629,2.4813781587681474,3.5846141284946094,0.007664328467163484
independent_incidents,274,incident_stratified,0.41814407117994246,1.6227059440098088,2.6829973549470414,0.0606,1.005555798678629,2.4813781587681474,3.5846141284946094,0.007664328467163484
independent_incidents,275,row_preserved,0.41399289036095244,1.6968919966316074,2.9023981390800353,0.0658,0.9918490016198933,2.4263318030912657,3.803947315075808,-0.008678276958503173
independent_incidents,275,column_shuffled,0.40979733650463435,1.6968919966316074,2.9023981390800353,0.0652,0.9925707262566408,2.476784672259192,3.808030927232088,-0.004311960771718248
independent_incidents,275,incident_stratified,0.40979733650463435,1.6968919966316074,2.9023981390800353,0.0652,0.9925707262566408,2.476784672259192,3.808030927232088,-0.004311960771718248
independent_incidents,276,row_preserved,0.4133018227337378,1.7287656190924567,2.770076038351497,0.0682,0.9922848584141117,2.537048462618242,3.603489076809417,0.002517457288420929
independent_incidents,276,column_shuffled,0.4141424160461974,1.7273162459062237,2.770076038351497,0.0674,0.9893031405575168,2.5040821847435972,3.695332209936214,0.0016166775139861932
independent_incidents,276,incident_stratified,0.4141424160461974,1.7273162459062237,2.770076038351497,0.0674,0.9893031405575168,2.5040821847435972,3.695332209936214,0.0016166775139861932
independent_incidents,277,row_preserved,0.4098962975563995,1.6372285703633291,2.7204202687514627,0.06,0.9867659215249827,2.420919542586517,3.5838032744059385,0.005087680200055896
independent_incidents,277,column_shuffled,0.41074678321611247,1.6372285703633291,2.7204202687514627,0.06,0.9823727421283629,2.4354111337541613,3.543760872950341,-0.001946448406779824
independent_incidents,277,incident_stratified,0.41074678321611247,1.6372285703633291,2.7204202687514627,0.06,0.9823727421283629,2.4354111337541613,3.543760872950341,-0.001946448406779824
independent_incidents,278,row_preserved,0.4139504186401827,1.7141247875633647,2.7628659269346816,0.0658,0.9955027204614277,2.4711425684192276,3.5954261500716376,-0.0029282576861556116
independent_incidents,278,column_shuffled,0.40859483212433845,1.7192573367082014,2.7664658026172915,0.0664,0.9875513406138869,2.4854028082726347,3.8194560006330835,0.0052420364629376685
independent_incidents,278,incident_stratified,0.40859483212433845,1.7192573367082014,2.7664658026172915,0.0664,0.9875513406138869,2.4854028082726347,3.8194560006330835,0.0052420364629376685
independent_incidents,279,row_preserved,0.4176195869419013,1.7034398655984468,2.7880859214900333,0.0674,0.9994712734012579,2.523920949751631,3.6099432342159705,0.0015948932226302773
independent_incidents,279,column_shuffled,0.41796668697196954,1.6912501876730974,2.7880859214900333,0.066,0.9931607307256676,2.489246904691787,3.6588158980881516,0.0043953337058500585
independent_incidents,279,incident_stratified,0.41796668697196954,1.6912501876730974,2.7880859214900333,0.066,0.9931607307256676,2.489246904691787,3.6588158980881516,0.0043953337058500585
independent_incidents,280,row_preserved,0.4166016701584334,1.6148265709141907,2.646384972409002,0.0594,1.0003049327045381,2.465981879222702,3.4705071790213267,0.0007945152041944825
independent_incidents,280,column_shuffled,0.41831001602381085,1.6136175083449242,2.6465993489090205,0.059,0.9996159360496165,2.43856599157323,3.679534590803306,0.0033406376597013864
independent_incidents,280,incident_stratified,0.41831001602381085,1.6136175083449242,2.6465993489090205,0.059,0.9996159360496165,2.43856599157323,3.679534590803306,0.0033406376597013864
independent_incidents,281,row_preserved,0.4117754533932894,1.6533810624893006,2.957618320715314,0.064,0.9934506466506866,2.4453729403560724,3.793196881625018,0.006905118407754087
independent_incidents,281,column_shuffled,0.4141621348234521,1.6565345460647014,2.957618320715314,0.0642,0.997825760590366,2.4756094766824175,3.756873096877999,0.0012305105327963899
independent_incidents,281,incident_stratified,0.4141621348234521,1.6565345460647014,2.957618320715314,0.0642,0.997825760590366,2.4756094766824175,3.756873096877999,0.0012305105327963899
independent_incidents,282,row_preserved,0.41612845428150463,1.6764318595071221,2.656550508495659,0.066,0.9998469755210965,2.497674368887111,3.5895768414416738,-0.001359043559112548
independent_incidents,282,column_shuffled,0.4135340070303909,1.6729626359586434,2.6509809057196705,0.0658,0.9962683299885922,2.484915136544907,3.5145625921680366,0.0023900864446251384
independent_incidents,282,incident_stratified,0.4135340070303909,1.6729626359586434,2.6509809057196705,0.0658,0.9962683299885922,2.484915136544907,3.5145625921680366,0.0023900864446251384
independent_incidents,283,row_preserved,0.4143999957977155,1.6409103270384948,2.819608064322135,0.0624,0.9883639075471413,2.377760014132338,3.7188411992625374,-0.006286214270300049
independent_incidents,283,column_shuffled,0.41529574517721685,1.6354785131726688,2.8194823103747217,0.0618,0.9922861712329227,2.40544532844669,3.706617606781692,0.0022515183827729723
independent_incidents,283,incident_stratified,0.41529574517721685,1.6354785131726688,2.8194823103747217,0.0618,0.9922861712329227,2.40544532844669,3.706617606781692,0.0022515183827729723
independent_incidents,284,row_preserved,0.4145837931699008,1.6121575086830786,2.79409669655783,0.0566,0.9966065560271087,2.3976384700743427,3.8211451159548013,0.011280664465957012
independent_incidents,284,column_shuffled,0.41571997538196065,1.6178603626149088,2.79409669655783,0.058,0.9996488465852928,2.436392648750247,3.6644656894466596,-0.0004620102738035435
independent_incidents,284,incident_stratified,0.41571997538196065,1.6178603626149088,2.79409669655783,0.058,0.9996488465852928,2.436392648750247,3.6644656894466596,-0.0004620102738035435
independent_incidents,285,row_preserved,0.42135697174663106,1.6511967314131066,2.75751143499359,0.0628,1.0043280337484384,2.4850181581595496,3.702419179994176,-0.00012446628099067295
independent_incidents,285,column_shuffled,0.4181241185940262,1.6649282911275007,2.75751143499359,0.0646,0.9961703213515581,2.4986486696806463,3.5863022636347774,0.0005642986076744169
independent_incidents,285,incident_stratified,0.4181241185940262,1.6649282911275007,2.75751143499359,0.0646,0.9961703213515581,2.4986486696806463,3.5863022636347774,0.0005642986076744169
independent_incidents,286,row_preserved,0.4200073258696516,1.5710067712987217,2.7350633505809054,0.057,1.0018296375126323,2.4004568882801367,3.5206532444446426,-0.006757180463134689
independent_incidents,286,column_shuffled,0.4213734128989593,1.5710067712987217,2.7350633505809054,0.0568,1.0054895375562578,2.4115817394160612,3.6632359037841344,-0.0034813261649026075
independent_incidents,286,incident_stratified,0.4213734128989593,1.5710067712987217,2.7350633505809054,0.0568,1.0054895375562578,2.4115817394160612,3.6632359037841344,-0.0034813261649026075
independent_incidents,287,row_preserved,0.42148228529739384,1.6943579650108407,2.7705338338046315,0.0686,1.0054964622291027,2.5252158350708065,3.667855152814467,-0.004330543376477676
independent_incidents,287,column_shuffled,0.42248414759839226,1.6949116963023572,2.7705338338046315,0.0688,1.0017062120561366,2.4645563713005325,3.73671164990261,-0.004048444397170312
independent_incidents,287,incident_stratified,0.42248414759839226,1.6949116963023572,2.7705338338046315,0.0688,1.0017062120561366,2.4645563713005325,3.73671164990261,-0.004048444397170312
independent_incidents,288,row_preserved,0.41645383141253367,1.5910367772421672,2.694474849841475,0.0612,0.9985804084840162,2.409835447703641,3.5822647954965596,-0.00449969245343598
independent_incidents,288,column_shuffled,0.4180259976681663,1.5940973948657897,2.694474849841475,0.0612,0.9976253165267994,2.4259520942845474,3.5737840950013213,-0.00010773881362806815
independent_incidents,288,incident_stratified,0.4180259976681663,1.5940973948657897,2.694474849841475,0.0612,0.9976253165267994,2.4259520942845474,3.5737840950013213,-0.00010773881362806815
independent_incidents,289,row_preserved,0.4129771124778058,1.7120015117751288,2.878896932260134,0.0694,0.987161984971267,2.563549921913552,3.7153596594636795,0.0006594440243171386
independent_incidents,289,column_shuffled,0.41398881033924867,1.7120015117751288,2.878896932260134,0.0694,0.9901379130879748,2.5224117058296764,3.795473688908648,0.000972059132129144
independent_incidents,289,incident_stratified,0.41398881033924867,1.7120015117751288,2.878896932260134,0.0694,0.9901379130879748,2.5224117058296764,3.795473688908648,0.000972059132129144
independent_incidents,290,row_preserved,0.41435561281913824,1.598235964063346,2.9235674512862317,0.0592,0.9831764698059404,2.394112624124862,3.832266589461565,0.006143247621946436
independent_incidents,290,column_shuffled,0.41277096451707074,1.6070903515998272,2.9235674512862317,0.0594,0.9884343092496518,2.4299859930381063,3.6882372324262853,-0.0049458199395660115
independent_incidents,290,incident_stratified,0.41277096451707074,1.6070903515998272,2.9235674512862317,0.0594,0.9884343092496518,2.4299859930381063,3.6882372324262853,-0.0049458199395660115
independent_incidents,291,row_preserved,0.41869717955979935,1.593078999432921,2.753962010342615,0.0594,0.9899307011363983,2.483217806427459,3.7931068200353173,0.006505951662905504
independent_incidents,291,column_shuffled,0.4231903272736918,1.5987042683626698,2.753962010342615,0.0602,1.0053280786216279,2.4113329009218365,3.6273351402310245,-0.002995236635429327
independent_incidents,291,incident_stratified,0.4231903272736918,1.5987042683626698,2.753962010342615,0.0602,1.0053280786216279,2.4113329009218365,3.6273351402310245,-0.002995236635429327
independent_incidents,292,row_preserved,0.4126595718693436,1.6233474190836696,2.717731903420476,0.0618,0.9922059876536118,2.4133760580534904,3.842215538282856,0.0008599183131718806
independent_incidents,292,column_shuffled,0.41311883050611653,1.6211323496118304,2.7144526946890837,0.0616,0.9963772752996034,2.408065620383157,3.727641321431651,-0.008743892596708288
independent_incidents,292,incident_stratified,0.41311883050611653,1.6211323496118304,2.7144526946890837,0.0616,0.9963772752996034,2.408065620383157,3.727641321431651,-0.008743892596708288
independent_incidents,293,row_preserved,0.4152175097028592,1.6493730837733944,2.959024346186101,0.0622,0.9985296296379176,2.469138097426893,3.8674614192448633,0.008343528599602931
independent_incidents,293,column_shuffled,0.4119520573509222,1.6507792391538283,2.959024346186101,0.0622,0.9920349587967486,2.4728436234525932,3.7778772304647306,0.008272454640672644
independent_incidents,293,incident_stratified,0.4119520573509222,1.6507792391538283,2.959024346186101,0.0622,0.9920349587967486,2.4728436234525932,3.7778772304647306,0.008272454640672644
independent_incidents,294,row_preserved,0.41435173137926823,1.600551260491706,2.6919988550447003,0.0586,1.0015405907380737,2.411853402386889,3.63538258664266,0.001771021410738302
independent_incidents,294,column_shuffled,0.41200482695598417,1.598452366598772,2.6919988550447003,0.0584,0.9939523397843104,2.3628075095449876,3.5858860704884887,0.005214098590490826
independent_incidents,294,incident_stratified,0.41200482695598417,1.598452366598772,2.6919988550447003,0.0584,0.9939523397843104,2.3628075095449876,3.5858860704884887,0.005214098590490826
independent_incidents,295,row_preserved,0.4131483076722775,1.6624513236335177,2.6597906470286916,0.0616,0.9940979780526912,2.450691077963063,3.6282838877786467,-0.0012211401479243391
independent_incidents,295,column_shuffled,0.41347485060010136,1.673684816722631,2.6597906470286916,0.0618,0.9901164381339542,2.4796560258789127,3.581171161932303,0.008718901126701468
independent_incidents,295,incident_stratified,0.41347485060010136,1.673684816722631,2.6597906470286916,0.0618,0.9901164381339542,2.4796560258789127,3.581171161932303,0.008718901126701468
independent_incidents,296,row_preserved,0.4130577456745186,1.6459249979725568,2.7010090843201726,0.0674,0.9918116505201848,2.4201398751961523,3.593273472605678,-0.00868126633319876
independent_incidents,296,column_shuffled,0.41422498233477256,1.643893899894642,2.7010090843201726,0.0662,0.9902458440002652,2.433691525182078,3.636675707661012,0.00810863731488277
independent_incidents,296,incident_stratified,0.41422498233477256,1.643893899894642,2.7010090843201726,0.0662,0.9902458440002652,2.433691525182078,3.636675707661012,0.00810863731488277
independent_incidents,297,row_preserved,0.41997162772815144,1.7004661749214274,3.0250306271117564,0.0718,1.0033807744219112,2.5163829195523326,3.914424248332589,-0.00031714760151973744
independent_incidents,297,column_shuffled,0.4209636065913449,1.6978688731824876,3.0250306271117564,0.071,1.0109231718270242,2.523814096945333,3.8965729967539473,-0.005381413237362741
independent_incidents,297,incident_stratified,0.4209636065913449,1.6978688731824876,3.0250306271117564,0.071,1.0109231718270242,2.523814096945333,3.8965729967539473,-0.005381413237362741
independent_incidents,298,row_preserved,0.42194697676338616,1.6334896824744132,2.6459897637874117,0.0616,1.0038892657109066,2.378776426604588,3.6374406364117498,0.002248298409156437
independent_incidents,298,column_shuffled,0.4198384361202414,1.6492893651972635,2.6459897637874117,0.0626,1.0012048781555747,2.438560857935896,3.632603566138197,-0.00674657926443292
independent_incidents,298,incident_stratified,0.4198384361202414,1.6492893651972635,2.6459897637874117,0.0626,1.0012048781555747,2.438560857935896,3.632603566138197,-0.00674657926443292
independent_incidents,299,row_preserved,0.4178630509519286,1.6925360193889454,2.7512073052652846,0.068,0.9963503797171556,2.4719958487634917,3.5194806631506985,-0.0071730489464199715
independent_incidents,299,column_shuffled,0.4173328480892161,1.6925360193889454,2.7512073052652846,0.0676,0.9959375529811234,2.536476668692103,3.486863490864507,-0.0004263031924459434
independent_incidents,299,incident_stratified,0.4173328480892161,1.6925360193889454,2.7512073052652846,0.0676,0.9959375529811234,2.536476668692103,3.486863490864507,-0.0004263031924459434
independent_incidents,300,row_preserved,0.418400521123618,1.7493004544803135,2.9078469915119958,0.0678,0.9999616645675595,2.5489254074604357,3.7707745689207903,-0.0014129499769505937
independent_incidents,300,column_shuffled,0.417519056774468,1.7493004544803135,2.9078469915119958,0.0678,0.9989225700997982,2.534825680123671,3.6930206704313777,0.004002026107855143
independent_incidents,300,incident_stratified,0.417519056774468,1.7493004544803135,2.9078469915119958,0.0678,0.9989225700997982,2.534825680123671,3.6930206704313777,0.004002026107855143
independent_incidents,301,row_preserved,0.4191059350223243,1.6697191782189191,2.8858743357130052,0.067,0.9982272083478188,2.481953395890693,3.7431785250813956,0.006580597251747576
independent_incidents,301,column_shuffled,0.4222899490977078,1.6787035037455664,2.8858743357130052,0.067,1.0046544518704317,2.4736327881334232,3.784106105839257,-0.0009119433161276525
independent_incidents,301,incident_stratified,0.4222899490977078,1.6787035037455664,2.8858743357130052,0.067,1.0046544518704317,2.4736327881334232,3.784106105839257,-0.0009119433161276525
independent_incidents,302,row_preserved,0.4142960912080142,1.6428648327472795,2.729158997264798,0.062,0.9910788445060167,2.4269971698968638,3.6521458641132485,0.0003516261251167026
independent_incidents,302,column_shuffled,0.41304847266123995,1.6413023679154113,2.729158997264798,0.0618,0.9863988678209061,2.478530666812672,3.6132435580570794,0.009066096651568626
independent_incidents,302,incident_stratified,0.41304847266123995,1.6413023679154113,2.729158997264798,0.0618,0.9863988678209061,2.478530666812672,3.6132435580570794,0.009066096651568626
independent_incidents,303,row_preserved,0.4159473865202393,1.6397917589093818,2.7055582849881445,0.0628,0.9942498306834857,2.440890707379749,3.5948071921700158,-0.005080805809834909
independent_incidents,303,column_shuffled,0.41401684583776377,1.638512936495735,2.7055582849881445,0.0628,0.9949804643409608,2.430952369103436,3.626626848057614,-0.005400316522121765
independent_incidents,303,incident_stratified,0.41401684583776377,1.638512936495735,2.7055582849881445,0.0628,0.9949804643409608,2.430952369103436,3.626626848057614,-0.005400316522121765
independent_incidents,304,row_preserved,0.4100647608229665,1.5720888975977187,2.840564331992364,0.056,0.9871284502894366,2.4106703806071486,3.7091680059303127,0.005655180761717858
independent_incidents,304,column_shuffled,0.41344097700930715,1.5821763592724225,2.840564331992364,0.0564,0.9925227825219631,2.3997377509388964,3.6421656533175266,-0.0008443683991981492
independent_incidents,304,incident_stratified,0.41344097700930715,1.5821763592724225,2.840564331992364,0.0564,0.9925227825219631,2.3997377509388964,3.6421656533175266,-0.0008443683991981492
independent_incidents,305,row_preserved,0.42592097602338724,1.7442727057129879,2.8447826447714717,0.073,1.0061530078237282,2.5824007824782784,3.780829011442998,-0.004008318143507097
independent_incidents,305,column_shuffled,0.425256708029986,1.7450984778984213,2.81398302591328,0.0732,1.0099061083157639,2.6081464524723517,3.877355651211495,0.00585391981053288
independent_incidents,305,incident_stratified,0.425256708029986,1.7450984778984213,2.81398302591328,0.0732,1.0099061083157639,2.6081464524723517,3.877355651211495,0.00585391981053288
independent_incidents,306,row_preserved,0.41890711158594035,1.631170338609693,2.81069357442031,0.0614,1.0010346311460445,2.4674320214100316,3.6683684455052368,0.0011491443144392734
independent_incidents,306,column_shuffled,0.4228353239790891,1.6327779267763693,2.81069357442031,0.062,1.0120137524868358,2.40761556909855,3.7175737601705787,-0.002526589038031996
independent_incidents,306,incident_stratified,0.4228353239790891,1.6327779267763693,2.81069357442031,0.062,1.0120137524868358,2.40761556909855,3.7175737601705787,-0.002526589038031996
independent_incidents,307,row_preserved,0.41086393031922475,1.6807331248575519,2.6800695815886066,0.0644,0.9912726960802348,2.491331540860097,3.5240244484136896,0.0003509960171863751
independent_incidents,307,column_shuffled,0.4124967526104778,1.6626594481612955,2.6800695815886066,0.0636,0.9912709916026812,2.4298503090476937,3.4307913085114543,-0.008683017340248908
independent_incidents,307,incident_stratified,0.4124967526104778,1.6626594481612955,2.6800695815886066,0.0636,0.9912709916026812,2.4298503090476937,3.4307913085114543,-0.008683017340248908
independent_incidents,308,row_preserved,0.41469660902233463,1.6393436960632828,2.731639413157498,0.0632,0.9949510052362753,2.425602376450036,3.6000624819747262,-0.00465617973150392
independent_incidents,308,column_shuffled,0.4157455053731162,1.6393436960632828,2.731639413157498,0.063,0.9968043979381569,2.449938371611462,3.6596216459800273,-0.006958003157629761
independent_incidents,308,incident_stratified,0.4157455053731162,1.6393436960632828,2.731639413157498,0.063,0.9968043979381569,2.449938371611462,3.6596216459800273,-0.006958003157629761
independent_incidents,309,row_preserved,0.4191102671847105,1.7773735404468585,2.9350825698355023,0.0718,0.9967854087348794,2.5914199404781986,3.80329051036931,-0.0011631705773330122
independent_incidents,309,column_shuffled,0.41506466775756357,1.7842884021556018,2.9350825698355023,0.0722,0.9913352405752038,2.5656276641413207,3.7650864354166536,-0.0012612268430224434
independent_incidents,309,incident_stratified,0.41506466775756357,1.7842884021556018,2.9350825698355023,0.0722,0.9913352405752038,2.5656276641413207,3.7650864354166536,-0.0012612268430224434
independent_incidents,310,row_preserved,0.4154304451282676,1.6128307937352249,2.786892809270136,0.0616,0.9941699069268342,2.4075846165493004,3.6953417612363015,-0.0026570144498888637
independent_incidents,310,column_shuffled,0.4153926224019062,1.6261948834012256,2.786892809270136,0.0628,0.9948425321301222,2.4183731202337797,3.5894403032049462,-0.010260513329854025
independent_incidents,310,incident_stratified,0.4153926224019062,1.6261948834012256,2.786892809270136,0.0628,0.9948425321301222,2.4183731202337797,3.5894403032049462,-0.010260513329854025
independent_incidents,311,row_preserved,0.4244515971565681,1.6469375954409986,2.659050217242876,0.063,1.0024606215714684,2.433833400893144,3.5780157738677234,-0.004722101875951755
independent_incidents,311,column_shuffled,0.42174621024272574,1.647082043209697,2.659050217242876,0.0632,1.0027701860156206,2.4390836814223955,3.618733712594274,0.007288018009279145
independent_incidents,311,incident_stratified,0.42174621024272574,1.647082043209697,2.659050217242876,0.0632,1.0027701860156206,2.4390836814223955,3.618733712594274,0.007288018009279145
independent_incidents,312,row_preserved,0.41118649139638525,1.729952211412928,2.738384178070954,0.069,0.9923108514146344,2.512133754689005,3.5278003954264125,0.004563729835802707
independent_incidents,312,column_shuffled,0.4106681338993285,1.723715733925195,2.738384178070954,0.0688,0.9926986809428062,2.5097554504719577,3.5958891935879307,0.0006264152823564086
independent_incidents,312,incident_stratified,0.4106681338993285,1.723715733925195,2.738384178070954,0.0688,0.9926986809428062,2.5097554504719577,3.5958891935879307,0.0006264152823564086
independent_incidents,313,row_preserved,0.4164099980376348,1.6296029395380056,2.769766828551154,0.0606,0.9998966613856205,2.4262979669713474,3.7359753417841706,0.0036119275815768895
independent_incidents,313,column_shuffled,0.41762299835182726,1.6496466770239586,2.7533531642446065,0.061,0.9998553154027886,2.4223988426593985,3.5917065699045936,0.0024217494853621697
independent_incidents,313,incident_stratified,0.41762299835182726,1.6496466770239586,2.7533531642446065,0.061,0.9998553154027886,2.4223988426593985,3.5917065699045936,0.0024217494853621697
independent_incidents,314,row_preserved,0.41759331046800363,1.7058017388352509,2.8213790970299324,0.0684,0.9974794857816416,2.4835603268058266,3.756568647797822,0.009684356818531267
independent_incidents,314,column_shuffled,0.41966213855006396,1.7137115190208412,2.8213790970299324,0.0694,1.0000140070570724,2.4827302328811935,3.5797782555700337,-0.007752939298474935
independent_incidents,314,incident_stratified,0.41966213855006396,1.7137115190208412,2.8213790970299324,0.0694,1.0000140070570724,2.4827302328811935,3.5797782555700337,-0.007752939298474935
independent_incidents,315,row_preserved,0.4150163480446729,1.6118917981504208,2.5167192092896697,0.0606,1.0004795432214797,2.4001020091715928,3.4610823036416725,-0.01021767460936353
independent_incidents,315,column_shuffled,0.4158592687765193,1.6188805702783942,2.5167192092896697,0.061,0.9974443894115215,2.439722169844158,3.529159652353781,0.0006746624215373241
independent_incidents,315,incident_stratified,0.4158592687765193,1.6188805702783942,2.5167192092896697,0.061,0.9974443894115215,2.439722169844158,3.529159652353781,0.0006746624215373241
independent_incidents,316,row_preserved,0.4174361296692444,1.7720351484931949,2.8732210524049693,0.07,0.9922177975731736,2.5244724437477615,3.7191275135809208,-0.006859080207910447
independent_incidents,316,column_shuffled,0.4158200829605354,1.7782047933570986,2.9210845990135037,0.0708,0.9920546429285432,2.5335095929232754,3.6921971485839498,-0.004212952864196127
independent_incidents,316,incident_stratified,0.4158200829605354,1.7782047933570986,2.9210845990135037,0.0708,0.9920546429285432,2.5335095929232754,3.6921971485839498,-0.004212952864196127
independent_incidents,317,row_preserved,0.42108954192182524,1.6844209023863688,2.734702283729719,0.0672,1.0011398343125886,2.4790974685583365,3.7498260098720264,-0.0006408563406536044
independent_incidents,317,column_shuffled,0.4174820469934427,1.6837219289859386,2.734702283729719,0.0672,0.9959674367459107,2.4463646943991613,3.7002060246317696,0.013398045956549942
independent_incidents,317,incident_stratified,0.4174820469934427,1.6837219289859386,2.734702283729719,0.0672,0.9959674367459107,2.4463646943991613,3.7002060246317696,0.013398045956549942
independent_incidents,318,row_preserved,0.4183595488104733,1.6235273829813306,2.6830123181836334,0.0616,1.0048620388430276,2.46449554883237,3.5702730375481577,0.006166323455200902
independent_incidents,318,column_shuffled,0.4219240630500392,1.61959241306786,2.6887094341508395,0.0608,1.0078354800273819,2.4249699493744266,3.5411684217895,0.002162458505916882
independent_incidents,318,incident_stratified,0.4219240630500392,1.61959241306786,2.6887094341508395,0.0608,1.0078354800273819,2.4249699493744266,3.5411684217895,0.002162458505916882
independent_incidents,319,row_preserved,0.4136457691425236,1.6078668323784002,2.656564089963563,0.0588,0.9950815135480083,2.379407909842463,3.496999277246491,-0.004845636680875214
independent_incidents,319,column_shuffled,0.41516238605476413,1.5997117221566675,2.672499996089201,0.0576,0.9959194745334441,2.3396225981642784,3.5036675445014556,0.0006397586009664197
independent_incidents,319,incident_stratified,0.41516238605476413,1.5997117221566675,2.672499996089201,0.0576,0.9959194745334441,2.3396225981642784,3.5036675445014556,0.0006397586009664197
independent_incidents,320,row_preserved,0.4176166779917794,1.7626923660224054,2.8638729351490326,0.071,0.993681467638103,2.5331786065908775,3.8663990526249106,0.002707705439103647
independent_incidents,320,column_shuffled,0.4211514010975183,1.7772276577006882,2.8638729351490326,0.0722,1.0063827630978543,2.5321605330527097,3.650034381345834,-0.013259572639928907
independent_incidents,320,incident_stratified,0.4211514010975183,1.7772276577006882,2.8638729351490326,0.0722,1.0063827630978543,2.5321605330527097,3.650034381345834,-0.013259572639928907
independent_incidents,321,row_preserved,0.40922106239909084,1.708147098460124,2.8052728681441224,0.0704,0.9944646087695328,2.518052935079691,3.7610879367943637,-0.0012265531620988326
independent_incidents,321,column_shuffled,0.41113065413202854,1.7027296290119158,2.8052728681441224,0.0692,0.9933922068320951,2.4752560913199164,3.7368046265172965,0.004139834568444489
independent_incidents,321,incident_stratified,0.41113065413202854,1.7027296290119158,2.8052728681441224,0.0692,0.9933922068320951,2.4752560913199164,3.7368046265172965,0.004139834568444489
independent_incidents,322,row_preserved,0.4121664270316408,1.6576545795511513,2.691043849196338,0.064,0.9934437692488691,2.507687096115365,3.5707990002787398,0.005769267739212977
independent_incidents,322,column_shuffled,0.41458555982449724,1.6514778622113857,2.691043849196338,0.0636,0.989636584944587,2.4550801000091904,3.6058214978571437,0.0013048964767725612
independent_incidents,322,incident_stratified,0.41458555982449724,1.6514778622113857,2.691043849196338,0.0636,0.989636584944587,2.4550801000091904,3.6058214978571437,0.0013048964767725612
independent_incidents,323,row_preserved,0.41296346144034385,1.7054305939833887,2.9561348100189178,0.0672,0.9957439964227741,2.4682869839961312,3.9256308693242783,-0.003351712416508003
independent_incidents,323,column_shuffled,0.41622813115356055,1.6949900214650442,2.9561348100189178,0.0674,1.0017038753420668,2.5131994113149467,3.8822434494341342,-0.0036563932509678584
independent_incidents,323,incident_stratified,0.41622813115356055,1.6949900214650442,2.9561348100189178,0.0674,1.0017038753420668,2.5131994113149467,3.8822434494341342,-0.0036563932509678584
independent_incidents,324,row_preserved,0.41937786409016364,1.5926731386302082,2.8331116360259645,0.059,1.0065547108821415,2.3991497215594904,3.5181627560701387,-0.009143661042300662
independent_incidents,324,column_shuffled,0.41825894205680186,1.586253751053303,2.8331116360259645,0.0584,0.998736625957767,2.4156855781303,3.6196234795363753,-0.0006014769217965745
independent_incidents,324,incident_stratified,0.41825894205680186,1.586253751053303,2.8331116360259645,0.0584,0.998736625957767,2.4156855781303,3.6196234795363753,-0.0006014769217965745
independent_incidents,325,row_preserved,0.4184789713378495,1.6501285571506379,2.7514143555366846,0.065,1.0001681610252682,2.471136932252894,3.728069175954576,0.005231968812188668
independent_incidents,325,column_shuffled,0.4224549849095779,1.6486705183976873,2.7514143555366846,0.0644,1.0025582724890971,2.4841290795255095,3.675904366075885,0.0002325207246555651
independent_incidents,325,incident_stratified,0.4224549849095779,1.6486705183976873,2.7514143555366846,0.0644,1.0025582724890971,2.4841290795255095,3.675904366075885,0.0002325207246555651
independent_incidents,326,row_preserved,0.41679391979655006,1.7352432695585134,2.8166835554639116,0.0692,0.9945072748362463,2.5206817998173667,3.7732345982727122,-0.002700798239563452
independent_incidents,326,column_shuffled,0.4144538408481479,1.7283632746176922,2.8166835554639116,0.0684,0.9940088764233121,2.507972707627279,3.781581109088673,0.007178530637560756
independent_incidents,326,incident_stratified,0.4144538408481479,1.7283632746176922,2.8166835554639116,0.0684,0.9940088764233121,2.507972707627279,3.781581109088673,0.007178530637560756
independent_incidents,327,row_preserved,0.41508058700457295,1.6837734575237406,2.850129504976763,0.0668,0.990323769660046,2.4852708853110292,3.8356758360556826,0.009496883133661939
independent_incidents,327,column_shuffled,0.41788074473595577,1.6835045660296086,2.843622147981983,0.0666,1.0012729249949015,2.4663849830803346,3.7258509525452603,-0.005587714929943965
independent_incidents,327,incident_stratified,0.41788074473595577,1.6835045660296086,2.843622147981983,0.0666,1.0012729249949015,2.4663849830803346,3.7258509525452603,-0.005587714929943965
independent_incidents,328,row_preserved,0.41693504597886855,1.605270484223658,2.743589330990735,0.0604,0.990628223504961,2.4414678222875845,3.80975815409653,0.008816282681244472
independent_incidents,328,column_shuffled,0.4199808729369236,1.6220231007150194,2.743589330990735,0.0612,0.9954257703762704,2.4811814682120366,3.6265577984236703,-0.012710488077245403
independent_incidents,328,incident_stratified,0.4199808729369236,1.6220231007150194,2.743589330990735,0.0612,0.9954257703762704,2.4811814682120366,3.6265577984236703,-0.012710488077245403
independent_incidents,329,row_preserved,0.4208648478805001,1.684488572817108,2.79779656677518,0.0692,1.001769720864483,2.521914408910981,3.6940163456820674,0.004336148763943829
independent_incidents,329,column_shuffled,0.4226066951534435,1.677232413087822,2.79779656677518,0.0688,1.0095364144829704,2.5406810028925166,3.642396756924886,-0.0013444511799035259
independent_incidents,329,incident_stratified,0.4226066951534435,1.677232413087822,2.79779656677518,0.0688,1.0095364144829704,2.5406810028925166,3.642396756924886,-0.0013444511799035259
independent_incidents,330,row_preserved,0.42005040372046576,1.6167538156900176,2.600198224463846,0.0594,1.003418396521368,2.4095223287674585,3.620411264519837,0.0015747800533676708
independent_incidents,330,column_shuffled,0.4196121922173036,1.6420746824320958,2.600198224463846,0.0604,0.9981234848081422,2.4176169452132603,3.5322790265001958,-0.008428209103120378
independent_incidents,330,incident_stratified,0.4196121922173036,1.6420746824320958,2.600198224463846,0.0604,0.9981234848081422,2.4176169452132603,3.5322790265001958,-0.008428209103120378
independent_incidents,331,row_preserved,0.4141439490764047,1.6427219677140847,2.781769048288218,0.0618,0.9947175713524281,2.4541485657902418,3.6856594773273637,0.003324018785392347
independent_incidents,331,column_shuffled,0.41616200031935663,1.6401638589758998,2.781769048288218,0.0614,0.9963035070720105,2.452817854004228,3.6423211840685683,-0.002898392212448014
independent_incidents,331,incident_stratified,0.41616200031935663,1.6401638589758998,2.781769048288218,0.0614,0.9963035070720105,2.452817854004228,3.6423211840685683,-0.002898392212448014
independent_incidents,332,row_preserved,0.42179062306320897,1.675221169933579,2.9272852204743627,0.0644,1.009318356339892,2.4782352347304277,3.7244173390963313,-0.00498684621437265
independent_incidents,332,column_shuffled,0.4187691047553884,1.6717658159601112,2.9272852204743627,0.0642,1.0043120295818093,2.500882710108782,3.8983642128795175,0.004414173883900079
independent_incidents,332,incident_stratified,0.4187691047553884,1.6717658159601112,2.9272852204743627,0.0642,1.0043120295818093,2.500882710108782,3.8983642128795175,0.004414173883900079
independent_incidents,333,row_preserved,0.419439545544224,1.68029088814829,2.79446761856081,0.0642,0.9994777127329224,2.4747774076456004,3.7472356046244704,0.0022424814503577187
independent_incidents,333,column_shuffled,0.4172702726803681,1.6808086894619767,2.79446761856081,0.0646,0.9986948151670756,2.5048455621386863,3.717329650805489,0.0021021899126766504
independent_incidents,333,incident_stratified,0.4172702726803681,1.6808086894619767,2.79446761856081,0.0646,0.9986948151670756,2.5048455621386863,3.717329650805489,0.0021021899126766504
independent_incidents,334,row_preserved,0.4184612925597654,1.62906533856594,2.8883512817089247,0.06,1.00377314424047,2.448215279142546,3.814561750483061,0.002780602596918841
independent_incidents,334,column_shuffled,0.41541573198528847,1.6319700208640053,2.8883512817089247,0.06,1.000069618297532,2.4479017521315316,3.8222436435608413,0.010446615062009203
independent_incidents,334,incident_stratified,0.41541573198528847,1.6319700208640053,2.8883512817089247,0.06,1.000069618297532,2.4479017521315316,3.8222436435608413,0.010446615062009203
independent_incidents,335,row_preserved,0.4176544738183432,1.6494016910044318,2.7773953660311235,0.065,0.9922395090784569,2.4725181008732706,3.6504744267582865,-0.003752173806248163
independent_incidents,335,column_shuffled,0.4145463206906051,1.6494016910044318,2.7773953660311235,0.065,0.9910573515112745,2.438005200384455,3.6881176688958393,-0.0040055348600253485
independent_incidents,335,incident_stratified,0.4145463206906051,1.6494016910044318,2.7773953660311235,0.065,0.9910573515112745,2.438005200384455,3.6881176688958393,-0.0040055348600253485
independent_incidents,336,row_preserved,0.41185678170985673,1.658549904027842,2.6673617572820842,0.0658,0.9949347209382559,2.4554813782721716,3.655011700802756,0.013155211758931182
independent_incidents,336,column_shuffled,0.41410149415861597,1.6673140415275811,2.6673617572820842,0.067,0.9919989872015279,2.466084690344125,3.5819421021684135,-0.002596948061125338
independent_incidents,336,incident_stratified,0.41410149415861597,1.6673140415275811,2.6673617572820842,0.067,0.9919989872015279,2.466084690344125,3.5819421021684135,-0.002596948061125338
independent_incidents,337,row_preserved,0.41160933643239445,1.6618653058847779,2.808461678366973,0.0652,0.9928547134941594,2.4613564033564406,3.564669739461149,0.002537554791980416
independent_incidents,337,column_shuffled,0.4155985031595971,1.6590552582363238,2.808461678366973,0.0654,0.9950443721814553,2.4769984729481607,3.645526357429955,-0.0027502980987945715
independent_incidents,337,incident_stratified,0.4155985031595971,1.6590552582363238,2.808461678366973,0.0654,0.9950443721814553,2.4769984729481607,3.645526357429955,-0.0027502980987945715
independent_incidents,338,row_preserved,0.4179091766395453,1.6420044769616287,2.8481525062333573,0.0612,1.0002571431141525,2.4467451588005398,3.6894235313208337,0.0006674253250448496
independent_incidents,338,column_shuffled,0.4149538899907814,1.6344265732467813,2.8481525062333573,0.0604,0.9977458703707236,2.4730197163672867,3.6719991643064462,0.006734205885089393
independent_incidents,338,incident_stratified,0.4149538899907814,1.6344265732467813,2.8481525062333573,0.0604,0.9977458703707236,2.4730197163672867,3.6719991643064462,0.006734205885089393
independent_incidents,339,row_preserved,0.41209335478417775,1.702724436901786,2.9088442054933967,0.0662,0.9941416858773733,2.5166383442116906,3.724545809024169,0.0028753168971740266
independent_incidents,339,column_shuffled,0.41208014910060614,1.702724436901786,2.9088442054933967,0.0666,0.9906265384244806,2.504838579955681,3.889381921728365,0.012079343731670108
independent_incidents,339,incident_stratified,0.41208014910060614,1.702724436901786,2.9088442054933967,0.0666,0.9906265384244806,2.504838579955681,3.889381921728365,0.012079343731670108
independent_incidents,340,row_preserved,0.4192998963454404,1.5873651041767272,2.6605124984056507,0.0568,0.9918679768523233,2.4158200686925593,3.6272010317129615,0.009636963846845842
independent_incidents,340,column_shuffled,0.4197945497013566,1.5793288793611908,2.6605124984056507,0.0568,0.9990169624982967,2.3796355082199763,3.588027238210119,0.001805186859928013
independent_incidents,340,incident_stratified,0.4197945497013566,1.5793288793611908,2.6605124984056507,0.0568,0.9990169624982967,2.3796355082199763,3.588027238210119,0.001805186859928013
independent_incidents,341,row_preserved,0.41604474564622107,1.628270416166974,2.8290368568158977,0.0608,1.000809314327915,2.4381288149571367,3.661272066330811,-0.0033707677484049385
independent_incidents,341,column_shuffled,0.41489713528826994,1.604923234006074,2.821531264033413,0.0602,0.9952646481558054,2.4115288618666084,3.7825618423143617,0.008027302205793339
independent_incidents,341,incident_stratified,0.41489713528826994,1.604923234006074,2.821531264033413,0.0602,0.9952646481558054,2.4115288618666084,3.7825618423143617,0.008027302205793339
independent_incidents,342,row_preserved,0.423373922219679,1.6254415673583251,2.865515722717958,0.0608,1.0044400001674278,2.4639198547261354,3.632107370912089,-0.011528326038359219
independent_incidents,342,column_shuffled,0.4226922242696377,1.6220999831794387,2.865515722717958,0.0594,0.9959379777988564,2.4453661424244824,3.773340389843279,0.011270829529098464
independent_incidents,342,incident_stratified,0.4226922242696377,1.6220999831794387,2.865515722717958,0.0594,0.9959379777988564,2.4453661424244824,3.773340389843279,0.011270829529098464
independent_incidents,343,row_preserved,0.4181274570274473,1.6935486428104325,2.967026359108112,0.0642,1.006764381109598,2.4458286353147036,3.9033873272232906,0.0057293000361952505
independent_incidents,343,column_shuffled,0.4181274570274473,1.6970630692673323,2.967026359108112,0.0648,1.0001619826234758,2.471498150956498,3.717055577228587,-0.006554973690615934
independent_incidents,343,incident_stratified,0.4181274570274473,1.6970630692673323,2.967026359108112,0.0648,1.0001619826234758,2.471498150956498,3.717055577228587,-0.006554973690615934
independent_incidents,344,row_preserved,0.42061689814034764,1.6377651886998128,2.77446174018753,0.0616,0.9989564184775559,2.402152219247123,3.5588802436077493,-0.00020755248382464558
independent_incidents,344,column_shuffled,0.4145167100600784,1.6342090105070466,2.77446174018753,0.0614,0.9946583658188568,2.458701153861061,3.530716860215371,0.017050473532101984
independent_incidents,344,incident_stratified,0.4145167100600784,1.6342090105070466,2.77446174018753,0.0614,0.9946583658188568,2.458701153861061,3.530716860215371,0.017050473532101984
independent_incidents,345,row_preserved,0.42063849297586975,1.6678378894932162,2.8257240723853854,0.0624,1.0084464270781328,2.4711356659282444,3.8050270868821654,0.0015449959916975225
independent_incidents,345,column_shuffled,0.42125176480137805,1.6678378894932162,2.8257240723853854,0.0628,1.0110014922266628,2.4737892820857468,3.703514622926916,-0.0013086433976512131
independent_incidents,345,incident_stratified,0.42125176480137805,1.6678378894932162,2.8257240723853854,0.0628,1.0110014922266628,2.4737892820857468,3.703514622926916,-0.0013086433976512131
independent_incidents,346,row_preserved,0.41923534567088616,1.6577596473045055,2.701899761997709,0.0646,1.000812238739678,2.4389478153766064,3.6593453032712064,0.004273302023804316
independent_incidents,346,column_shuffled,0.4231550757616193,1.6670235045893014,2.7033505300002605,0.0654,1.00593330544315,2.463787184133005,3.5379351421506,-0.008860469326339002
independent_incidents,346,incident_stratified,0.4231550757616193,1.6670235045893014,2.7033505300002605,0.0654,1.00593330544315,2.463787184133005,3.5379351421506,-0.008860469326339002
independent_incidents,347,row_preserved,0.4115450012353842,1.6467582933720195,2.8262464635813003,0.0626,0.9884679226893772,2.426753560135241,3.701930000314598,-0.0018594385570548041
independent_incidents,347,column_shuffled,0.4109319004283588,1.662238577215842,2.8262464635813003,0.0632,0.9840493412077171,2.457277109187798,3.6984482452263605,-0.0046722949844343565
independent_incidents,347,incident_stratified,0.4109319004283588,1.662238577215842,2.8262464635813003,0.0632,0.9840493412077171,2.457277109187798,3.6984482452263605,-0.0046722949844343565
independent_incidents,348,row_preserved,0.41497540132307253,1.632947278739021,2.794440501554263,0.0626,0.993278064943482,2.447770732378324,3.8362514921956685,0.006380352490829674
independent_incidents,348,column_shuffled,0.4144468489496789,1.6510419483683247,2.794440501554263,0.0626,0.9914851355254435,2.41816673479426,3.807159260055973,0.006496822712024563
independent_incidents,348,incident_stratified,0.4144468489496789,1.6510419483683247,2.794440501554263,0.0626,0.9914851355254435,2.41816673479426,3.807159260055973,0.006496822712024563
independent_incidents,349,row_preserved,0.41978640640181214,1.6028650186107916,2.7517121163085285,0.059,0.9997255393570246,2.3663849431745883,3.5034771354353307,-0.005214601912703759
independent_incidents,349,column_shuffled,0.4163729098356463,1.6053349984740513,2.7448956139940384,0.0594,0.9979712993372892,2.4219040972549584,3.4770262471984905,-0.002200143376058996
independent_incidents,349,incident_stratified,0.4163729098356463,1.6053349984740513,2.7448956139940384,0.0594,0.9979712993372892,2.4219040972549584,3.4770262471984905,-0.002200143376058996
independent_incidents,350,row_preserved,0.4192831318571592,1.7249722542640786,2.8912342535083084,0.0698,0.9996142149371581,2.522130789641204,3.799465240238289,-0.006633674910949949
independent_incidents,350,column_shuffled,0.4230524363266884,1.722750787876034,2.8912342535083084,0.0688,0.9958606994612413,2.5685198700522394,3.737169293171574,0.008282607439698315
independent_incidents,350,incident_stratified,0.4230524363266884,1.722750787876034,2.8912342535083084,0.0688,0.9958606994612413,2.5685198700522394,3.737169293171574,0.008282607439698315
independent_incidents,351,row_preserved,0.4128720428335588,1.6363930162703384,2.651464978521484,0.0608,0.9921575015776138,2.402945304998878,3.5667861010864153,-0.002025315690387072
independent_incidents,351,column_shuffled,0.4123747571111898,1.6363930162703384,2.651464978521484,0.0604,0.9905297264206382,2.389562913464358,3.6405306015667853,-0.0076833484325247595
independent_incidents,351,incident_stratified,0.4123747571111898,1.6363930162703384,2.651464978521484,0.0604,0.9905297264206382,2.389562913464358,3.6405306015667853,-0.0076833484325247595
independent_incidents,352,row_preserved,0.4138177637757353,1.6109348964073695,2.845503911383963,0.0574,0.9837673175744126,2.450528990077677,3.755804507129959,0.002610859337781608
independent_incidents,352,column_shuffled,0.4158284214671263,1.6109348964073695,2.845503911383963,0.057,0.9968842014197054,2.396740889862639,3.775242111578824,-0.008316900307745075
independent_incidents,352,incident_stratified,0.4158284214671263,1.6109348964073695,2.845503911383963,0.057,0.9968842014197054,2.396740889862639,3.775242111578824,-0.008316900307745075
independent_incidents,353,row_preserved,0.4157774857599047,1.6237637896753097,2.6680259759458234,0.0592,0.9946139060895842,2.403928394224726,3.621996932180053,-0.004659672414510031
independent_incidents,353,column_shuffled,0.4112073793864287,1.6200594769436392,2.6680259759458234,0.0584,0.9969094844125914,2.4184508296354186,3.520180241724927,-0.0037544020977916983
independent_incidents,353,incident_stratified,0.4112073793864287,1.6200594769436392,2.6680259759458234,0.0584,0.9969094844125914,2.4184508296354186,3.520180241724927,-0.0037544020977916983
independent_incidents,354,row_preserved,0.41902688273076266,1.6421170862501873,2.754150762444001,0.0622,1.0001238716676175,2.4553442432579047,3.7291592289384576,-0.004233689001627843
independent_incidents,354,column_shuffled,0.41758955116864005,1.6480679590982383,2.754150762444001,0.063,0.9971766913680054,2.4707863521714266,3.6986163043531146,0.0006060897889630759
independent_incidents,354,incident_stratified,0.41758955116864005,1.6480679590982383,2.754150762444001,0.063,0.9971766913680054,2.4707863521714266,3.6986163043531146,0.0006060897889630759
independent_incidents,355,row_preserved,0.42105699024741333,1.688629951467748,2.8078528104272236,0.0666,1.00553667542428,2.464966868270125,3.6120475731633843,-0.004916320410886453
independent_incidents,355,column_shuffled,0.4196174308870197,1.688629951467748,2.801923898221725,0.067,0.9983416093774116,2.533665781775528,3.659651059027059,0.010037071585675744
independent_incidents,355,incident_stratified,0.4196174308870197,1.688629951467748,2.801923898221725,0.067,0.9983416093774116,2.533665781775528,3.659651059027059,0.010037071585675744
independent_incidents,356,row_preserved,0.4137668248413727,1.6570037258724886,2.717425675898427,0.0588,0.9869078465271763,2.4333337603102145,3.7052552479229934,0.003994220832801221
independent_incidents,356,column_shuffled,0.41464819280948373,1.6532806519900531,2.717425675898427,0.0586,0.9900999334694321,2.38966703500286,3.6544650305170476,0.004447170826104756
independent_incidents,356,incident_stratified,0.41464819280948373,1.6532806519900531,2.717425675898427,0.0586,0.9900999334694321,2.38966703500286,3.6544650305170476,0.004447170826104756
independent_incidents,357,row_preserved,0.41701187568070264,1.6943742303797742,2.950446842974676,0.0666,0.9985898077648505,2.470987274400591,3.807456105782214,-0.002076789004913688
independent_incidents,357,column_shuffled,0.41718928201164507,1.692582588893329,2.950446842974676,0.0664,1.0004445674029507,2.491275707049238,3.7452118972702397,-0.0023016667997075146
independent_incidents,357,incident_stratified,0.41718928201164507,1.692582588893329,2.950446842974676,0.0664,1.0004445674029507,2.491275707049238,3.7452118972702397,-0.0023016667997075146
independent_incidents,358,row_preserved,0.423822939850783,1.7093244764178923,2.9530686980384315,0.0632,1.0105183753522693,2.4767169763670527,3.812362452798274,0.005030653850948229
independent_incidents,358,column_shuffled,0.42180992930851835,1.7093244764178923,2.9530686980384315,0.0636,1.0026000115108493,2.5067179731643234,3.7326532967923662,-0.0032915442094614247
independent_incidents,358,incident_stratified,0.42180992930851835,1.7093244764178923,2.9530686980384315,0.0636,1.0026000115108493,2.5067179731643234,3.7326532967923662,-0.0032915442094614247
independent_incidents,359,row_preserved,0.41425744291175604,1.6066342441200268,2.7736934776538322,0.0586,0.9882196063524906,2.4126781419592884,3.7343306583373383,0.005846454976841338
independent_incidents,359,column_shuffled,0.4138348158753915,1.6066342441200268,2.77113112139578,0.0588,0.9881897618444753,2.405040063790488,3.74186328283712,0.003981579081476883
independent_incidents,359,incident_stratified,0.4138348158753915,1.6066342441200268,2.77113112139578,0.0588,0.9881897618444753,2.405040063790488,3.74186328283712,0.003981579081476883
independent_incidents,360,row_preserved,0.41334704093325814,1.6137389867242753,2.7569236269049067,0.0602,0.988387568965858,2.4017584061394914,3.594820980706491,-0.0006027684834773826
independent_incidents,360,column_shuffled,0.41368235129358527,1.6124429368145017,2.7569236269049067,0.0598,0.9931446795286225,2.391148339215699,3.8166187412615398,-0.0017384296004342938
independent_incidents,360,incident_stratified,0.41368235129358527,1.6124429368145017,2.7569236269049067,0.0598,0.9931446795286225,2.391148339215699,3.8166187412615398,-0.0017384296004342938
independent_incidents,361,row_preserved,0.41593031069604475,1.6710422524191322,2.70154321941155,0.0622,1.0020220583156227,2.4836742741368707,3.616263277650863,0.006768750657410948
independent_incidents,361,column_shuffled,0.4191988380867713,1.6610941198387863,2.70154321941155,0.0616,1.0000402802741086,2.4399777680220884,3.5763485252889815,-0.00893438857003079
independent_incidents,361,incident_stratified,0.4191988380867713,1.6610941198387863,2.70154321941155,0.0616,1.0000402802741086,2.4399777680220884,3.5763485252889815,-0.00893438857003079
independent_incidents,362,row_preserved,0.41432307006915436,1.6043666370890073,2.7474589783132632,0.0592,0.9943575459334815,2.387212791795615,3.7962758677109836,0.0016430460485875474
independent_incidents,362,column_shuffled,0.4155091947190982,1.6123517050331775,2.7474589783132632,0.0602,0.9926896420881219,2.398514369778697,3.6091847262563768,-0.0037079694131140297
independent_incidents,362,incident_stratified,0.4155091947190982,1.6123517050331775,2.7474589783132632,0.0602,0.9926896420881219,2.398514369778697,3.6091847262563768,-0.0037079694131140297
independent_incidents,363,row_preserved,0.4164718365724418,1.7050013948032003,2.8918665337287344,0.0674,1.002163441153897,2.455590605722903,3.844787045052299,0.007882981994413847
independent_incidents,363,column_shuffled,0.42182398904879354,1.7236113504922645,2.8918665337287344,0.069,1.0048952873504948,2.509897018229305,3.6831658813878203,-0.005211237806890763
independent_incidents,363,incident_stratified,0.42182398904879354,1.7236113504922645,2.8918665337287344,0.069,1.0048952873504948,2.509897018229305,3.6831658813878203,-0.005211237806890763
independent_incidents,364,row_preserved,0.4131647562027254,1.6407471206446245,2.81194585070648,0.0624,0.9927062953358757,2.4041107543300853,3.612124517005233,-0.006167160060511927
independent_incidents,364,column_shuffled,0.4116679200406289,1.6331839004648576,2.81194585070648,0.0606,0.9941946898851542,2.4170103222120254,3.899843946515079,-0.0009549224882830113
independent_incidents,364,incident_stratified,0.4116679200406289,1.6331839004648576,2.81194585070648,0.0606,0.9941946898851542,2.4170103222120254,3.899843946515079,-0.0009549224882830113
independent_incidents,365,row_preserved,0.414940663706298,1.5966113708894634,2.668812671446176,0.0588,0.9896136903638343,2.4147373570417505,3.6329530717652783,0.008735146127759106
independent_incidents,365,column_shuffled,0.4166176827762219,1.5778977151232765,2.668812671446176,0.0586,0.9889344137948581,2.405122097081866,3.5800325327035156,0.009244354625342155
independent_incidents,365,incident_stratified,0.4166176827762219,1.5778977151232765,2.668812671446176,0.0586,0.9889344137948581,2.405122097081866,3.5800325327035156,0.009244354625342155
independent_incidents,366,row_preserved,0.41504032997551066,1.706940005450388,2.9227712128705745,0.0688,0.991893139404864,2.5611550346463003,3.8677152791106137,0.0034052603440635903
independent_incidents,366,column_shuffled,0.41773677390646224,1.705446064899281,2.9227712128705745,0.0682,0.9980110145005211,2.541867768009452,3.81908405187286,0.004042055173812123
independent_incidents,366,incident_stratified,0.41773677390646224,1.705446064899281,2.9227712128705745,0.0682,0.9980110145005211,2.541867768009452,3.81908405187286,0.004042055173812123
independent_incidents,367,row_preserved,0.4169957985805894,1.7239733217724844,2.850289901457198,0.0686,0.9980110464347858,2.5292273836473367,3.8342252941665826,-0.0014572208229004322
independent_incidents,367,column_shuffled,0.41638396024030294,1.7208987041846173,2.850289901457198,0.0672,0.9886198958872034,2.50495343754491,3.8898158549904363,0.007847885864675328
independent_incidents,367,incident_stratified,0.41638396024030294,1.7208987041846173,2.850289901457198,0.0672,0.9886198958872034,2.50495343754491,3.8898158549904363,0.007847885864675328
independent_incidents,368,row_preserved,0.4193538386008299,1.6793913315245992,2.766816487034594,0.0654,1.001515678400633,2.4514246790359486,3.6842328288194395,0.0021934631406890976
independent_incidents,368,column_shuffled,0.4211367124227374,1.6809397931686467,2.766816487034594,0.0658,1.001087970022551,2.505246126385262,3.6884403220035944,0.003543730854697733
independent_incidents,368,incident_stratified,0.4211367124227374,1.6809397931686467,2.766816487034594,0.0658,1.001087970022551,2.505246126385262,3.6884403220035944,0.003543730854697733
independent_incidents,369,row_preserved,0.4109484515785792,1.7003465411629786,2.8496275408921012,0.0666,0.9931465253879135,2.481180604703553,3.74216216775074,0.0017959407975702108
independent_incidents,369,column_shuffled,0.4096781535583678,1.7048422529342848,2.8557136603341964,0.066,0.9925620733708965,2.497680131686775,3.7685477731074446,-0.0023104623475123467
independent_incidents,369,incident_stratified,0.4096781535583678,1.7048422529342848,2.8557136603341964,0.066,0.9925620733708965,2.497680131686775,3.7685477731074446,-0.0023104623475123467
independent_incidents,370,row_preserved,0.41659111563300705,1.6155296817010483,2.9111767356959346,0.0606,0.997569364122072,2.373605237888589,3.801922451085057,-0.0005250981819358529
independent_incidents,370,column_shuffled,0.4190879728025277,1.6155296817010483,2.9111767356959346,0.061,0.9934110004708417,2.408689696193082,3.7851203147840797,-0.003370890490767825
independent_incidents,370,incident_stratified,0.4190879728025277,1.6155296817010483,2.9111767356959346,0.061,0.9934110004708417,2.408689696193082,3.7851203147840797,-0.003370890490767825
independent_incidents,371,row_preserved,0.4096166598378399,1.6182294593773383,2.7928904913249863,0.0608,0.9876298923988729,2.3750756038843748,3.629321055177591,0.009128650631395348
independent_incidents,371,column_shuffled,0.4094080690288415,1.610927299780566,2.7928904913249863,0.0608,0.9891299023849799,2.389823033002099,3.672211404034604,0.0048403309065868086
independent_incidents,371,incident_stratified,0.4094080690288415,1.610927299780566,2.7928904913249863,0.0608,0.9891299023849799,2.389823033002099,3.672211404034604,0.0048403309065868086
independent_incidents,372,row_preserved,0.41944630176671416,1.6149180672226322,2.6887773092291685,0.0604,1.0017985577255741,2.4356207612865335,3.66616839555921,-0.004996755163357178
independent_incidents,372,column_shuffled,0.4179200802263801,1.6128025020936358,2.6639452894023923,0.06,0.9964151706704699,2.39733979568915,3.7210643243295185,0.004387099984244024
independent_incidents,372,incident_stratified,0.4179200802263801,1.6128025020936358,2.6639452894023923,0.06,0.9964151706704699,2.39733979568915,3.7210643243295185,0.004387099984244024
independent_incidents,373,row_preserved,0.41548438386397757,1.699817975449236,2.8751885513859423,0.0692,1.000355706681587,2.5080684485546927,3.6852021250316107,-0.004131271266367704
independent_incidents,373,column_shuffled,0.4151115945785031,1.7016306553954657,2.8751885513859423,0.0688,0.9925206395556622,2.4823391060858473,3.7987865379088688,-0.00426157529565972
independent_incidents,373,incident_stratified,0.4151115945785031,1.7016306553954657,2.8751885513859423,0.0688,0.9925206395556622,2.4823391060858473,3.7987865379088688,-0.00426157529565972
independent_incidents,374,row_preserved,0.4184903850060238,1.6091507214184424,2.837103028988332,0.0592,0.9947463858249217,2.3813390722543635,3.741835784105798,-0.002391909111725802
independent_incidents,374,column_shuffled,0.41257030348514123,1.6018918814342313,2.837103028988332,0.0586,0.9954069283791522,2.4653362847870017,3.6911029979196393,0.008089137683360881
independent_incidents,374,incident_stratified,0.41257030348514123,1.6018918814342313,2.837103028988332,0.0586,0.9954069283791522,2.4653362847870017,3.6911029979196393,0.008089137683360881
independent_incidents,375,row_preserved,0.41688814226611765,1.6733299693903712,2.863719943567588,0.0614,0.9951264735861497,2.4694113331385936,3.811395908268607,0.005178238471371262
independent_incidents,375,column_shuffled,0.4132524294880551,1.6824381896376874,2.8691180338819673,0.063,0.9892238587843349,2.4561424009102932,3.642534499143288,-0.010999645270647779
independent_incidents,375,incident_stratified,0.4132524294880551,1.6824381896376874,2.8691180338819673,0.063,0.9892238587843349,2.4561424009102932,3.642534499143288,-0.010999645270647779
independent_incidents,376,row_preserved,0.42152428653547575,1.6831800940663602,2.6656366792554054,0.068,0.996771074005412,2.4790717036102774,3.565352807024,-0.004923586837415849
independent_incidents,376,column_shuffled,0.4192846250807186,1.6771426271919267,2.6656366792554054,0.0676,0.9977689993951956,2.4955991602860315,3.5381668157558734,-0.0010965209239799437
independent_incidents,376,incident_stratified,0.4192846250807186,1.6771426271919267,2.6656366792554054,0.0676,0.9977689993951956,2.4955991602860315,3.5381668157558734,-0.0010965209239799437
independent_incidents,377,row_preserved,0.41659498602728096,1.639655353398703,2.811235067882149,0.0618,0.9934938411373698,2.457541310482813,3.628799558050736,-0.001554179516481304
independent_incidents,377,column_shuffled,0.4175403709870417,1.643329645232353,2.811235067882149,0.0616,0.9932761803493343,2.446706966030292,3.7111522097580627,-0.000749573915170644
independent_incidents,377,incident_stratified,0.4175403709870417,1.643329645232353,2.811235067882149,0.0616,0.9932761803493343,2.446706966030292,3.7111522097580627,-0.000749573915170644
independent_incidents,378,row_preserved,0.4155222627691143,1.6981549142873322,2.9266394658773045,0.0642,0.997437361931663,2.4456124973253597,3.694354635564708,-0.008238356129517737
independent_incidents,378,column_shuffled,0.41439713203437745,1.6884525368236434,2.9266394658773045,0.0636,0.9946728922895287,2.4736469678029085,3.9540242683878604,-0.0025058721737675252
independent_incidents,378,incident_stratified,0.41439713203437745,1.6884525368236434,2.9266394658773045,0.0636,0.9946728922895287,2.4736469678029085,3.9540242683878604,-0.0025058721737675252
independent_incidents,379,row_preserved,0.41574354215964365,1.646404085642626,2.8725407446182247,0.0604,0.9921567866967675,2.4390079732369228,3.845264114121783,-0.0008680092107161754
independent_incidents,379,column_shuffled,0.4114284732394976,1.6508320713968616,2.8725407446182247,0.0616,0.9901881934850096,2.4604305831662083,3.821591057871477,0.0010841982757450234
independent_incidents,379,incident_stratified,0.4114284732394976,1.6508320713968616,2.8725407446182247,0.0616,0.9901881934850096,2.4604305831662083,3.821591057871477,0.0010841982757450234
independent_incidents,380,row_preserved,0.4177005778623194,1.661441424455704,2.8241770692437096,0.0626,0.9975354434808589,2.4482360392336027,3.70092324561623,-0.007174357340050302
independent_incidents,380,column_shuffled,0.4127452990442782,1.651285769110051,2.8241770692437096,0.062,0.9956096569740635,2.443370972953906,3.800014499962073,0.008034046518672408
independent_incidents,380,incident_stratified,0.4127452990442782,1.651285769110051,2.8241770692437096,0.062,0.9956096569740635,2.443370972953906,3.800014499962073,0.008034046518672408
independent_incidents,381,row_preserved,0.414039102197368,1.6284014954675528,2.9594152084637884,0.062,0.9938473796895794,2.4244817997251413,3.8434391238383,0.0020615495517357332
independent_incidents,381,column_shuffled,0.4152561352356882,1.642195344504145,2.9521382654609765,0.0628,0.9948203089533192,2.4125444663270352,3.7271359399001955,-0.00921833473296584
independent_incidents,381,incident_stratified,0.4152561352356882,1.642195344504145,2.9521382654609765,0.0628,0.9948203089533192,2.4125444663270352,3.7271359399001955,-0.00921833473296584
independent_incidents,382,row_preserved,0.4123688381330776,1.641420881942119,2.683141791026763,0.0634,0.999269732420005,2.406358403071258,3.5879607390311477,-0.006184005795790514
independent_incidents,382,column_shuffled,0.41184073969138285,1.6478420876209272,2.683141791026763,0.0638,0.9929972492758147,2.4715885215624978,3.5330285642092907,-0.002092400286545937
independent_incidents,382,incident_stratified,0.41184073969138285,1.6478420876209272,2.683141791026763,0.0638,0.9929972492758147,2.4715885215624978,3.5330285642092907,-0.002092400286545937
independent_incidents,383,row_preserved,0.4172474694937134,1.666676030137485,2.7841762722506553,0.0628,0.9932543611330366,2.520971564655856,3.8050457071125794,0.0021895410397966835
independent_incidents,383,column_shuffled,0.4134528185370272,1.6546147931549955,2.7841762722506553,0.0616,0.9876557925318589,2.5129513905353664,3.808039995033142,0.014187186725268475
independent_incidents,383,incident_stratified,0.4134528185370272,1.6546147931549955,2.7841762722506553,0.0616,0.9876557925318589,2.5129513905353664,3.808039995033142,0.014187186725268475
independent_incidents,384,row_preserved,0.4159611190011611,1.616501968976657,2.698455015001513,0.0588,0.9960939527793824,2.381359857044453,3.621117421123593,0.011146603648324526
independent_incidents,384,column_shuffled,0.4153875788329007,1.645363220704601,2.698455015001513,0.0602,0.9923483177632793,2.4191060214012707,3.556194745721356,-0.005703026386193347
independent_incidents,384,incident_stratified,0.4153875788329007,1.645363220704601,2.698455015001513,0.0602,0.9923483177632793,2.4191060214012707,3.556194745721356,-0.005703026386193347
independent_incidents,385,row_preserved,0.4166590757784413,1.629547013708529,2.8661919915717644,0.0612,0.9958636905325768,2.449599484739062,3.7550919747882254,0.0054545387207167615
independent_incidents,385,column_shuffled,0.4151587647427506,1.6590675419257952,2.8661919915717644,0.0622,0.9954846039397005,2.408642522935286,3.862714018395099,0.004029930538591454
independent_incidents,385,incident_stratified,0.4151587647427506,1.6590675419257952,2.8661919915717644,0.0622,0.9954846039397005,2.408642522935286,3.862714018395099,0.004029930538591454
independent_incidents,386,row_preserved,0.41595691506576493,1.5876782713804156,2.6392448055304403,0.0584,0.9971382559508931,2.4095040349419996,3.5580443371529684,-0.0013115806130976199
independent_incidents,386,column_shuffled,0.416329825342519,1.580805771129162,2.6392448055304403,0.0574,1.0008991829092673,2.397619982430717,3.5300454257343183,0.0019764748564792926
independent_incidents,386,incident_stratified,0.416329825342519,1.580805771129162,2.6392448055304403,0.0574,1.0008991829092673,2.397619982430717,3.5300454257343183,0.0019764748564792926
independent_incidents,387,row_preserved,0.41147722398600595,1.6645955181234382,2.8617558420921188,0.0628,0.9940884229581918,2.465433295394955,3.729348779782934,-0.005458817876362727
independent_incidents,387,column_shuffled,0.4153348456799964,1.66624344010818,2.8617558420921188,0.0628,0.9970181847285473,2.4838181531981887,3.76166158818123,-0.00043773019841873706
independent_incidents,387,incident_stratified,0.4153348456799964,1.66624344010818,2.8617558420921188,0.0628,0.9970181847285473,2.4838181531981887,3.76166158818123,-0.00043773019841873706
independent_incidents,388,row_preserved,0.42030182474717137,1.6409886442452999,2.7279428346315537,0.0602,0.9893253986754882,2.4453679320383688,3.5832071681179647,0.0009979548395622534
independent_incidents,388,column_shuffled,0.42105966651932825,1.6414207491772095,2.7602543883266955,0.0604,0.9952661005827909,2.455846227159161,3.739752457046358,0.0001158574671203099
independent_incidents,388,incident_stratified,0.42105966651932825,1.6414207491772095,2.7602543883266955,0.0604,0.9952661005827909,2.455846227159161,3.739752457046358,0.0001158574671203099
independent_incidents,389,row_preserved,0.4199745160027358,1.6714836997517153,2.661631191664441,0.0644,1.0047697285241572,2.4901393723355265,3.6660153695613173,0.00019799316469426738
independent_incidents,389,column_shuffled,0.4211203407642307,1.6714836997517153,2.661631191664441,0.0634,1.0049798583336402,2.4733696732619093,3.6410137175535846,-0.007597130531729318
independent_incidents,389,incident_stratified,0.4211203407642307,1.6714836997517153,2.661631191664441,0.0634,1.0049798583336402,2.4733696732619093,3.6410137175535846,-0.007597130531729318
independent_incidents,390,row_preserved,0.41224382225625844,1.6589101959501011,2.7487982528534363,0.0654,0.9895562190313627,2.5031945628738868,3.6954740290131003,0.007088076846240674
independent_incidents,390,column_shuffled,0.41894948134636617,1.6755504682582065,2.7487982528534363,0.0656,0.9976346332528765,2.4871010066998815,3.710206899589187,-0.0017915789657976602
independent_incidents,390,incident_stratified,0.41894948134636617,1.6755504682582065,2.7487982528534363,0.0656,0.9976346332528765,2.4871010066998815,3.710206899589187,-0.0017915789657976602
independent_incidents,391,row_preserved,0.4191598844630057,1.6718392885742532,2.6524602130407335,0.0658,1.003101004834577,2.421637716091122,3.479182668808935,0.0015516156964970201
independent_incidents,391,column_shuffled,0.4202367880659672,1.6564810645500518,2.6524602130407335,0.0644,0.9985907486578804,2.4070099377932093,3.5701164979316444,0.002027778687404673
independent_incidents,391,incident_stratified,0.4202367880659672,1.6564810645500518,2.6524602130407335,0.0644,0.9985907486578804,2.4070099377932093,3.5701164979316444,0.002027778687404673
independent_incidents,392,row_preserved,0.41243205696459967,1.7288065576893747,2.844361524860035,0.067,0.9913365770944798,2.507151466125937,3.767547839862874,-0.00886896559068484
independent_incidents,392,column_shuffled,0.4140607900237151,1.7307990502015995,2.844361524860035,0.0676,0.9929458518725822,2.477446672104465,3.680338421565708,0.002763118039269931
independent_incidents,392,incident_stratified,0.4140607900237151,1.7307990502015995,2.844361524860035,0.0676,0.9929458518725822,2.477446672104465,3.680338421565708,0.002763118039269931
independent_incidents,393,row_preserved,0.41442701523163394,1.6651808315748602,2.995442218044385,0.0654,0.9983006592671401,2.4569249759827763,3.9400670413910697,0.006495745001886509
independent_incidents,393,column_shuffled,0.4197122093256065,1.6651808315748602,3.054674263560745,0.066,0.9960012440467053,2.4476319087832348,3.9057997236894852,0.004471272336604906
independent_incidents,393,incident_stratified,0.4197122093256065,1.6651808315748602,3.054674263560745,0.066,0.9960012440467053,2.4476319087832348,3.9057997236894852,0.004471272336604906
independent_incidents,394,row_preserved,0.42334060985767186,1.7199558137604527,2.761641713551594,0.065,0.9981072441891989,2.468478616475041,3.69454401323478,0.007546607632694688
independent_incidents,394,column_shuffled,0.42091894509049343,1.7344141624249276,2.761641713551594,0.066,1.0079088602093846,2.535362034238234,3.589799111365757,-0.002622801809112433
independent_incidents,394,incident_stratified,0.42091894509049343,1.7344141624249276,2.761641713551594,0.066,1.0079088602093846,2.535362034238234,3.589799111365757,-0.002622801809112433
independent_incidents,395,row_preserved,0.4172625176900147,1.7051001982432112,2.724853101684131,0.07,0.9968798116257453,2.4873945594438376,3.6022256673106794,-0.00442678976284322
independent_incidents,395,column_shuffled,0.41380509193570836,1.6954772378354206,2.724853101684131,0.069,0.9923297478965556,2.4958205611862616,3.7262764436577998,0.0009359461153123449
independent_incidents,395,incident_stratified,0.41380509193570836,1.6954772378354206,2.724853101684131,0.069,0.9923297478965556,2.4958205611862616,3.7262764436577998,0.0009359461153123449
independent_incidents,396,row_preserved,0.42227544527806016,1.7239787228833303,2.784693453995648,0.0678,1.0077156470237563,2.540012886206817,3.6933222388490203,-0.004066933704620838
independent_incidents,396,column_shuffled,0.42584225205544457,1.72107635853087,2.784693453995648,0.0668,1.005026285672107,2.5618808374854125,3.7092685411068715,0.002428825547847473
independent_incidents,396,incident_stratified,0.42584225205544457,1.72107635853087,2.784693453995648,0.0668,1.005026285672107,2.5618808374854125,3.7092685411068715,0.002428825547847473
independent_incidents,397,row_preserved,0.41757318596215853,1.674927616800999,2.777324759639544,0.0614,0.9943418149723304,2.4512033303738683,3.790893457102656,0.009288401465082355
independent_incidents,397,column_shuffled,0.4165241180266658,1.7015988754287292,2.777324759639544,0.0628,0.9968045774228503,2.4549830053868513,3.7149952967883264,-0.006296114159241552
independent_incidents,397,incident_stratified,0.4165241180266658,1.7015988754287292,2.777324759639544,0.0628,0.9968045774228503,2.4549830053868513,3.7149952967883264,-0.006296114159241552
independent_incidents,398,row_preserved,0.41796091594683704,1.6669843747960962,2.7111054738469664,0.062,0.9987478144595171,2.4342970687526178,3.663120036351857,0.0035019035637515513
independent_incidents,398,column_shuffled,0.41872196667178363,1.665034151503196,2.7200678153937154,0.0612,1.0033508153175017,2.4569093570926706,3.648139065740013,-0.004126961156760812
independent_incidents,398,incident_stratified,0.41872196667178363,1.665034151503196,2.7200678153937154,0.0612,1.0033508153175017,2.4569093570926706,3.648139065740013,-0.004126961156760812
independent_incidents,399,row_preserved,0.42102169236666404,1.69250144580224,2.730090621128324,0.0686,0.9979670279260591,2.4850358880946093,3.738544411368586,0.0009734676487393691
independent_incidents,399,column_shuffled,0.4177255341605632,1.69250144580224,2.730090621128324,0.0684,1.0000641365749203,2.4637616779821783,3.6671608753735603,-0.005184337525917924
independent_incidents,399,incident_stratified,0.4177255341605632,1.69250144580224,2.730090621128324,0.0684,1.0000641365749203,2.4637616779821783,3.6671608753735603,-0.005184337525917924
no_incident_control,0,row_preserved,0.3554313350131196,0.6730592533685761,0.8666157648523004,0.0004,0.895037937051688,1.325601834606303,1.54705626072439,0.005030141086694694
no_incident_control,0,column_shuffled,0.3546034086950862,0.6721913178375967,0.8666157648523004,0.0004,0.8988432001357906,1.3085547563152176,1.540353885717578,-0.001447130241910479
no_incident_control,0,incident_stratified,0.3546034086950862,0.6721913178375967,0.8666157648523004,0.0004,0.8988432001357906,1.3085547563152176,1.540353885717578,-0.001447130241910479
no_incident_control,1,row_preserved,0.360957920226801,0.6488865348277408,0.8552022625247395,0,0.9001667449426711,1.3120584421021468,1.5281826705812827,0.0009427147591066111
no_incident_control,1,column_shuffled,0.36042180608039215,0.6496248060268606,0.8552022625247395,0,0.8993115973664227,1.3080990547971456,1.5470355308349544,0.007578727366868299
no_incident_control,1,incident_stratified,0.36042180608039215,0.6496248060268606,0.8552022625247395,0,0.8993115973664227,1.3080990547971456,1.5470355308349544,0.007578727366868299
no_incident_control,2,row_preserved,0.35506578286048557,0.6686693392155838,0.9051482195076759,0.0002,0.8916887291895312,1.3077800762637217,1.547975178606238,-0.0036636111139270178
no_incident_control,2,column_shuffled,0.35308830710434574,0.6686693392155838,0.9051482195076759,0.0002,0.8933291468846021,1.3103370460448898,1.554605291786296,0.002974881026069801
no_incident_control,2,incident_stratified,0.35308830710434574,0.6686693392155838,0.9051482195076759,0.0002,0.8933291468846021,1.3103370460448898,1.554605291786296,0.002974881026069801
no_incident_control,3,row_preserved,0.35941099277299965,0.6690130757763908,0.8982340143603244,0.0002,0.9007453961133925,1.3193980301597157,1.5670273956517167,-0.003988177157110469
no_incident_control,3,column_shuffled,0.3592566824991682,0.6690130757763908,0.8982340143603244,0.0002,0.9015596806255093,1.3111285639827264,1.5415098289039073,-0.001599120862108371
no_incident_control,3,incident_stratified,0.3592566824991682,0.6690130757763908,0.8982340143603244,0.0002,0.9015596806255093,1.3111285639827264,1.5415098289039073,-0.001599120862108371
no_incident_control,4,row_preserved,0.35443135466877346,0.6549242004243581,0.8919742563292392,0,0.8952246778577869,1.3175162135623775,1.5455620559569585,-0.003252829772575636
no_incident_control,4,column_shuffled,0.35526269920627407,0.6549242004243581,0.8919742563292392,0,0.8947561072913088,1.3131684312886571,1.5450795862109907,-0.006418473159958782
no_incident_control,4,incident_stratified,0.35526269920627407,0.6549242004243581,0.8919742563292392,0,0.8947561072913088,1.3131684312886571,1.5450795862109907,-0.006418473159958782
no_incident_control,5,row_preserved,0.36015946627494894,0.6773681203981198,0.8999602036943957,0,0.8985912333006394,1.3249930816308564,1.5735513027802126,0.0025894710386506984
no_incident_control,5,column_shuffled,0.359054808976319,0.6797777390853417,0.8999602036943957,0,0.8981329243233949,1.3299253450205841,1.5911515483428662,0.0030167403920594526
no_incident_control,5,incident_stratified,0.359054808976319,0.6797777390853417,0.8999602036943957,0,0.8981329243233949,1.3299253450205841,1.5911515483428662,0.0030167403920594526
no_incident_control,6,row_preserved,0.35170391783500476,0.6582112728282755,0.8827215409430886,0,0.8859675278742668,1.310493625649125,1.5648447038373905,0.005859722587102586
no_incident_control,6,column_shuffled,0.3538704112548883,0.6582591055763919,0.8827215409430886,0,0.8907571019216827,1.3051033222019597,1.5385147082746435,-0.008474198606262277
no_incident_control,6,incident_stratified,0.3538704112548883,0.6582591055763919,0.8827215409430886,0,0.8907571019216827,1.3051033222019597,1.5385147082746435,-0.008474198606262277
no_incident_control,7,row_preserved,0.35679513833073306,0.6570052209499248,0.8592612452630785,0.0004,0.8966926651323037,1.3245971454528975,1.5689134273290999,0.0073171141578613945
no_incident_control,7,column_shuffled,0.35612980030679936,0.6569309480798188,0.8592612452630785,0.0004,0.8966578318423346,1.320593814559738,1.5442947074780018,-0.005020317556286656
no_incident_control,7,incident_stratified,0.35612980030679936,0.6569309480798188,0.8592612452630785,0.0004,0.8966578318423346,1.320593814559738,1.5442947074780018,-0.005020317556286656
no_incident_control,8,row_preserved,0.3554116060034399,0.6643949197519053,0.9045860905126718,0,0.8988091336065944,1.3184078426450885,1.5948415800499807,0.007242817360008442
no_incident_control,8,column_shuffled,0.35857657556447325,0.6637080108627555,0.9045860905126718,0,0.9028404386063981,1.3182989151005722,1.5840351830653057,-0.003681776429084436
no_incident_control,8,incident_stratified,0.35857657556447325,0.6637080108627555,0.9045860905126718,0,0.9028404386063981,1.3182989151005722,1.5840351830653057,-0.003681776429084436
no_incident_control,9,row_preserved,0.36018414336924587,0.6670077995556336,0.931598242440182,0.0002,0.9058652015922,1.3056835746908726,1.590039010322035,-0.005484460912018488
no_incident_control,9,column_shuffled,0.35890471448881656,0.6670077995556336,0.931598242440182,0.0002,0.9015819007792681,1.3133489990657703,1.573613759496034,0.004049190592082465
no_incident_control,9,incident_stratified,0.35890471448881656,0.6670077995556336,0.931598242440182,0.0002,0.9015819007792681,1.3133489990657703,1.573613759496034,0.004049190592082465
no_incident_control,10,row_preserved,0.3592829197645725,0.6624038334034712,0.8770299284943127,0.0002,0.8979398122658813,1.3135111546046656,1.5489907048966893,0.001986864653655289
no_incident_control,10,column_shuffled,0.35684943526803503,0.6643073463708143,0.8770299284943127,0.0002,0.9024544553252702,1.3231524121449494,1.567341654778927,0.004456695103197856
no_incident_control,10,incident_stratified,0.35684943526803503,0.6643073463708143,0.8770299284943127,0.0002,0.9024544553252702,1.3231524121449494,1.567341654778927,0.004456695103197856
no_incident_control,11,row_preserved,0.35689986748390967,0.6689561254259986,0.8809223151982118,0.0004,0.8975440201617315,1.3153438817858871,1.5402094611341917,-0.0034204429849546297
no_incident_control,11,column_shuffled,0.3562650401509341,0.6693721914195268,0.8809223151982118,0.0004,0.8957560560798058,1.3266983412003506,1.5866048951139853,0.005576182754874908
no_incident_control,11,incident_stratified,0.3562650401509341,0.6693721914195268,0.8809223151982118,0.0004,0.8957560560798058,1.3266983412003506,1.5866048951139853,0.005576182754874908
no_incident_control,12,row_preserved,0.3534372497094387,0.6683542485275902,0.8672227194823032,0,0.8927083271121797,1.3194868784155038,1.5255457831287151,-0.0024386863125837933
no_incident_control,12,column_shuffled,0.3547167220573012,0.6679780739112186,0.8672227194823032,0,0.8938331941533129,1.3120167872151902,1.540339745391429,-0.00819829843721936
no_incident_control,12,incident_stratified,0.3547167220573012,0.6679780739112186,0.8672227194823032,0,0.8938331941533129,1.3120167872151902,1.540339745391429,-0.00819829843721936
no_incident_control,13,row_preserved,0.3554439725371153,0.6526425310992051,0.886661437329653,0.0002,0.8966868270945841,1.317974698195699,1.5657139594664538,0.012794722691896661
no_incident_control,13,column_shuffled,0.358175855165478,0.6540763104348407,0.886661437329653,0.0002,0.9018267123473346,1.3115869320153775,1.5324624283252724,-0.005067337571058066
no_incident_control,13,incident_stratified,0.358175855165478,0.6540763104348407,0.886661437329653,0.0002,0.9018267123473346,1.3115869320153775,1.5324624283252724,-0.005067337571058066
no_incident_control,14,row_preserved,0.3561389056284591,0.6609114772353851,0.9081299880369118,0,0.899302976683271,1.3196752366896327,1.5765666930492954,0.007104867685610244
no_incident_control,14,column_shuffled,0.3584120603040763,0.6625352963250118,0.9081299880369118,0,0.8989065086351333,1.3025167744422326,1.5404565694908987,-0.011699060903400121
no_incident_control,14,incident_stratified,0.3584120603040763,0.6625352963250118,0.9081299880369118,0,0.8989065086351333,1.3025167744422326,1.5404565694908987,-0.011699060903400121
no_incident_control,15,row_preserved,0.35053747176403677,0.6750820653164675,0.9114590727450982,0.0004,0.8910284007353773,1.3186561876462157,1.578471755728147,0.0031313467561524372
no_incident_control,15,column_shuffled,0.3527763990183206,0.6782866231367859,0.9114590727450982,0.0004,0.891486930577131,1.3149801615402446,1.5619163394565887,0.006505309457503258
no_incident_control,15,incident_stratified,0.3527763990183206,0.6782866231367859,0.9114590727450982,0.0004,0.891486930577131,1.3149801615402446,1.5619163394565887,0.006505309457503258
no_incident_control,16,row_preserved,0.3587569835114369,0.6658247923364847,0.884527248494389,0.0004,0.8969663539000128,1.3179156005939565,1.5593315248535542,0.00874519887514708
no_incident_control,16,column_shuffled,0.357762387329296,0.6658839133629273,0.884527248494389,0.0004,0.900048833108638,1.3032365944178994,1.557459358599885,-0.002445883451431484
no_incident_control,16,incident_stratified,0.357762387329296,0.6658839133629273,0.884527248494389,0.0004,0.900048833108638,1.3032365944178994,1.557459358599885,-0.002445883451431484
no_incident_control,17,row_preserved,0.3580029551129511,0.66836545124978,0.8993025723434347,0.0002,0.890917072405434,1.3119398651084289,1.5712977893405087,0.0010092818648168723
no_incident_control,17,column_shuffled,0.35633363709264654,0.6672425097381591,0.8993025723434347,0.0002,0.893889743149926,1.318012192687219,1.5644961303246756,0.008429919627066568
no_incident_control,17,incident_stratified,0.35633363709264654,0.6672425097381591,0.8993025723434347,0.0002,0.893889743149926,1.318012192687219,1.5644961303246756,0.008429919627066568
no_incident_control,18,row_preserved,0.3570039941124564,0.6722587324596222,0.8956988806772036,0,0.897880921970949,1.32294862192793,1.5502668543703062,0.005849143448726502
no_incident_control,18,column_shuffled,0.3583166069837233,0.6729993478093098,0.8956988806772036,0,0.8962079583987282,1.3204708115960813,1.5660901285315667,-0.0070501237120554165
no_incident_control,18,incident_stratified,0.3583166069837233,0.6729993478093098,0.8956988806772036,0,0.8962079583987282,1.3204708115960813,1.5660901285315667,-0.0070501237120554165
no_incident_control,19,row_preserved,0.35638451041033886,0.6637266560506495,0.882820557134375,0,0.8970428960266064,1.3056174592901875,1.5677230069965167,-0.0062127640647107575
no_incident_control,19,column_shuffled,0.3548175551377584,0.6643742761693295,0.882820557134375,0,0.8974790892560207,1.3154948754499367,1.5454248127864736,0.003282845095760554
no_incident_control,19,incident_stratified,0.3548175551377584,0.6643742761693295,0.882820557134375,0,0.8974790892560207,1.3154948754499367,1.5454248127864736,0.003282845095760554
no_incident_control,20,row_preserved,0.35875362179071496,0.6645435209861092,0.9206318430130076,0.0004,0.9005215896964149,1.325757699536978,1.5961254122927562,0.002703156875782398
no_incident_control,20,column_shuffled,0.36149606486495,0.6645435209861092,0.9206318430130076,0.0004,0.8996378975696177,1.3166329502003955,1.5689236470294783,-0.003067020166299664
no_incident_control,20,incident_stratified,0.36149606486495,0.6645435209861092,0.9206318430130076,0.0004,0.8996378975696177,1.3166329502003955,1.5689236470294783,-0.003067020166299664
no_incident_control,21,row_preserved,0.3578176843946067,0.6603727115212075,0.8904236194570173,0,0.8988935178806152,1.3276993096853258,1.5841949580414962,0.005379856407121027
no_incident_control,21,column_shuffled,0.35793944462108085,0.6606302466981038,0.8904236194570173,0,0.900279422015173,1.3115298529666095,1.5587567668510016,-0.0018701765034346701
no_incident_control,21,incident_stratified,0.35793944462108085,0.6606302466981038,0.8904236194570173,0,0.900279422015173,1.3115298529666095,1.5587567668510016,-0.0018701765034346701
no_incident_control,22,row_preserved,0.35788413625855464,0.6454284504019301,0.8610102784650171,0,0.9033014079000712,1.3048682683593738,1.5407994321989211,-0.0010258084295820698
no_incident_control,22,column_shuffled,0.3583631283196748,0.6449022394377636,0.8607255218296448,0,0.9019794004950732,1.3080018614367286,1.547128592519993,-0.001682544713172962
no_incident_control,22,incident_stratified,0.3583631283196748,0.6449022394377636,0.8607255218296448,0,0.9019794004950732,1.3080018614367286,1.547128592519993,-0.001682544713172962
no_incident_control,23,row_preserved,0.3537234802752629,0.652983665497636,0.8668138076791468,0,0.8968870210525843,1.3074411597503954,1.5265948476905997,-0.007928912103106837
no_incident_control,23,column_shuffled,0.3556271811376818,0.6531817480574148,0.8668138076791468,0,0.9001581736217041,1.3009657768726202,1.5240524297854252,-0.007009552320262343
no_incident_control,23,incident_stratified,0.3556271811376818,0.6531817480574148,0.8668138076791468,0,0.9001581736217041,1.3009657768726202,1.5240524297854252,-0.007009552320262343
no_incident_control,24,row_preserved,0.35360429397343485,0.6644947166527575,0.8730780622142374,0,0.8891712092225514,1.3070430851575932,1.5738865884794913,-0.00017524258444145754
no_incident_control,24,column_shuffled,0.35241219499125487,0.6659332670910508,0.8730780622142374,0,0.8912036468351426,1.3042068269594354,1.523696767269304,-0.001068024331486988
no_incident_control,24,incident_stratified,0.35241219499125487,0.6659332670910508,0.8730780622142374,0,0.8912036468351426,1.3042068269594354,1.523696767269304,-0.001068024331486988
no_incident_control,25,row_preserved,0.35280720270030363,0.667826335390258,0.9253337156765655,0,0.8925304079929907,1.32816326846801,1.5758638776801857,0.005832650741928681
no_incident_control,25,column_shuffled,0.3539816171631208,0.6691952335700427,0.9264735158776765,0,0.8943242906174751,1.3175249019639992,1.5543088656078368,-0.0030765082858312796
no_incident_control,25,incident_stratified,0.3539816171631208,0.6691952335700427,0.9264735158776765,0,0.8943242906174751,1.3175249019639992,1.5543088656078368,-0.0030765082858312796
no_incident_control,26,row_preserved,0.3534844703470917,0.6673937866134207,0.8602817917104155,0,0.8918124924667791,1.3131635372317085,1.5607307037245537,0.011204053991236945
no_incident_control,26,column_shuffled,0.35275044591141735,0.6659772548075993,0.8602817917104155,0,0.8944733815348692,1.312474898160183,1.531380006579004,-0.0013899972528376443
no_incident_control,26,incident_stratified,0.35275044591141735,0.6659772548075993,0.8602817917104155,0,0.8944733815348692,1.312474898160183,1.531380006579004,-0.0013899972528376443
no_incident_control,27,row_preserved,0.3540613839982224,0.664894619019899,0.8995027054556676,0.0002,0.8943751807873594,1.3137794972776717,1.569217044347098,-0.006131976441927057
no_incident_control,27,column_shuffled,0.3540978566685359,0.6653708988015831,0.8995027054556676,0.0002,0.8955740554893088,1.313630216556224,1.5561186764812525,0.00004926749920478353
no_incident_control,27,incident_stratified,0.3540978566685359,0.6653708988015831,0.8995027054556676,0.0002,0.8955740554893088,1.313630216556224,1.5561186764812525,0.00004926749920478353
no_incident_control,28,row_preserved,0.35898934070502375,0.6689590385258055,0.8750427731354565,0.0004,0.9005553196545097,1.3199509240369394,1.5595124215761602,-0.0012178440908493843
no_incident_control,28,column_shuffled,0.35921455076666625,0.6688051516409249,0.8750427731354565,0.0004,0.8989678122212477,1.3275060481526402,1.5690030134168826,0.002205715325784003
no_incident_control,28,incident_stratified,0.35921455076666625,0.6688051516409249,0.8750427731354565,0.0004,0.8989678122212477,1.3275060481526402,1.5690030134168826,0.002205715325784003
no_incident_control,29,row_preserved,0.3529812345944167,0.6535818191869329,0.8821516366618183,0.0006,0.8933581172865224,1.304973872113714,1.5481772069817046,-0.006248494247291293
no_incident_control,29,column_shuffled,0.35401842690009044,0.6525552610119125,0.8821516366618183,0.0006,0.8957248014855982,1.2987535809916835,1.5403817817994092,-0.006059935880962849
no_incident_control,29,incident_stratified,0.35401842690009044,0.6525552610119125,0.8821516366618183,0.0006,0.8957248014855982,1.2987535809916835,1.5403817817994092,-0.006059935880962849
no_incident_control,30,row_preserved,0.35122469795082795,0.6629533006480779,0.8824154372172779,0.0004,0.8957789210392391,1.3164461225201336,1.55589976851538,0.008254380665514734
no_incident_control,30,column_shuffled,0.35424050865593704,0.6641157347889024,0.8824154372172779,0.0004,0.8935714660178985,1.311365647923248,1.5458648824914136,-0.003982389205939982
no_incident_control,30,incident_stratified,0.35424050865593704,0.6641157347889024,0.8824154372172779,0.0004,0.8935714660178985,1.311365647923248,1.5458648824914136,-0.003982389205939982
no_incident_control,31,row_preserved,0.3533093080502169,0.657970706881033,0.8848980169719238,0.0002,0.8949986186202897,1.3122557650460904,1.5911471605070866,0.0015797767660761677
no_incident_control,31,column_shuffled,0.35404621605526887,0.657970706881033,0.8848980169719238,0.0002,0.8986417640346309,1.300141395798649,1.578272173826082,-0.014980926123553754
no_incident_control,31,incident_stratified,0.35404621605526887,0.657970706881033,0.8848980169719238,0.0002,0.8986417640346309,1.300141395798649,1.578272173826082,-0.014980926123553754
no_incident_control,32,row_preserved,0.3556893561543477,0.6552715638075629,0.8600722371892183,0,0.8951839372356718,1.3096797481044178,1.5782568563178534,-0.005840531815111971
no_incident_control,32,column_shuffled,0.35812038488875253,0.655390067717613,0.8600722371892183,0,0.8985218665634114,1.3031286629114245,1.5670145932964088,-0.0024935071142628607
no_incident_control,32,incident_stratified,0.35812038488875253,0.655390067717613,0.8600722371892183,0,0.8985218665634114,1.3031286629114245,1.5670145932964088,-0.0024935071142628607
no_incident_control,33,row_preserved,0.35806025138771735,0.6555526900556625,0.8526867164680039,0.0004,0.9001321687055397,1.3042017882218244,1.5548635326017604,-0.004388145201133104
no_incident_control,33,column_shuffled,0.35844068541133195,0.6561530711836536,0.8526867164680039,0.0004,0.9024234781727763,1.3116433345441756,1.5721008813464787,0.0025082252675806315
no_incident_control,33,incident_stratified,0.35844068541133195,0.6561530711836536,0.8526867164680039,0.0004,0.9024234781727763,1.3116433345441756,1.5721008813464787,0.0025082252675806315
no_incident_control,34,row_preserved,0.3550227474947888,0.651632304174249,0.8595536909604673,0,0.8944470638674218,1.301816216302345,1.580503804056923,0.010029802044607475
no_incident_control,34,column_shuffled,0.3554638548051608,0.651632304174249,0.8595536909604673,0,0.8956384100419236,1.3004174370106758,1.5220212809860636,-0.009867745684935257
no_incident_control,34,incident_stratified,0.3554638548051608,0.651632304174249,0.8595536909604673,0,0.8956384100419236,1.3004174370106758,1.5220212809860636,-0.009867745684935257
no_incident_control,35,row_preserved,0.3586338041191475,0.6667780291466228,0.8696107117751718,0,0.9033746429873201,1.323840049175356,1.55870490410625,0.002120733521665343
no_incident_control,35,column_shuffled,0.3572449523471444,0.6667780291466228,0.8696107117751718,0,0.9019436493959125,1.3239900032289271,1.5636815860209736,-0.005622361325376781
no_incident_control,35,incident_stratified,0.3572449523471444,0.6667780291466228,0.8696107117751718,0,0.9019436493959125,1.3239900032289271,1.5636815860209736,-0.005622361325376781
no_incident_control,36,row_preserved,0.3552060367860301,0.6604396249521695,0.8855001340398723,0,0.8955386554841356,1.3004817829158757,1.549728408178284,-0.009022006926930155
no_incident_control,36,column_shuffled,0.3529261137349464,0.660591974477231,0.8855001340398723,0,0.8963644464446057,1.3249417369253074,1.5532821328769586,0.004203698881619294
no_incident_control,36,incident_stratified,0.3529261137349464,0.660591974477231,0.8855001340398723,0,0.8963644464446057,1.3249417369253074,1.5532821328769586,0.004203698881619294
no_incident_control,37,row_preserved,0.3518559842941674,0.649519661672942,0.8931085231313677,0.0004,0.8946934857255069,1.311163943173041,1.5521570636653244,-0.0005145204728841899
no_incident_control,37,column_shuffled,0.35219080877410397,0.649519661672942,0.8931085231313677,0.0004,0.8907193422797034,1.2990280407952173,1.542179871434116,0.007621997795292185
no_incident_control,37,incident_stratified,0.35219080877410397,0.649519661672942,0.8931085231313677,0.0004,0.8907193422797034,1.2990280407952173,1.542179871434116,0.007621997795292185
no_incident_control,38,row_preserved,0.3537844592383371,0.6764567773416201,0.9046555931089181,0.0002,0.8914037553084098,1.3260700752256942,1.5705312991039966,0.000027561817737023226
no_incident_control,38,column_shuffled,0.35395594238328154,0.6764567773416201,0.9046555931089181,0.0002,0.8909813288460413,1.3166256783652852,1.6084306377298945,0.006674850429248332
no_incident_control,38,incident_stratified,0.35395594238328154,0.6764567773416201,0.9046555931089181,0.0002,0.8909813288460413,1.3166256783652852,1.6084306377298945,0.006674850429248332
no_incident_control,39,row_preserved,0.35933020271043725,0.6613670396059698,0.8803866179263022,0,0.8972235208444772,1.3224380464242946,1.5628034091960963,0.004189536641161323
no_incident_control,39,column_shuffled,0.3581961343017348,0.6613670396059698,0.8803866179263022,0,0.8956869377951402,1.3113755423651856,1.563893481927436,0.0021593635580932366
no_incident_control,39,incident_stratified,0.3581961343017348,0.6613670396059698,0.8803866179263022,0,0.8956869377951402,1.3113755423651856,1.563893481927436,0.0021593635580932366
no_incident_control,40,row_preserved,0.3570376573704148,0.6739225077562798,0.9002735832731847,0.0004,0.9006142303427933,1.3127620312230222,1.5523804128706917,-0.0054575153324997365
no_incident_control,40,column_shuffled,0.35431330866873534,0.6739225077562798,0.9002735832731847,0.0004,0.8931855118466192,1.322788628515751,1.5772177440041988,0.00036363884322597315
no_incident_control,40,incident_stratified,0.35431330866873534,0.6739225077562798,0.9002735832731847,0.0004,0.8931855118466192,1.322788628515751,1.5772177440041988,0.00036363884322597315
no_incident_control,41,row_preserved,0.35502645558409907,0.6572373682839353,0.8719443743784144,0.0004,0.8964448414627877,1.3129910752193625,1.561520247462294,0.006444448548992068
no_incident_control,41,column_shuffled,0.3557396980474159,0.6571415552436923,0.8719443743784144,0.0004,0.8960472863322886,1.310470695910352,1.5774480493803955,-0.00046844596673345187
no_incident_control,41,incident_stratified,0.3557396980474159,0.6571415552436923,0.8719443743784144,0.0004,0.8960472863322886,1.310470695910352,1.5774480493803955,-0.00046844596673345187
no_incident_control,42,row_preserved,0.3542295892921653,0.6552650060948778,0.8699174587873792,0,0.8940098576451306,1.306683576105634,1.5337686577346306,-0.002610225219781853
no_incident_control,42,column_shuffled,0.3540384424620273,0.6533033462345895,0.8699174587873792,0,0.894608684770055,1.310545767482859,1.5566577875696321,0.003951839703845112
no_incident_control,42,incident_stratified,0.3540384424620273,0.6533033462345895,0.8699174587873792,0,0.894608684770055,1.310545767482859,1.5566577875696321,0.003951839703845112
no_incident_control,43,row_preserved,0.35575112239945705,0.6529274175067308,0.8656197365177374,0,0.8902507962327519,1.3157558313629019,1.55704827072032,0.0016507285517713055
no_incident_control,43,column_shuffled,0.35506519395902814,0.6528478199516856,0.8656197365177374,0,0.8960219603733919,1.3023868415239106,1.5334068748921243,0.005530430997597283
no_incident_control,43,incident_stratified,0.35506519395902814,0.6528478199516856,0.8656197365177374,0,0.8960219603733919,1.3023868415239106,1.5334068748921243,0.005530430997597283
no_incident_control,44,row_preserved,0.3587349614588818,0.6577444858847838,0.8898745686175389,0.0004,0.8961490560805816,1.3201095338348325,1.5674991380538112,-0.0034318652285798465
no_incident_control,44,column_shuffled,0.357485316387105,0.6577444858847838,0.8898745686175389,0.0004,0.8976019509418616,1.3123605986961948,1.54146677962105,0.0011242839814094307
no_incident_control,44,incident_stratified,0.357485316387105,0.6577444858847838,0.8898745686175389,0.0004,0.8976019509418616,1.3123605986961948,1.54146677962105,0.0011242839814094307
no_incident_control,45,row_preserved,0.3548683023349156,0.6596180515923264,0.9213565891124085,0.0004,0.8963667052733891,1.3111408702858676,1.5641556795021572,-0.004833282674599196
no_incident_control,45,column_shuffled,0.35607579560322167,0.6596180515923264,0.9213565891124085,0.0004,0.8974095767455781,1.3055540636197285,1.6020689536274193,0.0058300157160011586
no_incident_control,45,incident_stratified,0.35607579560322167,0.6596180515923264,0.9213565891124085,0.0004,0.8974095767455781,1.3055540636197285,1.6020689536274193,0.0058300157160011586
no_incident_control,46,row_preserved,0.3517217951607722,0.6455633957839271,0.8889138140422616,0.0002,0.888759286512107,1.2946483463099958,1.5532178594865171,0.0012109478655563937
no_incident_control,46,column_shuffled,0.35172325311448116,0.6455633957839271,0.8889138140422616,0.0002,0.8897345186000993,1.2965016883537857,1.5404959434624494,0.0036207779409863222
no_incident_control,46,incident_stratified,0.35172325311448116,0.6455633957839271,0.8889138140422616,0.0002,0.8897345186000993,1.2965016883537857,1.5404959434624494,0.0036207779409863222
no_incident_control,47,row_preserved,0.35666956345258416,0.6558820458284451,0.8968798604514492,0.0008,0.898294110891934,1.30848976940648,1.5284343975821595,-0.01392789390254836
no_incident_control,47,column_shuffled,0.35666956345258416,0.6554625936236269,0.8968798604514492,0.0008,0.8960678508249268,1.3067652185254877,1.5349629869103218,-0.01619696689001048
no_incident_control,47,incident_stratified,0.35666956345258416,0.6554625936236269,0.8968798604514492,0.0008,0.8960678508249268,1.3067652185254877,1.5349629869103218,-0.01619696689001048
no_incident_control,48,row_preserved,0.3584459883635037,0.6604726713895988,0.8873830856484711,0,0.9009187303713,1.319274045319181,1.574508806989407,0.004917052522600819
no_incident_control,48,column_shuffled,0.3583839093593154,0.6600345201820239,0.8873830856484711,0,0.9003325229132932,1.3133791698245458,1.5795074212822011,0.0013647922125010214
no_incident_control,48,incident_stratified,0.3583839093593154,0.6600345201820239,0.8873830856484711,0,0.9003325229132932,1.3133791698245458,1.5795074212822011,0.0013647922125010214
no_incident_control,49,row_preserved,0.3591684520655912,0.666092539386753,0.9006444123227948,0,0.9020028065434741,1.3139439107176938,1.5767337190612305,-0.009192779609807864
no_incident_control,49,column_shuffled,0.3541651710102576,0.665575280971586,0.9006444123227948,0,0.8977781751375233,1.3166348548204327,1.5861307954289594,0.0020064556595587924
no_incident_control,49,incident_stratified,0.3541651710102576,0.665575280971586,0.9006444123227948,0,0.8977781751375233,1.3166348548204327,1.5861307954289594,0.0020064556595587924
no_incident_control,50,row_preserved,0.3565538548889414,0.677018541456758,0.9050130398688216,0.0002,0.8989748342446175,1.3186584262325987,1.5467101203449636,0.0070837268550250415
no_incident_control,50,column_shuffled,0.3569734031368519,0.677018541456758,0.9050130398688216,0.0002,0.8994463993466326,1.3161937935166426,1.55926277209738,-0.00743990429638846
no_incident_control,50,incident_stratified,0.3569734031368519,0.677018541456758,0.9050130398688216,0.0002,0.8994463993466326,1.3161937935166426,1.55926277209738,-0.00743990429638846
no_incident_control,51,row_preserved,0.35554921428688724,0.6711524719219957,0.8978187238924388,0.0004,0.8974278637172962,1.3192870045092235,1.5660648511264652,0.0016191751522352752
no_incident_control,51,column_shuffled,0.35510952620788033,0.6683402033250564,0.8978187238924388,0.0004,0.8945809545951448,1.3304152117804295,1.5968038939873592,0.01497357496969143
no_incident_control,51,incident_stratified,0.35510952620788033,0.6683402033250564,0.8978187238924388,0.0004,0.8945809545951448,1.3304152117804295,1.5968038939873592,0.01497357496969143
no_incident_control,52,row_preserved,0.356493831462327,0.6611287222295723,0.8999996681858988,0,0.899040730543564,1.3229112023182794,1.5346751420913058,-0.0009925251716266105
no_incident_control,52,column_shuffled,0.3584244944919328,0.6611287222295723,0.8999996681858988,0,0.9010136798944095,1.3174553764183112,1.5886782166855762,0.0014330729008527438
no_incident_control,52,incident_stratified,0.3584244944919328,0.6611287222295723,0.8999996681858988,0,0.9010136798944095,1.3174553764183112,1.5886782166855762,0.0014330729008527438
no_incident_control,53,row_preserved,0.3562426967611046,0.6658485850633403,0.8838578724150645,0.0004,0.89831516948507,1.3191078151160842,1.5527932803938298,-0.00323658776351274
no_incident_control,53,column_shuffled,0.358216465843564,0.6644852857548152,0.8838578724150645,0.0004,0.9007054324037121,1.304930809898047,1.5715445705339122,0.0008043962855710379
no_incident_control,53,incident_stratified,0.358216465843564,0.6644852857548152,0.8838578724150645,0.0004,0.9007054324037121,1.304930809898047,1.5715445705339122,0.0008043962855710379
no_incident_control,54,row_preserved,0.35434303591272287,0.6491768964828998,0.8652751783575463,0.0002,0.8988255394388681,1.3134989670159753,1.5386977881307284,-0.0006225484831564373
no_incident_control,54,column_shuffled,0.3533026148038007,0.6485423431460708,0.8652751783575463,0.0002,0.8962344068167696,1.3006987271701493,1.5508722388789022,-0.003474154232867633
no_incident_control,54,incident_stratified,0.3533026148038007,0.6485423431460708,0.8652751783575463,0.0002,0.8962344068167696,1.3006987271701493,1.5508722388789022,-0.003474154232867633
no_incident_control,55,row_preserved,0.3545776243147544,0.6551609275921059,0.8836700480728117,0,0.8943327752633985,1.3142028095530907,1.536562786213347,-0.0016235540898412884
no_incident_control,55,column_shuffled,0.3556764482063387,0.6544076429191918,0.8836700480728117,0,0.8944508566315523,1.3076814088632118,1.5655243255598057,0.006128238403483639
no_incident_control,55,incident_stratified,0.3556764482063387,0.6544076429191918,0.8836700480728117,0,0.8944508566315523,1.3076814088632118,1.5655243255598057,0.006128238403483639
no_incident_control,56,row_preserved,0.35356537524331444,0.6544702030433577,0.8835119066798294,0.0002,0.893861086628663,1.3179452499822235,1.5451084555018424,0.008789790653371078
no_incident_control,56,column_shuffled,0.3553037353936702,0.6532298833051989,0.8835119066798294,0.0002,0.8943784997698985,1.3101895065520681,1.5265265518859314,-0.006731921629219463
no_incident_control,56,incident_stratified,0.3553037353936702,0.6532298833051989,0.8835119066798294,0.0002,0.8943784997698985,1.3101895065520681,1.5265265518859314,-0.006731921629219463
no_incident_control,57,row_preserved,0.3573868004865632,0.6665747303742018,0.8918227404055846,0,0.8947854857424711,1.3040832761519878,1.5606334772864767,-0.005803110504194857
no_incident_control,57,column_shuffled,0.3562213745304058,0.6665747303742018,0.8903410211900024,0,0.8907654001714684,1.3127390357740532,1.5572548323170285,0.0070126949570296195
no_incident_control,57,incident_stratified,0.3562213745304058,0.6665747303742018,0.8903410211900024,0,0.8907654001714684,1.3127390357740532,1.5572548323170285,0.0070126949570296195
no_incident_control,58,row_preserved,0.3542029613940404,0.6656208102742593,0.8682780430649822,0.0002,0.8922900428466778,1.3185427568730064,1.5615733573905732,-0.007721343679080301
no_incident_control,58,column_shuffled,0.3564515136182284,0.6656208102742593,0.8682780430649822,0.0002,0.8963059202001604,1.3027727847707815,1.5029126374964952,-0.0036250043650470688
no_incident_control,58,incident_stratified,0.3564515136182284,0.6656208102742593,0.8682780430649822,0.0002,0.8963059202001604,1.3027727847707815,1.5029126374964952,-0.0036250043650470688
no_incident_control,59,row_preserved,0.3607008445573858,0.6711988058004972,0.8891890110840329,0.0002,0.9047091453442774,1.3323142880639265,1.5759169069230883,0.0012317999260836002
no_incident_control,59,column_shuffled,0.36101669512620316,0.66965129273648,0.8891890110840329,0.0002,0.9058134237861928,1.3243273011266505,1.5780262339658633,0.0025985695613932724
no_incident_control,59,incident_stratified,0.36101669512620316,0.66965129273648,0.8891890110840329,0.0002,0.9058134237861928,1.3243273011266505,1.5780262339658633,0.0025985695613932724
no_incident_control,60,row_preserved,0.35731253298774934,0.6568686755578765,0.8598344069276009,0.0004,0.8965006386807853,1.311556792182048,1.556110141089066,0.0016943546268920742
no_incident_control,60,column_shuffled,0.35777840738838196,0.6559256802773994,0.8598344069276009,0.0004,0.8963339877235225,1.3120148155451155,1.5382922736851343,-0.0012458841995874209
no_incident_control,60,incident_stratified,0.35777840738838196,0.6559256802773994,0.8598344069276009,0.0004,0.8963339877235225,1.3120148155451155,1.5382922736851343,-0.0012458841995874209
no_incident_control,61,row_preserved,0.357440378941857,0.6680677360666591,0.9147601335426973,0.0002,0.8984359245760534,1.3255213153867014,1.5620402337885644,-0.002119441419660896
no_incident_control,61,column_shuffled,0.3577985265311263,0.6680677360666591,0.9147601335426973,0.0002,0.9016832663597144,1.32104129611323,1.5698541265506254,0.004535331938774934
no_incident_control,61,incident_stratified,0.3577985265311263,0.6680677360666591,0.9147601335426973,0.0002,0.9016832663597144,1.32104129611323,1.5698541265506254,0.004535331938774934
no_incident_control,62,row_preserved,0.35517820693268376,0.6588276065305098,0.8741259912658784,0.0004,0.8905098316970155,1.3151677601016658,1.5431376043262983,0.0006289593935447976
no_incident_control,62,column_shuffled,0.3530683929417441,0.6569223641492139,0.8741259912658784,0.0004,0.8884324221564768,1.3052851109178314,1.5535724776904374,0.009544051235825048
no_incident_control,62,incident_stratified,0.3530683929417441,0.6569223641492139,0.8741259912658784,0.0004,0.8884324221564768,1.3052851109178314,1.5535724776904374,0.009544051235825048
no_incident_control,63,row_preserved,0.35730083040554483,0.6493379558813142,0.8846678620043609,0,0.9010477606182274,1.3189360253638265,1.55612449554115,0.01150954738441178
no_incident_control,63,column_shuffled,0.35708720819669093,0.649222582492873,0.8846678620043609,0,0.8977126166871165,1.306783403930793,1.5616949841518224,-0.0002059265543417329
no_incident_control,63,incident_stratified,0.35708720819669093,0.649222582492873,0.8846678620043609,0,0.8977126166871165,1.306783403930793,1.5616949841518224,-0.0002059265543417329
no_incident_control,64,row_preserved,0.35562890523643104,0.6534870145312208,0.8913415200804906,0.0004,0.8984502670194539,1.3195717493608523,1.581976268715096,0.004911793924760749
no_incident_control,64,column_shuffled,0.35489421869256155,0.6542171902027839,0.8913415200804906,0.0004,0.8943237706745517,1.315173118952954,1.5624489628577445,0.012936825198295457
no_incident_control,64,incident_stratified,0.35489421869256155,0.6542171902027839,0.8913415200804906,0.0004,0.8943237706745517,1.315173118952954,1.5624489628577445,0.012936825198295457
no_incident_control,65,row_preserved,0.35532942526524225,0.6608154267414346,0.8908227964490354,0.0004,0.8986235185545786,1.30172368028492,1.5581373895398396,-0.007390050105747889
no_incident_control,65,column_shuffled,0.35651411480322676,0.6600118117155662,0.8908227964490354,0.0004,0.8957596688241294,1.3154599436371444,1.5442771785144387,-0.005436251227768674
no_incident_control,65,incident_stratified,0.35651411480322676,0.6600118117155662,0.8908227964490354,0.0004,0.8957596688241294,1.3154599436371444,1.5442771785144387,-0.005436251227768674
no_incident_control,66,row_preserved,0.35598928969680077,0.665130075044832,0.8789350115868129,0,0.8961814633895044,1.3130433524836223,1.5340597798348239,0.005218568422564959
no_incident_control,66,column_shuffled,0.3549968287042541,0.665130075044832,0.8789350115868129,0,0.8961298250071221,1.309792048301699,1.563419397355759,0.0020894472178624754
no_incident_control,66,incident_stratified,0.3549968287042541,0.665130075044832,0.8789350115868129,0,0.8961298250071221,1.309792048301699,1.563419397355759,0.0020894472178624754
no_incident_control,67,row_preserved,0.3580609145380125,0.6590134495817732,0.8865751754035816,0.0004,0.8946264744398769,1.3034361988078138,1.5426615327834179,-0.0013251591681074555
no_incident_control,67,column_shuffled,0.3567597162428744,0.6572137854781503,0.8865751754035816,0.0004,0.8953557200858122,1.3027866568349495,1.556012135541995,-0.0013798665263939289
no_incident_control,67,incident_stratified,0.3567597162428744,0.6572137854781503,0.8865751754035816,0.0004,0.8953557200858122,1.3027866568349495,1.556012135541995,-0.0013798665263939289
no_incident_control,68,row_preserved,0.3558798781910214,0.6538502486244451,0.8703364295907966,0.0002,0.8998422465016427,1.3142912234830515,1.5522596304872094,0.0016083620874625803
no_incident_control,68,column_shuffled,0.3572251628881372,0.6538705565696232,0.8703364295907966,0.0002,0.8993203141434233,1.3089340409559993,1.559128343049855,-0.0009502814120653326
no_incident_control,68,incident_stratified,0.3572251628881372,0.6538705565696232,0.8703364295907966,0.0002,0.8993203141434233,1.3089340409559993,1.559128343049855,-0.0009502814120653326
no_incident_control,69,row_preserved,0.35679318368482527,0.6698759434189486,0.8842583521744019,0,0.9006468203739313,1.317675469105613,1.5709272122243536,0.0016627532762035883
no_incident_control,69,column_shuffled,0.3560403190607856,0.6676198080354394,0.8842583521744019,0,0.8993862383954133,1.3127084950525236,1.559260001584056,0.007205679967008882
no_incident_control,69,incident_stratified,0.3560403190607856,0.6676198080354394,0.8842583521744019,0,0.8993862383954133,1.3127084950525236,1.559260001584056,0.007205679967008882
no_incident_control,70,row_preserved,0.3521490947805067,0.6684395009826976,0.8817230441948611,0,0.8902711378365236,1.3103242243162527,1.590449092669933,0.004845274698376427
no_incident_control,70,column_shuffled,0.3534097884035938,0.6698671281443246,0.8817230441948611,0,0.8946307726050005,1.3221634758133456,1.5631457231812225,0.010954779819453295
no_incident_control,70,incident_stratified,0.3534097884035938,0.6698671281443246,0.8817230441948611,0,0.8946307726050005,1.3221634758133456,1.5631457231812225,0.010954779819453295
no_incident_control,71,row_preserved,0.3573933759518264,0.6828064126330966,0.8859146700627254,0.0004,0.9024580292165764,1.3312727569780678,1.5876487611162184,0.003939105956561044
no_incident_control,71,column_shuffled,0.356125478780813,0.6823139538955397,0.8859146700627254,0.0004,0.8981522734866111,1.3407930308362732,1.551120340437648,0.01542323845221022
no_incident_control,71,incident_stratified,0.356125478780813,0.6823139538955397,0.8859146700627254,0.0004,0.8981522734866111,1.3407930308362732,1.551120340437648,0.01542323845221022
no_incident_control,72,row_preserved,0.3584900466576495,0.657815020915711,0.8942294169999545,0.0004,0.8975721622874248,1.3091930963571456,1.5646102215443634,-0.0014670941689803076
no_incident_control,72,column_shuffled,0.35751632863182375,0.6568650175321191,0.8942294169999545,0.0004,0.9035800151814738,1.3086612538144982,1.581704803661062,0.0060882513053341055
no_incident_control,72,incident_stratified,0.35751632863182375,0.6568650175321191,0.8942294169999545,0.0004,0.9035800151814738,1.3086612538144982,1.581704803661062,0.0060882513053341055
no_incident_control,73,row_preserved,0.3508191720102571,0.6521535072901906,0.8759561204391534,0,0.8918950082645363,1.3007701028020264,1.5485521074806805,-0.001254928832679774
no_incident_control,73,column_shuffled,0.35205427966634206,0.6521535072901906,0.8759561204391534,0,0.8925364183690778,1.2866605397919137,1.5296009016748937,-0.011873008752360957
no_incident_control,73,incident_stratified,0.35205427966634206,0.6521535072901906,0.8759561204391534,0,0.8925364183690778,1.2866605397919137,1.5296009016748937,-0.011873008752360957
no_incident_control,74,row_preserved,0.3581284406089934,0.6783245760626158,0.9165055502387679,0,0.9023325673472954,1.3252145167735212,1.6038126226406355,0.004662409219955749
no_incident_control,74,column_shuffled,0.35815623551640724,0.6783245760626158,0.9165055502387679,0,0.9028552435664643,1.3288450461180195,1.5757039211107309,-0.0003814748827699929
no_incident_control,74,incident_stratified,0.35815623551640724,0.6783245760626158,0.9165055502387679,0,0.9028552435664643,1.3288450461180195,1.5757039211107309,-0.0003814748827699929
no_incident_control,75,row_preserved,0.3563623127502237,0.6562088209676777,0.8726099420328703,0.0002,0.9008518266666934,1.3177626432320202,1.5770150958301128,0.0045540937089513945
no_incident_control,75,column_shuffled,0.3581491977778436,0.655361542222769,0.8726099420328703,0.0002,0.9006774661877355,1.3166578327466292,1.5614234990543978,-0.004968644617856612
no_incident_control,75,incident_stratified,0.3581491977778436,0.655361542222769,0.8726099420328703,0.0002,0.9006774661877355,1.3166578327466292,1.5614234990543978,-0.004968644617856612
no_incident_control,76,row_preserved,0.35846752005311666,0.6717815027335429,0.9331663355975162,0,0.9009306491465846,1.3238892963864837,1.6161931662787958,0.00007279115257386529
no_incident_control,76,column_shuffled,0.3588140897624393,0.6719260660899832,0.9331663355975162,0,0.8996135669965916,1.3176517405242574,1.6235584581672349,-0.009501642476936651
no_incident_control,76,incident_stratified,0.3588140897624393,0.6719260660899832,0.9331663355975162,0,0.8996135669965916,1.3176517405242574,1.6235584581672349,-0.009501642476936651
no_incident_control,77,row_preserved,0.356489916432845,0.6827401808873603,0.9148821135531151,0.0004,0.8962091863556412,1.3242477703436446,1.579600153928102,-0.0023746136505128114
no_incident_control,77,column_shuffled,0.3571598385809027,0.6829043782316442,0.9209794028688667,0.0004,0.8947449148176007,1.3254695324700465,1.5811154277285433,-0.007927412014019976
no_incident_control,77,incident_stratified,0.3571598385809027,0.6829043782316442,0.9209794028688667,0.0004,0.8947449148176007,1.3254695324700465,1.5811154277285433,-0.007927412014019976
no_incident_control,78,row_preserved,0.3578968256382018,0.6669232854769768,0.8906636042942523,0.0002,0.8977942354415156,1.3039101263671695,1.5421174332836236,-0.0013919113936801631
no_incident_control,78,column_shuffled,0.3569326855528669,0.6674112711113187,0.8906636042942523,0.0002,0.8938424976773894,1.3065120915557902,1.5471723923995973,-0.007182293491572755
no_incident_control,78,incident_stratified,0.3569326855528669,0.6674112711113187,0.8906636042942523,0.0002,0.8938424976773894,1.3065120915557902,1.5471723923995973,-0.007182293491572755
no_incident_control,79,row_preserved,0.35602668024769035,0.6586960828694316,0.9029436431198756,0,0.8990044277576025,1.3285926439091784,1.5832179017670076,0.007870035571682641
no_incident_control,79,column_shuffled,0.3580462711142782,0.6588477673111668,0.9029436431198756,0,0.904121656663469,1.3144329989487409,1.576770099094038,0.0020448515244864134
no_incident_control,79,incident_stratified,0.3580462711142782,0.6588477673111668,0.9029436431198756,0,0.904121656663469,1.3144329989487409,1.576770099094038,0.0020448515244864134
no_incident_control,80,row_preserved,0.3546520412229127,0.665109192928274,0.8788539831483206,0,0.8966953193006209,1.3134072672585992,1.571245407530931,-0.0044015385986930725
no_incident_control,80,column_shuffled,0.35419533393417824,0.665109192928274,0.8761921656798202,0,0.894625929151172,1.318519208367168,1.5693927431078318,0.01348451904355457
no_incident_control,80,incident_stratified,0.35419533393417824,0.665109192928274,0.8761921656798202,0,0.894625929151172,1.318519208367168,1.5693927431078318,0.01348451904355457
no_incident_control,81,row_preserved,0.3589544483162661,0.6652638001365612,0.8752696210118043,0,0.8952267899021918,1.315735677344457,1.5553173533039708,0.005109507409879764
no_incident_control,81,column_shuffled,0.361830381916103,0.6652638001365612,0.8752696210118043,0,0.898422791538387,1.3108448127527015,1.5267297433178753,-0.01102911940782271
no_incident_control,81,incident_stratified,0.361830381916103,0.6652638001365612,0.8752696210118043,0,0.898422791538387,1.3108448127527015,1.5267297433178753,-0.01102911940782271
no_incident_control,82,row_preserved,0.357664284480982,0.6653029900367821,0.9116814123728452,0.0002,0.8992524509095869,1.3098657404353,1.5412014102750937,-0.004731823179068585
no_incident_control,82,column_shuffled,0.35688002657447027,0.6653029900367821,0.9116814123728452,0.0002,0.8946063500645194,1.3151439396584985,1.5705301867787431,-0.007024592118546756
no_incident_control,82,incident_stratified,0.35688002657447027,0.6653029900367821,0.9116814123728452,0.0002,0.8946063500645194,1.3151439396584985,1.5705301867787431,-0.007024592118546756
no_incident_control,83,row_preserved,0.35839153635826526,0.657931468568023,0.8481107826936969,0.0004,0.901981607351612,1.3069470316016232,1.5378330638175997,-0.003362348246381801
no_incident_control,83,column_shuffled,0.3587263565328562,0.6570426878667748,0.8481107826936969,0.0004,0.8986813243311671,1.302127232281033,1.5466684548770093,-0.0007195376964573124
no_incident_control,83,incident_stratified,0.3587263565328562,0.6570426878667748,0.8481107826936969,0.0004,0.8986813243311671,1.302127232281033,1.5466684548770093,-0.0007195376964573124
no_incident_control,84,row_preserved,0.3532985569785292,0.6744599087631371,0.8984797205939693,0.0004,0.8965202762344358,1.316110084115541,1.596256994105117,0.0011014035049860028
no_incident_control,84,column_shuffled,0.3522283220539825,0.6744599087631371,0.8984797205939693,0.0004,0.8925004909814898,1.3263507449520426,1.5624395924459897,-0.004683936236135584
no_incident_control,84,incident_stratified,0.3522283220539825,0.6744599087631371,0.8984797205939693,0.0004,0.8925004909814898,1.3263507449520426,1.5624395924459897,-0.004683936236135584
no_incident_control,85,row_preserved,0.35662287289115585,0.6514968059782942,0.8621497571217238,0.0004,0.8979799590154354,1.2975390362536707,1.5279519037434894,-0.0017374354680948553
no_incident_control,85,column_shuffled,0.35597125136114094,0.6514968059782942,0.8621497571217238,0.0004,0.8893929487389247,1.3030980413909734,1.5523406977963206,0.0023776755814435622
no_incident_control,85,incident_stratified,0.35597125136114094,0.6514968059782942,0.8621497571217238,0.0004,0.8893929487389247,1.3030980413909734,1.5523406977963206,0.0023776755814435622
no_incident_control,86,row_preserved,0.3533859054613257,0.6739449009334179,0.9214138257957695,0.0002,0.8920327491912676,1.3265426844416737,1.585807539564795,0.004754671811403265
no_incident_control,86,column_shuffled,0.3520821274833981,0.6716943312410888,0.9214138257957695,0.0002,0.8936192608435114,1.3369641929798317,1.589576612927241,-0.0005650951300146221
no_incident_control,86,incident_stratified,0.3520821274833981,0.6716943312410888,0.9214138257957695,0.0002,0.8936192608435114,1.3369641929798317,1.589576612927241,-0.0005650951300146221
no_incident_control,87,row_preserved,0.3561226505379532,0.6588652673922419,0.8799296476007291,0.0002,0.8965961636929156,1.3112772721563053,1.568152644930024,-0.003904152710849289
no_incident_control,87,column_shuffled,0.3552036244681731,0.6606035506439877,0.8799296476007291,0.0002,0.8971025022101096,1.3027420707252024,1.5582512006660867,0.0074036700655309
no_incident_control,87,incident_stratified,0.3552036244681731,0.6606035506439877,0.8799296476007291,0.0002,0.8971025022101096,1.3027420707252024,1.5582512006660867,0.0074036700655309
no_incident_control,88,row_preserved,0.35287467219548374,0.6563571894834906,0.8588004328351414,0.0004,0.8938773478565121,1.3046364930252374,1.5745695251469196,0.005546487229508638
no_incident_control,88,column_shuffled,0.3535531391458765,0.6567605232013295,0.8588004328351414,0.0004,0.8911279877769696,1.3019942314271769,1.5371328472089854,-0.009387992737622778
no_incident_control,88,incident_stratified,0.3535531391458765,0.6567605232013295,0.8588004328351414,0.0004,0.8911279877769696,1.3019942314271769,1.5371328472089854,-0.009387992737622778
no_incident_control,89,row_preserved,0.35266043439209865,0.648039450244989,0.8688379384637881,0,0.8938266856441737,1.3100742177280431,1.5043086908779622,0.0014757547373031872
no_incident_control,89,column_shuffled,0.3527129635355013,0.6475833422140164,0.8688379384637881,0,0.8906381483295343,1.3142082812922584,1.540430412525247,-0.00042715894093814204
no_incident_control,89,incident_stratified,0.3527129635355013,0.6475833422140164,0.8688379384637881,0,0.8906381483295343,1.3142082812922584,1.540430412525247,-0.00042715894093814204
no_incident_control,90,row_preserved,0.35690269775347117,0.6679104281690149,0.9048480271331166,0.0002,0.9010824482538159,1.3276246011246275,1.5912463448637153,0.004697233650383528
no_incident_control,90,column_shuffled,0.3587077123218689,0.6683183872919638,0.9048480271331166,0.0002,0.9024162004423627,1.3148673261151753,1.5668613218201832,-0.002548016891010927
no_incident_control,90,incident_stratified,0.3587077123218689,0.6683183872919638,0.9048480271331166,0.0002,0.9024162004423627,1.3148673261151753,1.5668613218201832,-0.002548016891010927
no_incident_control,91,row_preserved,0.35540191996987114,0.656281960460002,0.9019397346450964,0.0002,0.8964820496697435,1.3165423229288442,1.5715325853653903,0.0035248823003724244
no_incident_control,91,column_shuffled,0.35606675008624206,0.6563897956975459,0.9018709037722221,0.0002,0.89530354985798,1.3159821565858798,1.5608769505681395,0.011305024495182532
no_incident_control,91,incident_stratified,0.35606675008624206,0.6563897956975459,0.9018709037722221,0.0002,0.89530354985798,1.3159821565858798,1.5608769505681395,0.011305024495182532
no_incident_control,92,row_preserved,0.3554503220140073,0.6696564633105779,0.8860185395977277,0.0002,0.9000089030930776,1.3172133061217526,1.5518189532763098,-0.008916395168721322
no_incident_control,92,column_shuffled,0.3572926067925998,0.6700664628107885,0.8860185395977277,0.0002,0.8963153429033843,1.3098212321130949,1.530739456952242,-0.005044798185319571
no_incident_control,92,incident_stratified,0.3572926067925998,0.6700664628107885,0.8860185395977277,0.0002,0.8963153429033843,1.3098212321130949,1.530739456952242,-0.005044798185319571
no_incident_control,93,row_preserved,0.3540832326694656,0.6491826305270619,0.865704627180162,0.0002,0.897886839494836,1.3091690189297993,1.5509610909337317,-0.002596507997415081
no_incident_control,93,column_shuffled,0.3546408782272733,0.649088614731643,0.865704627180162,0.0002,0.9028300201812988,1.3026040427352572,1.5395517335480484,-0.003605305403819536
no_incident_control,93,incident_stratified,0.3546408782272733,0.649088614731643,0.865704627180162,0.0002,0.9028300201812988,1.3026040427352572,1.5395517335480484,-0.003605305403819536
no_incident_control,94,row_preserved,0.35621749432167066,0.6747277831217967,0.8816606502849552,0,0.8960213222534769,1.3159907465706535,1.5616949102825413,0.003386930910831433
no_incident_control,94,column_shuffled,0.3551399160387057,0.6753698795768222,0.8816606502849552,0,0.8954135219752178,1.3157978699846002,1.5423088245766032,-0.0020339173673082204
no_incident_control,94,incident_stratified,0.3551399160387057,0.6753698795768222,0.8816606502849552,0,0.8954135219752178,1.3157978699846002,1.5423088245766032,-0.0020339173673082204
no_incident_control,95,row_preserved,0.3591847219929396,0.6664979001341385,0.885908178196747,0,0.8961602303264954,1.3142802094495114,1.5348715351970723,-0.007279633623751781
no_incident_control,95,column_shuffled,0.3575232857764929,0.6664979001341385,0.885908178196747,0,0.8952864092321791,1.3195002967139644,1.573453905587778,0.0027162711012207364
no_incident_control,95,incident_stratified,0.3575232857764929,0.6664979001341385,0.885908178196747,0,0.8952864092321791,1.3195002967139644,1.573453905587778,0.0027162711012207364
no_incident_control,96,row_preserved,0.35572115720137365,0.6778593830655476,0.894240279304548,0,0.8980425301807673,1.3104314358400364,1.5614082229525363,0.006143459535120732
no_incident_control,96,column_shuffled,0.3538334319822045,0.6778593830655476,0.894240279304548,0,0.897228204609028,1.3193244231291172,1.5669484860984082,0.006376818983227198
no_incident_control,96,incident_stratified,0.3538334319822045,0.6778593830655476,0.894240279304548,0,0.897228204609028,1.3193244231291172,1.5669484860984082,0.006376818983227198
no_incident_control,97,row_preserved,0.3557193689205949,0.6728935477423073,0.9166338619440918,0.0002,0.8975623357833783,1.3198401845916372,1.565884836038689,-0.0054490100296989965
no_incident_control,97,column_shuffled,0.3552041502392538,0.6722709800703637,0.9166338619440918,0.0002,0.8996292409606892,1.3266829188202078,1.5816630796589135,0.0007702443105069157
no_incident_control,97,incident_stratified,0.3552041502392538,0.6722709800703637,0.9166338619440918,0.0002,0.8996292409606892,1.3266829188202078,1.5816630796589135,0.0007702443105069157
no_incident_control,98,row_preserved,0.35694878870949576,0.6761131063070884,0.9266450058369164,0,0.9010363726917279,1.3183657542438787,1.5619097188938156,0.002519192527469553
no_incident_control,98,column_shuffled,0.3562137977914658,0.6757537606694519,0.9266450058369164,0,0.8944916671818594,1.3384460230836726,1.56683738720523,0.006634938265098714
no_incident_control,98,incident_stratified,0.3562137977914658,0.6757537606694519,0.9266450058369164,0,0.8944916671818594,1.3384460230836726,1.56683738720523,0.006634938265098714
no_incident_control,99,row_preserved,0.354354965586857,0.6672267747281757,0.8963711248273176,0.0002,0.8963468594689825,1.322636191434012,1.5681654055055643,0.005808557154065873
no_incident_control,99,column_shuffled,0.35667899592833985,0.6672267747281757,0.8963711248273176,0.0002,0.8973583943933139,1.311442101159595,1.5625822681519663,-0.0015081831774057372
no_incident_control,99,incident_stratified,0.35667899592833985,0.6672267747281757,0.8963711248273176,0.0002,0.8973583943933139,1.311442101159595,1.5625822681519663,-0.0015081831774057372
no_incident_control,100,row_preserved,0.3541249733698924,0.670456953005539,0.8697344551628855,0.0002,0.8950882171069594,1.304221557541293,1.5605521118390917,-0.0010650014871351995
no_incident_control,100,column_shuffled,0.3537884617166701,0.67188075449021,0.8697344551628855,0.0002,0.8969143124488494,1.30777278939202,1.5638693884492834,-0.004066342066861267
no_incident_control,100,incident_stratified,0.3537884617166701,0.67188075449021,0.8697344551628855,0.0002,0.8969143124488494,1.30777278939202,1.5638693884492834,-0.004066342066861267
no_incident_control,101,row_preserved,0.35903336485341164,0.6690947685237469,0.896694561904444,0.0002,0.9052068984378752,1.314850849809782,1.5714090139869357,-0.0014455516899218842
no_incident_control,101,column_shuffled,0.35866327051255703,0.6688891531151356,0.896694561904444,0.0002,0.8949368458852202,1.3229190357412615,1.5622186743303388,0.003418897000439539
no_incident_control,101,incident_stratified,0.35866327051255703,0.6688891531151356,0.896694561904444,0.0002,0.8949368458852202,1.3229190357412615,1.5622186743303388,0.003418897000439539
no_incident_control,102,row_preserved,0.3585777442198455,0.6654499916553321,0.88207592569571,0.0004,0.8962188424608529,1.3151239987997696,1.5472254060153516,-0.011698832278149442
no_incident_control,102,column_shuffled,0.3575071239877006,0.6658787335265473,0.88207592569571,0.0004,0.8982678177290022,1.3200858486302178,1.5479252828805885,-0.0015901066587817997
no_incident_control,102,incident_stratified,0.3575071239877006,0.6658787335265473,0.88207592569571,0.0004,0.8982678177290022,1.3200858486302178,1.5479252828805885,-0.0015901066587817997
no_incident_control,103,row_preserved,0.3518809642076961,0.657142282809398,0.8935781349643975,0.0004,0.8926522594045041,1.312531089181427,1.5576394503137778,0.0036300668058756647
no_incident_control,103,column_shuffled,0.353670681715608,0.657142282809398,0.8935781349643975,0.0004,0.893338066344991,1.304470585349505,1.558183043797258,0.0021525975664456846
no_incident_control,103,incident_stratified,0.353670681715608,0.657142282809398,0.8935781349643975,0.0004,0.893338066344991,1.304470585349505,1.558183043797258,0.0021525975664456846
no_incident_control,104,row_preserved,0.3542763999240207,0.6623693210792129,0.8792622455442786,0.0004,0.8979981924603966,1.3216508831030656,1.5632264377999272,0.005172623701529173
no_incident_control,104,column_shuffled,0.356307836241142,0.6632936841229395,0.8792622455442786,0.0004,0.8973678370024882,1.3136241063629155,1.511940292218266,-0.0013693811140088833
no_incident_control,104,incident_stratified,0.356307836241142,0.6632936841229395,0.8792622455442786,0.0004,0.8973678370024882,1.3136241063629155,1.511940292218266,-0.0013693811140088833
no_incident_control,105,row_preserved,0.35775749951930735,0.6643857749259443,0.8873504712775089,0.0002,0.899086861767325,1.3117716748292065,1.579448131449253,0.004667006932494887
no_incident_control,105,column_shuffled,0.35688527957531035,0.6668466452296604,0.8873504712775089,0.0002,0.8983827354378335,1.3065366249244823,1.5755061312669818,-0.001457178427547376
no_incident_control,105,incident_stratified,0.35688527957531035,0.6668466452296604,0.8873504712775089,0.0002,0.8983827354378335,1.3065366249244823,1.5755061312669818,-0.001457178427547376
no_incident_control,106,row_preserved,0.35761770614866795,0.6572920280674253,0.8604065787655915,0.0002,0.90065791423685,1.320301416023987,1.5513739496444767,0.003554692419728531
no_incident_control,106,column_shuffled,0.3597204287101771,0.6596167108694315,0.8604065787655915,0.0002,0.8995244090120409,1.3108212002379331,1.556375389253158,-0.0025216335389351796
no_incident_control,106,incident_stratified,0.3597204287101771,0.6596167108694315,0.8604065787655915,0.0002,0.8995244090120409,1.3108212002379331,1.556375389253158,-0.0025216335389351796
no_incident_control,107,row_preserved,0.35424615365031564,0.6601287468241422,0.8813496096834846,0,0.8950180730315345,1.3094566814295328,1.583810663673192,0.0005722713107628033
no_incident_control,107,column_shuffled,0.3542693696523358,0.6603410926218345,0.8813496096834846,0,0.89292201842722,1.3053637388218027,1.5502542327211661,-0.007976295344154097
no_incident_control,107,incident_stratified,0.3542693696523358,0.6603410926218345,0.8813496096834846,0,0.89292201842722,1.3053637388218027,1.5502542327211661,-0.007976295344154097
no_incident_control,108,row_preserved,0.35544733666088113,0.6609877619665241,0.909337948849707,0.0004,0.8958542997206462,1.3117630327893033,1.5763466133827246,0.0014508188898883529
no_incident_control,108,column_shuffled,0.35451838454149653,0.6609877619665241,0.909337948849707,0.0004,0.8952219891135782,1.306348156755445,1.5528023949828254,-0.0018682277457357712
no_incident_control,108,incident_stratified,0.35451838454149653,0.6609877619665241,0.909337948849707,0.0004,0.8952219891135782,1.306348156755445,1.5528023949828254,-0.0018682277457357712
no_incident_control,109,row_preserved,0.35673367374815634,0.6594215711492506,0.9023892604918923,0.0004,0.8946981409863874,1.3156356891130403,1.5630428574062327,0.006122549620898896
no_incident_control,109,column_shuffled,0.3555643648909411,0.6598957004979201,0.9023892604918923,0.0004,0.8959206883163924,1.309584668977601,1.5616663928850372,-0.0018121898668852065
no_incident_control,109,incident_stratified,0.3555643648909411,0.6598957004979201,0.9023892604918923,0.0004,0.8959206883163924,1.309584668977601,1.5616663928850372,-0.0018121898668852065
no_incident_control,110,row_preserved,0.3573048675561591,0.6710655970770981,0.8918855307281389,0.0006,0.9005571230952631,1.3117269122785515,1.5569246296169061,-0.009462402492394073
no_incident_control,110,column_shuffled,0.35712244863001696,0.6691733881283778,0.8918855307281389,0.0006,0.901116488258594,1.320376528293182,1.5640183116796833,-0.007805660522339269
no_incident_control,110,incident_stratified,0.35712244863001696,0.6691733881283778,0.8918855307281389,0.0006,0.901116488258594,1.320376528293182,1.5640183116796833,-0.007805660522339269
no_incident_control,111,row_preserved,0.3597321614070538,0.6684945914376903,0.9044648195142951,0.0002,0.9047646875460239,1.31072637630671,1.5712836354290673,-0.005374571650289976
no_incident_control,111,column_shuffled,0.3590497327619328,0.6690165162263192,0.9044648195142951,0.0002,0.9035993961547208,1.315075016703143,1.5530900594604549,0.0005903780800419275
no_incident_control,111,incident_stratified,0.3590497327619328,0.6690165162263192,0.9044648195142951,0.0002,0.9035993961547208,1.315075016703143,1.5530900594604549,0.0005903780800419275
no_incident_control,112,row_preserved,0.35858466870469086,0.6668353263471076,0.8800934934454148,0,0.8959551459045447,1.303481887114009,1.5772151906263556,-0.004926615572702407
no_incident_control,112,column_shuffled,0.35638368853450864,0.6668353263471076,0.8800934934454148,0,0.8973220197697224,1.3229846357006694,1.557648215318122,-0.00288931323447046
no_incident_control,112,incident_stratified,0.35638368853450864,0.6668353263471076,0.8800934934454148,0,0.8973220197697224,1.3229846357006694,1.557648215318122,-0.00288931323447046
no_incident_control,113,row_preserved,0.3590351133187093,0.6631350040421086,0.8754342955767656,0.0002,0.8993377378150073,1.3072355868973302,1.543330969537462,-0.007141755089588736
no_incident_control,113,column_shuffled,0.35742398974622774,0.6627516524470679,0.8754342955767656,0.0002,0.8951841659400461,1.3169170804684873,1.5388765442040786,-0.004571386631273206
no_incident_control,113,incident_stratified,0.35742398974622774,0.6627516524470679,0.8754342955767656,0.0002,0.8951841659400461,1.3169170804684873,1.5388765442040786,-0.004571386631273206
no_incident_control,114,row_preserved,0.35472801832978634,0.6607761965052024,0.9036014090569416,0.0006,0.8930749204550762,1.306345774087477,1.5713137865987097,0.00021092638460294284
no_incident_control,114,column_shuffled,0.3537094320734825,0.6599725863552305,0.9036014090569416,0.0006,0.8914921934342876,1.3167458184235232,1.5818234212728293,0.0033349190939442196
no_incident_control,114,incident_stratified,0.3537094320734825,0.6599725863552305,0.9036014090569416,0.0006,0.8914921934342876,1.3167458184235232,1.5818234212728293,0.0033349190939442196
no_incident_control,115,row_preserved,0.3529150782483238,0.645518822018692,0.8664620498416014,0.0002,0.8939568568231284,1.3021224975557717,1.555547270618689,0.008091572142200716
no_incident_control,115,column_shuffled,0.35497662658570717,0.6447239377684353,0.8664620498416014,0.0002,0.8965408018014935,1.306724938991828,1.5436625735858858,-0.0006405948820375043
no_incident_control,115,incident_stratified,0.35497662658570717,0.6447239377684353,0.8664620498416014,0.0002,0.8965408018014935,1.306724938991828,1.5436625735858858,-0.0006405948820375043
no_incident_control,116,row_preserved,0.3549700532041738,0.6689911196799398,0.8872925325858146,0.0002,0.8961458451902067,1.3132134447316124,1.5795486400663292,-0.004872193513083641
no_incident_control,116,column_shuffled,0.35583390733418435,0.6694861467824003,0.8872925325858146,0.0002,0.8967202733443362,1.314679099032721,1.560390110233063,0.001965534176774763
no_incident_control,116,incident_stratified,0.35583390733418435,0.6694861467824003,0.8872925325858146,0.0002,0.8967202733443362,1.314679099032721,1.560390110233063,0.001965534176774763
no_incident_control,117,row_preserved,0.35535044839750407,0.6650050905295511,0.9128971704405188,0,0.8959712073815456,1.3225000922970884,1.5818802973396728,0.00551258944854439
no_incident_control,117,column_shuffled,0.35619082285670345,0.6650050905295511,0.9128971704405188,0,0.8955538604001485,1.3216321133553484,1.5530670544496838,-0.0033599313245492256
no_incident_control,117,incident_stratified,0.35619082285670345,0.6650050905295511,0.9128971704405188,0,0.8955538604001485,1.3216321133553484,1.5530670544496838,-0.0033599313245492256
no_incident_control,118,row_preserved,0.35434732686296594,0.6607470296936846,0.8751641823915478,0.0004,0.8915118836997749,1.3135210820772256,1.5391443537608631,-0.010063904878420469
no_incident_control,118,column_shuffled,0.355847479702567,0.664007101085597,0.8751641823915478,0.0004,0.8963249640435149,1.3009560435346348,1.542962300994755,-0.010341014579608307
no_incident_control,118,incident_stratified,0.355847479702567,0.664007101085597,0.8751641823915478,0.0004,0.8963249640435149,1.3009560435346348,1.542962300994755,-0.010341014579608307
no_incident_control,119,row_preserved,0.3509074266870812,0.6538468353962096,0.8676711123630361,0,0.8928644982433702,1.3261544238980043,1.5389234591591476,0.008242212570457501
no_incident_control,119,column_shuffled,0.3529705800226962,0.6532398993438366,0.8676711123630361,0,0.8956566154923459,1.302101435123824,1.554915930806287,-0.0018766859793340792
no_incident_control,119,incident_stratified,0.3529705800226962,0.6532398993438366,0.8676711123630361,0,0.8956566154923459,1.302101435123824,1.554915930806287,-0.0018766859793340792
no_incident_control,120,row_preserved,0.35731762181514215,0.6753068462252642,0.8756096976750142,0.0004,0.896597090333906,1.318526222632879,1.551929199003323,0.002719255410631274
no_incident_control,120,column_shuffled,0.357214621370465,0.676579484251765,0.8756096976750142,0.0004,0.8952525620058005,1.3179748656376766,1.544642486031459,-0.0022885849891033003
no_incident_control,120,incident_stratified,0.357214621370465,0.676579484251765,0.8756096976750142,0.0004,0.8952525620058005,1.3179748656376766,1.544642486031459,-0.0022885849891033003
no_incident_control,121,row_preserved,0.35863048729605956,0.6647968834211123,0.891951513542695,0.0002,0.9054870952739393,1.3162763858398876,1.56285361200107,-0.00615005711455831
no_incident_control,121,column_shuffled,0.3587534711971525,0.6652257410055662,0.891951513542695,0.0002,0.8966302161617651,1.3356370740381658,1.608203370375117,0.016892460203142026
no_incident_control,121,incident_stratified,0.3587534711971525,0.6652257410055662,0.891951513542695,0.0002,0.8966302161617651,1.3356370740381658,1.608203370375117,0.016892460203142026
no_incident_control,122,row_preserved,0.3565541871257166,0.6690175120580921,0.9183952006452364,0.0002,0.8989211248119541,1.3129161360460682,1.5763582292615839,0.0018269359494604842
no_incident_control,122,column_shuffled,0.3558128291733598,0.6688151522825725,0.9183952006452364,0.0002,0.8937876341338379,1.3278043604605476,1.5839250310370976,0.005583816166732668
no_incident_control,122,incident_stratified,0.3558128291733598,0.6688151522825725,0.9183952006452364,0.0002,0.8937876341338379,1.3278043604605476,1.5839250310370976,0.005583816166732668
no_incident_control,123,row_preserved,0.35751799408577334,0.6607423376529733,0.9042734908823311,0.0002,0.8977090961150429,1.3151900850733949,1.5636499848376164,0.006902933026462337
no_incident_control,123,column_shuffled,0.3566682369919746,0.6597825972719517,0.9042734908823311,0.0002,0.8965899256266222,1.3103707282603234,1.5739086958250779,0.012542067975284186
no_incident_control,123,incident_stratified,0.3566682369919746,0.6597825972719517,0.9042734908823311,0.0002,0.8965899256266222,1.3103707282603234,1.5739086958250779,0.012542067975284186
no_incident_control,124,row_preserved,0.3573126835050944,0.6577916915352164,0.8898066375135153,0.0002,0.8971468495702993,1.3162749557355067,1.5563301561697744,-0.004130237721265031
no_incident_control,124,column_shuffled,0.35507590494559793,0.6579645032487141,0.8898066375135153,0.0002,0.89730067451447,1.3252409384944779,1.5601212258236634,0.005892706297881273
no_incident_control,124,incident_stratified,0.35507590494559793,0.6579645032487141,0.8898066375135153,0.0002,0.89730067451447,1.3252409384944779,1.5601212258236634,0.005892706297881273
no_incident_control,125,row_preserved,0.35637653067929553,0.6601809447431961,0.8843075554779952,0.0002,0.901009622721965,1.3096345305401498,1.561127613922175,-0.00013275091154215662
no_incident_control,125,column_shuffled,0.35567260121893857,0.6586977482097887,0.8843075554779952,0.0002,0.9010799059339831,1.3210799098041117,1.5559653053448939,0.007480889671464077
no_incident_control,125,incident_stratified,0.35567260121893857,0.6586977482097887,0.8843075554779952,0.0002,0.9010799059339831,1.3210799098041117,1.5559653053448939,0.007480889671464077
no_incident_control,126,row_preserved,0.3548710831748676,0.6752299211408381,0.8965088506869475,0.0004,0.9025274180821735,1.3355861518852032,1.5634750450492285,0.0009401574443545238
no_incident_control,126,column_shuffled,0.35504793440626103,0.6752299211408381,0.8965088506869475,0.0004,0.9022178251463138,1.3200785631994045,1.5641115202475764,-0.000623157559613057
no_incident_control,126,incident_stratified,0.35504793440626103,0.6752299211408381,0.8965088506869475,0.0004,0.9022178251463138,1.3200785631994045,1.5641115202475764,-0.000623157559613057
no_incident_control,127,row_preserved,0.3569894049092258,0.6683755240390836,0.897627429187208,0.0002,0.8974523654896319,1.315958443601347,1.5871066474296684,-0.00857606227006068
no_incident_control,127,column_shuffled,0.3560833266111696,0.6682095397925049,0.897627429187208,0.0002,0.8970090249087704,1.3271304425406976,1.5782132318531814,0.0005147607900602113
no_incident_control,127,incident_stratified,0.3560833266111696,0.6682095397925049,0.897627429187208,0.0002,0.8970090249087704,1.3271304425406976,1.5782132318531814,0.0005147607900602113
no_incident_control,128,row_preserved,0.3566975117772313,0.6789966600364942,0.9056187012329183,0,0.8947397165249489,1.3092907406545602,1.5608299809309565,-0.0064376626355137695
no_incident_control,128,column_shuffled,0.35678944839451443,0.6789966600364942,0.9056187012329183,0,0.893692719221133,1.3108141447796,1.5721951539338472,-0.006182198602564048
no_incident_control,128,incident_stratified,0.35678944839451443,0.6789966600364942,0.9056187012329183,0,0.893692719221133,1.3108141447796,1.5721951539338472,-0.006182198602564048
no_incident_control,129,row_preserved,0.35601075360051937,0.6714864231044624,0.883733916105366,0,0.894852405267334,1.330905896225873,1.543764993487227,-0.002157957986837874
no_incident_control,129,column_shuffled,0.3579661638736461,0.6714864231044624,0.883733916105366,0,0.9024005001887008,1.3156728328735598,1.556723334044618,0.0029573620042967403
no_incident_control,129,incident_stratified,0.3579661638736461,0.6714864231044624,0.883733916105366,0,0.9024005001887008,1.3156728328735598,1.556723334044618,0.0029573620042967403
no_incident_control,130,row_preserved,0.3568938479810956,0.6681204096082473,0.926312580582871,0.0004,0.897471364793658,1.319537102053592,1.5767515547180628,0.000688291131345355
no_incident_control,130,column_shuffled,0.3567547061788564,0.6681204096082473,0.926312580582871,0.0004,0.8972239764645291,1.310570568047309,1.5479710447326518,-0.00027330285995731153
no_incident_control,130,incident_stratified,0.3567547061788564,0.6681204096082473,0.926312580582871,0.0004,0.8972239764645291,1.310570568047309,1.5479710447326518,-0.00027330285995731153
no_incident_control,131,row_preserved,0.356582286439191,0.6557862684343193,0.8780824674137352,0.0002,0.8966641667764262,1.3158493937609284,1.5227660941638186,-0.0029597275791385415
no_incident_control,131,column_shuffled,0.35421756981877384,0.6555929229983135,0.8780824674137352,0.0002,0.8927178225299643,1.3164284737490308,1.5394318659252781,0.0044893976593594394
no_incident_control,131,incident_stratified,0.35421756981877384,0.6555929229983135,0.8780824674137352,0.0002,0.8927178225299643,1.3164284737490308,1.5394318659252781,0.0044893976593594394
no_incident_control,132,row_preserved,0.35642996662345805,0.6545979354438011,0.8618168303167157,0.0002,0.8942326085142137,1.3064218119584368,1.5217780281306972,-0.0008553191963288196
no_incident_control,132,column_shuffled,0.3574542133049118,0.6545979354438011,0.8618168303167157,0.0002,0.8960316405972479,1.2987407920608272,1.5319804537591124,0.002589386237809551
no_incident_control,132,incident_stratified,0.3574542133049118,0.6545979354438011,0.8618168303167157,0.0002,0.8960316405972479,1.2987407920608272,1.5319804537591124,0.002589386237809551
no_incident_control,133,row_preserved,0.353304490612385,0.6567244759291794,0.9092401356641151,0.0008,0.8934181261677958,1.299314228009148,1.5681279426532289,-0.002795406616983799
no_incident_control,133,column_shuffled,0.35321939038303807,0.6567084356183055,0.9092401356641151,0.0008,0.8924875496615549,1.2971539875966727,1.5481451056639453,-0.00848940506537829
no_incident_control,133,incident_stratified,0.35321939038303807,0.6567084356183055,0.9092401356641151,0.0008,0.8924875496615549,1.2971539875966727,1.5481451056639453,-0.00848940506537829
no_incident_control,134,row_preserved,0.35590841511976656,0.6627234337018135,0.8827179056982492,0.0006,0.8939132366663756,1.3174507051204154,1.5981819704039713,0.002514194042779523
no_incident_control,134,column_shuffled,0.35569837242359725,0.6636834148981691,0.8827179056982492,0.0006,0.8989421437054036,1.318747589988965,1.5389226704259775,-0.004070457775917252
no_incident_control,134,incident_stratified,0.35569837242359725,0.6636834148981691,0.8827179056982492,0.0006,0.8989421437054036,1.318747589988965,1.5389226704259775,-0.004070457775917252
no_incident_control,135,row_preserved,0.35407094433922764,0.664616674487873,0.8879549022257015,0,0.8920402024807874,1.312774599674806,1.5681989452180254,0.007292695295615305
no_incident_control,135,column_shuffled,0.3550171035813496,0.6645322670939062,0.8879549022257015,0,0.8956629643535041,1.3091675039541968,1.5505378005787034,-0.009516171673234491
no_incident_control,135,incident_stratified,0.3550171035813496,0.6645322670939062,0.8879549022257015,0,0.8956629643535041,1.3091675039541968,1.5505378005787034,-0.009516171673234491
no_incident_control,136,row_preserved,0.35710705589460945,0.6674264087995931,0.8928834032788163,0,0.8978298175469627,1.316076990478385,1.5487490538583812,-0.005687649232296199
no_incident_control,136,column_shuffled,0.3563317563828068,0.6674264087995931,0.8928834032788163,0,0.8968089063124807,1.309007691014377,1.5412781563775342,-0.005471646052602049
no_incident_control,136,incident_stratified,0.3563317563828068,0.6674264087995931,0.8928834032788163,0,0.8968089063124807,1.309007691014377,1.5412781563775342,-0.005471646052602049
no_incident_control,137,row_preserved,0.3534122725878543,0.659055024761815,0.9291628849927901,0.0004,0.8967369659742515,1.3206015642661173,1.5801907564692943,-0.004152222345771909
no_incident_control,137,column_shuffled,0.3557726496701088,0.6586265144721718,0.9291628849927901,0.0004,0.8970042789824304,1.31526173032124,1.5676777032666345,0.0022791430244146014
no_incident_control,137,incident_stratified,0.3557726496701088,0.6586265144721718,0.9291628849927901,0.0004,0.8970042789824304,1.31526173032124,1.5676777032666345,0.0022791430244146014
no_incident_control,138,row_preserved,0.35804254583324285,0.6629465480083585,0.8741698234994993,0.0002,0.8922543293784777,1.3100374296079593,1.5285163726134634,-0.013099842384898058
no_incident_control,138,column_shuffled,0.35578175273776014,0.6618691820720416,0.8741698234994993,0.0002,0.8908435270327948,1.3086065713287462,1.5340350806468948,-0.001692209873312361
no_incident_control,138,incident_stratified,0.35578175273776014,0.6618691820720416,0.8741698234994993,0.0002,0.8908435270327948,1.3086065713287462,1.5340350806468948,-0.001692209873312361
no_incident_control,139,row_preserved,0.359970069558063,0.6651389235359401,0.8914290174416414,0,0.9040922845793742,1.312199099950254,1.5453055616857732,-0.0037791559550263555
no_incident_control,139,column_shuffled,0.36130168611594504,0.6651389235359401,0.8914290174416414,0,0.9009023760666184,1.311683932539212,1.5521162690401695,-0.0013334269869580532
no_incident_control,139,incident_stratified,0.36130168611594504,0.6651389235359401,0.8914290174416414,0,0.9009023760666184,1.311683932539212,1.5521162690401695,-0.0013334269869580532
no_incident_control,140,row_preserved,0.35785574065731607,0.6639441335083957,0.8571529175850039,0,0.902434659680488,1.3184111476678047,1.5626227661502474,0.006127794772442993
no_incident_control,140,column_shuffled,0.35951717286803686,0.6663763431979265,0.8571529175850039,0,0.9015328321508458,1.3174783452421537,1.5445818743047495,-0.0009475176523408577
no_incident_control,140,incident_stratified,0.35951717286803686,0.6663763431979265,0.8571529175850039,0,0.9015328321508458,1.3174783452421537,1.5445818743047495,-0.0009475176523408577
no_incident_control,141,row_preserved,0.3563353667476685,0.6520960807834901,0.8944464794318299,0.0004,0.8924720821423189,1.313923119982081,1.5781202959098473,0.0034537861750784412
no_incident_control,141,column_shuffled,0.3557236189778745,0.6542823381620219,0.8944464794318299,0.0004,0.8987867548757378,1.314097915404794,1.5271322348640237,-0.0019724883197068687
no_incident_control,141,incident_stratified,0.3557236189778745,0.6542823381620219,0.8944464794318299,0.0004,0.8987867548757378,1.314097915404794,1.5271322348640237,-0.0019724883197068687
no_incident_control,142,row_preserved,0.3582969802002979,0.661869478687847,0.8916827008872097,0.0002,0.9014403374244715,1.3296629278234422,1.603321449484068,0.012518125166406165
no_incident_control,142,column_shuffled,0.3587580563612306,0.661869478687847,0.8916827008872097,0.0002,0.89768318203724,1.315483572774168,1.5715120762527608,-0.006068609248681152
no_incident_control,142,incident_stratified,0.3587580563612306,0.661869478687847,0.8916827008872097,0.0002,0.89768318203724,1.315483572774168,1.5715120762527608,-0.006068609248681152
no_incident_control,143,row_preserved,0.3533920090893796,0.6753364109139286,0.8906769575528803,0.0002,0.8942469649620941,1.326872113378717,1.5724207216374666,-0.00014899310997777107
no_incident_control,143,column_shuffled,0.3526657499861563,0.6756632435570927,0.8906769575528803,0.0002,0.8932337474836514,1.3202282971405321,1.5729113977216826,0.008628485520243893
no_incident_control,143,incident_stratified,0.3526657499861563,0.6756632435570927,0.8906769575528803,0.0002,0.8932337474836514,1.3202282971405321,1.5729113977216826,0.008628485520243893
no_incident_control,144,row_preserved,0.3565531159080845,0.6656930747874722,0.8806181754902102,0.0004,0.8970593337234392,1.323485459317629,1.5899897552840512,0.01356882603241151
no_incident_control,144,column_shuffled,0.35733896261971465,0.6656930747874722,0.8806181754902102,0.0004,0.892268478635626,1.3230585428528483,1.5603995266873087,0.0063292348410052416
no_incident_control,144,incident_stratified,0.35733896261971465,0.6656930747874722,0.8806181754902102,0.0004,0.892268478635626,1.3230585428528483,1.5603995266873087,0.0063292348410052416
no_incident_control,145,row_preserved,0.35593023620116554,0.6628158976113621,0.9022423381918946,0.0004,0.8968821737657848,1.3131917461057907,1.6011897651574483,-0.003570786744631188
no_incident_control,145,column_shuffled,0.35676954837870717,0.6628158976113621,0.9022423381918946,0.0004,0.8986061764931685,1.3133638978492768,1.5918365542587267,-0.0031935324775162802
no_incident_control,145,incident_stratified,0.35676954837870717,0.6628158976113621,0.9022423381918946,0.0004,0.8986061764931685,1.3133638978492768,1.5918365542587267,-0.0031935324775162802
no_incident_control,146,row_preserved,0.3571291297284841,0.6749187011184554,0.8774779058886667,0,0.8967630354956793,1.32019579978734,1.5359332168242226,-0.00831917094903216
no_incident_control,146,column_shuffled,0.35827696299959877,0.6749187011184554,0.8774779058886667,0,0.9038041942301648,1.30693994587367,1.5171520456507195,-0.011950889326199607
no_incident_control,146,incident_stratified,0.35827696299959877,0.6749187011184554,0.8774779058886667,0,0.9038041942301648,1.30693994587367,1.5171520456507195,-0.011950889326199607
no_incident_control,147,row_preserved,0.3538564311991538,0.6724798293386512,0.8556466454497399,0.0006,0.8944748400405116,1.3071391055672836,1.517458566999461,-0.0063569889620594565
no_incident_control,147,column_shuffled,0.3559296370511471,0.670958379008191,0.8556466454497399,0.0006,0.8998024104653418,1.3029218401275044,1.5381736455891644,0.0003197710670281041
no_incident_control,147,incident_stratified,0.3559296370511471,0.670958379008191,0.8556466454497399,0.0006,0.8998024104653418,1.3029218401275044,1.5381736455891644,0.0003197710670281041
no_incident_control,148,row_preserved,0.3545586734211911,0.6549728578019826,0.8446723454779139,0.0002,0.8966739952387919,1.295804586157812,1.513542602239264,-0.0008672021587786925
no_incident_control,148,column_shuffled,0.3543058321052487,0.6547459860598981,0.8446723454779139,0.0002,0.8968844285395593,1.3089034514516182,1.5438941272864068,0.005768665055344752
no_incident_control,148,incident_stratified,0.3543058321052487,0.6547459860598981,0.8446723454779139,0.0002,0.8968844285395593,1.3089034514516182,1.5438941272864068,0.005768665055344752
no_incident_control,149,row_preserved,0.35686148576247056,0.6701595176824429,0.8921149143284164,0.0004,0.9000350231546024,1.3205250419519479,1.5593946580295943,-0.0026897905703269706
no_incident_control,149,column_shuffled,0.3568583437332113,0.6690846009472994,0.8921149143284164,0.0004,0.8978547857302204,1.3178227973959475,1.547614306137893,0.005537069539877371
no_incident_control,149,incident_stratified,0.3568583437332113,0.6690846009472994,0.8921149143284164,0.0004,0.8978547857302204,1.3178227973959475,1.547614306137893,0.005537069539877371
no_incident_control,150,row_preserved,0.36116268871950397,0.6503426555704929,0.8804233511163568,0.0006,0.9020363292576372,1.3148856694603042,1.563573938650084,-0.0060357777877288535
no_incident_control,150,column_shuffled,0.35863854910030957,0.649340932768828,0.8804233511163568,0.0006,0.9006234104463725,1.3189173598832151,1.5682386595193165,0.0005206485874947308
no_incident_control,150,incident_stratified,0.35863854910030957,0.649340932768828,0.8804233511163568,0.0006,0.9006234104463725,1.3189173598832151,1.5682386595193165,0.0005206485874947308
no_incident_control,151,row_preserved,0.35218309465604664,0.6500990816745296,0.8839960760540927,0.0004,0.8969379757104099,1.304026788411166,1.529848797221561,-0.006424192148101842
no_incident_control,151,column_shuffled,0.35222780446698776,0.6505037323073193,0.8839960760540927,0.0004,0.8966399335449811,1.3111069350678297,1.5393383641905531,0.0034233530534595372
no_incident_control,151,incident_stratified,0.35222780446698776,0.6505037323073193,0.8839960760540927,0.0004,0.8966399335449811,1.3111069350678297,1.5393383641905531,0.0034233530534595372
no_incident_control,152,row_preserved,0.35813457682911176,0.669568878397639,0.8927815821173998,0.0002,0.898205137217382,1.3189969004582338,1.544124879861585,-0.010990349052920484
no_incident_control,152,column_shuffled,0.35583719959090004,0.6690545869431129,0.8927815821173998,0.0002,0.897441223871009,1.3223086093332967,1.5442395870007966,-0.0025415147102889964
no_incident_control,152,incident_stratified,0.35583719959090004,0.6690545869431129,0.8927815821173998,0.0002,0.897441223871009,1.3223086093332967,1.5442395870007966,-0.0025415147102889964
no_incident_control,153,row_preserved,0.35760942824275044,0.6686105078712357,0.865952929704553,0.0002,0.8930893906520949,1.3146159070101913,1.5586772973788863,-0.00019352823893758336
no_incident_control,153,column_shuffled,0.35859962735350165,0.6693804290758097,0.8667736813487125,0.0002,0.8974800578327469,1.300598120627226,1.5551578972825904,-0.004963244457885784
no_incident_control,153,incident_stratified,0.35859962735350165,0.6693804290758097,0.8667736813487125,0.0002,0.8974800578327469,1.300598120627226,1.5551578972825904,-0.004963244457885784
no_incident_control,154,row_preserved,0.35574609359074916,0.6697052358329321,0.902760101829223,0.0004,0.8935048766838423,1.3004636972748806,1.5654781821445543,-0.008739689722083442
no_incident_control,154,column_shuffled,0.35560098570016585,0.6704395536712248,0.902760101829223,0.0004,0.8895920196781356,1.322524109727798,1.5674526579361785,-0.0009068329280269527
no_incident_control,154,incident_stratified,0.35560098570016585,0.6704395536712248,0.902760101829223,0.0004,0.8895920196781356,1.322524109727798,1.5674526579361785,-0.0009068329280269527
no_incident_control,155,row_preserved,0.3530955324613878,0.6644838552740397,0.9250052904126399,0.0004,0.8951764669825968,1.3204829317859268,1.6022069928674707,-0.0024290859529376386
no_incident_control,155,column_shuffled,0.3531807129368512,0.6641513726597262,0.9250052904126399,0.0004,0.896693452678319,1.3163330206653256,1.5749429883151964,0.001208066908280427
no_incident_control,155,incident_stratified,0.3531807129368512,0.6641513726597262,0.9250052904126399,0.0004,0.896693452678319,1.3163330206653256,1.5749429883151964,0.001208066908280427
no_incident_control,156,row_preserved,0.356826379364504,0.6547864967158179,0.8753999743766068,0.0004,0.8980636979477532,1.301623076406698,1.5416710934596822,-0.010763635427468428
no_incident_control,156,column_shuffled,0.35542239424054123,0.6547864967158179,0.8774088198478817,0.0004,0.8956712658654417,1.3145470442636844,1.5736726013066855,0.004748447542988311
no_incident_control,156,incident_stratified,0.35542239424054123,0.6547864967158179,0.8774088198478817,0.0004,0.8956712658654417,1.3145470442636844,1.5736726013066855,0.004748447542988311
no_incident_control,157,row_preserved,0.35212380002401167,0.6526881414111005,0.8892958718023914,0.0002,0.8910175326215894,1.3061635009901384,1.5446952151345772,-0.0000609789047682849
no_incident_control,157,column_shuffled,0.3524755527507403,0.6550773428385039,0.8892958718023914,0.0002,0.8926145505338576,1.3097041823814604,1.538713780891394,0.002271915943007664
no_incident_control,157,incident_stratified,0.3524755527507403,0.6550773428385039,0.8892958718023914,0.0002,0.8926145505338576,1.3097041823814604,1.538713780891394,0.002271915943007664
no_incident_control,158,row_preserved,0.35617554656214095,0.668008130796826,0.8900100244280673,0.0006,0.8996501953684577,1.330933020956433,1.5816650431070673,0.00046872410543641617
no_incident_control,158,column_shuffled,0.357989515011079,0.6681582113943468,0.8900100244280673,0.0006,0.9010840304587052,1.3186239580860377,1.5715109932550988,0.0077426322859889775
no_incident_control,158,incident_stratified,0.357989515011079,0.6681582113943468,0.8900100244280673,0.0006,0.9010840304587052,1.3186239580860377,1.5715109932550988,0.0077426322859889775
no_incident_control,159,row_preserved,0.3559518694454865,0.6678074533571197,0.910411024438718,0.0002,0.9010987140113393,1.314637684111013,1.5942828215117257,-0.004110711021580481
no_incident_control,159,column_shuffled,0.3555881759937914,0.6672371083526916,0.910411024438718,0.0002,0.8982472576784739,1.3215152842882747,1.56075626088884,-0.002006137056034169
no_incident_control,159,incident_stratified,0.3555881759937914,0.6672371083526916,0.910411024438718,0.0002,0.8982472576784739,1.3215152842882747,1.56075626088884,-0.002006137056034169
no_incident_control,160,row_preserved,0.35344786301875497,0.6417138602245371,0.8455104276582556,0,0.8946663831161212,1.2917114555271616,1.5103363277571935,-0.0020460223517138206
no_incident_control,160,column_shuffled,0.3530566560883186,0.6417138602245371,0.8455104276582556,0,0.891381074853707,1.293431334802643,1.5006428776790857,-0.006379833679747979
no_incident_control,160,incident_stratified,0.3530566560883186,0.6417138602245371,0.8455104276582556,0,0.891381074853707,1.293431334802643,1.5006428776790857,-0.006379833679747979
no_incident_control,161,row_preserved,0.3516320848065104,0.659360888857035,0.9194253655158111,0.0004,0.8910582776424109,1.303276936889922,1.5967284675705555,0.010905383847522016
no_incident_control,161,column_shuffled,0.35180392765961666,0.659360888857035,0.9194253655158111,0.0004,0.8889193762425929,1.306692954580201,1.5987796459998085,-0.0024174364566141647
no_incident_control,161,incident_stratified,0.35180392765961666,0.659360888857035,0.9194253655158111,0.0004,0.8889193762425929,1.306692954580201,1.5987796459998085,-0.0024174364566141647
no_incident_control,162,row_preserved,0.35270215697268714,0.6539328070804855,0.8862439556158888,0,0.8938155035610772,1.312353277689318,1.5654742677222122,0.007488095494930776
no_incident_control,162,column_shuffled,0.3539244398797289,0.651729078170879,0.8862439556158888,0,0.8944014318396865,1.3129110453441744,1.5798225744053065,-0.004929205097334516
no_incident_control,162,incident_stratified,0.3539244398797289,0.651729078170879,0.8862439556158888,0,0.8944014318396865,1.3129110453441744,1.5798225744053065,-0.004929205097334516
no_incident_control,163,row_preserved,0.3541830884974976,0.6703620158785453,0.8996283796108283,0,0.8955910788344328,1.323919661700293,1.5647739601993123,-0.0058097935686860615
no_incident_control,163,column_shuffled,0.3545930378084095,0.6691809509957789,0.8996283796108283,0,0.8956275646073601,1.3235793196271906,1.5515027829121073,-0.007057144232494741
no_incident_control,163,incident_stratified,0.3545930378084095,0.6691809509957789,0.8996283796108283,0,0.8956275646073601,1.3235793196271906,1.5515027829121073,-0.007057144232494741
no_incident_control,164,row_preserved,0.3541845952783218,0.6560429804325251,0.8702388899659561,0.0002,0.8922266197564253,1.305441387381613,1.5426775829981758,-0.0030948364509216925
no_incident_control,164,column_shuffled,0.35342489410128164,0.65647290078544,0.8702388899659561,0.0002,0.8901465394562775,1.3041959532305332,1.5784169033236555,0.006661949042251651
no_incident_control,164,incident_stratified,0.35342489410128164,0.65647290078544,0.8702388899659561,0.0002,0.8901465394562775,1.3041959532305332,1.5784169033236555,0.006661949042251651
no_incident_control,165,row_preserved,0.35698580544484504,0.6679743287785277,0.9067649377274222,0.0008,0.8973477774045091,1.3179182945942784,1.5768004822888781,0.007977916016135239
no_incident_control,165,column_shuffled,0.35698580544484504,0.6687551291994798,0.9067649377274222,0.0008,0.8973889460705557,1.323996796111644,1.5481375474252264,-0.0011244368598216355
no_incident_control,165,incident_stratified,0.35698580544484504,0.6687551291994798,0.9067649377274222,0.0008,0.8973889460705557,1.323996796111644,1.5481375474252264,-0.0011244368598216355
no_incident_control,166,row_preserved,0.35588562477324404,0.6671202424085727,0.9162329881208698,0.0004,0.8987531710289122,1.3119675937156738,1.566816476544235,-0.00007493685519465697
no_incident_control,166,column_shuffled,0.35457757399852274,0.6669270913061898,0.9162329881208698,0.0004,0.8947646788534798,1.33519374636639,1.5753146108790719,0.009925032321828144
no_incident_control,166,incident_stratified,0.35457757399852274,0.6669270913061898,0.9162329881208698,0.0004,0.8947646788534798,1.33519374636639,1.5753146108790719,0.009925032321828144
no_incident_control,167,row_preserved,0.3525379730430514,0.6516466236226701,0.8491115841310934,0.0002,0.8907177641888813,1.2964150301485697,1.5336920357278818,-0.0004122652578420957
no_incident_control,167,column_shuffled,0.35070187999127495,0.65215184640562,0.8491115841310934,0.0002,0.8903851586620477,1.3089218251305093,1.5281815705753559,0.007953445578327186
no_incident_control,167,incident_stratified,0.35070187999127495,0.65215184640562,0.8491115841310934,0.0002,0.8903851586620477,1.3089218251305093,1.5281815705753559,0.007953445578327186
no_incident_control,168,row_preserved,0.35953623222644304,0.6720669346217429,0.8880299042095842,0,0.9025866112768175,1.326748534251694,1.549761435729804,0.0008779500588639456
no_incident_control,168,column_shuffled,0.35935884428723175,0.6720669346217429,0.8880299042095842,0,0.9006051776564674,1.3234675572226424,1.5647408717822346,0.010714692761303317
no_incident_control,168,incident_stratified,0.35935884428723175,0.6720669346217429,0.8880299042095842,0,0.9006051776564674,1.3234675572226424,1.5647408717822346,0.010714692761303317
no_incident_control,169,row_preserved,0.35550475922151836,0.6592592949225949,0.8704677202979656,0.0004,0.8934115465497292,1.3166403119538734,1.551469016879307,0.006030803849588875
no_incident_control,169,column_shuffled,0.35722832430728957,0.6592592949225949,0.8704677202979656,0.0004,0.8976758831891732,1.3036433443232909,1.5262384458375182,-0.0035763372847879196
no_incident_control,169,incident_stratified,0.35722832430728957,0.6592592949225949,0.8704677202979656,0.0004,0.8976758831891732,1.3036433443232909,1.5262384458375182,-0.0035763372847879196
no_incident_control,170,row_preserved,0.35874305418922836,0.6678427081998498,0.9088089023370733,0.0002,0.9036625410602634,1.31050902756505,1.5629373310085053,-0.007747561834082759
no_incident_control,170,column_shuffled,0.35720375867467824,0.6682957203038198,0.9088089023370733,0.0002,0.8964265835574641,1.3213799431671025,1.5734051632349635,-0.002027603049762816
no_incident_control,170,incident_stratified,0.35720375867467824,0.6682957203038198,0.9088089023370733,0.0002,0.8964265835574641,1.3213799431671025,1.5734051632349635,-0.002027603049762816
no_incident_control,171,row_preserved,0.35801244735447113,0.6538804938595274,0.8710288892459299,0,0.9015283277652271,1.3063070380127537,1.5399559219617518,-0.00995791828846928
no_incident_control,171,column_shuffled,0.35803682749556076,0.6538804938595274,0.8710288892459299,0,0.898049914627721,1.3163034807764353,1.5893545715030606,0.013948921019081071
no_incident_control,171,incident_stratified,0.35803682749556076,0.6538804938595274,0.8710288892459299,0,0.898049914627721,1.3163034807764353,1.5893545715030606,0.013948921019081071
no_incident_control,172,row_preserved,0.35363000733754346,0.6684223907913146,0.8959525741549881,0,0.89806838781992,1.317922952765258,1.5561456186076212,-0.0063816504426442685
no_incident_control,172,column_shuffled,0.3531862110106006,0.6684622884469515,0.8959525741549881,0,0.8910469810100123,1.3075133749148486,1.5700045901431074,-0.012075907386559335
no_incident_control,172,incident_stratified,0.3531862110106006,0.6684622884469515,0.8959525741549881,0,0.8910469810100123,1.3075133749148486,1.5700045901431074,-0.012075907386559335
no_incident_control,173,row_preserved,0.3574423360294948,0.6568851210398396,0.9053240916894848,0.0006,0.8994712410113654,1.3086845976110986,1.561031239691856,-0.00031919154681914083
no_incident_control,173,column_shuffled,0.35882923791610727,0.6570899120935767,0.9053240916894848,0.0006,0.8964218010294249,1.3154256910551854,1.5689998795357318,0.009653290046775866
no_incident_control,173,incident_stratified,0.35882923791610727,0.6570899120935767,0.9053240916894848,0.0006,0.8964218010294249,1.3154256910551854,1.5689998795357318,0.009653290046775866
no_incident_control,174,row_preserved,0.35683222648992236,0.6714208253919306,0.8907680899890474,0.0004,0.9007079379829703,1.312476632314553,1.5476008258849,-0.00642956263996955
no_incident_control,174,column_shuffled,0.35654199651917684,0.671139810376285,0.8907680899890474,0.0004,0.8974088421352505,1.323050663423797,1.5640464121256399,-0.0023387815227204935
no_incident_control,174,incident_stratified,0.35654199651917684,0.671139810376285,0.8907680899890474,0.0004,0.8974088421352505,1.323050663423797,1.5640464121256399,-0.0023387815227204935
no_incident_control,175,row_preserved,0.3543145949411467,0.6660593434273439,0.8913256416909361,0.0006,0.8966118468684011,1.323320007187459,1.5530576024921723,-0.008250702816024427
no_incident_control,175,column_shuffled,0.3561800288722752,0.6670197764822438,0.8913256416909361,0.0006,0.8955240931234056,1.3187487829174311,1.5503184931524534,-0.001157564525866999
no_incident_control,175,incident_stratified,0.3561800288722752,0.6670197764822438,0.8913256416909361,0.0006,0.8955240931234056,1.3187487829174311,1.5503184931524534,-0.001157564525866999
no_incident_control,176,row_preserved,0.3545480267389007,0.6632139312627814,0.8796386629260932,0,0.8963593819777482,1.3124401987027206,1.5660646833215512,-0.00017945687406386557
no_incident_control,176,column_shuffled,0.3554204762642123,0.6636610496955755,0.8796386629260932,0,0.8995235838124502,1.305762327185863,1.5461150508716641,0.0025647628064740286
no_incident_control,176,incident_stratified,0.3554204762642123,0.6636610496955755,0.8796386629260932,0,0.8995235838124502,1.305762327185863,1.5461150508716641,0.0025647628064740286
no_incident_control,177,row_preserved,0.3555429410464891,0.6452279758005288,0.9002040247714135,0.0006,0.8976393628297317,1.2979971115640334,1.542063241888251,-0.004034786128807144
no_incident_control,177,column_shuffled,0.35505522117247734,0.6444087406058637,0.9002040247714135,0.0006,0.8931030089656943,1.3206983397401846,1.5716769785573022,0.005964679418638257
no_incident_control,177,incident_stratified,0.35505522117247734,0.6444087406058637,0.9002040247714135,0.0006,0.8931030089656943,1.3206983397401846,1.5716769785573022,0.005964679418638257
no_incident_control,178,row_preserved,0.3553275248173121,0.6598661990504215,0.8685204614042323,0.0002,0.8989816472355441,1.2977075123045085,1.5252507932905686,-0.013181124832574248
no_incident_control,178,column_shuffled,0.3537224904468003,0.6590044668814363,0.8685204614042323,0.0002,0.8966654890528789,1.310348596524578,1.5613491628778378,-0.0006977490476639327
no_incident_control,178,incident_stratified,0.3537224904468003,0.6590044668814363,0.8685204614042323,0.0002,0.8966654890528789,1.310348596524578,1.5613491628778378,-0.0006977490476639327
no_incident_control,179,row_preserved,0.355964709178395,0.6720299388785956,0.8804126417033664,0.0002,0.8978196545195148,1.3111466275476493,1.5471364486803183,-0.004951522233085527
no_incident_control,179,column_shuffled,0.35705746155466156,0.6720664753383482,0.8804126417033664,0.0002,0.8983768191068638,1.3234652914687828,1.5749576249499606,0.014293041727225892
no_incident_control,179,incident_stratified,0.35705746155466156,0.6720664753383482,0.8804126417033664,0.0002,0.8983768191068638,1.3234652914687828,1.5749576249499606,0.014293041727225892
no_incident_control,180,row_preserved,0.3580075706707293,0.6685377352696941,0.8889308758670779,0,0.9016277115380366,1.3282461240206223,1.5635118677700932,0.009997436630431905
no_incident_control,180,column_shuffled,0.3600037807382718,0.6687151361456152,0.8889308758670779,0,0.9004027557783569,1.3223275380508235,1.5650897249551594,-0.010286540740627957
no_incident_control,180,incident_stratified,0.3600037807382718,0.6687151361456152,0.8889308758670779,0,0.9004027557783569,1.3223275380508235,1.5650897249551594,-0.010286540740627957
no_incident_control,181,row_preserved,0.35404878634702597,0.6555779987586305,0.927258319619964,0,0.8952043891723406,1.3055645282763106,1.6053219689165612,-0.0019815525810399645
no_incident_control,181,column_shuffled,0.3548546626775455,0.6555779987586305,0.927258319619964,0,0.8966052944537553,1.3121785945633695,1.5854759078980774,-0.0018503001523074453
no_incident_control,181,incident_stratified,0.3548546626775455,0.6555779987586305,0.927258319619964,0,0.8966052944537553,1.3121785945633695,1.5854759078980774,-0.0018503001523074453
no_incident_control,182,row_preserved,0.3532324096250459,0.6663110027623205,0.8842290771111373,0.0004,0.8960637698262335,1.3124838036439852,1.5488877547456812,0.009795548006565841
no_incident_control,182,column_shuffled,0.35359430293067995,0.6664291309962775,0.8842290771111373,0.0004,0.8936242354789555,1.311094411144491,1.5919092964723667,-0.0010183322881741513
no_incident_control,182,incident_stratified,0.35359430293067995,0.6664291309962775,0.8842290771111373,0.0004,0.8936242354789555,1.311094411144491,1.5919092964723667,-0.0010183322881741513
no_incident_control,183,row_preserved,0.3568867168860188,0.679075109030768,0.8959079391169816,0.0002,0.8943927349620132,1.325731760399518,1.57482061692023,0.0053418456065177965
no_incident_control,183,column_shuffled,0.35602095590771904,0.680429714331014,0.8959079391169816,0.0002,0.8932377069715673,1.3137249015859196,1.5475129244524586,0.0005837116896853896
no_incident_control,183,incident_stratified,0.35602095590771904,0.680429714331014,0.8959079391169816,0.0002,0.8932377069715673,1.3137249015859196,1.5475129244524586,0.0005837116896853896
no_incident_control,184,row_preserved,0.3535560222349554,0.6584377192427359,0.8724324571925532,0.0002,0.8925333946647549,1.3115780287700889,1.563970151636316,0.009887335571258064
no_incident_control,184,column_shuffled,0.35488519315067507,0.6584377192427359,0.8724324571925532,0.0002,0.8961279973361367,1.3037770013175374,1.5465363391988247,-0.0013701988070858723
no_incident_control,184,incident_stratified,0.35488519315067507,0.6584377192427359,0.8724324571925532,0.0002,0.8961279973361367,1.3037770013175374,1.5465363391988247,-0.0013701988070858723
no_incident_control,185,row_preserved,0.35638783921638595,0.6652363495315963,0.9119647236847643,0,0.8995539054438122,1.321768119215219,1.578851595491508,0.0029327789630131424
no_incident_control,185,column_shuffled,0.3562558747041515,0.6667367847784065,0.9119647236847643,0,0.896704468657951,1.3134692132570116,1.56155037741046,0.0024631824947108196
no_incident_control,185,incident_stratified,0.3562558747041515,0.6667367847784065,0.9119647236847643,0,0.896704468657951,1.3134692132570116,1.56155037741046,0.0024631824947108196
no_incident_control,186,row_preserved,0.3566542686974483,0.6619938976234622,0.8758173912143925,0.0002,0.8950327753483736,1.3138887857111676,1.5385785390255173,-0.00809377761568241
no_incident_control,186,column_shuffled,0.3549680169803192,0.6618791129608474,0.8758173912143925,0.0002,0.8932763589364883,1.3188773990066904,1.5645909112744159,-0.0011707889638516036
no_incident_control,186,incident_stratified,0.3549680169803192,0.6618791129608474,0.8758173912143925,0.0002,0.8932763589364883,1.3188773990066904,1.5645909112744159,-0.0011707889638516036
no_incident_control,187,row_preserved,0.35770980130925345,0.6750708806988909,0.9060991851144363,0.0008,0.8983854463269179,1.3375024627404692,1.5802034045952151,-0.005068600986121324
no_incident_control,187,column_shuffled,0.35949772893165644,0.6749701997123085,0.9060991851144363,0.0008,0.905436970758941,1.325379477109386,1.577324184464569,-0.013454188923841854
no_incident_control,187,incident_stratified,0.35949772893165644,0.6749701997123085,0.9060991851144363,0.0008,0.905436970758941,1.325379477109386,1.577324184464569,-0.013454188923841854
no_incident_control,188,row_preserved,0.3594627548782678,0.6742136490945552,0.9017384811538707,0.0006,0.8970185441540324,1.3188202715947248,1.5636203035509117,-0.006037818839814006
no_incident_control,188,column_shuffled,0.3559445384887172,0.6737509802272713,0.9017384811538707,0.0006,0.8934898786451351,1.3194592547284825,1.5866723447803628,0.0059484903023674165
no_incident_control,188,incident_stratified,0.3559445384887172,0.6737509802272713,0.9017384811538707,0.0006,0.8934898786451351,1.3194592547284825,1.5866723447803628,0.0059484903023674165
no_incident_control,189,row_preserved,0.35491557547113944,0.655219758305196,0.8918058805656428,0.0002,0.8972538715944733,1.2967652489862493,1.521345066721666,-0.006532082885205559
no_incident_control,189,column_shuffled,0.35455766226349983,0.655947682258903,0.8918058805656428,0.0002,0.8953324250774332,1.3087096183406077,1.5427241330338533,0.0018117637880264812
no_incident_control,189,incident_stratified,0.35455766226349983,0.655947682258903,0.8918058805656428,0.0002,0.8953324250774332,1.3087096183406077,1.5427241330338533,0.0018117637880264812
no_incident_control,190,row_preserved,0.35259253723426226,0.6599224415989767,0.8822783703277713,0.0002,0.8945999278830284,1.3199361061780763,1.5328931749745869,0.007116115482549538
no_incident_control,190,column_shuffled,0.35435291483086806,0.6600381299095952,0.8822783703277713,0.0002,0.8977142807245309,1.3097173221144436,1.534273379313805,-0.007474007514607237
no_incident_control,190,incident_stratified,0.35435291483086806,0.6600381299095952,0.8822783703277713,0.0002,0.8977142807245309,1.3097173221144436,1.534273379313805,-0.007474007514607237
no_incident_control,191,row_preserved,0.35557001555497714,0.6557137747633784,0.859630128825599,0,0.8966930066739103,1.2976843782925365,1.5337503694842956,-0.004297386611101371
no_incident_control,191,column_shuffled,0.35479767941363005,0.6562133787264239,0.859630128825599,0,0.8930342784010097,1.302437637272277,1.529625220844471,-0.004939012751168963
no_incident_control,191,incident_stratified,0.35479767941363005,0.6562133787264239,0.859630128825599,0,0.8930342784010097,1.302437637272277,1.529625220844471,-0.004939012751168963
no_incident_control,192,row_preserved,0.35517508566003175,0.6520168496810402,0.8883637387112081,0,0.8941052263583835,1.3124851424369162,1.5567706927901441,0.00552327295615088
no_incident_control,192,column_shuffled,0.3531432822871644,0.6476520380569147,0.8883637387112081,0,0.8909984262923247,1.3195038987585697,1.549069554959268,0.0018692380940302934
no_incident_control,192,incident_stratified,0.3531432822871644,0.6476520380569147,0.8883637387112081,0,0.8909984262923247,1.3195038987585697,1.549069554959268,0.0018692380940302934
no_incident_control,193,row_preserved,0.3559659459086106,0.6517963910655119,0.848968657413406,0,0.8917885070090343,1.300053680162029,1.528192309873257,-0.013624264545745385
no_incident_control,193,column_shuffled,0.35614498224604163,0.6516564782833502,0.848968657413406,0,0.8970043732413459,1.308105650480797,1.5346511229660793,0.004998206006000431
no_incident_control,193,incident_stratified,0.35614498224604163,0.6516564782833502,0.848968657413406,0,0.8970043732413459,1.308105650480797,1.5346511229660793,0.004998206006000431
no_incident_control,194,row_preserved,0.36092224964767927,0.6667633173913143,0.8897473284162444,0,0.9044249292538915,1.3166228331192533,1.5318096316842675,-0.01215931609011787
no_incident_control,194,column_shuffled,0.35985392499443075,0.6671363390376241,0.8897473284162444,0,0.8989561303040108,1.3269939298176818,1.5598949122464991,0.003548690356071523
no_incident_control,194,incident_stratified,0.35985392499443075,0.6671363390376241,0.8897473284162444,0,0.8989561303040108,1.3269939298176818,1.5598949122464991,0.003548690356071523
no_incident_control,195,row_preserved,0.35939474702201474,0.6566905265911337,0.8818989364861902,0.0004,0.8985949952748487,1.3002171877652149,1.5429612728307083,-0.01044359598683936
no_incident_control,195,column_shuffled,0.3578128687054877,0.6566905265911337,0.8818989364861902,0.0004,0.896143070833828,1.3177525461983706,1.554563339535656,0.0032545230342277335
no_incident_control,195,incident_stratified,0.3578128687054877,0.6566905265911337,0.8818989364861902,0.0004,0.896143070833828,1.3177525461983706,1.554563339535656,0.0032545230342277335
no_incident_control,196,row_preserved,0.35071471638178503,0.6530881526639082,0.8898925490737295,0,0.8894500443067012,1.313676031475031,1.5506019137662181,0.006693924541055514
no_incident_control,196,column_shuffled,0.3515015960266582,0.6525966860221624,0.8898925490737295,0,0.8901651318103503,1.3131000528149692,1.5234518129561119,0.007538364564317684
no_incident_control,196,incident_stratified,0.3515015960266582,0.6525966860221624,0.8898925490737295,0,0.8901651318103503,1.3131000528149692,1.5234518129561119,0.007538364564317684
no_incident_control,197,row_preserved,0.3607895373610417,0.6584490695057775,0.8920969282034185,0.001,0.9013528811566245,1.3175889565387782,1.5560780777873886,0.003645556006932242
no_incident_control,197,column_shuffled,0.3595299580420787,0.6561153357636714,0.8920969282034185,0.001,0.9012998947558839,1.3118002907042108,1.5753003767369356,0.0035893012378356067
no_incident_control,197,incident_stratified,0.3595299580420787,0.6561153357636714,0.8920969282034185,0.001,0.9012998947558839,1.3118002907042108,1.5753003767369356,0.0035893012378356067
no_incident_control,198,row_preserved,0.35740822150888535,0.6647128614844144,0.8951970160489181,0.0004,0.897379813771829,1.323355920898611,1.5674509462464037,0.000020075161896150894
no_incident_control,198,column_shuffled,0.3593742811351996,0.6664649407545307,0.8951970160489181,0.0004,0.9014220586509318,1.3220731588446684,1.5876020584267327,0.010368818635012163
no_incident_control,198,incident_stratified,0.3593742811351996,0.6664649407545307,0.8951970160489181,0.0004,0.9014220586509318,1.3220731588446684,1.5876020584267327,0.010368818635012163
no_incident_control,199,row_preserved,0.35533846104114747,0.6541160525399231,0.8482114040303435,0.0004,0.8930427912998441,1.2979775245591119,1.5694236565942168,-0.005036463840102091
no_incident_control,199,column_shuffled,0.3530034570343098,0.6541160525399231,0.8482114040303435,0.0004,0.8872558300813097,1.3045567003402014,1.553259541126169,-0.004833192872258339
no_incident_control,199,incident_stratified,0.3530034570343098,0.6541160525399231,0.8482114040303435,0.0004,0.8872558300813097,1.3045567003402014,1.553259541126169,-0.004833192872258339
no_incident_control,200,row_preserved,0.35770782007929125,0.6622922386738607,0.905196511249037,0.0002,0.8989891767856985,1.3209221041665384,1.5802144109183984,-0.0012604533306503198
no_incident_control,200,column_shuffled,0.35898495183822754,0.6624039961975172,0.905196511249037,0.0002,0.8998784755485902,1.3189367117356037,1.5444148128748805,-0.012839626034080225
no_incident_control,200,incident_stratified,0.35898495183822754,0.6624039961975172,0.905196511249037,0.0002,0.8998784755485902,1.3189367117356037,1.5444148128748805,-0.012839626034080225
no_incident_control,201,row_preserved,0.35460668686459007,0.6688491835832127,0.8854493618614472,0.0004,0.8968373261019711,1.3111188313792916,1.5467082632770093,0.0032518679393309766
no_incident_control,201,column_shuffled,0.3544232674743616,0.6674595572832825,0.8854493618614472,0.0004,0.8939522759382024,1.317988426599011,1.5677209627162763,0.000143731790153501
no_incident_control,201,incident_stratified,0.3544232674743616,0.6674595572832825,0.8854493618614472,0.0004,0.8939522759382024,1.317988426599011,1.5677209627162763,0.000143731790153501
no_incident_control,202,row_preserved,0.3538353459981159,0.656355200628058,0.8940121770012065,0,0.8929727156077027,1.312779220458007,1.5733105640457195,-0.0015315389155955298
no_incident_control,202,column_shuffled,0.3551371987327554,0.6555755963951146,0.8940121770012065,0,0.8952664425157268,1.3020123803170935,1.5789852915552278,-0.00757779141034335
no_incident_control,202,incident_stratified,0.3551371987327554,0.6555755963951146,0.8940121770012065,0,0.8952664425157268,1.3020123803170935,1.5789852915552278,-0.00757779141034335
no_incident_control,203,row_preserved,0.35963703371145417,0.6735476301000536,0.9318349098197933,0.0006,0.8987914858435573,1.3225499363849527,1.568800618862841,-0.019089215821248017
no_incident_control,203,column_shuffled,0.3575208062441414,0.6735006446141779,0.9318349098197933,0.0006,0.8991467026638265,1.3158843864642387,1.6106696304026604,0.0014139517670988735
no_incident_control,203,incident_stratified,0.3575208062441414,0.6735006446141779,0.9318349098197933,0.0006,0.8991467026638265,1.3158843864642387,1.6106696304026604,0.0014139517670988735
no_incident_control,204,row_preserved,0.3565232414642795,0.6649883191002259,0.8813884648117267,0,0.9003061006838617,1.3089402535311165,1.548634277163443,-0.002191052614059556
no_incident_control,204,column_shuffled,0.3584577314756444,0.6641827620930372,0.8813884648117267,0,0.9012226304830901,1.3127444378126265,1.5472522680453258,-0.006741064426873837
no_incident_control,204,incident_stratified,0.3584577314756444,0.6641827620930372,0.8813884648117267,0,0.9012226304830901,1.3127444378126265,1.5472522680453258,-0.006741064426873837
no_incident_control,205,row_preserved,0.3550485073001943,0.6675970249423538,0.8867846952916468,0.0002,0.8954045236240722,1.3114797785629073,1.5513329384125938,-0.01683395864007593
no_incident_control,205,column_shuffled,0.3555145786282015,0.6675970249423538,0.8867846952916468,0.0002,0.8996619925805858,1.3165613964329796,1.5566996316603583,-0.004657223789775885
no_incident_control,205,incident_stratified,0.3555145786282015,0.6675970249423538,0.8867846952916468,0.0002,0.8996619925805858,1.3165613964329796,1.5566996316603583,-0.004657223789775885
no_incident_control,206,row_preserved,0.35539579471540117,0.6685761708284446,0.9032273708383811,0.0002,0.8953124605169425,1.3111938662544902,1.5667444594906506,0.006156234113581175
no_incident_control,206,column_shuffled,0.3564786802576685,0.6680688940853752,0.9032273708383811,0.0002,0.8980321884215328,1.3226693552713322,1.5685449734095185,0.008174278568607809
no_incident_control,206,incident_stratified,0.3564786802576685,0.6680688940853752,0.9032273708383811,0.0002,0.8980321884215328,1.3226693552713322,1.5685449734095185,0.008174278568607809
no_incident_control,207,row_preserved,0.35648685323640966,0.6612429718683711,0.895510116470615,0,0.8979498721187776,1.312377252001266,1.5444962770958257,0.00041619759438742376
no_incident_control,207,column_shuffled,0.3560588652416361,0.6606423693451988,0.895510116470615,0,0.8934173609289728,1.3175441413203937,1.5470441745238757,-0.0045906717953524585
no_incident_control,207,incident_stratified,0.3560588652416361,0.6606423693451988,0.895510116470615,0,0.8934173609289728,1.3175441413203937,1.5470441745238757,-0.0045906717953524585
no_incident_control,208,row_preserved,0.3569117672961971,0.667365871288337,0.9086480884404506,0,0.9020022248826303,1.3175881796017377,1.573349174586681,0.0030891442021993075
no_incident_control,208,column_shuffled,0.3560855751097063,0.6662726272496811,0.9086480884404506,0,0.9021062421110158,1.315484696174765,1.5574371606264972,-0.006245112817131773
no_incident_control,208,incident_stratified,0.3560855751097063,0.6662726272496811,0.9086480884404506,0,0.9021062421110158,1.315484696174765,1.5574371606264972,-0.006245112817131773
no_incident_control,209,row_preserved,0.3579923047476226,0.6630299845438754,0.8946510327374995,0,0.8995216903878398,1.330422598905666,1.5644013917934076,0.002407604524092473
no_incident_control,209,column_shuffled,0.358292828091282,0.6630299845438754,0.8946510327374995,0,0.9002851317602676,1.3225090113565487,1.5931418067921397,-0.0009825911433211949
no_incident_control,209,incident_stratified,0.358292828091282,0.6630299845438754,0.8946510327374995,0,0.9002851317602676,1.3225090113565487,1.5931418067921397,-0.0009825911433211949
no_incident_control,210,row_preserved,0.35513857759936085,0.6698217283107369,0.8791373411200448,0.0004,0.8923368588094001,1.3027789677548047,1.5763293700170045,-0.00017499981343724989
no_incident_control,210,column_shuffled,0.3542602824894756,0.6693611781178495,0.8791373411200448,0.0004,0.893612034082389,1.3156268208712265,1.5681262352380356,0.008928362168653248
no_incident_control,210,incident_stratified,0.3542602824894756,0.6693611781178495,0.8791373411200448,0.0004,0.893612034082389,1.3156268208712265,1.5681262352380356,0.008928362168653248
no_incident_control,211,row_preserved,0.35540301393935714,0.667724061318058,0.8959657295290128,0.0002,0.8957479517062781,1.3074081513212592,1.5690435529734257,0.008344844041459467
no_incident_control,211,column_shuffled,0.35420473451758416,0.667724061318058,0.8959657295290128,0.0002,0.9004927151548079,1.32281089170576,1.5773897400793886,0.008619795642264361
no_incident_control,211,incident_stratified,0.35420473451758416,0.667724061318058,0.8959657295290128,0.0002,0.9004927151548079,1.32281089170576,1.5773897400793886,0.008619795642264361
no_incident_control,212,row_preserved,0.3542682826341161,0.6423659178321335,0.8634546204458569,0,0.8927391596647167,1.2999616750471001,1.5425242921672904,-0.0006219729060916596
no_incident_control,212,column_shuffled,0.3554196421414688,0.643056366408513,0.8634546204458569,0,0.895243035103743,1.2972727739526688,1.504666108700766,-0.0016661415812952857
no_incident_control,212,incident_stratified,0.3554196421414688,0.643056366408513,0.8634546204458569,0,0.895243035103743,1.2972727739526688,1.504666108700766,-0.0016661415812952857
no_incident_control,213,row_preserved,0.3575836516397827,0.6718668713624437,0.9048860287166658,0.0002,0.9005249735175536,1.3170132006225215,1.5921846738495573,-0.0034650190679817033
no_incident_control,213,column_shuffled,0.3588694703947433,0.6717671354947841,0.9048860287166658,0.0002,0.9019351558123007,1.325576994019804,1.5962204424952962,0.0017658120074395777
no_incident_control,213,incident_stratified,0.3588694703947433,0.6717671354947841,0.9048860287166658,0.0002,0.9019351558123007,1.325576994019804,1.5962204424952962,0.0017658120074395777
no_incident_control,214,row_preserved,0.35585572981172586,0.6716577811332245,0.8607887048855067,0.0002,0.8940371790533624,1.3205415221052423,1.5573182494520772,0.0014432082956836276
no_incident_control,214,column_shuffled,0.35466782720574414,0.6716577811332245,0.8607887048855067,0.0002,0.898213734525142,1.3121691606182808,1.5427962745530541,0.0068532933754871
no_incident_control,214,incident_stratified,0.35466782720574414,0.6716577811332245,0.8607887048855067,0.0002,0.898213734525142,1.3121691606182808,1.5427962745530541,0.0068532933754871
no_incident_control,215,row_preserved,0.3577845070941341,0.66002070629523,0.868663635841828,0.0004,0.898280847750999,1.2974674687197858,1.5315156100228426,0.0008924449326920582
no_incident_control,215,column_shuffled,0.3568963909062218,0.6594118108730751,0.868663635841828,0.0004,0.8960968141484333,1.3062418579130992,1.5192728052306097,-0.008540875786836365
no_incident_control,215,incident_stratified,0.3568963909062218,0.6594118108730751,0.868663635841828,0.0004,0.8960968141484333,1.3062418579130992,1.5192728052306097,-0.008540875786836365
no_incident_control,216,row_preserved,0.3585749314395451,0.6732406718815652,0.8935171882069154,0.001,0.8983236177100963,1.3287574387519658,1.5808363313353182,0.0005659636045182975
no_incident_control,216,column_shuffled,0.3604742629890879,0.674136625752147,0.8935171882069154,0.001,0.9074930899187462,1.3221023877333924,1.5585519433728194,0.0006150391718711174
no_incident_control,216,incident_stratified,0.3604742629890879,0.674136625752147,0.8935171882069154,0.001,0.9074930899187462,1.3221023877333924,1.5585519433728194,0.0006150391718711174
no_incident_control,217,row_preserved,0.3535144641545438,0.654263505110363,0.8898199803141607,0.0002,0.8985240090660381,1.2982084888669787,1.57844155882943,0.0020678903441089798
no_incident_control,217,column_shuffled,0.353740667547744,0.6556811126930626,0.8898199803141607,0.0002,0.8916682657179811,1.3112124633510895,1.5544835172146558,0.006788509327590641
no_incident_control,217,incident_stratified,0.353740667547744,0.6556811126930626,0.8898199803141607,0.0002,0.8916682657179811,1.3112124633510895,1.5544835172146558,0.006788509327590641
no_incident_control,218,row_preserved,0.3575576375913611,0.6669214280468359,0.9036039447462237,0.0004,0.895040186947043,1.312506708236758,1.568377774685999,0.004542177314628331
no_incident_control,218,column_shuffled,0.35785860609929004,0.6669214280468359,0.906640734610552,0.0004,0.8976970629792526,1.3191874261882748,1.547819398187581,0.003346052168851029
no_incident_control,218,incident_stratified,0.35785860609929004,0.6669214280468359,0.906640734610552,0.0004,0.8976970629792526,1.3191874261882748,1.547819398187581,0.003346052168851029
no_incident_control,219,row_preserved,0.3577632133652727,0.6626099447238417,0.8870146575638629,0,0.8972334285191477,1.3090297289482882,1.533914866486918,0.009992443000657228
no_incident_control,219,column_shuffled,0.35677325508707924,0.6626099447238417,0.8870146575638629,0,0.892778107811246,1.3203004348981848,1.5650169337216737,0.0006290785495714431
no_incident_control,219,incident_stratified,0.35677325508707924,0.6626099447238417,0.8870146575638629,0,0.892778107811246,1.3203004348981848,1.5650169337216737,0.0006290785495714431
no_incident_control,220,row_preserved,0.3594624161364396,0.653462048592141,0.8610094013007603,0.0002,0.8941289265112309,1.2954115118357692,1.5083075500929464,-0.0077102290607286225
no_incident_control,220,column_shuffled,0.35974960533251665,0.653462048592141,0.8610094013007603,0.0002,0.8959161185590431,1.283695658516695,1.5232738888310675,-0.015061240646214363
no_incident_control,220,incident_stratified,0.35974960533251665,0.653462048592141,0.8610094013007603,0.0002,0.8959161185590431,1.283695658516695,1.5232738888310675,-0.015061240646214363
no_incident_control,221,row_preserved,0.34945703552185586,0.6490191255221479,0.8822791212412826,0,0.8861891860602346,1.303776356641131,1.565228679680016,0.004729823322841676
no_incident_control,221,column_shuffled,0.35123608648885474,0.6494634487557258,0.8822791212412826,0,0.8886440047178075,1.3008787658368108,1.540478827712425,-0.0038534094904450838
no_incident_control,221,incident_stratified,0.35123608648885474,0.6494634487557258,0.8822791212412826,0,0.8886440047178075,1.3008787658368108,1.540478827712425,-0.0038534094904450838
no_incident_control,222,row_preserved,0.35549739636634203,0.6610267436727726,0.8984575759322844,0,0.8959843273335486,1.306928549915844,1.5862068534700282,0.011763875522409914
no_incident_control,222,column_shuffled,0.3566252643463227,0.6612560792074145,0.8984575759322844,0,0.8973958762567773,1.302469476675883,1.536852363557412,-0.010498647035933695
no_incident_control,222,incident_stratified,0.3566252643463227,0.6612560792074145,0.8984575759322844,0,0.8973958762567773,1.302469476675883,1.536852363557412,-0.010498647035933695
no_incident_control,223,row_preserved,0.35292640920067425,0.6542189020758933,0.8732968585589096,0,0.8954666988722535,1.2958748458882225,1.520542613700301,0.006887445707354923
no_incident_control,223,column_shuffled,0.35319143350101045,0.6547385600996769,0.8732968585589096,0,0.8901038568951052,1.3026210402598037,1.5316574339112559,-0.004129417126377562
no_incident_control,223,incident_stratified,0.35319143350101045,0.6547385600996769,0.8732968585589096,0,0.8901038568951052,1.3026210402598037,1.5316574339112559,-0.004129417126377562
no_incident_control,224,row_preserved,0.3566593657968992,0.6697559060533036,0.8839251054497019,0,0.8953388632119152,1.3265766193472284,1.5557286556115422,0.010803006239674603
no_incident_control,224,column_shuffled,0.3579318615917327,0.6706300163056758,0.8839251054497019,0,0.8926959759458211,1.3040651578839157,1.572195296970301,0.0066556626760926755
no_incident_control,224,incident_stratified,0.3579318615917327,0.6706300163056758,0.8839251054497019,0,0.8926959759458211,1.3040651578839157,1.572195296970301,0.0066556626760926755
no_incident_control,225,row_preserved,0.3563449507595039,0.6435426838808141,0.861233327942909,0,0.8963031710291954,1.3012431453311266,1.5152878733756792,0.001289429861410307
no_incident_control,225,column_shuffled,0.35583449041108506,0.6435426838808141,0.861233327942909,0,0.8978178861557867,1.3036476354831454,1.5475692250609159,0.000877980447947578
no_incident_control,225,incident_stratified,0.35583449041108506,0.6435426838808141,0.861233327942909,0,0.8978178861557867,1.3036476354831454,1.5475692250609159,0.000877980447947578
no_incident_control,226,row_preserved,0.3577476533811115,0.6742336781006691,0.9236150588876525,0.0008,0.8974098210674096,1.33778326935712,1.6104880954875056,0.0033628860993223475
no_incident_control,226,column_shuffled,0.356550135477697,0.6742336781006691,0.9236150588876525,0.0008,0.90311545514782,1.3307644350785748,1.6004858884060993,0.0043689675998157445
no_incident_control,226,incident_stratified,0.356550135477697,0.6742336781006691,0.9236150588876525,0.0008,0.90311545514782,1.3307644350785748,1.6004858884060993,0.0043689675998157445
no_incident_control,227,row_preserved,0.3566468661391949,0.6649870379271587,0.9139593409617601,0,0.8931826702244066,1.312233683350982,1.5649014541248685,-0.0007440313349549936
no_incident_control,227,column_shuffled,0.35477160189875984,0.6640506093065431,0.9139593409617601,0,0.8981679685768524,1.308596059142957,1.5749275827107136,-0.0034380306380366863
no_incident_control,227,incident_stratified,0.35477160189875984,0.6640506093065431,0.9139593409617601,0,0.8981679685768524,1.308596059142957,1.5749275827107136,-0.0034380306380366863
no_incident_control,228,row_preserved,0.35617558295738355,0.6596803269258952,0.8776926959895442,0.0002,0.8969429305937119,1.3026538625141117,1.5257056212820597,-0.005833721398943327
no_incident_control,228,column_shuffled,0.35470801675201863,0.6597683129811136,0.8776926959895442,0.0002,0.8944762678254752,1.3149435657972215,1.5537882600030495,0.0027074052560034094
no_incident_control,228,incident_stratified,0.35470801675201863,0.6597683129811136,0.8776926959895442,0.0002,0.8944762678254752,1.3149435657972215,1.5537882600030495,0.0027074052560034094
no_incident_control,229,row_preserved,0.3544401063818524,0.6733560862588909,0.8872578990555104,0.0002,0.9028530357399209,1.34149866660638,1.5726091802258066,0.008967050182961058
no_incident_control,229,column_shuffled,0.3561365346534998,0.6744310489577758,0.8872578990555104,0.0002,0.9002576598249357,1.3229704504617092,1.5667583288810407,0.002083222496890105
no_incident_control,229,incident_stratified,0.3561365346534998,0.6744310489577758,0.8872578990555104,0.0002,0.9002576598249357,1.3229704504617092,1.5667583288810407,0.002083222496890105
no_incident_control,230,row_preserved,0.35354505159347926,0.6491284412163683,0.8486004076897793,0.0002,0.8930456887740815,1.2929195419323327,1.5269975577594999,-0.004878482197039851
no_incident_control,230,column_shuffled,0.35432916747829313,0.6497221997163396,0.8486004076897793,0.0002,0.894745041168925,1.301745725627035,1.5118202007694244,-0.0005967858144004197
no_incident_control,230,incident_stratified,0.35432916747829313,0.6497221997163396,0.8486004076897793,0.0002,0.894745041168925,1.301745725627035,1.5118202007694244,-0.0005967858144004197
no_incident_control,231,row_preserved,0.35974959930994654,0.6718242502181744,0.9185540489854261,0.0002,0.90217799349815,1.3246374752360373,1.5701559361169155,-0.006728525073153566
no_incident_control,231,column_shuffled,0.36092923831234947,0.6730668903703887,0.9185540489854261,0.0002,0.902760905269029,1.3367867629417356,1.5939593134501728,0.0015967722093526945
no_incident_control,231,incident_stratified,0.36092923831234947,0.6730668903703887,0.9185540489854261,0.0002,0.902760905269029,1.3367867629417356,1.5939593134501728,0.0015967722093526945
no_incident_control,232,row_preserved,0.35292081038213885,0.6567165465304298,0.895750099869115,0.0002,0.8933291533900868,1.3069754510342222,1.5606426648002603,-0.000336102172609085
no_incident_control,232,column_shuffled,0.3529991908356588,0.6553487139893927,0.895750099869115,0.0002,0.8938550845633395,1.3118402208469133,1.5571439812087158,-0.0004989738599567624
no_incident_control,232,incident_stratified,0.3529991908356588,0.6553487139893927,0.895750099869115,0.0002,0.8938550845633395,1.3118402208469133,1.5571439812087158,-0.0004989738599567624
no_incident_control,233,row_preserved,0.3585437683344107,0.6615830226255145,0.8978859143281931,0,0.8997616011454834,1.3073750495623733,1.5448699754373452,-0.006500036586222713
no_incident_control,233,column_shuffled,0.3561419970080625,0.6629829271558185,0.8978859143281931,0,0.8978983977745121,1.3187833780123772,1.5588823128163423,0.0029016204108489145
no_incident_control,233,incident_stratified,0.3561419970080625,0.6629829271558185,0.8978859143281931,0,0.8978983977745121,1.3187833780123772,1.5588823128163423,0.0029016204108489145
no_incident_control,234,row_preserved,0.3544833843341134,0.6681122829175993,0.8764865575041999,0,0.897689570489149,1.3059116839697156,1.5357090547145873,0.0012418750411147981
no_incident_control,234,column_shuffled,0.35534058893147935,0.6677570712556081,0.8764865575041999,0,0.89649540960783,1.3105241326464305,1.530392240270639,0.0006016845925502796
no_incident_control,234,incident_stratified,0.35534058893147935,0.6677570712556081,0.8764865575041999,0,0.89649540960783,1.3105241326464305,1.530392240270639,0.0006016845925502796
no_incident_control,235,row_preserved,0.35658274072162255,0.6668303043853603,0.912591050280847,0,0.891255824691373,1.3305388368509956,1.57507268460688,0.007638770487006709
no_incident_control,235,column_shuffled,0.35765529337551655,0.6668303043853603,0.912591050280847,0,0.8996041875697698,1.3266332355892363,1.5711733327818704,0.005597506969185248
no_incident_control,235,incident_stratified,0.35765529337551655,0.6668303043853603,0.912591050280847,0,0.8996041875697698,1.3266332355892363,1.5711733327818704,0.005597506969185248
no_incident_control,236,row_preserved,0.3536964512770681,0.6629457739027043,0.8724964903433811,0.0006,0.8955524779390248,1.296386467304593,1.5183191848455666,-0.0024032295166098575
no_incident_control,236,column_shuffled,0.35206008768318203,0.6629457739027043,0.8724964903433811,0.0006,0.8918586015698367,1.3110555173439196,1.5381556168467347,0.00005648805015897717
no_incident_control,236,incident_stratified,0.35206008768318203,0.6629457739027043,0.8724964903433811,0.0006,0.8918586015698367,1.3110555173439196,1.5381556168467347,0.00005648805015897717
no_incident_control,237,row_preserved,0.35857888311121844,0.6534776749162671,0.8931624765811896,0.0004,0.9017297330823595,1.3264581257129087,1.543668645446916,0.009693546740637111
no_incident_control,237,column_shuffled,0.35740980676459755,0.6542686057094618,0.8931624765811896,0.0004,0.9001457922712804,1.3189857520344177,1.5582581590136637,0.0029815836745860913
no_incident_control,237,incident_stratified,0.35740980676459755,0.6542686057094618,0.8931624765811896,0.0004,0.9001457922712804,1.3189857520344177,1.5582581590136637,0.0029815836745860913
no_incident_control,238,row_preserved,0.3562908169448286,0.6666081877614046,0.9007594969324099,0.0002,0.9018365662337331,1.3140109483213527,1.5725163706020369,0.000009617374110516396
no_incident_control,238,column_shuffled,0.35799999796268334,0.6665470462739094,0.9007594969324099,0.0002,0.9013714911548886,1.2994387887823142,1.5750404681693546,-0.005162942293823049
no_incident_control,238,incident_stratified,0.35799999796268334,0.6665470462739094,0.9007594969324099,0.0002,0.9013714911548886,1.2994387887823142,1.5750404681693546,-0.005162942293823049
no_incident_control,239,row_preserved,0.35625039169963235,0.6742911806264567,0.9132892491953388,0,0.8971278336634342,1.320567704574075,1.5696530625926868,-0.009023065909046044
no_incident_control,239,column_shuffled,0.3567083128507237,0.6751770364818525,0.9132892491953388,0,0.8992812103054884,1.3262216435155176,1.5613125042076814,-0.0016954473733548248
no_incident_control,239,incident_stratified,0.3567083128507237,0.6751770364818525,0.9132892491953388,0,0.8992812103054884,1.3262216435155176,1.5613125042076814,-0.0016954473733548248
no_incident_control,240,row_preserved,0.3575930861514541,0.6743205521556883,0.8906319897142111,0.0004,0.8996282780102909,1.3237921602506808,1.587042793680172,0.007675234584474951
no_incident_control,240,column_shuffled,0.3591719345394699,0.6740099914342604,0.8906319897142111,0.0004,0.9013565817659832,1.3155045346842607,1.5548170468084848,-0.008154489980312629
no_incident_control,240,incident_stratified,0.3591719345394699,0.6740099914342604,0.8906319897142111,0.0004,0.9013565817659832,1.3155045346842607,1.5548170468084848,-0.008154489980312629
no_incident_control,241,row_preserved,0.35537141924692517,0.651359286238872,0.8819325740418302,0.0002,0.894364546476327,1.3058465223931217,1.5506241406616654,0.004494785703269549
no_incident_control,241,column_shuffled,0.3564826375238447,0.6507583098478814,0.8819325740418302,0.0002,0.897291952365421,1.3137079557927915,1.5471011146066633,-0.002665120087577162
no_incident_control,241,incident_stratified,0.3564826375238447,0.6507583098478814,0.8819325740418302,0.0002,0.897291952365421,1.3137079557927915,1.5471011146066633,-0.002665120087577162
no_incident_control,242,row_preserved,0.3578369944489336,0.6732439230594427,0.902431611447676,0.0002,0.8965390098021063,1.3293324131262425,1.575503654702962,-0.00806046078303624
no_incident_control,242,column_shuffled,0.3575396038031423,0.6732439230594427,0.902431611447676,0.0002,0.8960340012818702,1.3138286975643634,1.5353722122646136,-0.0072458922456595
no_incident_control,242,incident_stratified,0.3575396038031423,0.6732439230594427,0.902431611447676,0.0002,0.8960340012818702,1.3138286975643634,1.5353722122646136,-0.0072458922456595
no_incident_control,243,row_preserved,0.35452919115942855,0.6711176595909191,0.8781556725387292,0.0002,0.8933837241885422,1.3099417235967494,1.5607389202409885,-0.0028139292984646577
no_incident_control,243,column_shuffled,0.3544841440497661,0.6708351002881947,0.8781556725387292,0.0002,0.8938710421158483,1.3202896193567017,1.5655917792671716,0.0010243406362757175
no_incident_control,243,incident_stratified,0.3544841440497661,0.6708351002881947,0.8781556725387292,0.0002,0.8938710421158483,1.3202896193567017,1.5655917792671716,0.0010243406362757175
no_incident_control,244,row_preserved,0.35447167032768934,0.6674448322371644,0.8814650873696896,0.0006,0.8921047760939965,1.323900190762497,1.5623381683571869,-0.0007058732101629227
no_incident_control,244,column_shuffled,0.3547740705334837,0.6672393956467403,0.8814650873696896,0.0006,0.893184544688893,1.3156321601191094,1.5412068449566692,0.0039042371502003297
no_incident_control,244,incident_stratified,0.3547740705334837,0.6672393956467403,0.8814650873696896,0.0006,0.893184544688893,1.3156321601191094,1.5412068449566692,0.0039042371502003297
no_incident_control,245,row_preserved,0.35632799013636607,0.6741200641378745,0.9035977910008965,0,0.8963836239325207,1.3165898972314543,1.5783371418387735,-0.002985701318719107
no_incident_control,245,column_shuffled,0.3554348447441146,0.6742159167441317,0.9035977910008965,0,0.8948992553778904,1.3285082660094836,1.5803192991967054,0.0043260474987752645
no_incident_control,245,incident_stratified,0.3554348447441146,0.6742159167441317,0.9035977910008965,0,0.8948992553778904,1.3285082660094836,1.5803192991967054,0.0043260474987752645
no_incident_control,246,row_preserved,0.3568496563410979,0.6499239894204716,0.8633764119863752,0,0.8932137747698804,1.3009501058659634,1.5369440239746748,0.0007490164003799525
no_incident_control,246,column_shuffled,0.3547024521547452,0.6499745039056601,0.8633764119863752,0,0.8989716076843518,1.3038298624000015,1.5158250048190978,-0.0014016176712275555
no_incident_control,246,incident_stratified,0.3547024521547452,0.6499745039056601,0.8633764119863752,0,0.8989716076843518,1.3038298624000015,1.5158250048190978,-0.0014016176712275555
no_incident_control,247,row_preserved,0.3559270148590052,0.6745870838305822,0.9379779004485508,0.0008,0.8982639377889892,1.3233398069057425,1.5719349094237463,0.00009727783085874862
no_incident_control,247,column_shuffled,0.35573570406121874,0.6747438957586853,0.9379779004485508,0.0008,0.8970603077029151,1.3213867966714303,1.5846953801207544,-0.007312380083475325
no_incident_control,247,incident_stratified,0.35573570406121874,0.6747438957586853,0.9379779004485508,0.0008,0.8970603077029151,1.3213867966714303,1.5846953801207544,-0.007312380083475325
no_incident_control,248,row_preserved,0.3591220488007343,0.6777156680829243,0.8914482727224684,0.0004,0.9011433750992892,1.3220428469581003,1.5761197595280145,-0.003095402796597632
no_incident_control,248,column_shuffled,0.3593564723448676,0.6788529045477091,0.8914482727224684,0.0004,0.898596608058466,1.3321555359964263,1.544214005918696,-0.006225525424766413
no_incident_control,248,incident_stratified,0.3593564723448676,0.6788529045477091,0.8914482727224684,0.0004,0.898596608058466,1.3321555359964263,1.544214005918696,-0.006225525424766413
no_incident_control,249,row_preserved,0.35672963957063386,0.6599152083672193,0.8877742861756492,0.0002,0.8935624648229603,1.3103386334139562,1.566289478349915,0.008292105840119761
no_incident_control,249,column_shuffled,0.3575811481538602,0.6597050047233406,0.8877742861756492,0.0002,0.8946413195490309,1.3045137464246723,1.5573661631251043,0.00536391363332847
no_incident_control,249,incident_stratified,0.3575811481538602,0.6597050047233406,0.8877742861756492,0.0002,0.8946413195490309,1.3045137464246723,1.5573661631251043,0.00536391363332847
no_incident_control,250,row_preserved,0.3501119309744285,0.6425409223993955,0.8521034591389549,0.0004,0.885895870082495,1.3031627769766336,1.541744393181264,0.010829309034814239
no_incident_control,250,column_shuffled,0.35004668660965377,0.643211232224459,0.8521034591389549,0.0004,0.888704837108748,1.2951169458817537,1.5516008980951173,0.0041576092344574175
no_incident_control,250,incident_stratified,0.35004668660965377,0.643211232224459,0.8521034591389549,0.0004,0.888704837108748,1.2951169458817537,1.5516008980951173,0.0041576092344574175
no_incident_control,251,row_preserved,0.35390012118198505,0.6584963288637344,0.8798430842482721,0.0002,0.891681340124409,1.3108617448444169,1.5235648850964607,0.006991293838388624
no_incident_control,251,column_shuffled,0.35563590548527324,0.6580881611060465,0.8798430842482721,0.0002,0.8899181198105469,1.3052552798408,1.5561810404357654,-0.001047039638432847
no_incident_control,251,incident_stratified,0.35563590548527324,0.6580881611060465,0.8798430842482721,0.0002,0.8899181198105469,1.3052552798408,1.5561810404357654,-0.001047039638432847
no_incident_control,252,row_preserved,0.35302170007537254,0.6781077961121093,0.8946630124230276,0.0004,0.8956681124623254,1.3294461403021223,1.5781465192991913,0.005830404037188465
no_incident_control,252,column_shuffled,0.351770914827846,0.678655844744385,0.8946630124230276,0.0004,0.8937741108400458,1.3261965411895185,1.568034247986787,0.010668992262245299
no_incident_control,252,incident_stratified,0.351770914827846,0.678655844744385,0.8946630124230276,0.0004,0.8937741108400458,1.3261965411895185,1.568034247986787,0.010668992262245299
no_incident_control,253,row_preserved,0.35927114680675254,0.6640229887941285,0.8557065200300418,0,0.9054655323073797,1.3158692662606821,1.5553222591323703,0.002889784506840342
no_incident_control,253,column_shuffled,0.3594278377474378,0.6635303677760859,0.8557065200300418,0,0.9012239488023379,1.3180313524022385,1.5682845569218857,0.0068828388908162555
no_incident_control,253,incident_stratified,0.3594278377474378,0.6635303677760859,0.8557065200300418,0,0.9012239488023379,1.3180313524022385,1.5682845569218857,0.0068828388908162555
no_incident_control,254,row_preserved,0.3558573865751189,0.6689266025159905,0.9052560937750238,0,0.89532411076959,1.3246771647456779,1.563982814564012,0.004755629756065819
no_incident_control,254,column_shuffled,0.3551663988637126,0.6693285554328783,0.9052560937750238,0,0.8969350888254811,1.317216808266119,1.5518400987080272,-0.0017402245191691032
no_incident_control,254,incident_stratified,0.3551663988637126,0.6693285554328783,0.9052560937750238,0,0.8969350888254811,1.317216808266119,1.5518400987080272,-0.0017402245191691032
no_incident_control,255,row_preserved,0.3518309295669069,0.6663951589918822,0.8897345752703585,0.0004,0.8950603192463258,1.3158757227732003,1.5441263750945353,-0.004077656594488122
no_incident_control,255,column_shuffled,0.35217646290047194,0.6655885978669073,0.8897345752703585,0.0004,0.8916524478795466,1.3135641701747822,1.5748216314276189,0.004863826541082478
no_incident_control,255,incident_stratified,0.35217646290047194,0.6655885978669073,0.8897345752703585,0.0004,0.8916524478795466,1.3135641701747822,1.5748216314276189,0.004863826541082478
no_incident_control,256,row_preserved,0.3547867061758766,0.6521868110034339,0.8729036251348072,0.0002,0.9003537486423724,1.308662070122372,1.5400316743618279,-0.013942879113159458
no_incident_control,256,column_shuffled,0.3548632860835069,0.6514161360117544,0.8729036251348072,0.0002,0.8960270657635696,1.301670970511159,1.5608229253389938,-0.003891889545883103
no_incident_control,256,incident_stratified,0.3548632860835069,0.6514161360117544,0.8729036251348072,0.0002,0.8960270657635696,1.301670970511159,1.5608229253389938,-0.003891889545883103
no_incident_control,257,row_preserved,0.3578321635522299,0.6582204826513363,0.8870108929998309,0.0002,0.8969088710374389,1.313324811949671,1.5273782401914282,-0.0021522273108817882
no_incident_control,257,column_shuffled,0.35770692062102705,0.6582204826513363,0.8870108929998309,0.0002,0.8985641235545132,1.3229221827649618,1.5461832754240068,-0.0006321841941368112
no_incident_control,257,incident_stratified,0.35770692062102705,0.6582204826513363,0.8870108929998309,0.0002,0.8985641235545132,1.3229221827649618,1.5461832754240068,-0.0006321841941368112
no_incident_control,258,row_preserved,0.35652240648211275,0.6606726545143362,0.8844623927641355,0,0.8957551198883918,1.316761785200282,1.5448016768886335,0.0011066874654634912
no_incident_control,258,column_shuffled,0.3558093433013021,0.6615788303116998,0.8844623927641355,0,0.8988268701135326,1.3140184300155933,1.5859113895281363,-0.002160219341254723
no_incident_control,258,incident_stratified,0.3558093433013021,0.6615788303116998,0.8844623927641355,0,0.8988268701135326,1.3140184300155933,1.5859113895281363,-0.002160219341254723
no_incident_control,259,row_preserved,0.35442201236257753,0.6631537162115029,0.8934685960969261,0,0.8951119561210603,1.3073695689653,1.5680420431267863,-0.008690923637593747
no_incident_control,259,column_shuffled,0.35461528517071067,0.6631537162115029,0.8934685960969261,0,0.8978193859808019,1.3118940034938595,1.576291632325913,0.004026834384661014
no_incident_control,259,incident_stratified,0.35461528517071067,0.6631537162115029,0.8934685960969261,0,0.8978193859808019,1.3118940034938595,1.576291632325913,0.004026834384661014
no_incident_control,260,row_preserved,0.3566282804578058,0.6700346771249852,0.8597251111963422,0,0.8950710143629423,1.317709897545556,1.5555298319749538,-0.003396063260003587
no_incident_control,260,column_shuffled,0.3570651266680583,0.6700346771249852,0.8597251111963422,0,0.8996467491899177,1.3174576418150947,1.5634899463295042,0.005097862453778555
no_incident_control,260,incident_stratified,0.3570651266680583,0.6700346771249852,0.8597251111963422,0,0.8996467491899177,1.3174576418150947,1.5634899463295042,0.005097862453778555
no_incident_control,261,row_preserved,0.35294417372762044,0.6511728243431606,0.8761322239836767,0,0.895818497005102,1.3183147601137928,1.5400546548426974,0.011576251209324135
no_incident_control,261,column_shuffled,0.35468701258486646,0.6508908002818822,0.8761322239836767,0,0.8957791184634948,1.3006253381650141,1.5443348612526426,0.0020742864018064885
no_incident_control,261,incident_stratified,0.35468701258486646,0.6508908002818822,0.8761322239836767,0,0.8957791184634948,1.3006253381650141,1.5443348612526426,0.0020742864018064885
no_incident_control,262,row_preserved,0.35680745191569196,0.6599500177101343,0.8792540489986967,0,0.898195196073025,1.3069787939220654,1.5550511862303846,0.009612064744614202
no_incident_control,262,column_shuffled,0.3556001862182907,0.6593097466604647,0.8792540489986967,0,0.8933923319152448,1.3174643861548683,1.5676176679244622,0.004929048343129808
no_incident_control,262,incident_stratified,0.3556001862182907,0.6593097466604647,0.8792540489986967,0,0.8933923319152448,1.3174643861548683,1.5676176679244622,0.004929048343129808
no_incident_control,263,row_preserved,0.3542902071593116,0.6517641169643403,0.9009279563733099,0.0002,0.8939717770821946,1.3238963916697908,1.5970378750606296,0.004139100486623938
no_incident_control,263,column_shuffled,0.35523989440979387,0.6524988051502634,0.9009279563733099,0.0002,0.8924592150787363,1.3059161657191736,1.5390210446529715,-0.002489222872148877
no_incident_control,263,incident_stratified,0.35523989440979387,0.6524988051502634,0.9009279563733099,0.0002,0.8924592150787363,1.3059161657191736,1.5390210446529715,-0.002489222872148877
no_incident_control,264,row_preserved,0.35383749874213094,0.6663379517334429,0.8980044022622732,0,0.8939801440514048,1.297130479150756,1.5675954659441738,-0.003154479317431592
no_incident_control,264,column_shuffled,0.35357782418864525,0.6663379517334429,0.8980044022622732,0,0.888979498204014,1.3057694092213121,1.5590699894682054,-0.00018484255944049106
no_incident_control,264,incident_stratified,0.35357782418864525,0.6663379517334429,0.8980044022622732,0,0.888979498204014,1.3057694092213121,1.5590699894682054,-0.00018484255944049106
no_incident_control,265,row_preserved,0.3571146423783179,0.6548494165197085,0.9096975936452663,0.0002,0.8949608127206845,1.3165158123739498,1.556997464942596,-0.002787388213742551
no_incident_control,265,column_shuffled,0.3554724293674481,0.6548494165197085,0.9096975936452663,0.0002,0.8962295238140214,1.3220407149099063,1.5439495739165436,0.003714291061277303
no_incident_control,265,incident_stratified,0.3554724293674481,0.6548494165197085,0.9096975936452663,0.0002,0.8962295238140214,1.3220407149099063,1.5439495739165436,0.003714291061277303
no_incident_control,266,row_preserved,0.35677208814695327,0.6563723667869964,0.883705747057049,0.0002,0.8960024832340893,1.3010886726708875,1.5602516380494724,-0.0006063635025141267
no_incident_control,266,column_shuffled,0.35628010060992454,0.653385917433418,0.883705747057049,0.0002,0.8985399370587599,1.309160963529635,1.5574992035450608,0.004331151312986381
no_incident_control,266,incident_stratified,0.35628010060992454,0.653385917433418,0.883705747057049,0.0002,0.8985399370587599,1.309160963529635,1.5574992035450608,0.004331151312986381
no_incident_control,267,row_preserved,0.3544252065072361,0.6541715925168726,0.852306437898297,0.0004,0.8937354369923188,1.3069085188273681,1.5405434510226668,0.0003589030919112993
no_incident_control,267,column_shuffled,0.35512692504117155,0.6541715925168726,0.852306437898297,0.0004,0.8953171918148549,1.2981648167766893,1.5298937336778884,-0.0027539084030002363
no_incident_control,267,incident_stratified,0.35512692504117155,0.6541715925168726,0.852306437898297,0.0004,0.8953171918148549,1.2981648167766893,1.5298937336778884,-0.0027539084030002363
no_incident_control,268,row_preserved,0.35619681749705295,0.6685675818955398,0.9331142286706302,0.0006,0.9003727657644596,1.3118164792488147,1.5802035668591956,-0.004910511027077018
no_incident_control,268,column_shuffled,0.3545055591064816,0.6712254509227051,0.9331142286706302,0.0006,0.897819485546778,1.3239274521871036,1.5770123686945212,0.00022472980371470003
no_incident_control,268,incident_stratified,0.3545055591064816,0.6712254509227051,0.9331142286706302,0.0006,0.897819485546778,1.3239274521871036,1.5770123686945212,0.00022472980371470003
no_incident_control,269,row_preserved,0.35386720333168176,0.6614284015920767,0.8945850991626823,0.0002,0.8914944137370946,1.3125929176164717,1.559952736201796,-0.0004157897583785219
no_incident_control,269,column_shuffled,0.3529540746790356,0.6614633073411105,0.8945850991626823,0.0002,0.8945691780999894,1.3262709928014864,1.5486637759834894,-0.0007598874875421726
no_incident_control,269,incident_stratified,0.3529540746790356,0.6614633073411105,0.8945850991626823,0.0002,0.8945691780999894,1.3262709928014864,1.5486637759834894,-0.0007598874875421726
no_incident_control,270,row_preserved,0.3580146217353821,0.6645301900669364,0.8717807363196217,0.0004,0.8922916186180527,1.3121586126273335,1.5302225599466048,0.0018512276590340112
no_incident_control,270,column_shuffled,0.35908319962590407,0.6650736056067215,0.8717807363196217,0.0004,0.8966879350083028,1.3152164268098643,1.5194189958491606,-0.0017959476622369066
no_incident_control,270,incident_stratified,0.35908319962590407,0.6650736056067215,0.8717807363196217,0.0004,0.8966879350083028,1.3152164268098643,1.5194189958491606,-0.0017959476622369066
no_incident_control,271,row_preserved,0.3568069260327589,0.6647258154047588,0.8672249336692808,0,0.9027236952494774,1.311833759623076,1.5366008962595035,-0.004622226826322196
no_incident_control,271,column_shuffled,0.3570219621661691,0.6650455875833976,0.8672249336692808,0,0.9007055335253842,1.3099129229113093,1.548516268563638,0.0006245053050048856
no_incident_control,271,incident_stratified,0.3570219621661691,0.6650455875833976,0.8672249336692808,0,0.9007055335253842,1.3099129229113093,1.548516268563638,0.0006245053050048856
no_incident_control,272,row_preserved,0.3581903082850244,0.6766399871777051,0.9042643184719078,0.0002,0.8976768977573667,1.328380184681198,1.5868966133851168,-0.00019443740232108486
no_incident_control,272,column_shuffled,0.35783431118925607,0.6766399871777051,0.9042643184719078,0.0002,0.9020794278420243,1.3139656777922504,1.5715829857655086,-0.00968183006377892
no_incident_control,272,incident_stratified,0.35783431118925607,0.6766399871777051,0.9042643184719078,0.0002,0.9020794278420243,1.3139656777922504,1.5715829857655086,-0.00968183006377892
no_incident_control,273,row_preserved,0.35573618896912024,0.6676843388899487,0.852013320475786,0.0002,0.9003342868708888,1.3084309508957075,1.5802447387972633,0.007030884604767323
no_incident_control,273,column_shuffled,0.3552264153047116,0.6676843388899487,0.852013320475786,0.0002,0.8957236617782991,1.3215986448134713,1.5395719230231157,0.00305911310636748
no_incident_control,273,incident_stratified,0.3552264153047116,0.6676843388899487,0.852013320475786,0.0002,0.8957236617782991,1.3215986448134713,1.5395719230231157,0.00305911310636748
no_incident_control,274,row_preserved,0.35523215094334826,0.6584608158586318,0.8461524746870309,0,0.8976725931636222,1.3179997612275338,1.5352672764150297,-0.0011361934586929855
no_incident_control,274,column_shuffled,0.3555872421689894,0.6584608158586318,0.8461524746870309,0,0.8969090211843922,1.302118802399256,1.5402489729782012,0.0029988552550812195
no_incident_control,274,incident_stratified,0.3555872421689894,0.6584608158586318,0.8461524746870309,0,0.8969090211843922,1.302118802399256,1.5402489729782012,0.0029988552550812195
no_incident_control,275,row_preserved,0.3550423280564454,0.6665581390168849,0.8754662417666378,0,0.896944198890582,1.315531338208654,1.5541680305598276,-0.0015572096719588238
no_incident_control,275,column_shuffled,0.35760922173919885,0.6664683052212615,0.8754662417666378,0,0.8918133216026041,1.311163860673862,1.5814503663062762,0.011289809769788535
no_incident_control,275,incident_stratified,0.35760922173919885,0.6664683052212615,0.8754662417666378,0,0.8918133216026041,1.311163860673862,1.5814503663062762,0.011289809769788535
no_incident_control,276,row_preserved,0.3600335305163245,0.668594396898556,0.9075412880720823,0.0002,0.9000898688004915,1.3354641781311436,1.585777077291382,0.004284685510008685
no_incident_control,276,column_shuffled,0.36213773380874803,0.6689756444507817,0.9075412880720823,0.0002,0.9015915374664852,1.321141635902419,1.5880240420228535,-0.00467845315569588
no_incident_control,276,incident_stratified,0.36213773380874803,0.6689756444507817,0.9075412880720823,0.0002,0.9015915374664852,1.321141635902419,1.5880240420228535,-0.00467845315569588
no_incident_control,277,row_preserved,0.35704642007514137,0.6730997030330664,0.9298494939882468,0.0006,0.900759972190287,1.3241466853921087,1.5594703951699431,-0.0037151835990088477
no_incident_control,277,column_shuffled,0.3579893360825941,0.6730997030330664,0.9298494939882468,0.0006,0.8975516920704865,1.325221954105918,1.56836398784813,-0.0006692743548274588
no_incident_control,277,incident_stratified,0.3579893360825941,0.6730997030330664,0.9298494939882468,0.0006,0.8975516920704865,1.325221954105918,1.56836398784813,-0.0006692743548274588
no_incident_control,278,row_preserved,0.35722815461371094,0.6656824651171029,0.8963761041308924,0.0004,0.900203286226123,1.3224215875562597,1.6087333231832974,0.0028695076640250414
no_incident_control,278,column_shuffled,0.35624393344905964,0.6661258894875881,0.8963761041308924,0.0004,0.9014086777460593,1.3108781459969343,1.5508867764555734,-0.013284972827654081
no_incident_control,278,incident_stratified,0.35624393344905964,0.6661258894875881,0.8963761041308924,0.0004,0.9014086777460593,1.3108781459969343,1.5508867764555734,-0.013284972827654081
no_incident_control,279,row_preserved,0.35812710536308384,0.6670775576471145,0.888651206884031,0.0002,0.8987584053626377,1.3128297654514567,1.5933536253190201,-0.002078382495020694
no_incident_control,279,column_shuffled,0.3576369488487642,0.6672185540788318,0.888651206884031,0.0002,0.8929308497679189,1.33228781977387,1.5838640363134204,0.006574433128375741
no_incident_control,279,incident_stratified,0.3576369488487642,0.6672185540788318,0.888651206884031,0.0002,0.8929308497679189,1.33228781977387,1.5838640363134204,0.006574433128375741
no_incident_control,280,row_preserved,0.35577122553352525,0.6800781540207667,0.9208183461472368,0,0.8980765266473021,1.3325558878553223,1.5784757566342584,-0.0017102060172249085
no_incident_control,280,column_shuffled,0.35506017113812965,0.6771456493189618,0.9208183461472368,0,0.8961955207053195,1.3264831617844632,1.601721811364662,-0.002357678475736423
no_incident_control,280,incident_stratified,0.35506017113812965,0.6771456493189618,0.9208183461472368,0,0.8961955207053195,1.3264831617844632,1.601721811364662,-0.002357678475736423
no_incident_control,281,row_preserved,0.3544217529934748,0.6620588961718321,0.8785290614534375,0.0004,0.8948680379660278,1.312047376370142,1.5412310876890367,0.0030227524087224258
no_incident_control,281,column_shuffled,0.35329030329420397,0.6620588961718321,0.8785290614534375,0.0004,0.8988296882965857,1.3181579364816034,1.5840848011258613,0.007189854505886258
no_incident_control,281,incident_stratified,0.35329030329420397,0.6620588961718321,0.8785290614534375,0.0004,0.8988296882965857,1.3181579364816034,1.5840848011258613,0.007189854505886258
no_incident_control,282,row_preserved,0.35544861936231364,0.6790905122788105,0.9032064976260854,0.0006,0.8969825397036078,1.3263540734088757,1.5929861816496014,0.003322528911421855
no_incident_control,282,column_shuffled,0.35621781778965567,0.6810913441190016,0.9032064976260854,0.0006,0.8992480562863654,1.326684983858653,1.5717641806786906,-0.007949360733683653
no_incident_control,282,incident_stratified,0.35621781778965567,0.6810913441190016,0.9032064976260854,0.0006,0.8992480562863654,1.326684983858653,1.5717641806786906,-0.007949360733683653
no_incident_control,283,row_preserved,0.3536863846219427,0.6391219039894304,0.8926918998595302,0,0.8930853711489155,1.2899783962771818,1.519583949148582,-0.010471881487450152
no_incident_control,283,column_shuffled,0.35448856900360654,0.6398620867475913,0.8926918998595302,0,0.8964089701776274,1.29611355464419,1.5348113629861886,0.005543513796881786
no_incident_control,283,incident_stratified,0.35448856900360654,0.6398620867475913,0.8926918998595302,0,0.8964089701776274,1.29611355464419,1.5348113629861886,0.005543513796881786
no_incident_control,284,row_preserved,0.35280530143941247,0.6701960401680557,0.9065244684582044,0.0004,0.8898359881477553,1.3069279020939362,1.5746889152735533,0.00023511962259378794
no_incident_control,284,column_shuffled,0.3529936318634136,0.6711253774914956,0.9065244684582044,0.0004,0.8936479074494614,1.3106632034175207,1.5788263171782186,-0.00224800797134096
no_incident_control,284,incident_stratified,0.3529936318634136,0.6711253774914956,0.9065244684582044,0.0004,0.8936479074494614,1.3106632034175207,1.5788263171782186,-0.00224800797134096
no_incident_control,285,row_preserved,0.3572965407117711,0.6724556215921274,0.8864252879243977,0.0004,0.9012724781416378,1.31714706668021,1.5352100592682096,0.0027867421477417212
no_incident_control,285,column_shuffled,0.358046071056286,0.672627882853895,0.8864252879243977,0.0004,0.9026613002111801,1.3101180066083122,1.5687524414783298,-0.005562480202315786
no_incident_control,285,incident_stratified,0.358046071056286,0.672627882853895,0.8864252879243977,0.0004,0.9026613002111801,1.3101180066083122,1.5687524414783298,-0.005562480202315786
no_incident_control,286,row_preserved,0.355836210620949,0.6651330598758379,0.8791301229717555,0,0.8977935317560746,1.308907438525174,1.5326374736203499,0.00022477643174683188
no_incident_control,286,column_shuffled,0.3535245559617607,0.6651330598758379,0.8791301229717555,0,0.8955987485818926,1.3179341617169462,1.5482123815576632,0.002021905564118808
no_incident_control,286,incident_stratified,0.3535245559617607,0.6651330598758379,0.8791301229717555,0,0.8955987485818926,1.3179341617169462,1.5482123815576632,0.002021905564118808
no_incident_control,287,row_preserved,0.35599596723359317,0.6691776121289047,0.9326257402938524,0,0.895249759994057,1.3301128657798431,1.567192655520507,-0.003915546968374867
no_incident_control,287,column_shuffled,0.3557111868420864,0.6691776121289047,0.9326257402938524,0,0.8978730010265953,1.316544626082175,1.580560871012481,-0.007328020886891909
no_incident_control,287,incident_stratified,0.3557111868420864,0.6691776121289047,0.9326257402938524,0,0.8978730010265953,1.316544626082175,1.580560871012481,-0.007328020886891909
no_incident_control,288,row_preserved,0.3549047006396713,0.6615420776057688,0.8945161959784347,0,0.8933920138428098,1.3181148767088289,1.593168760619564,-0.0016302660765681566
no_incident_control,288,column_shuffled,0.35649653437989137,0.6616800561776157,0.8945161959784347,0,0.8959744221735375,1.3141521255007325,1.5569338040257235,-0.0013272381773736322
no_incident_control,288,incident_stratified,0.35649653437989137,0.6616800561776157,0.8945161959784347,0,0.8959744221735375,1.3141521255007325,1.5569338040257235,-0.0013272381773736322
no_incident_control,289,row_preserved,0.3562140209289559,0.6736232728528231,0.8473642660814046,0,0.8940932547954811,1.3036271927639451,1.5345601772575033,0.0014827013433337934
no_incident_control,289,column_shuffled,0.3565348087720996,0.6736232728528231,0.8473642660814046,0,0.8951258236502251,1.2987847727499857,1.539544750566445,-0.009650797458102234
no_incident_control,289,incident_stratified,0.3565348087720996,0.6736232728528231,0.8473642660814046,0,0.8951258236502251,1.2987847727499857,1.539544750566445,-0.009650797458102234
no_incident_control,290,row_preserved,0.35710595636715137,0.6561108630994263,0.8847014200130324,0.0004,0.8961494634220759,1.3159926062472465,1.549009983221068,-0.0026954872661704194
no_incident_control,290,column_shuffled,0.3576667947960194,0.6563304781402219,0.8847014200130324,0.0004,0.8981570382277937,1.3125181691043153,1.5690729375037265,-0.003203563473122508
no_incident_control,290,incident_stratified,0.3576667947960194,0.6563304781402219,0.8847014200130324,0.0004,0.8981570382277937,1.3125181691043153,1.5690729375037265,-0.003203563473122508
no_incident_control,291,row_preserved,0.35802479266324383,0.6575392869714657,0.8690481398488245,0,0.8979869562116922,1.2982189293074042,1.5446985501108017,-0.011188369877165734
no_incident_control,291,column_shuffled,0.35820719288985414,0.6575392869714657,0.8690481398488245,0,0.8985523993515394,1.3062962015739008,1.55319520182236,-0.008385903797203017
no_incident_control,291,incident_stratified,0.35820719288985414,0.6575392869714657,0.8690481398488245,0,0.8985523993515394,1.3062962015739008,1.55319520182236,-0.008385903797203017
no_incident_control,292,row_preserved,0.3534002829109718,0.6743257240426335,0.901739822386034,0,0.8917420759179946,1.324633308987976,1.5820828015171822,0.007055984231684158
no_incident_control,292,column_shuffled,0.3541447783805881,0.6743257240426335,0.901739822386034,0,0.893411582605848,1.330363665453693,1.5862050691332892,0.0032644513167361423
no_incident_control,292,incident_stratified,0.3541447783805881,0.6743257240426335,0.901739822386034,0,0.893411582605848,1.330363665453693,1.5862050691332892,0.0032644513167361423
no_incident_control,293,row_preserved,0.35715077862374456,0.65385669431017,0.8619771241380351,0,0.9004358367625876,1.3199022480143334,1.56426704950281,0.002170770795019686
no_incident_control,293,column_shuffled,0.35793468432683984,0.6542497326504386,0.8619771241380351,0,0.899426352986761,1.3083747802513404,1.5360035321915222,-0.005617875853972577
no_incident_control,293,incident_stratified,0.35793468432683984,0.6542497326504386,0.8619771241380351,0,0.899426352986761,1.3083747802513404,1.5360035321915222,-0.005617875853972577
no_incident_control,294,row_preserved,0.3554159131361062,0.6735408757149247,0.9385001312325255,0.0006,0.897604447944333,1.3253852695518444,1.5925859832921963,-0.00006637348245405117
no_incident_control,294,column_shuffled,0.35448474649074835,0.6735408757149247,0.9385001312325255,0.0006,0.8964214456078128,1.3260459892591983,1.6113805458345345,0.0005578171171563461
no_incident_control,294,incident_stratified,0.35448474649074835,0.6735408757149247,0.9385001312325255,0.0006,0.8964214456078128,1.3260459892591983,1.6113805458345345,0.0005578171171563461
no_incident_control,295,row_preserved,0.3587746557788226,0.6687054836600013,0.9020244021823887,0,0.8965468309414859,1.328232691955928,1.566808894669514,0.0005087269269704476
no_incident_control,295,column_shuffled,0.35698210086606524,0.6687054836600013,0.9020244021823887,0,0.8972660234988752,1.317796609822409,1.5873400605276196,0.0009692590544789307
no_incident_control,295,incident_stratified,0.35698210086606524,0.6687054836600013,0.9020244021823887,0,0.8972660234988752,1.317796609822409,1.5873400605276196,0.0009692590544789307
no_incident_control,296,row_preserved,0.35573342720962065,0.6733317353272744,0.9100832473787002,0,0.8968896483583413,1.3217571330671658,1.5730846694102838,0.004717885675082208
no_incident_control,296,column_shuffled,0.3556683876843315,0.6722243884385848,0.9100832473787002,0,0.8947961273411427,1.3225744784061224,1.6051693044664224,0.005694435133717983
no_incident_control,296,incident_stratified,0.3556683876843315,0.6722243884385848,0.9100832473787002,0,0.8947961273411427,1.3225744784061224,1.6051693044664224,0.005694435133717983
no_incident_control,297,row_preserved,0.3552919847656627,0.6718809398411756,0.9207136721170371,0.0004,0.891408932471347,1.3220269744142945,1.5588099965691886,0.0013948757930842134
no_incident_control,297,column_shuffled,0.3568302931207708,0.6721521145300485,0.9207136721170371,0.0004,0.8910333766783426,1.3213279851813162,1.5949083405114917,0.007632378628261348
no_incident_control,297,incident_stratified,0.3568302931207708,0.6721521145300485,0.9207136721170371,0.0004,0.8910333766783426,1.3213279851813162,1.5949083405114917,0.007632378628261348
no_incident_control,298,row_preserved,0.3540507449778336,0.6718822845338916,0.8826088581269695,0,0.888315454140796,1.3220964962645223,1.5814431337542998,-0.004520076240818048
no_incident_control,298,column_shuffled,0.35574079027243455,0.6718822845338916,0.8826088581269695,0,0.8975879864078141,1.3024405939458017,1.5626900705413063,-0.00336279806583473
no_incident_control,298,incident_stratified,0.35574079027243455,0.6718822845338916,0.8826088581269695,0,0.8975879864078141,1.3024405939458017,1.5626900705413063,-0.00336279806583473
no_incident_control,299,row_preserved,0.35729185821679266,0.6711190853775456,0.9294734644234304,0.0002,0.8991313839504742,1.325722357746924,1.5647090988620413,-0.004124744202986231
no_incident_control,299,column_shuffled,0.3547491848447658,0.670302403705511,0.9294734644234304,0.0002,0.8988157925962796,1.3148814165250984,1.5587864204496484,-0.009343190500697419
no_incident_control,299,incident_stratified,0.3547491848447658,0.670302403705511,0.9294734644234304,0.0002,0.8988157925962796,1.3148814165250984,1.5587864204496484,-0.009343190500697419
no_incident_control,300,row_preserved,0.3529032253423224,0.6474909241976159,0.8633416232922049,0,0.8891637080430941,1.2876870734577706,1.5487007870180336,0.00010366093455570662
no_incident_control,300,column_shuffled,0.3520941263959986,0.6483813242771475,0.8633416232922049,0,0.8886065016444846,1.3031891225358838,1.5082644386591013,0.01147070881681275
no_incident_control,300,incident_stratified,0.3520941263959986,0.6483813242771475,0.8633416232922049,0,0.8886065016444846,1.3031891225358838,1.5082644386591013,0.01147070881681275
no_incident_control,301,row_preserved,0.35755482466446653,0.6776331542267129,0.9251865128551698,0.0008,0.8954999801798593,1.3337981880231529,1.58418832631632,0.004886605591854482
no_incident_control,301,column_shuffled,0.35998784418337604,0.6776331542267129,0.9251865128551698,0.0008,0.899828863788532,1.3119218806074167,1.556735900997876,-0.0026258739235007107
no_incident_control,301,incident_stratified,0.35998784418337604,0.6776331542267129,0.9251865128551698,0.0008,0.899828863788532,1.3119218806074167,1.556735900997876,-0.0026258739235007107
no_incident_control,302,row_preserved,0.35422955880371854,0.6637183766498702,0.8727769644039958,0,0.8900146673385246,1.3235670615438502,1.5506520503415104,0.005538835290141074
no_incident_control,302,column_shuffled,0.35629158468165967,0.6637183766498702,0.8727769644039958,0,0.8941880487098054,1.3074903401860873,1.56588128247329,-0.003904176304446246
no_incident_control,302,incident_stratified,0.35629158468165967,0.6637183766498702,0.8727769644039958,0,0.8941880487098054,1.3074903401860873,1.56588128247329,-0.003904176304446246
no_incident_control,303,row_preserved,0.3509263338872076,0.6616422883491558,0.864041313529865,0.0002,0.8933463478298171,1.301212662416399,1.5641547460159857,-0.005202602498793442
no_incident_control,303,column_shuffled,0.3511966111277287,0.6618656881502376,0.864041313529865,0.0002,0.8933993198080161,1.3068042258315498,1.5545172901362836,0.009953001765142237
no_incident_control,303,incident_stratified,0.3511966111277287,0.6618656881502376,0.864041313529865,0.0002,0.8933993198080161,1.3068042258315498,1.5545172901362836,0.009953001765142237
no_incident_control,304,row_preserved,0.35523753037792255,0.661129926568423,0.9070791453120766,0.0002,0.8984623639009248,1.3135136900271351,1.5658465088366003,-0.001917687814229826
no_incident_control,304,column_shuffled,0.3543404657328477,0.6596329765682696,0.9070791453120766,0.0002,0.8936027741011279,1.3161107557026404,1.5860726987437,-0.0031660188741314227
no_incident_control,304,incident_stratified,0.3543404657328477,0.6596329765682696,0.9070791453120766,0.0002,0.8936027741011279,1.3161107557026404,1.5860726987437,-0.0031660188741314227
no_incident_control,305,row_preserved,0.3584615279585672,0.6706525546462154,0.874799977926102,0.0002,0.9045708545476551,1.3250421759168365,1.5491432204453366,0.009724381015486163
no_incident_control,305,column_shuffled,0.3573593055471962,0.6706525546462154,0.874799977926102,0.0002,0.9036737352457344,1.3138586934701348,1.5637956031108855,-0.006960432921928228
no_incident_control,305,incident_stratified,0.3573593055471962,0.6706525546462154,0.874799977926102,0.0002,0.9036737352457344,1.3138586934701348,1.5637956031108855,-0.006960432921928228
no_incident_control,306,row_preserved,0.35462923355736037,0.6531372335004149,0.8895493613444956,0.0002,0.896697736552748,1.30094450613869,1.550157455084678,-0.0040601842747316885
no_incident_control,306,column_shuffled,0.352800063158658,0.6531372335004149,0.8895493613444956,0.0002,0.8948311145113796,1.2931935744464789,1.5506721570313309,-0.006285717124719954
no_incident_control,306,incident_stratified,0.352800063158658,0.6531372335004149,0.8895493613444956,0.0002,0.8948311145113796,1.2931935744464789,1.5506721570313309,-0.006285717124719954
no_incident_control,307,row_preserved,0.35576084317105483,0.6484011461803258,0.8579246625723942,0.0002,0.8967308101355459,1.2984882789967689,1.5117739412235198,-0.00791157568949699
no_incident_control,307,column_shuffled,0.3526586550483865,0.6484011461803258,0.8579246625723942,0.0002,0.894306511276693,1.3042093543843514,1.53485233770299,0.004590828256162076
no_incident_control,307,incident_stratified,0.3526586550483865,0.6484011461803258,0.8579246625723942,0.0002,0.894306511276693,1.3042093543843514,1.53485233770299,0.004590828256162076
no_incident_control,308,row_preserved,0.35638061177932295,0.662903206088328,0.9079528995008393,0.0002,0.8936295966723631,1.309067909175957,1.5561903155367882,-0.010052039203341452
no_incident_control,308,column_shuffled,0.35609429553323535,0.6623659664145765,0.9079528995008393,0.0002,0.8919807336361253,1.3139670085532948,1.5638403324885797,-0.004229534569096873
no_incident_control,308,incident_stratified,0.35609429553323535,0.6623659664145765,0.9079528995008393,0.0002,0.8919807336361253,1.3139670085532948,1.5638403324885797,-0.004229534569096873
no_incident_control,309,row_preserved,0.35589871929362704,0.6556841386804867,0.8700659276464329,0.0002,0.9000512479235104,1.3000315660245063,1.5261583385517845,-0.008454325274569956
no_incident_control,309,column_shuffled,0.35536554254381025,0.6556841386804867,0.8700659276464329,0.0002,0.8974370601313588,1.3065251677077272,1.5456364595079675,-0.005616026619297895
no_incident_control,309,incident_stratified,0.35536554254381025,0.6556841386804867,0.8700659276464329,0.0002,0.8974370601313588,1.3065251677077272,1.5456364595079675,-0.005616026619297895
no_incident_control,310,row_preserved,0.3576211641921922,0.6407994157862155,0.8739549723707873,0.0004,0.901898080951115,1.3033439864401561,1.5250053938946717,-0.004764442641362134
no_incident_control,310,column_shuffled,0.3571345542822374,0.6421307909495756,0.8739549723707873,0.0004,0.8935709879158809,1.2925031171374926,1.5484387948783334,-0.008158531672380731
no_incident_control,310,incident_stratified,0.3571345542822374,0.6421307909495756,0.8739549723707873,0.0004,0.8935709879158809,1.2925031171374926,1.5484387948783334,-0.008158531672380731
no_incident_control,311,row_preserved,0.3554969606621282,0.6607192959708801,0.9299516293138856,0,0.896500391971998,1.314562619678806,1.5580868629307965,-0.008958508228242618
no_incident_control,311,column_shuffled,0.35646810759274455,0.6587033341095937,0.9299516293138856,0,0.8988091239045732,1.3092628278575544,1.5604080316235076,0.00017911229112510733
no_incident_control,311,incident_stratified,0.35646810759274455,0.6587033341095937,0.9299516293138856,0,0.8988091239045732,1.3092628278575544,1.5604080316235076,0.00017911229112510733
no_incident_control,312,row_preserved,0.3544817848741014,0.6637827469638462,0.8593798987830208,0.0004,0.9008266878126858,1.3047095900541452,1.5528644792396367,0.0037738416167992866
no_incident_control,312,column_shuffled,0.3572006455420583,0.6637827469638462,0.8593798987830208,0.0004,0.8978554362541666,1.3083083682483303,1.53313278605897,-0.00335267788523904
no_incident_control,312,incident_stratified,0.3572006455420583,0.6637827469638462,0.8593798987830208,0.0004,0.8978554362541666,1.3083083682483303,1.53313278605897,-0.00335267788523904
no_incident_control,313,row_preserved,0.3609920624893589,0.6813622873360101,0.9122841464598352,0,0.9006220207715995,1.3196268160168978,1.591588809189628,-0.007060684472639124
no_incident_control,313,column_shuffled,0.3603553315988959,0.6813622873360101,0.9122841464598352,0,0.8979905485012167,1.339724740620754,1.5851967737837214,-0.0007585009436475899
no_incident_control,313,incident_stratified,0.3603553315988959,0.6813622873360101,0.9122841464598352,0,0.8979905485012167,1.339724740620754,1.5851967737837214,-0.0007585009436475899
no_incident_control,314,row_preserved,0.35616917945260224,0.6533823838006967,0.8690905173940648,0.0002,0.8996919229881469,1.296297951394515,1.5363060846696888,-0.0057607069285070195
no_incident_control,314,column_shuffled,0.3554647065455059,0.6533823838006967,0.8690905173940648,0.0002,0.8960162370222149,1.3129144289088335,1.5325707307438785,0.0048887001374690806
no_incident_control,314,incident_stratified,0.3554647065455059,0.6533823838006967,0.8690905173940648,0.0002,0.8960162370222149,1.3129144289088335,1.5325707307438785,0.0048887001374690806
no_incident_control,315,row_preserved,0.36132273018541106,0.6766100450312301,0.8826055484364782,0,0.9017232453563646,1.3165001882725544,1.5371100490295877,-0.010338299881783334
no_incident_control,315,column_shuffled,0.36016571268309916,0.6774550081895472,0.8826055484364782,0,0.8980832364362707,1.328139890783647,1.5440151308906982,-0.0022258231978966835
no_incident_control,315,incident_stratified,0.36016571268309916,0.6774550081895472,0.8826055484364782,0,0.8980832364362707,1.328139890783647,1.5440151308906982,-0.0022258231978966835
no_incident_control,316,row_preserved,0.35637232548999764,0.6631692736553267,0.8536793231656363,0.0004,0.8962371012278869,1.3230071157321925,1.5515271016792629,0.008177018427961206
no_incident_control,316,column_shuffled,0.3583615377446362,0.6631692736553267,0.8536793231656363,0.0004,0.8954879433402478,1.3043005033817403,1.538372586554308,-0.008007131694955741
no_incident_control,316,incident_stratified,0.3583615377446362,0.6631692736553267,0.8536793231656363,0.0004,0.8954879433402478,1.3043005033817403,1.538372586554308,-0.008007131694955741
no_incident_control,317,row_preserved,0.35988088563377346,0.6738695556412174,0.8658643309528006,0.0004,0.9063930806293286,1.3235816060669834,1.5507021877859848,0.007574632104702849
no_incident_control,317,column_shuffled,0.3593407535682935,0.6716214965212413,0.8658643309528006,0.0004,0.9012558621740434,1.3218733068585162,1.5501543347235032,0.009136056431269616
no_incident_control,317,incident_stratified,0.3593407535682935,0.6716214965212413,0.8658643309528006,0.0004,0.9012558621740434,1.3218733068585162,1.5501543347235032,0.009136056431269616
no_incident_control,318,row_preserved,0.3553037780288093,0.6472126917953678,0.8515543777776631,0,0.8957030910769801,1.2955327221772976,1.5122731938458047,-0.007837588209242123
no_incident_control,318,column_shuffled,0.3552610569127035,0.6469257817502548,0.8515543777776631,0,0.8947262572259571,1.3034645371473017,1.5556867055649999,0.0028780539210254527
no_incident_control,318,incident_stratified,0.3552610569127035,0.6469257817502548,0.8515543777776631,0,0.8947262572259571,1.3034645371473017,1.5556867055649999,0.0028780539210254527
no_incident_control,319,row_preserved,0.35682249213457806,0.6509645945997711,0.8758826931918279,0,0.8997405579196831,1.3060825672580798,1.533323911044338,-0.001176867187462036
no_incident_control,319,column_shuffled,0.35526891724510967,0.6509645945997711,0.8758826931918279,0,0.8974291016417293,1.302079611349584,1.5573542999769516,-0.0031332948286060896
no_incident_control,319,incident_stratified,0.35526891724510967,0.6509645945997711,0.8758826931918279,0,0.8974291016417293,1.302079611349584,1.5573542999769516,-0.0031332948286060896
no_incident_control,320,row_preserved,0.3545924936726279,0.6609159051536225,0.8721142418091606,0.0006,0.8949466309807907,1.314796615845494,1.555696012908554,0.009587631378337977
no_incident_control,320,column_shuffled,0.35333423508824213,0.6628691418405661,0.8721142418091606,0.0006,0.895844492066922,1.3125607563007557,1.5449983603345085,0.008873440925961555
no_incident_control,320,incident_stratified,0.35333423508824213,0.6628691418405661,0.8721142418091606,0.0006,0.895844492066922,1.3125607563007557,1.5449983603345085,0.008873440925961555
no_incident_control,321,row_preserved,0.35814543564593015,0.6594265559252108,0.8808728987911578,0,0.8968962589072363,1.3052441664139764,1.5289523670756329,-0.0035980978162771815
no_incident_control,321,column_shuffled,0.355246782941371,0.659754773778662,0.8808728987911578,0,0.8953068581767105,1.3155474887087766,1.531396151397312,0.001328154329757068
no_incident_control,321,incident_stratified,0.355246782941371,0.659754773778662,0.8808728987911578,0,0.8953068581767105,1.3155474887087766,1.531396151397312,0.001328154329757068
no_incident_control,322,row_preserved,0.35891700810205873,0.6733794640774295,0.8987835030563939,0.0002,0.8962089581807733,1.3162157169404,1.594525228004333,0.0043336074422196036
no_incident_control,322,column_shuffled,0.35836663981376715,0.6759035446916279,0.8987835030563939,0.0002,0.8996750536586839,1.32280227030282,1.5629932312931551,0.007658250294108589
no_incident_control,322,incident_stratified,0.35836663981376715,0.6759035446916279,0.8987835030563939,0.0002,0.8996750536586839,1.32280227030282,1.5629932312931551,0.007658250294108589
no_incident_control,323,row_preserved,0.3556602631328766,0.6496309284678957,0.8550026207540493,0,0.8886593566041361,1.3090840607146017,1.5259709800539762,0.013207609040090385
no_incident_control,323,column_shuffled,0.35499598569329327,0.651506198663593,0.8550026207540493,0,0.8884509320112686,1.3076786213906029,1.5519064766501631,0.0001359956087283362
no_incident_control,323,incident_stratified,0.35499598569329327,0.651506198663593,0.8550026207540493,0,0.8884509320112686,1.3076786213906029,1.5519064766501631,0.0001359956087283362
no_incident_control,324,row_preserved,0.35535318782437364,0.6661725075950333,0.9092469805396086,0.0002,0.9028045378885712,1.3176150558886883,1.5752339178415806,-0.002458398012265254
no_incident_control,324,column_shuffled,0.3560570786337769,0.6677728779582013,0.9092469805396086,0.0002,0.8990629767560915,1.3201534987881833,1.575737106992189,0.002573914788552946
no_incident_control,324,incident_stratified,0.3560570786337769,0.6677728779582013,0.9092469805396086,0.0002,0.8990629767560915,1.3201534987881833,1.575737106992189,0.002573914788552946
no_incident_control,325,row_preserved,0.35270586676401816,0.6662833378543259,0.9046527777823019,0.0002,0.8929999733880922,1.3271537794669706,1.5823520116178775,0.012085382914336529
no_incident_control,325,column_shuffled,0.3545112972881532,0.6657981074611743,0.9046527777823019,0.0002,0.8977757814950307,1.3037682368588241,1.5633366783911014,-0.004965549306108845
no_incident_control,325,incident_stratified,0.3545112972881532,0.6657981074611743,0.9046527777823019,0.0002,0.8977757814950307,1.3037682368588241,1.5633366783911014,-0.004965549306108845
no_incident_control,326,row_preserved,0.35541315222019765,0.6769574783549652,0.896978854862476,0,0.8956003469743055,1.3191821305063556,1.5605431369779685,-0.003927930359232821
no_incident_control,326,column_shuffled,0.3540779744881849,0.6776741145639875,0.896978854862476,0,0.891793787960975,1.3230733225541156,1.5545310793797738,0.0028324125158649543
no_incident_control,326,incident_stratified,0.3540779744881849,0.6776741145639875,0.896978854862476,0,0.891793787960975,1.3230733225541156,1.5545310793797738,0.0028324125158649543
no_incident_control,327,row_preserved,0.35449711396190775,0.674250691011344,0.9013179385215122,0.0002,0.8943276502766491,1.3180745442568202,1.576419643842268,0.0040589920446752895
no_incident_control,327,column_shuffled,0.3543672096825471,0.673680478335234,0.9013179385215122,0.0002,0.8967642955689852,1.31707413416387,1.597623068407037,0.015455322335783506
no_incident_control,327,incident_stratified,0.3543672096825471,0.673680478335234,0.9013179385215122,0.0002,0.8967642955689852,1.31707413416387,1.597623068407037,0.015455322335783506
no_incident_control,328,row_preserved,0.35547265727123295,0.6632027632288249,0.8933718759674933,0,0.8967987926940855,1.3167102146239582,1.5621981392682307,0.0014873944572436008
no_incident_control,328,column_shuffled,0.35505379568718043,0.6632027632288249,0.8933718759674933,0,0.8966709602467147,1.3164149484947987,1.5805107240101226,0.001534555154912599
no_incident_control,328,incident_stratified,0.35505379568718043,0.6632027632288249,0.8933718759674933,0,0.8966709602467147,1.3164149484947987,1.5805107240101226,0.001534555154912599
no_incident_control,329,row_preserved,0.3581488889196599,0.6554756136951969,0.8874171115285128,0.0002,0.8975298611162369,1.3229262015752257,1.5634731740643373,0.00903504761314135
no_incident_control,329,column_shuffled,0.35722979720370934,0.6554756136951969,0.8874171115285128,0.0002,0.8973659225646538,1.320523040603557,1.5698027168629658,0.008613514445192323
no_incident_control,329,incident_stratified,0.35722979720370934,0.6554756136951969,0.8874171115285128,0.0002,0.8973659225646538,1.320523040603557,1.5698027168629658,0.008613514445192323
no_incident_control,330,row_preserved,0.35548829375613566,0.6489823301496256,0.8521246554064184,0.0004,0.8982525705663588,1.3028468127345882,1.5224613700865293,-0.009786103102469244
no_incident_control,330,column_shuffled,0.3552051825556469,0.6489823301496256,0.8521246554064184,0.0004,0.8939439261942339,1.3048963197934946,1.5473909046960472,0.009910926996091305
no_incident_control,330,incident_stratified,0.3552051825556469,0.6489823301496256,0.8521246554064184,0.0004,0.8939439261942339,1.3048963197934946,1.5473909046960472,0.009910926996091305
no_incident_control,331,row_preserved,0.35655888270481306,0.6701705659205317,0.8991383383680787,0.0006,0.902226266104506,1.3369968578541753,1.5427559569463796,-0.0006890132252601128
no_incident_control,331,column_shuffled,0.35634021501120644,0.6743727529531502,0.8991383383680787,0.0006,0.9005098698482275,1.3253647854579316,1.5830189040296971,0.003344736809681016
no_incident_control,331,incident_stratified,0.35634021501120644,0.6743727529531502,0.8991383383680787,0.0006,0.9005098698482275,1.3253647854579316,1.5830189040296971,0.003344736809681016
no_incident_control,332,row_preserved,0.3520112298435627,0.6593623835755986,0.8670476118388443,0,0.8867368137582504,1.3152706340989533,1.5486129110304305,0.0010182800116760695
no_incident_control,332,column_shuffled,0.35362822801785154,0.6586254487990227,0.8670476118388443,0,0.8860212566560094,1.3033825225111242,1.5421274021672995,0.0029898795083040004
no_incident_control,332,incident_stratified,0.35362822801785154,0.6586254487990227,0.8670476118388443,0,0.8860212566560094,1.3033825225111242,1.5421274021672995,0.0029898795083040004
no_incident_control,333,row_preserved,0.3544714957536186,0.6744117850515019,0.8684629888811537,0,0.8926635103187731,1.3123089601408884,1.5413688554676277,0.006653453414396569
no_incident_control,333,column_shuffled,0.3545841159153585,0.6746315952140389,0.8684629888811537,0,0.8984805761619005,1.3147834200169215,1.5538504581968344,-0.0026699036955519138
no_incident_control,333,incident_stratified,0.3545841159153585,0.6746315952140389,0.8684629888811537,0,0.8984805761619005,1.3147834200169215,1.5538504581968344,-0.0026699036955519138
no_incident_control,334,row_preserved,0.35402005621527455,0.6489316385876981,0.8659847655107233,0.0008,0.8919276237810958,1.2905849164738152,1.5536235709656196,0.0019737602490489917
no_incident_control,334,column_shuffled,0.3523728471010934,0.6490773852090677,0.8682993752919643,0.0008,0.8899184499921051,1.306613021404041,1.5681015366145974,0.010319299363371358
no_incident_control,334,incident_stratified,0.3523728471010934,0.6490773852090677,0.8682993752919643,0.0008,0.8899184499921051,1.306613021404041,1.5681015366145974,0.010319299363371358
no_incident_control,335,row_preserved,0.361360775262507,0.6603417426042384,0.8724164035746438,0.0002,0.9029235146362584,1.3123016012124218,1.5478662121365476,-0.0020625121172196405
no_incident_control,335,column_shuffled,0.3612069712129904,0.6603417426042384,0.8724164035746438,0.0002,0.9031566680873435,1.3206988911257191,1.5272077355782119,-0.003651969416753389
no_incident_control,335,incident_stratified,0.3612069712129904,0.6603417426042384,0.8724164035746438,0.0002,0.9031566680873435,1.3206988911257191,1.5272077355782119,-0.003651969416753389
no_incident_control,336,row_preserved,0.3573017702142536,0.6523456560854966,0.8697678877775608,0,0.8982192699848528,1.2925960745706728,1.5180124663552048,-0.0012350784619067062
no_incident_control,336,column_shuffled,0.3553172893153787,0.6522935312272928,0.8697678877775608,0,0.8965245704957835,1.2997943258227458,1.537727250559815,-0.00509193666035096
no_incident_control,336,incident_stratified,0.3553172893153787,0.6522935312272928,0.8697678877775608,0,0.8965245704957835,1.2997943258227458,1.537727250559815,-0.00509193666035096
no_incident_control,337,row_preserved,0.35951624409515015,0.6742429858639531,0.9133811547503049,0,0.9029697620846584,1.3140593417932185,1.5528572858388037,-0.010715497371856226
no_incident_control,337,column_shuffled,0.35761853019917966,0.6739364547553744,0.9133811547503049,0,0.8982991902269465,1.3184112790981692,1.5408717033726176,0.005252727516200119
no_incident_control,337,incident_stratified,0.35761853019917966,0.6739364547553744,0.9133811547503049,0,0.8982991902269465,1.3184112790981692,1.5408717033726176,0.005252727516200119
no_incident_control,338,row_preserved,0.35675724596209324,0.6522115410032502,0.871673620954495,0.0002,0.8920498663437456,1.3009833204678323,1.5499921631539695,0.00667369913247224
no_incident_control,338,column_shuffled,0.3549756358095859,0.6522115410032502,0.871673620954495,0.0002,0.8875621755691683,1.304741653656092,1.5365847483075012,-0.005367894896865264
no_incident_control,338,incident_stratified,0.3549756358095859,0.6522115410032502,0.871673620954495,0.0002,0.8875621755691683,1.304741653656092,1.5365847483075012,-0.005367894896865264
no_incident_control,339,row_preserved,0.3558592067583867,0.6631507969367625,0.8709114996536245,0.0002,0.8999051039085997,1.3230767636072216,1.552671323638023,0.0032394213715411326
no_incident_control,339,column_shuffled,0.3576499931906362,0.6639786033415351,0.8709114996536245,0.0002,0.9010456689272601,1.315479696072643,1.5683746992957572,0.0018690001986419764
no_incident_control,339,incident_stratified,0.3576499931906362,0.6639786033415351,0.8709114996536245,0.0002,0.9010456689272601,1.315479696072643,1.5683746992957572,0.0018690001986419764
no_incident_control,340,row_preserved,0.3551042964773409,0.6639259523439979,0.8861087150005127,0.0002,0.896082654984753,1.3199374799816903,1.5809704247399758,-0.0004375126997172621
no_incident_control,340,column_shuffled,0.35674738160747627,0.6638926084561345,0.8861087150005127,0.0002,0.8961783034720527,1.3088575650732965,1.5576791367710325,-0.006799526533801575
no_incident_control,340,incident_stratified,0.35674738160747627,0.6638926084561345,0.8861087150005127,0.0002,0.8961783034720527,1.3088575650732965,1.5576791367710325,-0.006799526533801575
no_incident_control,341,row_preserved,0.3575658042027312,0.6634447345901388,0.8753237261264205,0,0.8941005949196482,1.3128126115891003,1.5477934653913255,-0.0030918240635873
no_incident_control,341,column_shuffled,0.35695596029935195,0.6634447345901388,0.8753237261264205,0,0.8969655957716633,1.3110530011315595,1.5502738015226698,0.0025759223978834797
no_incident_control,341,incident_stratified,0.35695596029935195,0.6634447345901388,0.8753237261264205,0,0.8969655957716633,1.3110530011315595,1.5502738015226698,0.0025759223978834797
no_incident_control,342,row_preserved,0.3607211211440543,0.6716938032598992,0.9373727486697039,0,0.9043131939171267,1.3300688462776695,1.5917809104900837,-0.00362047150643758
no_incident_control,342,column_shuffled,0.35993187725256925,0.6716938032598992,0.9373727486697039,0,0.9048099625753413,1.3449968444801723,1.5742696234519373,-0.010190997320735746
no_incident_control,342,incident_stratified,0.35993187725256925,0.6716938032598992,0.9373727486697039,0,0.9048099625753413,1.3449968444801723,1.5742696234519373,-0.010190997320735746
no_incident_control,343,row_preserved,0.3551317436668212,0.6602065575871833,0.8596036239030964,0.0006,0.8928849178016527,1.3218291532011255,1.557043345169518,0.009178875458520249
no_incident_control,343,column_shuffled,0.35479370181661174,0.6624500858186115,0.8596036239030964,0.0006,0.8955281291613075,1.2976725525941148,1.5340472668435585,-0.002040411538806589
no_incident_control,343,incident_stratified,0.35479370181661174,0.6624500858186115,0.8596036239030964,0.0006,0.8955281291613075,1.2976725525941148,1.5340472668435585,-0.002040411538806589
no_incident_control,344,row_preserved,0.35260775939601197,0.6627262966233304,0.9382681114625084,0.0004,0.8880155820244094,1.3031028125070003,1.5648366135319538,-0.0006163132874675053
no_incident_control,344,column_shuffled,0.3515474453811474,0.6627262966233304,0.9382681114625084,0.0004,0.8902453791365943,1.3043162587211814,1.568227653326582,0.003044860916855732
no_incident_control,344,incident_stratified,0.3515474453811474,0.6627262966233304,0.9382681114625084,0.0004,0.8902453791365943,1.3043162587211814,1.568227653326582,0.003044860916855732
no_incident_control,345,row_preserved,0.35576814569311854,0.6518975183009508,0.8674264805173254,0,0.9014250214375459,1.3130365479950965,1.5330078408250474,-0.006936493388623641
no_incident_control,345,column_shuffled,0.3559744087691088,0.6516549201752613,0.8674264805173254,0,0.8989365026468624,1.3054339906541934,1.5484617770516134,0.008438930602134402
no_incident_control,345,incident_stratified,0.3559744087691088,0.6516549201752613,0.8674264805173254,0,0.8989365026468624,1.3054339906541934,1.5484617770516134,0.008438930602134402
no_incident_control,346,row_preserved,0.36191076130873956,0.6735140157162697,0.9304363021530306,0.0004,0.9054249900745578,1.3348137040802257,1.59523180643863,0.00017251084988792443
no_incident_control,346,column_shuffled,0.3601692978214809,0.6730545215423003,0.9304363021530306,0.0004,0.9007800965179161,1.3332579096770056,1.587121771233847,0.0012824350522990587
no_incident_control,346,incident_stratified,0.3601692978214809,0.6730545215423003,0.9304363021530306,0.0004,0.9007800965179161,1.3332579096770056,1.587121771233847,0.0012824350522990587
no_incident_control,347,row_preserved,0.3582970645907329,0.6675356228004239,0.9353458973353154,0.0002,0.8964603197125175,1.3049416635441722,1.5868372813454354,-0.003638532523896926
no_incident_control,347,column_shuffled,0.35805562227283627,0.6671332533153808,0.9353458973353154,0.0002,0.895603013177869,1.3133944129302273,1.5440254686158759,0.0031062851099497133
no_incident_control,347,incident_stratified,0.35805562227283627,0.6671332533153808,0.9353458973353154,0.0002,0.895603013177869,1.3133944129302273,1.5440254686158759,0.0031062851099497133
no_incident_control,348,row_preserved,0.3544945212340558,0.6734946069197434,0.8780773053278911,0.0002,0.8945499516493465,1.3104651140883619,1.5528248627452061,0.002231901460941424
no_incident_control,348,column_shuffled,0.3552992724206463,0.6724659496682,0.8780773053278911,0.0002,0.8945470602137666,1.2974450888533655,1.5720189587142572,0.0034349292346369134
no_incident_control,348,incident_stratified,0.3552992724206463,0.6724659496682,0.8780773053278911,0.0002,0.8945470602137666,1.2974450888533655,1.5720189587142572,0.0034349292346369134
no_incident_control,349,row_preserved,0.3567506340328291,0.6556949501777559,0.8583481433865773,0.0004,0.8897969000433503,1.3017581107696599,1.5312682516357068,0.0030296678886636424
no_incident_control,349,column_shuffled,0.35451679245942525,0.6556949501777559,0.8583481433865773,0.0004,0.8931469371140539,1.298292461373646,1.5375145141820554,-0.001863500880959086
no_incident_control,349,incident_stratified,0.35451679245942525,0.6556949501777559,0.8583481433865773,0.0004,0.8931469371140539,1.298292461373646,1.5375145141820554,-0.001863500880959086
no_incident_control,350,row_preserved,0.3538857679535422,0.6593018863724212,0.8795407259906709,0.0002,0.893008633954571,1.2997793208915072,1.557296885300153,0.00749334912901013
no_incident_control,350,column_shuffled,0.3527654491501283,0.6593018863724212,0.8795407259906709,0.0002,0.888695224219979,1.3012931394455498,1.5670825465511822,-0.0002800138974615142
no_incident_control,350,incident_stratified,0.3527654491501283,0.6593018863724212,0.8795407259906709,0.0002,0.888695224219979,1.3012931394455498,1.5670825465511822,-0.0002800138974615142
no_incident_control,351,row_preserved,0.35646656805565985,0.6554134810804888,0.905988838587246,0.0004,0.8958698497998335,1.3081760123391004,1.5599133476260432,-0.009130172875648832
no_incident_control,351,column_shuffled,0.35631135726285634,0.6578354805455617,0.905988838587246,0.0004,0.8992308600493338,1.311217469017791,1.5853188893529304,0.0008069553208367311
no_incident_control,351,incident_stratified,0.35631135726285634,0.6578354805455617,0.905988838587246,0.0004,0.8992308600493338,1.311217469017791,1.5853188893529304,0.0008069553208367311
no_incident_control,352,row_preserved,0.35284161161544303,0.6497086078725629,0.897418709384734,0.0002,0.8943151263416182,1.298544065249846,1.5506923046712786,-0.00869628651819778
no_incident_control,352,column_shuffled,0.3521051440124314,0.6497086078725629,0.897418709384734,0.0002,0.8958220199144723,1.2867701872604176,1.554323062536844,-0.0057337716012726
no_incident_control,352,incident_stratified,0.3521051440124314,0.6497086078725629,0.897418709384734,0.0002,0.8958220199144723,1.2867701872604176,1.554323062536844,-0.0057337716012726
no_incident_control,353,row_preserved,0.3582855944845206,0.6462303887939969,0.8520288516255329,0,0.8970952239026131,1.3085036980158575,1.5151659107574664,0.0014838183513096756
no_incident_control,353,column_shuffled,0.3571146169042122,0.6462303887939969,0.8520288516255329,0,0.9005137749375096,1.302773797295084,1.558160411451023,-0.0011999307278134962
no_incident_control,353,incident_stratified,0.3571146169042122,0.6462303887939969,0.8520288516255329,0,0.9005137749375096,1.302773797295084,1.558160411451023,-0.0011999307278134962
no_incident_control,354,row_preserved,0.3557492562561285,0.6529867301938866,0.9041464743864008,0,0.8953922927839488,1.3213820656449808,1.5599476598520186,-0.0009552234203525963
no_incident_control,354,column_shuffled,0.355894245259367,0.6531810377353021,0.9041464743864008,0,0.8950215811368978,1.3196002369673274,1.5344359737534272,0.0017624672768528447
no_incident_control,354,incident_stratified,0.355894245259367,0.6531810377353021,0.9041464743864008,0,0.8950215811368978,1.3196002369673274,1.5344359737534272,0.0017624672768528447
no_incident_control,355,row_preserved,0.3563870488176889,0.6627218363668737,0.8794840752277355,0,0.8981467258075053,1.311755545436747,1.5420511146841431,-0.0035305712825295086
no_incident_control,355,column_shuffled,0.3563284147257052,0.6652378935985869,0.8794840752277355,0,0.8974324722086446,1.3220078728677978,1.5507015267631759,0.005928644237055002
no_incident_control,355,incident_stratified,0.3563284147257052,0.6652378935985869,0.8794840752277355,0,0.8974324722086446,1.3220078728677978,1.5507015267631759,0.005928644237055002
no_incident_control,356,row_preserved,0.35905060184907533,0.6674406965092495,0.9012635119160226,0.0002,0.9039613503573917,1.3177958791421318,1.5709905992864495,-0.007084037910484251
no_incident_control,356,column_shuffled,0.3555380371191973,0.6674406965092495,0.9012635119160226,0.0002,0.8968468161763856,1.3366465836319041,1.5860021449391262,0.0017993836578755263
no_incident_control,356,incident_stratified,0.3555380371191973,0.6674406965092495,0.9012635119160226,0.0002,0.8968468161763856,1.3366465836319041,1.5860021449391262,0.0017993836578755263
no_incident_control,357,row_preserved,0.35825773676207395,0.6724045302346752,0.8824176441756663,0.0006,0.8983335592553957,1.325009178063862,1.5544733314617811,-0.004475913643313696
no_incident_control,357,column_shuffled,0.35906533678410646,0.6723261171717823,0.8824176441756663,0.0006,0.8995735741909013,1.3184021000668138,1.5703974898459352,0.002880235318170571
no_incident_control,357,incident_stratified,0.35906533678410646,0.6723261171717823,0.8824176441756663,0.0006,0.8995735741909013,1.3184021000668138,1.5703974898459352,0.002880235318170571
no_incident_control,358,row_preserved,0.3533680108854878,0.6577237364674436,0.8831273327439557,0,0.9000654861546251,1.3229491373161797,1.5775179993703097,-0.0015570225323345737
no_incident_control,358,column_shuffled,0.353194381597154,0.6577237364674436,0.8831273327439557,0,0.9015845533594001,1.329117687327548,1.5550622816042465,-0.0012833477792459746
no_incident_control,358,incident_stratified,0.353194381597154,0.6577237364674436,0.8831273327439557,0,0.9015845533594001,1.329117687327548,1.5550622816042465,-0.0012833477792459746
no_incident_control,359,row_preserved,0.3544242930832588,0.6492906521310037,0.9254873511629292,0,0.8946188948997985,1.299468424632892,1.5429992055403963,0.0018339373109855048
no_incident_control,359,column_shuffled,0.35260042781892914,0.6492906521310037,0.9254873511629292,0,0.8968691519149536,1.3012938022797758,1.5358926866945457,-0.006042670246057234
no_incident_control,359,incident_stratified,0.35260042781892914,0.6492906521310037,0.9254873511629292,0,0.8968691519149536,1.3012938022797758,1.5358926866945457,-0.006042670246057234
no_incident_control,360,row_preserved,0.3565236219834179,0.6649214903520184,0.89781110751602,0.0004,0.8937814088825476,1.3219991658256787,1.5745201709691887,0.004732302566911919
no_incident_control,360,column_shuffled,0.3585611335116471,0.6639663807365247,0.89781110751602,0.0004,0.8947209771292977,1.3074410710545192,1.5585517619970495,-0.007891260588470013
no_incident_control,360,incident_stratified,0.3585611335116471,0.6639663807365247,0.89781110751602,0.0004,0.8947209771292977,1.3074410710545192,1.5585517619970495,-0.007891260588470013
no_incident_control,361,row_preserved,0.35761566132677924,0.6665326678412677,0.8882936072090013,0,0.8956172415957422,1.3104394043451135,1.5738592930143538,-0.011105555286229854
no_incident_control,361,column_shuffled,0.35592349494158015,0.6681287026800278,0.8882936072090013,0,0.8952882203746495,1.3197684806823182,1.5604197354514766,0.006298293498061845
no_incident_control,361,incident_stratified,0.35592349494158015,0.6681287026800278,0.8882936072090013,0,0.8952882203746495,1.3197684806823182,1.5604197354514766,0.006298293498061845
no_incident_control,362,row_preserved,0.3524942731149003,0.6705227224562942,0.8808798456691578,0.0002,0.8982595723019069,1.3177319329860948,1.5621431631784244,0.002985467477424128
no_incident_control,362,column_shuffled,0.35321508631904064,0.669973821470917,0.8808798456691578,0.0002,0.8982898408795301,1.3165449738895165,1.550140749285068,0.000368459909621595
no_incident_control,362,incident_stratified,0.35321508631904064,0.669973821470917,0.8808798456691578,0.0002,0.8982898408795301,1.3165449738895165,1.550140749285068,0.000368459909621595
no_incident_control,363,row_preserved,0.3553818884413661,0.6738267765150318,0.9161503027611656,0.0004,0.8941271231320347,1.3101464111194183,1.5779848184066794,-0.0018247802337256313
no_incident_control,363,column_shuffled,0.3553525727702448,0.6728954490336807,0.9161503027611656,0.0004,0.8956206823576609,1.322161789088384,1.5804824341513366,0.0010109112726490767
no_incident_control,363,incident_stratified,0.3553525727702448,0.6728954490336807,0.9161503027611656,0.0004,0.8956206823576609,1.322161789088384,1.5804824341513366,0.0010109112726490767
no_incident_control,364,row_preserved,0.3559096162518266,0.6701761216098172,0.9062416474497416,0,0.897197524671709,1.3144576906811043,1.5722320527406817,0.0007164918745897871
no_incident_control,364,column_shuffled,0.3555307702058046,0.6695931015585392,0.9062416474497416,0,0.8953931085398279,1.326955337179422,1.5671101291080944,0.005444639388745102
no_incident_control,364,incident_stratified,0.3555307702058046,0.6695931015585392,0.9062416474497416,0,0.8953931085398279,1.326955337179422,1.5671101291080944,0.005444639388745102
no_incident_control,365,row_preserved,0.35568154759829745,0.6504378441908998,0.839701743539752,0,0.8997737793565042,1.3067420462248323,1.520370192999752,0.002960188205851873
no_incident_control,365,column_shuffled,0.3567148446061035,0.6503572598111916,0.839701743539752,0,0.895135090918496,1.3061420572855207,1.5413791762774833,0.006359861290124012
no_incident_control,365,incident_stratified,0.3567148446061035,0.6503572598111916,0.839701743539752,0,0.895135090918496,1.3061420572855207,1.5413791762774833,0.006359861290124012
no_incident_control,366,row_preserved,0.3577613776985413,0.6541447490133855,0.9116443263850795,0.0002,0.8949632280038741,1.3179424483673585,1.5646437811231635,-0.003938381233745168
no_incident_control,366,column_shuffled,0.35851109408057363,0.6542747122537276,0.9116443263850795,0.0002,0.8992806168812897,1.3081232663505993,1.5643111236827114,-0.001950960527137247
no_incident_control,366,incident_stratified,0.35851109408057363,0.6542747122537276,0.9116443263850795,0.0002,0.8992806168812897,1.3081232663505993,1.5643111236827114,-0.001950960527137247
no_incident_control,367,row_preserved,0.35935590670969453,0.6538020544994068,0.8820217285072317,0.0002,0.8992683903981187,1.3016402325173768,1.5493719762810272,-0.008422017653067073
no_incident_control,367,column_shuffled,0.3573085237626952,0.6538020544994068,0.8820217285072317,0.0002,0.8997865463431624,1.2996947413979516,1.5427075607047176,-0.005900147476612339
no_incident_control,367,incident_stratified,0.3573085237626952,0.6538020544994068,0.8820217285072317,0.0002,0.8997865463431624,1.2996947413979516,1.5427075607047176,-0.005900147476612339
no_incident_control,368,row_preserved,0.3595900481443334,0.6601013141549426,0.8777954633215181,0.0006,0.8981434794857271,1.3097016217058033,1.5227909207691825,-0.0019727075576332653
no_incident_control,368,column_shuffled,0.3599316355326432,0.6611127869133088,0.8777954633215181,0.0006,0.8981088766888103,1.3182980755973304,1.5625383241034032,0.004038778598487368
no_incident_control,368,incident_stratified,0.3599316355326432,0.6611127869133088,0.8777954633215181,0.0006,0.8981088766888103,1.3182980755973304,1.5625383241034032,0.004038778598487368
no_incident_control,369,row_preserved,0.35715075791762446,0.6677068374028476,0.8926820512283589,0.0004,0.8977316008268956,1.3206108388255942,1.5960165850475136,-0.00581368673790722
no_incident_control,369,column_shuffled,0.35765838994804144,0.6677068374028476,0.8926820512283589,0.0004,0.8998234926285962,1.3165162298786175,1.5730694494225899,0.001957222418503072
no_incident_control,369,incident_stratified,0.35765838994804144,0.6677068374028476,0.8926820512283589,0.0004,0.8998234926285962,1.3165162298786175,1.5730694494225899,0.001957222418503072
no_incident_control,370,row_preserved,0.3561871621731234,0.6600933528179385,0.914769173385463,0,0.8925552338444072,1.3170506675878233,1.5745317230297293,0.0032122659262222874
no_incident_control,370,column_shuffled,0.35486918802833767,0.6601089872683461,0.914769173385463,0,0.8934246159899597,1.3229597439976837,1.552370549221884,-0.005721536154724073
no_incident_control,370,incident_stratified,0.35486918802833767,0.6601089872683461,0.914769173385463,0,0.8934246159899597,1.3229597439976837,1.552370549221884,-0.005721536154724073
no_incident_control,371,row_preserved,0.35726671469801824,0.6652365436708998,0.8955523182117778,0.0002,0.8976155126820865,1.3287673098681236,1.5597544236625627,0.002780477903337118
no_incident_control,371,column_shuffled,0.356967630743363,0.6652365436708998,0.8955523182117778,0.0002,0.8962474232574751,1.316107857509718,1.5450209774395172,-0.009014922455599839
no_incident_control,371,incident_stratified,0.356967630743363,0.6652365436708998,0.8955523182117778,0.0002,0.8962474232574751,1.316107857509718,1.5450209774395172,-0.009014922455599839
no_incident_control,372,row_preserved,0.35590230733244665,0.6514286165818766,0.8491289412602926,0.0002,0.8957160468137229,1.3016542560380122,1.5297939093091504,-0.0029932433111135217
no_incident_control,372,column_shuffled,0.3566666356832967,0.6513053510427087,0.8491289412602926,0.0002,0.8963947595780968,1.310501432644963,1.5365075415927025,-0.0015699642766696831
no_incident_control,372,incident_stratified,0.3566666356832967,0.6513053510427087,0.8491289412602926,0.0002,0.8963947595780968,1.310501432644963,1.5365075415927025,-0.0015699642766696831
no_incident_control,373,row_preserved,0.3576597022456742,0.6657626844365627,0.9104067753865692,0.0004,0.8985423884536954,1.3164669942188547,1.5616517113719839,-0.000742430964088929
no_incident_control,373,column_shuffled,0.35649179767560885,0.6644649238508682,0.9104067753865692,0.0004,0.8992547021109688,1.3274680396618055,1.5730193393565983,0.005120723785723614
no_incident_control,373,incident_stratified,0.35649179767560885,0.6644649238508682,0.9104067753865692,0.0004,0.8992547021109688,1.3274680396618055,1.5730193393565983,0.005120723785723614
no_incident_control,374,row_preserved,0.3568631264471046,0.6564913852381759,0.9237363022863532,0.0008,0.8913845778412084,1.3052914919205583,1.5705203636728493,-0.008516593916147586
no_incident_control,374,column_shuffled,0.35515944121690746,0.6564913852381759,0.9237363022863532,0.0008,0.8969054483734987,1.3089374418304272,1.6078242882746108,-0.0018716660042435614
no_incident_control,374,incident_stratified,0.35515944121690746,0.6564913852381759,0.9237363022863532,0.0008,0.8969054483734987,1.3089374418304272,1.6078242882746108,-0.0018716660042435614
no_incident_control,375,row_preserved,0.35629051851096727,0.6692648826757154,0.8491836353411298,0.0002,0.8921098269290622,1.3083395478759567,1.5289988803762848,-0.009114734998025233
no_incident_control,375,column_shuffled,0.35531452165844746,0.6692648826757154,0.8491836353411298,0.0002,0.8940346702183072,1.317343092960206,1.5409687611304386,0.006991414429707468
no_incident_control,375,incident_stratified,0.35531452165844746,0.6692648826757154,0.8491836353411298,0.0002,0.8940346702183072,1.317343092960206,1.5409687611304386,0.006991414429707468
no_incident_control,376,row_preserved,0.3522817169463546,0.6396444927260914,0.847943803368074,0.0002,0.8860878861626964,1.2716767928407964,1.4934776801272736,-0.0071533624245983226
no_incident_control,376,column_shuffled,0.3533396842247696,0.6397782903015006,0.847943803368074,0.0002,0.8840357541725767,1.2815705072586683,1.5096882951799384,-0.0019207024531462966
no_incident_control,376,incident_stratified,0.3533396842247696,0.6397782903015006,0.847943803368074,0.0002,0.8840357541725767,1.2815705072586683,1.5096882951799384,-0.0019207024531462966
no_incident_control,377,row_preserved,0.3577102634742859,0.6753576525845959,0.8764356091536354,0,0.902426505494557,1.3128524073587147,1.5452657710188222,-0.009649458909759432
no_incident_control,377,column_shuffled,0.3566694217476895,0.6794045218339384,0.8764356091536354,0,0.9001571011419012,1.322544464715821,1.5881410452414708,0.010024444386759954
no_incident_control,377,incident_stratified,0.3566694217476895,0.6794045218339384,0.8764356091536354,0,0.9001571011419012,1.322544464715821,1.5881410452414708,0.010024444386759954
no_incident_control,378,row_preserved,0.3529401930571965,0.6710955280661453,0.8887827498947435,0.0002,0.8927460141801351,1.3203691144750893,1.5708283532029759,-0.004669025157391744
no_incident_control,378,column_shuffled,0.35158147408954465,0.6710955280661453,0.8887827498947435,0.0002,0.8913771744720851,1.3220922645624336,1.5904704566492467,0.007036615516938116
no_incident_control,378,incident_stratified,0.35158147408954465,0.6710955280661453,0.8887827498947435,0.0002,0.8913771744720851,1.3220922645624336,1.5904704566492467,0.007036615516938116
no_incident_control,379,row_preserved,0.35459245883707546,0.6802018702239431,0.9068044922730298,0.0002,0.8939077282863528,1.3248435195306152,1.6289226314928513,0.0036071813949296104
no_incident_control,379,column_shuffled,0.3559759236244553,0.6803511257831449,0.9068044922730298,0.0002,0.8944401830479471,1.3287366012090756,1.605649202766878,0.002880396596887653
no_incident_control,379,incident_stratified,0.3559759236244553,0.6803511257831449,0.9068044922730298,0.0002,0.8944401830479471,1.3287366012090756,1.605649202766878,0.002880396596887653
no_incident_control,380,row_preserved,0.35578867436100114,0.6733510075304274,0.9056462345941504,0.0004,0.8951508339725679,1.3178079211328646,1.5540591828751804,-0.0029953620751331164
no_incident_control,380,column_shuffled,0.35584141947612113,0.6739142223092259,0.9056462345941504,0.0004,0.8951245458629156,1.3121611072360149,1.544400836178007,-0.012266306330176458
no_incident_control,380,incident_stratified,0.35584141947612113,0.6739142223092259,0.9056462345941504,0.0004,0.8951245458629156,1.3121611072360149,1.544400836178007,-0.012266306330176458
no_incident_control,381,row_preserved,0.3571677771558667,0.6584556440095894,0.8859201879608368,0.0002,0.8975709501790521,1.319854792577779,1.5429766271656433,0.0055509297738554125
no_incident_control,381,column_shuffled,0.3557541385430134,0.6584556440095894,0.8859201879608368,0.0002,0.8963032258387741,1.3113653040714266,1.548552315699268,-0.0026614429360243327
no_incident_control,381,incident_stratified,0.3557541385430134,0.6584556440095894,0.8859201879608368,0.0002,0.8963032258387741,1.3113653040714266,1.548552315699268,-0.0026614429360243327
no_incident_control,382,row_preserved,0.35576303631635603,0.6646157299134998,0.8839447721086356,0.0002,0.8939507857347113,1.3055919037260582,1.5339027342596223,-0.0007964993254777871
no_incident_control,382,column_shuffled,0.35447371862573507,0.6646157299134998,0.8901411687411099,0.0002,0.8941651272074533,1.302101669850475,1.5695575554596664,0.004191605774101023
no_incident_control,382,incident_stratified,0.35447371862573507,0.6646157299134998,0.8901411687411099,0.0002,0.8941651272074533,1.302101669850475,1.5695575554596664,0.004191605774101023
no_incident_control,383,row_preserved,0.35745136865721316,0.6718100237949167,0.9190712493501606,0.0002,0.8965995825693335,1.3250206241504632,1.5647527097461127,0.001017737768423083
no_incident_control,383,column_shuffled,0.3587782297997041,0.6715818496461522,0.9190712493501606,0.0002,0.9010295450413583,1.3253772625634652,1.5855895910811477,0.004549636937064655
no_incident_control,383,incident_stratified,0.3587782297997041,0.6715818496461522,0.9190712493501606,0.0002,0.9010295450413583,1.3253772625634652,1.5855895910811477,0.004549636937064655
no_incident_control,384,row_preserved,0.3581792840847674,0.6656380328385894,0.9079962597723532,0.0002,0.8983926304363636,1.3110482045058878,1.5614223304640302,-0.00091675014081199
no_incident_control,384,column_shuffled,0.35722804353291515,0.6659192370234801,0.9079962597723532,0.0002,0.8958198167272673,1.3122141927450615,1.5836344998640275,0.0002971924457068585
no_incident_control,384,incident_stratified,0.35722804353291515,0.6659192370234801,0.9079962597723532,0.0002,0.8958198167272673,1.3122141927450615,1.5836344998640275,0.0002971924457068585
no_incident_control,385,row_preserved,0.3556176606263991,0.6473972905953056,0.8921704037698226,0.0002,0.896136920688019,1.2964517601988428,1.5598815722612285,-0.005897085709095903
no_incident_control,385,column_shuffled,0.35625186241572726,0.6499274673912842,0.8921704037698226,0.0002,0.8952072712977887,1.3073215920342696,1.5476562864614913,0.0002414703205164178
no_incident_control,385,incident_stratified,0.35625186241572726,0.6499274673912842,0.8921704037698226,0.0002,0.8952072712977887,1.3073215920342696,1.5476562864614913,0.0002414703205164178
no_incident_control,386,row_preserved,0.35388406239706993,0.664759449428817,0.8917824460888686,0.0006,0.8889621190634627,1.3132486665561547,1.5714937576994568,0.0035520674303153605
no_incident_control,386,column_shuffled,0.35388406239706993,0.6654488620285235,0.8917824460888686,0.0006,0.8913729754069355,1.3120951582103915,1.5396487296338788,-0.0004854052186722016
no_incident_control,386,incident_stratified,0.35388406239706993,0.6654488620285235,0.8917824460888686,0.0006,0.8913729754069355,1.3120951582103915,1.5396487296338788,-0.0004854052186722016
no_incident_control,387,row_preserved,0.3556325105411654,0.6648874216745357,0.8735542526048815,0,0.8945663208001914,1.3127987130775267,1.5347507830885054,-0.002224961344110808
no_incident_control,387,column_shuffled,0.3555063069710485,0.6645087937658684,0.8735542526048815,0,0.8942299637131885,1.3066771985438512,1.5320631226666228,-0.007182897865780267
no_incident_control,387,incident_stratified,0.3555063069710485,0.6645087937658684,0.8735542526048815,0,0.8942299637131885,1.3066771985438512,1.5320631226666228,-0.007182897865780267
no_incident_control,388,row_preserved,0.35463280079252474,0.660590033051964,0.8900010347631546,0.0002,0.8951895546885741,1.3072763580382252,1.5310512901052178,-0.0009418720065901795
no_incident_control,388,column_shuffled,0.354282635323235,0.6600066826082085,0.8900010347631546,0.0002,0.8939595143387185,1.308151888634485,1.5547882590265583,0.004814421184333478
no_incident_control,388,incident_stratified,0.354282635323235,0.6600066826082085,0.8900010347631546,0.0002,0.8939595143387185,1.308151888634485,1.5547882590265583,0.004814421184333478
no_incident_control,389,row_preserved,0.3541890487601325,0.6570579022882066,0.8777847371269301,0.0004,0.8903566957302234,1.30830776985628,1.557724528543367,0.000038241308853833915
no_incident_control,389,column_shuffled,0.354340666919451,0.6570579022882066,0.8777847371269301,0.0004,0.8929763333732867,1.309952379595316,1.5311413081480434,-0.01441073981241791
no_incident_control,389,incident_stratified,0.354340666919451,0.6570579022882066,0.8777847371269301,0.0004,0.8929763333732867,1.309952379595316,1.5311413081480434,-0.01441073981241791
no_incident_control,390,row_preserved,0.35960507440402006,0.6535648680569781,0.8722526293851567,0.0002,0.9014721166290132,1.3079367599984142,1.5599999265414564,-0.0036993734793310854
no_incident_control,390,column_shuffled,0.3596290302191669,0.6535648680569781,0.8722526293851567,0.0002,0.8997776324455333,1.3058738264337908,1.5486888583121172,-0.0072469580123597265
no_incident_control,390,incident_stratified,0.3596290302191669,0.6535648680569781,0.8722526293851567,0.0002,0.8997776324455333,1.3058738264337908,1.5486888583121172,-0.0072469580123597265
no_incident_control,391,row_preserved,0.35442890458306675,0.646586541346706,0.861342548878995,0.0004,0.8969628746643639,1.3071173745345743,1.5057371424365118,-0.003953405518041082
no_incident_control,391,column_shuffled,0.35400330783565903,0.6464403890047654,0.861342548878995,0.0004,0.8942901443409731,1.301619250958533,1.5592548968160203,-0.006958745381175694
no_incident_control,391,incident_stratified,0.35400330783565903,0.6464403890047654,0.861342548878995,0.0004,0.8942901443409731,1.301619250958533,1.5592548968160203,-0.006958745381175694
no_incident_control,392,row_preserved,0.3552896613598715,0.6646757495778527,0.8573232069818945,0.0002,0.8946110343587491,1.3024474842249907,1.5206083595387299,-0.009365012236211622
no_incident_control,392,column_shuffled,0.35492174307357416,0.6643286857885653,0.8562524072589437,0.0002,0.8942679482069043,1.305538103889175,1.5598180888664144,0.014173507808534241
no_incident_control,392,incident_stratified,0.35492174307357416,0.6643286857885653,0.8562524072589437,0.0002,0.8942679482069043,1.305538103889175,1.5598180888664144,0.014173507808534241
no_incident_control,393,row_preserved,0.35908953741680627,0.6529439544773752,0.8658933263190288,0,0.8978205880705905,1.3094224988979073,1.5366528238705253,0.0006401300896722034
no_incident_control,393,column_shuffled,0.3596049008104938,0.6529439544773752,0.8655786619856243,0,0.9006229628616159,1.3040461081162542,1.5351663702003935,-0.003984639576522678
no_incident_control,393,incident_stratified,0.3596049008104938,0.6529439544773752,0.8655786619856243,0,0.9006229628616159,1.3040461081162542,1.5351663702003935,-0.003984639576522678
no_incident_control,394,row_preserved,0.3547981993566238,0.6500779454090193,0.8454785911172444,0.0002,0.8911966199116272,1.2928641233753135,1.549007512282396,-0.0013497074528849163
no_incident_control,394,column_shuffled,0.35458859574094526,0.6515245763941595,0.8454785911172444,0.0002,0.8903257228351625,1.301678800688032,1.499311594309542,-0.003470943516796598
no_incident_control,394,incident_stratified,0.35458859574094526,0.6515245763941595,0.8454785911172444,0.0002,0.8903257228351625,1.301678800688032,1.499311594309542,-0.003470943516796598
no_incident_control,395,row_preserved,0.35456230148089607,0.665100571206554,0.8887819107503362,0,0.8976237354271255,1.3097591404115365,1.5482000951455088,-0.0018620127998493219
no_incident_control,395,column_shuffled,0.3555876399387886,0.6654314875078037,0.8887819107503362,0,0.8966568540077645,1.3104753080745737,1.5335477073702333,-0.0005459684154044475
no_incident_control,395,incident_stratified,0.3555876399387886,0.6654314875078037,0.8887819107503362,0,0.8966568540077645,1.3104753080745737,1.5335477073702333,-0.0005459684154044475
no_incident_control,396,row_preserved,0.35083079064652106,0.6661296284483373,0.8731588127694407,0.0002,0.8901267092666825,1.3064427148457884,1.545487158480774,0.00018730885022937276
no_incident_control,396,column_shuffled,0.35102873472080653,0.6664763480853324,0.8731588127694407,0.0002,0.8904317901539754,1.3093208530166645,1.539672532821072,-0.007417672214944914
no_incident_control,396,incident_stratified,0.35102873472080653,0.6664763480853324,0.8731588127694407,0.0002,0.8904317901539754,1.3093208530166645,1.539672532821072,-0.007417672214944914
no_incident_control,397,row_preserved,0.3564328200051222,0.6651205025360064,0.8747369625806517,0,0.902144778676385,1.328030256022068,1.5587159197304343,-0.0022377311619564627
no_incident_control,397,column_shuffled,0.35601404438906364,0.6657040543136127,0.8747369625806517,0,0.8988181569659632,1.326137235358235,1.5583054785566814,0.004794897699240145
no_incident_control,397,incident_stratified,0.35601404438906364,0.6657040543136127,0.8747369625806517,0,0.8988181569659632,1.326137235358235,1.5583054785566814,0.004794897699240145
no_incident_control,398,row_preserved,0.3522212703252235,0.6556284203098277,0.9147733892463913,0.0004,0.8932615484513113,1.3071532624478213,1.557827008218089,0.00045537120792092076
no_incident_control,398,column_shuffled,0.3514936714059201,0.6556284203098277,0.9147733892463913,0.0004,0.8922364502332039,1.3117206542097104,1.578258164189456,0.004487774439154926
no_incident_control,398,incident_stratified,0.3514936714059201,0.6556284203098277,0.9147733892463913,0.0004,0.8922364502332039,1.3117206542097104,1.578258164189456,0.004487774439154926
no_incident_control,399,row_preserved,0.3533753122225864,0.664633349778773,0.8537744592424227,0.0002,0.8953687942089968,1.3083011661026966,1.56179084339428,0.001635777369423208
no_incident_control,399,column_shuffled,0.3530422708552704,0.6648019113178398,0.8537744592424227,0.0002,0.8906589989946644,1.3138955055531787,1.5592957739839224,-0.005851047241627236
no_incident_control,399,incident_stratified,0.3530422708552704,0.6648019113178398,0.8537744592424227,0.0002,0.8906589989946644,1.3138955055531787,1.5592957739839224,-0.005851047241627236
